season,week,celebrity_name,judge_score_final_percent,fan_votes_relative_percent,judge_weight,fan_weight,total_score
1,2,Evander Holyfield,0.113575722053002,0.0,0.5454816671291636,0.45451833287083643,0.06195347421087004
1,2,Joey McIntyre,0.1703635830795031,0.1973927969217804,0.5454816671291636,0.45451833287083643,0.18264885629390432
1,2,John O'Hurley,0.2273745361817473,0.2511968282990821,0.5454816671291636,0.45451833287083643,0.23820220468008035
1,2,Kelly Monaco,0.1386422370405515,0.1646189783869013,0.5454816671291636,0.45451833287083643,0.15044914221071135
1,2,Rachel Hunter,0.1952082710308202,0.2062510588859157,0.5454816671291636,0.45451833287083643,0.20022742055696452
1,2,Trista Sutter,0.1548356506143757,0.1805403375063203,0.5454816671291636,0.45451833287083643,0.16651890204746922
1,3,Evander Holyfield,0.1200009594708843,0.0,0.6295201203769031,0.3704798796230969,0.07554301845145495
1,3,Joey McIntyre,0.2037927305978864,0.2261748718956778,0.6295201203769031,0.3704798796230969,0.21208486361159934
1,3,John O'Hurley,0.2389107503889511,0.3042064647900641,0.6295201203769031,0.3704798796230969,0.2631014988001795
1,3,Kelly Monaco,0.1952046529825692,0.1807074727802125,0.6295201203769031,0.3704798796230969,0.18983373940632575
1,3,Rachel Hunter,0.2420909065597089,0.2889111905340455,0.6295201203769031,0.3704798796230969,0.2594368797304404
1,4,Joey McIntyre,0.2140912652420362,0.0,0.75,0.25,0.16056844893152716
1,4,John O'Hurley,0.2410552132768063,0.304483361746007,0.75,0.25,0.2569122503941065
1,4,Kelly Monaco,0.278260309415402,0.402166725053784,0.75,0.25,0.3092369133249975
1,4,Rachel Hunter,0.2665932120657554,0.2933499132002088,0.75,0.25,0.27328238734936877
2,1,Drew Lachey,0.1212115781030167,0.1596052415901271,0.5455057249846661,0.4544942750153339,0.13866127835477365
2,1,George Hamilton,0.0998241145400861,0.0,0.5455057249846661,0.4544942750153339,0.05445462597314202
2,1,Giselle Fernandez,0.1164269099167586,0.1386976239030831,0.5455057249846661,0.4544942750153339,0.126548821924047
2,1,Jerry Rice,0.1060601308401396,0.1032561563082125,0.5455057249846661,0.4544942750153339,0.10478574046808993
2,1,Kenny Mayne,0.0703550458613673,0.078420564450021,0.5455057249846661,0.4544942750153339,0.07402077788494016
2,1,Lisa Rinna,0.0964907944676235,0.0958149771414569,0.5455057249846661,0.4544942750153339,0.09618363936192462
2,1,Master P,0.0606057890515083,0.0452339358890331,0.5455057249846661,0.4544942750153339,0.05361936979278696
2,1,Stacy Keibler,0.1113232646488594,0.1284197121194416,0.5455057249846661,0.4544942750153339,0.11909350214733938
2,1,Tatum O'Neal,0.1164269099167586,0.1361647216763349,0.5455057249846661,0.4544942750153339,0.12539763236281637
2,1,Tia Carrere,0.1012754626538815,0.1143870669222893,0.5455057249846661,0.4544942750153339,0.10723461173013946
2,2,Drew Lachey,0.1334138054914976,0.161797094151792,0.5754234310345223,0.4245765689654777,0.14546468480684216
2,2,George Hamilton,0.1191512356160564,0.1115872869975924,0.5754234310345223,0.4245765689654777,0.11593976026379779
2,2,Giselle Fernandez,0.1185900493257757,0.1360690758302553,0.5754234310345223,0.4245765689654777,0.1260112344279043
2,2,Jerry Rice,0.1140370373803236,0.1207608700636809,0.5754234310345223,0.4245765689654777,0.11689181919132138
2,2,Lisa Rinna,0.0992132812146017,0.0893343060154296,0.5754234310345223,0.4245765689654777,0.09501889981964216
2,2,Master P,0.0786717927740618,0.0857516627109658,0.5754234310345223,0.4245765689654777,0.08167773966059433
2,2,Stacy Keibler,0.1436845497117675,0.1652209727112096,0.5754234310345223,0.4245765689654777,0.15282841029665983
2,2,Tatum O'Neal,0.0843895250488797,0.0,0.5754234310345223,0.4245765689654777,0.04855971004700012
2,2,Tia Carrere,0.1088487234370357,0.1294787315190742,0.5754234310345223,0.4245765689654777,0.11760774148623769
2,3,Drew Lachey,0.146601975579128,0.2439527070366561,0.6085261268356332,0.39147387316436677,0.18471224347819068
2,3,George Hamilton,0.131441469582156,0.0531250785787371,0.6085261268356332,0.39147387316436677,0.10078264866379263
2,3,Giselle Fernandez,0.1194922450746873,0.1265480370809921,0.6085261268356332,0.39147387316436677,0.1222544032996376
2,3,Jerry Rice,0.1030867862019241,0.0,0.6085261268356332,0.39147387316436677,0.06273100273538987
2,3,Lisa Rinna,0.1357813534723682,0.1587215315007588,0.6085261268356332,0.39147387316436677,0.14476183381622237
2,3,Master P,0.0758607052224012,0.0051238202560255,0.6085261268356332,0.39147387316436677,0.04816906288903183
2,3,Stacy Keibler,0.146601975579128,0.2263464806944448,0.6085261268356332,0.39147387316436677,0.1778198658601967
2,3,Tia Carrere,0.141133489288207,0.1861823448523853,0.6085261268356332,0.39147387316436677,0.158768939257538
2,4,Drew Lachey,0.1749999997128913,0.2540600212995829,0.6444740506505452,0.3555259493494548,0.20310788894308823
2,4,George Hamilton,0.1443749997631354,0.0321119841277919,0.6444740506505452,0.3555259493494548,0.10446258455254721
2,4,Jerry Rice,0.1499999997539068,0.1247524451131949,0.6444740506505452,0.3555259493494548,0.14102383892151546
2,4,Lisa Rinna,0.1624999997333991,0.2011037685948359,0.6444740506505452,0.3555259493494548,0.17622464130632834
2,4,Master P,0.049375001559615,0.0,0.6444740506505452,0.3555259493494548,0.03182090725600207
2,4,Stacy Keibler,0.162812498912576,0.2161410720945062,0.6444740506505452,0.3555259493494548,0.18177219052053362
2,4,Tia Carrere,0.155937500564476,0.171830708770088,0.6444740506505452,0.3555259493494548,0.16158794849998476
2,5,Drew Lachey,0.1757812507724735,0.2836891690182596,0.679098151376998,0.320901848623002,0.210409101218606
2,5,George Hamilton,0.1718750007553075,0.1802874847887889,0.679098151376998,0.320901848623002,0.17457458243316318
2,5,Jerry Rice,0.1501464836615348,0.0,0.679098151376998,0.320901848623002,0.10196419949030491
2,5,Lisa Rinna,0.1635742167222568,0.208288895594861,0.679098151376998,0.320901848623002,0.17792323983305938
2,5,Stacy Keibler,0.1953125008583039,0.2992892756220027,0.679098151376998,0.320901848623002,0.22867884009383233
2,5,Tia Carrere,0.1433105472301233,0.0284451749760877,0.679098151376998,0.320901848623002,0.10645003693103398
2,6,Drew Lachey,0.2213858775109629,0.3979873330785279,0.7143794384122791,0.28562056158772087,0.27182688442737973
2,6,George Hamilton,0.1875138336857276,0.0,0.7143794384122791,0.28562056158772087,0.13395602720294358
2,6,Jerry Rice,0.1704671215324796,0.0921046134577009,0.7143794384122791,0.28562056158772087,0.148085177968739
2,6,Lisa Rinna,0.1992472897598667,0.1351726128803801,0.7143794384122791,0.28562056158772087,0.18094624456599598
2,6,Stacy Keibler,0.2213858775109629,0.374735440583391,0.7143794384122791,0.28562056158772087,0.2651856658349414
2,7,Drew Lachey,0.2694852946691151,0.4789230301873172,0.75,0.25,0.32184472854866564
2,7,Jerry Rice,0.2011029406250024,0.0,0.75,0.25,0.15082720546875178
2,7,Lisa Rinna,0.2599264700367671,0.0698238607319117,0.75,0.25,0.21240081771055325
2,7,Stacy Keibler,0.2694852946691151,0.451253109080771,0.75,0.25,0.31492724827202906
3,1,Emmitt Smith,0.1117987429452187,0.1250837046990819,0.527090498142375,0.47290950185762504,0.11808132759043574
3,1,Harry Hamlin,0.0851957990064143,0.086156248172721,0.527090498142375,0.47290950185762504,0.08565000454321198
3,1,Jerry Springer,0.0812746973732397,0.0542639486060775,0.527090498142375,0.47290950185762504,0.06850105762895956
3,1,Joey Lawrence,0.0978239000770664,0.1054094194360682,0.527090498142375,0.47290950185762504,0.1014111642584633
3,1,Mario Lopez,0.1209522654273811,0.1274600396099652,0.527090498142375,0.47290950185762504,0.12402985367426886
3,1,Monique Coleman,0.088530629512099,0.1027059753951543,0.527090498142375,0.47290950185762504,0.09523428527231423
3,1,Sara Evans,0.0698742143407617,0.0859931524144896,0.527090498142375,0.47290950185762504,0.07749701331568226
3,1,Shanna Moakler,0.0834996870019015,0.0820341715803147,0.527090498142375,0.47290950185762504,0.08280663083391421
3,1,Tucker Carlson,0.0556897493484018,0.0,0.527090498142375,0.47290950185762504,0.029353537725473104
3,1,Vivica A. Fox,0.1028548425872639,0.1107027206956102,0.527090498142375,0.47290950185762504,0.1065661787141213
3,1,Willa Ford,0.1025054723802513,0.1201906193905171,0.527090498142375,0.47290950185762504,0.11086894644315498
3,2,Emmitt Smith,0.1028382847776779,0.1385892599619257,0.575374846229439,0.424625153770561,0.11801904811273663
3,2,Harry Hamlin,0.0965796864728484,0.0872674441963161,0.575374846229439,0.424625153770561,0.09262547416422715
3,2,Jerry Springer,0.0888224401259184,0.0395003048021311,0.575374846229439,0.424625153770561,0.0678790208297628
3,2,Joey Lawrence,0.1243947709381559,0.1482337414381202,0.575374846229439,0.424625153770561,0.13451739745243513
3,2,Mario Lopez,0.0901812644281609,0.1077294911112113,0.575374846229439,0.424625153770561,0.09763268288185184
3,2,Monique Coleman,0.1115399853409462,0.1399057143322589,0.575374846229439,0.424625153770561,0.12358478737569642
3,2,Sara Evans,0.0899834991804681,0.0962643803677272,0.575374846229439,0.424625153770561,0.09265051932042262
3,2,Shanna Moakler,0.0943343494621023,0.0,0.575374846229439,0.424625153770561,0.05427761181591127
3,2,Vivica A. Fox,0.1028382847776779,0.1257336138881708,0.575374846229439,0.424625153770561,0.11256021742184855
3,2,Willa Ford,0.0984874344960437,0.1167760499021385,0.575374846229439,0.424625153770561,0.10625324062510735
3,3,Emmitt Smith,0.090329013367665,0.0711528733746753,0.6103107058183478,0.3896892941816522,0.08285627690866829
3,3,Harry Hamlin,0.1117557827454049,0.0,0.6103107058183478,0.3896892941816522,0.06820575064663
3,3,Jerry Springer,0.1086558848989006,0.0967350901365491,0.6103107058183478,0.3896892941816522,0.1040104788018755
3,3,Joey Lawrence,0.1050130391059795,0.1280958988079178,0.6103107058183478,0.3896892941816522,0.11400818241092195
3,3,Mario Lopez,0.1050130391059795,0.1269649857372851,0.6103107058183478,0.3896892941816522,0.11356747769464628
3,3,Monique Coleman,0.1281515071823404,0.1654959679817271,0.6103107058183478,0.3896892941816522,0.1427042437528478
3,3,Sara Evans,0.1183621566901308,0.1439534036964588,0.6103107058183478,0.3896892941816522,0.12833479167325507
3,3,Vivica A. Fox,0.1281515071823404,0.1568893143541384,0.6103107058183478,0.3896892941816522,0.13935032297544678
3,3,Willa Ford,0.1045680697212585,0.1107124659112481,0.6103107058183478,0.3896892941816522,0.10696247513570797
3,4,Emmitt Smith,0.1200568045066967,0.167829366032199,0.6378616377233385,0.3621383622766615,0.13735708169930316
3,4,Jerry Springer,0.119833550834752,0.0441391535847248,0.6378616377233385,0.3621383622766615,0.09242170578110812
3,4,Joey Lawrence,0.1350639050700338,0.170975851411585,0.6378616377233385,0.3621383622766615,0.1480689985043305
3,4,Mario Lopez,0.1450061094746265,0.2238266818515767,0.6378616377233385,0.3621383622766615,0.1735500624689243
3,4,Monique Coleman,0.1200568045066967,0.1502930123319224,0.6378616377233385,0.3621383622766615,0.1310064952899807
3,4,Sara Evans,0.0999848077846152,0.0261486870897848,0.6378616377233385,0.3621383622766615,0.0732459159593274
3,4,Vivica A. Fox,0.1200568045066967,0.0,0.6378616377233385,0.3621383622766615,0.07657962994247224
3,4,Willa Ford,0.1399412133158821,0.216787247698207,0.6378616377233385,0.3621383622766615,0.16777011035455325
3,5,Emmitt Smith,0.1474903184234239,0.2394283828552749,0.6664550588508323,0.33354494114916766,0.178155794713714
3,5,Jerry Springer,0.1429173632248592,0.0804065420560309,0.6664550588508323,0.33354494114916766,0.12206719505691623
3,5,Joey Lawrence,0.1360188578161795,0.151695544030055,0.6664550588508323,0.33354494114916766,0.14124773719680056
3,5,Mario Lopez,0.1474903184234239,0.2217983480749998,0.6664550588508323,0.33354494114916766,0.1722753858004694
3,5,Monique Coleman,0.1474903184234239,0.2252443370980525,0.6664550588508323,0.33354494114916766,0.1734247780063642
3,5,Sara Evans,0.1311025052652656,0.0,0.6664550588508323,0.33354494114916766,0.08737392786205414
3,5,Willa Ford,0.1474903184234239,0.0814268458855868,0.6664550588508323,0.33354494114916766,0.12545518136368136
3,7,Emmitt Smith,0.2082022074985801,0.3204709061719565,0.7206723048000652,0.27932769519993483,0.2395619643421103
3,7,Jerry Springer,0.1828364179440671,0.0,0.7206723048000652,0.27932769519993483,0.13176514272113884
3,7,Joey Lawrence,0.2077645800218174,0.308045368904809,0.7206723048000652,0.27932769519993483,0.23577578165333468
3,7,Mario Lopez,0.2042635437966855,0.1994754066278102,0.7206723048000652,0.27932769519993483,0.20292608447700242
3,7,Monique Coleman,0.1969332507388497,0.1720083182954243,0.7206723048000652,0.27932769519993483,0.18997102680641362
3,8,Emmitt Smith,0.2478108578018463,0.3238313023048677,0.75,0.25,0.2668159689276016
3,8,Joey Lawrence,0.2475606709798407,0.3055921755505539,0.75,0.25,0.262068547122519
3,8,Mario Lopez,0.2614460846347793,0.3705765221445783,0.75,0.25,0.28872869401222906
3,8,Monique Coleman,0.2431823865835335,0.0,0.75,0.25,0.18238678993765012
4,2,Apolo Anton Ohno,0.0983532368652397,0.1391704787977163,0.5535400568207127,0.4464599431792873,0.11657650037914842
4,2,Billy Ray Cyrus,0.0907171389504471,0.1030437512950942,0.5535400568207127,0.4464599431792873,0.09622047759743135
4,2,Clyde Drexler,0.0724468724504374,0.0471175450437015,0.5535400568207127,0.4464599431792873,0.06113834237565653
4,2,Heather Mills,0.0965958299339166,0.1210658452185304,0.5535400568207127,0.4464599431792873,0.10752071156748157
4,2,Ian Ziering,0.0885461774394236,0.1154880580700022,0.5535400568207127,0.4464599431792873,0.10057464793489486
4,2,Joey Fatone,0.0965958299339166,0.1286759403847471,0.5535400568207127,0.4464599431792873,0.11091831422297965
4,2,John Ratzenberger,0.0921383510112726,0.0687009275151777,0.5535400568207127,0.4464599431792873,0.08167448024893717
4,2,Laila Ali,0.1086703086756562,0.1437387754654373,0.5535400568207127,0.4464599431792873,0.12432697436600659
4,2,Leeza Gibbons,0.0907171389504471,0.0745418662718066,0.5535400568207127,0.4464599431792873,0.0834955276294318
4,2,Paulina Porizkova,0.084521351192177,0.0,0.5535400568207127,0.4464599431792873,0.04678595354148107
4,2,Shandi Finnessey,0.0806977645970657,0.0584568119377862,0.5535400568207127,0.4464599431792873,0.07076807013655055
4,3,Apolo Anton Ohno,0.0975418292821918,0.1171389500110779,0.5875168814294421,0.41248311857055786,0.10562531075544646
4,3,Billy Ray Cyrus,0.1016783246264614,0.0893247430404427,0.5875168814294421,0.41248311857055786,0.09658268076834459
4,3,Clyde Drexler,0.0719526628067926,0.0689271760719772,0.5875168814294421,0.41248311857055786,0.07070470060322209
4,3,Heather Mills,0.1082673270697855,0.1330459202109123,0.5875168814294421,0.41248311857055786,0.11848807844242851
4,3,Ian Ziering,0.1082673270697855,0.1418727071544237,0.5875168814294421,0.41248311857055786,0.12212897904784598
4,3,Joey Fatone,0.1082673270697855,0.1404189517992738,0.5875168814294421,0.41248311857055786,0.12152932950531509
4,3,John Ratzenberger,0.098353580129974,0.0658360440481641,0.5875168814294421,0.41248311857055786,0.0849406454387184
4,3,Laila Ali,0.0947339111860623,0.1082956126383304,0.5875168814294421,0.41248311857055786,0.10032788409421671
4,3,Leeza Gibbons,0.1162037995730988,0.1351398950253976,0.5875168814294421,0.41248311857055786,0.12401461927881277
4,3,Shandi Finnessey,0.0947339111860623,0.0,0.5875168814294421,0.41248311857055786,0.055657772065649064
4,4,Apolo Anton Ohno,0.1268932345611853,0.1723924396039471,0.6078037595223503,0.39219624047764967,0.1447378517236782
4,4,Billy Ray Cyrus,0.1171537350171821,0.1294566517218447,0.6078037595223503,0.39219624047764967,0.12197889269566045
4,4,Clyde Drexler,0.077673616813263,0.0611646206243821,0.6078037595223503,0.39219624047764967,0.07119885057392406
4,4,Heather Mills,0.1199701637818386,0.1265751028760073,0.6078037595223503,0.39219624047764967,0.1225605960631554
4,4,Ian Ziering,0.1250379533652188,0.160757286553802,0.6078037595223503,0.39219624047764967,0.13904694155414965
4,4,Joey Fatone,0.1451141972207915,0.1745856532523151,0.6078037595223503,0.39219624047764967,0.15667279147775742
4,4,John Ratzenberger,0.0901979989459265,0.0320928465102166,0.6078037595223503,0.39219624047764967,0.06740937660826032
4,4,Laila Ali,0.1091523839422594,0.1429753988574848,0.6078037595223503,0.39219624047764967,0.12241764323363027
4,4,Leeza Gibbons,0.0888067163523343,0.0,0.6078037595223503,0.39219624047764967,0.05397705606978377
4,5,Apolo Anton Ohno,0.1590283831255107,0.1950413540743983,0.6304221393705101,0.36957786062948994,0.17233797988371255
4,5,Billy Ray Cyrus,0.1032594054119026,0.0383975869339346,0.6304221393705101,0.36957786062948994,0.07928791330227686
4,5,Clyde Drexler,0.0733207601512247,0.0,0.6304221393705101,0.36957786062948994,0.046223030474807116
4,5,Heather Mills,0.1186694373661246,0.1337127487289768,0.6304221393705101,0.36957786062948994,0.12422911219639081
4,5,Ian Ziering,0.1356222141327139,0.1486169238371007,0.6304221393705101,0.36957786062948994,0.14042477114476243
4,5,Joey Fatone,0.1411318672175816,0.1707940840150081,0.6304221393705101,0.36957786062948994,0.1520943658431026
4,5,John Ratzenberger,0.1108832886107706,0.1310563122595859,0.6304221393705101,0.36957786062948994,0.11833879153332785
4,5,Laila Ali,0.1580846439841709,0.1823809901509953,0.6304221393705101,0.36957786062948994,0.16706403562161937
4,6,Apolo Anton Ohno,0.1530466358319602,0.2671337194492937,0.6595508537551622,0.3404491462448378,0.1918874860470448
4,6,Billy Ray Cyrus,0.1314504566751287,0.0878323519809724,0.6595508537551622,0.3404491462448378,0.11660071017118524
4,6,Heather Mills,0.1342825339241376,0.0,0.6595508537551622,0.3404491462448378,0.08856615989407149
4,6,Ian Ziering,0.1399687656007567,0.1687627110017713,0.6595508537551622,0.3404491462448378,0.1497716397295526
4,6,Joey Fatone,0.1574648613008513,0.2248663175927824,0.6595508537551622,0.3404491462448378,0.180411629551098
4,6,John Ratzenberger,0.1206356536896948,0.003169922252073,0.6595508537551622,0.3404491462448378,0.08064454570873104
4,6,Laila Ali,0.1631510929774705,0.248234977723107,0.6595508537551622,0.3404491462448378,0.1921178288983166
4,7,Apolo Anton Ohno,0.1622353301158922,0.2208416508350124,0.6905804527151251,0.30941954728487486,0.18036927134083455
4,7,Billy Ray Cyrus,0.1302344770135222,0.0734956508492753,0.6905804527151251,0.30941954728487486,0.11267837510830571
4,7,Ian Ziering,0.1727331943873903,0.2153905983555166,0.6905804527151251,0.30941954728487486,0.18593222901155596
4,7,Joey Fatone,0.1889402582602899,0.2320196742296515,0.6905804527151251,0.30941954728487486,0.20226987164682658
4,7,John Ratzenberger,0.1569164819626153,0.0,0.6905804527151251,0.30941954728487486,0.10836345515220763
4,7,Laila Ali,0.1889402582602899,0.2582524257305439,0.6905804527151251,0.30941954728487486,0.2103867977402693
4,8,Apolo Anton Ohno,0.2176711612255306,0.316711721255072,0.7195731540247573,0.2804268459752427,0.24544479309823658
4,8,Billy Ray Cyrus,0.1627839796698317,0.0,0.7195731540247573,0.2804268459752427,0.11713498167572278
4,8,Ian Ziering,0.187910301968036,0.1812108300125679,0.7195731540247573,0.2804268459752427,0.18603159017786447
4,8,Joey Fatone,0.2197611984990378,0.2778622876369483,0.7195731540247573,0.2804268459752427,0.2360543036737085
4,8,Laila Ali,0.2118733586375636,0.2242151610954117,0.7195731540247573,0.2804268459752427,0.21533433137446745
4,9,Apolo Anton Ohno,0.2375923985309981,0.2766292799431247,0.75,0.25,0.24735161888402973
4,9,Ian Ziering,0.2481360347829986,0.0,0.75,0.25,0.18610202608724893
4,9,Joey Fatone,0.2571357833430016,0.3638227728766222,0.75,0.25,0.28380753072640674
4,9,Laila Ali,0.2571357833430016,0.359547947180253,0.75,0.25,0.28273882430231445
5,1,Albert Reed,0.0754273226387526,0.0889924990164963,0.542129813417693,0.45787018658230705,0.081638412477852
5,1,Cameron Mathison,0.0804071913242732,0.0902264987603213,0.542129813417693,0.45787018658230705,0.08490315945212557
5,1,Floyd Mayweather Jr. ,0.0689204497065199,0.0614297365201895,0.542129813417693,0.45787018658230705,0.06549067546226026
5,1,Helio Castroneves,0.0954835413128866,0.1063999180386136,0.542129813417693,0.45787018658230705,0.10048182476109797
5,1,Jane Seymour,0.1001753442153022,0.0971598969052356,0.542129813417693,0.45787018658230705,0.09879466079281289
5,1,Jennie Garth,0.0804071913242732,0.098071242830875,0.542129813417693,0.45787018658230705,0.08849503388340044
5,1,Josie Maran,0.0613104830616959,0.0,0.542129813417693,0.45787018658230705,0.03323824074278582
5,1,Marie Osmond,0.0863013930219138,0.0868622073204896,0.542129813417693,0.45787018658230705,0.08655817316944073
5,1,Mark Cuban,0.0863013930219138,0.0915096488037906,0.542129813417693,0.45787018658230705,0.0886860980685301
5,1,Mel B,0.0918939329420265,0.1014194694070057,0.542129813417693,0.45787018658230705,0.0962553921005431
5,1,Sabrina Bryan,0.093610693545324,0.1130191084928868,0.542129813417693,0.45787018658230705,0.10249722811863142
5,1,Wayne Newton,0.0797610638851179,0.0649097739040954,0.542129813417693,0.45787018658230705,0.07296110097051918
5,2,Albert Reed,0.0815342717733181,0.0,0.5713009043137095,0.4286990956862905,0.046580603196656384
5,2,Cameron Mathison,0.0869173339396009,0.105840038991631,0.5713009043137095,0.4286990956862905,0.0950294804833446
5,2,Floyd Mayweather Jr. ,0.0869173339396009,0.1104464113728007,0.5713009043137095,0.4286990956862905,0.09700422815754636
5,2,Helio Castroneves,0.111750857922344,0.140874584668362,0.5713009043137095,0.4286990956862905,0.12423617324137654
5,2,Jane Seymour,0.0947502578997124,0.0941828795801154,0.5713009043137095,0.4286990956862905,0.09450702332718916
5,2,Jennie Garth,0.0869173339396009,0.1140995182741484,0.5713009043137095,0.4286990956862905,0.09857031178259945
5,2,Marie Osmond,0.1066157231987214,0.1149943021549174,0.5713009043137095,0.4286990956862905,0.11020761242037881
5,2,Mark Cuban,0.079961792399041,0.0466934325296373,0.5713009043137095,0.4286990956862905,0.06569967660806156
5,2,Mel B,0.0952986470033139,0.1172048309284628,0.5713009043137095,0.4286990956862905,0.10468980824196279
5,2,Sabrina Bryan,0.1010442570322024,0.137531237846801,0.5713009043137095,0.4286990956862905,0.11668619271174385
5,2,Wayne Newton,0.0682921909525435,0.0181327636531235,0.5713009043137095,0.4286990956862905,0.04678888982913992
5,3,Cameron Mathison,0.0940897574065736,0.0985812378617832,0.5996974537220656,0.4003025462779344,0.09588770846935157
5,3,Floyd Mayweather Jr. ,0.0856752275624097,0.0863706680767297,0.5996974537220656,0.4003025462779344,0.08595361417107683
5,3,Helio Castroneves,0.0979145457856111,0.1169135811069583,0.5996974537220656,0.4003025462779344,0.1055199080015708
5,3,Jane Seymour,0.1200808463676257,0.1410904821145151,0.5996974537220656,0.4003025462779344,0.12849105705347744
5,3,Jennie Garth,0.106329075629775,0.12892218790297,0.5996974537220656,0.4003025462779344,0.11537315600107821
5,3,Marie Osmond,0.1141234657553804,0.0838805175324177,0.5996974537220656,0.4003025462779344,0.1020171365747767
5,3,Mark Cuban,0.0875220263051977,0.0458086406588278,0.5996974537220656,0.4003025462779344,0.07082405181708239
5,3,Mel B,0.1101538640088125,0.1474086564051001,0.5996974537220656,0.4003025462779344,0.12506705226610226
5,3,Sabrina Bryan,0.1033316909054848,0.1510240283406978,0.5996974537220656,0.4003025462779344,0.12242305501874702
5,3,Wayne Newton,0.0807795002731291,0.0,0.5996974537220656,0.4003025462779344,0.04844326062673643
5,4,Cameron Mathison,0.1133777531505812,0.1556651593666373,0.6248543281293442,0.37514567187065584,0.1292416905671709
5,4,Floyd Mayweather Jr. ,0.0968071577549266,0.0,0.6248543281293442,0.37514567187065584,0.060490371517066086
5,4,Helio Castroneves,0.1133777531505812,0.1672690281658167,0.6248543281293442,0.37514567187065584,0.133594831724138
5,4,Jane Seymour,0.11926415287925,0.1284735347438625,0.6248543281293442,0.37514567187065584,0.12271901262636349
5,4,Jennie Garth,0.1135715606718399,0.1706011516731061,0.6248543281293442,0.37514567187065584,0.13496596490451862
5,4,Marie Osmond,0.116904495634501,0.054431886308942,0.6248543281293442,0.37514567187065584,0.09346816663555117
5,4,Mark Cuban,0.0991192025245824,0.0176301629306473,0.6248543281293442,0.37514567187065584,0.06854894201602114
5,4,Mel B,0.1094046858827689,0.1270940460712384,0.6248543281293442,0.37514567187065584,0.11604077279563432
5,4,Sabrina Bryan,0.1181732383509685,0.1788350307397493,0.6248543281293442,0.37514567187065584,0.14093024721353592
5,5,Cameron Mathison,0.128245467715241,0.162616589458774,0.6511184043139099,0.3488815956860901,0.14023691951464567
5,5,Helio Castroneves,0.1135712263278863,0.1413865666440182,0.6511184043139099,0.3488815956860901,0.12327548664193003
5,5,Jane Seymour,0.1398028516260323,0.1379710948806095,0.6511184043139099,0.3488815956860901,0.13916378540978042
5,5,Jennie Garth,0.1231896371464048,0.1579016037804376,0.6511184043139099,0.3488815956860901,0.13530000345508847
5,5,Marie Osmond,0.1111759594825101,0.0109834166156534,0.6511184043139099,0.3488815956860901,0.07622062525127415
5,5,Mark Cuban,0.1111759594825101,0.0,0.6511184043139099,0.3488815956860901,0.07238871333631988
5,5,Mel B,0.1431663342621726,0.196936097159142,0.6511184043139099,0.3488815956860901,0.16192561494133
5,5,Sabrina Bryan,0.1296725639572425,0.192204631461365,0.6511184043139099,0.3488815956860901,0.15148885144963106
5,6,Cameron Mathison,0.1371445884299268,0.1481824939604064,0.6742105653402705,0.32578943465972954,0.14074062143252924
5,6,Helio Castroneves,0.1539579863689031,0.2723842374750681,0.6742105653402705,0.32578943465972954,0.19254000776565178
5,6,Jane Seymour,0.13153472913554,0.001444744919705,0.6742105653402705,0.32578943465972954,0.08915278672296999
5,6,Jennie Garth,0.1483535203892443,0.238382843110301,0.6742105653402705,0.32578943465972954,0.1776841225413357
5,6,Marie Osmond,0.1355211354005007,0.0834922930474454,0.6742105653402705,0.32578943465972954,0.11857068826429863
5,6,Mel B,0.1648372448769381,0.2561133874870739,0.6742105653402705,0.32578943465972954,0.1945740477758151
5,6,Sabrina Bryan,0.1286507953989467,0.0,0.6742105653402705,0.32578943465972954,0.08673772549739932
5,7,Cameron Mathison,0.1592463766261083,0.0961360727158609,0.7014158932193767,0.2985841067806233,0.1404026429044134
5,7,Helio Castroneves,0.1622439561546984,0.2024691222993496,0.7014158932193767,0.2985841067806233,0.17425455145810123
5,7,Jane Seymour,0.1703298197319013,0.0,0.7014158932193767,0.2985841067806233,0.11947204264914697
5,7,Jennie Garth,0.1654288833499947,0.240710455158259,0.7014158932193767,0.2985841067806233,0.18790676422540664
5,7,Marie Osmond,0.1741371535920061,0.1955753948840745,0.7014158932193767,0.2985841067806233,0.18053827171914583
5,7,Mel B,0.1686138105452911,0.2651089549424558,0.7014158932193767,0.2985841067806233,0.1974257270437858
5,8,Cameron Mathison,0.1913036252208189,0.0,0.725488678767416,0.27451132123258404,0.1387886143048688
5,8,Helio Castroneves,0.213809934070327,0.389823268300242,0.725488678767416,0.27451132123258404,0.26212758700433336
5,8,Jennie Garth,0.1875525737459008,0.1965340540344071,0.725488678767416,0.27451132123258404,0.1900180917665231
5,8,Marie Osmond,0.1972749843675443,0.077565579269058,0.725488678767416,0.27451132123258404,0.1644133974099922
5,8,Mel B,0.2100588825954089,0.3360770983962928,0.725488678767416,0.27451132123258404,0.24465230951428243
5,9,Helio Castroneves,0.2519876792990421,0.4740935855557247,0.75,0.25,0.30751415586321273
5,9,Jennie Garth,0.2434830960676446,0.0,0.75,0.25,0.18261232205073344
5,9,Marie Osmond,0.2525415453342712,0.0197247063869018,0.75,0.25,0.19433733559742886
5,9,Mel B,0.2519876792990421,0.5061817080573734,0.75,0.25,0.3155361864886249
6,2,Adam Carolla,0.0729964080538274,0.0641013983391741,0.5211196258181919,0.47888037418180807,0.06873676247332342
6,2,Cristian de la Fuente,0.0771544295868299,0.094107214535721,0.5211196258181919,0.47888037418180807,0.0852727855865786
6,2,Jason Taylor,0.1039505799050705,0.1223779527769869,0.5211196258181919,0.47888037418180807,0.11277508712116152
6,2,Kristi Yamaguchi,0.1039505799050705,0.1287472856969782,0.5211196258181919,0.47888037418180807,0.11582523565317546
6,2,Mario,0.094045480286286,0.1170984842528119,0.5211196258181919,0.47888037418180807,0.10508511145179063
6,2,Marissa Jaret Winokur,0.080850451037277,0.1020975881511041,0.5211196258181919,0.47888037418180807,0.09102528800863871
6,2,Marlee Matlin,0.0924005154711738,0.1045162205333314,0.5211196258181919,0.47888037418180807,0.09820248884481625
6,2,Monica Seles,0.0577503221694836,0.0,0.5211196258181919,0.47888037418180807,0.03009482627984133
6,2,Penn Jillette,0.0701655210528776,0.0102660091064547,0.5211196258181919,0.47888037418180807,0.04148082035866692
6,2,Priscilla Presley,0.0881366321292534,0.0978500890556206,0.5211196258181919,0.47888037418180807,0.092788216016751
6,2,Shannon Elizabeth,0.0924005154711738,0.1181075987251367,0.5211196258181919,0.47888037418180807,0.10471113311895444
6,2,Steve Guttenberg,0.066198564931676,0.0407301588266798,0.5211196258181919,0.47888037418180807,0.05400224508630118
6,3,Adam Carolla,0.0910984147015035,0.100269762540744,0.5756445594279639,0.4243554405720361,0.0949903260544638
6,3,Cristian de la Fuente,0.1083716209286057,0.1303968947865728,0.5756445594279639,0.4243554405720361,0.11771816572032306
6,3,Jason Taylor,0.0999716361060357,0.1089938047124789,0.5756445594279639,0.4243554405720361,0.1038002424399381
6,3,Kristi Yamaguchi,0.1171265331876474,0.1465947219875732,0.5756445594279639,0.4243554405720361,0.12963151942869985
6,3,Mario,0.0855673870252476,0.1099316993951492,0.5756445594279639,0.4243554405720361,0.0959065155352119
6,3,Marissa Jaret Winokur,0.0822251932969714,0.0808188212122716,0.5756445594279639,0.4243554405720361,0.0816283916513604
6,3,Marlee Matlin,0.0910984147015035,0.0615871002870691,0.5756445594279639,0.4243554405720361,0.0785751278713063
6,3,Priscilla Presley,0.1226519958898632,0.1299948688056741,0.5756445594279639,0.4243554405720361,0.1257679839611166
6,3,Shannon Elizabeth,0.1041124739445754,0.1314123262724666,0.5756445594279639,0.4243554405720361,0.11569731480672919
6,3,Steve Guttenberg,0.0977763302180461,0.0,0.5756445594279639,0.4243554405720361,0.05628441253085026
6,4,Adam Carolla,0.0838461930685894,0.0,0.6046450200884067,0.3953549799115933,0.050697183092293666
6,4,Cristian de la Fuente,0.1155765682956455,0.1459916528870132,0.6046450200884067,0.3953549799115933,0.12760132345327507
6,4,Jason Taylor,0.1288714190532611,0.1581699516227957,0.6046450200884067,0.3953549799115933,0.14045473980872863
6,4,Kristi Yamaguchi,0.1288714190532611,0.1484212009463033,0.6046450200884067,0.3953549799115933,0.13660052268086081
6,4,Mario,0.1001042441030164,0.135116301038959,0.6046450200884067,0.3953549799115933,0.11394643516958955
6,4,Marissa Jaret Winokur,0.1063588060609253,0.1301798181523045,0.6046450200884067,0.3953549799115933,0.11577656181778635
6,4,Marlee Matlin,0.1063588060609253,0.0955173730721509,0.6046450200884067,0.3953549799115933,0.10207259153943551
6,4,Priscilla Presley,0.1062817989629393,0.0313114974397652,0.6046450200884067,0.3953549799115933,0.0766419169102787
6,4,Shannon Elizabeth,0.1237307453414364,0.1552922048407079,0.6046450200884067,0.3953549799115933,0.13620872552775146
6,5,Cristian de la Fuente,0.1173126998100838,0.1440763521574461,0.6375505775859093,0.3624494224140907,0.1270131701450768
6,5,Jason Taylor,0.1375653815569294,0.1585688759030849,0.6375505775859093,0.3624494224140907,0.1451780859513711
6,5,Kristi Yamaguchi,0.1478827846005126,0.1858505824351457,0.6375505775859093,0.3624494224140907,0.16164419099601035
6,5,Mario,0.1290455274923311,0.1764869926508845,0.6375505775859093,0.3624494224140907,0.14624065913752698
6,5,Marissa Jaret Winokur,0.122280339161715,0.1461673852102437,0.6375505775859093,0.3624494224140907,0.13093818520518302
6,5,Marlee Matlin,0.1119629361181318,0.0369740754000691,0.6375505775859093,0.3624494224140907,0.08478326686337927
6,5,Priscilla Presley,0.1166376314502123,0.0,0.6375505775859093,0.3624494224140907,0.07436238929933527
6,5,Shannon Elizabeth,0.1173126998100838,0.1518757362431258,0.6375505775859093,0.3624494224140907,0.12984005240211705
6,6,Cristian de la Fuente,0.1514578484351424,0.1966010983561219,0.6631293950257686,0.3368706049742314,0.1666652823465257
6,6,Jason Taylor,0.1346291986090155,0.1325923739544248,0.6631293950257686,0.3368706049742314,0.1339430522553971
6,6,Kristi Yamaguchi,0.1682864982612694,0.2060635735624732,0.6631293950257686,0.3368706049742314,0.18101248447214302
6,6,Mario,0.1472081711653888,0.1797594656351839,0.6631293950257686,0.3368706049742314,0.15817374542612303
6,6,Marissa Jaret Winokur,0.1459885361372797,0.1736934366141342,0.6631293950257686,0.3368706049742314,0.15532150272166853
6,6,Marlee Matlin,0.1178005487828885,0.0,0.6631293950257686,0.3368706049742314,0.0781170066481004
6,6,Shannon Elizabeth,0.1346291986090155,0.1112900518776617,0.6631293950257686,0.3368706049742314,0.12676692613004198
6,7,Cristian de la Fuente,0.150329642531631,0.1186878182258668,0.692616021462581,0.30738397853741894,0.1406034526883432
6,7,Jason Taylor,0.1800036491734641,0.2695105236577579,0.692616021462581,0.30738397853741894,0.20751662835889573
6,7,Kristi Yamaguchi,0.1769242702938224,0.3005365993370035,0.692616021462581,0.30738397853741894,0.21492071979139193
6,7,Mario,0.1562503885367039,0.0809920942248205,0.692616021462581,0.30738397853741894,0.13311719461317717
6,7,Marissa Jaret Winokur,0.1699256853666571,0.2302729645545511,0.692616021462581,0.30738397853741894,0.18847547213734034
6,7,Shannon Elizabeth,0.1665663640977214,0.0,0.692616021462581,0.30738397853741894,0.1153665324108515
6,8,Cristian de la Fuente,0.2160329244213973,0.405898242693678,0.7200456859023671,0.27995431409763294,0.2691865393692424
6,8,Jason Taylor,0.1973989475238326,0.1622219153445127,0.7200456859023671,0.27995431409763294,0.18755098560808073
6,8,Kristi Yamaguchi,0.2084581374341644,0.3495338305772117,0.7200456859023671,0.27995431409763294,0.24795288634387433
6,8,Mario,0.188513073011894,0.0,0.7200456859023671,0.27995431409763294,0.1357380249584122
6,8,Marissa Jaret Winokur,0.1895969176087115,0.0823460113845974,0.7200456859023671,0.27995431409763294,0.15957156372039008
6,9,Cristian de la Fuente,0.2549999981818254,0.3723449363350697,0.75,0.25,0.2843362327201365
6,9,Jason Taylor,0.2495454563636291,0.2009194089666413,0.75,0.25,0.23738894451438214
6,9,Kristi Yamaguchi,0.2595454527272799,0.4267356546982889,0.75,0.25,0.30134300322003216
6,9,Marissa Jaret Winokur,0.2359090927272654,0.0,0.75,0.25,0.17693181954544906
7,1,Brooke Burke,0.0959015759160011,0.1127584829599334,0.542881587464003,0.45711841253599705,0.1036071785041903
7,1,Cloris Leachman,0.069091563205267,0.0626711231681146,0.542881587464003,0.45711841253599705,0.06615666184770135
7,1,Cody Linley,0.0753563556684911,0.0934105878333077,0.542881587464003,0.45711841253599705,0.0836092776152284
7,1,Jeffrey Ross,0.0469752929513302,0.0,0.542881587464003,0.45711841253599705,0.025502021609004725
7,1,Kim Kardashian,0.0723381631247583,0.087836989197981,0.542881587464003,0.45711841253599705,0.07942296189552138
7,1,Lance Bass,0.0844039932037959,0.1004527025239525,0.542881587464003,0.45711841253599705,0.09174015373147754
7,1,Maurice Greene,0.0763348510459116,0.0893638296317241,0.542881587464003,0.45711841253599705,0.08229063705402372
7,1,Misty May-Treanor,0.0820362884547782,0.0946280891578753,0.542881587464003,0.45711841253599705,0.0877922324031476
7,1,Rocco DiSpirito,0.0685877157292324,0.0714881499955279,0.542881587464003,0.45711841253599705,0.06991355763670641
7,1,Susan Lucci,0.078939817629143,0.0803337875360737,0.542881587464003,0.45711841253599705,0.07957702694012211
7,1,Ted McGinley,0.0777221897938003,0.0067765782314901,0.542881587464003,0.45711841253599705,0.04529164446004158
7,1,Toni Braxton,0.0881544405993219,0.0998152445368208,0.542881587464003,0.45711841253599705,0.09348480878412489
7,1,Warren Sapp,0.0841577526781685,0.1004644352271985,0.542881587464003,0.45711841253599705,0.09161183751870955
7,2,Brooke Burke,0.1075886254098689,0.1568305943538936,0.5722715616446771,0.4277284383553229,0.1286508158878379
7,2,Cloris Leachman,0.0739671799692849,0.0457021888265993,0.5722715616446771,0.4277284383553229,0.06187743944769695
7,2,Cody Linley,0.0883096598571932,0.1337973150724287,0.5722715616446771,0.4277284383553229,0.10776602358685125
7,2,Kim Kardashian,0.0761189529212831,0.0,0.5722715616446771,0.4277284383553229,0.04356071205902033
7,2,Lance Bass,0.0897020162135777,0.0802141186067196,0.5722715616446771,0.4277284383553229,0.08564377258692107
7,2,Maurice Greene,0.0851295000774592,0.1083880785308775,0.5722715616446771,0.4277284383553229,0.09507785551770456
7,2,Misty May-Treanor,0.0941400472336353,0.0249463898551745,0.5722715616446771,0.4277284383553229,0.06454395221905299
7,2,Rocco DiSpirito,0.0716809219012256,0.0503857424914213,0.5722715616446771,0.4277284383553229,0.06257236806777358
7,2,Susan Lucci,0.1026238766167914,0.123048845157621,0.5722715616446771,0.4277284383553229,0.11136021651421704
7,2,Toni Braxton,0.1031505943898114,0.1277091230210056,0.5722715616446771,0.4277284383553229,0.11365497548953657
7,2,Warren Sapp,0.1075886254098689,0.1489776040842585,0.5722715616446771,0.4277284383553229,0.12529186862338731
7,4,Brooke Burke,0.1262114500667445,0.1592369389540797,0.6230521928504084,0.37694780714959164,0.13866033568286873
7,4,Cloris Leachman,0.1173152601042859,0.1067698450738841,0.6230521928504084,0.37694780714959164,0.11334018903309359
7,4,Cody Linley,0.1049252995310279,0.1337894330997301,0.6230521928504084,0.37694780714959164,0.1158055713850231
7,4,Lance Bass,0.1262114500667445,0.1517341227531172,0.6230521928504084,0.37694780714959164,0.13583216556846947
7,4,Maurice Greene,0.0972858244930563,0.1066687595617601,0.6230521928504084,0.37694780714959164,0.1008227012918312
7,4,Rocco DiSpirito,0.0874011689792134,0.0,0.6230521928504084,0.37694780714959164,0.054455489990188
7,4,Susan Lucci,0.1270369277129693,0.1309662269662797,0.6230521928504084,0.37694780714959164,0.12851806845013916
7,4,Toni Braxton,0.1069623825875162,0.1022774081671058,0.6230521928504084,0.37694780714959164,0.10519639175319057
7,4,Warren Sapp,0.1066502364584417,0.108557265424043,0.6230521928504084,0.37694780714959164,0.10736908684519586
7,5,Brooke Burke,0.1469397796263222,0.216505171245195,0.6470496992758429,0.3529503007241571,0.17149290551819713
7,5,Cloris Leachman,0.1171259110053487,0.0620867289282267,0.6470496992758429,0.3529503007241571,0.09769981513961686
7,5,Cody Linley,0.1332732326203775,0.2036538024643772,0.6470496992758429,0.3529503007241571,0.15811407591195473
7,5,Lance Bass,0.1064781009139534,0.0829117636045753,0.6470496992758429,0.3529503007241571,0.09816035507364149
7,5,Maurice Greene,0.1369004154607973,0.1860752413694192,0.6470496992758429,0.3529503007241571,0.15425668505330348
7,5,Susan Lucci,0.1213800591566161,0.0839389657238861,0.6470496992758429,0.3529503007241571,0.10816521397009278
7,5,Toni Braxton,0.1113456719715813,0.0,0.6470496992758429,0.3529503007241571,0.07204618356487832
7,5,Warren Sapp,0.1265568292450032,0.1648283266643201,0.6470496992758429,0.3529503007241571,0.1400647657683149
7,6,Brooke Burke,0.1599520526954943,0.2002545523442754,0.6709174093917849,0.3290825906082151,0.17321490368790188
7,6,Cloris Leachman,0.1018213288509553,0.0,0.6709174093917849,0.3290825906082151,0.06831370217351193
7,6,Cody Linley,0.1332003097047052,0.1759933021457926,0.6709174093917849,0.3290825906082151,0.147282738517096
7,6,Lance Bass,0.1666167199379269,0.2026983000477366,0.6709174093917849,0.3290825906082151,0.17849053979370091
7,6,Maurice Greene,0.1295907821739431,0.108571638585577,0.6709174093917849,0.3290825906082151,0.12267374794951752
7,6,Susan Lucci,0.1547909047612601,0.140689622861489,0.6709174093917849,0.3290825906082151,0.1501504183827867
7,6,Warren Sapp,0.1540279018757147,0.1717925840151293,0.6709174093917849,0.3290825906082151,0.15987394949548475
7,7,Brooke Burke,0.2028746546704455,0.2720328809508165,0.6991964639808993,0.3008035360191007,0.2236776936803902
7,7,Cody Linley,0.1396399572328366,0.1721229389244412,0.6991964639808993,0.3008035360191007,0.14941095298611495
7,7,Lance Bass,0.1699075204335829,0.2418113576107456,0.6991964639808993,0.3008035360191007,0.1915364489098151
7,7,Maurice Greene,0.1686395581212654,0.242561311346358,0.6991964639808993,0.3008035360191007,0.19087548288010464
7,7,Susan Lucci,0.1769260512725577,0.0,0.6991964639808993,0.3008035360191007,0.12370606943587563
7,7,Warren Sapp,0.1420122582693118,0.0714715111676384,0.6991964639808993,0.3008035360191007,0.12079335210769931
7,8,Brooke Burke,0.218503777755064,0.3394823799602579,0.7246228604556119,0.27537713954438814,0.2518185191764087
7,8,Cody Linley,0.1782357900970926,0.1720573036241529,0.7246228604556119,0.27537713954438814,0.17653437616546075
7,8,Lance Bass,0.1989096879805643,0.2034058686918628,0.7246228604556119,0.27537713954438814,0.20014783336371633
7,8,Maurice Greene,0.1900032875859602,0.0,0.7246228604556119,0.27537713954438814,0.13768072574650872
7,8,Warren Sapp,0.2143474565813187,0.2850544477237263,0.7246228604556119,0.27537713954438814,0.23381854554790532
7,9,Brooke Burke,0.2473623594941764,0.3296069572285022,0.75,0.25,0.26792350892775785
7,9,Cody Linley,0.2176681259098632,0.0,0.75,0.25,0.1632510944323974
7,9,Lance Bass,0.2877755426915558,0.3571323510210052,0.75,0.25,0.30511474477391815
7,9,Warren Sapp,0.2471939719044044,0.3132606917504926,0.75,0.25,0.26371065186592646
8,2,Belinda Carlisle,0.0716507255401011,0.0,0.5622389837902497,0.4377610162097503,0.04028483111550053
8,2,Chuck Wicks,0.074058695166692,0.0897283630936505,0.5622389837902497,0.4377610162097503,0.08091826492206669
8,2,David Alan Grier,0.0679935519081459,0.0439897190974281,0.5622389837902497,0.4377610162097503,0.057485609663997135
8,2,Denise Richards,0.0778833221709815,0.0898608759333022,0.5622389837902497,0.4377610162097503,0.08312662827768194
8,2,Gilles Marini,0.1001356999341191,0.1084943067033525,0.5622389837902497,0.4377610162097503,0.10379477212751641
8,2,Holly Madison,0.0667571332894127,0.0756077432457894,0.5622389837902497,0.4377610162097503,0.0706315852979923
8,2,Lawrence Taylor,0.0799353394981627,0.083485552788247,0.5622389837902497,0.4377610162097503,0.08148948447579137
8,2,Lil' Kim,0.0856021146058204,0.1004157003648602,0.5622389837902497,0.4377610162097503,0.09208692496140794
8,2,Melissa Rycroft,0.0967283034873892,0.1013596382983459,0.5622389837902497,0.4377610162097503,0.0987557213206412
8,2,Shawn Johnson,0.0834968738181953,0.103789573477173,0.5622389837902497,0.4377610162097503,0.09238022664254864
8,2,Steve Wozniak,0.0690587668956137,0.0598296374107912,0.5622389837902497,0.4377610162097503,0.06501861379360643
8,2,Steve-O,0.052223547961114,0.0610720786656738,0.5622389837902497,0.4377610162097503,0.056097089754305274
8,2,Ty Murray,0.0744759257242516,0.0823668109213858,0.5622389837902497,0.4377610162097503,0.07793024764694353
8,3,Chuck Wicks,0.0897346768979374,0.0977872853607463,0.5795489140120983,0.4204510859879017,0.09312040487116077
8,3,David Alan Grier,0.100437746376546,0.0943454800039919,0.5795489140120983,0.4204510859879017,0.09787624636407805
8,3,Denise Richards,0.0623296735166503,0.0,0.5795489140120983,0.4204510859879017,0.036123094597303326
8,3,Gilles Marini,0.1052753195177915,0.1212497280040845,0.5795489140120983,0.4204510859879017,0.11199177691386775
8,3,Holly Madison,0.0662566099309223,0.0604736476866248,0.5795489140120983,0.4204510859879017,0.06382515717508039
8,3,Lawrence Taylor,0.0837579061227022,0.0686282722543014,0.5795489140120983,0.4204510859879017,0.07739663513213374
8,3,Lil' Kim,0.0975049982078644,0.1103803540930307,0.5795489140120983,0.4204510859879017,0.10291845557226328
8,3,Melissa Rycroft,0.1052753195177915,0.1175242383361045,0.5795489140120983,0.4204510859879017,0.11042539073712884
8,3,Shawn Johnson,0.098755289923541,0.1246609990308227,0.5795489140120983,0.4204510859879017,0.10964737345098427
8,3,Steve Wozniak,0.0425350459879374,0.0640663768292785,0.5795489140120983,0.4204510859879017,0.051587917422944066
8,3,Steve-O,0.0584862886209952,0.0694761355460291,0.5795489140120983,0.4204510859879017,0.0631069816954665
8,3,Ty Murray,0.0896511253793204,0.0714074828549851,0.5795489140120983,0.4204510859879017,0.08198056606758856
8,4,Chuck Wicks,0.0899930331386694,0.1155208148442625,0.592879008081089,0.40712099191891105,0.10038592894813989
8,4,David Alan Grier,0.0965899193122279,0.1068936717651725,0.592879008081089,0.40712099191891105,0.10078479323135761
8,4,Gilles Marini,0.1225711566277328,0.1414559680299536,0.592879008081089,0.40712099191891105,0.13025955977800652
8,4,Holly Madison,0.0652207579451261,0.010167925195803,0.592879008081089,0.40712099191891105,0.04280759406827577
8,4,Lawrence Taylor,0.0836420227369361,0.0733507147610777,0.592879008081089,0.40712099191891105,0.07945221522566163
8,4,Lil' Kim,0.1105075738659571,0.134334713815078,0.592879008081089,0.40712099191891105,0.1202081027166339
8,4,Melissa Rycroft,0.1186359769964731,0.1316877532092516,0.592879008081089,0.40712099191891105,0.12394962907452314
8,4,Shawn Johnson,0.0958569618841859,0.1295310682438406,0.592879008081089,0.40712099191891105,0.10956639746731142
8,4,Steve Wozniak,0.0534468703773822,0.0,0.592879008081089,0.40712099191891105,0.0316875274943809
8,4,Steve-O,0.0612855783138664,0.0419872333023125,0.592879008081089,0.40712099191891105,0.05342881695036921
8,4,Ty Murray,0.1022501488014426,0.1150701368332477,0.592879008081089,0.40712099191891105,0.10746943504533966
8,5,Chuck Wicks,0.1086881512995207,0.128407876232428,0.624157514661117,0.375842485338883,0.11609966172850372
8,5,David Alan Grier,0.1114369611663047,0.0,0.624157514661117,0.375842485338883,0.06955421672294815
8,5,Gilles Marini,0.1372529770311922,0.1752370016972401,0.624157514661117,0.375842485338883,0.1515289872648531
8,5,Lawrence Taylor,0.101434814035668,0.0204837795099223,0.624157514661117,0.375842485338883,0.07100997602875801
8,5,Lil' Kim,0.1230718575826756,0.1701410772401249,0.624157514661117,0.375842485338883,0.14076247008169315
8,5,Melissa Rycroft,0.1183110532940637,0.1409222669580279,0.624157514661117,0.375842485338883,0.12680930803405652
8,5,Shawn Johnson,0.1154496327598593,0.1718045082420685,0.624157514661117,0.375842485338883,0.13663018922205608
8,5,Steve-O,0.0850867166910994,0.0885199842977082,0.624157514661117,0.375842485338883,0.08637708452120073
8,5,Ty Murray,0.099267836139616,0.1044835058224797,0.624157514661117,0.375842485338883,0.10122810639593016
8,6,Chuck Wicks,0.1237171088062791,0.1443432787344865,0.6458475422080302,0.3541524577919698,0.13102191758118856
8,6,Gilles Marini,0.1398211735750447,0.1707391019310427,0.6458475422080302,0.3541524577919698,0.15077083389215742
8,6,Lawrence Taylor,0.1270923796558845,0.075636830620797,0.6458475422080302,0.3541524577919698,0.10886927049807303
8,6,Lil' Kim,0.1508098289999647,0.1985634975296171,0.6458475422080302,0.3541524577919698,0.16772190807832416
8,6,Melissa Rycroft,0.1449365829188903,0.1760082954599312,0.6458475422080302,0.3541524577919698,0.15594070628310552
8,6,Shawn Johnson,0.130983885875055,0.1786837580471137,0.6458475422080302,0.3541524577919698,0.14787691284115237
8,6,Steve-O,0.0860146515562879,0.0,0.6458475422080302,0.3541524577919698,0.05555235130150866
8,6,Ty Murray,0.0966243886125935,0.0560252376770117,0.6458475422080302,0.3541524577919698,0.08224609952449005
8,7,Chuck Wicks,0.1484289092196665,0.1887599535650362,0.669848140376003,0.33015185962399696,0.1617442785108682
8,7,Gilles Marini,0.1484289092196665,0.1910265043774335,0.669848140376003,0.33015185962399696,0.16249258447651344
8,7,Lawrence Taylor,0.1239073132858428,0.0,0.669848140376003,0.33015185962399696,0.08299908338350862
8,7,Lil' Kim,0.1432064091188862,0.1428181426734348,0.669848140376003,0.33015185962399696,0.14307822222989083
8,7,Melissa Rycroft,0.1596985101432936,0.2119854237143212,0.669848140376003,0.33015185962399696,0.17696113189276758
8,7,Shawn Johnson,0.144393140817385,0.2116352375404609,0.669848140376003,0.33015185962399696,0.16659324409552517
8,7,Ty Murray,0.1319368081952591,0.0537747381293133,0.669848140376003,0.33015185962399696,0.10613145541092595
8,8,Chuck Wicks,0.1651680736224794,0.0,0.6980957828702135,0.30190421712978655,0.11530313566064981
8,8,Gilles Marini,0.1780414678692512,0.2351401525521318,0.6980957828702135,0.30190421712978655,0.1952798015675768
8,8,Lil' Kim,0.1811990930794067,0.2406627562114972,0.6980957828702135,0.30190421712978655,0.19915142374496986
8,8,Melissa Rycroft,0.1488941607594019,0.1299006608136395,0.6980957828702135,0.30190421712978655,0.14315994302772186
8,8,Shawn Johnson,0.1581286124306755,0.2159439908235656,0.6980957828702135,0.30190421712978655,0.17558331898244336
8,8,Ty Murray,0.168568592238785,0.1783524395991657,0.6980957828702135,0.30190421712978655,0.17152237701663808
8,9,Gilles Marini,0.212882580375671,0.2987675986057793,0.7243445909344857,0.27565540906551433,0.23655725020849067
8,9,Lil' Kim,0.1969448511947229,0.0,0.7243445909344857,0.27565540906551433,0.14265593767529472
8,9,Melissa Rycroft,0.2162978111065968,0.3217184365905351,0.7243445909344857,0.27565540906551433,0.2453575767483142
8,9,Shawn Johnson,0.1996980967710859,0.314239108840207,0.7243445909344857,0.27565540906551433,0.2312719463077775
8,9,Ty Murray,0.1741766605519233,0.0652748559634784,0.7243445909344857,0.27565540906551433,0.14415728906012282
8,10,Gilles Marini,0.278389265334224,0.3837345903528878,0.75,0.25,0.30472559658889
8,10,Melissa Rycroft,0.2547261819566163,0.2727880977292783,0.75,0.25,0.2592416608997818
8,10,Shawn Johnson,0.2441731404417804,0.3434773119178338,0.75,0.25,0.26899918331079375
8,10,Ty Murray,0.2227114122673792,0.0,0.75,0.25,0.1670335592005344
9,1,Aaron Carter,0.0732150894759478,0.0851636972215023,0.5548571134273017,0.4451428865726983,0.07853392721832883
9,1,Ashley Hamiliton,0.046185256362432,0.0017710681914612,0.5548571134273017,0.4451428865726983,0.026414596435223068
9,1,Chuck Liddell,0.0536783402404144,0.0637560018733188,0.5548571134273017,0.4451428865726983,0.05816433962958839
9,1,Debi Mazar,0.0576131992867354,0.0656725136235363,0.5548571134273017,0.4451428865726983,0.06120074573441568
9,1,Donny Osmond,0.078709113349117,0.0762062761486822,0.5548571134273017,0.4451428865726983,0.07759499317309392
9,1,Joanna Krupa,0.0830161511264949,0.0913877099281705,0.5548571134273017,0.4451428865726983,0.08674269097658585
9,1,Kathy Ireland,0.052371651154977,0.0606960499075494,0.5548571134273017,0.4451428865726983,0.05607719804467924
9,1,Kelly Osbourne,0.0710389430000346,0.0783872581251688,0.5548571134273017,0.4451428865726983,0.07430999320628265
9,1,Louie Vito,0.0617626647776857,0.0705585701772274,0.5548571134273017,0.4451428865726983,0.06567809949725809
9,1,Macy Gray,0.04643705184779,0.0,0.5548571134273017,0.4451428865726983,0.025765928544338706
9,1,Mark Dacascos,0.0759981238494916,0.0739384685749619,0.5548571134273017,0.4451428865726983,0.07508128295524277
9,1,Melissa Joan Hart,0.0585998084416682,0.0717134528525204,0.5548571134273017,0.4451428865726983,0.06443725396820288
9,1,Michael Irvin,0.0463533641852058,0.0469624807316447,0.5548571134273017,0.4451428865726983,0.04662450808294681
9,1,Mya,0.0759429705566443,0.0811510981659282,0.5548571134273017,0.4451428865726983,0.0782613315142799
9,1,Natalie Coughlin,0.0658861453340249,0.070584039691646,0.5548571134273017,0.4451428865726983,0.06797737958918995
9,1,Tom DeLay,0.0531921270113359,0.0620513147866814,0.5548571134273017,0.4451428865726983,0.05713573143034276
9,2,Aaron Carter,0.0850903628528832,0.0938716620351726,0.5860224654000981,0.41397753459990194,0.08872562343895149
9,2,Chuck Liddell,0.0637117163406823,0.0670659920258014,0.5860224654000981,0.41397753459990194,0.0651003111191763
9,2,Debi Mazar,0.0757225132312663,0.083608560877505,0.5860224654000981,0.41397753459990194,0.07898715979359355
9,2,Donny Osmond,0.0900170698799404,0.0856613316827493,0.5860224654000981,0.41397753459990194,0.08821389211970461
9,2,Joanna Krupa,0.067167266596239,0.0802338683570373,0.5860224654000981,0.41397753459990194,0.07257654617877302
9,2,Kathy Ireland,0.0649050113410854,0.0,0.5860224654000981,0.41397753459990194,0.03803579476292419
9,2,Kelly Osbourne,0.0597658506055368,0.0674941480137098,0.5860224654000981,0.41397753459990194,0.06296519211322707
9,2,Louie Vito,0.0597658506055368,0.0671958497256498,0.5860224654000981,0.41397753459990194,0.06284170332336061
9,2,Mark Dacascos,0.0757225132312663,0.0823580004800673,0.5860224654000981,0.41397753459990194,0.07846945588339402
9,2,Melissa Joan Hart,0.0638556969714152,0.0733890815285244,0.5860224654000981,0.41397753459990194,0.06780230400676004
9,2,Michael Irvin,0.0670952762808725,0.0684676890860454,0.5860224654000981,0.41397753459990194,0.06766342435041131
9,2,Mya,0.0907082055468375,0.092145109680324,0.5860224654000981,0.41397753459990194,0.09130305157747465
9,2,Natalie Coughlin,0.0705508265364292,0.0810633314163213,0.5860224654000981,0.41397753459990194,0.07490276738907636
9,2,Tom DeLay,0.0659218399800084,0.0574453750910919,0.5860224654000981,0.41397753459990194,0.062412773943172115
9,3,Aaron Carter,0.0758370172962459,0.1102303893365834,0.6070400520238789,0.3929599479761211,0.08935223498394029
9,3,Chuck Liddell,0.0655140242295939,0.0436939864762861,0.6070400520238789,0.3929599479761211,0.056939623329217065
9,3,Debi Mazar,0.0703164911044289,0.0069392871702745,0.6070400520238789,0.3929599479761211,0.04541178834359157
9,3,Donny Osmond,0.0864514374255675,0.1072850606318265,0.6070400520238789,0.3929599479761211,0.09463821691685315
9,3,Joanna Krupa,0.0882305025155963,0.1206958952614883,0.6070400520238789,0.3929599479761211,0.10098810156004637
9,3,Kelly Osbourne,0.0722506018309749,0.0993199592358092,0.6070400520238789,0.3929599479761211,0.08288777510852562
9,3,Louie Vito,0.0725291578446035,0.096948910456843,0.6070400520238789,0.3929599479761211,0.08212514256069889
9,3,Mark Dacascos,0.0741012320790579,0.0836078274699987,0.6070400520238789,0.3929599479761211,0.07783694330931204
9,3,Melissa Joan Hart,0.0731975387310924,0.0922747277584538,0.6070400520238789,0.3929599479761211,0.08069410993881496
9,3,Michael Irvin,0.0540073116561513,0.0039711298722125,0.6070400520238789,0.3929599479761211,0.034345096265410976
9,3,Mya,0.1044883721012413,0.1207610076208995,0.6070400520238789,0.3929599479761211,0.11088286610848057
9,3,Natalie Coughlin,0.1000341619499216,0.1142718187093238,0.6070400520238789,0.3929599479761211,0.10562899080939817
9,3,Tom DeLay,0.0630421512355241,0.0,0.6070400520238789,0.3929599479761211,0.038269110765709796
9,4,Aaron Carter,0.0697427914900131,0.0966460967800088,0.6282631714531774,0.37173682854682255,0.07974374087594305
9,4,Chuck Liddell,0.0704234668279746,0.0,0.6282631714531774,0.37173682854682255,0.044244470614070955
9,4,Donny Osmond,0.1063964595014036,0.1074262691745856,0.6282631714531774,0.37173682854682255,0.10677927768331912
9,4,Joanna Krupa,0.1075971446322642,0.1279444246081291,0.6282631714531774,0.37173682854682255,0.1151609779600465
9,4,Kelly Osbourne,0.0893095185697331,0.1034095073567415,0.6282631714531774,0.37173682854682255,0.09455100368396135
9,4,Louie Vito,0.0620581689167689,0.0632212330942287,0.6282631714531774,0.37173682854682255,0.062490522705494225
9,4,Mark Dacascos,0.097677860330331,0.078155613122134,0.6282631714531774,0.37173682854682255,0.09042072206704879
9,4,Melissa Joan Hart,0.115720282012562,0.1376052630035079,0.6282631714531774,0.37173682854682255,0.12385573543894371
9,4,Michael Irvin,0.0658800184544206,0.0440246084063125,0.6282631714531774,0.37173682854682255,0.05775555763654653
9,4,Mya,0.1160644817864227,0.1309844937273222,0.6282631714531774,0.37173682854682255,0.1216107997072134
9,4,Natalie Coughlin,0.0991298074781056,0.1105824907270296,0.6282631714531774,0.37173682854682255,0.10338719162741192
9,5,Aaron Carter,0.0931536160188092,0.1176076734106277,0.6546841816907181,0.34531581830928193,0.10159798885804715
9,5,Donny Osmond,0.1289656938707833,0.1343880064769493,0.6546841816907181,0.34531581830928193,0.13083810418551026
9,5,Joanna Krupa,0.0993038114536494,0.1245188025079816,0.6546841816907181,0.34531581830928193,0.10801094672323736
9,5,Kelly Osbourne,0.0931536160188092,0.1132251603499326,0.6546841816907181,0.34531581830928193,0.1000846377742421
9,5,Louie Vito,0.0852355593558594,0.0870967213385591,0.6546841816907181,0.34531581830928193,0.08587824802892147
9,5,Mark Dacascos,0.1155095631049336,0.119350589378341,0.6546841816907181,0.34531581830928193,0.11683593023568273
9,5,Melissa Joan Hart,0.0952075290449925,0.1030840065803811,0.6546841816907181,0.34531581830928193,0.09792740133051989
9,5,Michael Irvin,0.0868908350219432,0.0737304733671358,0.6546841816907181,0.34531581830928193,0.08234635396786728
9,5,Mya,0.1117167878853555,0.1269985665900912,0.6546841816907181,0.34531581830928193,0.11699382780400266
9,5,Natalie Coughlin,0.0908629882248644,0.0,0.6546841816907181,0.34531581830928193,0.0594865610919687
9,6,Aaron Carter,0.1191459176198306,0.1643950913346509,0.6774309220921706,0.3225690779078294,0.13374190186111137
9,6,Donny Osmond,0.1282439907500674,0.1366431970225399,0.6774309220921706,0.3225690779078294,0.1309533149725365
9,6,Joanna Krupa,0.1385303398813952,0.1930634234936379,0.6774309220921706,0.3225690779078294,0.1561210263776669
9,6,Kelly Osbourne,0.0905609320490847,0.1245988645042165,0.6774309220921706,0.3225690779078294,0.10154051653502555
9,6,Louie Vito,0.0867758465929759,0.0,0.6774309220921706,0.3225690779078294,0.0587846417728084
9,6,Mark Dacascos,0.1324299902012632,0.149702745245315,0.6774309220921706,0.3225690779078294,0.1380016468687508
9,6,Melissa Joan Hart,0.0925499284556375,0.0047358627094991,0.6774309220921706,0.3225690779078294,0.06422382624056813
9,6,Michael Irvin,0.0844326864666756,0.0564370966601698,0.6774309220921706,0.3225690779078294,0.07540217487730519
9,6,Mya,0.1273303679830696,0.1704237190299706,0.6774309220921706,0.3225690779078294,0.14123095049422685
9,7,Aaron Carter,0.1414059453458377,0.1742604346629125,0.70160922441828,0.29839077558172,0.15120942189450098
9,7,Donny Osmond,0.1587565149782646,0.1933043477542626,0.70160922441828,0.29839077558172,0.1690652695949622
9,7,Joanna Krupa,0.1564513745098406,0.2616998990142021,0.70160922441828,0.29839077558172,0.1878565633655287
9,7,Kelly Osbourne,0.1387530195860097,0.211891425803883,0.70160922441828,0.29839077558172,0.16057684534217181
9,7,Mark Dacascos,0.1313234806508234,0.0,0.70160922441828,0.29839077558172,0.09213776540733319
9,7,Michael Irvin,0.1338267550295792,0.0062110282778143,0.70160922441828,0.29839077558172,0.09574739934769522
9,7,Mya,0.1394829098996445,0.1526328644869254,0.70160922441828,0.29839077558172,0.14340673504780765
9,8,Aaron Carter,0.180953188312271,0.0,0.7260998157309633,0.27390018426903673,0.13139007668947028
9,8,Donny Osmond,0.2065892089704786,0.1490110034550541,0.7260998157309633,0.27390018426903673,0.19081852786992337
9,8,Joanna Krupa,0.2003638044753798,0.2941167175959824,0.7260998157309633,0.27390018426903673,0.22604274465487184
9,8,Kelly Osbourne,0.1845032238964417,0.2323321281308659,0.7260998157309633,0.27390018426903673,0.1976035695796366
9,8,Mya,0.2275905743454287,0.3245401508180976,0.7260998157309633,0.27390018426903673,0.2541450812060978
9,9,Donny Osmond,0.2479474704670657,0.1690370311971527,0.75,0.25,0.22821986064958744
9,9,Joanna Krupa,0.2525253151911336,0.0,0.75,0.25,0.1893939863933502
9,9,Kelly Osbourne,0.2281103364336951,0.2338580193626993,0.75,0.25,0.22954725716594615
9,9,Mya,0.2714168779081055,0.5971049494401479,0.75,0.25,0.3528388957911161
10,2,Aiden Turner,0.0863986107178443,0.0896113105270781,0.5519194881974149,0.4480805118025851,0.08783815889263386
10,2,Buzz Aldrin,0.0600440492432795,0.0649829134259555,0.5519194881974149,0.4480805118025851,0.062257058033976416
10,2,Chad Ochocinco,0.0727522358898263,0.0773181595036335,0.5519194881974149,0.4480805118025851,0.07479813727955253
10,2,Erin Andrews,0.1047359264532192,0.126058752368889,0.5519194881974149,0.4480805118025851,0.11429026920258994
10,2,Evan Lysacek,0.102409697446208,0.1291769389016237,0.5519194881974149,0.4480805118025851,0.11440357669709404
10,2,Jake Pavelka,0.0910042620463907,0.0864800255696707,0.5519194881974149,0.4480805118025851,0.08897703985038607
10,2,Kate Gosselin,0.0682318741400904,0.062783416437452,0.5519194881974149,0.4480805118025851,0.06579052642415745
10,2,Nicole Scherzinger,0.12759360393833,0.1480636676751484,0.5519194881974149,0.4480805118025851,0.1367658405741551
10,2,Niecy Nash,0.0955246237961265,0.1058936410257269,0.5519194881974149,0.4480805118025851,0.10017077834325566
10,2,Pamela Anderson,0.1002155647034834,0.1096311745648217,0.5519194881974149,0.4480805118025851,0.10443451598908533
10,2,Shannen Doherty,0.0910895516252012,0.0,0.5519194881974149,0.4480805118025851,0.050274098713113044
10,3,Aiden Turner,0.0987942064624262,0.0934292088056818,0.560860325811172,0.43913967418882804,0.09643822313941963
10,3,Buzz Aldrin,0.0706811537570442,0.0,0.560860325811172,0.43913967418882804,0.03964225492488535
10,3,Chad Ochocinco,0.0987942064624262,0.093149022736623,0.560860325811172,0.43913967418882804,0.0963151823203409
10,3,Erin Andrews,0.1135542972457773,0.1340502082471682,0.560860325811172,0.43913967418882804,0.12255486492513132
10,3,Evan Lysacek,0.120367476909313,0.1365459163004988,0.560860325811172,0.43913967418882804,0.12747207151244205
10,3,Jake Pavelka,0.1033206354834576,0.1073884379876698,0.560860325811172,0.43913967418882804,0.10510696894982184
10,3,Kate Gosselin,0.0738004539167554,0.071792421177469,0.560860325811172,0.43913967418882804,0.07291864707386467
10,3,Nicole Scherzinger,0.1140462987958844,0.1401957325138345,0.560860325811172,0.43913967418882804,0.12552955259900736
10,3,Niecy Nash,0.1033206354834576,0.1126670359359045,0.560860325811172,0.43913967418882804,0.10742501073298345
10,3,Pamela Anderson,0.1033206354834576,0.1107820162951501,0.560860325811172,0.43913967418882804,0.10659722382210302
10,4,Aiden Turner,0.0897082546899443,0.0,0.5967838283666378,0.4032161716333622,0.05353643566995435
10,4,Chad Ochocinco,0.1197540810096404,0.1413348068564956,0.5967838283666378,0.4032161716333622,0.1284557786666785
10,4,Erin Andrews,0.1060188464517523,0.1320829220930231,0.5967838283666378,0.4032161716333622,0.11652830324898789
10,4,Evan Lysacek,0.1327915897125954,0.1594166246082405,0.5967838283666378,0.4032161716333622,0.14352723435282208
10,4,Jake Pavelka,0.1033576443940035,0.075695540807434,0.5967838283666378,0.4032161716333622,0.09220383688650144
10,4,Kate Gosselin,0.0868324404976234,0.0806105803818399,0.5967838283666378,0.4032161716333622,0.08432368588129888
10,4,Nicole Scherzinger,0.1360217503445341,0.1627384676157061,0.5967838283666378,0.4032161716333622,0.14679436280122699
10,4,Niecy Nash,0.0978635505708483,0.1103843258639766,0.5967838283666378,0.4032161716333622,0.1029121296504251
10,4,Pamela Anderson,0.127651842329058,0.1377367317732837,0.5967838283666378,0.4032161716333622,0.13171823284210438
10,5,Chad Ochocinco,0.1049800565146059,0.1320092966799477,0.6289966217220424,0.3710033782779576,0.11500799592823396
10,5,Erin Andrews,0.128114551227859,0.1542364055395442,0.6289966217220424,0.3710033782779576,0.13780584742437885
10,5,Evan Lysacek,0.1477174702215587,0.1676339992585868,0.6289966217220424,0.3710033782779576,0.1551065697778672
10,5,Jake Pavelka,0.134529996793093,0.1570059426039396,0.6289966217220424,0.3710033782779576,0.1428686486189094
10,5,Kate Gosselin,0.0874833804288382,0.0,0.6289966217220424,0.3710033782779576,0.05502675074656347
10,5,Nicole Scherzinger,0.1695233489646283,0.1927797922609108,0.6289966217220424,0.3710033782779576,0.1781515679942789
10,5,Niecy Nash,0.1049800565146059,0.1094729316434938,0.6289966217220424,0.3710033782779576,0.10664692836560433
10,5,Pamela Anderson,0.1226711393348107,0.0868616320135768,0.6289966217220424,0.3710033782779576,0.10938569114416367
10,6,Chad Ochocinco,0.1493383444556078,0.18431568263947,0.6601067574788452,0.3398932425211548,0.16122690534567974
10,6,Erin Andrews,0.1644916786924742,0.1931474092973275,0.6601067574788452,0.3398932425211548,0.17423156788457045
10,6,Evan Lysacek,0.1220137019153675,0.1304550992558225,0.6601067574788452,0.3398932425211548,0.12488287582882421
10,6,Jake Pavelka,0.1204340555148807,0.0,0.6601067574788452,0.3398932425211548,0.07949933387595513
10,6,Nicole Scherzinger,0.1740383714310233,0.2154279744990043,0.6601067574788452,0.3398932425211548,0.1881064178244629
10,6,Niecy Nash,0.1252509552668529,0.1281500381996631,0.6601067574788452,0.3398932425211548,0.1262363339652235
10,6,Pamela Anderson,0.1444328927237934,0.1485037961087125,0.6601067574788452,0.3398932425211548,0.1458165652752839
10,7,Chad Ochocinco,0.1689663592884487,0.2253733952419815,0.6914543434947076,0.3085456565052924,0.1863705052282491
10,7,Erin Andrews,0.1657967151083261,0.192975739902187,0.6914543434947076,0.3085456565052924,0.17418268515652155
10,7,Evan Lysacek,0.1646771360981241,0.2422187586799278,0.6914543434947076,0.3085456565052924,0.1886022669441123
10,7,Nicole Scherzinger,0.1755494630558747,0.2782738842381256,0.6914543434947076,0.3085456565052924,0.20724463702867849
10,7,Niecy Nash,0.1592136113409001,0.0611582219377779,0.6914543434947076,0.3085456565052924,0.12895904684363166
10,7,Pamela Anderson,0.1657967151083261,0.0,0.6914543434947076,0.3085456565052924,0.1146408587988067
10,8,Chad Ochocinco,0.1801686409190519,0.1964716777277726,0.7208271475798378,0.2791728524201622,0.18472000620805337
10,8,Erin Andrews,0.2121485749636956,0.2582812129630503,0.7208271475798378,0.2791728524201622,0.2250275551036422
10,8,Evan Lysacek,0.1991503916778378,0.2481258616642895,0.7208271475798378,0.2791728524201622,0.21282301333257356
10,8,Nicole Scherzinger,0.2363212001091326,0.2971212476448875,0.7208271475798378,0.2791728524201622,0.25329492280697075
10,8,Niecy Nash,0.1722111923302819,0.0,0.7208271475798378,0.2791728524201622,0.12413450254875993
10,9,Chad Ochocinco,0.2337198491790942,0.0,0.75,0.25,0.17528988688432065
10,9,Erin Andrews,0.2519186540358551,0.2156467742213991,0.75,0.25,0.24285068408224111
10,9,Evan Lysacek,0.2489622458100836,0.3811336339854003,0.75,0.25,0.2820050928539128
10,9,Nicole Scherzinger,0.2653992509749671,0.4032195917932006,0.75,0.25,0.29985433617952545
11,1,Audrina Patridge,0.0821436326042489,0.094266857935095,0.5605708920153859,0.4394291079846141,0.08747093069727907
11,1,Brandy,0.099686170129831,0.1083268102606477,0.5605708920153859,0.4394291079846141,0.10348311891493184
11,1,Bristol Palin,0.0731381072353697,0.0925832028341222,0.5605708920153859,0.4394291079846141,0.08168284824900507
11,1,David Hasselhoff,0.0708276243037458,0.0,0.5605708920153859,0.4394291079846141,0.03970390453528141
11,1,Florence Henderson,0.0857635208756963,0.0779863291723669,0.5605708920153859,0.4394291079846141,0.08234599646287692
11,1,Jennifer Grey,0.1115762001810843,0.1161089441839996,0.5605708920153859,0.4394291079846141,0.11356801983500797
11,1,Kurt Warner,0.0826077191306278,0.0912727989320844,0.5605708920153859,0.4394291079846141,0.08641540741839737
11,1,Kyle Massey,0.0935993628664889,0.1083058329456387,0.5605708920153859,0.4394291079846141,0.10006181389497211
11,1,Margaret Cho,0.0649723642997699,0.071713895149398,0.5605708920153859,0.4394291079846141,0.06793478918747273
11,1,Michael Bolton,0.0754820113038884,0.0673640533015048,0.5605708920153859,0.4394291079846141,0.07191474426024441
11,1,Rick Fox,0.0952309227694787,0.1004356859100776,0.5605708920153859,0.4394291079846141,0.09751804719362327
11,1,The Situation,0.0649723642997699,0.0716355893750646,0.5605708920153859,0.4394291079846141,0.06790037935090737
11,2,Audrina Patridge,0.1031784803565183,0.1172683620742916,0.5697412111395102,0.43025878886048985,0.109240775799595
11,2,Brandy,0.0941320262522677,0.1042105516969107,0.5697412111395102,0.43025878886048985,0.09846840040357943
11,2,Bristol Palin,0.0924305475207337,0.1187365771852284,0.5697412111395102,0.43025878886048985,0.1037489479839073
11,2,Florence Henderson,0.0938630767989903,0.0829555858359181,0.5697412111395102,0.43025878886048985,0.08917003294771211
11,2,Jennifer Grey,0.1154655072832832,0.1270101606619596,0.5697412111395102,0.43025878886048985,0.12043269586380667
11,2,Kurt Warner,0.0941320262522677,0.099116422667655,0.5697412111395102,0.43025878886048985,0.0962766066171528
11,2,Kyle Massey,0.0926599026851037,0.114162213322261,0.5697412111395102,0.43025878886048985,0.10191146081754902
11,2,Margaret Cho,0.0806845939305151,0.0465497350164955,0.5697412111395102,0.43025878886048985,0.06599777087624532
11,2,Michael Bolton,0.0586372187375369,0.0,0.5697412111395102,0.43025878886048985,0.03340804002137665
11,2,Rick Fox,0.0941320262522677,0.1060440958787386,0.5697412111395102,0.43025878886048985,0.0992572989025749
11,2,The Situation,0.0806845939305151,0.083946295660541,0.5697412111395102,0.43025878886048985,0.08208796976650021
11,3,Audrina Patridge,0.1168944209034428,0.1328419717218414,0.5949461816211791,0.40505381837882093,0.12335403725622546
11,3,Brandy,0.1080063942851613,0.1289027866110615,0.5949461816211791,0.40505381837882093,0.11647055778710907
11,3,Bristol Palin,0.0802094663828398,0.0964409670620376,0.5949461816211791,0.40505381837882093,0.08678409771096729
11,3,Florence Henderson,0.0991296182907614,0.0892732857342658,0.5949461816211791,0.40505381837882093,0.09513727315354137
11,3,Jennifer Grey,0.1159237392647199,0.1319472260335701,0.5949461816211791,0.40505381837882093,0.12241411376418519
11,3,Kurt Warner,0.1035061278566129,0.1055878307318799,0.5949461816211791,0.40505381837882093,0.10434932955496996
11,3,Kyle Massey,0.0972012082076462,0.1110668000129225,0.5949461816211791,0.40505381837882093,0.10281751911245546
11,3,Margaret Cho,0.081004795713871,0.0,0.5949461816211791,0.40505381837882093,0.0481934939029712
11,3,Rick Fox,0.1080063942851613,0.1295051180940093,0.5949461816211791,0.40505381837882093,0.11671453445420685
11,3,The Situation,0.0901178348097831,0.0744340139984115,0.5949461816211791,0.40505381837882093,0.08376504330336781
11,4,Audrina Patridge,0.1272617459686898,0.1389381768419024,0.6221049099809269,0.37789509001907307,0.13167421186462397
11,4,Brandy,0.1329819234389454,0.147920215281586,0.6221049099809269,0.37789509001907307,0.13862703057955125
11,4,Bristol Palin,0.0833321197888512,0.1140638298214219,0.6221049099809269,0.37789509001907307,0.09494548211804955
11,4,Florence Henderson,0.1064833204313546,0.0907120437152316,0.6221049099809269,0.37789509001907307,0.1005234323969996
11,4,Jennifer Grey,0.1665009409655047,0.1607759748819048,0.6221049099809269,0.37789509001907307,0.16433750439198658
11,4,Kurt Warner,0.0940162651089534,0.0906382478737387,0.6221049099809269,0.37789509001907307,0.09273972898176597
11,4,Kyle Massey,0.1037867861041454,0.1341138728540818,0.6221049099809269,0.37789509001907307,0.11524724328152885
11,4,Rick Fox,0.1082433735144699,0.1228376387301327,0.6221049099809269,0.37789509001907307,0.11375847468190503
11,4,The Situation,0.0773935246790853,0.0,0.6221049099809269,0.37789509001907307,0.048146891703589004
11,5,Audrina Patridge,0.1253751448575484,0.1322784041984299,0.6503290273024673,0.34967097269753267,0.12778901426605777
11,5,Brandy,0.1469665237662489,0.1743368469834294,0.6503290273024673,0.34967097269753267,0.15653713130864627
11,5,Bristol Palin,0.0919096183864701,0.1052319044529989,0.6503290273024673,0.34967097269753267,0.09656803511390802
11,5,Florence Henderson,0.1257380258889018,0.0,0.6503290273024673,0.34967097269753267,0.08177108807126196
11,5,Jennifer Grey,0.1464448665485519,0.1704431529163813,0.6503290273024673,0.34967097269753267,0.15483637068586475
11,5,Kurt Warner,0.1306369100144434,0.1500664824316698,0.6503290273024673,0.34967097269753267,0.13743086750067213
11,5,Kyle Massey,0.1022920005233917,0.1107095145405781,0.6503290273024673,0.34967097269753267,0.10523536083747638
11,5,Rick Fox,0.1306369100144434,0.1569336944765123,0.6503290273024673,0.34967097269753267,0.1398321322161124
11,6,Audrina Patridge,0.1556170111327308,0.0,0.6777829881048968,0.3222170118951032,0.10547456280549528
11,6,Brandy,0.1751913214781663,0.2523691112558964,0.6777829881048968,0.3222170118951032,0.20005931828501494
11,6,Bristol Palin,0.1278457002599127,0.1457076664029208,0.6777829881048968,0.3222170118951032,0.13360112961708429
11,6,Jennifer Grey,0.1514973186768781,0.1057198480449466,0.6777829881048968,0.3222170118951032,0.13674703887774128
11,6,Kurt Warner,0.1069868775185771,0.1008742936615814,0.6777829881048968,0.3222170118951032,0.10501729901321771
11,6,Kyle Massey,0.1369699111726761,0.1949499721040775,0.6777829881048968,0.3222170118951032,0.15565207315548826
11,6,Rick Fox,0.1458918597610586,0.2003791085305771,0.6777829881048968,0.3222170118951032,0.163448578245958
11,7,Brandy,0.1766940792149742,0.2350636852098527,0.7020664219851792,0.2979335780148208,0.19408434477634368
11,7,Bristol Palin,0.1472121919505898,0.0785152618442775,0.7020664219851792,0.2979335780148208,0.1267450697653821
11,7,Jennifer Grey,0.1892136520015528,0.2942049128227659,0.7020664219851792,0.2979335780148208,0.22049407399830406
11,7,Kurt Warner,0.1686680330229661,0.2136202023231703,0.7020664219851792,0.2979335780148208,0.18206079366210393
11,7,Kyle Massey,0.1516009394354677,0.1785959377999335,0.7020664219851792,0.2979335780148208,0.15964365588669724
11,7,Rick Fox,0.1666111043744491,0.0,0.7020664219851792,0.2979335780148208,0.11697206191116871
11,8,Brandy,0.2170343568415584,0.2687646734942506,0.7261224427977215,0.27387755720227847,0.2312021295996981
11,8,Bristol Palin,0.1679525384453787,0.2044884881756666,0.7261224427977215,0.27387755720227847,0.1779589151075752
11,8,Jennifer Grey,0.2327689191599438,0.3022763784036514,0.7261224427977215,0.27387755720227847,0.25180545230494733
11,8,Kurt Warner,0.1826284604331916,0.0,0.7261224427977215,0.27387755720227847,0.1326106238141361
11,8,Kyle Massey,0.1996157251199273,0.2244704599264313,0.7261224427977215,0.27387755720227847,0.20642287917364305
11,9,Brandy,0.2526399839416823,0.0,0.75,0.25,0.18947998795626173
11,9,Bristol Palin,0.2203620983065192,0.251576196517055,0.75,0.25,0.22816562285915315
11,9,Jennifer Grey,0.2854311671972268,0.4207488869960992,0.75,0.25,0.3192605971469449
11,9,Kyle Massey,0.2415667505545717,0.3276749164868456,0.75,0.25,0.26309379203764016
12,2,Chelsea Kane,0.0772204906418894,0.0982692751075313,0.5579237585321141,0.44207624146788593,0.086525658165928
12,2,Chris Jericho,0.1049456296251405,0.1275199158446773,0.5579237585321141,0.44207624146788593,0.11492518523089362
12,2,Hines Ward,0.1049456296251405,0.1253582490092475,0.5579237585321141,0.44207624146788593,0.11396956368098102
12,2,Kendra Wilkinson,0.0866286307849517,0.0960940663358074,0.5579237585321141,0.44207624146788593,0.09081307495713051
12,2,Kirstie Alley,0.0995253459359816,0.1013730595605134,0.5579237585321141,0.44207624146788593,0.10034217623042363
12,2,Mike Catherwood,0.0776497093200692,0.0,0.5579237585321141,0.44207624146788593,0.04332261767277914
12,2,Petra Nemcova,0.0818877609152139,0.0842034987879929,0.5579237585321141,0.44207624146788593,0.08291149361023688
12,2,Ralph Macchio,0.1025389107082371,0.1066367107412801,0.5579237585321141,0.44207624146788593,0.10435045074513173
12,2,Romeo,0.0979743415892449,0.1219142197370114,0.5579237585321141,0.44207624146788593,0.10855759294200869
12,2,Sugar Ray Leonard,0.0833417754270654,0.0581313763284146,0.5579237585321141,0.44207624146788593,0.07219685694762848
12,2,Wendy Williams,0.0833417754270654,0.0804996285475239,0.5579237585321141,0.44207624146788593,0.08208532981685801
12,3,Chelsea Kane,0.0992275329706344,0.1316348704931763,0.57490207765318,0.42509792234682,0.1130038248202591
12,3,Chris Jericho,0.0965805896386842,0.1127877920390883,0.57490207765318,0.42509792234682,0.10347023770615038
12,3,Hines Ward,0.114976892427005,0.1392383746105755,0.57490207765318,0.42509792234682,0.12529039809629522
12,3,Kendra Wilkinson,0.1060086939553751,0.1235381604517847,0.57490207765318,0.42509792234682,0.113460433742847
12,3,Kirstie Alley,0.1052843588452759,0.1112169368900562,0.57490207765318,0.42509792234682,0.10780628544627235
12,3,Petra Nemcova,0.1147469395044744,0.1380192509976996,0.57490207765318,0.42509792234682,0.12463995076845247
12,3,Ralph Macchio,0.1036603727530039,0.1050101079707836,0.57490207765318,0.42509792234682,0.10423414238980039
12,3,Romeo,0.0865005224980925,0.0766657175267451,0.57490207765318,0.42509792234682,0.08231976733808655
12,3,Sugar Ray Leonard,0.0989709740124515,0.0618887890200903,0.57490207765318,0.42509792234682,0.08320741421611833
12,3,Wendy Williams,0.0740431233950028,0.0,0.57490207765318,0.42509792234682,0.04256754547571789
12,4,Chelsea Kane,0.1171100908856368,0.1615851754849862,0.6110827934878806,0.38891720651211936,0.13440721654740595
12,4,Chris Jericho,0.1104450134529106,0.1222952037998758,0.6110827934878806,0.38891720651211936,0.11505375637928919
12,4,Hines Ward,0.1200086879185206,0.1466073212507274,0.6110827934878806,0.38891720651211936,0.13035335409112261
12,4,Kendra Wilkinson,0.0863815749227537,0.0763398752630258,0.6110827934878806,0.38891720651211936,0.08247618514245862
12,4,Kirstie Alley,0.1151294100570772,0.1036250603941069,0.6110827934878806,0.38891720651211936,0.11065517052341615
12,4,Petra Nemcova,0.1104450134529106,0.1278259000245233,0.6110827934878806,0.38891720651211936,0.11720473930504623
12,4,Ralph Macchio,0.1288058539482142,0.1443345034935797,0.6110827934878806,0.38891720651211936,0.13484521295030344
12,4,Romeo,0.1035083425311682,0.1173869602891746,0.6110827934878806,0.38891720651211936,0.10890597577986155
12,4,Sugar Ray Leonard,0.1081660128308076,0.0,0.6110827934878806,0.38891720651211936,0.06609838928109585
12,5,Chelsea Kane,0.1254726299379684,0.1686708900763974,0.6372080403457182,0.3627919596542818,0.14114461138724452
12,5,Chris Jericho,0.1337565938764812,0.1712117237567551,0.6372080403457182,0.3627919596542818,0.1473450138448514
12,5,Hines Ward,0.13871054228711,0.1801156981103048,0.6372080403457182,0.3627919596542818,0.15373199990799774
12,5,Kendra Wilkinson,0.1130601006428313,0.0799745411610102,0.6372080403457182,0.3627919596542818,0.10105692568216312
12,5,Kirstie Alley,0.1290094106420566,0.1351010511353189,0.6372080403457182,0.3627919596542818,0.1312194088341166
12,5,Petra Nemcova,0.1131701880917232,0.0,0.6372080403457182,0.3627919596542818,0.07211295377948328
12,5,Ralph Macchio,0.1213479045838605,0.1230991742226423,0.6372080403457182,0.3627919596542818,0.12198325112799718
12,5,Romeo,0.1254726299379684,0.1418269215375709,0.6372080403457182,0.3627919596542818,0.13140583543614576
12,6,Chelsea Kane,0.1451946212898847,0.2175185732098765,0.6648038889257115,0.3351961110742885,0.16943732871098977
12,6,Chris Jericho,0.1218980820708688,0.0,0.6648038889257115,0.3351961110742885,0.08103831901329912
12,6,Hines Ward,0.1494663135935425,0.1776947274383593,0.6648038889257115,0.3351961110742885,0.1589283681361207
12,6,Kendra Wilkinson,0.1385054502479291,0.1285869216807809,0.6648038889257115,0.3351961110742885,0.13518079804464178
12,6,Kirstie Alley,0.1571428195210166,0.1654889570771033,0.6648038889257115,0.3351961110742885,0.15994041237230794
12,6,Ralph Macchio,0.1425980919868733,0.1041971672898079,0.6648038889257115,0.3351961110742885,0.12972625136676036
12,6,Romeo,0.1451946212898847,0.206513653304072,0.6648038889257115,0.3351961110742885,0.16574852235588008
12,7,Chelsea Kane,0.1581156046833162,0.3126326044056332,0.6946021374023997,0.30539786259760027,0.2053047661335058
12,7,Hines Ward,0.1737861745128907,0.2815158143637324,0.6946021374023997,0.30539786259760027,0.20668657626174702
12,7,Kendra Wilkinson,0.1605799565236739,0.0,0.6946021374023997,0.30539786259760027,0.11153918102532832
12,7,Kirstie Alley,0.1724780380219286,0.0422473846984528,0.6946021374023997,0.30539786259760027,0.13270587485225002
12,7,Ralph Macchio,0.1867993660223382,0.3189417511435438,0.6946021374023997,0.30539786259760027,0.22715536799690333
12,7,Romeo,0.1482408602358521,0.0446624453886377,0.6946021374023997,0.30539786259760027,0.11660823373026527
12,8,Chelsea Kane,0.1972324393287043,0.3355763153648309,0.7226624147554109,0.27733758524458907,0.23560039584194042
12,8,Hines Ward,0.2065252072115578,0.2872366637059695,0.7226624147554109,0.27733758524458907,0.2289095276572916
12,8,Kirstie Alley,0.2209157812847213,0.2393950093367898,0.7226624147554109,0.27733758524458907,0.22604076576986606
12,8,Ralph Macchio,0.1887226210977016,0.1377920115924096,0.7226624147554109,0.27733758524458907,0.1745976488424688
12,8,Romeo,0.1866039510773147,0.0,0.7226624147554109,0.27733758524458907,0.1348516618884328
12,9,Chelsea Kane,0.2864054962693103,0.4226523636948111,0.75,0.25,0.3204672131256855
12,9,Hines Ward,0.2512877161738058,0.3300670777115092,0.75,0.25,0.27098255655823167
12,9,Kirstie Alley,0.2465402164537037,0.2472805585936797,0.75,0.25,0.2467253019886977
12,9,Ralph Macchio,0.2157665711031801,0.0,0.75,0.25,0.16182492832738507
13,1,Carson Kressley,0.0787651647943886,0.0830877287495823,0.5546145035570187,0.4453854964429813,0.08069037208747909
13,1,Chaz Bono,0.0787651647943886,0.0836323340451,0.5546145035570187,0.4453854964429813,0.08093293138738872
13,1,Chynna Phillips,0.1017544102892807,0.1081337006796338,0.5546145035570187,0.4453854964429813,0.10459565370674206
13,1,David Arquette,0.0833167269616935,0.0898458074730296,0.5546145035570187,0.4453854964429813,0.08622468472655112
13,1,Elisabetta Canalis,0.0694306058014112,0.0714473336197517,0.5546145035570187,0.4453854964429813,0.07032882712197315
13,1,Hope Solo,0.0972028481219758,0.1030859367604263,0.5546145035570187,0.4453854964429813,0.09982309047583013
13,1,J.R. Martinez,0.1017544102892807,0.1105337747776658,0.5546145035570187,0.4453854964429813,0.10566461190039397
13,1,Kristin Cavallari,0.0824263313354587,0.0977797225374077,0.5546145035570187,0.4453854964429813,0.08926450909802205
13,1,Metta World Peace (Ron),0.0648790436341063,0.0,0.5546145035570187,0.4453854964429813,0.03598285857638402
13,1,Nancy Grace,0.0796537869611997,0.0657666487322903,0.5546145035570187,0.4453854964429813,0.07346865700694458
13,1,Ricki Lake,0.0926512859546708,0.1028897646479372,0.5546145035570187,0.4453854964429813,0.09721135587029214
13,1,Rob Kardashian,0.069400221062145,0.0837972479771748,0.5546145035570187,0.4453854964429813,0.0758124480419985
13,2,Carson Kressley,0.0811048646929623,0.0571206109619397,0.5829960449207766,0.4170039550792234,0.07110333602750225
13,2,Chaz Bono,0.0768416593429697,0.0335709435881994,0.5829960449207766,0.4170039550792234,0.05879759973412162
13,2,Chynna Phillips,0.0946223421417894,0.1128722459008431,0.5829960449207766,0.4170039550792234,0.10223262418912998
13,2,David Arquette,0.0811048646929623,0.0715005668792134,0.5829960449207766,0.4170039550792234,0.07709983451887027
13,2,Elisabetta Canalis,0.0946223421417894,0.0,0.5829960449207766,0.4170039550792234,0.05516445122980375
13,2,Hope Solo,0.0853680700429549,0.0866970486419558,0.5829960449207766,0.4170039550792234,0.08592225937495393
13,2,J.R. Martinez,0.09940544849096,0.1333576121039338,0.5829960449207766,0.4170039550792234,0.11356363500106698
13,2,Kristin Cavallari,0.0929563372135606,0.1414509051771933,0.5829960449207766,0.4170039550792234,0.11317876385425364
13,2,Nancy Grace,0.1013353722652393,0.1020406851036208,0.5829960449207766,0.4170039550792234,0.10162949050841254
13,2,Ricki Lake,0.1038766142406238,0.1505359222019186,0.5829960449207766,0.4170039550792234,0.12333373020174324
13,2,Rob Kardashian,0.0887620847341878,0.1108534594411816,0.5829960449207766,0.4170039550792234,0.09797427536014133
13,3,Carson Kressley,0.0978076632277044,0.0344860911979412,0.606500105972192,0.39349989402780805,0.07289063134431836
13,3,Chaz Bono,0.0763790874941701,0.0480736300758167,0.606500105972192,0.39349989402780805,0.06524089299963941
13,3,Chynna Phillips,0.1103253486026902,0.1639436156961628,0.606500105972192,0.39349989402780805,0.1314241310219264
13,3,David Arquette,0.1018387833255602,0.0968759389828152,0.606500105972192,0.39349989402780805,0.09988590460261354
13,3,Hope Solo,0.1018387833255602,0.1236964885579682,0.606500105972192,0.39349989402780805,0.11043978801820381
13,3,J.R. Martinez,0.1105375111433994,0.1486784880871056,0.606500105972192,0.39349989402780805,0.12554598152886484
13,3,Kristin Cavallari,0.0955315891591925,0.0,0.606500105972192,0.39349989402780805,0.05793991894874216
13,3,Nancy Grace,0.0956410133212748,0.0370416460441856,0.606500105972192,0.39349989402780805,0.0725821685076436
13,3,Ricki Lake,0.1145686312412552,0.1923667917437224,0.606500105972192,0.39349989402780805,0.14518219915453445
13,3,Rob Kardashian,0.0955315891591925,0.154837309614282,0.606500105972192,0.39349989402780805,0.11886838387351303
13,4,Carson Kressley,0.0958882176373543,0.0548799899071371,0.6298839157777794,0.37011608422222064,0.08071041296895323
13,4,Chaz Bono,0.1003689770537894,0.0879285426174855,0.6298839157777794,0.37011608422222064,0.09576457217420134
13,4,Chynna Phillips,0.1003689770537894,0.0,0.6298839157777794,0.37011608422222064,0.06322080428925095
13,4,David Arquette,0.1102266429307528,0.1327418775436017,0.6298839157777794,0.37011608422222064,0.11855989340100503
13,4,Hope Solo,0.1147074023471879,0.1514805304447558,0.6298839157777794,0.37011608422222064,0.12831772852326184
13,4,J.R. Martinez,0.124206609406514,0.1598594417589563,0.6298839157777794,0.37011608422222064,0.13740229610823124
13,4,Nancy Grace,0.1077264656713816,0.0790137789063604,0.6298839157777794,0.37011608422222064,0.09709943847841276
13,4,Ricki Lake,0.1389034935175497,0.1763594163841871,0.6298839157777794,0.37011608422222064,0.15276653301987908
13,4,Rob Kardashian,0.1076032143816803,0.1577364224375158,0.6298839157777794,0.37011608422222064,0.12615832103680402
13,5,Carson Kressley,0.1008616881555465,0.0,0.651077568369757,0.34892243163024295,0.06566878266598195
13,5,Chaz Bono,0.1117138942605344,0.062854144287381,0.651077568369757,0.34892243163024295,0.09466563149105602
13,5,David Arquette,0.1330991250645334,0.1780862166660618,0.651077568369757,0.34892243163024295,0.14879613045811116
13,5,Hope Solo,0.1276730220120394,0.1357909017477259,0.651077568369757,0.34892243163024295,0.130505532349097
13,5,J.R. Martinez,0.1487390714100613,0.1901976303668327,0.651077568369757,0.34892243163024295,0.16320489261314375
13,5,Nancy Grace,0.1253842968606666,0.0870318641755481,0.651077568369757,0.34892243163024295,0.11200227278923984
13,5,Ricki Lake,0.1276730220120394,0.1609227522790159,0.651077568369757,0.34892243163024295,0.1392745987478425
13,5,Rob Kardashian,0.1248558802245788,0.1851164904774344,0.651077568369757,0.34892243163024295,0.14588215888552752
13,6,Chaz Bono,0.1138975764284875,0.0,0.676836237040829,0.32316376295917104,0.07709000703792769
13,6,David Arquette,0.138381353650045,0.1637923115975745,0.676836237040829,0.32316376295917104,0.1465932544407659
13,6,Hope Solo,0.1203785755399634,0.1372210058986233,0.676836237040829,0.32316376295917104,0.1258214387120457
13,6,J.R. Martinez,0.1743869098702081,0.1935961836690634,0.676836237040829,0.32316376295917104,0.1805946510747592
13,6,Nancy Grace,0.1548373213368322,0.1310556155793248,0.676836237040829,0.32316376295917104,0.1471519358146483
13,6,Ricki Lake,0.1743869098702081,0.2116849602276332,0.676836237040829,0.32316376295917104,0.18644028817475428
13,6,Rob Kardashian,0.1237313533042554,0.1626499230277807,0.676836237040829,0.32316376295917104,0.13630842474509872
13,7,David Arquette,0.1604003509555958,0.0,0.7012546061745477,0.2987453938254523,0.11248148493962556
13,7,Hope Solo,0.1706169339026755,0.2053789323587286,0.7012546061745477,0.2987453938254523,0.18100192082158884
13,7,J.R. Martinez,0.1637572283972871,0.1657053821348399,0.7012546061745477,0.2987453938254523,0.16433923035284484
13,7,Nancy Grace,0.1611929004726,0.0924198376962769,0.7012546061745477,0.2987453938254523,0.1406472647489048
13,7,Ricki Lake,0.1808335168497552,0.2840903363831834,0.7012546061745477,0.2987453938254523,0.21168101606643286
13,7,Rob Kardashian,0.1631990694220863,0.2524055114269711,0.7012546061745477,0.2987453938254523,0.189849083070603
13,8,Hope Solo,0.2005245924508983,0.2685310139383156,0.7259644252158453,0.27403557478415475,0.21916077125221617
13,8,J.R. Martinez,0.2315972177132934,0.2752207676645241,0.7259644252158453,0.27403557478415475,0.24355162229830418
13,8,Nancy Grace,0.1824949747468281,0.0,0.7259644252158453,0.27403557478415475,0.13248485944686125
13,8,Ricki Lake,0.2007175886848542,0.2374095401937907,0.7259644252158453,0.27403557478415475,0.21077248870655796
13,8,Rob Kardashian,0.1846656264041259,0.2188386782033696,0.7259644252158453,0.27403557478415475,0.19403025829606035
13,9,Hope Solo,0.2103199536405376,0.0,0.75,0.25,0.1577399652304032
13,9,J.R. Martinez,0.2403676234881531,0.1994795852506876,0.75,0.25,0.23014561392878674
13,9,Ricki Lake,0.2877964465936806,0.4299613558765392,0.75,0.25,0.3233376739143952
13,9,Rob Kardashian,0.2615159762776285,0.3705590588727731,0.75,0.25,0.28877674692641464
14,2,Donald Driver,0.0874160350863466,0.0905895304358504,0.525393538756867,0.474606461243133,0.08892219648394614
14,2,Gavin DeGraw,0.0764890307005533,0.0812879720343465,0.525393538756867,0.474606461243133,0.07876663926469829
14,2,Gladys Knight,0.0767075693578284,0.059760829315686,0.525393538756867,0.474606461243133,0.06866453703681989
14,2,Jack Wagner,0.0820960139464659,0.0705698240933969,0.525393538756867,0.474606461243133,0.07662560976868432
14,2,Jaleel White,0.0802141456288861,0.0883993614868125,0.525393538756867,0.474606461243133,0.08409890196172773
14,2,Katherine Jenkins,0.0949656011026944,0.1166164840148535,0.525393538756867,0.474606461243133,0.10524125002442365
14,2,Maria Menounos,0.0911411500146795,0.1098447737111768,0.525393538756867,0.474606461243133,0.10001801066969729
14,2,Martina Navratilova,0.0677886156667007,0.0,0.525393538756867,0.474606461243133,0.03561570067255708
14,2,Melissa Gilbert,0.0784709944509668,0.0729723290741326,0.525393538756867,0.474606461243133,0.07586129233490738
14,2,Roshon Fegan,0.0890840845947278,0.1098346906190197,0.525393538756867,0.474606461243133,0.09893245628856742
14,2,Sherri Sheperd,0.0840385967169011,0.0932533753166989,0.525393538756867,0.474606461243133,0.08841199017929008
14,2,William Levy,0.0915881627332489,0.1068708298980256,0.525393538756867,0.474606461243133,0.0988414153146802
14,3,Donald Driver,0.091458621561435,0.104540026913012,0.5819195802762894,0.4180804197237106,0.0969277010013983
14,3,Gavin DeGraw,0.0843908851077189,0.082142219179465,0.5819195802762894,0.4180804197237106,0.0834507619126161
14,3,Gladys Knight,0.0928299736184908,0.0735429596043833,0.5819195802762894,0.4180804197237106,0.08476645070425565
14,3,Jack Wagner,0.0905771091266787,0.0,0.5819195802762894,0.4180804197237106,0.05270859332563653
14,3,Jaleel White,0.0879774973766863,0.1003958591189272,0.5819195802762894,0.4180804197237106,0.09316937126616325
14,3,Katherine Jenkins,0.1020074821998999,0.1324994102910595,0.5819195802762894,0.4180804197237106,0.1147555602944371
14,3,Maria Menounos,0.0949397457461838,0.1217951321032874,0.5819195802762894,0.4180804197237106,0.10616745694620408
14,3,Melissa Gilbert,0.0905771091266787,0.0750474938597761,0.5819195802762894,0.4180804197237106,0.08408448105774431
14,3,Roshon Fegan,0.0824298210975763,0.0966501900973356,0.5819195802762894,0.4180804197237106,0.0883750789376217
14,3,Sherri Sheperd,0.0843908851077189,0.0891637463392233,0.5819195802762894,0.4180804197237106,0.08638632493466929
14,3,William Levy,0.0984208699309325,0.12422296249353,0.5819195802762894,0.4180804197237106,0.1092082196192533
14,4,Donald Driver,0.1148441719891922,0.1381940998475953,0.609311585851198,0.39068841414880195,0.12396671827468064
14,4,Gavin DeGraw,0.0977998386249605,0.1111629556749912,0.609311585851198,0.39068841414880195,0.1030206536333218
14,4,Gladys Knight,0.0937438335032747,0.0513697766553523,0.609311585851198,0.39068841414880195,0.07718878043230872
14,4,Jaleel White,0.0936982605656364,0.0929197225545027,0.609311585851198,0.39068841414880195,0.09339409478471201
14,4,Katherine Jenkins,0.1020837084348375,0.1264785444143364,0.609311585851198,0.39068841414880195,0.11161448821708805
14,4,Maria Menounos,0.1107425939298682,0.1424317477082554,0.609311585851198,0.39068841414880195,0.12312317916526382
14,4,Melissa Gilbert,0.1002732744390368,0.1017820233057401,0.609311585851198,0.39068841414880195,0.10086272514111791
14,4,Roshon Fegan,0.1038839589423507,0.1270606008349722,0.609311585851198,0.39068841414880195,0.11293880440867368
14,4,Sherri Sheperd,0.0893232448804828,0.0,0.609311585851198,0.39068841414880195,0.05442568799150188
14,4,William Levy,0.0936071146903599,0.108600529004254,0.609311585851198,0.39068841414880195,0.09946486795133114
14,5,Donald Driver,0.1195440260582308,0.1386192900082397,0.6320438873156425,0.36795611268435746,0.12656288602970414
14,5,Gavin DeGraw,0.0840782793377144,0.0,0.6320438873156425,0.36795611268435746,0.05314116251141948
14,5,Gladys Knight,0.1070596757817446,0.0542472787137522,0.6320438873156425,0.36795611268435746,0.08762703145506337
14,5,Jaleel White,0.1059895891655174,0.1237266714712853,0.6320438873156425,0.36795611268435746,0.11251605702111026
14,5,Katherine Jenkins,0.128308549989352,0.1667546292464019,0.6320438873156425,0.36795611268435746,0.1424550198607308
14,5,Maria Menounos,0.1192382878112071,0.1573939030776109,0.6320438873156425,0.36795611268435746,0.13327787968171295
14,5,Melissa Gilbert,0.0995392067567196,0.0608254264604957,0.6320438873156425,0.36795611268435746,0.08529423465160477
14,5,Roshon Fegan,0.1079338351101618,0.126235794687895,0.6320438873156425,0.36795611268435746,0.11466815301089076
14,5,William Levy,0.128308549989352,0.172197006334319,0.6320438873156425,0.36795611268435746,0.1444575757777632
14,6,Donald Driver,0.130298120988464,0.1405725168338074,0.6609644033145196,0.33903559668548044,0.13378150691447283
14,6,Gladys Knight,0.1011729562173844,0.0,0.6609644033145196,0.33903559668548044,0.06687172263778948
14,6,Jaleel White,0.141968859891616,0.1639611189352944,0.6609644033145196,0.33903559668548044,0.14942501855895116
14,6,Katherine Jenkins,0.1496338610177671,0.1793986972401864,0.6609644033145196,0.33903559668548044,0.1597252000266806
14,6,Maria Menounos,0.1148295289650215,0.1184654468840471,0.6609644033145196,0.33903559668548044,0.11606223456619777
14,6,Melissa Gilbert,0.1233970227874942,0.1369680992491921,0.6609644033145196,0.33903559668548044,0.12799810079335022
14,6,Roshon Fegan,0.1005274936682428,0.1012577565681254,0.6609644033145196,0.33903559668548044,0.10077507878624177
14,6,William Levy,0.1381721564640097,0.1593763642893469,0.6609644033145196,0.33903559668548044,0.14536113771631584
14,7,Donald Driver,0.1444283215290583,0.1782517571252459,0.6911705876189222,0.30882941238107775,0.15487399326893814
14,7,Jaleel White,0.1388372849421301,0.0,0.6911705876189222,0.30882941238107775,0.09596024781686781
14,7,Katherine Jenkins,0.1469993828374408,0.2267076392364987,0.6911705876189222,0.30882941238107775,0.17161563682308212
14,7,Maria Menounos,0.1551614807327515,0.2382967791855018,0.6911705876189222,0.30882941238107775,0.18083610610203987
14,7,Melissa Gilbert,0.1374947230589817,0.0571873489367271,0.6911705876189222,0.30882941238107775,0.11269344389893844
14,7,Roshon Fegan,0.1326504853705792,0.0966316802227206,0.6911705876189222,0.30882941238107775,0.12152681894209749
14,7,William Levy,0.1444283215290583,0.2029247952933055,0.6911705876189222,0.30882941238107775,0.16249375314803588
14,8,Donald Driver,0.1679699665690129,0.2126825353730611,0.7212215030863188,0.2787784969136812,0.180434869293355
14,8,Katherine Jenkins,0.1679699665690129,0.234996163038637,0.7212215030863188,0.2787784969136812,0.18665542887465578
14,8,Maria Menounos,0.162475619502444,0.2089006509085152,0.7212215030863188,0.2787784969136812,0.17541791997699896
14,8,Melissa Gilbert,0.1670846248872501,0.0,0.7212215030863188,0.2787784969136812,0.12050502430379627
14,8,Roshon Fegan,0.1605122399300819,0.0684313130628031,0.7212215030863188,0.2787784969136812,0.13484205754360332
14,8,William Levy,0.1739875825421979,0.2749893376169834,0.7212215030863188,0.2787784969136812,0.20214470000759038
14,9,Donald Driver,0.2478273464607817,0.2838213617913557,0.75,0.25,0.2568258502934252
14,9,Katherine Jenkins,0.2436268823722547,0.2383260262866481,0.75,0.25,0.24230166835085304
14,9,Maria Menounos,0.2566628036075637,0.0,0.75,0.25,0.19249710270567277
14,9,William Levy,0.2518829675593997,0.4778526119219961,0.75,0.25,0.3083753786500488
15,1,Apolo Anton Ohno,0.079507258650708,0.0921434444763255,0.5482100130566535,0.4517899869433465,0.08521616087987743
15,1,Bristol Palin,0.0660434427555074,0.07239462340752,0.5482100130566535,0.4517899869433465,0.06891284257935501
15,1,Drew Lachey,0.0776762450432356,0.0830749822705191,0.5482100130566535,0.4517899869433465,0.08011534046466057
15,1,Emmitt Smith,0.088378650081756,0.1038363057806247,0.5482100130566535,0.4517899869433465,0.09536226414812263
15,1,Gilles Marini,0.0866507916038524,0.0970505536685961,0.5482100130566535,0.4517899869433465,0.09134929997129687
15,1,Helio Castroneves,0.0775473011312745,0.0820982412741389,0.5482100130566535,0.4517899869433465,0.07960337031899917
15,1,Joey Fatone,0.0739884290458984,0.0567905536137829,0.5482100130566535,0.4517899869433465,0.06621860112896964
15,1,Kelly Monaco,0.0776762450432356,0.0878884847229492,0.5482100130566535,0.4517899869433465,0.08229003267479573
15,1,Kirstie Alley,0.0748649303959967,0.0616349915279323,0.5482100130566535,0.4517899869433465,0.06888777648753261
15,1,Melissa Rycroft,0.0758194426533709,0.0712313212767403,0.5482100130566535,0.4517899869433465,0.07374657535652848
15,1,Pamela Anderson,0.0659322544480281,0.0,0.5482100130566535,0.4517899869433465,0.036144722071808084
15,1,Sabrina Bryan,0.0812351171286117,0.0936102689224597,0.5482100130566535,0.4517899869433465,0.08682608679597623
15,1,Shawn Johnson,0.0746798920185243,0.0982462290584108,0.5482100130566535,0.4517899869433465,0.08532692712207712
15,2,Apolo Anton Ohno,0.0889874092578252,0.0901070562213903,0.5817246579446472,0.4182753420553528,0.08945572997449162
15,2,Bristol Palin,0.0613607158149093,0.0727944301376717,0.5817246579446472,0.4182753420553528,0.06614315658422593
15,2,Drew Lachey,0.0817648473344606,0.0728433069309968,0.5817246579446472,0.4182753420553528,0.07803318697054112
15,2,Emmitt Smith,0.0817648473344606,0.0922504931077028,0.5817246579446472,0.4182753420553528,0.08615073440693474
15,2,Gilles Marini,0.0926668269790554,0.1130248387594476,0.5817246579446472,0.4182753420553528,0.10118208132006586
15,2,Helio Castroneves,0.0835364194355278,0.0776622763061651,0.5817246579446472,0.4182753420553528,0.08107941020881151
15,2,Joey Fatone,0.0817648473344606,0.0,0.5817246579446472,0.4182753420553528,0.047564627847535394
15,2,Kelly Monaco,0.0799478507270282,0.0758331011105727,0.5817246579446472,0.4182753420553528,0.07822675242373314
15,2,Kirstie Alley,0.0831912042495925,0.0712060974191289,0.5817246579446472,0.4182753420553528,0.07817812959051039
15,2,Melissa Rycroft,0.0853534160429603,0.0983220585543619,0.5817246579446472,0.4182753420553528,0.0907778794254104
15,2,Sabrina Bryan,0.0944383990801226,0.1190213483095818,0.5817246579446472,0.4182753420553528,0.10472084057780401
15,2,Shawn Johnson,0.0852232164095963,0.1169349931429801,0.5817246579446472,0.4182753420553528,0.09848747066993539
15,3,Apolo Anton Ohno,0.09220522363536,0.1127147488525612,0.6096383114993943,0.3903616885006057,0.10021135652949242
15,3,Bristol Palin,0.076095016225602,0.0720597996289937,0.6096383114993943,0.3903616885006057,0.0745198222614843
15,3,Drew Lachey,0.0865268985921496,0.0,0.6096383114993943,0.3903616885006057,0.0527501123569974
15,3,Emmitt Smith,0.0903124486209565,0.0924863859150114,0.6096383114993943,0.3903616885006057,0.09116107045375821
15,3,Gilles Marini,0.0919348297541589,0.1100787100772038,0.6096383114993943,0.3903616885006057,0.09901750551301562
15,3,Helio Castroneves,0.0919348297541589,0.0235390593165322,0.6096383114993943,0.3903616885006057,0.06523574131982712
15,3,Kelly Monaco,0.0973427609161683,0.1386358387829339,0.6096383114993943,0.3903616885006057,0.11346199651562591
15,3,Kirstie Alley,0.0943246368160068,0.0772917372219126,0.6096383114993943,0.3903616885006057,0.0876756453703949
15,3,Melissa Rycroft,0.0973427609161683,0.1336089281533319,0.6096383114993943,0.3903616885006057,0.11149968319431283
15,3,Sabrina Bryan,0.0919348297541589,0.10815635117442,0.6096383114993943,0.3903616885006057,0.09826709024582077
15,3,Shawn Johnson,0.0900457650151113,0.1314284408770991,0.6096383114993943,0.3903616885006057,0.1061999762392701
15,4,Apolo Anton Ohno,0.1077542867099325,0.0731640635877707,0.6261720917780658,0.37382790822193424,0.09482349595524478
15,4,Bristol Palin,0.0938562637063513,0.0,0.6261720917780658,0.37382790822193424,0.05877017297147975
15,4,Emmitt Smith,0.1125594555779487,0.1245704292003597,0.6261720917780658,0.37382790822193424,0.11704949272292342
15,4,Gilles Marini,0.1236179275336288,0.1554227843610099,0.6261720917780658,0.37382790822193424,0.1355074706327068
15,4,Kelly Monaco,0.1172329769576583,0.1455892314232846,0.6261720917780658,0.37382790822193424,0.12783333624955226
15,4,Kirstie Alley,0.1022526900145625,0.0938579181744033,0.6261720917780658,0.37382790822193424,0.09911449001755539
15,4,Melissa Rycroft,0.1157848427380107,0.1305122356799014,0.6261720917780658,0.37382790822193424,0.12129035323504017
15,4,Sabrina Bryan,0.1109796738699944,0.1063217871275069,0.6261720917780658,0.37382790822193424,0.1092384258123156
15,4,Shawn Johnson,0.1159618828919124,0.1705615504457632,0.6261720917780658,0.37382790822193424,0.13637276240318147
15,6,Apolo Anton Ohno,0.1323238612482339,0.2210659713554035,0.6784727859546528,0.32152721404534723,0.16085686467949759
15,6,Emmitt Smith,0.1167563487096457,0.0808068153498531,0.6784727859546528,0.32152721404534723,0.10519759540224131
15,6,Gilles Marini,0.1212320084477339,0.0876236558192721,0.6784727859546528,0.32152721404534723,0.11042600845845096
15,6,Kelly Monaco,0.1190914751234105,0.0981565321825534,0.6784727859546528,0.32152721404534723,0.11236032124343842
15,6,Kirstie Alley,0.1323694744195442,0.1237970047671472,0.6784727859546528,0.32152721404534723,0.1296131921347207
15,6,Melissa Rycroft,0.129988734834469,0.188643293318049,0.6784727859546528,0.32152721404534723,0.14884777161475435
15,6,Sabrina Bryan,0.1323238612482339,0.0,0.6784727859546528,0.32152721404534723,0.08977813878936616
15,6,Shawn Johnson,0.1159142359687287,0.1999067272077213,0.6784727859546528,0.32152721404534723,0.14292010767753022
15,8,Apolo Anton Ohno,0.1466187151554808,0.1589498740495937,0.7268348705663439,0.2731651294336561,0.14998715777085814
15,8,Emmitt Smith,0.1453076260608819,0.1854672138681711,0.7268348705663439,0.2731651294336561,0.15627782506226234
15,8,Gilles Marini,0.1463291249514195,0.0685222881810079,0.7268348705663439,0.2731651294336561,0.12507501031420667
15,8,Kelly Monaco,0.1417482750558235,0.1840787845004547,0.7268348705663439,0.2731651294336561,0.15331149414725878
15,8,Kirstie Alley,0.1390041354475273,0.0,0.7268348705663439,0.2731651294336561,0.10103305279619003
15,8,Melissa Rycroft,0.1500150361529568,0.2121373851431578,0.7268348705663439,0.2731651294336561,0.16698469565558782
15,8,Shawn Johnson,0.13097708717591,0.1908444542576145,0.7268348705663439,0.2731651294336561,0.147330764253636
15,9,Apolo Anton Ohno,0.2056458095235304,0.0596261305806989,0.75,0.25,0.16914088978782252
15,9,Emmitt Smith,0.1939178285506612,0.0,0.75,0.25,0.1454383714129959
15,9,Kelly Monaco,0.1948117333635097,0.2354119144700815,0.75,0.25,0.20496177864015264
15,9,Melissa Rycroft,0.2066960347992862,0.3210299402463007,0.75,0.25,0.23527951116103982
15,9,Shawn Johnson,0.1989285937630122,0.3839320147029189,0.75,0.25,0.24517944899798888
16,2,Alexandra Raisman,0.0908460498082032,0.1041753775107436,0.5457723693312958,0.4542276306687042,0.09690059874893484
16,2,Andy Dick,0.0868666318934093,0.0918162274458436,0.5457723693312958,0.4542276306687042,0.0891148749539599
16,2,D. L. Hughley,0.0694190608157597,0.0631437746639158,0.5457723693312958,0.4542276306687042,0.06656865245523952
16,2,Dorothy Hamill,0.0659821206261314,0.0,0.5457723693312958,0.4542276306687042,0.036011218307627095
16,2,Ingo Rademacher,0.0805879558631112,0.0922600041071327,0.5457723693312958,0.4542276306687042,0.0858897226820439
16,2,Jacoby Jones,0.0930393124477684,0.0961591432136768,0.5457723693312958,0.4542276306687042,0.0944564257846543
16,2,Kellie Pickler,0.1051447993131966,0.1130763094340209,0.5457723693312958,0.4542276306687042,0.10874751036300348
16,2,Lisa Vanderpump,0.0779572346071651,0.075442863223832,0.5457723693312958,0.4542276306687042,0.07681513765109252
16,2,Sean Lowe,0.0809338255823403,0.090483405381947,0.5457723693312958,0.4542276306687042,0.08527150858859738
16,2,Victor Ortiz,0.0726329211925688,0.0819288237809848,0.5457723693312958,0.4542276306687042,0.07685537700023207
16,2,Wynonna Judd,0.0779572346071651,0.0798437874718247,0.5457723693312958,0.4542276306687042,0.07881415904501068
16,2,Zendaya,0.0986328532431805,0.1116702837660778,0.5457723693312958,0.4542276306687042,0.10455481441960399
16,3,Alexandra Raisman,0.0910992998870948,0.1199853904736042,0.5654977743304013,0.43450222566959873,0.10365037053782677
16,3,Andy Dick,0.0814848784546422,0.0392696943889317,0.5654977743304013,0.43450222566959873,0.0631422870210392
16,3,D. L. Hughley,0.0723178303287512,0.048204452126919,0.5654977743304013,0.43450222566959873,0.061840513831642324
16,3,Ingo Rademacher,0.0885729068743944,0.1039593879508763,0.5654977743304013,0.43450222566959873,0.09525836714734895
16,3,Jacoby Jones,0.1096608506739467,0.1290116908374202,0.5654977743304013,0.43450222566959873,0.1180688337935526
16,3,Kellie Pickler,0.1053384934709065,0.1260320873539827,0.5654977743304013,0.43450222566959873,0.1143299060702059
16,3,Lisa Vanderpump,0.0950656915304159,0.082839939300856,0.5654977743304013,0.43450222566959873,0.08975357497618705
16,3,Sean Lowe,0.0885729068743944,0.1016943985272437,0.5654977743304013,0.43450222566959873,0.09427422420166248
16,3,Victor Ortiz,0.0971138650991379,0.1143874286050209,0.5654977743304013,0.43450222566959873,0.10461926688768922
16,3,Wynonna Judd,0.0679040653788685,0.0,0.5654977743304013,0.43450222566959873,0.0383995978397362
16,3,Zendaya,0.1028692114274471,0.134615530435145,0.5654977743304013,0.43450222566959873,0.11666305769310892
16,4,Alexandra Raisman,0.1124246524380046,0.1433135462596856,0.5908242703006876,0.4091757296993124,0.1250636381070955
16,4,Andy Dick,0.1000474900603726,0.0895107739037299,0.5908242703006876,0.4091757296993124,0.0957361215383438
16,4,D. L. Hughley,0.1000474900603726,0.0971507813228175,0.5908242703006876,0.4091757296993124,0.09886222714895712
16,4,Ingo Rademacher,0.1023694491178478,0.1125631592400336,0.5908242703006876,0.4091757296993124,0.10654046789543645
16,4,Jacoby Jones,0.1065308104620217,0.119379900968815,0.5908242703006876,0.4091757296993124,0.11178834644611135
16,4,Kellie Pickler,0.1156858004256005,0.1385645833594995,0.5908242703006876,0.4091757296993124,0.1250472431272108
16,4,Lisa Vanderpump,0.0857549914803193,0.0,0.5908242703006876,0.4091757296993124,0.050666130266001336
16,4,Sean Lowe,0.0887201909000026,0.0898270699594681,0.5908242703006876,0.4091757296993124,0.08917309894684829
16,4,Victor Ortiz,0.0798981078465162,0.0746324542571652,0.5908242703006876,0.4091757296993124,0.0777435301967497
16,4,Zendaya,0.1085210172089417,0.1350577307287853,0.5908242703006876,0.4091757296993124,0.11937919632724531
16,5,Alexandra Raisman,0.1125366194668231,0.1478416583457921,0.617559128290849,0.382440871709151,0.12603870931142147
16,5,Andy Dick,0.0927076291993601,0.0132949973803434,0.617559128290849,0.382440871709151,0.06233699306177749
16,5,D. L. Hughley,0.0927076291993601,0.0,0.617559128290849,0.382440871709151,0.057252442674268086
16,5,Ingo Rademacher,0.1007718777195158,0.0982078209199296,0.617559128290849,0.382440871709151,0.09979127760197029
16,5,Jacoby Jones,0.1250051133611004,0.1468411669244401,0.617559128290849,0.382440871709151,0.13335611272055176
16,5,Kellie Pickler,0.1295638427822347,0.1648497302158865,0.617559128290849,0.382440871709151,0.14305860833139147
16,5,Sean Lowe,0.1151678602508752,0.1287213952072253,0.617559128290849,0.382440871709151,0.12035128597432218
16,5,Victor Ortiz,0.1007718777195158,0.1282133553812581,0.617559128290849,0.382440871709151,0.11126662035745973
16,5,Zendaya,0.1307675503012144,0.1720298756251246,0.617559128290849,0.382440871709151,0.14654794996683718
16,6,Alexandra Raisman,0.1304698607723834,0.1801665406480694,0.6435667452752246,0.3564332547247754,0.14818341012948938
16,6,Andy Dick,0.1233926376419516,0.0810227176175228,0.6435667452752246,0.3564332547247754,0.10829058914521601
16,6,Ingo Rademacher,0.1230047059469199,0.1294298141384601,0.6435667452752246,0.3564332547247754,0.12529482817158938
16,6,Jacoby Jones,0.1205928475124593,0.1093279609569706,0.6435667452752246,0.3564332547247754,0.1165776673333811
16,6,Kellie Pickler,0.1444022062979837,0.1944585133682443,0.6435667452752246,0.3564332547247754,0.16224393874653947
16,6,Sean Lowe,0.1230047059469199,0.1345304199427007,0.6435667452752246,0.3564332547247754,0.12711285369946296
16,6,Victor Ortiz,0.1069256596119254,0.0,0.6435667452752246,0.3564332547247754,0.06881379874285337
16,6,Zendaya,0.1282073762694563,0.1710640333280318,0.6435667452752246,0.3564332547247754,0.1434829140314679
16,7,Alexandra Raisman,0.165557993963666,0.2203900130250417,0.6671179494362816,0.33288205056371845,0.18381058890536564
16,7,Andy Dick,0.1007018038498792,0.0,0.6671179494362816,0.33288205056371845,0.06717998088886605
16,7,Ingo Rademacher,0.1376362136996431,0.1324598135906223,0.6671179494362816,0.33288205056371845,0.135913083016814
16,7,Jacoby Jones,0.1487959061158488,0.1703343546550456,0.6671179494362816,0.33288205056371845,0.15596566903153777
16,7,Kellie Pickler,0.1599555985320545,0.1940464015739789,0.6671179494362816,0.33288205056371845,0.17130381495401414
16,7,Sean Lowe,0.1322630276585323,0.0784987249435837,0.6671179494362816,0.33288205056371845,0.1143658563236517
16,7,Zendaya,0.1550894561803759,0.2042706922117274,0.6671179494362816,0.33288205056371845,0.1714610068797504
16,8,Alexandra Raisman,0.1726238441374014,0.263768099010758,0.6945870660600131,0.3054129339399869,0.20046047843004716
16,8,Ingo Rademacher,0.1579056613706739,0.0667638008424622,0.6945870660600131,0.3054129339399869,0.13006975834200368
16,8,Jacoby Jones,0.1708114135915352,0.1432392126855376,0.6945870660600131,0.3054129339399869,0.16239050681765171
16,8,Kellie Pickler,0.1817433395793207,0.2517695971976273,0.6945870660600131,0.3054129339399869,0.20313026437136508
16,8,Sean Lowe,0.1381674536993397,0.0,0.6945870660600131,0.3054129339399869,0.09596932629000705
16,8,Zendaya,0.178748287621729,0.2744592902636146,0.6945870660600131,0.3054129339399869,0.20797966574892512
16,9,Alexandra Raisman,0.2014638697073063,0.3153029852077935,0.7225038257996649,0.2774961742003351,0.23305378873304156
16,9,Ingo Rademacher,0.1854478165359587,0.0,0.7225038257996649,0.2774961742003351,0.13398675693342452
16,9,Jacoby Jones,0.2147649333129202,0.3197323962007806,0.7225038257996649,0.2774961742003351,0.24389300267981712
16,9,Kellie Pickler,0.2106741752107498,0.2471117344708922,0.7225038257996649,0.2774961742003351,0.2207854585026373
16,9,Zendaya,0.1876492052330649,0.1178528841205334,0.7225038257996649,0.2774961742003351,0.1682809931510793
16,10,Alexandra Raisman,0.2396936468807121,0.0,0.75,0.25,0.1797702351605341
16,10,Jacoby Jones,0.2471329320241827,0.110470993451462,0.75,0.25,0.21296744738100254
16,10,Kellie Pickler,0.2647862299767314,0.4458791091286909,0.75,0.25,0.3100594497647213
16,10,Zendaya,0.2483871911183736,0.443649897419847,0.75,0.25,0.29720286769374193
17,2,Amber Riley,0.0889488030927735,0.1120487134521482,0.5065377550764556,0.4934622449235444,0.10034773671624318
17,2,Bill Engvall,0.0848442013180209,0.0729590250987178,0.5065377550764556,0.4934622449235444,0.07897931557953167
17,2,Bill Nye,0.0688276933697977,0.0373418403503177,0.5065377550764556,0.4934622449235444,0.05329061365547234
17,2,Brant Daugherty,0.0853749667436786,0.0800437348196672,0.5065377550764556,0.4934622449235444,0.08274420507024788
17,2,Christina Milian,0.0926814759775932,0.1187487183164096,0.5065377550764556,0.4934622449235444,0.10554467590107161
17,2,Corbin Bleu,0.0905174189102942,0.1194487045741833,0.5065377550764556,0.4934622449235444,0.10479391608252128
17,2,Elizabeth Berkley Lauren,0.0925226394418685,0.1170278413722299,0.5065377550764556,0.4934622449235444,0.10461503139872941
17,2,Jack Osbourne,0.0889488030927735,0.108459509371845,0.5065377550764556,0.4934622449235444,0.09857660001328802
17,2,Keyshawn Johnson,0.0667116023195801,0.0,0.5065377550764556,0.4934622449235444,0.03379194527651337
17,2,Leah Remini,0.0889488030927735,0.1023310411285479,0.5065377550764556,0.4934622449235444,0.09555243231600799
17,2,"Nicole ""Snooki"" Polizzi",0.0740975298213571,0.0631831567359327,0.5065377550764556,0.4934622449235444,0.06871169877669046
17,2,Valerie Harper,0.0775760628194884,0.0684077147800003,0.5065377550764556,0.4934622449235444,0.07305182921368222
17,3,Amber Riley,0.0928106878467892,0.1047882413672709,0.5383753751960898,0.4616246248039102,0.09833982149675032
17,3,Bill Engvall,0.1011747163741106,0.0905369628367644,0.5383753751960898,0.4616246248039102,0.0962640673886767
17,3,Bill Nye,0.0673895880835437,0.0,0.5383753751960898,0.4616246248039102,0.036280894768787784
17,3,Brant Daugherty,0.1044120238276378,0.1231052262742656,0.5383753751960898,0.4616246248039102,0.11304126639344589
17,3,Christina Milian,0.1006001560957453,0.1216220394443498,0.5383753751960898,0.4616246248039102,0.11030437510921642
17,3,Corbin Bleu,0.0943696739852671,0.1205918081969756,0.5383753751960898,0.4616246248039102,0.1064744568523048
17,3,Elizabeth Berkley Lauren,0.0966225555786816,0.1097967393850409,0.5383753751960898,0.4616246248039102,0.10270408323538996
17,3,Jack Osbourne,0.0851869523830042,0.0937071882026125,0.5383753751960898,0.4616246248039102,0.08912010304647172
17,3,Leah Remini,0.0928106878467892,0.097239208696684,0.5383753751960898,0.4616246248039102,0.09485500212255818
17,3,"Nicole ""Snooki"" Polizzi",0.0966225555786816,0.1047295545035702,0.5383753751960898,0.4616246248039102,0.10036494591566901
17,3,Valerie Harper,0.0680004023997493,0.0338830310924656,0.5383753751960898,0.4616246248039102,0.05225098367072878
17,4,Amber Riley,0.1129611121461008,0.1334515866408276,0.5698619139254539,0.43013808607454607,0.12177484562802189
17,4,Bill Engvall,0.0957763967764704,0.0830024773269261,0.5698619139254539,0.43013808607454607,0.09028184751277299
17,4,Brant Daugherty,0.0878586427803006,0.0831961291181401,0.5698619139254539,0.43013808607454607,0.08585311807736246
17,4,Christina Milian,0.1004098774632007,0.1102464357052275,0.5698619139254539,0.43013808607454607,0.10464095579898691
17,4,Corbin Bleu,0.1059650773910835,0.1284807927811002,0.5698619139254539,0.43013808607454607,0.11564994411554448
17,4,Elizabeth Berkley Lauren,0.1129611121461008,0.1277895656388434,0.5698619139254539,0.43013808607454607,0.11933939475091451
17,4,Jack Osbourne,0.1004098774632007,0.1153570127335453,0.5698619139254539,0.43013808607454607,0.10683920962068406
17,4,Leah Remini,0.1004098774632007,0.1077654364047987,0.5698619139254539,0.43013808607454607,0.10357378350834817
17,4,"Nicole ""Snooki"" Polizzi",0.1004098774632007,0.1107105636505907,0.5698619139254539,0.43013808607454607,0.10484059490509914
17,4,Valerie Harper,0.0828381489071406,0.0,0.5698619139254539,0.43013808607454607,0.04720630608226489
17,5,Amber Riley,0.1106244472982599,0.1275945486858134,0.6070977940644912,0.39290220593550884,0.11729203756837892
17,5,Bill Engvall,0.1111858087387237,0.0342501058888395,0.6070977940644912,0.39290220593550884,0.08095760137380538
17,5,Brant Daugherty,0.1147434430989266,0.1467573395476545,0.6070977940644912,0.39290220593550884,0.12732177363422276
17,5,Christina Milian,0.1188624388995933,0.0,0.6070977940644912,0.39290220593550884,0.07216112445306846
17,5,Corbin Bleu,0.1115009165330983,0.1907982532046013,0.6070977940644912,0.39290220593550884,0.14265701503614253
17,5,Elizabeth Berkley Lauren,0.1102321632448238,0.123455299466066,0.6070977940644912,0.39290220593550884,0.11542756263553558
17,5,Jack Osbourne,0.1147434430989266,0.1659367548002285,0.6070977940644912,0.39290220593550884,0.13485740819551223
17,5,Leah Remini,0.0933638959887207,0.06938715514235,0.6070977940644912,0.39290220593550884,0.08394338161903764
17,5,"Nicole ""Snooki"" Polizzi",0.1147434430989266,0.1418205432644464,0.6070977940644912,0.39290220593550884,0.12538209548429607
17,7,Amber Riley,0.1327125619856531,0.1943202089586729,0.6577760295946868,0.34222397040531316,0.15379617554008881
17,7,Bill Engvall,0.122914732469523,0.0835734770589965,0.6577760295946868,0.34222397040531316,0.1094512118422031
17,7,Brant Daugherty,0.1283522686671628,0.1497749986198577,0.6577760295946868,0.34222397040531316,0.13568364036849487
17,7,Corbin Bleu,0.1247813018020802,0.1845672713588323,0.6577760295946868,0.34222397040531316,0.1452414936783231
17,7,Elizabeth Berkley Lauren,0.1215968861057331,0.1351768214741432,0.6577760295946868,0.34222397040531316,0.12624426550535794
17,7,Jack Osbourne,0.1285365051674719,0.1528746897886388,0.6577760295946868,0.34222397040531316,0.13686561534098518
17,7,Leah Remini,0.1195088576966425,0.0997125327408583,0.6577760295946868,0.34222397040531316,0.11273408077084024
17,7,"Nicole ""Snooki"" Polizzi",0.1215968861057331,0.0,0.6577760295946868,0.34222397040531316,0.07998351695370647
17,8,Amber Riley,0.1456778916220607,0.1822338211326761,0.6817227067001305,0.31827729329986953,0.1573128139207602
17,8,Bill Engvall,0.1361196619741338,0.0878055378772516,0.6817227067001305,0.31827729329986953,0.12074237332842412
17,8,Brant Daugherty,0.1404751097784157,0.0,0.6817227067001305,0.31827729329986953,0.09576507206213952
17,8,Corbin Bleu,0.1464167190557709,0.2083595586094163,0.6817227067001305,0.31827729329986953,0.16613171836821325
17,8,Elizabeth Berkley Lauren,0.1298094083646664,0.1079467043393546,0.6817227067001305,0.31827729329986953,0.12285100610327399
17,8,Jack Osbourne,0.1560834553093508,0.2284703327003747,0.6817227067001305,0.31827729329986953,0.1791225547157954
17,8,Leah Remini,0.1454177538956015,0.1851840453409264,0.6817227067001305,0.31827729329986953,0.15807446150139326
17,9,Amber Riley,0.1618048871748355,0.1745958808654427,0.7053511843983096,0.29464881560169043,0.16557373831614158
17,9,Bill Engvall,0.1452595697550582,0.0,0.7053511843983096,0.29464881560169043,0.10245900957191915
17,9,Corbin Bleu,0.1725424731829692,0.294876883031765,0.7053511843983096,0.29464881560169043,0.20858816215224868
17,9,Elizabeth Berkley Lauren,0.1777474264580735,0.0221116770761916,0.7053511843983096,0.29464881560169043,0.13188953723742047
17,9,Jack Osbourne,0.1713228217145317,0.2673384311675689,0.7053511843983096,0.29464881560169043,0.19961370731914357
17,9,Leah Remini,0.1713228217145317,0.2410771278590316,0.7053511843983096,0.29464881560169043,0.1918758454031263
17,10,Amber Riley,0.225140901054945,0.3843639213907814,0.7274015846407583,0.2725984153592417,0.2685448440872063
17,10,Bill Engvall,0.1864028564407274,0.029923026393177,0.7274015846407583,0.2725984153592417,0.14374670273408172
17,10,Corbin Bleu,0.200681915456046,0.3183628119361886,0.7274015846407583,0.2725984153592417,0.23276154135458782
17,10,Jack Osbourne,0.2025318135220609,0.2673502402798528,0.7274015846407583,0.2725984153592417,0.22020121394231407
17,10,Leah Remini,0.1852425135262206,0.0,0.7274015846407583,0.2725984153592417,0.13474569788180996
17,11,Amber Riley,0.2726864636215262,0.4020209667471744,0.75,0.25,0.30502008940293823
17,11,Bill Engvall,0.2414453961400448,0.0,0.75,0.25,0.1810840471050336
17,11,Corbin Bleu,0.242190708225217,0.3280558945740954,0.75,0.25,0.2636570048124366
17,11,Jack Osbourne,0.2436774320132119,0.2699231386787302,0.75,0.25,0.2502388586795915
18,2,Amy Purdy,0.0975219026268293,0.1140127634403427,0.5315161695090921,0.4684838304909079,0.10524760426883648
18,2,Billy Dee Williams,0.0670463080559452,0.0,0.5315161695090921,0.4684838304909079,0.03563619683762258
18,2,Candace Cameron Bure,0.0853316647984757,0.0986082606081169,0.5315161695090921,0.4684838304909079,0.09155153525925594
18,2,Charlie White,0.1019103866359332,0.1236190578974937,0.5315161695090921,0.4684838304909079,0.11208054810341694
18,2,Cody Simpson,0.0839347955219791,0.1000906608928503,0.5315161695090921,0.4684838304909079,0.09150355721582026
18,2,Danica McKellar,0.0975219026268293,0.1087584381554172,0.5315161695090921,0.4684838304909079,0.10278603783270934
18,2,Drew Carey,0.0930216894628384,0.0956951062447582,0.5315161695090921,0.4684838304909079,0.09427414199733086
18,2,James Maslow,0.0953700538188921,0.1215612944245066,0.5315161695090921,0.4684838304909079,0.10764022654311939
18,2,Meryl Davis,0.1014227795364542,0.1240250810090061,0.5315161695090921,0.4684838304909079,0.1120115923082256
18,2,NeNe Leakes,0.0915868521173473,0.091304634321832,0.5315161695090921,0.4684838304909079,0.09145463764347159
18,2,Sean Avery,0.0853316647984757,0.0223247030056758,0.5315161695090921,0.4684838304909079,0.05581392199019052
18,5,Amy Purdy,0.1146838223879273,0.1457431859684202,0.6176623978941012,0.38233760210589884,0.12655898498222823
18,5,Candace Cameron Bure,0.1084846968534447,0.1049414214894105,0.6176623978941012,0.38233760210589884,0.10712996944715897
18,5,Charlie White,0.1145288449469637,0.138715661059325,0.6176623978941012,0.38233760210589884,0.12377637422194024
18,5,Cody Simpson,0.099003682536122,0.0,0.6176623978941012,0.38233760210589884,0.06115085195560746
18,5,Danica McKellar,0.1210379253633734,0.149830415576974,0.6176623978941012,0.38233760210589884,0.132046377030299
18,5,Drew Carey,0.0946090041112295,0.076268484870079,0.6176623978941012,0.38233760210589884,0.08759673396319093
18,5,James Maslow,0.1163038862735135,0.1516290211557539,0.6176623978941012,0.38233760210589884,0.12981001363845673
18,5,Meryl Davis,0.111584259620686,0.1173916517565419,0.6176623978941012,0.38233760210589884,0.1138046440043978
18,5,NeNe Leakes,0.1197638779067394,0.1154801581234952,0.6176623978941012,0.38233760210589884,0.11812605075672021
18,6,Amy Purdy,0.1332755291534604,0.1714381282037695,0.6504888738660973,0.34951112613390267,0.14661378212373052
18,6,Candace Cameron Bure,0.1122320245502824,0.1160814240824506,0.6504888738660973,0.34951112613390267,0.11357743251570981
18,6,Charlie White,0.1262610276190677,0.1506248639798618,0.6504888738660973,0.34951112613390267,0.13477645950247097
18,6,Danica McKellar,0.1262610276190677,0.1552307930124554,0.6504888738660973,0.34951112613390267,0.1363862829455456
18,6,Drew Carey,0.1223462891548851,0.0,0.6504888738660973,0.34951112613390267,0.07958489985405713
18,6,James Maslow,0.1154332535393219,0.1233861676627889,0.6504888738660973,0.34951112613390267,0.11821288551066106
18,6,Meryl Davis,0.140290030687853,0.1663321249050786,0.6504888738660973,0.34951112613390267,0.14939203236460072
18,6,NeNe Leakes,0.1239008176760615,0.116906498153595,0.6504888738660973,0.34951112613390267,0.12145622518322388
18,7,Amy Purdy,0.1481484805977042,0.1981120036672538,0.6778798176160576,0.32212018238394236,0.16424273976141182
18,7,Candace Cameron Bure,0.1460019333984454,0.1508974247111477,0.6778798176160576,0.32212018238394236,0.14757886995295205
18,7,Charlie White,0.1400026081211275,0.1514522125708435,0.6778798176160576,0.32212018238394236,0.143690756794694
18,7,Danica McKellar,0.1420757692669765,0.1603958842173087,0.6778798176160576,0.32212018238394236,0.14797704803607228
18,7,James Maslow,0.1296279887914651,0.140780347860172,0.6778798176160576,0.32212018238394236,0.13322038872868816
18,7,Meryl Davis,0.1542945779818416,0.1983621269732741,0.6778798176160576,0.32212018238394236,0.16848962490017516
18,7,NeNe Leakes,0.1398486418424394,0.0,0.6778798176160576,0.32212018238394236,0.09480057182600618
18,8,Amy Purdy,0.1787480498444724,0.2717021789060308,0.7034655977485105,0.2965344022514895,0.20631214694254946
18,8,Candace Cameron Bure,0.1608732448600252,0.1529484933911985,0.7034655977485105,0.2965344022514895,0.15852328342022504
18,8,Charlie White,0.1787480498444724,0.2124834118275106,0.7034655977485105,0.2965344022514895,0.18875174524485028
18,8,Danica McKellar,0.1698106473522488,0.0,0.7034655977485105,0.2965344022514895,0.11945594854371122
18,8,James Maslow,0.1503509387892385,0.1867161204079268,0.7034655977485105,0.2965344022514895,0.16113446618330307
18,8,Meryl Davis,0.1614690693095423,0.1761497954673332,0.7034655977485105,0.2965344022514895,0.16582240966536063
18,9,Amy Purdy,0.2067358338344763,0.3418715404208646,0.7269159557602711,0.2730840442397289,0.2436392391102806
18,9,Candace Cameron Bure,0.1908330773856705,0.1730173553425908,0.7269159557602711,0.2730840442397289,0.18596788795909544
18,9,Charlie White,0.2014349150182077,0.0,0.7269159557602711,0.2730840442397289,0.14642625377394944
18,9,James Maslow,0.1889594211109004,0.1373518204438952,0.7269159557602711,0.2730840442397289,0.17486620880724568
18,9,Meryl Davis,0.212036752650745,0.3477592837926492,0.7269159557602711,0.2730840442397289,0.24910041034942876
18,10,Amy Purdy,0.2629033532626065,0.3612324136931225,0.75,0.25,0.2874856183702355
18,10,Candace Cameron Bure,0.2303825165055433,0.2438854136628673,0.75,0.25,0.2337582407948743
18,10,James Maslow,0.2408861048175662,0.0,0.75,0.25,0.18066457861317464
18,10,Meryl Davis,0.2658280254142839,0.3948821726440102,0.75,0.25,0.29809156222171546
19,1,Alfonso Ribeiro,0.0944336698380052,0.1044164184274285,0.5558261429292569,0.4441738570707431,0.09886774578313687
19,1,Antonio Sabato Jr.,0.065543962075478,0.0724857006990572,0.5558261429292569,0.4441738570707431,0.06862730089469013
19,1,Bethany Mota,0.0787423088852492,0.1035368933159031,0.5558261429292569,0.4441738570707431,0.08975541508627893
19,1,Betsey Johnson,0.0577094649010031,0.0616554872745366,0.5558261429292569,0.4441738570707431,0.05946218487874293
19,1,Janel Parrish,0.0760365920574786,0.087264229207598,0.5558261429292569,0.4441738570707431,0.0810236149562379
19,1,Jonathan Bennett,0.0786947248650043,0.0844245496105603,0.5558261429292569,0.4441738570707431,0.0812397632225773
19,1,Lea Thompson,0.09009428823432,0.0924703980050919,0.5558261429292569,0.4441738570707431,0.09114969407602724
19,1,Lolo Jones,0.0577094649010031,0.0,0.5558261429292569,0.4441738570707431,0.032076429286435885
19,1,Michael Waltrip,0.0704237018396911,0.047171642921289,0.5558261429292569,0.4441738570707431,0.06009574514506827
19,1,Randy Couture,0.0873163808836261,0.0884147839893539,0.5558261429292569,0.4441738570707431,0.0878042628277157
19,1,Sadie Robertson,0.0836637031905773,0.1051503679790647,0.5558261429292569,0.4441738570707431,0.09320751796526587
19,1,Tavis Smiley,0.0816854878689811,0.0811485516100446,0.5558261429292569,0.4441738570707431,0.08144699481984813
19,1,Tommy Chong,0.0779462504595824,0.0718609769600716,0.5558261429292569,0.4441738570707431,0.07524333105797432
19,2,Alfonso Ribeiro,0.0859117873306577,0.1052288636294967,0.5786114424634238,0.4213885575365762,0.09405178224804944
19,2,Antonio Sabato Jr.,0.0835492116326598,0.1000695071550818,0.5786114424634238,0.4213885575365762,0.09051067513293115
19,2,Bethany Mota,0.0828072558092547,0.1188134508357792,0.5786114424634238,0.4213885575365762,0.0979798543938625
19,2,Betsey Johnson,0.082690095305758,0.0786962935286933,0.5786114424634238,0.4213885575365762,0.08100715293583369
19,2,Janel Parrish,0.0914960524762139,0.120190682146307,0.5786114424634238,0.4213885575365762,0.10358764108194067
19,2,Jonathan Bennett,0.0807570790598817,0.087354503878901,0.5786114424634238,0.4213885575365762,0.08353715838782425
19,2,Lea Thompson,0.1011999247980144,0.1147217651029869,0.5786114424634238,0.4213885575365762,0.1068978735793667
19,2,Michael Waltrip,0.0691571251419891,0.0290190770323506,0.5786114424634238,0.4213885575365762,0.05224341094673483
19,2,Randy Couture,0.080683312665654,0.0607281329911715,0.5786114424634238,0.4213885575365762,0.07227442828724062
19,2,Sadie Robertson,0.0783747478085042,0.1063411955660098,0.5786114424634238,0.4213885575365762,0.09015948888846151
19,2,Tavis Smiley,0.080683312665654,0.0,0.5786114424634238,0.4213885575365762,0.04668428792420149
19,2,Tommy Chong,0.082690095305758,0.0788365281332218,0.5786114424634238,0.4213885575365762,0.08106624619355265
19,3,Alfonso Ribeiro,0.0887453996004041,0.1055194819927672,0.5987861901833922,0.4012138098166078,0.09547539310322178
19,3,Antonio Sabato Jr.,0.0805460959151136,0.0867980509368981,0.5987861901833922,0.4012138098166078,0.08305446660820584
19,3,Bethany Mota,0.1040613995172591,0.1275351704551712,0.5987861901833922,0.4012138098166078,0.11347940058602118
19,3,Betsey Johnson,0.087857947938781,0.0789296610922451,0.5987861901833922,0.4012138098166078,0.08427579595794682
19,3,Janel Parrish,0.1109317495005051,0.1240448097512772,0.5987861901833922,0.4012138098166078,0.11619289036207209
19,3,Jonathan Bennett,0.0887453996004041,0.1027618238705999,0.5987861901833922,0.4012138098166078,0.09436898258185533
19,3,Lea Thompson,0.0921448239442452,0.0861494944384294,0.5987861901833922,0.4012138098166078,0.08973941495211091
19,3,Michael Waltrip,0.0833444751421515,0.0732932870442645,0.5987861901833922,0.4012138098166078,0.07931179967221491
19,3,Randy Couture,0.0772359986762336,0.0,0.5987861901833922,0.4012138098166078,0.04624784939235144
19,3,Sadie Robertson,0.0832491196138073,0.1109903222963937,0.5987861901833922,0.4012138098166078,0.0943792732309825
19,3,Tommy Chong,0.1031375905510949,0.1039778981219533,0.5987861901833922,0.4012138098166078,0.10347473355301673
19,4,Alfonso Ribeiro,0.1227422658012605,0.1458327921134491,0.6189223242746805,0.3810776757253195,0.13154154989958367
19,4,Antonio Sabato Jr.,0.0886471934829069,0.1060245513782945,0.6189223242746805,0.3810776757253195,0.09526931663992824
19,4,Bethany Mota,0.0946710410708936,0.1283502813739118,0.6189223242746805,0.3810776757253195,0.10750544768576228
19,4,Betsey Johnson,0.0979619658055668,0.0,0.6189223242746805,0.3810776757253195,0.06063084756689818
19,4,Janel Parrish,0.1104680392211344,0.129842867943431,0.6189223242746805,0.3810776757253195,0.11785135391820335
19,4,Jonathan Bennett,0.0736453594807563,0.0769026698065555,0.6189223242746805,0.3810776757253195,0.07488664772882794
19,4,Lea Thompson,0.128812262070028,0.1303728616932182,0.6189223242746805,0.3810776757253195,0.12940697174717114
19,4,Michael Waltrip,0.0819714421605073,0.0549509979114544,0.6189223242746805,0.3810776757253195,0.07167455406901264
19,4,Sadie Robertson,0.1065688862399753,0.1382336944176792,0.6189223242746805,0.3810776757253195,0.11863563774262278
19,4,Tommy Chong,0.0945115446669706,0.089489283362006,0.6189223242746805,0.3810776757253195,0.09259767300198948
19,6,Alfonso Ribeiro,0.1318410613757912,0.1682867907871022,0.6581115338184296,0.3418884661815704,0.14430143590309288
19,6,Antonio Sabato Jr.,0.0945785394646195,0.0755938209339368,0.6581115338184296,0.3418884661815704,0.08808788316527555
19,6,Bethany Mota,0.1140698505776503,0.1765680520192014,0.6581115338184296,0.3418884661815704,0.135437264807609
19,6,Janel Parrish,0.1116453429048487,0.1506460867411218,0.6581115338184296,0.3418884661815704,0.12497924739497246
19,6,Jonathan Bennett,0.1080897593881366,0.0,0.6581115338184296,0.3418884661815704,0.07113511734099158
19,6,Lea Thompson,0.1160132153973604,0.111100935835733,0.6581115338184296,0.3418884661815704,0.11433376367258052
19,6,Michael Waltrip,0.108991362018782,0.0722193471950008,0.6581115338184296,0.3418884661815704,0.09641943427227347
19,6,Sadie Robertson,0.1107344754617294,0.1619499565259766,0.6581115338184296,0.3418884661815704,0.12824445772753615
19,6,Tommy Chong,0.1040363934110815,0.083635009961927,0.6581115338184296,0.3418884661815704,0.09706139571566799
19,7,Alfonso Ribeiro,0.1297662219270884,0.1610723890504178,0.6763064137868684,0.3236935862131316,0.1398998274338265
19,7,Antonio Sabato Jr.,0.1126137315240864,0.0,0.6763064137868684,0.3236935862131316,0.07616138891021208
19,7,Bethany Mota,0.1343656626968558,0.1983924061924893,0.6763064137868684,0.3236935862131316,0.1550907089125057
19,7,Janel Parrish,0.1279701488060768,0.1551515238971947,0.6763064137868684,0.3236935862131316,0.13676858558752503
19,7,Lea Thompson,0.1435196681854326,0.1591302008772712,0.6763064137868684,0.3236935862131316,0.14857269749515117
19,7,Michael Waltrip,0.1147000714815924,0.077775644123093,0.6763064137868684,0.3236935862131316,0.10274787117105347
19,7,Sadie Robertson,0.1111149270378698,0.1504703067050086,0.6763064137868684,0.3236935862131316,0.12385401101910533
19,7,Tommy Chong,0.1259495683409975,0.0980075291545252,0.6763064137868684,0.3236935862131316,0.11690490947062042
19,8,Alfonso Ribeiro,0.1638670248255273,0.2077635182928897,0.6926917581328245,0.30730824186717554,0.1773567790571164
19,8,Bethany Mota,0.1498856868616061,0.2073246902574631,0.6926917581328245,0.30730824186717554,0.16753716600978966
19,8,Janel Parrish,0.1718605382316506,0.2284640661111721,0.6926917581328245,0.30730824186717554,0.189255268867786
19,8,Lea Thompson,0.1372715710077601,0.0800767996832768,0.6926917581328245,0.30730824186717554,0.11969514638803799
19,8,Michael Waltrip,0.1071480876665195,0.0,0.6926917581328245,0.30730824186717554,0.07422059722629139
19,8,Sadie Robertson,0.1424705525792696,0.1917781408085597,0.6926917581328245,0.30730824186717554,0.1576231808287234
19,8,Tommy Chong,0.1274965388276664,0.0845927848466384,0.6926917581328245,0.30730824186717554,0.11431186162225485
19,9,Alfonso Ribeiro,0.1792510350687732,0.2350088602311895,0.7126120623059164,0.28738793769408355,0.19527516145250728
19,9,Bethany Mota,0.1615108306460647,0.2212838004966151,0.7126120623059164,0.28738793769408355,0.178688861181265
19,9,Janel Parrish,0.1792510350687732,0.233235823619075,0.7126120623059164,0.28738793769408355,0.19476561211709562
19,9,Lea Thompson,0.1748008993113585,0.0,0.7126120623059164,0.28738793769408355,0.12456522935119603
19,9,Sadie Robertson,0.1593270714488394,0.2017658007357521,0.7126120623059164,0.28738793769408355,0.17152345033696273
19,9,Tommy Chong,0.1458591284561908,0.1087057149173681,0.7126120623059164,0.28738793769408355,0.1351816855609731
19,10,Alfonso Ribeiro,0.2073036887064772,0.2147827903097062,0.731451526222378,0.26854847377762203,0.2093121900272521
19,10,Bethany Mota,0.1969525454807432,0.2678804115072167,0.731451526222378,0.26854847377762203,0.2160001156504563
19,10,Janel Parrish,0.2155545820092275,0.293314972786379,0.731451526222378,0.26854847377762203,0.23643701627278302
19,10,Sadie Robertson,0.1917004779698209,0.224021825396698,0.731451526222378,0.26854847377762203,0.200380326491745
19,10,Tommy Chong,0.188488705833731,0.0,0.731451526222378,0.26854847377762203,0.1378703515577634
19,11,Alfonso Ribeiro,0.2639692394071794,0.3641622876822534,0.75,0.25,0.2890175014759479
19,11,Bethany Mota,0.2352397593620195,0.0,0.75,0.25,0.17642981952151462
19,11,Janel Parrish,0.2571801039949778,0.2910088060005033,0.75,0.25,0.2656372794963592
19,11,Sadie Robertson,0.2436108972358233,0.3448289063172432,0.75,0.25,0.26891539950617827
20,2,Charlotte McKinney,0.0700099303820075,0.0376017888688695,0.5675572901603234,0.4324427098396766,0.05599526584519838
20,2,Chris Soules,0.0598134799099139,0.0664130884501169,0.5675572901603234,0.4324427098396766,0.06266743251092036
20,2,Michael Sam,0.0801554493872947,0.0902237107545471,0.5675572901603234,0.4324427098396766,0.08450939561632345
20,2,Nastia Liukin,0.0975336885335149,0.1274816281162616,0.5675572901603234,0.4324427098396766,0.11048445668079279
20,2,Noah Galloway,0.0775958618968769,0.0723960861235324,0.5675572901603234,0.4324427098396766,0.0753472567708931
20,2,Patti LaBelle,0.0881709943260241,0.0824621848613981,0.5675572901603234,0.4324427098396766,0.08570226129118283
20,2,Redfoo,0.0890466403807762,0.0,0.5675572901603234,0.4324427098396766,0.050539069912394166
20,2,Riker Lynch,0.0859327678477655,0.1112069888866364,0.5675572901603234,0.4324427098396766,0.0968624204829018
20,2,Robert Herjavec,0.0860311972908421,0.0897622536120738,0.5675572901603234,0.4324427098396766,0.08764466539696
20,2,Rumer Willis,0.0916062278711939,0.1181295960534156,0.5675572901603234,0.4324427098396766,0.1030760650819893
20,2,Suzanne Somers,0.0881709943260241,0.0843532421312615,0.5675572901603234,0.4324427098396766,0.0865200352214246
20,2,Willow Shields,0.0859327678477655,0.1199694321418865,0.5675572901603234,0.4324427098396766,0.10065167518901855
20,3,Charlotte McKinney,0.0657229021433117,0.0,0.5700059840184453,0.42999401598155473,0.03746244750874637
20,3,Chris Soules,0.0890132795033934,0.093472573186817,0.5700059840184453,0.42999401598155473,0.0909307491027699
20,3,Michael Sam,0.0762970967171943,0.0714093286147929,0.5700059840184453,0.42999401598155473,0.07419538568165618
20,3,Nastia Liukin,0.1082106131667767,0.1362064603492261,0.5700059840184453,0.42999401598155473,0.120248659927564
20,3,Noah Galloway,0.0954123907245211,0.1089773649349723,0.5700059840184453,0.42999401598155473,0.10124524846195923
20,3,Patti LaBelle,0.0770682712889974,0.053145590979596,0.5700059840184453,0.42999401598155473,0.06678166190971503
20,3,Riker Lynch,0.1016627090295234,0.126621618883838,0.5700059840184453,0.42999401598155473,0.11239489091230173
20,3,Robert Herjavec,0.0989724425610198,0.0973446141806879,0.5700059840184453,0.42999401598155473,0.09827248609843214
20,3,Rumer Willis,0.1047649385880434,0.1225789260598197,0.5700059840184453,0.42999401598155473,0.11242484660167759
20,3,Suzanne Somers,0.087446317560534,0.0706173831941751,0.5700059840184453,0.42999401598155473,0.08020997648765334
20,3,Willow Shields,0.0954290387166843,0.1196261396160748,0.5700059840184453,0.42999401598155473,0.1058336473075241
20,4,Chris Soules,0.0823044820797488,0.0604311404217843,0.6014094721684857,0.3985905278315143,0.07358597528286169
20,4,Michael Sam,0.0912724862144398,0.0,0.6014094721684857,0.3985905278315143,0.05489213775773163
20,4,Nastia Liukin,0.1096275589226455,0.1492366770289631,0.6014094721684857,0.3985905278315143,0.1254153782155834
20,4,Noah Galloway,0.0972232180083123,0.1089231002886078,0.6014094721684857,0.3985905278315143,0.10188668026198186
20,4,Patti LaBelle,0.1003997348358838,0.081681388844957,0.6014094721684857,0.3985905278315143,0.09293877942722738
20,4,Riker Lynch,0.0970199308835827,0.1232036476470883,0.6014094721684857,0.3985905278315143,0.10745651236893927
20,4,Robert Herjavec,0.1105571418073324,0.1203682074120162,0.6014094721684857,0.3985905278315143,0.11446773962529294
20,4,Rumer Willis,0.1066102865818269,0.1380183043210811,0.6014094721684857,0.3985905278315143,0.11912922495065778
20,4,Suzanne Somers,0.0935773473330006,0.0642932454595778,0.6014094721684857,0.3985905278315143,0.08190498171020118
20,4,Willow Shields,0.1114078133332268,0.1538442885759239,0.6014094721684857,0.3985905278315143,0.12832259039952243
20,5,Chris Soules,0.0946291324145099,0.0572904172274145,0.6335111138000855,0.3664888861999145,0.08094490827345548
20,5,Nastia Liukin,0.1329599209861045,0.1725791224336338,0.6335111138000855,0.3664888861999145,0.14747991799673954
20,5,Noah Galloway,0.0978233657936703,0.1351928289794455,0.6335111138000855,0.3664888861999145,0.11151885873451377
20,5,Patti LaBelle,0.1040920456559609,0.0702028421569034,0.6335111138000855,0.3664888861999145,0.09167202921138908
20,5,Riker Lynch,0.1247252974898338,0.1585538217339041,0.6335111138000855,0.3664888861999145,0.1371230756618299
20,5,Robert Herjavec,0.089995071326101,0.0760087953874925,0.6335111138000855,0.3664888861999145,0.08486925663527571
20,5,Rumer Willis,0.1365534320403686,0.1775809563960308,0.6335111138000855,0.3664888861999145,0.1515895637450151
20,5,Suzanne Somers,0.1076057023730374,0.0,0.6335111138000855,0.3664888861999145,0.06816940836158343
20,5,Willow Shields,0.111616031920413,0.1525912156851751,0.6335111138000855,0.3664888861999145,0.1266329813801975
20,6,Chris Soules,0.123346109261711,0.1193111328763113,0.6673107341969026,0.33268926580309743,0.12200371593051954
20,6,Nastia Liukin,0.1283889715551772,0.1814509198656957,0.6673107341969026,0.33268926580309743,0.1460421121806855
20,6,Noah Galloway,0.1195598838742039,0.0932819819633244,0.6673107341969026,0.33268926580309743,0.11081750798062759
20,6,Patti LaBelle,0.1315876797864011,0.0,0.6673107341969026,0.33268926580309743,0.08780987120953022
20,6,Riker Lynch,0.1256272578159333,0.1778737029194645,0.6673107341969026,0.33268926580309743,0.14300908927824893
20,6,Robert Herjavec,0.1264499102944331,0.0923125487836543,0.6673107341969026,0.33268926580309743,0.11509277655695718
20,6,Rumer Willis,0.1246027461676702,0.1561661741209639,0.6673107341969026,0.33268926580309743,0.13510355983968042
20,6,Willow Shields,0.1204374412444697,0.1796035394705856,0.6673107341969026,0.33268926580309743,0.14012136702375017
20,7,Chris Soules,0.1233950704343423,0.1158042447243733,0.6949851187781055,0.30501488122189446,0.12107975563203999
20,7,Nastia Liukin,0.1628110219296734,0.2623245727825648,0.6949851187781055,0.30501488122189446,0.19316413582303704
20,7,Noah Galloway,0.1509620549750806,0.1962639060667673,0.6949851187781055,0.30501488122189446,0.1647797937049434
20,7,Riker Lynch,0.1376590195374429,0.1664570907303098,0.6949851187781055,0.30501488122189446,0.14644285980175484
20,7,Robert Herjavec,0.13244047323546,0.0816769905698398,0.6949851187781055,0.30501488122189446,0.11695685559979616
20,7,Rumer Willis,0.1472311843777761,0.1774731951261448,0.6949851187781055,0.30501488122189446,0.15645544769410102
20,7,Willow Shields,0.1455011755102245,0.0,0.6949851187781055,0.30501488122189446,0.10112115174432736
20,8,Chris Soules,0.1514244585773642,0.0411825013089623,0.7222715409851023,0.27772845901489773,0.12080712966642473
20,8,Nastia Liukin,0.1796983225773091,0.2546669095093535,0.7222715409851023,0.27772845901489773,0.2005192327004702
20,8,Noah Galloway,0.1492342288346471,0.1840109714337562,0.7222715409851023,0.27772845901489773,0.15889271996625542
20,8,Riker Lynch,0.1735187139398515,0.2393697578383922,0.7222715409851023,0.27772845901489773,0.19180742288631558
20,8,Robert Herjavec,0.1569681470420814,0.0,0.7222715409851023,0.27772845901489773,0.11337362544966026
20,8,Rumer Willis,0.1891561290287464,0.2807698599095355,0.7222715409851023,0.27772845901489773,0.2145998693308735
20,9,Nastia Liukin,0.2588616849080374,0.0,0.75,0.25,0.19414626368102805
20,9,Noah Galloway,0.2459186006626355,0.1846074794928578,0.75,0.25,0.23059082037019107
20,9,Riker Lynch,0.2428295716439906,0.4865827398006986,0.75,0.25,0.3037678636831676
20,9,Rumer Willis,0.2523901427853364,0.3288097807064435,0.75,0.25,0.2714950522656132
21,2,Alek Skarlatos,0.0778891193002663,0.107082268676918,0.516692962655691,0.483307037344309,0.09199837383624569
21,2,Alexa PenaVega,0.0848293389386109,0.1126881848196498,0.516692962655691,0.483307037344309,0.09829371520520752
21,2,Andy Grammer,0.0811230686112002,0.0774561817736257,0.516692962655691,0.483307037344309,0.07935083639745523
21,2,Bindi Irwin,0.0830263766596453,0.1196205029739015,0.516692962655691,0.483307037344309,0.10071257543279188
21,2,Carlos PenaVega,0.0829762037749056,0.1070350379568273,0.516692962655691,0.483307037344309,0.09460400764532817
21,2,Chaka Khan,0.0603026373901032,0.0,0.516692962655691,0.483307037344309,0.031157948369044265
21,2,Gary Busey,0.0669341377117572,0.0349784171628739,0.516692962655691,0.483307037344309,0.05148971308707376
21,2,Hayes Grier,0.0779150648911908,0.1038453961931059,0.516692962655691,0.483307037344309,0.09044737649007578
21,2,Kim Zolciak-Biermann,0.0682617567564188,0.0177962924611029,0.516692962655691,0.483307037344309,0.04387144271964466
21,2,Nick Carter,0.0829762037749056,0.1048330870045628,0.516692962655691,0.483307037344309,0.09353978925421173
21,2,Paula Deen,0.0750879324320607,0.0774951040287966,0.516692962655691,0.483307037344309,0.0762513354048585
21,2,Tamar Braxton,0.090361085856938,0.1190843346747133,0.516692962655691,0.483307037344309,0.1042432341459604
21,2,Victor Espinoza,0.0683170739019968,0.0180851922739219,0.516692962655691,0.483307037344309,0.044039652012101894
21,4,Alek Skarlatos,0.0959934343603273,0.1139832652762208,0.571869331972228,0.428130668027772,0.10369543268805545
21,4,Alexa PenaVega,0.0895397304438377,0.1061663321749552,0.571869331972228,0.428130668027772,0.09665808855001275
21,4,Andy Grammer,0.0981739181370433,0.1001963394117523,0.571869331972228,0.428130668027772,0.09903977870841804
21,4,Bindi Irwin,0.1120423363862153,0.1475731939462687,0.571869331972228,0.428130668027772,0.12725418616900058
21,4,Carlos PenaVega,0.1064883228774428,0.1163491531053625,0.571869331972228,0.428130668027772,0.1107100467102305
21,4,Gary Busey,0.0751014485799927,0.0,0.571869331972228,0.428130668027772,0.042948215229587056
21,4,Hayes Grier,0.1079926136553682,0.1308012787082604,0.571869331972228,0.428130668027772,0.11775770266128463
21,4,Nick Carter,0.1151225105706484,0.1319283521489982,0.571869331972228,0.428130668027772,0.12231760675235621
21,4,Paula Deen,0.0844231744184755,0.0197766563365661,0.571869331972228,0.428130668027772,0.056746017446398185
21,4,Tamar Braxton,0.1151225105706484,0.1332254288916154,0.571869331972228,0.428130668027772,0.12287292508465619
21,6,Alek Skarlatos,0.0909804047551086,0.108024521597999,0.6309504797224141,0.36904952027758586,0.09727052789953242
21,6,Alexa PenaVega,0.0969871202633053,0.1110389245950882,0.6309504797224141,0.36904952027758586,0.10217293191098428
21,6,Andy Grammer,0.1294312097630705,0.1393993024234462,0.6309504797224141,0.36904952027758586,0.13310992957746468
21,6,Bindi Irwin,0.1214151303824494,0.1513514705592133,0.6309504797224141,0.36904952027758586,0.13246312236355073
21,6,Carlos PenaVega,0.1228733622159194,0.1124363625582418,0.6309504797224141,0.36904952027758586,0.11902159249911615
21,6,Hayes Grier,0.0971321043059595,0.1094031802266257,0.6309504797224141,0.36904952027758586,0.1016607389877712
21,6,Nick Carter,0.1263248601074899,0.1222568730667052,0.6309504797224141,0.36904952027758586,0.12482357144159287
21,6,Paula Deen,0.0854245984436265,0.0,0.6309504797224141,0.36904952027758586,0.053898691368100736
21,6,Tamar Braxton,0.1294312097630705,0.1460893649726803,0.6309504797224141,0.36904952027758586,0.13557889395188655
21,7,Alek Skarlatos,0.1152111772137715,0.0866982161724694,0.6581908841150785,0.34180911588492147,0.10546518720898282
21,7,Alexa PenaVega,0.1273866944658999,0.1332125880123797,0.6581908841150785,0.34180911588492147,0.1293780379882618
21,7,Andy Grammer,0.1297705386921868,0.1554858411043718,0.6581908841150785,0.34180911588492147,0.13856026347440914
21,7,Bindi Irwin,0.1260195047047064,0.2107996654466632,0.6581908841150785,0.34180911588492147,0.15499813649249616
21,7,Carlos PenaVega,0.1296215491729915,0.1719149778408574,0.6581908841150785,0.34180911588492147,0.14407782863369673
21,7,Hayes Grier,0.1216868562328272,0.0,0.6581908841150785,0.34180911588492147,0.080093179489069
21,7,Nick Carter,0.1251518397588082,0.1166369673479365,0.6581908841150785,0.34180911588492147,0.12224137874817523
21,7,Tamar Braxton,0.1251518397588082,0.1252517440753219,0.6581908841150785,0.34180911588492147,0.12518598796490882
21,8,Alek Skarlatos,0.1227833553546759,0.0617552519230691,0.6814534866924626,0.31854651330753736,0.1033430657927658
21,8,Alexa PenaVega,0.1413893006979061,0.1433525300013942,0.6814534866924626,0.31854651330753736,0.14201468054735542
21,8,Andy Grammer,0.1256384262532143,0.0,0.6814534866924626,0.31854651330753736,0.08561674363280672
21,8,Bindi Irwin,0.1375587289128816,0.2165774562614813,0.6814534866924626,0.31854651330753736,0.16272986899577696
21,8,Carlos PenaVega,0.1522574029070579,0.2072858744353955,0.6814534866924626,0.31854651330753736,0.16978653064505295
21,8,Nick Carter,0.1732596188916099,0.2203867596813322,0.6814534866924626,0.31854651330753736,0.18827180527232937
21,8,Tamar Braxton,0.1471131669826542,0.1506421276973275,0.6814534866924626,0.31854651330753736,0.14823730511391264
21,9,Alek Skarlatos,0.148541015757191,0.1763167464998077,0.705823048443902,0.294176951556098,0.15671199555429696
21,9,Alexa PenaVega,0.1862917676427045,0.1084421173231478,0.705823048443902,0.294176951556098,0.1633901948319891
21,9,Bindi Irwin,0.1747541361849306,0.3201194987858812,0.705823048443902,0.294176951556098,0.21751727541672505
21,9,Carlos PenaVega,0.167662590878434,0.1595591635821037,0.705823048443902,0.294176951556098,0.16527874933924308
21,9,Nick Carter,0.170689833150505,0.2355624738090595,0.705823048443902,0.294176951556098,0.18977386881883276
21,9,Tamar Braxton,0.1520606563862346,0.0,0.705823048443902,0.294176951556098,0.10732791603891279
21,11,Alek Skarlatos,0.2295803445229176,0.2284512139880787,0.75,0.25,0.22929806188920784
21,11,Bindi Irwin,0.2459798190596227,0.4840835654128868,0.75,0.25,0.3055057556479387
21,11,Carlos PenaVega,0.2622199182087298,0.0,0.75,0.25,0.19666493865654736
21,11,Nick Carter,0.2622199182087298,0.2874652205990344,0.75,0.25,0.26853124380630594
22,2,Antonio Brown,0.0791765977135096,0.0796428131628901,0.5238009815054845,0.4761990184945155,0.07939860905291157
22,2,Doug Flutie,0.0894784379966611,0.0947171814730908,0.5238009815054845,0.4761990184945155,0.09197312249828146
22,2,Geraldo Rivera,0.0595340253237683,0.0,0.5238009815054845,0.4761990184945155,0.031183980897562205
22,2,Ginger Zee,0.0873795790637595,0.1069717912733745,0.5238009815054845,0.4761990184945155,0.09670937128811442
22,2,Jodie Sweetin,0.0873795790637595,0.0988471089507732,0.5238009815054845,0.4761990184945155,0.09284040554051196
22,2,Kim Fields,0.0848848929771996,0.0666595640150098,0.5238009815054845,0.4761990184945155,0.07620600921366516
22,2,Marla Maples,0.0894784379966611,0.0932796695393298,0.5238009815054845,0.4761990184945155,0.09128858072635032
22,2,Mischa Barton,0.0624139850455425,0.0378728467604574,0.5238009815054845,0.4761990184945155,0.0507275190814468
22,2,Nyle DiMarco,0.0833672508805014,0.0943263446805425,0.5238009815054845,0.4761990184945155,0.0885859605916703
22,2,Paige VanZant,0.0936775869852677,0.1167068506675376,0.5238009815054845,0.4761990184945155,0.10464409974741601
22,2,Von Miller,0.0833672508805014,0.0984755762909647,0.5238009815054845,0.4761990184945155,0.09056182061205978
22,2,Wanya Morris,0.0998623760728679,0.1125002531860292,0.5238009815054845,0.4761990184945155,0.10588052075000962
22,3,Antonio Brown,0.0833840512441142,0.0867590595029981,0.5702372637069653,0.42976273629303474,0.08483450402846374
22,3,Doug Flutie,0.0894964699010116,0.0830173542557352,0.5702372637069653,0.42976273629303474,0.0867119874325386
22,3,Ginger Zee,0.0873038152162171,0.097400273696224,0.5702372637069653,0.42976273629303474,0.0916428968394539
22,3,Jodie Sweetin,0.0958560248464309,0.1060722242155475,0.5702372637069653,0.42976273629303474,0.10024656664181762
22,3,Kim Fields,0.0982931320118484,0.0893370132282598,0.5702372637069653,0.42976273629303474,0.09444412589684792
22,3,Marla Maples,0.0937035698573494,0.0919487254607757,0.5702372637069653,0.42976273629303474,0.09294940312770938
22,3,Mischa Barton,0.0748318416139004,0.0,0.5702372637069653,0.42976273629303474,0.04267190460006358
22,3,Nyle DiMarco,0.1040518936336408,0.1209479745516548,0.5702372637069653,0.42976273629303474,0.11131319960159503
22,3,Paige VanZant,0.0899193616128388,0.1163798791352734,0.5702372637069653,0.42976273629303474,0.10129110602701008
22,3,Von Miller,0.0833840512441142,0.0907140082266967,0.5702372637069653,0.42976273629303474,0.0865341936138591
22,3,Wanya Morris,0.0997757888185339,0.1174234877268344,0.5702372637069653,0.42976273629303474,0.10736011219064073
22,4,Antonio Brown,0.1085336033604626,0.1304970725961033,0.6017681839071877,0.39823181609281233,0.11728015560187041
22,4,Doug Flutie,0.079703408242515,0.070349573721057,0.6017681839071877,0.39823181609281233,0.07597841373360315
22,4,Ginger Zee,0.1113897523205432,0.1465461025741823,0.6017681839071877,0.39823181609281233,0.1253901295292449
22,4,Jodie Sweetin,0.0837803250670086,0.0411846160268131,0.6017681839071877,0.39823181609281233,0.06681735849817053
22,4,Kim Fields,0.10627121099002,0.1065374919524382,0.6017681839071877,0.39823181609281233,0.10637725254127475
22,4,Marla Maples,0.0929873096162675,0.0,0.6017681839071877,0.39823181609281233,0.055956804434196664
22,4,Nyle DiMarco,0.1054870457391011,0.1141918900679112,0.6017681839071877,0.39823181609281233,0.10895359170496835
22,4,Paige VanZant,0.1044910367910839,0.1487038331463192,0.6017681839071877,0.39823181609281233,0.12209797897817093
22,4,Von Miller,0.0990131131738161,0.1126252222550898,0.6017681839071877,0.39823181609281233,0.10443388809410518
22,4,Wanya Morris,0.1083431946991817,0.1293641976600856,0.6017681839071877,0.39823181609281233,0.11671442688439485
22,6,Antonio Brown,0.1181148248664923,0.1399288513493493,0.6639915800960363,0.3360084199039637,0.12544452143674029
22,6,Doug Flutie,0.098601348520156,0.0,0.6639915800960363,0.3360084199039637,0.06547046520349836
22,6,Ginger Zee,0.1049909554368821,0.1226698971315098,0.6639915800960363,0.3360084199039637,0.11093122870126826
22,6,Jodie Sweetin,0.1094202610925453,0.1122559107548399,0.6639915800960363,0.3360084199039637,0.11037306325497412
22,6,Kim Fields,0.1126872554516068,0.0751736988604869,0.6639915800960363,0.3360084199039637,0.10008238457644668
22,6,Nyle DiMarco,0.1094202610925453,0.126187195691917,0.6639915800960363,0.3360084199039637,0.11505409229391328
22,6,Paige VanZant,0.1148007019250708,0.1537760213535956,0.6639915800960363,0.3360084199039637,0.12789673742150168
22,6,Von Miller,0.1049909554368821,0.1201631888796607,0.6639915800960363,0.3360084199039637,0.11008895362240421
22,6,Wanya Morris,0.1269734361778188,0.1498452359786405,0.6639915800960363,0.3360084199039637,0.1346585534892527
22,7,Antonio Brown,0.1213750163113827,0.1575339864143461,0.6953417468583085,0.3046582531416915,0.1323911449783542
22,7,Ginger Zee,0.1283885284236585,0.1932994817425329,0.6953417468583085,0.3046582531416915,0.14816418607154866
22,7,Jodie Sweetin,0.1189821712354624,0.0952977657582794,0.6953417468583085,0.3046582531416915,0.11176652163608432
22,7,Kim Fields,0.130272340237405,0.0,0.6953417468583085,0.3046582531416915,0.0905837966279971
22,7,Nyle DiMarco,0.1307813734995789,0.1477947838580633,0.6953417468583085,0.3046582531416915,0.13596464937937752
22,7,Paige VanZant,0.1204370255574711,0.2088194186640066,0.6953417468583085,0.3046582531416915,0.14736345104979048
22,7,Von Miller,0.1213750163113827,0.0095569982228743,0.6953417468583085,0.3046582531416915,0.08730873425077167
22,7,Wanya Morris,0.1283885284236585,0.1876975653398972,0.6953417468583085,0.3046582531416915,0.14645751600607587
22,8,Antonio Brown,0.161419658412712,0.2221521351207971,0.7228571190104276,0.2771428809895724,0.1782512319772228
22,8,Ginger Zee,0.1793551760141244,0.4295730964538461,0.7228571190104276,0.2771428809895724,0.24870129136000851
22,8,Jodie Sweetin,0.1793551760141244,0.021963040054524,0.7228571190104276,0.2771428809895724,0.13573506600917828
22,8,Nyle DiMarco,0.1733766701469869,0.2529209375587056,0.7228571190104276,0.2771428809895724,0.1954217975836756
22,8,Paige VanZant,0.1570306727336151,0.0733907908121269,0.7228571190104276,0.2771428809895724,0.1338504748922662
22,8,Wanya Morris,0.149462646678437,0.0,0.7228571190104276,0.2771428809895724,0.10804013817764843
22,9,Antonio Brown,0.1941090065235304,0.0,0.75,0.25,0.1455817548926478
22,9,Ginger Zee,0.1976382611875946,0.2661482299736104,0.75,0.25,0.21476575338409853
22,9,Nyle DiMarco,0.2011675158516588,0.1617185963417313,0.75,0.25,0.1913052859741769
22,9,Paige VanZant,0.1953299365933648,0.414970533065513,0.75,0.25,0.2502400857114019
22,9,Wanya Morris,0.2117552798438513,0.1571626406191451,0.75,0.25,0.19810712003767475
23,2,Amber Rose,0.0666215737669894,0.0627147247553652,0.5458476527778247,0.45415234722217535,0.06484726911811764
23,2,Babyface,0.0908682826496112,0.0970435723296508,0.5458476527778247,0.45415234722217535,0.09367280495257807
23,2,Calvin Johnson Jr.,0.077725169394821,0.0897618765964969,0.5458476527778247,0.45415234722217535,0.08319166822328818
23,2,Jake T. Austin,0.062495491466162,0.0,0.5458476527778247,0.45415234722217535,0.0341130173260011
23,2,James Hinchcliffe,0.0805010683017789,0.098480817638506,0.5458476527778247,0.45415234722217535,0.08866661366551987
23,2,Jana Kramer,0.0803424460962638,0.0928532264574439,0.5458476527778247,0.45415234722217535,0.08602424636287484
23,2,Laurie Hernandez,0.0833273219548827,0.1161407550254161,0.5458476527778247,0.45415234722217535,0.0982296196042832
23,2,Marilu Henner,0.0818765587995001,0.0884494027633329,0.5458476527778247,0.45415234722217535,0.08486163131359986
23,2,Maureen McCormick,0.0787640394375236,0.0687508647497562,0.5458476527778247,0.45415234722217535,0.07421653264992836
23,2,Rick Perry,0.0673512379744477,0.0369669196956535,0.5458476527778247,0.45415234722217535,0.05355212850938766
23,2,Ryan Lochte,0.0666215737669894,0.0769109554320856,0.5458476527778247,0.45415234722217535,0.07129452060165767
23,2,Terra Jole,0.0862114883212098,0.1047997006349309,0.5458476527778247,0.45415234722217535,0.09465336857415038
23,2,Vanilla Ice,0.0772937480698197,0.0671271839213614,0.5458476527778247,0.45415234722217535,0.07267657909861255
23,3,Amber Rose,0.0746739038519027,0.0814703982091519,0.5773617800791078,0.42263821992089223,0.07754636212875289
23,3,Babyface,0.0814034592140482,0.0803667450080498,0.5773617800791078,0.42263821992089223,0.08096530416745833
23,3,Calvin Johnson Jr.,0.0957146166543072,0.1140255156996731,0.5773617800791078,0.42263821992089223,0.1034535024319918
23,3,James Hinchcliffe,0.0867207432611109,0.1007729823306422,0.5773617800791078,0.42263821992089223,0.09265975656736042
23,3,Jana Kramer,0.0778918945227543,0.0813502785447058,0.5773617800791078,0.42263821992089223,0.07935353978959475
23,3,Laurie Hernandez,0.0870776291461428,0.1131038494979687,0.5773617800791078,0.42263821992089223,0.09807730458690739
23,3,Marilu Henner,0.0912978019054986,0.0980861785857814,0.5773617800791078,0.42263821992089223,0.09416682934180581
23,3,Maureen McCormick,0.0912978019054986,0.0866611890321489,0.5773617800791078,0.42263821992089223,0.08933819209424379
23,3,Rick Perry,0.0756970596823521,0.0,0.5773617800791078,0.42263821992089223,0.04370458912495727
23,3,Ryan Lochte,0.0747564161793225,0.0866557472692488,0.5773617800791078,0.42263821992089223,0.07978552828941828
23,3,Terra Jole,0.0896086846222833,0.1023628398474549,0.5773617800791078,0.42263821992089223,0.09499907808324456
23,3,Vanilla Ice,0.0738599890547785,0.0551442759751742,0.5773617800791078,0.42263821992089223,0.06595001339426437
23,4,Amber Rose,0.0900200231947679,0.1109830144092248,0.6023246492864678,0.3976753507135322,0.09835648807798175
23,4,Babyface,0.0735994193612416,0.0,0.6023246492864678,0.3976753507135322,0.04433074445444752
23,4,Calvin Johnson Jr.,0.0863629593656773,0.1056142072753841,0.6023246492864678,0.3976753507135322,0.0940187061298431
23,4,James Hinchcliffe,0.1050233603938959,0.1244014873249286,0.6023246492864678,0.3976753507135322,0.11272956381736568
23,4,Jana Kramer,0.0863629593656773,0.0969876011590977,0.6023246492864678,0.3976753507135322,0.0905881175170814
23,4,Laurie Hernandez,0.1055560022311402,0.1341025786113824,0.6023246492864678,0.3976753507135322,0.11690827200482365
23,4,Marilu Henner,0.0858659892547819,0.0911328078576368,0.6023246492864678,0.3976753507135322,0.08796047318981678
23,4,Maureen McCormick,0.0981325591483222,0.1029692777380523,0.6023246492864678,0.3976753507135322,0.10005600290979577
23,4,Ryan Lochte,0.0825183545952039,0.0919905178729456,0.6023246492864678,0.3976753507135322,0.08628520044869567
23,4,Terra Jole,0.0938646279652413,0.1160002277931214,0.6023246492864678,0.3976753507135322,0.10266741039004793
23,4,Vanilla Ice,0.0926937451240498,0.0258182799582259,0.6023246492864678,0.3976753507135322,0.06609902106010018
23,6,Amber Rose,0.0907532536365173,0.0,0.6405309919467572,0.3594690080532428,0.05813027157419408
23,6,Calvin Johnson Jr.,0.1197942951735866,0.144621880879339,0.6405309919467572,0.3594690080532428,0.1287190427795903
23,6,James Hinchcliffe,0.123216988787998,0.150783328976108,0.6405309919467572,0.3594690080532428,0.13312623375107613
23,6,Jana Kramer,0.1296475051950248,0.1515577790637025,0.6405309919467572,0.3594690080532428,0.13752356960877327
23,6,Laurie Hernandez,0.1124723541791252,0.1486520659333679,0.6405309919467572,0.3594690080532428,0.12547783927507508
23,6,Marilu Henner,0.1200750213745955,0.130770967460974,0.6405309919467572,0.3594690080532428,0.12391988250445693
23,6,Maureen McCormick,0.1096730415660641,0.1028739309600671,0.6405309919467572,0.3594690080532428,0.10722897202088208
23,6,Ryan Lochte,0.097183770043544,0.1099331930732156,0.6405309919467572,0.3594690080532428,0.10176679249327122
23,6,Terra Jole,0.097183770043544,0.0608068536532257,0.6405309919467572,0.3594690080532428,0.08410739599268054
23,7,Calvin Johnson Jr.,0.1324632994007881,0.1804241269733877,0.6658880954904698,0.3341119045095302,0.14848758284292254
23,7,James Hinchcliffe,0.1324632994007881,0.1757023930658038,0.6658880954904698,0.3341119045095302,0.14690999533447247
23,7,Jana Kramer,0.1236624306926535,0.1441423988167894,0.6658880954904698,0.3341119045095302,0.130505031846903
23,7,Laurie Hernandez,0.1160036298311963,0.1622298794283052,0.6658880954904698,0.3341119045095302,0.13144837012241925
23,7,Marilu Henner,0.1249896831379727,0.0961990720027879,0.6658880954904698,0.3341119045095302,0.11537039721960282
23,7,Maureen McCormick,0.1287826585836556,0.0,0.6658880954904698,0.3341119045095302,0.08575483925646982
23,7,Ryan Lochte,0.1181363047432842,0.0941646174568592,0.6658880954904698,0.3341119045095302,0.11012707864970986
23,7,Terra Jole,0.1234986942096612,0.1471375122560665,0.6658880954904698,0.3341119045095302,0.13139670472749992
23,8,Calvin Johnson Jr.,0.1490773901315321,0.1917453685559275,0.6865996224006445,0.31340037759935546,0.16244955068113875
23,8,James Hinchcliffe,0.1739226279708533,0.2126251663871308,0.6865996224006445,0.31340037759935546,0.18605201812456823
23,8,Jana Kramer,0.1490773901315321,0.1645261263612029,0.6865996224006445,0.31340037759935546,0.15391902989934375
23,8,Laurie Hernandez,0.1538290175324129,0.2196257265604438,0.6865996224006445,0.31340037759935546,0.17444973098659272
23,8,Marilu Henner,0.1251343366272613,0.1417239283693275,0.6865996224006445,0.31340037759935546,0.130333520943444
23,8,Ryan Lochte,0.1296973255011823,0.0,0.6865996224006445,0.31340037759935546,0.08905013471548524
23,8,Terra Jole,0.1192619121052257,0.0697536837659673,0.6865996224006445,0.31340037759935546,0.10374601464942701
23,9,Calvin Johnson Jr.,0.1620907448925286,0.1760525102165516,0.7090376214309647,0.2909623785690353,0.16615309334022899
23,9,James Hinchcliffe,0.1580761109231865,0.1447036011065627,0.7090376214309647,0.2909623785690353,0.15418521365950386
23,9,Jana Kramer,0.1756401232479849,0.2351164643594211,0.7090376214309647,0.2909623785690353,0.19294550092635165
23,9,Laurie Hernandez,0.1647621814211627,0.2579696905219575,0.7090376214309647,0.2909623785690353,0.19188205996962496
23,9,Marilu Henner,0.1723218096883131,0.0,0.7090376214309647,0.2909623785690353,0.12218264606208089
23,9,Terra Jole,0.167109029826824,0.1861577337955069,0.7090376214309647,0.2909623785690353,0.1726514860422094
23,10,Calvin Johnson Jr.,0.1936872714352879,0.1776975258880401,0.7301568196084463,0.26984318039155375,0.18937254764316688
23,10,James Hinchcliffe,0.2040541192175074,0.2623007844290685,0.7301568196084463,0.26984318039155375,0.21977158460539714
23,10,Jana Kramer,0.2004257237895769,0.0675784961960547,0.7301568196084463,0.26984318039155375,0.16457780538954028
23,10,Laurie Hernandez,0.1944959299132378,0.4924231934868366,0.7301568196084463,0.26984318039155375,0.2748895702412904
23,10,Terra Jole,0.2073369556443899,0.0,0.7301568196084463,0.26984318039155375,0.1513884921206052
23,11,Calvin Johnson Jr.,0.2560683079373957,0.2972135984048774,0.75,0.25,0.2663546305542661
23,11,James Hinchcliffe,0.2603036557896599,0.3181862380949575,0.75,0.25,0.27477430136598435
23,11,Jana Kramer,0.237257446252759,0.0,0.75,0.25,0.17794308468956924
23,11,Laurie Hernandez,0.2463705900201853,0.3846001635001649,0.75,0.25,0.2809279833901802
24,2,Bonner Bolton,0.0842303106533605,0.0964002780829116,0.5541738260613134,0.4458261739386866,0.0896560006694357
24,2,Charo,0.0820471607804268,0.0708150071208339,0.5541738260613134,0.4458261739386866,0.07703957268927908
24,2,Chris Kattan,0.0705378683241527,0.0,0.5541738260613134,0.4458261739386866,0.03909024037140482
24,2,David Ross,0.0808443305308141,0.0863745358525607,0.5541738260613134,0.4458261739386866,0.08330984081050374
24,2,Erika Jayne,0.0896433168092826,0.0816687755185121,0.5541738260613134,0.4458261739386866,0.0860880575767023
24,2,Heather Morris,0.0900993449296049,0.1075525663263048,0.5541738260613134,0.4458261739386866,0.09788044784780045
24,2,Mr. T,0.0716429436204753,0.0507600835150036,0.5541738260613134,0.4458261739386866,0.06233281799875601
24,2,Nancy Kerrigan,0.0896433168092826,0.0909305346532166,0.5541738260613134,0.4458261739386866,0.0902171922156693
24,2,Nick Viall,0.0749752962545697,0.0792870965853597,0.5541738260613134,0.4458261739386866,0.07689760969883336
24,2,Normani,0.0895407546919701,0.1210658670216225,0.5541738260613134,0.4458261739386866,0.10359547490488635
24,2,Rashad Jennings,0.0954524215093646,0.1126794023344272,0.5541738260613134,0.4458261739386866,0.10313266045911737
24,2,Simone Biles,0.0813429350866955,0.1024658529892467,0.5541738260613134,0.4458261739386866,0.09076008475761088
24,3,Bonner Bolton,0.0750540572721934,0.0882018239482035,0.5851322390420629,0.4148677609579371,0.08050864179466709
24,3,Charo,0.0825594629994128,0.0,0.5851322390420629,0.4148677609579371,0.04830820343895676
24,3,David Ross,0.0969698419076108,0.103660189113363,0.5851322390420629,0.4148677609579371,0.0997454512728924
24,3,Erika Jayne,0.0872151344797454,0.0830819291655466,0.5851322390420629,0.4148677609579371,0.08550040084546429
24,3,Heather Morris,0.1030742390941279,0.1231654827767724,0.5851322390420629,0.4148677609579371,0.11140944837560693
24,3,Mr. T,0.0818178717711457,0.0573968418127067,0.5851322390420629,0.4148677609579371,0.0716863737520014
24,3,Nancy Kerrigan,0.1107374427715141,0.1163992174129475,0.5851322390420629,0.4148677609579371,0.11308633054005399
24,3,Nick Viall,0.0811584544587105,0.0903336047685071,0.5851322390420629,0.4148677609579371,0.08496492852418834
24,3,Normani,0.0998822545776294,0.1324233261269891,0.5851322390420629,0.4148677609579371,0.11338249607048428
24,3,Rashad Jennings,0.087563066817559,0.0943705185882863,0.5851322390420629,0.4148677609579371,0.09038725909150977
24,3,Simone Biles,0.0939681738503505,0.1109670662866773,0.5851322390420629,0.4148677609579371,0.10102046629417422
24,4,Bonner Bolton,0.0972483633240972,0.1083967382081939,0.6153942689068237,0.3846057310931763,0.10153609219689602
24,4,David Ross,0.0942093519702191,0.1096598705369408,0.6153942689068237,0.3846057310931763,0.10015170995934179
24,4,Erika Jayne,0.0978535286196148,0.0836915304041471,0.6153942689068237,0.3846057310931763,0.0924067429422146
24,4,Heather Morris,0.1063653973857313,0.1319220599259907,0.6153942689068237,0.3846057310931763,0.11619463626632937
24,4,Mr. T,0.0927607728134576,0.0,0.6153942689068237,0.3846057310931763,0.05708444796876971
24,4,Nancy Kerrigan,0.1074214299205934,0.1160097737569042,0.6153942689068237,0.3846057310931763,0.11072455618063728
24,4,Nick Viall,0.0913729406979327,0.0471225091542737,0.6153942689068237,0.3846057310931763,0.07435397112289517
24,4,Normani,0.091415520641861,0.1249486396662985,0.6153942689068237,0.3846057310931763,0.10431255040008929
24,4,Rashad Jennings,0.118724042882835,0.1405502214702806,0.6153942689068237,0.3846057310931763,0.12711851625542975
24,4,Simone Biles,0.1026286517436576,0.1376986568769701,0.6153942689068237,0.3846057310931763,0.1161167767073967
24,5,Bonner Bolton,0.0985725594970054,0.0977582531404802,0.64626639428976,0.35373360571024004,0.09828451197335897
24,5,David Ross,0.0952328322714735,0.0961766599177105,0.64626639428976,0.35373360571024004,0.09556669582794593
24,5,Erika Jayne,0.11296745070286,0.0,0.64626639428976,0.35373360571024004,0.07300706703784354
24,5,Heather Morris,0.1118302648198234,0.1423095284167962,0.64626639428976,0.35373360571024004,0.12261180463137344
24,5,Nancy Kerrigan,0.1270883820407175,0.1155374784562186,0.64626639428976,0.35373360571024004,0.12300243926656138
24,5,Nick Viall,0.1116278576612046,0.0975227280187327,0.64626639428976,0.35373360571024004,0.10663839929376262
24,5,Normani,0.1202838971961962,0.1751391217427627,0.64626639428976,0.35373360571024004,0.13968803356709802
24,5,Rashad Jennings,0.1051508103687597,0.1182543637807993,0.64626639428976,0.35373360571024004,0.10978597756481719
24,5,Simone Biles,0.1172459454419592,0.1573018665264995,0.64626639428976,0.35373360571024004,0.13141507083723847
24,6,Bonner Bolton,0.1179180694495032,0.1683662089970432,0.6742724665933663,0.32572753340663374,0.13435041750927704
24,6,David Ross,0.1158614712907648,0.0276928519269527,0.6742724665933663,0.32572753340663374,0.08714252438152191
24,6,Heather Morris,0.1385417186456162,0.0,0.6742724665933663,0.32572753340663374,0.0934148663572638
24,6,Nancy Kerrigan,0.1348137833091876,0.1357277095645917,0.6742724665933663,0.32572753340663374,0.13511147425407594
24,6,Nick Viall,0.1141508418810664,0.0005622184710617,0.6742724665933663,0.32572753340663374,0.07715189975467056
24,6,Normani,0.1265356661910862,0.2894234496643198,0.6742724665933663,0.32572753340663374,0.17959270212389644
24,6,Rashad Jennings,0.1308534996202805,0.1630039062198039,0.6742724665933663,0.32572753340663374,0.14132577225996362
24,6,Simone Biles,0.1213249496124949,0.2152236551562266,0.6742724665933663,0.32572753340663374,0.15191034335933043
24,7,Bonner Bolton,0.1234832127967233,0.0687101305659459,0.6997994679283948,0.30020053207160524,0.10704030436784213
24,7,David Ross,0.1277836218233501,0.1356870351255683,0.6997994679283948,0.30020053207160524,0.1301562307018578
24,7,Nancy Kerrigan,0.1542945653927833,0.0109963118969372,0.6997994679283948,0.30020053207160524,0.11127635344839854
24,7,Nick Viall,0.1356472298494506,0.0,0.6997994679283948,0.30020053207160524,0.0949258592746062
24,7,Normani,0.1573288273116808,0.2923335244081514,0.6997994679283948,0.30020053207160524,0.19785730921220718
24,7,Rashad Jennings,0.1554291182525608,0.2330225325284125,0.6997994679283948,0.30020053207160524,0.17872270250342398
24,7,Simone Biles,0.1460334245734508,0.2592504654749845,0.6997994679283948,0.30020053207160524,0.1800212404916639
24,8,Bonner Bolton,0.1707728767019994,0.0,0.7236388876129848,0.2763611123870152,0.12357789453110425
24,8,David Ross,0.1912366475593363,0.1682788141860977,0.7236388876129848,0.2763611123870152,0.18489199519031232
24,8,Normani,0.2182951707600837,0.3451574755594614,0.7236388876129848,0.2763611123870152,0.25335497843442034
24,8,Rashad Jennings,0.2209362767153866,0.2658765754855136,0.7236388876129848,0.2763611123870152,0.2333560276745037
24,8,Simone Biles,0.1987590282631938,0.2206871347689271,0.7236388876129848,0.2763611123870152,0.2048191041696592
24,9,David Ross,0.2387746985929066,0.2611459873312014,0.75,0.25,0.2443675207774803
24,9,Normani,0.2429078823887264,0.3870327894869799,0.75,0.25,0.2789391091632898
24,9,Rashad Jennings,0.2626249112407601,0.3518212231818186,0.75,0.25,0.2849239892260247
24,9,Simone Biles,0.2556925077776067,0.0,0.75,0.25,0.19176938083320505
25,2,Barbara Corcoran,0.0687175259550902,0.0,0.5712074684897239,0.4287925315102761,0.039251964041683976
25,2,Debbie Gibson,0.0807615978851632,0.0231888138016064,0.5712074684897239,0.4287925315102761,0.05607481805188035
25,2,Derek Fisher,0.0697444382510918,0.0592593768781202,0.5712074684897239,0.4287925315102761,0.0652485222419347
25,2,Drew Scott,0.0752457524197484,0.0690353578085453,0.5712074684897239,0.4287925315102761,0.07258278159273285
25,2,Frankie Muniz,0.0880617769972445,0.1107568709390911,0.5712074684897239,0.4287925315102761,0.09779326378143244
25,2,Jordan Fisher,0.0825696093898783,0.1115952375103691,0.5712074684897239,0.4287925315102761,0.0950155819503394
25,2,Lindsey Stirling,0.0825197125298491,0.1021264618549614,0.5712074684897239,0.4287925315102761,0.09092694020765141
25,2,Nick Lachey,0.0698463139979387,0.0738217206829586,0.5712074684897239,0.4287925315102761,0.07155093869419125
25,2,Nikki Bella,0.0715170841925359,0.0773202259991764,0.5712074684897239,0.4287925315102761,0.0740054280585184
25,2,Sasha Pieterse,0.077504575066425,0.0951400370842312,0.5712074684897239,0.4287925315102761,0.08506652946939344
25,2,Terrell Owens,0.0715578344912746,0.0799502448502971,0.5712074684897239,0.4287925315102761,0.07515643737459293
25,2,Vanessa Lachey,0.0862076304583229,0.1026395834529348,0.5712074684897239,0.4287925315102761,0.09325352918054039
25,2,Victoria Arlen,0.0757461483654369,0.0951660691377081,0.5712074684897239,0.4287925315102761,0.08407326535510806
25,4,Derek Fisher,0.0865296362833969,0.0,0.6114146830073839,0.3885853169926161,0.05290549013895734
25,4,Drew Scott,0.0901937582954739,0.0883273816433934,0.6114146830073839,0.3885853169926161,0.08946851173249758
25,4,Frankie Muniz,0.0901937582954739,0.0971439058116038,0.6114146830073839,0.3885853169926161,0.09289448357117468
25,4,Jordan Fisher,0.102322529676728,0.1266194847042314,0.6114146830073839,0.3885853169926161,0.11176396964804575
25,4,Lindsey Stirling,0.0978038560703311,0.1160559704974764,0.6114146830073839,0.3885853169926161,0.10489635974078886
25,4,Nick Lachey,0.0825836605206166,0.0510794740026932,0.6114146830073839,0.3885853169926161,0.07034159621595483
25,4,Nikki Bella,0.0901937582954739,0.0980039045257853,0.6114146830073839,0.3885853169926161,0.09322866644413813
25,4,Sasha Pieterse,0.0846077769277918,0.0939977339453293,0.6114146830073839,0.3885853169926161,0.08825657635199866
25,4,Terrell Owens,0.0901937582954739,0.1005595148982687,0.6114146830073839,0.3885853169926161,0.09422173911083923
25,4,Vanessa Lachey,0.0901937582954739,0.1051120227939347,0.6114146830073839,0.3885853169926161,0.09599077683458798
25,4,Victoria Arlen,0.0951837490437657,0.1231006071772834,0.6114146830073839,0.3885853169926161,0.10603183021101656
25,5,Drew Scott,0.0976463987904083,0.107651129315599,0.6306477373528505,0.3693522626471495,0.1013416686470625
25,5,Frankie Muniz,0.1134714445054418,0.1441703070053043,0.6306477373528505,0.3693522626471495,0.12481013883045974
25,5,Jordan Fisher,0.10996260736782,0.1527882492913829,0.6306477373528505,0.3693522626471495,0.12578035511160457
25,5,Lindsey Stirling,0.1092514334869866,0.1261626916298934,0.6306477373528505,0.3693522626471495,0.11549764494627926
25,5,Nick Lachey,0.0858069200140994,0.0603234385774475,0.6306477373528505,0.3693522626471495,0.07639453848534539
25,5,Nikki Bella,0.1055003106279924,0.1059529920534338,0.6306477373528505,0.3693522626471495,0.10566750953673751
25,5,Sasha Pieterse,0.0879700858942559,0.0,0.6306477373528505,0.3693522626471495,0.05547813562394839
25,5,Terrell Owens,0.0976463987904083,0.1141085388781839,0.6306477373528505,0.3693522626471495,0.10372672747984257
25,5,Vanessa Lachey,0.0937780538915488,0.0592465000954331,0.6306477373528505,0.3693522626471495,0.08102374636423171
25,5,Victoria Arlen,0.098966346631038,0.1295961531533219,0.6306477373528505,0.3693522626471495,0.11027953497448797
25,6,Drew Scott,0.0989423458034696,0.0503142927035516,0.6519896939455442,0.3480103060544558,0.0820192821613348
25,6,Frankie Muniz,0.102803508663692,0.120502280737717,0.6519896939455442,0.3480103060544558,0.1089628637499615
25,6,Jordan Fisher,0.1213380267088861,0.1492776647123578,0.6519896939455442,0.3480103060544558,0.131061308681525
25,6,Lindsey Stirling,0.1327275344047787,0.1590981424347299,0.6519896939455442,0.3480103060544558,0.1419047777761241
25,6,Nick Lachey,0.0860315753630604,0.0,0.6519896939455442,0.3480103060544558,0.05609170049061477
25,6,Nikki Bella,0.1194547809643008,0.1269527283794909,0.6519896939455442,0.3480103060544558,0.12206414393904132
25,6,Terrell Owens,0.1224713168243631,0.1400355894098879,0.6519896939455442,0.3480103060544558,0.12858386470247546
25,6,Vanessa Lachey,0.1194547809643008,0.1323672369433047,0.6519896939455442,0.3480103060544558,0.12394844872146864
25,6,Victoria Arlen,0.0967761303031481,0.1214520646789598,0.6519896939455442,0.3480103060544558,0.10536360977745401
25,7,Drew Scott,0.134743673569246,0.1485312082937423,0.6790700982185031,0.32092990178149694,0.13916850573418757
25,7,Frankie Muniz,0.1418354458623642,0.1852915708308501,0.6790700982185031,0.32092990178149694,0.15578181578030487
25,7,Jordan Fisher,0.1197460200316445,0.1598050392338375,0.6790700982185031,0.32092990178149694,0.1326021571296674
25,7,Lindsey Stirling,0.1205601289830095,0.1492703354224693,0.6790700982185031,0.32092990178149694,0.12977409271575185
25,7,Nikki Bella,0.1134683566898913,0.0,0.6790700982185031,0.32092990178149694,0.07705296812209662
25,7,Terrell Owens,0.1155958968876472,0.1242965113549555,0.6790700982185031,0.32092990178149694,0.11838818423407912
25,7,Vanessa Lachey,0.1276519012761278,0.0404575686985022,0.6790700982185031,0.32092990178149694,0.09966863268608724
25,7,Victoria Arlen,0.1263985767000692,0.1923477661656428,0.6790700982185031,0.32092990178149694,0.1475636435978251
25,8,Drew Scott,0.1536218856984225,0.0202777683862527,0.7027625713040851,0.29723742869591485,0.11398702313682672
25,8,Frankie Muniz,0.1731915529868943,0.2527806381175645,0.7027625713040851,0.29723742869591485,0.19684840800339498
25,8,Jordan Fisher,0.1835765662486214,0.2840138619798432,0.7027625713040851,0.29723742869591485,0.21343028977694095
25,8,Lindsey Stirling,0.1764065701151547,0.2754877405192121,0.7027625713040851,0.29723742869591485,0.20585720243823852
25,8,Terrell Owens,0.1663421719520098,0.0,0.7027625713040851,0.29723742869591485,0.11689905247730067
25,8,Victoria Arlen,0.1468612529988971,0.1674399909971274,0.7027625713040851,0.29723742869591485,0.152978024167298
25,9,Drew Scott,0.1827104367019319,0.0752612369691881,0.7264585902035056,0.27354140979649444,0.15331863112553204
25,9,Frankie Muniz,0.1940156454867348,0.09260973185452,0.7264585902035056,0.27354140979649444,0.16627692891007723
25,9,Jordan Fisher,0.2068518689726622,0.4712903951830086,0.7264585902035056,0.27354140979649444,0.2791867562367476
25,9,Lindsey Stirling,0.2168544500744762,0.3608386359932831,0.7264585902035056,0.27354140979649444,0.2562400872791072
25,9,Victoria Arlen,0.1995675987641946,0.0,0.7264585902035056,0.27354140979649444,0.14497759644853567
25,10,Drew Scott,0.243664464732594,0.0,0.75,0.25,0.1827483485494455
25,10,Frankie Muniz,0.2527857925876415,0.2825494974862779,0.75,0.25,0.2602267188123006
25,10,Jordan Fisher,0.2437291196915411,0.3619571935852121,0.75,0.25,0.27328613816495884
25,10,Lindsey Stirling,0.2598206229882233,0.3554933089285098,0.75,0.25,0.2837387944732949
26,1,Adam Rippon,0.1131288929746777,0.1551054784627814,0.5409473571507453,0.45905264284925473,0.13239835548077936
26,1,Arike Ogunbowale,0.0886122591728978,0.1072421592798884,0.5409473571507453,0.45905264284925473,0.09716436405302945
26,1,Chris Mazdzer,0.098987781352843,0.1294411001754112,0.5409473571507453,0.45905264284925473,0.11296745784187388
26,1,Jamie Anderson,0.0893718262984583,0.0074374877496438,0.5409473571507453,0.45905264284925473,0.05175965164751943
26,1,Jennie Finch Daigle,0.098987781352843,0.1181315084159987,0.5409473571507453,0.45905264284925473,0.10777575985516943
26,1,Johnny Damon,0.0848466697310083,0.0,0.5409473571507453,0.45905264284925473,0.045897581754031073
26,1,Josh Norman,0.1131288929746777,0.1546193168397115,0.5409473571507453,0.45905264284925473,0.13217518170285725
26,1,Kareem Abdul-Jabbar,0.0883536644799141,0.0528588353419301,0.5409473571507453,0.45905264284925473,0.07205966935663981
26,1,Mirai Nagasu,0.1083209154474854,0.1390015824867216,0.5409473571507453,0.45905264284925473,0.1224049567362248
26,1,Tonya Harding,0.1162613162151941,0.136162531247913,0.5409473571507453,0.45905264284925473,0.12539702157187504
26,2,Adam Rippon,0.1368649151900501,0.2089351722230872,0.6517554101708096,0.3482445898291904,0.16196299228940442
26,2,Arike Ogunbowale,0.121169136150266,0.0455874477094793,0.6517554101708096,0.3482445898291904,0.09484822206060659
26,2,Chris Mazdzer,0.1220511308659198,0.1640405705865184,0.6517554101708096,0.3482445898291904,0.13667372607857717
26,2,Jennie Finch Daigle,0.1163062736348566,0.0992330444894951,0.6517554101708096,0.3482445898291904,0.1103606139540704
26,2,Josh Norman,0.116595322182688,0.1280305846022368,0.6517554101708096,0.3482445898291904,0.12057759045357293
26,2,Kareem Abdul-Jabbar,0.1197495754447437,0.0,0.6517554101708096,0.3482445898291904,0.07804743366176924
26,2,Mirai Nagasu,0.1365758666422187,0.2062843669842036,0.6517554101708096,0.3482445898291904,0.16085147475142123
26,2,Tonya Harding,0.1306877798892567,0.1478888134049792,0.6517554101708096,0.3482445898291904,0.13667794675057765
26,3,Adam Rippon,0.1922375562095445,0.3496259099649949,0.75,0.25,0.23158464464840708
26,3,Chris Mazdzer,0.1548089349901429,0.0439078467994329,0.75,0.25,0.1270836629424654
26,3,Jennie Finch Daigle,0.1354708156902752,0.0,0.75,0.25,0.1016031117677064
26,3,Josh Norman,0.1777859507921576,0.3008867990812572,0.75,0.25,0.2085611628644325
26,3,Mirai Nagasu,0.1641660902949933,0.0783806653992357,0.75,0.25,0.1427197340710539
26,3,Tonya Harding,0.1755306520228863,0.2271987787550793,0.75,0.25,0.18844768370593457
27,1,Alexis Ren,0.079723260678198,0.0962088239225762,0.5560563662448735,0.44394363375512647,0.0870419215294072
27,1,Bobby Bones,0.0775642106708858,0.0887686388681266,0.5560563662448735,0.44394363375512647,0.08253834523891729
27,1,Danelle Umstead,0.07463181282412,0.0633026381621208,0.5560563662448735,0.44394363375512647,0.06960229785722558
27,1,DeMarcus Ware,0.0891533137789948,0.1040815078395824,0.5560563662448735,0.44394363375512647,0.09578059049565375
27,1,Evanna Lynch,0.0698381419321465,0.0689688834329964,0.5560563662448735,0.44394363375512647,0.06945224015536128
27,1,Joe Amabile,0.0543860044546679,0.0534481772939458,0.5560563662448735,0.44394363375512647,0.05396966205710268
27,1,John Schneider,0.0761319021117917,0.0700759723940223,0.5560563662448735,0.44394363375512647,0.07344341066711949
27,1,Juan Pablo Di Pace,0.0852902794096251,0.0973578379002567,0.5560563662448735,0.44394363375512647,0.09064759517650862
27,1,Mary Lou Retton,0.0827613500319311,0.0867529338608492,0.5560563662448735,0.44394363375512647,0.0845333882613792
27,1,Milo Manheim,0.0727604166634652,0.0917524894682004,0.5560563662448735,0.44394363375512647,0.08119182647694126
27,1,Nancy McKeon,0.0808511305594634,0.080310124575189,0.5560563662448735,0.44394363375512647,0.08061095439692136
27,1,Nikki Glaser,0.0677548631057153,0.0,0.5560563662448735,0.44394363375512647,0.0376755229739829
27,1,Tinashe,0.0891533137789948,0.0989719722821336,0.5560563662448735,0.44394363375512647,0.09351224471347891
27,2,Alexis Ren,0.0836885341197067,0.1049292857256048,0.5852270272641555,0.41477297273584446,0.09249862380642872
27,2,Bobby Bones,0.0712510723323424,0.0628228442630282,0.5852270272641555,0.41477297273584446,0.06775527112113726
27,2,Danelle Umstead,0.0724212289512765,0.0,0.5852270272641555,0.41477297273584446,0.042382860529972345
27,2,DeMarcus Ware,0.0858259575027771,0.0966208215760897,0.5852270272641555,0.41477297273584446,0.09030337536474434
27,2,Evanna Lynch,0.0875198913342432,0.0900470231057821,0.5852270272641555,0.41477297273584446,0.08856807729161958
27,2,Joe Amabile,0.0638048240459465,0.0696014039779454,0.5852270272641555,0.41477297273584446,0.06620908873604263
27,2,John Schneider,0.0857509927588906,0.0710679332806831,0.5852270272641555,0.41477297273584446,0.07966085653025726
27,2,Juan Pablo Di Pace,0.0950720100880915,0.1199407803687843,0.5852270272641555,0.41477297273584446,0.10538690386569928
27,2,Mary Lou Retton,0.0900341324464633,0.0741614657246768,0.5852270272641555,0.41477297273584446,0.0834505792850226
27,2,Milo Manheim,0.0891839033390592,0.1213409717016952,0.5852270272641555,0.41477297273584446,0.10252178617829952
27,2,Nancy McKeon,0.0803754429931109,0.0756274378453929,0.5852270272641555,0.41477297273584446,0.0784060987834268
27,2,Tinashe,0.0950720100880915,0.1138400324303169,0.5852270272641555,0.41477297273584446,0.10285647850734908
27,3,Alexis Ren,0.0894957482299621,0.1109978787330112,0.6131966577201806,0.3868033422798194,0.09781284417467835
27,3,Bobby Bones,0.0844226370035202,0.0805406134320937,0.6131966577201806,0.3868033422798194,0.0829210573112834
27,3,DeMarcus Ware,0.0954044436271475,0.1052262596632116,0.6131966577201806,0.3868033422798194,0.09920355489715463
27,3,Evanna Lynch,0.0988362596126458,0.1195091196496092,0.6131966577201806,0.3868033422798194,0.10683259096942616
27,3,Joe Amabile,0.0658908397417639,0.0625075833825697,0.6131966577201806,0.3868033422798194,0.06458218487423814
27,3,John Schneider,0.0838003507288394,0.0405830342157808,0.6131966577201806,0.3868033422798194,0.0670837482572235
27,3,Juan Pablo Di Pace,0.1098180662362732,0.1360606930839853,0.6131966577201806,0.3868033422798194,0.11996880201117037
27,3,Mary Lou Retton,0.0942945718070581,0.0928204223641342,0.6131966577201806,0.3868033422798194,0.09372436587551519
27,3,Milo Manheim,0.0927150211247345,0.1315908009907263,0.6131966577201806,0.3868033422798194,0.10775230271063463
27,3,Nancy McKeon,0.086485802275409,0.0,0.6131966577201806,0.3868033422798194,0.05303280489552919
27,3,Tinashe,0.0988362596126458,0.1201635944848776,0.6131966577201806,0.3868033422798194,0.107085744023146
27,4,Alexis Ren,0.1008003800094562,0.1422876724663647,0.643921158545785,0.356078841454215,0.11557312704258436
27,4,Bobby Bones,0.0861792546185151,0.074127530433323,0.643921158545785,0.356078841454215,0.08188789063312615
27,4,DeMarcus Ware,0.0945607790193223,0.1075252166946811,0.643921158545785,0.356078841454215,0.09917714096686944
27,4,Evanna Lynch,0.1031572134756243,0.1034092512370452,0.643921158545785,0.356078841454215,0.10324695878971377
27,4,Joe Amabile,0.0644732584222652,0.0834476638696478,0.643921158545785,0.356078841454215,0.07122964273125174
27,4,John Schneider,0.0983969551383766,0.014247017675805,0.643921158545785,0.356078841454215,0.06843294289825946
27,4,Juan Pablo Di Pace,0.1031572134756243,0.1347558280451292,0.643921158545785,0.356078841454215,0.11440881154309188
27,4,Mary Lou Retton,0.1201763470384063,0.1584432659149962,0.643921158545785,0.356078841454215,0.13380238717800486
27,4,Milo Manheim,0.1171300408149881,0.1817565536630074,0.643921158545785,0.356078841454215,0.14014217463713674
27,4,Tinashe,0.1119685579874212,0.0,0.643921158545785,0.356078841454215,0.07209892357996117
27,6,Alexis Ren,0.1106498569413943,0.1373741365284998,0.6971342743113892,0.3028657256886108,0.11874372527204834
27,6,Bobby Bones,0.0959368890493301,0.0979850253402647,0.6971342743113892,0.3028657256886108,0.09655719933339318
27,6,DeMarcus Ware,0.1137612275443351,0.1348473905726676,0.6971342743113892,0.3028657256886108,0.12014750361189938
27,6,Evanna Lynch,0.1267362990393644,0.1377115692180954,0.6971342743113892,0.3028657256886108,0.13006033220667435
27,6,Joe Amabile,0.0959368890493301,0.1091911594956888,0.6971342743113892,0.3028657256886108,0.09995115328653964
27,6,John Schneider,0.0904382733893022,0.0388986662846132,0.6971342743113892,0.3028657256886108,0.07482869288183469
27,6,Juan Pablo Di Pace,0.1310613228710408,0.1703699179512211,0.6971342743113892,0.3028657256886108,0.14296654904579936
27,6,Mary Lou Retton,0.1125349566254645,0.0,0.6971342743113892,0.3028657256886108,0.07845197532175685
27,6,Milo Manheim,0.1229442854904381,0.1736221346089491,0.6971342743113892,0.3028657256886108,0.13829286904005383
27,7,Alexis Ren,0.1190962711792358,0.1870734750188659,0.7242625938472262,0.27573740615277376,0.13784012904349377
27,7,Bobby Bones,0.1224605275524651,0.094714083355855,0.7242625938472262,0.27573740615277376,0.11480979499972915
27,7,DeMarcus Ware,0.1224605275524651,0.0046587630392794,0.7242625938472262,0.27573740615277376,0.0899781745653794
27,7,Evanna Lynch,0.1363027631888872,0.1941777811585944,0.7242625938472262,0.27573740615277376,0.15226107052489943
27,7,Joe Amabile,0.1086182919160429,0.0655139582507253,0.7242625938472262,0.27573740615277376,0.09673281475722455
27,7,John Schneider,0.1358071863586953,0.0,0.7242625938472262,0.27573740615277376,0.0983600650552423
27,7,Juan Pablo Di Pace,0.1293816453706761,0.2186103698612672,0.7242625938472262,0.27573740615277376,0.15398534241603215
27,7,Milo Manheim,0.1258727868815323,0.2352515693154127,0.7242625938472262,0.27573740615277376,0.15603260863799906
27,8,Alexis Ren,0.1727012493706065,0.2646417879983062,0.75,0.25,0.1956863840275314
27,8,Bobby Bones,0.1429003967163389,0.1186767713849936,0.75,0.25,0.13684449038350255
27,8,Evanna Lynch,0.1841033449720895,0.262171004781072,0.75,0.25,0.20362025992433513
27,8,Joe Amabile,0.1459965725143991,0.0,0.75,0.25,0.10949742938579932
27,8,Juan Pablo Di Pace,0.1905338622884519,0.1084163015156622,0.75,0.25,0.17000447209525446
27,8,Milo Manheim,0.1637645741381138,0.2460941343199658,0.75,0.25,0.1843469641835768
28,2,Ally Brooke,0.0911147268162149,0.1262441765592643,0.5406756481764479,0.45932435182355213,0.1072505385493591
28,2,Hannah Brown,0.1022738385470909,0.1397756247981087,0.5406756481764479,0.45932435182355213,0.11949932220906505
28,2,James Van Der Beek,0.0911147268162149,0.1199977207441797,0.5406756481764479,0.45932435182355213,0.10438138928090093
28,2,Karamo Brown,0.0868315548491794,0.1069336769904947,0.5406756481764479,0.45932435182355213,0.09606494907201693
28,2,Kate Flannery,0.1039950847903923,0.1203478801329656,0.5406756481764479,0.45932435182355213,0.11150632191162299
28,2,Kel Mitchell,0.0911147268162149,0.1264583451311071,0.5406756481764479,0.45932435182355213,0.10734891138980178
28,2,Lamar Odom,0.0545130850190002,0.0,0.5406756481764479,0.45932435182355213,0.029473897576745744
28,2,Lauren Alaina,0.0810885429498563,0.10160511223643,0.5406756481764479,0.45932435182355213,0.09051230283905476
28,2,Mary Wilson,0.0749554919011253,0.019122229953677,0.5406756481764479,0.45932435182355213,0.04930991504691901
28,2,Ray Lewis,0.0681413562737503,0.0098954123571516,0.5406756481764479,0.45932435182355213,0.041387575837907635
28,2,Sailor Brinkley-Cook,0.0767053789103182,0.1029528433667533,0.5406756481764479,0.45932435182355213,0.08876147850878197
28,2,Sean Spicer,0.078151486310642,0.0266669777298676,0.5406756481764479,0.45932435182355213,0.05450339777782369
28,4,Ally Brooke,0.1144893672235987,0.1591653278737902,0.5913442573600819,0.4086557426399181,0.13274645510125446
28,4,Hannah Brown,0.107398682854802,0.1601890269256755,0.5913442573600819,0.4086557426399181,0.1289717601153016
28,4,James Van Der Beek,0.1001781963206488,0.0491934244630514,0.5913442573600819,0.4086557426399181,0.07934297651385554
28,4,Karamo Brown,0.1001781963206488,0.1203050290861872,0.5913442573600819,0.4086557426399181,0.10840314211143934
28,4,Kate Flannery,0.1012323953669032,0.0492280048445831,0.5913442573600819,0.4086557426399181,0.07998050253746816
28,4,Kel Mitchell,0.1144893672235987,0.1612268253067013,0.5913442573600819,0.4086557426399181,0.13358889786565104
28,4,Lamar Odom,0.0706017806948806,0.0,0.5913442573600819,0.4086557426399181,0.04174995757331353
28,4,Lauren Alaina,0.107398682854802,0.154429760482032,0.5913442573600819,0.4086557426399181,0.1266182028097133
28,4,Sailor Brinkley-Cook,0.1038187277540698,0.1025744517904524,0.5913442573600819,0.4086557426399181,0.10331024723610874
28,4,Sean Spicer,0.0802146033860469,0.0436881492275265,0.5913442573600819,0.4086557426399181,0.06528785813589383
28,6,Ally Brooke,0.1097239571671369,0.1278447677298274,0.6456057008011898,0.35439429919881016,0.11614586912741601
28,6,Hannah Brown,0.0990589192010275,0.0,0.6456057008011898,0.35439429919881016,0.0639530029513878
28,6,James Van Der Beek,0.1187988694104935,0.2058071890462394,0.6456057008011898,0.35439429919881016,0.14963412187226974
28,6,Karamo Brown,0.1100539523560098,0.0928376379991706,0.6456057008011898,0.35439429919881016,0.10395258869473137
28,6,Kate Flannery,0.1295049330742301,0.197374722343113,0.6456057008011898,0.35439429919881016,0.1535575994789468
28,6,Kel Mitchell,0.1146739072749064,0.0560480854128212,0.6456057008011898,0.35439429919881016,0.09389725022113843
28,6,Lauren Alaina,0.1075717937639199,0.1072260451967224,0.6456057008011898,0.35439429919881016,0.10744926244274894
28,6,Sailor Brinkley-Cook,0.111441284101156,0.2071599889468578,0.6456057008011898,0.35439429919881016,0.14536344742516624
28,6,Sean Spicer,0.0991723836511195,0.0057015633252477,0.6456057008011898,0.35439429919881016,0.06604685778619426
28,7,Ally Brooke,0.1334021271494467,0.232632536379336,0.6746136357292055,0.3253863642707945,0.16569034923386347
28,7,Hannah Brown,0.1204473631194794,0.1875434474143258,0.6746136357292055,0.3253863642707945,0.14227951404498623
28,7,James Van Der Beek,0.1334021271494467,0.2249550955182658,0.6746136357292055,0.3253863642707945,0.1631922146651758
28,7,Karamo Brown,0.1209883192069264,0.0273294784137097,0.6746136357292055,0.3253863642707945,0.09051300951940444
28,7,Kate Flannery,0.1292659780288224,0.0576715542974674,0.6746136357292055,0.3253863642707945,0.10597012878881411
28,7,Kel Mitchell,0.1259908978633663,0.0420795295376577,0.6746136357292055,0.3253863642707945,0.09868728280287649
28,7,Lauren Alaina,0.1251401164432872,0.2277883584392373,0.6746136357292055,0.3253863642707945,0.15854045470513808
28,7,Sean Spicer,0.1113630710392246,0.0,0.6746136357292055,0.3253863642707945,0.0751270462397411
28,8,Ally Brooke,0.1551143319926909,0.2383273326831977,0.6996159771789725,0.3003840228210275,0.18011018789111427
28,8,Hannah Brown,0.1503569004103424,0.2684949061379714,0.6996159771789725,0.3003840228210275,0.1858436698188612
28,8,James Van Der Beek,0.1654542533633236,0.2550027642236986,0.6996159771789725,0.3003840228210275,0.1923531952931955
28,8,Kate Flannery,0.1465462412086952,0.0375645535954051,0.6996159771789725,0.3003840228210275,0.11380988346959058
28,8,Kel Mitchell,0.1548547753677331,0.1579797084600272,0.6996159771789725,0.3003840228210275,0.15579345534104294
28,8,Lauren Alaina,0.1164060932602216,0.0426307348996999,0.6996159771789725,0.3003840228210275,0.09424515433082516
28,8,Sean Spicer,0.111267404396993,0.0,0.6996159771789725,0.3003840228210275,0.07784445385537016
28,9,Ally Brooke,0.1941428204101419,0.298754499928465,0.7244308690863231,0.27556913091367685,0.22297057001842627
28,9,Hannah Brown,0.161798307273683,0.2083098260073376,0.7244308690863231,0.27556913091367685,0.1746154460685914
28,9,James Van Der Beek,0.1748307182846451,0.1877957513152227,0.7244308690863231,0.27556913091367685,0.1784034811691485
28,9,Kel Mitchell,0.1796331988371399,0.2658183051110004,0.7244308690863231,0.27556913091367685,0.2033831536707305
28,9,Lauren Alaina,0.1593061543283219,0.0393216176379741,0.7244308690863231,0.27556913091367685,0.12624211982948258
28,9,Sean Spicer,0.130288800866068,0.0,0.7244308690863231,0.27556913091367685,0.09438522924362054
28,10,Ally Brooke,0.2201845277222864,0.4090451722670025,0.75,0.25,0.26739968885846543
28,10,Hannah Brown,0.188723896043139,0.2197173712914503,0.75,0.25,0.19647226485521682
28,10,James Van Der Beek,0.1900069600904001,0.1580405850967351,0.75,0.25,0.18201536634198387
28,10,Kel Mitchell,0.2123607201010354,0.213196871344812,0.75,0.25,0.21256975791197957
28,10,Lauren Alaina,0.188723896043139,0.0,0.75,0.25,0.14154292203235425
29,2,AJ McLean,0.0677840779451037,0.0786672579183499,0.5524802879779437,0.4475197120220563,0.07265451551261505
29,2,Anne Heche,0.0689601417146905,0.0683213613367291,0.5524802879779437,0.4475197120220563,0.06867427490389988
29,2,Carole Baskin,0.0622193108260719,0.0516973591136941,0.5524802879779437,0.4475197120220563,0.0575105300258386
29,2,Charles Oakley,0.058367083080133,0.0,0.5524802879779437,0.4475197120220563,0.03224666286854444
29,2,Chrishell Stause,0.0642503106200632,0.0695477592861639,0.5524802879779437,0.4475197120220563,0.06662102332156822
29,2,Jeannie Mai,0.0642503106200632,0.0683122065922633,0.5524802879779437,0.4475197120220563,0.06606808913580574
29,2,Jesse Metcalfe,0.0713178452701442,0.0795940542475147,0.5524802879779437,0.4475197120220563,0.0750216119283314
29,2,Johnny Weir,0.0642503106200632,0.0651314072057318,0.5524802879779437,0.4475197120220563,0.06464461871034523
29,2,Justina Machado,0.080453498667139,0.0842500477951897,0.5524802879779437,0.4475197120220563,0.08215252923960184
29,2,Kaitlyn Bristowe,0.0784924630484475,0.0867449041318479,0.5524802879779437,0.4475197120220563,0.08218559310556983
29,2,Monica Aldama,0.0612595928151489,0.0595472607377767,0.5524802879779437,0.4475197120220563,0.06049329045699717
29,2,Nelly,0.0689601417146905,0.0762486255177641,0.5524802879779437,0.4475197120220563,0.07222188188731943
29,2,Nev Schulman,0.074958695723407,0.0864997506222157,0.5524802879779437,0.4475197120220563,0.08012354528815262
29,2,Skai Jackson,0.0502259067147705,0.0535894922538087,0.5524802879779437,0.4475197120220563,0.051731177546562424
29,2,Veron Davis,0.0642503106200632,0.0718485132409498,0.5524802879779437,0.4475197120220563,0.0676506560688476
29,3,AJ McLean,0.0733864441020009,0.0874488865769795,0.573717806740702,0.42628219325929795,0.07938101292281749
29,3,Anne Heche,0.0562614243347765,0.0,0.573717806740702,0.42628219325929795,0.03227818097345594
29,3,Carole Baskin,0.0457142711838245,0.0415701959134799,0.573717806740702,0.42628219325929795,0.04394772568855039
29,3,Chrishell Stause,0.0768111451203055,0.0929853467361896,0.573717806740702,0.42628219325929795,0.08370591925934265
29,3,Jeannie Mai,0.0768111451203055,0.0924465705518969,0.573717806740702,0.42628219325929795,0.08347624856582647
29,3,Jesse Metcalfe,0.0697520684097529,0.0753704618890088,0.573717806740702,0.42628219325929795,0.07214708950468385
29,3,Johnny Weir,0.0838702218308582,0.1021759970553147,0.573717806740702,0.42628219325929795,0.09167364784285123
29,3,Justina Machado,0.0711894559066666,0.0065511597507346,0.573717806740702,0.42628219325929795,0.04363530125277186
29,3,Kaitlyn Bristowe,0.0802358461386101,0.0985673594682754,0.573717806740702,0.42628219325929795,0.08805024384654188
29,3,Monica Aldama,0.0787659940686871,0.0747282209007633,0.573717806740702,0.42628219325929795,0.077044763266781
29,3,Nelly,0.0675137092017318,0.0757491898969584,0.573717806740702,0.42628219325929795,0.07102434797503761
29,3,Nev Schulman,0.0838702218308582,0.110250313127069,0.573717806740702,0.42628219325929795,0.09511558500698745
29,3,Skai Jackson,0.0590069076313158,0.0460962963690592,0.573717806740702,0.42628219325929795,0.05350334394612287
29,3,Veron Davis,0.0768111451203055,0.0960600017642702,0.573717806740702,0.42628219325929795,0.08501658994822858
29,4,AJ McLean,0.0785103597622282,0.1058566472032068,0.5950122918141401,0.40498770818585994,0.08958527004034189
29,4,Anne Heche,0.0737323259241328,0.0421126043624462,0.5950122918141401,0.40498770818585994,0.06092672735539033
29,4,Chrishell Stause,0.0720087202954068,0.0622039948865339,0.5950122918141401,0.40498770818585994,0.06803792702267569
29,4,Jeannie Mai,0.0686965647919496,0.0479646091852331,0.5950122918141401,0.40498770818585994,0.0603003776045745
29,4,Jesse Metcalfe,0.0686965647919496,0.0,0.5950122918141401,0.40498770818585994,0.0408753004566165
29,4,Johnny Weir,0.0785103597622282,0.0935188798252943,0.5950122918141401,0.40498770818585994,0.08458862590583084
29,4,Justina Machado,0.084265515341866,0.1006269897591351,0.5950122918141401,0.40498770818585994,0.0908917113686574
29,4,Kaitlyn Bristowe,0.0815771721854996,0.1051083505874443,0.5950122918141401,0.40498770818585994,0.0911070101974158
29,4,Monica Aldama,0.084265515341866,0.1063541039353132,0.5950122918141401,0.40498770818585994,0.09321112221338651
29,4,Nelly,0.0737323259241328,0.0572995138907021,0.5950122918141401,0.40498770818585994,0.06707723903966469
29,4,Nev Schulman,0.0785103597622282,0.1043244715948757,0.5950122918141401,0.40498770818585994,0.0889647577521856
29,4,Skai Jackson,0.0857308389012907,0.1175765291728614,0.5950122918141401,0.40498770818585994,0.09862795201997085
29,4,Veron Davis,0.0717633772152211,0.0570533055969532,0.5950122918141401,0.40498770818585994,0.06580597902328891
29,5,AJ McLean,0.082479594143033,0.1058318632815797,0.6172859662031255,0.3827140337968745,0.09141683526335648
29,5,Chrishell Stause,0.0651588801153084,0.0112042496423907,0.6172859662031255,0.3827140337968745,0.0445096858449983
29,5,Jeannie Mai,0.082479594143033,0.0755726386136486,0.6172859662031255,0.3827140337968745,0.07983620533112668
29,5,Jesse Metcalfe,0.0652619790512529,0.0,0.6172859662031255,0.3827140337968745,0.040285303794980784
29,5,Johnny Weir,0.0998003081707576,0.1206251598071136,0.6172859662031255,0.3827140337968745,0.10777027114372885
29,5,Justina Machado,0.0885257121060144,0.1022889287377851,0.6172859662031255,0.3827140337968745,0.0937930882611796
29,5,Kaitlyn Bristowe,0.0927895434109121,0.1209534935645845,0.6172859662031255,0.3827140337968745,0.10356828238187817
29,5,Monica Aldama,0.0960503968382986,0.1190553222930956,0.6172859662031255,0.3827140337968745,0.10485470465630034
29,5,Nelly,0.0885257121060144,0.0961334958664154,0.6172859662031255,0.3827140337968745,0.09143731771721182
29,5,Nev Schulman,0.0893872599669339,0.1189988865064184,0.6172859662031255,0.3827140337968745,0.1007200450071466
29,5,Skai Jackson,0.0773713750732874,0.1085973568263189,0.6172859662031255,0.3827140337968745,0.08932199650925768
29,5,Veron Davis,0.0721696448751538,0.020738604860649,0.6172859662031255,0.3827140337968745,0.05248626408883421
29,6,AJ McLean,0.0990451505684904,0.1743687449692522,0.6439141040587917,0.3560858959412083,0.12586682016619785
29,6,Chrishell Stause,0.0880401338386581,0.0,0.6439141040587917,0.3560858959412083,0.05669028390193563
29,6,Jeannie Mai,0.0915250573162823,0.0111659127629349,0.6439141040587917,0.3560858959412083,0.06291029933093452
29,6,Johnny Weir,0.0807034560187699,0.0465583753262888,0.6439141040587917,0.3560858959412083,0.06854487436840291
29,6,Justina Machado,0.1063055968669999,0.1657938800895935,0.6439141040587917,0.3560858959412083,0.1274885354963215
29,6,Kaitlyn Bristowe,0.0990451505684904,0.1631238348494228,0.6439141040587917,0.3560858959412083,0.12186266627140004
29,6,Monica Aldama,0.1063055968669999,0.1739560715096034,0.6439141040587917,0.3560858959412083,0.13039497674095935
29,6,Nelly,0.0944938638817777,0.1108141010708816,0.6439141040587917,0.3560858959412083,0.10030527016323279
29,6,Nev Schulman,0.0955602270908662,0.1163263478865142,0.6439141040587917,0.3560858959412083,0.10295474981960788
29,6,Skai Jackson,0.0619406498738387,0.0264096553459604,0.6439141040587917,0.3560858959412083,0.04928856385369699
29,6,Veron Davis,0.0770351171088258,0.0114830761895479,0.6439141040587917,0.3560858959412083,0.053692959887309974
29,7,AJ McLean,0.0988314907765774,0.112909003640428,0.6726622288234706,0.3273377711765294,0.10343959246113918
29,7,Chrishell Stause,0.098481336128656,0.1009518931939171,0.6726622288234706,0.3273377711765294,0.099290042771963
29,7,Jeannie Mai,0.0946296218707221,0.0,0.6726622288234706,0.3273377711765294,0.06365377236028216
29,7,Johnny Weir,0.1024205890485703,0.1235232159775143,0.6726622288234706,0.3273377711765294,0.10932827591346064
29,7,Justina Machado,0.1057004523424593,0.1009519486115021,0.6726622288234706,0.3273377711765294,0.10414608771474433
29,7,Kaitlyn Bristowe,0.0907779076127882,0.0751604039092049,0.6726622288234706,0.3273377711765294,0.08566570875911605
29,7,Monica Aldama,0.0893521160141503,0.0786779555608167,0.6726622288234706,0.3273377711765294,0.08585806012217542
29,7,Nelly,0.1099284698724239,0.136879484672534,0.6726622288234706,0.3273377711765294,0.11875055498803759
29,7,Nev Schulman,0.1138006544984115,0.1351188596769864,0.6726622288234706,0.3273377711765294,0.12077890826705015
29,7,Skai Jackson,0.0960773618352405,0.1358272347570962,0.6726622288234706,0.3273377711765294,0.10908899664203103
29,8,AJ McLean,0.1205256352731215,0.1103667174253856,0.6979607181357148,0.3020392818642852,0.11745724302187308
29,8,Chrishell Stause,0.1205256352731215,0.0631135641837194,0.6979607181357148,0.3020392818642852,0.1031849345509372
29,8,Johnny Weir,0.1339173725256906,0.2104673011288964,0.6979607181357148,0.3020392818642852,0.1570384579877652
29,8,Justina Machado,0.1389420113608303,0.1780165375254296,0.6979607181357148,0.3020392818642852,0.1507440531827731
29,8,Kaitlyn Bristowe,0.1245431604663773,0.1175154923115732,0.6979607181357148,0.3020392818642852,0.12242052862371976
29,8,Nelly,0.114987285176447,0.0902570986925737,0.6979607181357148,0.3020392818642852,0.10751779741048806
29,8,Nev Schulman,0.1339173725256906,0.2302632887324218,0.6979607181357148,0.3020392818642852,0.1630176238673283
29,8,Skai Jackson,0.1126415273987209,0.0,0.6979607181357148,0.3020392818642852,0.07861936135511503
29,9,AJ McLean,0.1287378061802138,0.141493122044223,0.7247202225963385,0.2752797774036615,0.13224908669197163
29,9,Johnny Weir,0.1538711235846347,0.1921108725755262,0.7247202225963385,0.2752797774036615,0.1643977531748192
29,9,Justina Machado,0.1431293804059449,0.1550025634739214,0.7247202225963385,0.2752797774036615,0.1463978275979704
29,9,Kaitlyn Bristowe,0.1538711235846347,0.1629719741839006,0.7247202225963385,0.2752797774036615,0.1563764037117846
29,9,Nelly,0.1321204443781367,0.0,0.7247202225963385,0.2752797774036615,0.09575035785925039
29,9,Nev Schulman,0.1487410603243231,0.1002233436945286,0.7247202225963385,0.2752797774036615,0.13538511409033935
29,9,Skai Jackson,0.1395290615421119,0.2481981240279,0.7247202225963385,0.2752797774036615,0.16944345687386422
29,10,Johnny Weir,0.1615524844369817,0.0482592882563433,0.75,0.25,0.1332291853918221
29,10,Justina Machado,0.1761328137487676,0.2285428515945075,0.75,0.25,0.18923532321020256
29,10,Kaitlyn Bristowe,0.1700552467757702,0.2714746357043854,0.75,0.25,0.19541009400792397
29,10,Nelly,0.1706571741475941,0.0,0.75,0.25,0.12799288061069558
29,10,Nev Schulman,0.1700552467757702,0.3193286807399192,0.75,0.25,0.20737360526680743
29,10,Skai Jackson,0.1515470341151159,0.1323945437048445,0.75,0.25,0.14675891151254805
30,2,Amanda Kloots,0.0821049469122422,0.1143380279516824,0.5546626993446678,0.44533730065533217,0.09645954021415107
30,2,Brian Austin Green,0.0636378284023978,0.0041194011014034,0.5546626993446678,0.44533730065533217,0.037132052648922324
30,2,Christine Chiu,0.0615787101841816,0.0322117627563605,0.5546626993446678,0.44533730065533217,0.0485005130881887
30,2,Cody Rigsby,0.0615787101841816,0.0622733793203347,0.5546626993446678,0.44533730065533217,0.06188807226212459
30,2,Iman Shumpert,0.0642177975121629,0.0720843897138484,0.5546626993446678,0.44533730065533217,0.0677210844486178
30,2,Jimmie Allen,0.0695546183577043,0.0823858324846085,0.5546626993446678,0.44533730065533217,0.07526883662111038
30,2,JoJo Siwa,0.0745442905156971,0.114845975621253,0.5546626993446678,0.44533730065533217,0.09249213417246657
30,2,Kenya Moore,0.0660927011858367,0.0387695735240055,0.5546626993446678,0.44533730065533217,0.053924693267455755
30,2,Martin Kove,0.0426417895921749,0.0,0.5546626993446678,0.44533730065533217,0.02365181012008309
30,2,Matt James,0.0566524126656928,0.0407619923474123,0.5546626993446678,0.44533730065533217,0.049575815774871114
30,2,Melanie C,0.0828361847309061,0.09149351560197,0.5546626993446678,0.44533730065533217,0.08669161709190579
30,2,Melora Hardin,0.0746532786000373,0.078991153137284,0.5546626993446678,0.44533730065533217,0.07658509593703625
30,2,"Mike ""The Miz"" Mizanin",0.0672674081671968,0.0705533015583088,0.5546626993446678,0.44533730065533217,0.0687307390602358
30,2,Olivia Jade,0.0652468834376276,0.0995306436951141,0.5546626993446678,0.44533730065533217,0.0805147206870112
30,2,Suni Lee,0.0673924395519596,0.0976410511864138,0.5546626993446678,0.44533730065533217,0.08086327460581891
30,3,Amanda Kloots,0.0800385100099916,0.121732356098383,0.590486655470224,0.40951334452977595,0.09711269636795847
30,3,Brian Austin Green,0.0680534102471812,0.0393510633050465,0.590486655470224,0.40951334452977595,0.056299416155053635
30,3,Christine Chiu,0.0700336962587426,0.0,0.590486655470224,0.40951334452977595,0.04135396307404246
30,3,Cody Rigsby,0.0600288825074937,0.0372923330100084,0.590486655470224,0.40951334452977595,0.0507179620797117
30,3,Iman Shumpert,0.0634055069843994,0.0495596830912919,0.590486655470224,0.40951334452977595,0.05773545733416266
30,3,Jimmie Allen,0.0665320121023688,0.045831677076594,0.590486655470224,0.40951334452977595,0.058054948673076895
30,3,JoJo Siwa,0.0750814749106427,0.1301610229997915,0.590486655470224,0.40951334452977595,0.09763728486381865
30,3,Kenya Moore,0.0751674750238233,0.0467704792117973,0.590486655470224,0.40951334452977595,0.06353852629424249
30,3,Matt James,0.066657071781837,0.0528373840425866,0.590486655470224,0.40951334452977595,0.06099772523537943
30,3,Melanie C,0.0786573938594184,0.0780369151433273,0.590486655470224,0.40951334452977595,0.0784032995451824
30,3,Melora Hardin,0.0822815398004653,0.0900919298824065,0.590486655470224,0.40951334452977595,0.08547999876500323
30,3,"Mike ""The Miz"" Mizanin",0.0732852610561802,0.0938303400268326,0.590486655470224,0.40951334452977595,0.08169874505908044
30,3,Olivia Jade,0.0750814749106427,0.1358763963587829,0.590486655470224,0.40951334452977595,0.0999778065232956
30,3,Suni Lee,0.0656962905468124,0.078628419753151,0.590486655470224,0.40951334452977595,0.07099217002999132
30,4,Amanda Kloots,0.0808808163765876,0.1165229001036797,0.6175527757141044,0.3824472242858956,0.09451203236577946
30,4,Brian Austin Green,0.066507708898004,0.0,0.6175527757141044,0.3824472242858956,0.04107202023634801
30,4,Cody Rigsby,0.0692605057094647,0.0301181102167858,0.6175527757141044,0.3824472242858956,0.0542906052013889
30,4,Iman Shumpert,0.0753590052907276,0.0703131832160212,0.6175527757141044,0.3824472242858956,0.07342924464401564
30,4,Jimmie Allen,0.0774639257958991,0.0738621673849812,0.6175527757141044,0.3824472242858956,0.07608644328909517
30,4,JoJo Siwa,0.078197802853488,0.1505867690583004,0.6175527757141044,0.3824472242858956,0.10588276204744401
30,4,Kenya Moore,0.0754053201973706,0.0148147298737437,0.6175527757141044,0.3824472242858956,0.05223261711025565
30,4,Matt James,0.068035038908258,0.0298254859157206,0.6175527757141044,0.3824472242858956,0.05342190142505723
30,4,Melanie C,0.0843648277272526,0.0181712010868237,0.6175527757141044,0.3824472242858956,0.05904925895320365
30,4,Melora Hardin,0.0930458022198155,0.1425071430008587,0.6175527757141044,0.3824472242858956,0.11196215471098424
30,4,"Mike ""The Miz"" Mizanin",0.0774639257958991,0.0854780517456675,0.6175527757141044,0.3824472242858956,0.08052890602046558
30,4,Olivia Jade,0.0780355111411855,0.1445666410582354,0.6175527757141044,0.3824472242858956,0.10348015710656555
30,4,Suni Lee,0.0759798090860471,0.1232336173391815,0.6175527757141044,0.3824472242858956,0.0940518968893963
30,5,Amanda Kloots,0.1012559799450282,0.153437166813106,0.6448287286276434,0.3551712713723566,0.1197892384266819
30,5,Cody Rigsby,0.0828996349889567,0.013007355851873,0.6448287286276434,0.3551712713723566,0.058075905348727044
30,5,Iman Shumpert,0.0725371806153371,0.0,0.6448287286276434,0.3551712713723566,0.046774057954421557
30,5,Jimmie Allen,0.0879328289742751,0.0035474523154821,0.6448287286276434,0.3551712713723566,0.0579615674611364
30,5,JoJo Siwa,0.0972067518458895,0.1963506933213023,0.6448287286276434,0.3551712713723566,0.1324198315885784
30,5,Kenya Moore,0.100098611772985,0.1041846071792222,0.6448287286276434,0.3551712713723566,0.10154983995623987
30,5,Melanie C,0.100098611772985,0.1065564547153597,0.6448287286276434,0.3551712713723566,0.10239225206115121
30,5,Melora Hardin,0.100098611772985,0.1114574214547582,0.6448287286276434,0.3551712713723566,0.10413293464893703
30,5,"Mike ""The Miz"" Mizanin",0.0828996349889567,0.0118063046810012,0.6448287286276434,0.3551712713723566,0.05764932647738525
30,5,Olivia Jade,0.0874860766613006,0.1601143310482825,0.6448287286276434,0.3551712713723566,0.11328154610947988
30,5,Suni Lee,0.0874860766613006,0.1395382126196125,0.6448287286276434,0.3551712713723566,0.10597349996726099
30,6,Amanda Kloots,0.1050009228988564,0.129246464768872,0.6717335993047406,0.32826640069525936,0.11295991966143262
30,6,Cody Rigsby,0.0994745585357587,0.1147026048853377,0.6717335993047406,0.32826640069525936,0.10447341450055558
30,6,Iman Shumpert,0.1105272872619541,0.1765927371489768,0.6717335993047406,0.32826640069525936,0.13221435470668008
30,6,Jimmie Allen,0.1050009228988564,0.1143006033839276,0.6717335993047406,0.32826640069525936,0.10805369553930666
30,6,JoJo Siwa,0.1036819868893594,0.1715152316564799,0.6717335993047406,0.32826640069525936,0.12594936199654258
30,6,Kenya Moore,0.0949035398505244,0.0,0.6717335993047406,0.32826640069525936,0.06374989641055363
30,6,Melora Hardin,0.1008350110911821,0.0468956659408325,0.6717335993047406,0.32826640069525936,0.08312853640281755
30,6,"Mike ""The Miz"" Mizanin",0.093948194172661,0.0154058792309239,0.6717335993047406,0.32826640069525936,0.06816539114446347
30,6,Olivia Jade,0.0933137882004235,0.1215291306661864,0.6717335993047406,0.32826640069525936,0.1025759371160436
30,6,Suni Lee,0.0933137882004235,0.1098116823184627,0.6717335993047406,0.32826640069525936,0.0987294925216037
30,7,Amanda Kloots,0.1052391878131686,0.0705825803675278,0.6972311472056881,0.30276885279431187,0.09474624653510913
30,7,Cody Rigsby,0.111634685720203,0.1139608295055713,0.6972311472056881,0.30276885279431187,0.11233896960553358
30,7,Iman Shumpert,0.1054913394096856,0.1040485134645289,0.6972311472056881,0.30276885279431187,0.10505449665348862
30,7,Jimmie Allen,0.1178238777755417,0.1298204461936326,0.6972311472056881,0.30276885279431187,0.12145606503295554
30,7,JoJo Siwa,0.1134511179559092,0.166366096385025,0.6972311472056881,0.30276885279431187,0.12947212527052837
30,7,Melora Hardin,0.126214855386925,0.1285845196825533,0.6972311472056881,0.30276885279431187,0.12693231592722004
30,7,"Mike ""The Miz"" Mizanin",0.0990270728854193,0.0,0.6972311472056881,0.30276885279431187,0.06904475963232219
30,7,Olivia Jade,0.1223964670848258,0.1924363568093474,0.6972311472056881,0.30276885279431187,0.1436023641465593
30,7,Suni Lee,0.0987213959683214,0.0942006575918133,0.6972311472056881,0.30276885279431187,0.09735265719628282
30,8,Amanda Kloots,0.1382209533629836,0.1634596617044499,0.7233984645675842,0.27660153543241583,0.1452020188425641
30,8,Cody Rigsby,0.1247937767212622,0.1260629541760017,0.7233984645675842,0.27660153543241583,0.12514483315397934
30,8,Iman Shumpert,0.1155790422846421,0.1162693883045246,0.7233984645675842,0.27660153543241583,0.11576999305372127
30,8,Jimmie Allen,0.1053112025622732,0.0,0.7233984645675842,0.27660153543241583,0.07618196223531427
30,8,JoJo Siwa,0.1269437991743915,0.1410834497501513,0.7233984645675842,0.27660153543241583,0.13085484823412452
30,8,Melora Hardin,0.1483531587608317,0.1584627031327543,0.7233984645675842,0.27660153543241583,0.15114947425662761
30,8,Olivia Jade,0.1111375694462841,0.1276973074566514,0.7233984645675842,0.27660153543241583,0.11571801840631024
30,8,Suni Lee,0.1296604976873314,0.1669645354754666,0.7233984645675842,0.27660153543241583,0.13997885181735847
30,9,Amanda Kloots,0.1765989214255201,0.1957725536842374,0.75,0.25,0.18139232949019943
30,9,Cody Rigsby,0.1585653615666045,0.1055282258960445,0.75,0.25,0.1453060776489645
30,9,Iman Shumpert,0.1675009095957186,0.2186067259355742,0.75,0.25,0.18027736368068248
30,9,JoJo Siwa,0.167642832200906,0.302647520556254,0.75,0.25,0.201394004289743
30,9,Melora Hardin,0.1727173224100281,0.0,0.75,0.25,0.12953799180752107
30,9,Suni Lee,0.1569746528012224,0.1774449739278897,0.75,0.25,0.16209223308288923
31,1,Charli D'Amelio,0.0767237756455391,0.0886499315713899,0.5421177753101185,0.4578822246898815,0.08218455045286607
31,1,Cheryl Ladd,0.0590848605094981,0.0602188741796638,0.5421177753101185,0.4578822246898815,0.05960410521162231
31,1,Daniel Durant,0.0690489918392958,0.068048846730292,0.5421177753101185,0.4578822246898815,0.06859104317177245
31,1,Gabby Windey,0.0715655839976307,0.0826925702045859,0.5421177753101185,0.4578822246898815,0.07666043319616497
31,1,Heidi D'Amelio,0.0658385630478642,0.0655290026069352,0.5421177753101185,0.4578822246898815,0.06569682082449566
31,1,Jason Lewis,0.0493789222858981,0.0267534153450841,0.5421177753101185,0.4578822246898815,0.039019104833101836
31,1,Jessie James Decker,0.0511182742840219,0.0572966539953128,0.5421177753101185,0.4578822246898815,0.053947244531206605
31,1,Jordin Sparks,0.0664537565692285,0.0675956655204512,0.5421177753101185,0.4578822246898815,0.06697661638020763
31,1,Joseph Baena,0.0551820999942362,0.0700190426564547,0.5421177753101185,0.4578822246898815,0.06197567230800902
31,1,Sam Champion,0.0557250142435921,0.0608708106763748,0.5421177753101185,0.4578822246898815,0.0580811829620359
31,1,Selma Blair,0.0768116568891749,0.0781167218682469,0.5421177753101185,0.4578822246898815,0.07740922294515724
31,1,Shangela,0.0715655839976307,0.0761378657756453,0.5421177753101185,0.4578822246898815,0.07365915055005703
31,1,Teresa Giudice,0.0548654692065535,0.0542948313910017,0.5421177753101185,0.4578822246898815,0.05460418429407647
31,1,Trevor Donovan,0.0536348664423568,0.0614803910242765,0.5421177753101185,0.4578822246898815,0.05722719269178535
31,1,Vinny Guadagnino,0.0434898546972848,0.0,0.5421177753101185,0.4578822246898815,0.023576623277052344
31,1,Wayne Brady,0.0795127263501941,0.0822953764542847,0.5421177753101185,0.4578822246898815,0.08078685237038863
31,2,Charli D'Amelio,0.0712304571792024,0.1156975566332568,0.5628919482783774,0.4371080517216226,0.09066738438727576
31,2,Cheryl Ladd,0.0546135235996528,0.0,0.5628919482783774,0.4371080517216226,0.030741512701355705
31,2,Daniel Durant,0.0688510050194757,0.0763717928982797,0.5628919482783774,0.4371080517216226,0.07213840195659132
31,2,Gabby Windey,0.0759332400800472,0.1133767759257277,0.5628919482783774,0.4371080517216226,0.09230011108312133
31,2,Heidi D'Amelio,0.0713120462447689,0.0763645217077479,0.5628919482783774,0.4371080517216226,0.07352052395076296
31,2,Jessie James Decker,0.0593593500094698,0.0286503374787237,0.5628919482783774,0.4371080517216226,0.04593619337186048
31,2,Jordin Sparks,0.0642512023022046,0.0578516533346153,0.5628919482783774,0.4371080517216226,0.06145390792108452
31,2,Joseph Baena,0.0534228428844018,0.0595685721319658,0.5628919482783774,0.4371080517216226,0.05610919062221309
31,2,Sam Champion,0.0674149166951515,0.0572690512006537,0.5628919482783774,0.4371080517216226,0.06298007719582192
31,2,Selma Blair,0.0713120462447689,0.0787154290009293,0.5628919482783774,0.4371080517216226,0.07454812445746363
31,2,Shangela,0.0664415850700413,0.0738080329094775,0.5628919482783774,0.4371080517216226,0.06966151873324622
31,2,Teresa Giudice,0.0587736635832409,0.009448263729945,0.5628919482783774,0.4371080517216226,0.037213134152976717
31,2,Trevor Donovan,0.071333437362776,0.087177073472933,0.5628919482783774,0.4371080517216226,0.07825881827507308
31,2,Vinny Guadagnino,0.0642512023022046,0.0578346753600945,0.5628919482783774,0.4371080517216226,0.06144648671171955
31,2,Wayne Brady,0.0814994814225931,0.1078662642156496,0.5628919482783774,0.4371080517216226,0.09302461447943322
31,3,Charli D'Amelio,0.0752962676407805,0.110903917884629,0.5926046641112265,0.4073953358887735,0.08980265827208313
31,3,Cheryl Ladd,0.0643365324261581,0.041714675839185,0.5926046641112265,0.4073953358887735,0.05512049356348053
31,3,Daniel Durant,0.0755884626388652,0.0717716699195103,0.5926046641112265,0.4073953358887735,0.07403351908694579
31,3,Gabby Windey,0.0802674838028169,0.1084561467917191,0.5926046641112265,0.4073953358887735,0.09175141362943615
31,3,Heidi D'Amelio,0.0837002229810748,0.0863207600142064,0.5926046641112265,0.4073953358887735,0.0847678175458964
31,3,Jessie James Decker,0.0633338852566925,0.0606100600160087,0.5926046641112265,0.4073953358887735,0.0622242115578618
31,3,Jordin Sparks,0.0705195243443081,0.0712633315695679,0.5926046641112265,0.4073953358887735,0.07082254793867931
31,3,Joseph Baena,0.0663610402627563,0.0842207148932153,0.5926046641112265,0.4073953358887735,0.07363698840769635
31,3,Sam Champion,0.0662482520448674,0.0609022236838428,0.5926046641112265,0.4073953358887735,0.06407030502505687
31,3,Selma Blair,0.0732376951084404,0.067743972959146,0.5926046641112265,0.4073953358887735,0.07099957832814902
31,3,Shangela,0.073026142267972,0.0677726273750061,0.5926046641112265,0.4073953358887735,0.07088588480355548
31,3,Trevor Donovan,0.0658405031803564,0.0638426104188835,0.5926046641112265,0.4073953358887735,0.0650265709877264
31,3,Vinny Guadagnino,0.0560925437218476,0.0,0.5926046641112265,0.4073953358887735,0.03324070303142978
31,3,Wayne Brady,0.0861514443230631,0.1044772886350792,0.5926046641112265,0.4073953358887735,0.09361730782200225
31,4,Charli D'Amelio,0.0812570399137842,0.1773701297710366,0.6190880315451013,0.3809119684548987,0.11786766616559277
31,4,Daniel Durant,0.0697786711397325,0.0323852069950881,0.6190880315451013,0.3809119684548987,0.055535053105048325
31,4,Gabby Windey,0.0866217986562197,0.1704382588123578,0.6190880315451013,0.3809119684548987,0.11854849148321586
31,4,Heidi D'Amelio,0.0877031706995253,0.1036116578479248,0.6190880315451013,0.3809119684548987,0.0937629038543616
31,4,Jessie James Decker,0.0745909932873003,0.0627956081013527,0.6190880315451013,0.3809119684548987,0.07009798989743726
31,4,Jordin Sparks,0.0817132305661795,0.1035759899928236,0.6190880315451013,0.3809119684548987,0.09004101729523839
31,4,Joseph Baena,0.0631999199329433,0.0532362524912596,0.6190880315451013,0.3809119684548987,0.059404639754701574
31,4,Sam Champion,0.0654701423920235,0.0134358454063474,0.6190880315451013,0.3809119684548987,0.045649655900042815
31,4,Selma Blair,0.0826413853119991,0.0836452221733013,0.6190880315451013,0.3809119684548987,0.08302375878684531
31,4,Shangela,0.0769971543610842,0.029527517818814,0.6190880315451013,0.3809119684548987,0.058915401663929466
31,4,Trevor Donovan,0.0673725100659487,0.0,0.6190880315451013,0.3809119684548987,0.0417095146369807
31,4,Vinny Guadagnino,0.0696824251972601,0.0113009298741233,0.6190880315451013,0.3809119684548987,0.047444214892383596
31,4,Wayne Brady,0.092971558475999,0.15867738071557,0.6190880315451013,0.3809119684548987,0.11799969256422166
31,5,Charli D'Amelio,0.0870090254743632,0.1699472922445148,0.6475108294633795,0.35248917053662054,0.1162438663339189
31,5,Daniel Durant,0.0740113191856544,0.0416723666821986,0.6475108294633795,0.35248917053662054,0.06261218864168809
31,5,Gabby Windey,0.0906010507681804,0.1544371865370014,0.6475108294633795,0.35248917053662054,0.1131025973155952
31,5,Heidi D'Amelio,0.0924374805165349,0.0961878756260382,0.6475108294633795,0.35248917053662054,0.09375945417786832
31,5,Jessie James Decker,0.0795930637307323,0.0915067042400214,0.6475108294633795,0.35248917053662054,0.0837924929919231
31,5,Jordin Sparks,0.0784472512748879,0.0395932813054517,0.6475108294633795,0.35248917053662054,0.06475164762830657
31,5,Joseph Baena,0.0726597904182816,0.0676826551498933,0.6475108294633795,0.35248917053662054,0.07090540413587886
31,5,Selma Blair,0.0948707388440707,0.1171742689589005,0.6475108294633795,0.35248917053662054,0.1027324916742856
31,5,Shangela,0.0851338866829924,0.0,0.6475108294633795,0.35248917053662054,0.055125113581545766
31,5,Trevor Donovan,0.0795521421379145,0.0573881682223964,0.6475108294633795,0.35248917053662054,0.07173958135663824
31,5,Vinny Guadagnino,0.0685032335076486,0.0193377820883498,0.6475108294633795,0.35248917053662054,0.05117294431780145
31,5,Wayne Brady,0.0971810174587384,0.1450724189452334,0.6475108294633795,0.35248917053662054,0.11406221784454931
31,6,Charli D'Amelio,0.1079675332638982,0.1444749214586471,0.6711402567572939,0.32885974324270606,0.11997334357208511
31,6,Daniel Durant,0.0977708317033765,0.097617447602221,0.6711402567572939,0.32885974324270606,0.097720389847253
31,6,Gabby Windey,0.1063727265432114,0.1350668870777896,0.6711402567572939,0.32885974324270606,0.11580908080917776
31,6,Heidi D'Amelio,0.1111795219060885,0.1185822335129769,0.6711402567572939,0.32885974324270606,0.11361397574442963
31,6,Jessie James Decker,0.0920766194556647,0.077057808535228,0.6711402567572939,0.32885974324270606,0.08713753715255915
31,6,Jordin Sparks,0.0977708317033765,0.0982058487146333,0.6711402567572939,0.32885974324270606,0.09791389128600463
31,6,Shangela,0.1035861968876228,0.1166395485828342,0.6711402567572939,0.32885974324270606,0.10787891877456676
31,6,Trevor Donovan,0.0977708317033765,0.1006331876448608,0.6711402567572939,0.32885974324270606,0.09871214534336227
31,6,Vinny Guadagnino,0.0805670420237066,0.0,0.6711402567572939,0.32885974324270606,0.05407178526996614
31,6,Wayne Brady,0.1049378648096779,0.1117221168708088,0.6711402567572939,0.32885974324270606,0.1071689322005952
31,7,Charli D'Amelio,0.1114293107029835,0.209784535796339,0.6987366493472116,0.3012633506527884,0.14106013536881698
31,7,Daniel Durant,0.1113281503609182,0.1263191210935681,0.6987366493472116,0.3012633506527884,0.1158443804333742
31,7,Gabby Windey,0.1080135049837151,0.1230147713473184,0.6987366493472116,0.3012633506527884,0.11253283675244921
31,7,Heidi D'Amelio,0.1142433148269654,0.0,0.6987366493472116,0.3012633506527884,0.07982599101251242
31,7,Jordin Sparks,0.1048679735453386,0.0153136126236734,0.6987366493472116,0.3012633506527884,0.0778885267085086
31,7,Shangela,0.1109560996954999,0.1371361830119607,0.6987366493472116,0.3012633506527884,0.11884319931578605
31,7,Trevor Donovan,0.1190228650180331,0.171279324234004,0.6987366493472116,0.3012633506527884,0.1347658210146873
31,7,Vinny Guadagnino,0.0958034298956272,0.0483376482362991,0.6987366493472116,0.3012633506527884,0.08150372947158435
31,7,Wayne Brady,0.1243353509709187,0.168814803656837,0.6987366493472116,0.3012633506527884,0.1377353799222806
31,8,Charli D'Amelio,0.1331300384014241,0.285832107372622,0.7246107698007511,0.2753892301992489,0.1751825436252349
31,8,Daniel Durant,0.1231546400900187,0.0020857404318824,0.7246107698007511,0.2753892301992489,0.08981356901209443
31,8,Gabby Windey,0.1261507203285733,0.1701873253146784,0.7246107698007511,0.2753892301992489,0.13827792707628517
31,8,Heidi D'Amelio,0.1186426058448063,0.0065448050526344,0.7246107698007511,0.2753892301992489,0.08777207877762133
31,8,Shangela,0.1323005685753424,0.2119539985135962,0.7246107698007511,0.2753892301992489,0.1542362653287679
31,8,Trevor Donovan,0.122996952320359,0.0569702658399004,0.7246107698007511,0.2753892301992489,0.10481391395789835
31,8,Vinny Guadagnino,0.091301584468556,0.0,0.7246107698007511,0.2753892301992489,0.06615811140578867
31,8,Wayne Brady,0.1523228899709198,0.2664257574746858,0.7246107698007511,0.2753892301992489,0.1837455908163088
31,9,Charli D'Amelio,0.1705726892523058,0.2605727439410648,0.75,0.25,0.19307270292449552
31,9,Daniel Durant,0.1566805155421314,0.1443446387044502,0.75,0.25,0.15359654633271108
31,9,Gabby Windey,0.181834252888613,0.2493555143667145,0.75,0.25,0.19871456825813838
31,9,Shangela,0.1656510061271241,0.1538119940870236,0.75,0.25,0.16269125311709898
31,9,Trevor Donovan,0.1474675808382628,0.0,0.75,0.25,0.1106006856286971
31,9,Wayne Brady,0.1777939553515627,0.1919151089007468,0.75,0.25,0.18132424373885872
32,1,Adrian Peterson,0.0754497437229217,0.0818623873954171,0.5204588557830547,0.47954114421694527,0.07852487020708569
32,1,Alyson Hannigan,0.0584409585628054,0.0121993118199834,0.5204588557830547,0.47954114421694527,0.036266186373276756
32,1,Ariana Madix,0.0880247010100754,0.1124137325820205,0.5204588557830547,0.47954114421694527,0.09972024511642916
32,1,Barry Williams,0.0737269748650614,0.0656468140674574,0.5204588557830547,0.47954114421694527,0.06985220531072148
32,1,Charity Lawson,0.0923001859595627,0.1323132534564369,0.5204588557830547,0.47954114421694527,0.11148809813064361
32,1,Harry Jowsey,0.0502998291486145,0.0268850229503234,0.5204588557830547,0.47954114421694527,0.039071466192667964
32,1,Jamie Lynn Spears,0.0628747864357681,0.0650343797977636,0.5204588557830547,0.47954114421694527,0.06391040030762274
32,1,Jason Mraz,0.0944772997588053,0.1344867864931417,0.5204588557830547,0.47954114421694527,0.11366349480692167
32,1,Lele Pons,0.0795994798917549,0.1002815176002137,0.5204588557830547,0.47954114421694527,0.08951736791920725
32,1,Matt Walsh,0.0548328114557051,0.0,0.5204588557830547,0.47954114421694527,0.028538222309604254
32,1,Mauricio Umansky,0.0674837855420038,0.0580224501448628,0.5204588557830547,0.47954114421694527,0.06294668593983851
32,1,Mira Sorvino,0.0777255099505916,0.0696436698352224,0.5204588557830547,0.47954114421694527,0.07384993509428905
32,1,Tyson Beckford,0.053987028433603,0.0253324159185058,0.5204588557830547,0.47954114421694527,0.04024596276102009
32,1,Xochitl Gomez,0.0707769052627266,0.1158782579386507,0.5204588557830547,0.47954114421694527,0.09240485953067124
32,2,Adrian Peterson,0.0612545810976653,0.0,0.5479327479017436,0.4520672520982564,0.03356339094241395
32,2,Alyson Hannigan,0.082838467403399,0.0893388588381627,0.5479327479017436,0.4520672520982564,0.08577708149687566
32,2,Ariana Madix,0.0820811346893625,0.0849423399915212,0.5479327479017436,0.4520672520982564,0.08337459190799834
32,2,Barry Williams,0.0673800392074318,0.0371194585974835,0.5479327479017436,0.4520672520982564,0.05370022168419469
32,2,Charity Lawson,0.0857564135367314,0.1222053158917464,0.5479327479017436,0.4520672520982564,0.10223376866636069
32,2,Harry Jowsey,0.0612545810976653,0.0234469501332028,0.5479327479017436,0.4520672520982564,0.04416298925921579
32,2,Jamie Lynn Spears,0.0649298599450341,0.0561392643949667,0.5479327479017436,0.4520672520982564,0.06095591957040797
32,2,Jason Mraz,0.1051916992127339,0.1595482095470624,0.5479327479017436,0.4520672520982564,0.12976449747322427
32,2,Lele Pons,0.0857564135367314,0.1175228284500534,0.5479327479017436,0.4520672520982564,0.10011696943560994
32,2,Mauricio Umansky,0.0525958496063669,0.0078598990794964,0.5479327479017436,0.4520672520982564,0.03237219138168101
32,2,Mira Sorvino,0.0801297567720028,0.0646404138114309,0.5479327479017436,0.4520672520982564,0.07312753206300959
32,2,Tyson Beckford,0.0788937744095504,0.0680161358630857,0.5479327479017436,0.4520672520982564,0.07397635024253203
32,2,Xochitl Gomez,0.0919374294853247,0.1692203254017875,0.5479327479017436,0.4520672520982564,0.1268744958764756
32,3,Adrian Peterson,0.0660658685784308,0.0217275960872851,0.5813551823187685,0.4186448176812315,0.04750388057507435
32,3,Alyson Hannigan,0.0772672381228349,0.0840493136393513,0.5813551823187685,0.4186448176812315,0.08010651889094725
32,3,Ariana Madix,0.1019859041686978,0.127854145253629,0.5813551823187685,0.4186448176812315,0.11281550924143297
32,3,Barry Williams,0.0824473547842287,0.0725536852133346,0.5813551823187685,0.4186448176812315,0.0783054212905234
32,3,Charity Lawson,0.095986733335245,0.1208009676521705,0.5813551823187685,0.4186448176812315,0.10637508393675363
32,3,Harry Jowsey,0.0720650394118836,0.0859262226840959,0.5813551823187685,0.4186448176812315,0.07786795195572505
32,3,Jason Mraz,0.1094619206740161,0.1401323146554879,0.5813551823187685,0.4186448176812315,0.1223019221706009
32,3,Lele Pons,0.0811012903672878,0.1061481721015342,0.5813551823187685,0.4186448176812315,0.09158703760440476
32,3,Mauricio Umansky,0.074088013100176,0.037655505788297,0.5813551823187685,0.4186448176812315,0.05883573271892428
32,3,Mira Sorvino,0.085099297438448,0.072762251030879,0.5813551823187685,0.4186448176812315,0.07993445689442638
32,3,Tyson Beckford,0.0643893651023624,0.0,0.5813551823187685,0.4186448176812315,0.03743309108847364
32,3,Xochitl Gomez,0.0900419749163882,0.130389825893935,0.5813551823187685,0.4186448176812315,0.10693339363271279
32,4,Adrian Peterson,0.0851955046887757,0.0545069853511783,0.6101054989022953,0.38989450109770474,0.0732302197522159
32,4,Alyson Hannigan,0.0783777521752952,0.0,0.6101054989022953,0.38989450109770474,0.04781869759374894
32,4,Ariana Madix,0.1014232198675901,0.1314416474629224,0.6101054989022953,0.38989450109770474,0.11312723971860976
32,4,Barry Williams,0.0803271901351314,0.0040657815162436,0.6101054989022953,0.38989450109770474,0.05059328626866194
32,4,Charity Lawson,0.0973662910728865,0.1311694618597403,0.6101054989022953,0.38989450109770474,0.11054596148234737
32,4,Harry Jowsey,0.0851955046887757,0.0999297046881151,0.6101054989022953,0.38989450109770474,0.09094028824659194
32,4,Jason Mraz,0.1045036695670602,0.1382455572986495,0.6101054989022953,0.38989450109770474,0.11765944605026298
32,4,Lele Pons,0.0892524334834793,0.1084282595977183,0.6101054989022953,0.38989450109770474,0.09672898263942686
32,4,Mauricio Umansky,0.0827320717405893,0.0796844607125656,0.6101054989022953,0.38989450109770474,0.08154382495927814
32,4,Mira Sorvino,0.0928732587077178,0.097136455085806,0.6101054989022953,0.38989450109770474,0.09453545553263404
32,4,Xochitl Gomez,0.1027531038726984,0.1553916864270604,0.6101054989022953,0.38989450109770474,0.12327659775622171
32,5,Alyson Hannigan,0.0909488234761977,0.0047466440309808,0.6392942475331265,0.36070575246687353,0.05985520147512628
32,5,Ariana Madix,0.0968425281797679,0.1141662701346409,0.6392942475331265,0.36070575246687353,0.10309130155714231
32,5,Barry Williams,0.1065267809977447,0.1134414003122358,0.6392942475331265,0.36070575246687353,0.1090209239606002
32,5,Charity Lawson,0.1129829495430626,0.1560036015554188,0.6392942475331265,0.36070575246687353,0.12850074619879506
32,5,Harry Jowsey,0.0726318961348259,0.0,0.6392942475331265,0.36070575246687353,0.04643315338641772
32,5,Jason Mraz,0.1169342016122542,0.1510576418545214,0.6392942475331265,0.36070575246687353,0.12924272280159957
32,5,Lele Pons,0.0968425281797679,0.0937053887506091,0.6392942475331265,0.36070575246687353,0.09571094394137969
32,5,Mauricio Umansky,0.1039415125442259,0.0963636882005408,0.6392942475331265,0.36070575246687353,0.10120814771227518
32,5,Mira Sorvino,0.0965524755156508,0.0988460215066044,0.6392942475331265,0.36070575246687353,0.0973797707481351
32,5,Xochitl Gomez,0.1057963038165019,0.1716693436544478,0.6392942475331265,0.36070575246687353,0.12955708821852852
32,6,Alyson Hannigan,0.1006629263225325,0.0338616194110471,0.6681784201751583,0.33182157982484173,0.07849681112879929
32,6,Ariana Madix,0.1240885562832665,0.1881147793871641,0.6681784201751583,0.33182157982484173,0.14533383878381959
32,6,Barry Williams,0.1065632119452082,0.0,0.6681784201751583,0.33182157982484173,0.07120323860633977
32,6,Charity Lawson,0.115286925173973,0.1471256332524657,0.6681784201751583,0.33182157982484173,0.1258516955881604
32,6,Harry Jowsey,0.0878720121805056,0.0260007401549001,0.6681784201751583,0.33182157982484173,0.06734178895119665
32,6,Jason Mraz,0.1268352864973719,0.2067876294558824,0.6681784201751583,0.33182157982484173,0.1533651992485624
32,6,Lele Pons,0.1119682787411277,0.1028588928186731,0.6681784201751583,0.33182157982484173,0.10894558791310464
32,6,Mauricio Umansky,0.1074770310064881,0.0109055197706267,0.6681784201751583,0.33182157982484173,0.07543251958213211
32,6,Xochitl Gomez,0.1192457718495262,0.2843451857492405,0.6681784201751583,0.33182157982484173,0.17402932019788483
32,7,Alyson Hannigan,0.1300991226060195,0.0229514544943032,0.6974956272686983,0.3025043727313017,0.09768648447426306
32,7,Ariana Madix,0.1281692694872517,0.2180426465099708,0.6974956272686983,0.3025043727313017,0.15535635902875314
32,7,Barry Williams,0.124051529384454,0.0,0.6974956272686983,0.3025043727313017,0.08652539930165111
32,7,Charity Lawson,0.1252015274021272,0.1789191333539916,0.6974956272686983,0.3025043727313017,0.14145133809522317
32,7,Harry Jowsey,0.1112902465796686,0.0014251819063354,0.6974956272686983,0.3025043727313017,0.07805558410557804
32,7,Jason Mraz,0.133732342533294,0.2015325054804496,0.6974956272686983,0.3025043727313017,0.15424218829670336
32,7,Lele Pons,0.1269636228740477,0.1165338628713742,0.6974956272686983,0.3025043727313017,0.12380857486670092
32,7,Xochitl Gomez,0.120492339133137,0.2605952153835749,0.6974956272686983,0.3025043727313017,0.1628740718311269
32,8,Alyson Hannigan,0.1490613112868016,0.1594038837222919,0.7240913233795098,0.27590867662049023,0.15191491676032928
32,8,Ariana Madix,0.1622133900908532,0.2424783159847314,0.7240913233795098,0.27590867662049023,0.18435917957327486
32,8,Barry Williams,0.1486169747525781,0.0,0.7240913233795098,0.27590867662049023,0.10761226192525346
32,8,Charity Lawson,0.1505470653337804,0.2085583442239453,0.7240913233795098,0.27590867662049023,0.16655288052142797
32,8,Harry Jowsey,0.1080850725473295,0.028760637297846,0.7240913233795098,0.27590867662049023,0.08619877259397674
32,8,Jason Mraz,0.1366318628949672,0.1206977045632937,0.7240913233795098,0.27590867662049023,0.1322354903566138
32,8,Xochitl Gomez,0.1448443230936898,0.2401011142078916,0.7240913233795098,0.27590867662049023,0.17112649826912368
32,9,Alyson Hannigan,0.1533111455940256,0.0653775924018872,0.75,0.25,0.131327757295991
32,9,Ariana Madix,0.1651746301670828,0.1369723526406145,0.75,0.25,0.15812406078546573
32,9,Charity Lawson,0.1697407554886243,0.1918129189535953,0.75,0.25,0.17525879635486705
32,9,Harry Jowsey,0.1340058595962823,0.0,0.75,0.25,0.10050439469721173
32,9,Jason Mraz,0.2061550147148675,0.3263864040661464,0.75,0.25,0.2362128620526872
32,9,Xochitl Gomez,0.1716125944391173,0.2794507319377565,0.75,0.25,0.1985721288137771
33,2,Anna Delvey,0.0649101215772989,0.0266173705317238,0.5287495300166367,0.4712504699833633,0.046864644650115715
33,2,Brooks Nader,0.076348028512294,0.0475361292602095,0.5287495300166367,0.4712504699833633,0.06277040744863586
33,2,Chandler Kinney,0.0858361728585796,0.1190107503984951,0.5287495300166367,0.4712504699833633,0.1014697081157643
33,2,Danny Amendola,0.0800653485449655,0.1018528978937731,0.5287495300166367,0.4712504699833633,0.09033274141537681
33,2,Dwight Howard ,0.0836682898428449,0.1233228309667898,0.5287495300166367,0.4712504699833633,0.10235551098447854
33,2,Eric Roberts,0.0627826715342015,0.0414451427989159,0.5287495300166367,0.4712504699833633,0.05272735108941464
33,2,Ilona Maher,0.0800653485449655,0.0998398287603609,0.5287495300166367,0.4712504699833633,0.0893840816401473
33,2,Jenn Tran,0.0727450872144145,0.067598375424385,0.5287495300166367,0.4712504699833633,0.07031969686449419
33,2,Joey Graziadei,0.0836682898428449,0.1205598954452386,0.5287495300166367,0.4712504699833633,0.10105347632141382
33,2,Phaedra Parks,0.0859344916594504,0.087407206713168,0.5287495300166367,0.4712504699833633,0.0866285093206664
33,2,Reginald VelJohnson,0.0627826715342015,0.0,0.5287495300166367,0.4712504699833633,0.03319630806689792
33,2,Stephen Nedoroscik,0.0836682898428449,0.1131499055002539,0.5287495300166367,0.4712504699833633,0.09756151507726778
33,2,Tori Spelling,0.0775251884910933,0.0516596663066858,0.5287495300166367,0.4712504699833633,0.06533604900532616
33,3,Brooks Nader,0.0945264254920523,0.0716528896340809,0.5758389376728896,0.42416106232711037,0.0848243622233579
33,3,Chandler Kinney,0.100315920680198,0.1381075611201569,0.5758389376728896,0.42416106232711037,0.11634566303629515
33,3,Danny Amendola,0.0929032446975607,0.1028921840458415,0.5758389376728896,0.42416106232711037,0.09714016382304855
33,3,Dwight Howard ,0.0807293861131482,0.0878864670934203,0.5758389376728896,0.42416106232711037,0.08376514118490157
33,3,Eric Roberts,0.0783519039951337,0.0,0.5758389376728896,0.42416106232711037,0.04511807716120603
33,3,Ilona Maher,0.086744704719632,0.09385088459145,0.5758389376728896,0.42416106232711037,0.08975886952314985
33,3,Jenn Tran,0.0964360490294336,0.1377865619080054,0.5758389376728896,0.42416106232711037,0.11397532649977948
33,3,Joey Graziadei,0.1086576480709944,0.1632561787994346,0.5758389376728896,0.42416106232711037,0.13181621886626899
33,3,Phaedra Parks,0.093564634484457,0.0663627048501539,0.5758389376728896,0.42416106232711037,0.08202663511342369
33,3,Reginald VelJohnson,0.0715249955165491,0.0084892179932734,0.5758389376728896,0.42416106232711037,0.04478767315766109
33,3,Stephen Nedoroscik,0.0962450872008405,0.1297153499641825,0.5758389376728896,0.42416106232711037,0.11044186941090717
33,4,Brooks Nader,0.1088569090831382,0.0,0.6199602628952888,0.3800397371047112,0.06748695797315092
33,4,Chandler Kinney,0.1021150604522181,0.0330602076437104,0.6199602628952888,0.3800397371047112,0.0758714723450683
33,4,Danny Amendola,0.1224640227185305,0.2434715131860168,0.6199602628952888,0.3800397371047112,0.16845167758349483
33,4,Dwight Howard ,0.0979712263389946,0.0056434075323408,0.6199602628952888,0.3800397371047112,0.06288298635226248
33,4,Ilona Maher,0.1088569090831382,0.1391012133329862,0.6199602628952888,0.3800397371047112,0.12035094651916534
33,4,Jenn Tran,0.1088569090831382,0.0981943983155848,0.6199602628952888,0.3800397371047112,0.10480473129416107
33,4,Joey Graziadei,0.1224640227185305,0.2447615865329288,0.6199602628952888,0.3800397371047112,0.16894195671910106
33,4,Phaedra Parks,0.1168366005479245,0.0941175897839622,0.6199602628952888,0.3800397371047112,0.10820247366990915
33,4,Stephen Nedoroscik,0.1115783399743868,0.1416500836724697,0.6199602628952888,0.3800397371047112,0.12300679754368649
33,5,Chandler Kinney,0.12534663411083,0.2027010947254659,0.6660098614410305,0.33399013855896953,0.1511822611296666
33,5,Danny Amendola,0.1261988195682351,0.1665193414747149,0.6660098614410305,0.33399013855896953,0.13966547626655024
33,5,Dwight Howard ,0.118775359593633,0.0990982004804535,0.6660098614410305,0.33399013855896953,0.11220338249497527
33,5,Ilona Maher,0.1286114451734797,0.1728400328945862,0.6660098614410305,0.33399013855896953,0.1433833573147196
33,5,Jenn Tran,0.1261988195682351,0.1518255504289859,0.6660098614410305,0.33399013855896953,0.13475789495923068
33,5,Joey Graziadei,0.1286114451734797,0.1986850942539565,0.6660098614410305,0.33399013855896953,0.15201535293920077
33,5,Phaedra Parks,0.1274821172184741,0.0083306857418368,0.6660098614410305,0.33399013855896953,0.08768671411009245
33,5,Stephen Nedoroscik,0.118775359593633,0.0,0.6660098614410305,0.33399013855896953,0.07910556078556408
33,6,Chandler Kinney,0.1476638134394854,0.2135144309901654,0.7072877899346248,0.2927122100653752,0.16693909323691472
33,6,Danny Amendola,0.1370461382501133,0.134027079033188,0.7072877899346248,0.2927122100653752,0.13616242275440885
33,6,Dwight Howard ,0.1517690894354944,0.1989369039959097,0.7072877899346248,0.2927122100653752,0.16557568467942735
33,6,Ilona Maher,0.1177836094830486,0.0,0.7072877899346248,0.2927122100653752,0.08330690884178836
33,6,Jenn Tran,0.1517690894354944,0.1926500635602804,0.7072877899346248,0.2927122100653752,0.16373544972118592
33,6,Joey Graziadei,0.1569221217062504,0.2403608036766058,0.7072877899346248,0.2927122100653752,0.1813456427107351
33,6,Stephen Nedoroscik,0.1370461382501133,0.0205107187438503,0.7072877899346248,0.2927122100653752,0.10293479805553943
33,7,Chandler Kinney,0.1779700998558716,0.2781670570514198,0.75,0.25,0.20301933915475867
33,7,Danny Amendola,0.1612620475341528,0.0,0.75,0.25,0.1209465356506146
33,7,Dwight Howard ,0.1517760447380262,0.0841013546667707,0.75,0.25,0.13485737222021232
33,7,Ilona Maher,0.1642433640925007,0.1570614286307841,0.75,0.25,0.16244788022707154
33,7,Joey Graziadei,0.1741359067294397,0.3638384298206737,0.75,0.25,0.22156153750224822
33,7,Stephen Nedoroscik,0.1706125370500087,0.1168317298303515,0.75,0.25,0.1571673352450944
34,2,Alix Earle,0.0704949935619833,0.0975770617231909,0.5502216248276827,0.44977837517231734,0.08267592217583719
34,2,Andy Richter,0.0621935498826549,0.0,0.5502216248276827,0.44977837517231734,0.034220236070235915
34,2,Baron Davis,0.0691354189811959,0.0534273842675506,0.5502216248276827,0.44977837517231734,0.062070284650542165
34,2,Corey Feldman,0.0576128491509966,0.0165013536688892,0.5502216248276827,0.44977837517231734,0.039121787512150265
34,2,Danielle Fishel,0.0677876643374629,0.0460117117640762,0.5502216248276827,0.44977837517231734,0.057993311771175594
34,2,Dylan Efron,0.071468441981473,0.0627933446882908,0.5502216248276827,0.44977837517231734,0.06756657081648373
34,2,Elaine Hendrix,0.081921610083262,0.0798130157932108,0.5502216248276827,0.44977837517231734,0.08097320996958515
34,2,Hilaria Baldwin,0.0751492196254831,0.0774410461892959,0.5502216248276827,0.44977837517231734,0.07618003365353157
34,2,Jen Affleck,0.0785232671411034,0.0962231202448604,0.5502216248276827,0.44977837517231734,0.08648427831089991
34,2,Jordan Chiles,0.0736600757687827,0.1136608061489203,0.5502216248276827,0.44977837517231734,0.09165153928486694
34,2,Lauren Jauregui,0.0751492196254831,0.0809582424210519,0.5502216248276827,0.44977837517231734,0.077761992459813
34,2,Robert Irwin,0.0736600757687827,0.1159712904666168,0.5502216248276827,0.44977837517231734,0.0926907451671416
34,2,Scott Hoying,0.0644136168218427,0.0523722314786352,0.5502216248276827,0.44977837517231734,0.05899766208735107
34,2,Whitney Leavitt,0.0788299972694932,0.1072493911454105,0.5502216248276827,0.44977837517231734,0.09161242607038539
34,3,Alix Earle,0.0842319462505419,0.1352980003048465,0.5757504097815824,0.42424959021841757,0.10589669875715219
34,3,Andy Richter,0.0766058099554389,0.0209765674097567,0.5757504097815824,0.42424959021841757,0.05300512660127227
34,3,Danielle Fishel,0.0819850175827593,0.0300472530171125,0.5757504097815824,0.42424959021841757,0.059950442248923
34,3,Dylan Efron,0.0899883160398122,0.117597969338612,0.5757504097815824,0.42424959021841757,0.10170170013790059
34,3,Elaine Hendrix,0.0893734449480121,0.079775333704614,0.5757504097815824,0.42424959021841757,0.08530145018612967
34,3,Hilaria Baldwin,0.0858890660390812,0.0960867092198017,0.5757504097815824,0.42424959021841757,0.09021541197969551
34,3,Jen Affleck,0.0739817191257064,0.0266961570470116,0.5757504097815824,0.42424959021841757,0.053920838790572585
34,3,Jordan Chiles,0.0878942047831742,0.1470501228012479,0.5757504097815824,0.42424959021841757,0.11299107876133627
34,3,Lauren Jauregui,0.0702728722137937,0.0,0.5757504097815824,0.42424959021841757,0.040459634973620505
34,3,Robert Irwin,0.0803865756152825,0.1246181005604478,0.5757504097815824,0.42424959021841757,0.09915178194800459
34,3,Scott Hoying,0.085693864494672,0.082335445979691,0.5757504097815824,0.42424959021841757,0.08426905681590938
34,3,Whitney Leavitt,0.0936971629517249,0.139518340616858,0.5757504097815824,0.42424959021841757,0.11313677879948292
34,4,Alix Earle,0.0909683055915425,0.138662959327471,0.6048885015283312,0.3951114984716688,0.10981301169823258
34,4,Andy Richter,0.0792850990267795,0.0,0.6048885015283312,0.3951114984716688,0.047958644743834
34,4,Danielle Fishel,0.0848524445018262,0.0312166059909621,0.6048885015283312,0.3951114984716688,0.06366030797601424
34,4,Dylan Efron,0.093095252596256,0.0931713887308815,0.6048885015283312,0.3951114984716688,0.09312533485849572
34,4,Elaine Hendrix,0.1057134653690393,0.1198829638289785,0.6048885015283312,0.3951114984716688,0.11131199713813789
34,4,Hilaria Baldwin,0.0928528182405865,0.0957237415970091,0.6048885015283312,0.3951114984716688,0.09398715306993993
34,4,Jen Affleck,0.093095252596256,0.0692116152249268,0.6048885015283312,0.3951114984716688,0.08365855284551617
34,4,Jordan Chiles,0.0909683055915425,0.1373852673283711,0.6048885015283312,0.3951114984716688,0.10930818089788297
34,4,Robert Irwin,0.0834634200049979,0.107875684416988,0.6048885015283312,0.3951114984716688,0.0931089863779059
34,4,Scott Hoying,0.0848524445018262,0.0694971042623726,0.6048885015283312,0.3951114984716688,0.07878537301027339
34,4,Whitney Leavitt,0.1008531919793468,0.1373726692920389,0.6048885015283312,0.3951114984716688,0.11528245738376669
34,6,Alix Earle,0.096773878605247,0.1218077962992186,0.6534310196072488,0.3465689803927512,0.10544985793568279
34,6,Andy Richter,0.0871833280267711,0.0,0.6534310196072488,0.3465689803927512,0.056968290925286276
34,6,Danielle Fishel,0.1061106081984842,0.1056278656521491,0.6534310196072488,0.3465689803927512,0.10594330460640865
34,6,Dylan Efron,0.0943205406208749,0.0842378998931966,0.6534310196072488,0.3465689803927512,0.090826210104217
34,6,Elaine Hendrix,0.1156732154220041,0.1178816646385932,0.6534310196072488,0.3465689803927512,0.11643859541524657
34,6,Jen Affleck,0.0943205406208749,0.0394721581450792,0.6534310196072488,0.3465689803927512,0.07531179263004674
34,6,Jordan Chiles,0.1082024103828004,0.1757586723286925,0.6534310196072488,0.3465689803927512,0.13161531520453384
34,6,Robert Irwin,0.0995388465653969,0.1567208914297423,0.6534310196072488,0.3465689803927512,0.11935636955080564
34,6,Scott Hoying,0.0825304730432655,0.0348266416258862,0.6534310196072488,0.3465689803927512,0.06599780482811667
34,6,Whitney Leavitt,0.1153461585142807,0.1636664099874418,0.6534310196072488,0.3465689803927512,0.13209245879965548
34,7,Alix Earle,0.1223692975173513,0.2161149437160668,0.6768133999721848,0.3231866000278152,0.15266663417972465
34,7,Andy Richter,0.0958160818856817,0.0336073989996712,0.6768133999721848,0.3231866000278152,0.07571106917154344
34,7,Danielle Fishel,0.1059589952136212,0.0,0.6768133999721848,0.3231866000278152,0.07171446780816743
34,7,Dylan Efron,0.1152940545213337,0.1408624462784088,0.6768133999721848,0.3231866000278152,0.12355741612148202
34,7,Elaine Hendrix,0.1057280903566143,0.041574779567036,0.6768133999721848,0.3231866000278152,0.08499459996200273
34,7,Jen Affleck,0.103049365629979,0.0397370011503246,0.6768133999721848,0.3231866000278152,0.08258765781407769
34,7,Jordan Chiles,0.1080398076490945,0.1693625684879137,0.6768133999721848,0.3231866000278152,0.12785850222891132
34,7,Robert Irwin,0.1165692661477072,0.189536908201513,0.6768133999721848,0.3231866000278152,0.14015143029512334
34,7,Whitney Leavitt,0.1271750410786169,0.1692039535990655,0.6768133999721848,0.3231866000278152,0.14075822241896715
34,8,Alix Earle,0.1203379780874003,0.1757610603154216,0.7031973011742427,0.29680269882575727,0.1367876984699189
34,8,Andy Richter,0.1229753979751667,0.0678283248717732,0.7031973011742427,0.29680269882575727,0.10660759784573819
34,8,Danielle Fishel,0.1228661825067843,0.0755953342917767,0.7031973011742427,0.29680269882575727,0.10883606718078732
34,8,Dylan Efron,0.1263787570076693,0.1414904042785041,0.7031973011742427,0.29680269882575727,0.13086393470135596
34,8,Elaine Hendrix,0.135853351850412,0.0,0.7031973011742427,0.29680269882575727,0.09553171037668454
34,8,Jordan Chiles,0.1214999112780582,0.1858846601703637,0.7031973011742427,0.29680269882575727,0.14060947851251315
34,8,Robert Irwin,0.1185517255671678,0.1670338055965591,0.7031973011742427,0.29680269882575727,0.13294133776457748
34,8,Whitney Leavitt,0.1315366957273412,0.1864064104756012,0.7031973011742427,0.29680269882575727,0.14782217514842422
34,9,Alix Earle,0.1398906403492754,0.1781799070349313,0.7268022641501546,0.2731977358498454,0.15035118131514752
34,9,Andy Richter,0.1175891769899152,0.0267864680530394,0.7268022641501546,0.2731977358498454,0.0927820824993282
34,9,Dylan Efron,0.1565828368820193,0.1966652617751886,0.7268022641501546,0.2731977358498454,0.16753326461020462
34,9,Elaine Hendrix,0.1463091110806804,0.0,0.7268022641501546,0.2731977358498454,0.10633779319923499
34,9,Jordan Chiles,0.1361602254493511,0.1626034960799795,0.7268022641501546,0.2731977358498454,0.14338446711410352
34,9,Robert Irwin,0.1468851723667392,0.2261157460488473,0.7268022641501546,0.2731977358498454,0.1685307857067755
34,9,Whitney Leavitt,0.1565828368820193,0.2096491210080136,0.7268022641501546,0.2731977358498454,0.17108042555520553
34,10,Alix Earle,0.160751857459845,0.2640179154357136,0.75,0.25,0.18656837195381215
34,10,Dylan Efron,0.1625884443538244,0.0249140105762768,0.75,0.25,0.1281698359094375
34,10,Elaine Hendrix,0.1836191406152174,0.0,0.75,0.25,0.13771435546141303
34,10,Jordan Chiles,0.1580075162386413,0.1833317996271779,0.75,0.25,0.16433858708577545
34,10,Robert Irwin,0.1635793600826292,0.3111884911523614,0.75,0.25,0.20048164285006226
34,10,Whitney Leavitt,0.1714536812498424,0.2165477832084701,0.75,0.25,0.18272720673949933
