season,week,celebrity_name,ballroom_partner,categorical__celebrity_industry_Fitness Instructor,categorical__celebrity_industry_Model,categorical__celebrity_homestate_Arkansas,categorical__celebrity_homestate_California,categorical__celebrity_homestate_Indiana,categorical__celebrity_homestate_New Mexico,categorical__celebrity_homestate_Ohio,categorical__celebrity_homecountry/region_Canada,categorical__celebrity_homecountry/region_Italy,categorical__celebrity_homecountry/region_Taiwan China,categorical__age_group_45-54,numeric__partner_avg_placement,numeric__partner_final_rate,numeric__celebrity_age_during_season,numeric__weekly_contestant_count,numeric__judge_pct,numeric__judge_share,numeric__week_total_judge_change,numeric__week_total_judge_trend,numeric__weekly_judge_rank
1,1,Evander Holyfield,Edyta Sliwinska,0.0,0.0,0.0,0.0,0.0,0.0,0.0,0.0,0.0,0.0,0.0,0.6507982823298348,-0.4786311094018037,0.4447212641206995,-1.1712692126577566,0.3407727417805042,0.7820039318971146,-0.19226113831692276,-1.2593981751941539,-0.2779864203760762
1,2,Evander Holyfield,Edyta Sliwinska,0.0,0.0,0.0,0.0,0.0,0.0,0.0,0.0,0.0,0.0,0.0,0.6507982823298348,-0.4786311094018037,0.4447212641206995,-1.1712692126577566,-2.6085480936313807,-0.08495955886454024,-1.1374751063004138,-1.5926741531028963,0.3490624937676864
1,3,Evander Holyfield,Edyta Sliwinska,0.0,0.0,0.0,0.0,0.0,0.0,0.0,0.0,0.0,0.0,0.0,0.6507982823298348,-0.4786311094018037,0.4447212641206995,-1.5049398576578494,-2.922305629313496,0.03673295218822646,-0.42856463031279546,-2.009269125488824,0.03553803669580512
1,1,Joey McIntyre,Ashly DelGrosso,0.0,0.0,0.0,0.0,0.0,0.0,0.0,0.0,0.0,0.0,0.0,0.4765997378738518,-0.11330792337673828,-0.33256200191164226,-1.1712692126577566,1.156542334554004,1.103790994419078,-0.19226113831692276,-0.9261221972854116,-1.2185597915917201
1,2,Joey McIntyre,Ashly DelGrosso,0.0,0.0,0.0,0.0,0.0,0.0,0.0,0.0,0.0,0.0,0.0,0.4765997378738518,-0.11330792337673828,-0.33256200191164226,-1.1712692126577566,-0.4122453438565728,0.9296004771034686,0.04404235367894996,-0.8428032028082261,-0.5915108774479575
1,3,Joey McIntyre,Ashly DelGrosso,0.0,0.0,0.0,0.0,0.0,0.0,0.0,0.0,0.0,0.0,0.0,0.4765997378738518,-0.11330792337673828,-0.33256200191164226,-1.5049398576578494,-0.09848780817445761,1.5257570481035383,0.04404235367894996,-0.6761652138538549,-0.5915108774479575
1,4,Joey McIntyre,Ashly DelGrosso,0.0,0.0,0.0,0.0,0.0,0.0,0.0,0.0,0.0,0.0,0.0,0.4765997378738518,-0.11330792337673828,-0.33256200191164226,-1.8386105026579422,-0.7260028795386879,1.6983975229922694,-0.6648681223086682,-0.7594842083310405,-0.2779864203760762
1,5,Joey McIntyre,Ashly DelGrosso,0.0,0.0,0.0,0.0,0.0,0.0,0.0,0.0,0.0,0.0,0.0,0.4765997378738518,-0.11330792337673828,-0.33256200191164226,-2.172281147658035,-0.20307365340182904,3.2912818132755755,0.39849759167275906,-0.7178247110924477,-0.5915108774479575
1,6,Joey McIntyre,Ashly DelGrosso,0.0,0.0,0.0,0.0,0.0,0.0,0.0,0.0,0.0,0.0,0.0,0.4765997378738518,-0.11330792337673828,-0.33256200191164226,-2.172281147658035,-7.001153593180996,-2.1140796308005556,-5.509089708224058,-2.384204600636159,-0.5915108774479575
1,1,John O'Hurley,Charlotte Jorgensen,0.0,0.0,0.0,0.0,0.0,0.0,0.0,0.0,0.0,0.0,1.0,-2.618774398228612,3.9052471228989805,1.066547876946573,-1.1712692126577566,1.156542334554004,1.103790994419078,-0.19226113831692276,-0.9261221972854116,-1.2185597915917201
1,2,John O'Hurley,Charlotte Jorgensen,0.0,0.0,0.0,0.0,0.0,0.0,0.0,0.0,0.0,0.0,1.0,-2.618774398228612,3.9052471228989805,1.066547876946573,-1.1712692126577566,1.156542334554004,1.6542862170806174,1.2255598136583135,-0.42620823042229816,-1.2185597915917201
1,3,John O'Hurley,Charlotte Jorgensen,0.0,0.0,0.0,0.0,0.0,0.0,0.0,0.0,0.0,0.0,1.0,-2.618774398228612,3.9052471228989805,1.066547876946573,-1.5049398576578494,0.5290272631897746,1.8566512916402742,-0.6648681223086682,-0.09293225251355586,-0.9050353345198388
1,4,John O'Hurley,Charlotte Jorgensen,0.0,0.0,0.0,0.0,0.0,0.0,0.0,0.0,0.0,0.0,1.0,-2.618774398228612,3.9052471228989805,1.066547876946573,-1.8386105026579422,-0.4122453438565728,1.8890213806819105,-0.9011716143045408,-0.5095272248994838,-0.5915108774479575
1,5,John O'Hurley,Charlotte Jorgensen,0.0,0.0,0.0,0.0,0.0,0.0,0.0,0.0,0.0,0.0,1.0,-2.618774398228612,3.9052471228989805,1.066547876946573,-2.172281147658035,1.156542334554004,4.372354102090801,1.2255598136583135,-0.259570241467927,-1.2185597915917201
1,6,John O'Hurley,Charlotte Jorgensen,0.0,0.0,0.0,0.0,0.0,0.0,0.0,0.0,0.0,0.0,1.0,-2.618774398228612,3.9052471228989805,1.066547876946573,-2.172281147658035,1.0082205904133676,6.574171057292455,-0.19226113831692276,0.24034372539518645,-0.9050353345198388
1,1,Kelly Monaco,Alec Mazo,0.0,0.0,0.0,0.0,0.0,0.0,0.0,0.0,0.0,0.0,0.0,1.1546340724486774,-0.38121159312845276,-0.5657469817213447,-1.1712692126577566,-1.6986512401532459,-0.02246372440779499,-0.19226113831692276,-2.0925881199660097,0.3490624937676864
1,2,Kelly Monaco,Alec Mazo,0.0,0.0,0.0,0.0,0.0,0.0,0.0,0.0,0.0,0.0,0.0,1.1546340724486774,-0.38121159312845276,-0.5657469817213447,-1.1712692126577566,-1.6672754865850343,0.3498518851217496,0.7529528296665682,-1.7593121420572673,0.03553803669580512
1,3,Kelly Monaco,Alec Mazo,0.0,0.0,0.0,0.0,0.0,0.0,0.0,0.0,0.0,0.0,0.0,1.1546340724486774,-0.38121159312845276,-0.5657469817213447,-1.5049398576578494,-0.4122453438565728,1.360309926335171,0.7529528296665682,-1.0927601862397827,-0.2779864203760762
1,4,Kelly Monaco,Alec Mazo,0.0,0.0,0.0,0.0,0.0,0.0,0.0,0.0,0.0,0.0,0.0,1.1546340724486774,-0.38121159312845276,-0.5657469817213447,-1.8386105026579422,1.156542334554004,2.8421406691301185,0.9892563216624407,-0.34288923594511256,-1.2185597915917201
1,5,Kelly Monaco,Alec Mazo,0.0,0.0,0.0,0.0,0.0,0.0,0.0,0.0,0.0,0.0,0.0,1.1546340724486774,-0.38121159312845276,-0.5657469817213447,-2.172281147658035,0.0990632328105779,3.5315200996789593,-0.7830198683066045,-0.13459174975214863,-0.9050353345198388
1,6,Kelly Monaco,Alec Mazo,0.0,0.0,0.0,0.0,0.0,0.0,0.0,0.0,0.0,0.0,0.0,1.1546340724486774,-0.38121159312845276,-0.5657469817213447,-2.172281147658035,1.156542334554004,6.735064588553436,0.7529528296665682,-0.009613258036370276,-1.2185597915917201
1,1,Rachel Hunter,Jonathan Roberts,0.0,1.0,0.0,0.0,0.0,0.0,0.0,0.0,0.0,0.0,0.0,1.3399353812765793,-0.6873872157018412,-0.09937702210193972,-1.1712692126577566,1.156542334554004,1.103790994419078,-0.19226113831692276,-0.9261221972854116,-1.2185597915917201
1,2,Rachel Hunter,Jonathan Roberts,0.0,1.0,0.0,0.0,0.0,0.0,0.0,0.0,0.0,0.0,0.0,1.3399353812765793,-0.6873872157018412,-0.09937702210193972,-1.1712692126577566,0.5290272631897746,1.3644119210897585,0.7529528296665682,-0.5928462193766693,-0.9050353345198388
1,3,Rachel Hunter,Jonathan Roberts,0.0,1.0,0.0,0.0,0.0,0.0,0.0,0.0,0.0,0.0,0.0,1.3399353812765793,-0.6873872157018412,-0.09937702210193972,-1.5049398576578494,1.156542334554004,2.1875455351770103,0.2803458456748227,-0.09293225251355586,-1.2185597915917201
1,4,Rachel Hunter,Jonathan Roberts,0.0,1.0,0.0,0.0,0.0,0.0,0.0,0.0,0.0,0.0,0.0,1.3399353812765793,-0.6873872157018412,-0.09937702210193972,-1.8386105026579422,0.8427847988718888,2.6515168114404775,-0.42856463031279546,-0.009613258036370276,-0.9050353345198388
1,1,Trista Sutter,Louis van Amstel,0.0,0.0,0.0,0.0,1.0,0.0,0.0,0.0,0.0,0.0,0.0,0.3292009694880202,-0.9657286907685575,-0.33256200191164226,-1.1712692126577566,0.3407727417805042,0.7820039318971146,-0.19226113831692276,-1.2593981751941539,-0.2779864203760762
1,2,Trista Sutter,Louis van Amstel,0.0,0.0,0.0,0.0,1.0,0.0,0.0,0.0,0.0,0.0,0.0,0.3292009694880202,-0.9657286907685575,-0.33256200191164226,-1.1712692126577566,-1.039760415220804,0.6397261811126091,0.04404235367894996,-1.1760791807169684,-0.2779864203760762
2,1,Drew Lachey,Cheryl Burke,0.0,0.0,0.0,0.0,0.0,0.0,1.0,0.0,0.0,0.0,0.0,-0.3783131187639717,0.2617572142756622,-0.5657469817213447,0.16341336734261466,1.156542334554004,0.044368973192920234,-0.19226113831692276,-0.259570241467927,-1.2185597915917201
2,2,Drew Lachey,Cheryl Burke,0.0,0.0,0.0,0.0,0.0,0.0,1.0,0.0,0.0,0.0,0.0,-0.3783131187639717,0.2617572142756622,-0.5657469817213447,-0.17025727765747814,0.5939426153998668,0.2534686817047898,0.5166493376706954,-0.009613258036370276,-0.9050353345198388
2,3,Drew Lachey,Cheryl Burke,0.0,0.0,0.0,0.0,0.0,0.0,1.0,0.0,0.0,0.0,0.0,-0.3783131187639717,0.2617572142756622,-0.5657469817213447,-0.503927922657571,1.156542334554004,0.48762181151300965,-0.19226113831692276,0.24034372539518645,-1.2185597915917201
2,4,Drew Lachey,Cheryl Burke,0.0,0.0,0.0,0.0,0.0,0.0,1.0,0.0,0.0,0.0,0.0,-0.3783131187639717,0.2617572142756622,-0.5657469817213447,-0.8375985676576638,1.156542334554004,0.9938131376077733,0.04404235367894996,0.32366271987237205,-1.2185597915917201
2,5,Drew Lachey,Cheryl Burke,0.0,0.0,0.0,0.0,0.0,0.0,1.0,0.0,0.0,0.0,0.0,-0.3783131187639717,0.2617572142756622,-0.5657469817213447,-1.1712692126577566,0.3407727417805042,1.021745948676722,-0.42856463031279546,0.32366271987237205,-0.9050353345198388
2,6,Drew Lachey,Cheryl Burke,0.0,0.0,0.0,0.0,0.0,0.0,1.0,0.0,0.0,0.0,0.0,-0.3783131187639717,0.2617572142756622,-0.5657469817213447,-1.5049398576578494,1.156542334554004,1.8417237317814732,0.5166493376706954,0.4903007088267432,-1.2185597915917201
2,7,Drew Lachey,Cheryl Burke,0.0,0.0,0.0,0.0,0.0,0.0,1.0,0.0,0.0,0.0,0.0,-0.3783131187639717,0.2617572142756622,-0.5657469817213447,-1.8386105026579422,1.156542334554004,2.614139584442509,-0.7830198683066045,0.531960206065336,-1.2185597915917201
2,8,Drew Lachey,Cheryl Burke,0.0,0.0,0.0,0.0,0.0,0.0,1.0,0.0,0.0,0.0,0.0,-0.3783131187639717,0.2617572142756622,-0.5657469817213447,-2.172281147658035,1.156542334554004,3.916555445628472,0.16214683897848725,0.448624547789255,-1.2185597915917201
2,1,George Hamilton,Edyta Sliwinska,0.0,0.0,0.0,0.0,0.0,0.0,0.0,0.0,0.0,0.0,0.0,0.6507982823298348,-0.4786311094018037,2.31020110259832,0.16341336734261466,-0.8828816473797461,-0.49524317780544785,-0.19226113831692276,-1.2593981751941539,0.976111407911449
2,2,George Hamilton,Edyta Sliwinska,0.0,0.0,0.0,0.0,0.0,0.0,0.0,0.0,0.0,0.0,0.0,0.6507982823298348,-0.4786311094018037,2.31020110259832,-0.17025727765747814,-0.8125566824854791,-0.18496619098138536,0.7529528296665682,-0.9261221972854116,0.03553803669580512
2,3,George Hamilton,Edyta Sliwinska,0.0,0.0,0.0,0.0,0.0,0.0,0.0,0.0,0.0,0.0,0.0,0.6507982823298348,-0.4786311094018037,2.31020110259832,-0.503927922657571,-0.3541420965080334,0.005825248121608036,-0.19226113831692276,-0.5928462193766693,0.03553803669580512
2,4,George Hamilton,Edyta Sliwinska,0.0,0.0,0.0,0.0,0.0,0.0,0.0,0.0,0.0,0.0,0.0,0.6507982823298348,-0.4786311094018037,2.31020110259832,-0.8375985676576638,-0.8828816473797461,0.2168399455056898,-0.42856463031279546,-0.6761652138538549,0.3490624937676864
2,5,George Hamilton,Edyta Sliwinska,0.0,0.0,0.0,0.0,0.0,0.0,0.0,0.0,0.0,0.0,0.0,0.6507982823298348,-0.4786311094018037,2.31020110259832,-1.1712692126577566,-0.47499685099299566,0.6733208842903573,0.5166493376706954,-0.5095272248994838,-0.2779864203760762
2,6,George Hamilton,Edyta Sliwinska,0.0,0.0,0.0,0.0,0.0,0.0,0.0,0.0,0.0,0.0,0.0,0.6507982823298348,-0.4786311094018037,2.31020110259832,-1.5049398576578494,-0.7469200485841623,0.918702947179,-0.42856463031279546,-0.34288923594511256,-0.2779864203760762
2,1,Giselle Fernandez,Jonathan Roberts,0.0,0.0,0.0,0.0,0.0,0.0,0.0,0.0,0.0,0.0,0.0,1.3399353812765793,-0.6873872157018412,0.6001779173271679,0.16341336734261466,0.816638337565046,-0.04556638530680742,-0.19226113831692276,-0.42620823042229816,-0.9050353345198388
2,2,Giselle Fernandez,Jonathan Roberts,0.0,0.0,0.0,0.0,0.0,0.0,0.0,0.0,0.0,0.0,0.0,1.3399353812765793,-0.6873872157018412,0.6001779173271679,-0.17025727765747814,-0.24995696333134093,-0.009592241906915431,0.04404235367894996,-0.34288923594511256,-0.5915108774479575
2,3,Giselle Fernandez,Jonathan Roberts,0.0,0.0,0.0,0.0,0.0,0.0,0.0,0.0,0.0,0.0,0.0,1.3399353812765793,-0.6873872157018412,0.6001779173271679,-0.503927922657571,-0.3541420965080334,0.005825248121608036,-0.6648681223086682,-0.42620823042229816,0.03553803669580512
2,1,Jerry Rice,Anna Trebunskaya,0.0,0.0,0.0,0.0,0.0,0.0,0.0,0.0,0.0,0.0,0.0,1.0259951473119513,-0.4786311094018037,0.5224495907239337,0.16341336734261466,0.136830343587129,-0.22543710230626296,-0.19226113831692276,-0.7594842083310405,0.03553803669580512
2,2,Jerry Rice,Anna Trebunskaya,0.0,0.0,0.0,0.0,0.0,0.0,0.0,0.0,0.0,0.0,0.0,1.0259951473119513,-0.4786311094018037,0.5224495907239337,-0.17025727765747814,-0.5312568229084096,-0.09727921644415027,0.2803458456748227,-0.5928462193766693,-0.2779864203760762
2,3,Jerry Rice,Anna Trebunskaya,0.0,0.0,0.0,0.0,0.0,0.0,0.0,0.0,0.0,0.0,0.0,1.0259951473119513,-0.4786311094018037,0.5224495907239337,-0.503927922657571,-1.260552755145255,-0.28325268991323116,-1.1374751063004138,-0.7594842083310405,0.6625869508395678
2,4,Jerry Rice,Anna Trebunskaya,0.0,0.0,0.0,0.0,0.0,0.0,0.0,0.0,0.0,0.0,0.0,1.0259951473119513,-0.4786311094018037,0.5224495907239337,-0.8375985676576638,-0.00884279797956782,0.5498284564065841,0.9892563216624407,-0.6761652138538549,0.03553803669580512
2,5,Jerry Rice,Anna Trebunskaya,0.0,0.0,0.0,0.0,0.0,0.0,0.0,0.0,0.0,0.0,0.0,1.0259951473119513,-0.4786311094018037,0.5224495907239337,-1.1712692126577566,-0.7469200485841623,0.5571791961615705,-0.42856463031279546,-0.34288923594511256,0.03553803669580512
2,6,Jerry Rice,Anna Trebunskaya,0.0,0.0,0.0,0.0,0.0,0.0,0.0,0.0,0.0,0.0,0.0,1.0259951473119513,-0.4786311094018037,0.5224495907239337,-1.5049398576578494,-0.7469200485841623,0.918702947179,-0.19226113831692276,-0.42620823042229816,-0.2779864203760762
2,7,Jerry Rice,Anna Trebunskaya,0.0,0.0,0.0,0.0,0.0,0.0,0.0,0.0,0.0,0.0,0.0,1.0259951473119513,-0.4786311094018037,0.5224495907239337,-1.8386105026579422,-0.9199620834149049,1.4105928751079095,-0.7830198683066045,-0.6345057166152621,-0.2779864203760762
2,8,Jerry Rice,Anna Trebunskaya,0.0,0.0,0.0,0.0,0.0,0.0,0.0,0.0,0.0,0.0,0.0,1.0259951473119513,-0.4786311094018037,0.5224495907239337,-2.172281147658035,0.5002089757518312,3.431356314588803,1.2649279754248264,-0.32900829146521327,-0.5915108774479575
2,1,Kenny Mayne,Andrea Hale,0.0,0.0,0.0,0.0,0.0,0.0,0.0,0.0,0.0,0.0,1.0,2.0979861901179997,-1.4528262721353111,0.7556345705336363,0.16341336734261466,-2.582401632324538,-0.94491997030409,-0.19226113831692276,-2.0925881199660097,1.2896358649833304
2,1,Lisa Rinna,Louis van Amstel,0.0,0.0,0.0,1.0,0.0,0.0,0.0,0.0,0.0,0.0,0.0,0.3292009694880202,-0.9657286907685575,0.4447212641206995,0.16341336734261466,-0.5429776503907879,-0.40530781930572024,-0.19226113831692276,-1.0927601862397827,0.6625869508395678
2,2,Lisa Rinna,Louis van Amstel,0.0,0.0,0.0,1.0,0.0,0.0,0.0,0.0,0.0,0.0,0.0,0.3292009694880202,-0.9657286907685575,0.4447212641206995,-0.17025727765747814,-1.3751564016396163,-0.3603401400558553,0.04404235367894996,-1.0094411917625972,0.6625869508395678
2,3,Lisa Rinna,Louis van Amstel,0.0,0.0,0.0,1.0,0.0,0.0,0.0,0.0,0.0,0.0,0.0,0.3292009694880202,-0.9657286907685575,0.4447212641206995,-0.503927922657571,0.5522685621291902,0.2949031861564489,0.9892563216624407,-0.5095272248994838,-0.2779864203760762
2,4,Lisa Rinna,Louis van Amstel,0.0,0.0,0.0,1.0,0.0,0.0,0.0,0.0,0.0,0.0,0.0,0.3292009694880202,-0.9657286907685575,0.4447212641206995,-0.8375985676576638,0.5738497682872186,0.7718207970071778,0.04404235367894996,-0.009613258036370276,-0.9050353345198388
2,5,Lisa Rinna,Louis van Amstel,0.0,0.0,0.0,1.0,0.0,0.0,0.0,0.0,0.0,0.0,0.0,0.3292009694880202,-0.9657286907685575,0.4447212641206995,-1.1712692126577566,-0.20307365340182904,0.7894625724191455,-0.42856463031279546,-0.009613258036370276,-0.5915108774479575
2,6,Lisa Rinna,Louis van Amstel,0.0,0.0,0.0,1.0,0.0,0.0,0.0,0.0,0.0,0.0,0.0,0.3292009694880202,-0.9657286907685575,0.4447212641206995,-1.5049398576578494,0.3407727417805042,1.4461433955232703,0.2803458456748227,0.0737057364408153,-0.5915108774479575
2,7,Lisa Rinna,Louis van Amstel,0.0,0.0,0.0,1.0,0.0,0.0,0.0,0.0,0.0,0.0,0.0,0.3292009694880202,-0.9657286907685575,0.4447212641206995,-1.8386105026579422,0.8598988462727312,2.4422043402518514,-0.3104128843148591,0.19868422815659367,-0.5915108774479575
2,1,Master P,Ashly DelGrosso,0.0,0.0,0.0,0.0,0.0,0.0,0.0,0.0,0.0,0.0,0.0,0.4765997378738518,-0.11330792337673828,-0.09937702210193972,0.16341336734261466,-2.922305629313496,-1.0348553288038176,-0.19226113831692276,-2.2592261089203807,1.6031603220552115
2,2,Master P,Ashly DelGrosso,0.0,0.0,0.0,0.0,0.0,0.0,0.0,0.0,0.0,0.0,0.0,0.4765997378738518,-0.11330792337673828,-0.09937702210193972,-0.17025727765747814,-2.5003558399478925,-0.7110880382047954,0.7529528296665682,-1.9259501310116385,1.2896358649833304
2,3,Master P,Ashly DelGrosso,0.0,0.0,0.0,0.0,0.0,0.0,0.0,0.0,0.0,0.0,0.0,0.4765997378738518,-0.11330792337673828,-0.09937702210193972,-0.503927922657571,-2.7712371862072924,-0.7650492533046328,-0.6648681223086682,-1.7593121420572673,0.976111407911449
2,4,Master P,Ashly DelGrosso,0.0,0.0,0.0,0.0,0.0,0.0,0.0,0.0,0.0,0.0,0.0,0.4765997378738518,-0.11330792337673828,-0.09937702210193972,-0.8375985676576638,-4.670383328113854,-1.2261102683981768,-1.610082090292159,-2.425864097874752,0.6625869508395678
2,1,Stacy Keibler,Tony Dovolani,0.0,0.0,0.0,0.0,0.0,0.0,0.0,0.0,0.0,0.0,0.0,0.722264351850238,-0.6873872157018412,-0.7989319615310473,0.16341336734261466,0.47673434057608705,-0.13550174380653532,-0.19226113831692276,-0.5928462193766693,-0.2779864203760762
2,2,Stacy Keibler,Tony Dovolani,0.0,0.0,0.0,0.0,0.0,0.0,0.0,0.0,0.0,0.0,0.0,0.722264351850238,-0.6873872157018412,-0.7989319615310473,-0.17025727765747814,1.156542334554004,0.4288426307792595,1.461863305654186,-0.009613258036370276,-1.2185597915917201
2,3,Stacy Keibler,Tony Dovolani,0.0,0.0,0.0,0.0,0.0,0.0,0.0,0.0,0.0,0.0,0.0,0.722264351850238,-0.6873872157018412,-0.7989319615310473,-0.503927922657571,1.156542334554004,0.48762181151300965,-0.6648681223086682,0.4069817143495576,-1.2185597915917201
2,4,Stacy Keibler,Tony Dovolani,0.0,0.0,0.0,0.0,0.0,0.0,0.0,0.0,0.0,0.0,0.0,0.722264351850238,-0.6873872157018412,-0.7989319615310473,-0.8375985676576638,0.5738497682872186,0.7718207970071778,-0.42856463031279546,0.15702473091800087,-0.9050353345198388
2,5,Stacy Keibler,Tony Dovolani,0.0,0.0,0.0,0.0,0.0,0.0,0.0,0.0,0.0,0.0,0.0,0.722264351850238,-0.6873872157018412,-0.7989319615310473,-1.1712692126577566,1.156542334554004,1.3701710130630869,0.7529528296665682,0.4069817143495576,-1.2185597915917201
2,6,Stacy Keibler,Tony Dovolani,0.0,0.0,0.0,0.0,0.0,0.0,0.0,0.0,0.0,0.0,0.0,0.722264351850238,-0.6873872157018412,-0.7989319615310473,-1.5049398576578494,1.156542334554004,1.8417237317814732,-0.19226113831692276,0.7402576922583,-1.2185597915917201
2,7,Stacy Keibler,Tony Dovolani,0.0,0.0,0.0,0.0,0.0,0.0,0.0,0.0,0.0,0.0,0.0,0.722264351850238,-0.6873872157018412,-0.7989319615310473,-1.8386105026579422,1.156542334554004,2.614139584442509,-0.7830198683066045,0.531960206065336,-1.2185597915917201
2,8,Stacy Keibler,Tony Dovolani,0.0,0.0,0.0,0.0,0.0,0.0,0.0,0.0,0.0,0.0,0.0,0.722264351850238,-0.6873872157018412,-0.7989319615310473,-2.172281147658035,1.062784444750831,3.84724425482806,0.08338688509626258,0.42085432693000896,-0.9050353345198388
2,1,Tatum O'Neal,Nick Kosovich,0.0,0.0,0.0,1.0,0.0,0.0,0.0,0.0,0.0,0.0,0.0,1.21359357980301,-1.4528262721353111,0.4447212641206995,0.16341336734261466,0.816638337565046,-0.04556638530680742,-0.19226113831692276,-0.42620823042229816,-0.9050353345198388
2,2,Tatum O'Neal,Nick Kosovich,0.0,0.0,0.0,1.0,0.0,0.0,0.0,0.0,0.0,0.0,0.0,1.21359357980301,-1.4528262721353111,0.4447212641206995,-0.17025727765747814,-2.219055980370824,-0.6234010636675603,-1.610082090292159,-0.9261221972854116,0.976111407911449
2,1,Tia Carrere,Maksim Chmerkoskiy,0.0,0.0,0.0,0.0,0.0,0.0,0.0,0.0,0.0,0.0,0.0,-0.26039410405530633,0.12307766758065668,0.211536284310997,0.16341336734261466,-0.20307365340182904,-0.3153724608059923,-0.19226113831692276,-0.9261221972854116,0.3490624937676864
2,2,Tia Carrere,Maksim Chmerkoskiy,0.0,0.0,0.0,0.0,0.0,0.0,0.0,0.0,0.0,0.0,0.0,-0.26039410405530633,0.12307766758065668,0.211536284310997,-0.17025727765747814,-0.8125566824854791,-0.18496619098138536,0.2803458456748227,-0.7594842083310405,0.03553803669580512
2,3,Tia Carrere,Maksim Chmerkoskiy,0.0,0.0,0.0,0.0,0.0,0.0,0.0,0.0,0.0,0.0,0.0,-0.26039410405530633,0.12307766758065668,0.211536284310997,-0.503927922657571,0.8544054483415953,0.3912624988347293,0.7529528296665682,-0.259570241467927,-0.5915108774479575
2,4,Tia Carrere,Maksim Chmerkoskiy,0.0,0.0,0.0,0.0,0.0,0.0,0.0,0.0,0.0,0.0,0.0,-0.26039410405530633,0.12307766758065668,0.211536284310997,-0.8375985676576638,0.28250348515382584,0.6608246267068811,-0.42856463031279546,-0.009613258036370276,-0.2779864203760762
2,5,Tia Carrere,Maksim Chmerkoskiy,0.0,0.0,0.0,0.0,0.0,0.0,0.0,0.0,0.0,0.0,0.0,-0.26039410405530633,0.12307766758065668,0.211536284310997,-1.1712692126577566,-1.0188432461753298,0.44103750803278235,-0.9011716143045408,-0.34288923594511256,0.3490624937676864
3,1,Emmitt Smith,Cheryl Burke,0.0,0.0,0.0,0.0,0.0,0.0,0.0,0.0,0.0,0.0,0.0,-0.3783131187639717,0.2617572142756622,0.05607963110452864,0.4970840123427075,0.5290272631897746,-0.1287141695801407,-0.19226113831692276,-0.259570241467927,-0.9050353345198388
3,2,Emmitt Smith,Cheryl Burke,0.0,0.0,0.0,0.0,0.0,0.0,0.0,0.0,0.0,0.0,0.0,-0.3783131187639717,0.2617572142756622,0.05607963110452864,0.16341336734261466,-0.24995696333134093,-0.2840905969799992,-0.19226113831692276,-0.259570241467927,-0.5915108774479575
3,3,Emmitt Smith,Cheryl Burke,0.0,0.0,0.0,0.0,0.0,0.0,0.0,0.0,0.0,0.0,0.0,-0.3783131187639717,0.2617572142756622,0.05607963110452864,-0.17025727765747814,-1.260552755145255,-0.5043670547546967,-1.3737785982962865,-0.6761652138538549,1.2896358649833304
3,4,Emmitt Smith,Cheryl Burke,0.0,0.0,0.0,0.0,0.0,0.0,0.0,0.0,0.0,0.0,0.0,-0.3783131187639717,0.2617572142756622,0.05607963110452864,-0.503927922657571,-0.24995696333134093,0.011665206465747494,0.9892563216624407,-0.6761652138538549,-0.2779864203760762
3,5,Emmitt Smith,Cheryl Burke,0.0,0.0,0.0,0.0,0.0,0.0,0.0,0.0,0.0,0.0,0.0,-0.3783131187639717,0.2617572142756622,0.05607963110452864,-0.8375985676576638,1.156542334554004,0.5019958526307643,0.5166493376706954,-0.009613258036370276,-1.2185597915917201
3,6,Emmitt Smith,Cheryl Burke,0.0,0.0,0.0,0.0,0.0,0.0,0.0,0.0,0.0,0.0,0.0,-0.3783131187639717,0.2617572142756622,0.05607963110452864,-1.5049398576578494,0.28250348515382584,1.6014701377263514,-0.6648681223086682,0.0737057364408153,-0.9050353345198388
3,7,Emmitt Smith,Cheryl Burke,0.0,0.0,0.0,0.0,0.0,0.0,0.0,0.0,0.0,0.0,0.0,-0.3783131187639717,0.2617572142756622,0.05607963110452864,-1.5049398576578494,1.156542334554004,1.5882592941049225,0.6348010836686317,0.19868422815659367,-1.2185597915917201
3,8,Emmitt Smith,Cheryl Burke,0.0,0.0,0.0,0.0,0.0,0.0,0.0,0.0,0.0,0.0,0.0,-0.3783131187639717,0.2617572142756622,0.05607963110452864,-1.8386105026579422,0.727189917304794,2.230045713245949,-0.5467163763107318,0.3653222171109648,-0.9050353345198388
3,9,Emmitt Smith,Cheryl Burke,0.0,0.0,0.0,0.0,0.0,0.0,0.0,0.0,0.0,0.0,0.0,-0.3783131187639717,0.2617572142756622,0.05607963110452864,-2.172281147658035,1.156542334554004,3.731718671681778,0.39849759167275906,0.4486412115881504,-1.2185597915917201
3,10,Emmitt Smith,Cheryl Burke,0.0,0.0,0.0,0.0,0.0,0.0,0.0,0.0,0.0,0.0,0.0,-0.3783131187639717,0.2617572142756622,0.05607963110452864,-2.172281147658035,1.156542334554004,6.654617822922946,-0.15289297655040976,0.6708196422610136,-1.2185597915917201
3,1,Harry Hamlin,Ashly DelGrosso,0.0,0.0,0.0,1.0,0.0,0.0,0.0,0.0,0.0,0.0,1.0,0.4765997378738518,-0.11330792337673828,1.3774611833595096,0.4970840123427075,-1.6672754865850343,-0.7077790957694284,-0.19226113831692276,-1.426036164148525,0.976111407911449
3,2,Harry Hamlin,Ashly DelGrosso,0.0,0.0,0.0,1.0,0.0,0.0,0.0,0.0,0.0,0.0,1.0,0.4765997378738518,-0.11330792337673828,1.3774611833595096,0.16341336734261466,-1.0938565420625477,-0.5128392262075694,0.7529528296665682,-1.0927601862397827,0.6625869508395678
3,3,Harry Hamlin,Ashly DelGrosso,0.0,0.0,0.0,1.0,0.0,0.0,0.0,0.0,0.0,0.0,1.0,0.4765997378738518,-0.11330792337673828,1.3774611833595096,-0.17025727765747814,-0.3541420965080334,-0.25020191116850826,0.04404235367894996,-0.6761652138538549,-0.2779864203760762
3,1,Jerry Springer,Kym Johnson,0.0,0.0,0.0,0.0,0.0,0.0,0.0,0.0,0.0,0.0,0.0,-0.0919383687572131,0.07805184073162919,1.999287796185383,0.4970840123427075,-1.9810330222671495,-0.7905026566536129,-0.19226113831692276,-1.5926741531028963,1.2896358649833304
3,2,Jerry Springer,Kym Johnson,0.0,0.0,0.0,0.0,0.0,0.0,0.0,0.0,0.0,0.0,0.0,-0.0919383687572131,0.07805184073162919,1.999287796185383,0.16341336734261466,-1.6564562612166858,-0.6653383123592819,0.5166493376706954,-1.3427171696713396,1.6031603220552115
3,3,Jerry Springer,Kym Johnson,0.0,0.0,0.0,0.0,0.0,0.0,0.0,0.0,0.0,0.0,0.0,-0.0919383687572131,0.07805184073162919,1.999287796185383,-0.17025727765747814,-0.6562789827204404,-0.33492362569723716,0.2803458456748227,-0.9261221972854116,0.976111407911449
3,4,Jerry Springer,Kym Johnson,0.0,0.0,0.0,0.0,0.0,0.0,0.0,0.0,0.0,0.0,0.0,-0.0919383687572131,0.07805184073162919,1.999287796185383,-0.503927922657571,-0.8125566824854791,-0.1654801966397777,0.04404235367894996,-0.6761652138538549,0.6625869508395678
3,5,Jerry Springer,Kym Johnson,0.0,0.0,0.0,0.0,0.0,0.0,0.0,0.0,0.0,0.0,0.0,-0.0919383687572131,0.07805184073162919,1.999287796185383,-0.8375985676576638,0.25013167591678137,0.21132079891617336,0.2803458456748227,-0.42620823042229816,0.3490624937676864
3,6,Jerry Springer,Kym Johnson,0.0,0.0,0.0,0.0,0.0,0.0,0.0,0.0,0.0,0.0,0.0,-0.0919383687572131,0.07805184073162919,1.999287796185383,-1.5049398576578494,-1.7569204967799241,0.5611162025388168,-1.610082090292159,-0.7594842083310405,0.03553803669580512
3,7,Jerry Springer,Kym Johnson,0.0,0.0,0.0,0.0,0.0,0.0,0.0,0.0,0.0,0.0,0.0,-0.0919383687572131,0.07805184073162919,1.999287796185383,-1.5049398576578494,-0.417749862026435,0.8737728349126362,0.9892563216624407,-0.8428032028082261,0.03553803669580512
3,1,Joey Lawrence,Edyta Sliwinska,0.0,0.0,0.0,0.0,0.0,0.0,0.0,0.0,0.0,0.0,0.0,0.6507982823298348,-0.4786311094018037,-0.4880186551181106,0.4970840123427075,-0.4122453438565728,-0.3768848522326923,-0.19226113831692276,-0.7594842083310405,0.03553803669580512
3,2,Joey Lawrence,Edyta Sliwinska,0.0,0.0,0.0,0.0,0.0,0.0,0.0,0.0,0.0,0.0,0.0,0.6507982823298348,-0.4786311094018037,-0.4880186551181106,0.16341336734261466,1.156542334554004,0.09715711839928319,1.698166797650059,-0.09293225251355586,-1.2185597915917201
3,3,Joey Lawrence,Edyta Sliwinska,0.0,0.0,0.0,0.0,0.0,0.0,0.0,0.0,0.0,0.0,0.0,0.6507982823298348,-0.4786311094018037,-0.4880186551181106,-0.17025727765747814,-0.3541420965080334,-0.25020191116850826,-1.846385582288032,-0.009613258036370276,-0.2779864203760762
3,4,Joey Lawrence,Edyta Sliwinska,0.0,0.0,0.0,0.0,0.0,0.0,0.0,0.0,0.0,0.0,0.0,0.6507982823298348,-0.4786311094018037,-0.4880186551181106,-0.503927922657571,0.5939426153998668,0.2773833111240344,0.9892563216624407,-0.17625124699074143,-0.5915108774479575
3,5,Joey Lawrence,Edyta Sliwinska,0.0,0.0,0.0,0.0,0.0,0.0,0.0,0.0,0.0,0.0,0.0,0.6507982823298348,-0.4786311094018037,-0.4880186551181106,-0.8375985676576638,0.5522685621291902,0.308212483487703,-0.6648681223086682,0.0737057364408153,0.03553803669580512
3,6,Joey Lawrence,Edyta Sliwinska,0.0,0.0,0.0,0.0,0.0,0.0,0.0,0.0,0.0,0.0,0.0,0.6507982823298348,-0.4786311094018037,-0.4880186551181106,-1.5049398576578494,-0.00884279797956782,1.4528481469852756,-0.42856463031279546,-0.17625124699074143,-0.5915108774479575
3,7,Joey Lawrence,Edyta Sliwinska,0.0,0.0,0.0,0.0,0.0,0.0,0.0,0.0,0.0,0.0,0.0,0.6507982823298348,-0.4786311094018037,-0.4880186551181106,-1.5049398576578494,1.156542334554004,1.5882592941049225,0.8711045756645045,0.11536523367940808,-1.2185597915917201
3,8,Joey Lawrence,Edyta Sliwinska,0.0,0.0,0.0,0.0,0.0,0.0,0.0,0.0,0.0,0.0,0.0,0.6507982823298348,-0.4786311094018037,-0.4880186551181106,-1.8386105026579422,0.727189917304794,2.230045713245949,-0.5467163763107318,0.3653222171109648,-0.9050353345198388
3,9,Joey Lawrence,Edyta Sliwinska,0.0,0.0,0.0,0.0,0.0,0.0,0.0,0.0,0.0,0.0,0.0,0.6507982823298348,-0.4786311094018037,-0.4880186551181106,-2.172281147658035,1.156542334554004,3.731718671681778,0.39849759167275906,0.4486412115881504,-1.2185597915917201
3,10,Joey Lawrence,Edyta Sliwinska,0.0,0.0,0.0,0.0,0.0,0.0,0.0,0.0,0.0,0.0,0.0,0.6507982823298348,-0.4786311094018037,-0.4880186551181106,-2.172281147658035,-7.001153593180996,-2.1140796308005556,-7.1632141521951676,-1.8009716392958601,-0.5915108774479575
3,1,Mario Lopez,Karina Smirnoff,0.0,0.0,0.0,1.0,0.0,0.0,0.0,0.0,0.0,0.0,0.0,0.16542456017042953,-0.2621432954610242,-0.33256200191164226,0.4970840123427075,1.156542334554004,0.03673295218822646,-0.19226113831692276,0.0737057364408153,-1.2185597915917201
3,2,Mario Lopez,Karina Smirnoff,0.0,0.0,0.0,1.0,0.0,0.0,0.0,0.0,0.0,0.0,0.0,0.16542456017042953,-0.2621432954610242,-0.33256200191164226,0.16341336734261466,-1.0938565420625477,-0.5128392262075694,-1.3737785982962865,-0.34288923594511256,0.6625869508395678
3,3,Mario Lopez,Karina Smirnoff,0.0,0.0,0.0,1.0,0.0,0.0,0.0,0.0,0.0,0.0,0.0,0.16542456017042953,-0.2621432954610242,-0.33256200191164226,-0.17025727765747814,-0.3541420965080334,-0.25020191116850826,0.04404235367894996,-0.6761652138538549,-0.2779864203760762
3,4,Mario Lopez,Karina Smirnoff,0.0,0.0,0.0,1.0,0.0,0.0,0.0,0.0,0.0,0.0,0.0,0.16542456017042953,-0.2621432954610242,-0.33256200191164226,-0.503927922657571,1.156542334554004,0.45452871422955987,1.461863305654186,-0.009613258036370276,-1.2185597915917201
3,5,Mario Lopez,Karina Smirnoff,0.0,0.0,0.0,1.0,0.0,0.0,0.0,0.0,0.0,0.0,0.0,0.16542456017042953,-0.2621432954610242,-0.33256200191164226,-0.8375985676576638,1.156542334554004,0.5019958526307643,-0.6648681223086682,0.4069817143495576,-1.2185597915917201
3,6,Mario Lopez,Karina Smirnoff,0.0,0.0,0.0,1.0,0.0,0.0,0.0,0.0,0.0,0.0,0.0,0.16542456017042953,-0.2621432954610242,-0.33256200191164226,-1.5049398576578494,1.156542334554004,2.0473361099495797,0.04404235367894996,0.32366271987237205,-1.2185597915917201
3,7,Mario Lopez,Karina Smirnoff,0.0,0.0,0.0,1.0,0.0,0.0,0.0,0.0,0.0,0.0,0.0,0.16542456017042953,-0.2621432954610242,-0.33256200191164226,-1.5049398576578494,1.013424862137601,1.5233059796328965,-0.19226113831692276,0.4069817143495576,-0.5915108774479575
3,8,Mario Lopez,Karina Smirnoff,0.0,0.0,0.0,1.0,0.0,0.0,0.0,0.0,0.0,0.0,0.0,0.16542456017042953,-0.2621432954610242,-0.33256200191164226,-1.8386105026579422,1.156542334554004,2.471386010137421,-0.0741093923189864,0.4486412115881504,-1.2185597915917201
3,9,Mario Lopez,Karina Smirnoff,0.0,0.0,0.0,1.0,0.0,0.0,0.0,0.0,0.0,0.0,0.0,0.16542456017042953,-0.2621432954610242,-0.33256200191164226,-2.172281147658035,1.156542334554004,3.731718671681778,0.04404235367894996,0.5736197033039288,-1.2185597915917201
3,10,Mario Lopez,Karina Smirnoff,0.0,0.0,0.0,1.0,0.0,0.0,0.0,0.0,0.0,0.0,0.0,0.16542456017042953,-0.2621432954610242,-0.33256200191164226,-2.172281147658035,1.156542334554004,6.654617822922946,-0.15289297655040976,0.6708196422610136,-1.2185597915917201
3,1,Monique Coleman,Louis van Amstel,0.0,0.0,0.0,0.0,0.0,0.0,0.0,0.0,0.0,0.0,0.0,0.3292009694880202,-0.9657286907685575,-0.8766602881342814,0.4970840123427075,-1.039760415220804,-0.5423319740010613,-0.19226113831692276,-1.0927601862397827,0.3490624937676864
3,2,Monique Coleman,Louis van Amstel,0.0,0.0,0.0,0.0,0.0,0.0,0.0,0.0,0.0,0.0,0.0,0.3292009694880202,-0.9657286907685575,-0.8766602881342814,0.16341336734261466,0.3126427558227972,-0.13159151082828702,1.461863305654186,-0.5095272248994838,-0.9050353345198388
3,3,Monique Coleman,Louis van Amstel,0.0,0.0,0.0,0.0,0.0,0.0,0.0,0.0,0.0,0.0,0.0,0.3292009694880202,-0.9657286907685575,-0.8766602881342814,-0.17025727765747814,1.156542334554004,0.17340666147513928,0.04404235367894996,0.15702473091800087,-1.2185597915917201
3,4,Monique Coleman,Louis van Amstel,0.0,0.0,0.0,0.0,0.0,0.0,0.0,0.0,0.0,0.0,0.0,0.3292009694880202,-0.9657286907685575,-0.8766602881342814,-0.503927922657571,-0.24995696333134093,0.011665206465747494,-0.9011716143045408,-0.009613258036370276,-0.2779864203760762
3,5,Monique Coleman,Louis van Amstel,0.0,0.0,0.0,0.0,0.0,0.0,0.0,0.0,0.0,0.0,0.0,0.3292009694880202,-0.9657286907685575,-0.8766602881342814,-0.8375985676576638,1.156542334554004,0.5019958526307643,0.5166493376706954,-0.009613258036370276,-1.2185597915917201
3,6,Monique Coleman,Louis van Amstel,0.0,0.0,0.0,0.0,0.0,0.0,0.0,0.0,0.0,0.0,0.0,0.3292009694880202,-0.9657286907685575,-0.8766602881342814,-1.5049398576578494,-0.30018908111296055,1.3042261562441981,-1.1374751063004138,-0.09293225251355586,-0.2779864203760762
3,7,Monique Coleman,Louis van Amstel,0.0,0.0,0.0,0.0,0.0,0.0,0.0,0.0,0.0,0.0,0.0,0.3292009694880202,-0.9657286907685575,-0.8766602881342814,-1.5049398576578494,0.727189917304794,1.393399350688845,0.7529528296665682,-0.09293225251355586,-0.2779864203760762
3,8,Monique Coleman,Louis van Amstel,0.0,0.0,0.0,0.0,0.0,0.0,0.0,0.0,0.0,0.0,0.0,0.3292009694880202,-0.9657286907685575,-0.8766602881342814,-1.8386105026579422,0.58407244488839,2.1495989476154573,-0.3104128843148591,0.19868422815659367,-0.2779864203760762
3,1,Sara Evans,Tony Dovolani,0.0,0.0,0.0,0.0,0.0,0.0,0.0,0.0,0.0,0.0,0.0,0.722264351850238,-0.6873872157018412,-0.09937702210193972,0.4970840123427075,-2.294790557949266,-0.8732262175377973,-0.19226113831692276,-1.7593121420572673,1.6031603220552115
3,2,Sara Evans,Tony Dovolani,0.0,0.0,0.0,0.0,0.0,0.0,0.0,0.0,0.0,0.0,0.0,0.722264351850238,-0.6873872157018412,-0.09937702210193972,0.16341336734261466,-1.0938565420625477,-0.5128392262075694,1.2255598136583135,-1.2593981751941539,0.6625869508395678
3,3,Sara Evans,Tony Dovolani,0.0,0.0,0.0,0.0,0.0,0.0,0.0,0.0,0.0,0.0,0.0,0.722264351850238,-0.6873872157018412,-0.09937702210193972,-0.17025727765747814,0.5522685621291902,0.003963232417679816,0.7529528296665682,-0.42620823042229816,-0.5915108774479575
3,4,Sara Evans,Tony Dovolani,0.0,0.0,0.0,0.0,0.0,0.0,0.0,0.0,0.0,0.0,0.0,0.722264351850238,-0.6873872157018412,-0.09937702210193972,-0.503927922657571,-1.3751564016396163,-0.34262559974530316,-1.3737785982962865,-0.5095272248994838,0.976111407911449
3,5,Sara Evans,Tony Dovolani,0.0,0.0,0.0,0.0,0.0,0.0,0.0,0.0,0.0,0.0,0.0,0.722264351850238,-0.6873872157018412,-0.09937702210193972,-0.8375985676576638,0.25013167591678137,0.21132079891617336,0.7529528296665682,-0.5928462193766693,0.3490624937676864
3,1,Shanna Moakler,Jesse DeSoto,0.0,1.0,0.0,0.0,0.0,0.0,0.0,0.0,0.0,0.0,0.0,2.0979861901179997,-1.4528262721353111,-0.4102903285148764,0.4970840123427075,-1.3535179509029192,-0.6250555348852457,-0.19226113831692276,-1.2593981751941539,0.6625869508395678
3,2,Shanna Moakler,Jesse DeSoto,0.0,1.0,0.0,0.0,0.0,0.0,0.0,0.0,0.0,0.0,0.0,2.0979861901179997,-1.4528262721353111,-0.4102903285148764,0.16341336734261466,-0.8125566824854791,-0.4365896831317133,0.7529528296665682,-0.9261221972854116,0.3490624937676864
3,1,Tucker Carlson,Elena Grinenko,0.0,0.0,0.0,1.0,0.0,0.0,0.0,0.0,0.0,0.0,0.0,1.8031886533463364,-1.4528262721353111,0.05607963110452864,0.4970840123427075,-3.2360631649956115,-1.1213969001903488,-0.19226113831692276,-2.2592261089203807,1.916684779127093
3,1,Vivica A. Fox,Nick Kosovich,0.0,0.0,0.0,0.0,1.0,0.0,0.0,0.0,0.0,0.0,0.0,1.21359357980301,-1.4528262721353111,0.4447212641206995,0.4970840123427075,-0.09848780817445761,-0.2941612913485096,-0.19226113831692276,-0.5928462193766693,-0.5915108774479575
3,2,Vivica A. Fox,Nick Kosovich,0.0,0.0,0.0,0.0,1.0,0.0,0.0,0.0,0.0,0.0,0.0,1.21359357980301,-1.4528262721353111,0.4447212641206995,0.16341336734261466,-0.24995696333134093,-0.2840905969799992,0.2803458456748227,-0.42620823042229816,-0.5915108774479575
3,3,Vivica A. Fox,Nick Kosovich,0.0,0.0,0.0,0.0,1.0,0.0,0.0,0.0,0.0,0.0,0.0,1.21359357980301,-1.4528262721353111,0.4447212641206995,-0.17025727765747814,1.156542334554004,0.17340666147513928,0.5166493376706954,-0.009613258036370276,-1.2185597915917201
3,4,Vivica A. Fox,Nick Kosovich,0.0,0.0,0.0,0.0,1.0,0.0,0.0,0.0,0.0,0.0,0.0,1.21359357980301,-1.4528262721353111,0.4447212641206995,-0.503927922657571,-0.24995696333134093,0.011665206465747494,-0.9011716143045408,-0.009613258036370276,-0.2779864203760762
3,1,Willa Ford,Maksim Chmerkoskiy,0.0,0.0,0.0,0.0,0.0,0.0,0.0,0.0,0.0,0.0,0.0,-0.26039410405530633,0.12307766758065668,-0.8766602881342814,0.4970840123427075,-0.09848780817445761,-0.2941612913485096,-0.19226113831692276,-0.5928462193766693,-0.5915108774479575
3,2,Willa Ford,Maksim Chmerkoskiy,0.0,0.0,0.0,0.0,0.0,0.0,0.0,0.0,0.0,0.0,0.0,-0.26039410405530633,0.12307766758065668,-0.8766602881342814,0.16341336734261466,-0.5312568229084096,-0.3603401400558553,0.04404235367894996,-0.5095272248994838,0.03553803669580512
3,3,Willa Ford,Maksim Chmerkoskiy,0.0,0.0,0.0,0.0,0.0,0.0,0.0,0.0,0.0,0.0,0.0,-0.26039410405530633,0.12307766758065668,-0.8766602881342814,-0.17025727765747814,-0.3541420965080334,-0.25020191116850826,-0.42856463031279546,-0.5095272248994838,-0.2779864203760762
3,4,Willa Ford,Maksim Chmerkoskiy,0.0,0.0,0.0,0.0,0.0,0.0,0.0,0.0,0.0,0.0,0.0,-0.26039410405530633,0.12307766758065668,-0.8766602881342814,-0.503927922657571,0.8752424749769354,0.3659560126767981,1.2255598136583135,-0.09293225251355586,-0.9050353345198388
3,5,Willa Ford,Maksim Chmerkoskiy,0.0,0.0,0.0,0.0,0.0,0.0,0.0,0.0,0.0,0.0,0.0,-0.26039410405530633,0.12307766758065668,-0.8766602881342814,-0.8375985676576638,1.156542334554004,0.5019958526307643,-0.42856463031279546,0.32366271987237205,-1.2185597915917201
4,1,Apolo Anton Ohno,Julianne Hough,0.0,0.0,0.0,0.0,0.0,0.0,0.0,0.0,0.0,0.0,0.0,-1.321665236433294,0.6904030858784056,-0.9543886147375157,0.4970840123427075,0.136830343587129,-0.3262869460608132,-0.19226113831692276,-0.7594842083310405,-0.5915108774479575
4,2,Apolo Anton Ohno,Julianne Hough,0.0,0.0,0.0,0.0,0.0,0.0,0.0,0.0,0.0,0.0,0.0,-1.321665236433294,0.6904030858784056,-0.9543886147375157,0.4970840123427075,0.8544054483415953,-0.25296833450005796,0.9892563216624407,-0.34288923594511256,-0.9050353345198388
4,3,Apolo Anton Ohno,Julianne Hough,0.0,0.0,0.0,0.0,0.0,0.0,0.0,0.0,0.0,0.0,0.0,-1.321665236433294,0.6904030858784056,-0.9543886147375157,0.16341336734261466,0.816638337565046,-0.26380402129926656,-0.9011716143045408,-0.17625124699074143,0.03553803669580512
4,4,Apolo Anton Ohno,Julianne Hough,0.0,0.0,0.0,0.0,0.0,0.0,0.0,0.0,0.0,0.0,0.0,-1.321665236433294,0.6904030858784056,-0.9543886147375157,-0.17025727765747814,0.5738497682872186,0.28577440916587643,0.5166493376706954,-0.17625124699074143,-0.9050353345198388
4,5,Apolo Anton Ohno,Julianne Hough,0.0,0.0,0.0,0.0,0.0,0.0,0.0,0.0,0.0,0.0,0.0,-1.321665236433294,0.6904030858784056,-0.9543886147375157,-0.503927922657571,1.156542334554004,0.8752490466051822,0.7529528296665682,0.4069817143495576,-1.2185597915917201
4,6,Apolo Anton Ohno,Julianne Hough,0.0,0.0,0.0,0.0,0.0,0.0,0.0,0.0,0.0,0.0,0.0,-1.321665236433294,0.6904030858784056,-0.9543886147375157,-0.8375985676576638,1.156542334554004,0.7744324716024785,-0.6648681223086682,0.5736197033039288,-1.2185597915917201
4,7,Apolo Anton Ohno,Julianne Hough,0.0,0.0,0.0,0.0,0.0,0.0,0.0,0.0,0.0,0.0,0.0,-1.321665236433294,0.6904030858784056,-0.9543886147375157,-1.1712692126577566,0.46521217118663116,0.9507078287532885,-0.42856463031279546,0.32366271987237205,-0.5915108774479575
4,8,Apolo Anton Ohno,Julianne Hough,0.0,0.0,0.0,0.0,0.0,0.0,0.0,0.0,0.0,0.0,0.0,-1.321665236433294,0.6904030858784056,-0.9543886147375157,-1.5049398576578494,1.156542334554004,1.938386124705125,0.2803458456748227,0.4069817143495576,-1.2185597915917201
4,9,Apolo Anton Ohno,Julianne Hough,0.0,0.0,0.0,0.0,0.0,0.0,0.0,0.0,0.0,0.0,0.0,-1.321665236433294,0.6904030858784056,-0.9543886147375157,-1.8386105026579422,1.0205807357584193,2.251769734344479,-0.0741093923189864,0.6152792005425215,-0.5915108774479575
4,10,Apolo Anton Ohno,Julianne Hough,0.0,0.0,0.0,0.0,0.0,0.0,0.0,0.0,0.0,0.0,0.0,-1.321665236433294,0.6904030858784056,-0.9543886147375157,-2.172281147658035,1.156542334554004,3.8445747442884812,-0.231676560781834,0.6430410895023202,-1.2185597915917201
4,1,Billy Ray Cyrus,Karina Smirnoff,0.0,0.0,0.0,0.0,0.0,0.0,0.0,0.0,0.0,0.0,1.0,0.16542456017042953,-0.2621432954610242,0.6779062439304021,0.4970840123427075,-2.582401632324538,-1.0073508259616681,-0.19226113831692276,-2.0925881199660097,1.916684779127093
4,2,Billy Ray Cyrus,Karina Smirnoff,0.0,0.0,0.0,0.0,0.0,0.0,0.0,0.0,0.0,0.0,1.0,0.16542456017042953,-0.2621432954610242,0.6779062439304021,0.4970840123427075,-0.6562789827204404,-0.6108743530193842,1.698166797650059,-1.426036164148525,0.3490624937676864
4,3,Billy Ray Cyrus,Karina Smirnoff,0.0,0.0,0.0,0.0,0.0,0.0,0.0,0.0,0.0,0.0,1.0,0.16542456017042953,-0.2621432954610242,0.6779062439304021,0.16341336734261466,0.136830343587129,-0.42469755256024794,-0.19226113831692276,-0.7594842083310405,0.3490624937676864
4,4,Billy Ray Cyrus,Karina Smirnoff,0.0,0.0,0.0,0.0,0.0,0.0,0.0,0.0,0.0,0.0,1.0,0.16542456017042953,-0.2621432954610242,0.6779062439304021,-0.17025727765747814,-0.8828816473797461,-0.17573598313536215,-0.19226113831692276,-0.7594842083310405,0.03553803669580512
4,5,Billy Ray Cyrus,Karina Smirnoff,0.0,0.0,0.0,0.0,0.0,0.0,0.0,0.0,0.0,0.0,1.0,0.16542456017042953,-0.2621432954610242,0.6779062439304021,-0.503927922657571,-2.378459234131163,-0.4201267136039717,-1.1374751063004138,-1.0927601862397827,0.6625869508395678
4,6,Billy Ray Cyrus,Karina Smirnoff,0.0,0.0,0.0,0.0,0.0,0.0,0.0,0.0,0.0,0.0,1.0,0.16542456017042953,-0.2621432954610242,0.6779062439304021,-0.8375985676576638,-0.8828816473797461,0.052304446001719754,0.7529528296665682,-1.0927601862397827,0.3490624937676864
4,7,Billy Ray Cyrus,Karina Smirnoff,0.0,0.0,0.0,0.0,0.0,0.0,0.0,0.0,0.0,0.0,1.0,0.16542456017042953,-0.2621432954610242,0.6779062439304021,-1.1712692126577566,-1.7470443515889624,0.042622655552149356,-0.6648681223086682,-0.9261221972854116,0.3490624937676864
4,8,Billy Ray Cyrus,Karina Smirnoff,0.0,0.0,0.0,0.0,0.0,0.0,0.0,0.0,0.0,0.0,1.0,0.16542456017042953,-0.2621432954610242,0.6779062439304021,-1.5049398576578494,-1.6564562612166858,0.5409841400479931,-0.19226113831692276,-1.0927601862397827,0.03553803669580512
4,1,Clyde Drexler,Elena Grinenko,0.0,0.0,0.0,0.0,0.0,0.0,0.0,0.0,0.0,0.0,0.0,1.8031886533463364,-1.4528262721353111,0.6001779173271679,0.4970840123427075,-1.562689641357663,-0.7519518709988477,-0.19226113831692276,-1.5926741531028963,1.2896358649833304
4,2,Clyde Drexler,Elena Grinenko,0.0,0.0,0.0,0.0,0.0,0.0,0.0,0.0,0.0,0.0,0.0,1.8031886533463364,-1.4528262721353111,0.6001779173271679,0.4970840123427075,-1.562689641357663,-0.8256179641309805,0.2803458456748227,-1.426036164148525,1.916684779127093
4,3,Clyde Drexler,Elena Grinenko,0.0,0.0,0.0,0.0,0.0,0.0,0.0,0.0,0.0,0.0,0.0,1.8031886533463364,-1.4528262721353111,0.6001779173271679,0.16341336734261466,-1.562689641357663,-0.8269313807127029,-0.6648681223086682,-1.426036164148525,1.6031603220552115
4,4,Clyde Drexler,Elena Grinenko,0.0,0.0,0.0,0.0,0.0,0.0,0.0,0.0,0.0,0.0,0.0,1.8031886533463364,-1.4528262721353111,0.6001779173271679,-0.17025727765747814,-2.6309593461801035,-0.7295484538968454,-0.42856463031279546,-1.6759931475800818,1.2896358649833304
4,5,Clyde Drexler,Elena Grinenko,0.0,0.0,0.0,0.0,0.0,0.0,0.0,0.0,0.0,0.0,0.0,1.8031886533463364,-1.4528262721353111,0.6001779173271679,-0.503927922657571,-3.4661520244958295,-0.8187038705914031,-0.6648681223086682,-1.9259501310116385,0.976111407911449
4,1,Heather Mills,Jonathan Roberts,0.0,1.0,0.0,0.0,0.0,0.0,0.0,0.0,0.0,0.0,0.0,1.3399353812765793,-0.6873872157018412,0.211536284310997,0.4970840123427075,-0.8828816473797461,-0.5816859010236335,-0.19226113831692276,-1.2593981751941539,0.6625869508395678
4,2,Heather Mills,Jonathan Roberts,0.0,1.0,0.0,0.0,0.0,0.0,0.0,0.0,0.0,0.0,0.0,1.3399353812765793,-0.6873872157018412,0.211536284310997,0.4970840123427075,0.25013167591678137,-0.3961307419077896,1.2255598136583135,-0.7594842083310405,-0.5915108774479575
4,3,Heather Mills,Jonathan Roberts,0.0,1.0,0.0,0.0,0.0,0.0,0.0,0.0,0.0,0.0,0.0,1.3399353812765793,-0.6873872157018412,0.211536284310997,0.16341336734261466,1.156542334554004,-0.18335725566877642,-0.19226113831692276,-0.259570241467927,-1.2185597915917201
4,4,Heather Mills,Jonathan Roberts,0.0,1.0,0.0,0.0,0.0,0.0,0.0,0.0,0.0,0.0,0.0,1.3399353812765793,-0.6873872157018412,0.211536284310997,-0.17025727765747814,-0.30018908111296055,0.008868173785132933,-0.42856463031279546,-0.34288923594511256,-0.2779864203760762
4,5,Heather Mills,Jonathan Roberts,0.0,1.0,0.0,0.0,0.0,0.0,0.0,0.0,0.0,0.0,0.0,1.3399353812765793,-0.6873872157018412,0.211536284310997,-0.503927922657571,-1.2907664437664963,-0.021549556616538706,-0.6648681223086682,-0.5928462193766693,0.03553803669580512
4,6,Heather Mills,Jonathan Roberts,0.0,1.0,0.0,0.0,0.0,0.0,0.0,0.0,0.0,0.0,0.0,1.3399353812765793,-0.6873872157018412,0.211536284310997,-0.8375985676576638,-0.30018908111296055,0.25862673903050876,0.2803458456748227,-0.5928462193766693,0.03553803669580512
4,1,Ian Ziering,Cheryl Burke,0.0,0.0,0.0,0.0,0.0,0.0,0.0,0.0,0.0,0.0,0.0,-0.3783131187639717,0.2617572142756622,0.4447212641206995,0.4970840123427075,0.136830343587129,-0.3262869460608132,-0.19226113831692276,-0.7594842083310405,-0.5915108774479575
4,2,Ian Ziering,Cheryl Burke,0.0,0.0,0.0,0.0,0.0,0.0,0.0,0.0,0.0,0.0,0.0,-0.3783131187639717,0.2617572142756622,0.4447212641206995,0.4970840123427075,-0.3541420965080334,-0.5392931493155193,0.04404235367894996,-0.6761652138538549,0.03553803669580512
4,3,Ian Ziering,Cheryl Burke,0.0,0.0,0.0,0.0,0.0,0.0,0.0,0.0,0.0,0.0,0.0,-0.3783131187639717,0.2617572142756622,0.4447212641206995,0.16341336734261466,1.156542334554004,-0.18335725566877642,0.2803458456748227,-0.42620823042229816,-1.2185597915917201
4,4,Ian Ziering,Cheryl Burke,0.0,0.0,0.0,0.0,0.0,0.0,0.0,0.0,0.0,0.0,0.0,-0.3783131187639717,0.2617572142756622,0.4447212641206995,-0.17025727765747814,-0.00884279797956782,0.10117025224538108,-0.19226113831692276,-0.259570241467927,-0.5915108774479575
4,5,Ian Ziering,Cheryl Burke,0.0,0.0,0.0,0.0,0.0,0.0,0.0,0.0,0.0,0.0,0.0,-0.3783131187639717,0.2617572142756622,0.4447212641206995,-0.503927922657571,-0.47499685099299566,0.2773833111240344,-0.19226113831692276,-0.259570241467927,-0.2779864203760762
4,6,Ian Ziering,Cheryl Burke,0.0,0.0,0.0,0.0,0.0,0.0,0.0,0.0,0.0,0.0,0.0,-0.3783131187639717,0.2617572142756622,0.4447212641206995,-0.8375985676576638,-0.00884279797956782,0.3617878855449035,-0.19226113831692276,-0.259570241467927,-0.2779864203760762
4,7,Ian Ziering,Cheryl Burke,0.0,0.0,0.0,0.0,0.0,0.0,0.0,0.0,0.0,0.0,0.0,-0.3783131187639717,0.2617572142756622,0.4447212641206995,-1.1712692126577566,0.46521217118663116,0.9507078287532885,0.5166493376706954,-0.009613258036370276,-0.5915108774479575
4,8,Ian Ziering,Cheryl Burke,0.0,0.0,0.0,0.0,0.0,0.0,0.0,0.0,0.0,0.0,0.0,-0.3783131187639717,0.2617572142756622,0.4447212641206995,-1.5049398576578494,-0.3906068931198757,1.1698150331437027,-1.0193233603024774,-0.05127275527496306,-0.2779864203760762
4,9,Ian Ziering,Cheryl Burke,0.0,0.0,0.0,0.0,0.0,0.0,0.0,0.0,0.0,0.0,0.0,-0.3783131187639717,0.2617572142756622,0.4447212641206995,-1.8386105026579422,0.8846191369628383,2.1777722874776124,1.107408067660377,0.11536523367940808,-0.2779864203760762
4,1,Joey Fatone,Kym Johnson,0.0,0.0,0.0,0.0,0.0,0.0,0.0,0.0,0.0,0.0,0.0,-0.0919383687572131,0.07805184073162919,-0.4880186551181106,0.4970840123427075,1.156542334554004,-0.07088799109799292,-0.19226113831692276,-0.259570241467927,-1.2185597915917201
4,2,Joey Fatone,Kym Johnson,0.0,0.0,0.0,0.0,0.0,0.0,0.0,0.0,0.0,0.0,0.0,-0.0919383687572131,0.07805184073162919,-0.4880186551181106,0.4970840123427075,0.25013167591678137,-0.3961307419077896,-0.19226113831692276,-0.259570241467927,-0.5915108774479575
4,3,Joey Fatone,Kym Johnson,0.0,0.0,0.0,0.0,0.0,0.0,0.0,0.0,0.0,0.0,0.0,-0.0919383687572131,0.07805184073162919,-0.4880186551181106,0.16341336734261466,1.156542334554004,-0.18335725566877642,-0.19226113831692276,-0.259570241467927,-1.2185597915917201
4,4,Joey Fatone,Kym Johnson,0.0,0.0,0.0,0.0,0.0,0.0,0.0,0.0,0.0,0.0,0.0,-0.0919383687572131,0.07805184073162919,-0.4880186551181106,-0.17025727765747814,1.156542334554004,0.4703785660863698,0.7529528296665682,0.0737057364408153,-1.2185597915917201
4,5,Joey Fatone,Kym Johnson,0.0,0.0,0.0,0.0,0.0,0.0,0.0,0.0,0.0,0.0,0.0,-0.0919383687572131,0.07805184073162919,-0.4880186551181106,-0.503927922657571,-0.20307365340182904,0.3770276003708928,-0.9011716143045408,0.15702473091800087,-0.5915108774479575
4,6,Joey Fatone,Kym Johnson,0.0,0.0,0.0,0.0,0.0,0.0,0.0,0.0,0.0,0.0,0.0,-0.0919383687572131,0.07805184073162919,-0.4880186551181106,-0.8375985676576638,0.8651960514206122,0.6712713250880857,0.2803458456748227,0.0737057364408153,-0.5915108774479575
4,7,Joey Fatone,Kym Johnson,0.0,0.0,0.0,0.0,0.0,0.0,0.0,0.0,0.0,0.0,0.0,-0.0919383687572131,0.07805184073162919,-0.4880186551181106,-1.1712692126577566,1.156542334554004,1.2344844453786445,0.39849759167275906,0.4486412115881504,-1.2185597915917201
4,8,Joey Fatone,Kym Johnson,0.0,0.0,0.0,0.0,0.0,0.0,0.0,0.0,0.0,0.0,0.0,-0.0919383687572131,0.07805184073162919,-0.4880186551181106,-1.5049398576578494,0.7345925451884016,1.7287758270065559,-0.6648681223086682,0.4903007088267432,-0.9050353345198388
4,9,Joey Fatone,Kym Johnson,0.0,0.0,0.0,0.0,0.0,0.0,0.0,0.0,0.0,0.0,0.0,-0.0919383687572131,0.07805184073162919,-0.4880186551181106,-1.8386105026579422,1.156542334554004,2.325767181211343,0.39849759167275906,0.531960206065336,-1.2185597915917201
4,10,Joey Fatone,Kym Johnson,0.0,0.0,0.0,0.0,0.0,0.0,0.0,0.0,0.0,0.0,0.0,-0.0919383687572131,0.07805184073162919,-0.4880186551181106,-2.172281147658035,0.9711300414860486,3.709143394423078,-0.5073718448934192,0.6291518131229729,-0.9050353345198388
4,1,John Ratzenberger,Edyta Sliwinska,0.0,0.0,0.0,0.0,0.0,0.0,0.0,0.0,0.0,0.0,0.0,0.6507982823298348,-0.4786311094018037,1.7661028163756805,0.4970840123427075,-1.222785644368704,-0.6668188860112398,-0.19226113831692276,-1.426036164148525,0.976111407911449
4,2,John Ratzenberger,Edyta Sliwinska,0.0,0.0,0.0,0.0,0.0,0.0,0.0,0.0,0.0,0.0,0.0,0.6507982823298348,-0.4786311094018037,1.7661028163756805,0.4970840123427075,-0.6562789827204404,-0.6108743530193842,0.7529528296665682,-1.0927601862397827,0.3490624937676864
4,3,John Ratzenberger,Edyta Sliwinska,0.0,0.0,0.0,0.0,0.0,0.0,0.0,0.0,0.0,0.0,0.0,0.6507982823298348,-0.4786311094018037,1.7661028163756805,0.16341336734261466,-0.20307365340182904,-0.5051443181907398,-0.42856463031279546,-0.8428032028082261,1.2896358649833304
4,4,John Ratzenberger,Edyta Sliwinska,0.0,0.0,0.0,0.0,0.0,0.0,0.0,0.0,0.0,0.0,0.0,0.6507982823298348,-0.4786311094018037,1.7661028163756805,-0.17025727765747814,-2.3396130630467105,-0.6372463754365988,-1.1374751063004138,-1.2593981751941539,0.6625869508395678
4,5,John Ratzenberger,Edyta Sliwinska,0.0,0.0,0.0,0.0,0.0,0.0,0.0,0.0,0.0,0.0,0.0,0.6507982823298348,-0.4786311094018037,1.7661028163756805,-0.503927922657571,-2.106536036539996,-0.32048242435711355,0.2803458456748227,-1.426036164148525,0.3490624937676864
4,6,John Ratzenberger,Edyta Sliwinska,0.0,0.0,0.0,0.0,0.0,0.0,0.0,0.0,0.0,0.0,0.0,0.6507982823298348,-0.4786311094018037,1.7661028163756805,-0.8375985676576638,-1.4655742136465315,-0.15401784702706778,0.04404235367894996,-1.1760791807169684,0.6625869508395678
4,7,John Ratzenberger,Edyta Sliwinska,0.0,0.0,0.0,0.0,0.0,0.0,0.0,0.0,0.0,0.0,0.0,0.6507982823298348,-0.4786311094018037,1.7661028163756805,-1.1712692126577566,-0.7791821228746404,0.4399099188276479,0.6348010836686317,-0.8011437055696332,0.03553803669580512
4,1,Laila Ali,Maksim Chmerkoskiy,0.0,0.0,0.0,0.0,0.0,0.0,0.0,0.0,0.0,0.0,0.0,-0.26039410405530633,0.12307766758065668,-0.5657469817213447,0.4970840123427075,0.816638337565046,-0.1560209760855992,-0.19226113831692276,-0.42620823042229816,-0.9050353345198388
4,2,Laila Ali,Maksim Chmerkoskiy,0.0,0.0,0.0,0.0,0.0,0.0,0.0,0.0,0.0,0.0,0.0,-0.26039410405530633,0.12307766758065668,-0.5657469817213447,0.4970840123427075,1.156542334554004,-0.18138713079619326,0.7529528296665682,-0.09293225251355586,-1.2185597915917201
4,3,Laila Ali,Maksim Chmerkoskiy,0.0,0.0,0.0,0.0,0.0,0.0,0.0,0.0,0.0,0.0,0.0,-0.26039410405530633,0.12307766758065668,-0.5657469817213447,0.16341336734261466,0.136830343587129,-0.42469755256024794,-1.610082090292159,-0.259570241467927,0.3490624937676864
4,4,Laila Ali,Maksim Chmerkoskiy,0.0,0.0,0.0,0.0,0.0,0.0,0.0,0.0,0.0,0.0,0.0,-0.26039410405530633,0.12307766758065668,-0.5657469817213447,-0.17025727765747814,-0.8828816473797461,-0.17573598313536215,-0.19226113831692276,-0.7594842083310405,0.03553803669580512
4,5,Laila Ali,Maksim Chmerkoskiy,0.0,0.0,0.0,0.0,0.0,0.0,0.0,0.0,0.0,0.0,0.0,-0.26039410405530633,0.12307766758065668,-0.5657469817213447,-0.503927922657571,0.6126959393716699,0.6759604681114674,1.461863305654186,-0.17625124699074143,-0.9050353345198388
4,6,Laila Ali,Maksim Chmerkoskiy,0.0,0.0,0.0,0.0,0.0,0.0,0.0,0.0,0.0,0.0,0.0,-0.26039410405530633,0.12307766758065668,-0.5657469817213447,-0.8375985676576638,1.156542334554004,0.7744324716024785,-0.19226113831692276,0.4069817143495576,-1.2185597915917201
4,7,Laila Ali,Maksim Chmerkoskiy,0.0,0.0,0.0,0.0,0.0,0.0,0.0,0.0,0.0,0.0,0.0,-0.26039410405530633,0.12307766758065668,-0.5657469817213447,-1.1712692126577566,1.156542334554004,1.2344844453786445,0.1621940996768863,0.531960206065336,-1.2185597915917201
4,8,Laila Ali,Maksim Chmerkoskiy,0.0,0.0,0.0,0.0,0.0,0.0,0.0,0.0,0.0,0.0,0.0,-0.26039410405530633,0.12307766758065668,-0.5657469817213447,-1.5049398576578494,0.4532926856113329,1.5890356285408418,-0.9011716143045408,0.4069817143495576,-0.5915108774479575
4,9,Laila Ali,Maksim Chmerkoskiy,0.0,0.0,0.0,0.0,0.0,0.0,0.0,0.0,0.0,0.0,0.0,-0.26039410405530633,0.12307766758065668,-0.5657469817213447,-1.8386105026579422,1.156542334554004,2.325767181211343,0.6348010836686317,0.4486412115881504,-1.2185597915917201
4,10,Laila Ali,Maksim Chmerkoskiy,0.0,0.0,0.0,0.0,0.0,0.0,0.0,0.0,0.0,0.0,0.0,-0.26039410405530633,0.12307766758065668,-0.5657469817213447,-2.172281147658035,0.8784378001787916,3.6414378763337747,-0.5861317987756421,0.6013815922637274,-0.5915108774479575
4,1,Leeza Gibbons,Tony Dovolani,0.0,0.0,0.0,0.0,0.0,0.0,0.0,0.0,0.0,0.0,1.0,0.722264351850238,-0.6873872157018412,1.066547876946573,0.4970840123427075,-1.902593638346621,-0.8370848559864538,-0.19226113831692276,-1.7593121420572673,1.6031603220552115
4,2,Leeza Gibbons,Tony Dovolani,0.0,0.0,0.0,0.0,0.0,0.0,0.0,0.0,0.0,0.0,1.0,0.722264351850238,-0.6873872157018412,1.066547876946573,0.4970840123427075,-0.6562789827204404,-0.6108743530193842,1.2255598136583135,-1.2593981751941539,0.3490624937676864
4,3,Leeza Gibbons,Tony Dovolani,0.0,0.0,0.0,0.0,0.0,0.0,0.0,0.0,0.0,0.0,1.0,0.722264351850238,-0.6873872157018412,1.066547876946573,0.16341336734261466,1.156542334554004,-0.18335725566877642,0.5166493376706954,-0.5095272248994838,-1.2185597915917201
4,4,Leeza Gibbons,Tony Dovolani,0.0,0.0,0.0,0.0,0.0,0.0,0.0,0.0,0.0,0.0,1.0,0.722264351850238,-0.6873872157018412,1.066547876946573,-0.17025727765747814,-2.3396130630467105,-0.6372463754365988,-2.082689074283904,-0.9261221972854116,0.6625869508395678
4,1,Paulina Porizkova,Alec Mazo,0.0,1.0,0.0,0.0,0.0,0.0,0.0,0.0,0.0,0.0,0.0,1.1546340724486774,-0.38121159312845276,0.36699293751746537,0.4970840123427075,-0.5429776503907879,-0.49655291603602747,-0.19226113831692276,-1.0927601862397827,0.03553803669580512
4,2,Paulina Porizkova,Alec Mazo,0.0,1.0,0.0,0.0,0.0,0.0,0.0,0.0,0.0,0.0,0.0,1.1546340724486774,-0.38121159312845276,0.36699293751746537,0.4970840123427075,-0.6562789827204404,-0.6108743530193842,0.2803458456748227,-0.9261221972854116,0.3490624937676864
4,1,Shandi Finnessey,Brian Fortuna,0.0,0.0,0.0,0.0,0.0,0.0,0.0,0.0,0.0,0.0,0.0,2.0979861901179997,-1.4528262721353111,-0.643475308324579,0.4970840123427075,-0.5429776503907879,-0.49655291603602747,-0.19226113831692276,-1.0927601862397827,0.03553803669580512
4,2,Shandi Finnessey,Brian Fortuna,0.0,0.0,0.0,0.0,0.0,0.0,0.0,0.0,0.0,0.0,0.0,2.0979861901179997,-1.4528262721353111,-0.643475308324579,0.4970840123427075,-0.9584158689328482,-0.6824555567232509,0.04404235367894996,-1.0094411917625972,1.6031603220552115
4,3,Shandi Finnessey,Brian Fortuna,0.0,0.0,0.0,0.0,0.0,0.0,0.0,0.0,0.0,0.0,0.0,2.0979861901179997,-1.4528262721353111,-0.643475308324579,0.16341336734261466,0.136830343587129,-0.42469755256024794,0.04404235367894996,-0.8428032028082261,0.3490624937676864
5,1,Albert Reed,Anna Trebunskaya,0.0,1.0,0.0,0.0,0.0,0.0,0.0,0.0,0.0,0.0,0.0,1.0259951473119513,-0.4786311094018037,-1.109845267943984,0.8307546573428003,-0.4122453438565728,-0.6810629263009959,-0.19226113831692276,-0.7594842083310405,0.03553803669580512
5,2,Albert Reed,Anna Trebunskaya,0.0,1.0,0.0,0.0,0.0,0.0,0.0,0.0,0.0,0.0,0.0,1.0259951473119513,-0.4786311094018037,-1.109845267943984,0.4970840123427075,-0.6562789827204404,-0.5666624330846448,-0.19226113831692276,-0.7594842083310405,0.03553803669580512
5,1,Cameron Mathison,Edyta Sliwinska,0.0,0.0,0.0,0.0,0.0,0.0,0.0,1.0,0.0,0.0,0.0,0.6507982823298348,-0.4786311094018037,0.13380795770776283,0.8307546573428003,-0.4122453438565728,-0.6810629263009959,-0.19226113831692276,-0.7594842083310405,0.03553803669580512
5,2,Cameron Mathison,Edyta Sliwinska,0.0,0.0,0.0,0.0,0.0,0.0,0.0,1.0,0.0,0.0,0.0,0.6507982823298348,-0.4786311094018037,0.13380795770776283,0.4970840123427075,-0.6562789827204404,-0.5666624330846448,-0.19226113831692276,-0.7594842083310405,0.03553803669580512
5,3,Cameron Mathison,Edyta Sliwinska,0.0,0.0,0.0,0.0,0.0,0.0,0.0,1.0,0.0,0.0,0.0,0.6507982823298348,-0.4786311094018037,0.13380795770776283,0.16341336734261466,-0.05200521029562557,-0.4263805392889206,0.2803458456748227,-0.5928462193766693,0.6625869508395678
5,4,Cameron Mathison,Edyta Sliwinska,0.0,0.0,0.0,0.0,0.0,0.0,0.0,1.0,0.0,0.0,0.0,0.6507982823298348,-0.4786311094018037,0.13380795770776283,-0.17025727765747814,0.3407727417805042,-0.09053406455667234,0.7529528296665682,-0.09293225251355586,-0.9050353345198388
5,5,Cameron Mathison,Edyta Sliwinska,0.0,0.0,0.0,0.0,0.0,0.0,0.0,1.0,0.0,0.0,0.0,0.6507982823298348,-0.4786311094018037,0.13380795770776283,-0.503927922657571,0.3126427558227972,0.17723829680558556,-0.42856463031279546,0.15702473091800087,-0.5915108774479575
5,6,Cameron Mathison,Edyta Sliwinska,0.0,0.0,0.0,0.0,0.0,0.0,0.0,1.0,0.0,0.0,0.0,0.6507982823298348,-0.4786311094018037,0.13380795770776283,-0.8375985676576638,-0.20307365340182904,0.321669661900417,-0.42856463031279546,-0.009613258036370276,-0.2779864203760762
5,7,Cameron Mathison,Edyta Sliwinska,0.0,0.0,0.0,0.0,0.0,0.0,0.0,1.0,0.0,0.0,0.0,0.6507982823298348,-0.4786311094018037,0.13380795770776283,-1.1712692126577566,0.7033370052353927,0.7526099213782803,-0.0741093923189864,-0.05127275527496306,0.03553803669580512
5,8,Cameron Mathison,Edyta Sliwinska,0.0,0.0,0.0,0.0,0.0,0.0,0.0,1.0,0.0,0.0,0.0,0.6507982823298348,-0.4786311094018037,0.13380795770776283,-1.5049398576578494,0.297837500055583,1.2867079748260488,-0.19226113831692276,-0.009613258036370276,-0.5915108774479575
5,1,Floyd Mayweather Jr. ,Karina Smirnoff,0.0,0.0,0.0,0.0,0.0,0.0,0.0,0.0,0.0,0.0,0.0,0.16542456017042953,-0.2621432954610242,-0.4880186551181106,0.8307546573428003,-1.3535179509029192,-0.8857795983723623,-0.19226113831692276,-1.2593981751941539,1.916684779127093
5,2,Floyd Mayweather Jr. ,Karina Smirnoff,0.0,0.0,0.0,0.0,0.0,0.0,0.0,0.0,0.0,0.0,0.0,0.16542456017042953,-0.2621432954610242,-0.4880186551181106,0.4970840123427075,-0.6562789827204404,-0.5666624330846448,0.5166493376706954,-1.0094411917625972,0.03553803669580512
5,3,Floyd Mayweather Jr. ,Karina Smirnoff,0.0,0.0,0.0,0.0,0.0,0.0,0.0,0.0,0.0,0.0,0.0,0.16542456017042953,-0.2621432954610242,-0.4880186551181106,0.16341336734261466,-0.6562789827204404,-0.573136982029063,-0.19226113831692276,-0.7594842083310405,0.976111407911449
5,4,Floyd Mayweather Jr. ,Karina Smirnoff,0.0,0.0,0.0,0.0,0.0,0.0,0.0,0.0,0.0,0.0,0.0,0.16542456017042953,-0.2621432954610242,-0.4880186551181106,-0.17025727765747814,-0.7469200485841623,-0.39031859288909965,0.2803458456748227,-0.5928462193766693,0.976111407911449
5,1,Helio Castroneves,Julianne Hough,0.0,0.0,0.0,0.0,0.0,0.0,0.0,0.0,0.0,0.0,0.0,-1.321665236433294,0.6904030858784056,-0.33256200191164226,0.8307546573428003,0.8427847988718888,-0.4081073635391755,-0.19226113831692276,-0.09293225251355586,-0.9050353345198388
5,2,Helio Castroneves,Julianne Hough,0.0,0.0,0.0,0.0,0.0,0.0,0.0,0.0,0.0,0.0,0.0,-1.321665236433294,0.6904030858784056,-0.33256200191164226,0.4970840123427075,1.156542334554004,-0.12454323373724024,0.2803458456748227,0.0737057364408153,-1.2185597915917201
5,3,Helio Castroneves,Julianne Hough,0.0,0.0,0.0,0.0,0.0,0.0,0.0,0.0,0.0,0.0,0.0,-1.321665236433294,0.6904030858784056,-0.33256200191164226,0.16341336734261466,0.25013167591678137,-0.3530023179188483,-0.9011716143045408,-0.009613258036370276,0.3490624937676864
5,4,Helio Castroneves,Julianne Hough,0.0,0.0,0.0,0.0,0.0,0.0,0.0,0.0,0.0,0.0,0.0,-1.321665236433294,0.6904030858784056,-0.33256200191164226,-0.17025727765747814,0.3407727417805042,-0.09053406455667234,0.5166493376706954,-0.009613258036370276,-0.9050353345198388
5,5,Helio Castroneves,Julianne Hough,0.0,0.0,0.0,0.0,0.0,0.0,0.0,0.0,0.0,0.0,0.0,-1.321665236433294,0.6904030858784056,-0.33256200191164226,-0.503927922657571,-0.5312568229084096,-0.08714454099512464,-1.1374751063004138,-0.09293225251355586,0.3490624937676864
5,6,Helio Castroneves,Julianne Hough,0.0,0.0,0.0,0.0,0.0,0.0,0.0,0.0,0.0,0.0,0.0,-1.321665236433294,0.6904030858784056,-0.33256200191164226,-0.8375985676576638,0.6126959393716699,0.6139595770245326,0.9892563216624407,-0.009613258036370276,-0.9050353345198388
5,7,Helio Castroneves,Julianne Hough,0.0,0.0,0.0,0.0,0.0,0.0,0.0,0.0,0.0,0.0,0.0,-1.321665236433294,0.6904030858784056,-0.33256200191164226,-1.1712692126577566,0.8544054483415953,0.8088195204406102,-0.6648681223086682,0.24034372539518645,-0.5915108774479575
5,8,Helio Castroneves,Julianne Hough,0.0,0.0,0.0,0.0,0.0,0.0,0.0,0.0,0.0,0.0,0.0,-1.321665236433294,0.6904030858784056,-0.33256200191164226,-1.5049398576578494,1.156542334554004,1.6868006343115307,0.39849759167275906,0.28200322263377925,-1.2185597915917201
5,9,Helio Castroneves,Julianne Hough,0.0,0.0,0.0,0.0,0.0,0.0,0.0,0.0,0.0,0.0,0.0,-1.321665236433294,0.6904030858784056,-0.33256200191164226,-1.8386105026579422,1.156542334554004,2.382688294185855,0.1621940996768863,0.6152792005425215,-1.2185597915917201
5,10,Helio Castroneves,Julianne Hough,0.0,0.0,0.0,0.0,0.0,0.0,0.0,0.0,0.0,0.0,0.0,-1.321665236433294,0.6904030858784056,-0.33256200191164226,-2.172281147658035,1.0605785869817559,4.075585258999859,-0.6648917526578668,0.5736113714044807,-0.9050353345198388
5,1,Jane Seymour,Tony Dovolani,0.0,0.0,0.0,0.0,0.0,0.0,0.0,0.0,0.0,0.0,0.0,0.722264351850238,-0.6873872157018412,1.532917836565978,0.8307546573428003,0.5290272631897746,-0.4763462542296293,-0.19226113831692276,-0.259570241467927,-0.5915108774479575
5,2,Jane Seymour,Tony Dovolani,0.0,0.0,0.0,0.0,0.0,0.0,0.0,0.0,0.0,0.0,0.0,0.722264351850238,-0.6873872157018412,1.532917836565978,0.4970840123427075,-0.6562789827204404,-0.5666624330846448,-0.9011716143045408,-0.5095272248994838,0.03553803669580512
5,3,Jane Seymour,Tony Dovolani,0.0,0.0,0.0,0.0,0.0,0.0,0.0,0.0,0.0,0.0,0.0,0.722264351850238,-0.6873872157018412,1.532917836565978,0.16341336734261466,1.156542334554004,-0.1328676538086353,1.2255598136583135,-0.259570241467927,-1.2185597915917201
5,4,Jane Seymour,Tony Dovolani,0.0,0.0,0.0,0.0,0.0,0.0,0.0,0.0,0.0,0.0,0.0,0.722264351850238,-0.6873872157018412,1.532917836565978,-0.17025727765747814,0.06884954418933757,-0.1654801966397777,-0.42856463031279546,0.15702473091800087,0.03553803669580512
5,5,Jane Seymour,Tony Dovolani,0.0,0.0,0.0,0.0,0.0,0.0,0.0,0.0,0.0,0.0,0.0,0.722264351850238,-0.6873872157018412,1.532917836565978,-0.503927922657571,0.3126427558227972,0.17723829680558556,-0.19226113831692276,0.0737057364408153,-0.5915108774479575
5,6,Jane Seymour,Tony Dovolani,0.0,0.0,0.0,0.0,0.0,0.0,0.0,0.0,0.0,0.0,0.0,0.722264351850238,-0.6873872157018412,1.532917836565978,-0.8375985676576638,-1.0188432461753298,0.02937974677629989,-1.1374751063004138,-0.259570241467927,0.6625869508395678
5,7,Jane Seymour,Tony Dovolani,0.0,0.0,0.0,0.0,0.0,0.0,0.0,0.0,0.0,0.0,0.0,0.722264351850238,-0.6873872157018412,1.532917836565978,-1.1712692126577566,0.5522685621291902,0.69640032231595,0.5166493376706954,-0.34288923594511256,0.3490624937676864
5,1,Jennie Garth,Derek Hough,0.0,0.0,0.0,0.0,0.0,0.0,0.0,0.0,0.0,0.0,0.0,-2.063861387834893,1.3838008193534315,-0.09937702210193972,0.8307546573428003,-0.4122453438565728,-0.6810629263009959,-0.19226113831692276,-0.7594842083310405,0.03553803669580512
5,2,Jennie Garth,Derek Hough,0.0,0.0,0.0,0.0,0.0,0.0,0.0,0.0,0.0,0.0,0.0,-2.063861387834893,1.3838008193534315,-0.09937702210193972,0.4970840123427075,-0.6562789827204404,-0.5666624330846448,-0.19226113831692276,-0.7594842083310405,0.03553803669580512
5,3,Jennie Garth,Derek Hough,0.0,0.0,0.0,0.0,0.0,0.0,0.0,0.0,0.0,0.0,0.0,-2.063861387834893,1.3838008193534315,-0.09937702210193972,0.16341336734261466,0.8544054483415953,-0.20624587517870588,0.9892563216624407,-0.34288923594511256,-0.2779864203760762
5,4,Jennie Garth,Derek Hough,0.0,0.0,0.0,0.0,0.0,0.0,0.0,0.0,0.0,0.0,0.0,-2.063861387834893,1.3838008193534315,-0.09937702210193972,-0.17025727765747814,0.3407727417805042,-0.09053406455667234,0.04404235367894996,0.15702473091800087,-0.9050353345198388
5,5,Jennie Garth,Derek Hough,0.0,0.0,0.0,0.0,0.0,0.0,0.0,0.0,0.0,0.0,0.0,-2.063861387834893,1.3838008193534315,-0.09937702210193972,-0.503927922657571,0.0313428962457277,0.08911068420534753,-0.6648681223086682,0.0737057364408153,0.03553803669580512
5,6,Jennie Garth,Derek Hough,0.0,0.0,0.0,0.0,0.0,0.0,0.0,0.0,0.0,0.0,0.0,-2.063861387834893,1.3838008193534315,-0.09937702210193972,-0.8375985676576638,0.3407727417805042,0.5165296053164946,0.2803458456748227,0.0737057364408153,-0.5915108774479575
5,7,Jennie Garth,Derek Hough,0.0,0.0,0.0,0.0,0.0,0.0,0.0,0.0,0.0,0.0,0.0,-2.063861387834893,1.3838008193534315,-0.09937702210193972,-1.1712692126577566,1.0054738914478014,0.8650291195029401,-0.3104128843148591,0.19868422815659367,-0.9050353345198388
5,8,Jennie Garth,Derek Hough,0.0,0.0,0.0,0.0,0.0,0.0,0.0,0.0,0.0,0.0,0.0,-2.063861387834893,1.3838008193534315,-0.09937702210193972,-1.5049398576578494,0.15472002763917905,1.2200258649118014,-0.5467163763107318,0.032046239202222514,-0.2779864203760762
5,9,Jennie Garth,Derek Hough,0.0,0.0,0.0,0.0,0.0,0.0,0.0,0.0,0.0,0.0,0.0,-2.063861387834893,1.3838008193534315,-0.09937702210193972,-1.8386105026579422,0.8846191369628383,2.23279603001964,0.7529528296665682,0.24034372539518645,-0.5915108774479575
5,1,Josie Maran,Alec Mazo,0.0,1.0,0.0,1.0,0.0,0.0,0.0,0.0,0.0,0.0,0.0,1.1546340724486774,-0.38121159312845276,-0.5657469817213447,0.8307546573428003,-1.9810330222671495,-1.0222573797532715,-0.19226113831692276,-1.5926741531028963,2.230209236198974
5,1,Marie Osmond,Jonathan Roberts,0.0,0.0,0.0,0.0,0.0,0.0,0.0,0.0,0.0,0.0,1.0,1.3399353812765793,-0.6873872157018412,0.8333628971368704,0.8307546573428003,-0.4122453438565728,-0.6810629263009959,-0.19226113831692276,-0.7594842083310405,0.03553803669580512
5,2,Marie Osmond,Jonathan Roberts,0.0,0.0,0.0,0.0,0.0,0.0,0.0,0.0,0.0,0.0,1.0,1.3399353812765793,-0.6873872157018412,0.8333628971368704,0.4970840123427075,0.25013167591678137,-0.34560283341094333,0.5166493376706954,-0.5095272248994838,-0.5915108774479575
5,3,Marie Osmond,Jonathan Roberts,0.0,0.0,0.0,0.0,0.0,0.0,0.0,0.0,0.0,0.0,1.0,1.3399353812765793,-0.6873872157018412,0.8333628971368704,0.16341336734261466,0.8544054483415953,-0.20624587517870588,0.2803458456748227,-0.09293225251355586,-0.2779864203760762
5,4,Marie Osmond,Jonathan Roberts,0.0,0.0,0.0,0.0,0.0,0.0,0.0,0.0,0.0,0.0,1.0,1.3399353812765793,-0.6873872157018412,0.8333628971368704,-0.17025727765747814,0.06884954418933757,-0.1654801966397777,-0.19226113831692276,0.0737057364408153,0.03553803669580512
5,5,Marie Osmond,Jonathan Roberts,0.0,0.0,0.0,0.0,0.0,0.0,0.0,0.0,0.0,0.0,1.0,1.3399353812765793,-0.6873872157018412,0.8333628971368704,-0.503927922657571,-1.0938565420625477,-0.2633997661955968,-1.3737785982962865,-0.34288923594511256,0.6625869508395678
5,6,Marie Osmond,Jonathan Roberts,0.0,0.0,0.0,0.0,0.0,0.0,0.0,0.0,0.0,0.0,1.0,1.3399353812765793,-0.6873872157018412,0.8333628971368704,-0.8375985676576638,-0.7469200485841623,0.12680971848433795,0.2803458456748227,-0.5928462193766693,0.3490624937676864
5,7,Marie Osmond,Jonathan Roberts,0.0,0.0,0.0,0.0,0.0,0.0,0.0,0.0,0.0,0.0,1.0,1.3399353812765793,-0.6873872157018412,0.8333628971368704,-1.1712692126577566,0.8544054483415953,0.8088195204406102,0.5166493376706954,-0.17625124699074143,-0.5915108774479575
5,8,Marie Osmond,Jonathan Roberts,0.0,0.0,0.0,0.0,0.0,0.0,0.0,0.0,0.0,0.0,1.0,1.3399353812765793,-0.6873872157018412,0.8333628971368704,-1.5049398576578494,0.01160255522277599,1.1533437549975543,-0.5467163763107318,-0.05127275527496306,0.03553803669580512
5,9,Marie Osmond,Jonathan Roberts,0.0,0.0,0.0,0.0,0.0,0.0,0.0,0.0,0.0,0.0,1.0,1.3399353812765793,-0.6873872157018412,0.8333628971368704,-1.8386105026579422,0.6126959393716699,2.0829037658534273,0.6348010836686317,0.11536523367940808,-0.2779864203760762
5,10,Marie Osmond,Jonathan Roberts,0.0,0.0,0.0,0.0,0.0,0.0,0.0,0.0,0.0,0.0,1.0,1.3399353812765793,-0.6873872157018412,0.8333628971368704,-2.172281147658035,-0.37899279461588425,2.970306115770309,-1.3737785982962865,-0.009613258036370276,-0.5915108774479575
5,1,Mark Cuban,Kym Johnson,0.0,0.0,0.0,0.0,0.0,0.0,0.0,0.0,0.0,0.0,1.0,-0.0919383687572131,0.07805184073162919,0.9888195503433388,0.8307546573428003,-0.4122453438565728,-0.6810629263009959,-0.19226113831692276,-0.7594842083310405,0.03553803669580512
5,2,Mark Cuban,Kym Johnson,0.0,0.0,0.0,0.0,0.0,0.0,0.0,0.0,0.0,0.0,1.0,-0.0919383687572131,0.07805184073162919,0.9888195503433388,0.4970840123427075,-1.562689641357663,-0.787722032758346,-0.9011716143045408,-1.0094411917625972,1.6031603220552115
5,3,Mark Cuban,Kym Johnson,0.0,0.0,0.0,0.0,0.0,0.0,0.0,0.0,0.0,0.0,1.0,-0.0919383687572131,0.07805184073162919,0.9888195503433388,0.16341336734261466,-0.9584158689328482,-0.6465152033991334,0.2803458456748227,-1.0927601862397827,1.2896358649833304
5,4,Mark Cuban,Kym Johnson,0.0,0.0,0.0,0.0,0.0,0.0,0.0,0.0,0.0,0.0,1.0,-0.0919383687572131,0.07805184073162919,0.9888195503433388,-0.17025727765747814,-1.0188432461753298,-0.4652647249722052,0.2803458456748227,-0.7594842083310405,1.2896358649833304
5,5,Mark Cuban,Kym Johnson,0.0,0.0,0.0,0.0,0.0,0.0,0.0,0.0,0.0,0.0,1.0,-0.0919383687572131,0.07805184073162919,0.9888195503433388,-0.503927922657571,-1.0938565420625477,-0.2633997661955968,-0.42856463031279546,-0.6761652138538549,0.6625869508395678
5,1,Mel B,Maksim Chmerkoskiy,0.0,0.0,0.0,0.0,0.0,0.0,0.0,0.0,0.0,0.0,0.0,-0.26039410405530633,0.12307766758065668,-0.33256200191164226,0.8307546573428003,0.5290272631897746,-0.4763462542296293,-0.19226113831692276,-0.259570241467927,-0.5915108774479575
5,2,Mel B,Maksim Chmerkoskiy,0.0,0.0,0.0,0.0,0.0,0.0,0.0,0.0,0.0,0.0,0.0,-0.26039410405530633,0.12307766758065668,-0.33256200191164226,0.4970840123427075,-0.05200521029562557,-0.4192893666355106,-0.42856463031279546,-0.34288923594511256,-0.2779864203760762
5,3,Mel B,Maksim Chmerkoskiy,0.0,0.0,0.0,0.0,0.0,0.0,0.0,0.0,0.0,0.0,0.0,-0.26039410405530633,0.12307766758065668,-0.33256200191164226,0.16341336734261466,1.156542334554004,-0.1328676538086353,0.7529528296665682,-0.09293225251355586,-1.2185597915917201
5,4,Mel B,Maksim Chmerkoskiy,0.0,0.0,0.0,0.0,0.0,0.0,0.0,0.0,0.0,0.0,0.0,-0.26039410405530633,0.12307766758065668,-0.33256200191164226,-0.17025727765747814,0.06884954418933757,-0.1654801966397777,-0.42856463031279546,0.15702473091800087,0.03553803669580512
5,5,Mel B,Maksim Chmerkoskiy,0.0,0.0,0.0,0.0,0.0,0.0,0.0,0.0,0.0,0.0,0.0,-0.26039410405530633,0.12307766758065668,-0.33256200191164226,-0.503927922657571,1.156542334554004,0.4416211346062938,0.5166493376706954,0.32366271987237205,-1.2185597915917201
5,6,Mel B,Maksim Chmerkoskiy,0.0,0.0,0.0,0.0,0.0,0.0,0.0,0.0,0.0,0.0,0.0,-0.26039410405530633,0.12307766758065668,-0.33256200191164226,-0.8375985676576638,1.156542334554004,0.8088195204406102,0.04404235367894996,0.6569386977811144,-1.2185597915917201
5,7,Mel B,Maksim Chmerkoskiy,0.0,0.0,0.0,0.0,0.0,0.0,0.0,0.0,0.0,0.0,0.0,-0.26039410405530633,0.12307766758065668,-0.33256200191164226,-1.1712692126577566,1.156542334554004,0.9212387185652702,-0.9011716143045408,0.4903007088267432,-1.2185597915917201
5,8,Mel B,Maksim Chmerkoskiy,0.0,0.0,0.0,0.0,0.0,0.0,0.0,0.0,0.0,0.0,0.0,-0.26039410405530633,0.12307766758065668,-0.33256200191164226,-1.5049398576578494,1.013424862137601,1.6201185243972835,0.04404235367894996,0.32366271987237205,-0.9050353345198388
5,9,Mel B,Maksim Chmerkoskiy,0.0,0.0,0.0,0.0,0.0,0.0,0.0,0.0,0.0,0.0,0.0,-0.26039410405530633,0.12307766758065668,-0.33256200191164226,-1.8386105026579422,1.156542334554004,2.382688294185855,0.2803458456748227,0.5736197033039288,-1.2185597915917201
5,10,Mel B,Maksim Chmerkoskiy,0.0,0.0,0.0,0.0,0.0,0.0,0.0,0.0,0.0,0.0,0.0,-0.26039410405530633,0.12307766758065668,-0.33256200191164226,-2.172281147658035,1.156542334554004,4.149264640275165,-0.5861317987756439,0.6013815922637268,-1.2185597915917201
5,1,Sabrina Bryan,Mark Ballas,0.0,0.0,0.0,1.0,0.0,0.0,0.0,0.0,0.0,0.0,0.0,-0.7376853540665704,1.098637249309589,-1.0321169413407498,0.8307546573428003,1.156542334554004,-0.33986847284872024,-0.19226113831692276,0.0737057364408153,-1.2185597915917201
5,2,Sabrina Bryan,Mark Ballas,0.0,0.0,0.0,1.0,0.0,0.0,0.0,0.0,0.0,0.0,0.0,-0.7376853540665704,1.098637249309589,-1.0321169413407498,0.4970840123427075,0.8544054483415953,-0.19822976696180747,-0.19226113831692276,0.0737057364408153,-0.9050353345198388
5,3,Sabrina Bryan,Mark Ballas,0.0,0.0,0.0,1.0,0.0,0.0,0.0,0.0,0.0,0.0,0.0,-0.7376853540665704,1.098637249309589,-1.0321169413407498,0.16341336734261466,1.156542334554004,-0.1328676538086353,0.04404235367894996,0.15702473091800087,-1.2185597915917201
5,4,Sabrina Bryan,Mark Ballas,0.0,0.0,0.0,1.0,0.0,0.0,0.0,0.0,0.0,0.0,0.0,-0.7376853540665704,1.098637249309589,-1.0321169413407498,-0.17025727765747814,1.156542334554004,0.13430433169264958,0.5166493376706954,0.4903007088267432,-1.2185597915917201
5,5,Sabrina Bryan,Mark Ballas,0.0,0.0,0.0,1.0,0.0,0.0,0.0,0.0,0.0,0.0,0.0,-0.7376853540665704,1.098637249309589,-1.0321169413407498,-0.503927922657571,0.8752424749769354,0.3534935220060577,-0.6648681223086682,0.5736197033039288,-0.9050353345198388
5,6,Sabrina Bryan,Mark Ballas,0.0,0.0,0.0,1.0,0.0,0.0,0.0,0.0,0.0,0.0,0.0,-0.7376853540665704,1.098637249309589,-1.0321169413407498,-0.8375985676576638,-0.20307365340182904,0.321669661900417,-0.9011716143045408,0.15702473091800087,-0.2779864203760762
5,1,Wayne Newton,Cheryl Burke,0.0,0.0,0.0,0.0,0.0,0.0,0.0,0.0,0.0,0.0,0.0,-0.3783131187639717,0.2617572142756622,2.2324727759950855,0.8307546573428003,-1.039760415220804,-0.8175407076819068,-0.19226113831692276,-1.0927601862397827,1.6031603220552115
5,2,Wayne Newton,Cheryl Burke,0.0,0.0,0.0,0.0,0.0,0.0,0.0,0.0,0.0,0.0,0.0,-0.3783131187639717,0.2617572142756622,2.2324727759950855,0.4970840123427075,-2.4691002999948846,-1.0087816324320473,-1.1374751063004138,-1.426036164148525,1.916684779127093
5,3,Wayne Newton,Cheryl Burke,0.0,0.0,0.0,0.0,0.0,0.0,0.0,0.0,0.0,0.0,0.0,-0.3783131187639717,0.2617572142756622,2.2324727759950855,0.16341336734261466,-1.562689641357663,-0.793271646139276,0.5166493376706954,-1.5093551586257106,1.6031603220552115
6,1,Adam Carolla,Julianne Hough,0.0,0.0,0.0,1.0,0.0,0.0,0.0,0.0,0.0,0.0,0.0,-1.321665236433294,0.6904030858784056,0.5224495907239337,0.8307546573428003,-2.4691002999948846,-1.031524389600125,-0.19226113831692276,-1.7593121420572673,1.916684779127093
6,2,Adam Carolla,Julianne Hough,0.0,0.0,0.0,1.0,0.0,0.0,0.0,0.0,0.0,0.0,0.0,-1.321665236433294,0.6904030858784056,0.5224495907239337,0.8307546573428003,-1.260552755145255,-0.8175407076819068,0.7529528296665682,-1.426036164148525,1.2896358649833304
6,3,Adam Carolla,Julianne Hough,0.0,0.0,0.0,1.0,0.0,0.0,0.0,0.0,0.0,0.0,0.0,-1.321665236433294,0.6904030858784056,0.5224495907239337,0.16341336734261466,-0.6562789827204404,-0.498793257746227,0.2803458456748227,-0.9261221972854116,0.3490624937676864
6,4,Adam Carolla,Julianne Hough,0.0,0.0,0.0,1.0,0.0,0.0,0.0,0.0,0.0,0.0,0.0,-1.321665236433294,0.6904030858784056,0.5224495907239337,-0.17025727765747814,-1.6564562612166858,-0.6331440608383649,-0.6648681223086682,-0.9261221972854116,1.2896358649833304
6,1,Cristian de la Fuente,Cheryl Burke,0.0,0.0,0.0,0.0,0.0,0.0,0.0,0.0,0.0,0.0,0.0,-0.3783131187639717,0.2617572142756622,-0.1771053487051739,0.8307546573428003,-0.6562789827204404,-0.5985022931199513,-0.19226113831692276,-0.7594842083310405,0.3490624937676864
6,2,Cristian de la Fuente,Cheryl Burke,0.0,0.0,0.0,0.0,0.0,0.0,0.0,0.0,0.0,0.0,0.0,-0.3783131187639717,0.2617572142756622,-0.1771053487051739,0.8307546573428003,-0.9584158689328482,-0.7493018169914514,-0.42856463031279546,-0.8428032028082261,0.976111407911449
6,3,Cristian de la Fuente,Cheryl Burke,0.0,0.0,0.0,0.0,0.0,0.0,0.0,0.0,0.0,0.0,0.0,-0.3783131187639717,0.2617572142756622,-0.1771053487051739,0.16341336734261466,0.5522685621291902,-0.19111966287873602,0.9892563216624407,-0.5095272248994838,-0.5915108774479575
6,4,Cristian de la Fuente,Cheryl Burke,0.0,0.0,0.0,0.0,0.0,0.0,0.0,0.0,0.0,0.0,0.0,-0.3783131187639717,0.2617572142756622,-0.1771053487051739,-0.17025727765747814,0.3126427558227972,-0.08753621927334754,0.04404235367894996,-0.009613258036370276,-0.2779864203760762
6,5,Cristian de la Fuente,Cheryl Burke,0.0,0.0,0.0,0.0,0.0,0.0,0.0,0.0,0.0,0.0,0.0,-0.3783131187639717,0.2617572142756622,-0.1771053487051739,-0.503927922657571,-0.5312568229084096,-0.05612002431442796,-0.9011716143045408,-0.17625124699074143,0.03553803669580512
6,6,Cristian de la Fuente,Cheryl Burke,0.0,0.0,0.0,0.0,0.0,0.0,0.0,0.0,0.0,0.0,0.0,-0.3783131187639717,0.2617572142756622,-0.1771053487051739,-0.8375985676576638,0.3407727417805042,0.5165296053164946,0.7529528296665682,-0.09293225251355586,-0.5915108774479575
6,7,Cristian de la Fuente,Cheryl Burke,0.0,0.0,0.0,0.0,0.0,0.0,0.0,0.0,0.0,0.0,0.0,-0.3783131187639717,0.2617572142756622,-0.1771053487051739,-1.1712692126577566,-0.17835336271172372,0.4966652421527199,-1.1374751063004138,-0.09293225251355586,0.3490624937676864
6,8,Cristian de la Fuente,Cheryl Burke,0.0,0.0,0.0,0.0,0.0,0.0,0.0,0.0,0.0,0.0,0.0,-0.3783131187639717,0.2617572142756622,-0.1771053487051739,-1.5049398576578494,1.156542334554004,1.629858607867905,1.107408067660377,0.032046239202222514,-1.2185597915917201
6,9,Cristian de la Fuente,Cheryl Burke,0.0,0.0,0.0,0.0,0.0,0.0,0.0,0.0,0.0,0.0,0.0,-0.3783131187639717,0.2617572142756622,-0.1771053487051739,-1.8386105026579422,1.013424862137601,2.3499845274586812,-0.3104128843148591,0.4486412115881504,-0.9050353345198388
6,10,Cristian de la Fuente,Cheryl Burke,0.0,0.0,0.0,0.0,0.0,0.0,0.0,0.0,0.0,0.0,0.0,-0.3783131187639717,0.2617572142756622,-0.1771053487051739,-2.172281147658035,0.06884954418933757,3.282041879183138,-0.6648681223086682,0.24034372539518645,-0.5915108774479575
6,1,Jason Taylor,Edyta Sliwinska,0.0,0.0,0.0,0.0,0.0,0.0,0.0,0.0,0.0,0.0,0.0,0.6507982823298348,-0.4786311094018037,-0.25483367530840806,0.8307546573428003,-0.3541420965080334,-0.5263319437065885,-0.19226113831692276,-0.5928462193766693,-0.2779864203760762
6,2,Jason Taylor,Edyta Sliwinska,0.0,0.0,0.0,0.0,0.0,0.0,0.0,0.0,0.0,0.0,0.0,0.6507982823298348,-0.4786311094018037,-0.25483367530840806,0.8307546573428003,1.156542334554004,-0.27162958215826477,0.9892563216624407,-0.17625124699074143,-1.2185597915917201
6,3,Jason Taylor,Edyta Sliwinska,0.0,0.0,0.0,0.0,0.0,0.0,0.0,0.0,0.0,0.0,0.0,0.6507982823298348,-0.4786311094018037,-0.25483367530840806,0.16341336734261466,-0.05200521029562557,-0.34495646031248167,-1.1374751063004138,-0.09293225251355586,0.03553803669580512
6,4,Jason Taylor,Edyta Sliwinska,0.0,0.0,0.0,0.0,0.0,0.0,0.0,0.0,0.0,0.0,0.0,0.6507982823298348,-0.4786311094018037,-0.25483367530840806,-0.17025727765747814,1.156542334554004,0.14629571282594683,1.2255598136583135,0.0737057364408153,-1.2185597915917201
6,5,Jason Taylor,Edyta Sliwinska,0.0,0.0,0.0,0.0,0.0,0.0,0.0,0.0,0.0,0.0,0.0,0.6507982823298348,-0.4786311094018037,-0.25483367530840806,-0.503927922657571,0.5939426153998668,0.30178599420489854,-0.6648681223086682,0.4069817143495576,-0.9050353345198388
6,6,Jason Taylor,Edyta Sliwinska,0.0,0.0,0.0,0.0,0.0,0.0,0.0,0.0,0.0,0.0,0.0,0.6507982823298348,-0.4786311094018037,-0.25483367530840806,-0.8375985676576638,-0.47499685099299566,0.2242396901923775,-0.9011716143045408,-0.009613258036370276,0.03553803669580512
6,7,Jason Taylor,Edyta Sliwinska,0.0,0.0,0.0,0.0,0.0,0.0,0.0,0.0,0.0,0.0,0.0,0.6507982823298348,-0.4786311094018037,-0.25483367530840806,-1.1712692126577566,1.156542334554004,1.0074631520783606,0.6348010836686317,0.032046239202222514,-1.2185597915917201
6,8,Jason Taylor,Edyta Sliwinska,0.0,0.0,0.0,0.0,0.0,0.0,0.0,0.0,0.0,0.0,0.0,0.6507982823298348,-0.4786311094018037,-0.25483367530840806,-1.5049398576578494,0.44095497247198695,1.3014429728969878,-0.5467163763107318,0.19868422815659367,-0.2779864203760762
6,9,Jason Taylor,Edyta Sliwinska,0.0,0.0,0.0,0.0,0.0,0.0,0.0,0.0,0.0,0.0,0.0,0.6507982823298348,-0.4786311094018037,-0.25483367530840806,-1.8386105026579422,0.870307389721197,2.2702690960611953,0.1621940996768863,0.19868422815659367,-0.5915108774479575
6,10,Jason Taylor,Edyta Sliwinska,0.0,0.0,0.0,0.0,0.0,0.0,0.0,0.0,0.0,0.0,0.0,0.6507982823298348,-0.4786311094018037,-0.25483367530840806,-2.172281147658035,0.7486575381672537,3.8008997166815686,0.04404235367894996,0.4069817143495576,-0.9050353345198388
6,1,Kristi Yamaguchi,Mark Ballas,0.0,0.0,0.0,1.0,0.0,0.0,0.0,0.0,0.0,0.0,0.0,-0.7376853540665704,1.098637249309589,-0.021648695498705534,0.8307546573428003,1.156542334554004,-0.1654801966397777,-0.19226113831692276,0.24034372539518645,-1.2185597915917201
6,2,Kristi Yamaguchi,Mark Ballas,0.0,0.0,0.0,1.0,0.0,0.0,0.0,0.0,0.0,0.0,0.0,-0.7376853540665704,1.098637249309589,-0.021648695498705534,0.8307546573428003,1.156542334554004,-0.27162958215826477,-0.19226113831692276,0.24034372539518645,-1.2185597915917201
6,3,Kristi Yamaguchi,Mark Ballas,0.0,0.0,0.0,1.0,0.0,0.0,0.0,0.0,0.0,0.0,0.0,-0.7376853540665704,1.098637249309589,-0.021648695498705534,0.16341336734261466,1.156542334554004,-0.03728286544499041,-0.19226113831692276,0.24034372539518645,-1.2185597915917201
6,4,Kristi Yamaguchi,Mark Ballas,0.0,0.0,0.0,1.0,0.0,0.0,0.0,0.0,0.0,0.0,0.0,-0.7376853540665704,1.098637249309589,-0.021648695498705534,-0.17025727765747814,1.156542334554004,0.14629571282594683,0.2803458456748227,0.4069817143495576,-1.2185597915917201
6,5,Kristi Yamaguchi,Mark Ballas,0.0,0.0,0.0,1.0,0.0,0.0,0.0,0.0,0.0,0.0,0.0,-0.7376853540665704,1.098637249309589,-0.021648695498705534,-0.503927922657571,1.156542334554004,0.48073900346456055,-0.19226113831692276,0.5736197033039288,-1.2185597915917201
6,6,Kristi Yamaguchi,Mark Ballas,0.0,0.0,0.0,1.0,0.0,0.0,0.0,0.0,0.0,0.0,0.0,-0.7376853540665704,1.098637249309589,-0.021648695498705534,-0.8375985676576638,1.156542334554004,0.8088195204406102,0.04404235367894996,0.6569386977811144,-1.2185597915917201
6,7,Kristi Yamaguchi,Mark Ballas,0.0,0.0,0.0,1.0,0.0,0.0,0.0,0.0,0.0,0.0,0.0,-0.7376853540665704,1.098637249309589,-0.021648695498705534,-1.1712692126577566,1.0082205904133676,0.9507078287532885,-0.9011716143045408,0.4903007088267432,-0.9050353345198388
6,8,Kristi Yamaguchi,Mark Ballas,0.0,0.0,0.0,1.0,0.0,0.0,0.0,0.0,0.0,0.0,0.0,-0.7376853540665704,1.098637249309589,-0.021648695498705534,-1.5049398576578494,0.870307389721197,1.498492353879537,-0.0741093923189864,0.28200322263377925,-0.9050353345198388
6,9,Kristi Yamaguchi,Mark Ballas,0.0,0.0,0.0,1.0,0.0,0.0,0.0,0.0,0.0,0.0,0.0,-0.7376853540665704,1.098637249309589,-0.021648695498705534,-1.8386105026579422,1.156542334554004,2.429699958856168,0.04404235367894996,0.4069817143495576,-1.2185597915917201
6,10,Kristi Yamaguchi,Mark Ballas,0.0,0.0,0.0,1.0,0.0,0.0,0.0,0.0,0.0,0.0,0.0,-0.7376853540665704,1.098637249309589,-0.021648695498705534,-2.172281147658035,1.156542334554004,4.112214419180628,0.1621940996768863,0.6152792005425215,-1.2185597915917201
6,1,Mario,Karina Smirnoff,0.0,0.0,0.0,0.0,0.0,0.0,0.0,0.0,0.0,0.0,0.0,0.16542456017042953,-0.2621432954610242,-1.1875735945472181,0.8307546573428003,0.25013167591678137,-0.38199124487986463,-0.19226113831692276,-0.259570241467927,-0.9050353345198388
6,2,Mario,Karina Smirnoff,0.0,0.0,0.0,0.0,0.0,0.0,0.0,0.0,0.0,0.0,0.0,0.16542456017042953,-0.2621432954610242,-1.1875735945472181,0.8307546573428003,0.8544054483415953,-0.33986847284872024,0.2803458456748227,-0.09293225251355586,-0.5915108774479575
6,3,Mario,Karina Smirnoff,0.0,0.0,0.0,0.0,0.0,0.0,0.0,0.0,0.0,0.0,0.0,0.16542456017042953,-0.2621432954610242,-1.1875735945472181,0.16341336734261466,-0.6562789827204404,-0.498793257746227,-1.3737785982962865,-0.34288923594511256,0.3490624937676864
6,4,Mario,Karina Smirnoff,0.0,0.0,0.0,0.0,0.0,0.0,0.0,0.0,0.0,0.0,0.0,0.16542456017042953,-0.2621432954610242,-1.1875735945472181,-0.17025727765747814,-0.24995696333134093,-0.2434241740062098,0.5166493376706954,-0.5095272248994838,0.03553803669580512
6,5,Mario,Karina Smirnoff,0.0,0.0,0.0,0.0,0.0,0.0,0.0,0.0,0.0,0.0,0.0,0.16542456017042953,-0.2621432954610242,-1.1875735945472181,-0.503927922657571,0.5939426153998668,0.30178599420489854,0.5166493376706954,-0.009613258036370276,-0.9050353345198388
6,6,Mario,Karina Smirnoff,0.0,0.0,0.0,0.0,0.0,0.0,0.0,0.0,0.0,0.0,0.0,0.16542456017042953,-0.2621432954610242,-1.1875735945472181,-0.8375985676576638,0.6126959393716699,0.6139595770245326,0.04404235367894996,0.32366271987237205,-0.9050353345198388
6,7,Mario,Karina Smirnoff,0.0,0.0,0.0,0.0,0.0,0.0,0.0,0.0,0.0,0.0,0.0,0.16542456017042953,-0.2621432954610242,-1.1875735945472181,-1.1712692126577566,0.5632553579914583,0.7804418587780759,-0.7830198683066045,0.19868422815659367,-0.2779864203760762
6,8,Mario,Karina Smirnoff,0.0,0.0,0.0,0.0,0.0,0.0,0.0,0.0,0.0,0.0,0.0,0.16542456017042953,-0.2621432954610242,-1.1875735945472181,-1.5049398576578494,0.58407244488839,1.3671260998911707,0.04404235367894996,0.0737057364408153,-0.5915108774479575
6,1,Marissa Jaret Winokur,Tony Dovolani,0.0,0.0,0.0,0.0,0.0,0.0,0.0,0.0,0.0,0.0,0.0,0.722264351850238,-0.6873872157018412,-0.09937702210193972,0.8307546573428003,-1.562689641357663,-0.8150133413600382,-0.19226113831692276,-1.2593981751941539,0.976111407911449
6,2,Marissa Jaret Winokur,Tony Dovolani,0.0,0.0,0.0,0.0,0.0,0.0,0.0,0.0,0.0,0.0,0.0,0.722264351850238,-0.6873872157018412,-0.09937702210193972,0.8307546573428003,-0.6562789827204404,-0.6810629263009959,0.5166493376706954,-1.0094411917625972,0.3490624937676864
6,3,Marissa Jaret Winokur,Tony Dovolani,0.0,0.0,0.0,0.0,0.0,0.0,0.0,0.0,0.0,0.0,0.0,0.722264351850238,-0.6873872157018412,-0.09937702210193972,0.16341336734261466,-1.260552755145255,-0.6526300551799726,-0.6648681223086682,-0.9261221972854116,1.6031603220552115
6,4,Marissa Jaret Winokur,Tony Dovolani,0.0,0.0,0.0,0.0,0.0,0.0,0.0,0.0,0.0,0.0,0.0,0.722264351850238,-0.6873872157018412,-0.09937702210193972,-0.17025727765747814,-0.24995696333134093,-0.2434241740062098,0.9892563216624407,-0.6761652138538549,0.03553803669580512
6,5,Marissa Jaret Winokur,Tony Dovolani,0.0,0.0,0.0,0.0,0.0,0.0,0.0,0.0,0.0,0.0,0.0,0.722264351850238,-0.6873872157018412,-0.09937702210193972,-0.503927922657571,-0.24995696333134093,0.033356480315403295,-0.19226113831692276,-0.259570241467927,-0.2779864203760762
6,6,Marissa Jaret Winokur,Tony Dovolani,0.0,0.0,0.0,0.0,0.0,0.0,0.0,0.0,0.0,0.0,0.0,0.722264351850238,-0.6873872157018412,-0.09937702210193972,-0.8375985676576638,0.06884954418933757,0.4190996336084551,0.2803458456748227,-0.09293225251355586,-0.2779864203760762
6,7,Marissa Jaret Winokur,Tony Dovolani,0.0,0.0,0.0,0.0,0.0,0.0,0.0,0.0,0.0,0.0,0.0,0.722264351850238,-0.6873872157018412,-0.09937702210193972,-1.1712692126577566,0.7115771021320948,0.837197182103146,-0.19226113831692276,0.0737057364408153,-0.5915108774479575
6,8,Marissa Jaret Winokur,Tony Dovolani,0.0,0.0,0.0,0.0,0.0,0.0,0.0,0.0,0.0,0.0,0.0,0.722264351850238,-0.6873872157018412,-0.09937702210193972,-1.5049398576578494,0.15472002763917905,1.17007671890862,-0.42856463031279546,-0.009613258036370276,0.03553803669580512
6,9,Marissa Jaret Winokur,Tony Dovolani,0.0,0.0,0.0,0.0,0.0,0.0,0.0,0.0,0.0,0.0,0.0,0.722264351850238,-0.6873872157018412,-0.09937702210193972,-1.8386105026579422,0.44095497247198695,2.031122801868735,0.04404235367894996,-0.009613258036370276,-0.2779864203760762
6,1,Marlee Matlin,Fabian Sanchez,0.0,0.0,0.0,0.0,0.0,0.0,0.0,0.0,0.0,0.0,0.0,0.3292009694880202,-1.4528262721353111,0.4447212641206995,0.8307546573428003,-0.3541420965080334,-0.5263319437065885,-0.19226113831692276,-0.5928462193766693,-0.2779864203760762
6,2,Marlee Matlin,Fabian Sanchez,0.0,0.0,0.0,0.0,0.0,0.0,0.0,0.0,0.0,0.0,0.0,0.3292009694880202,-1.4528262721353111,0.4447212641206995,0.8307546573428003,0.25013167591678137,-0.4763462542296293,0.2803458456748227,-0.42620823042229816,-0.2779864203760762
6,3,Marlee Matlin,Fabian Sanchez,0.0,0.0,0.0,0.0,0.0,0.0,0.0,0.0,0.0,0.0,0.0,0.3292009694880202,-1.4528262721353111,0.4447212641206995,0.16341336734261466,-0.6562789827204404,-0.498793257746227,-0.9011716143045408,-0.5095272248994838,0.3490624937676864
6,4,Marlee Matlin,Fabian Sanchez,0.0,0.0,0.0,0.0,0.0,0.0,0.0,0.0,0.0,0.0,0.0,0.3292009694880202,-1.4528262721353111,0.4447212641206995,-0.17025727765747814,-0.24995696333134093,-0.2434241740062098,0.5166493376706954,-0.5095272248994838,0.03553803669580512
6,5,Marlee Matlin,Fabian Sanchez,0.0,0.0,0.0,0.0,0.0,0.0,0.0,0.0,0.0,0.0,0.0,0.3292009694880202,-1.4528262721353111,0.4447212641206995,-0.503927922657571,-0.8125566824854791,-0.14559652894426067,-0.6648681223086682,-0.42620823042229816,0.6625869508395678
6,6,Marlee Matlin,Fabian Sanchez,0.0,0.0,0.0,0.0,0.0,0.0,0.0,0.0,0.0,0.0,0.0,0.3292009694880202,-1.4528262721353111,0.4447212641206995,-0.8375985676576638,-1.2907664437664963,-0.06805022493173987,-0.42856463031279546,-0.6761652138538549,0.6625869508395678
6,1,Monica Seles,Jonathan Roberts,0.0,0.0,0.0,0.0,0.0,0.0,0.0,0.0,0.0,0.0,0.0,1.3399353812765793,-0.6873872157018412,-0.1771053487051739,0.8307546573428003,-2.4691002999948846,-1.031524389600125,-0.19226113831692276,-1.7593121420572673,1.916684779127093
6,2,Monica Seles,Jonathan Roberts,0.0,0.0,0.0,0.0,0.0,0.0,0.0,0.0,0.0,0.0,0.0,1.3399353812765793,-0.6873872157018412,-0.1771053487051739,0.8307546573428003,-2.4691002999948846,-1.0904962704437269,-0.19226113831692276,-1.7593121420572673,2.230209236198974
6,1,Penn Jillette,Kym Johnson,0.0,0.0,0.0,0.0,0.0,0.0,0.0,0.0,0.0,0.0,1.0,-0.0919383687572131,0.07805184073162919,1.2997328567562754,0.8307546573428003,-2.1669634137824776,-0.9593540401867621,-0.19226113831692276,-1.5926741531028963,1.6031603220552115
6,2,Penn Jillette,Kym Johnson,0.0,0.0,0.0,0.0,0.0,0.0,0.0,0.0,0.0,0.0,1.0,-0.0919383687572131,0.07805184073162919,1.2997328567562754,0.8307546573428003,-1.86482652757007,-0.9540184890628176,0.04404235367894996,-1.5093551586257106,1.6031603220552115
6,1,Priscilla Presley,Louis van Amstel,0.0,0.0,0.0,0.0,0.0,0.0,0.0,0.0,0.0,0.0,0.0,0.3292009694880202,-0.9657286907685575,1.999287796185383,0.8307546573428003,0.25013167591678137,-0.38199124487986463,-0.19226113831692276,-0.259570241467927,-0.9050353345198388
6,2,Priscilla Presley,Louis van Amstel,0.0,0.0,0.0,0.0,0.0,0.0,0.0,0.0,0.0,0.0,0.0,0.3292009694880202,-0.9657286907685575,1.999287796185383,0.8307546573428003,-0.6562789827204404,-0.6810629263009959,-0.9011716143045408,-0.5095272248994838,0.3490624937676864
6,3,Priscilla Presley,Louis van Amstel,0.0,0.0,0.0,0.0,0.0,0.0,0.0,0.0,0.0,0.0,0.0,0.3292009694880202,-0.9657286907685575,1.999287796185383,0.16341336734261466,0.8544054483415953,-0.11420126416186323,0.9892563216624407,-0.34288923594511256,-0.9050353345198388
6,4,Priscilla Presley,Louis van Amstel,0.0,0.0,0.0,0.0,0.0,0.0,0.0,0.0,0.0,0.0,0.0,0.3292009694880202,-0.9657286907685575,1.999287796185383,-0.17025727765747814,-0.8125566824854791,-0.39931212873907235,-1.1374751063004138,-0.259570241467927,0.976111407911449
6,5,Priscilla Presley,Louis van Amstel,0.0,0.0,0.0,0.0,0.0,0.0,0.0,0.0,0.0,0.0,0.0,0.3292009694880202,-0.9657286907685575,1.999287796185383,-0.503927922657571,-1.0938565420625477,-0.23507303357409193,-0.42856463031279546,-0.6761652138538549,0.976111407911449
6,1,Shannon Elizabeth,Derek Hough,0.0,0.0,0.0,0.0,0.0,0.0,0.0,0.0,0.0,0.0,0.0,-2.063861387834893,1.3838008193534315,-0.1771053487051739,0.8307546573428003,-0.6562789827204404,-0.5985022931199513,-0.19226113831692276,-0.7594842083310405,0.3490624937676864
6,2,Shannon Elizabeth,Derek Hough,0.0,0.0,0.0,0.0,0.0,0.0,0.0,0.0,0.0,0.0,0.0,-2.063861387834893,1.3838008193534315,-0.1771053487051739,0.8307546573428003,0.25013167591678137,-0.4763462542296293,0.5166493376706954,-0.5095272248994838,-0.2779864203760762
6,3,Shannon Elizabeth,Derek Hough,0.0,0.0,0.0,0.0,0.0,0.0,0.0,0.0,0.0,0.0,0.0,-2.063861387834893,1.3838008193534315,-0.1771053487051739,0.16341336734261466,0.25013167591678137,-0.26803806159560883,-0.19226113831692276,-0.259570241467927,-0.2779864203760762
6,4,Shannon Elizabeth,Derek Hough,0.0,0.0,0.0,0.0,0.0,0.0,0.0,0.0,0.0,0.0,0.0,-2.063861387834893,1.3838008193534315,-0.1771053487051739,-0.17025727765747814,0.8752424749769354,0.06835173545951498,0.7529528296665682,0.0737057364408153,-0.5915108774479575
6,5,Shannon Elizabeth,Derek Hough,0.0,0.0,0.0,0.0,0.0,0.0,0.0,0.0,0.0,0.0,0.0,-2.063861387834893,1.3838008193534315,-0.1771053487051739,-0.503927922657571,-0.5312568229084096,-0.05612002431442796,-1.3737785982962865,-0.009613258036370276,0.03553803669580512
6,6,Shannon Elizabeth,Derek Hough,0.0,0.0,0.0,0.0,0.0,0.0,0.0,0.0,0.0,0.0,0.0,-2.063861387834893,1.3838008193534315,-0.1771053487051739,-0.8375985676576638,-0.47499685099299566,0.2242396901923775,0.04404235367894996,-0.34288923594511256,0.03553803669580512
6,7,Shannon Elizabeth,Derek Hough,0.0,0.0,0.0,0.0,0.0,0.0,0.0,0.0,0.0,0.0,0.0,-2.063861387834893,1.3838008193534315,-0.1771053487051739,-1.1712692126577566,0.5632553579914583,0.7804418587780759,0.1621940996768863,-0.13459174975214863,-0.2779864203760762
6,1,Steve Guttenberg,Anna Trebunskaya,0.0,0.0,0.0,0.0,0.0,0.0,0.0,0.0,0.0,0.0,1.0,1.0259951473119513,-0.4786311094018037,0.9888195503433388,0.8307546573428003,-1.562689641357663,-0.8150133413600382,-0.19226113831692276,-1.2593981751941539,0.976111407911449
6,2,Steve Guttenberg,Anna Trebunskaya,0.0,0.0,0.0,0.0,0.0,0.0,0.0,0.0,0.0,0.0,1.0,1.0259951473119513,-0.4786311094018037,0.9888195503433388,0.8307546573428003,-2.1669634137824776,-1.0222573797532715,-0.6648681223086682,-1.426036164148525,1.916684779127093
6,3,Steve Guttenberg,Anna Trebunskaya,0.0,0.0,0.0,0.0,0.0,0.0,0.0,0.0,0.0,0.0,1.0,1.0259951473119513,-0.4786311094018037,0.9888195503433388,0.16341336734261466,-0.6562789827204404,-0.498793257746227,0.9892563216624407,-1.1760791807169684,0.3490624937676864
7,1,Brooke Burke,Derek Hough,0.0,0.0,0.0,0.0,0.0,0.0,0.0,0.0,0.0,0.0,0.0,-2.063861387834893,1.3838008193534315,0.05607963110452864,1.1644253023428932,1.156542334554004,-0.4090551259098753,-0.19226113831692276,-0.17625124699074143,-1.2185597915917201
7,2,Brooke Burke,Derek Hough,0.0,0.0,0.0,0.0,0.0,0.0,0.0,0.0,0.0,0.0,0.0,-2.063861387834893,1.3838008193534315,0.05607963110452864,0.4970840123427075,1.156542334554004,-0.20956615668866393,-0.3104128843148591,-0.2179107442293342,-1.2185597915917201
7,3,Brooke Burke,Derek Hough,0.0,0.0,0.0,0.0,0.0,0.0,0.0,0.0,0.0,0.0,0.0,-2.063861387834893,1.3838008193534315,0.05607963110452864,-0.17025727765747814,1.156542334554004,0.3534935220060577,0.7529528296665682,0.0737057364408153,-1.2185597915917201
7,4,Brooke Burke,Derek Hough,0.0,0.0,0.0,0.0,0.0,0.0,0.0,0.0,0.0,0.0,0.0,-2.063861387834893,1.3838008193534315,0.05607963110452864,-0.17025727765747814,1.156542334554004,0.1320891750793552,-0.6648681223086682,0.24034372539518645,-1.2185597915917201
7,5,Brooke Burke,Derek Hough,0.0,0.0,0.0,0.0,0.0,0.0,0.0,0.0,0.0,0.0,0.0,-2.063861387834893,1.3838008193534315,0.05607963110452864,-0.503927922657571,1.156542334554004,0.49404576569156217,0.5166493376706954,0.32366271987237205,-1.2185597915917201
7,6,Brooke Burke,Derek Hough,0.0,0.0,0.0,0.0,0.0,0.0,0.0,0.0,0.0,0.0,0.0,-2.063861387834893,1.3838008193534315,0.05607963110452864,-0.8375985676576638,0.8544054483415953,0.7357470416595823,-0.9011716143045408,0.32366271987237205,-0.9050353345198388
7,7,Brooke Burke,Derek Hough,0.0,0.0,0.0,0.0,0.0,0.0,0.0,0.0,0.0,0.0,0.0,-2.063861387834893,1.3838008193534315,0.05607963110452864,-1.1712692126577566,1.156542334554004,1.4649805543927097,0.7529528296665682,0.4069817143495576,-1.2185597915917201
7,8,Brooke Burke,Derek Hough,0.0,0.0,0.0,0.0,0.0,0.0,0.0,0.0,0.0,0.0,0.0,-2.063861387834893,1.3838008193534315,0.05607963110452864,-1.5049398576578494,1.156542334554004,1.6684957413938954,-0.7830198683066045,0.531960206065336,-1.2185597915917201
7,9,Brooke Burke,Derek Hough,0.0,0.0,0.0,0.0,0.0,0.0,0.0,0.0,0.0,0.0,0.0,-2.063861387834893,1.3838008193534315,0.05607963110452864,-1.8386105026579422,0.01160255522277599,2.1612056948954783,-0.9011716143045408,0.0737057364408153,-0.9050353345198388
7,10,Brooke Burke,Derek Hough,0.0,0.0,0.0,0.0,0.0,0.0,0.0,0.0,0.0,0.0,0.0,-2.063861387834893,1.3838008193534315,0.05607963110452864,-2.172281147658035,1.156542334554004,4.075589160063092,1.107408067660377,0.28200322263377925,-1.2185597915917201
7,1,Cloris Leachman,Corky Ballas,0.0,0.0,0.0,0.0,0.0,0.0,0.0,0.0,0.0,0.0,0.0,0.6239985062596834,-1.4528262721353111,3.5538543282500665,1.1644253023428932,-1.6736787015989556,-1.000594239851541,-0.19226113831692276,-1.5926741531028963,2.230209236198974
7,2,Cloris Leachman,Corky Ballas,0.0,0.0,0.0,0.0,0.0,0.0,0.0,0.0,0.0,0.0,0.0,0.6239985062596834,-1.4528262721353111,3.5538543282500665,0.4970840123427075,-1.902593638346621,-0.9237587094806237,-0.42856463031279546,-1.6759931475800818,1.916684779127093
7,3,Cloris Leachman,Corky Ballas,0.0,0.0,0.0,0.0,0.0,0.0,0.0,0.0,0.0,0.0,0.0,0.6239985062596834,-1.4528262721353111,3.5538543282500665,-0.17025727765747814,-2.3396130630467105,-0.7040378291967775,0.04404235367894996,-1.6759931475800818,1.2896358649833304
7,4,Cloris Leachman,Corky Ballas,0.0,0.0,0.0,0.0,0.0,0.0,0.0,0.0,0.0,0.0,0.0,0.6239985062596834,-1.4528262721353111,3.5538543282500665,-0.17025727765747814,-0.09848780817445761,-0.2134752565944767,1.2255598136583135,-1.0927601862397827,0.03553803669580512
7,5,Cloris Leachman,Corky Ballas,0.0,0.0,0.0,0.0,0.0,0.0,0.0,0.0,0.0,0.0,0.0,0.6239985062596834,-1.4528262721353111,3.5538543282500665,-0.503927922657571,-1.0938565420625477,-0.22543710230626296,-0.42856463031279546,-0.6761652138538549,0.6625869508395678
7,6,Cloris Leachman,Corky Ballas,0.0,0.0,0.0,0.0,0.0,0.0,0.0,0.0,0.0,0.0,0.0,0.6239985062596834,-1.4528262721353111,3.5538543282500665,-0.8375985676576638,-2.4691002999948846,-0.4699488582273991,-1.610082090292159,-1.2593981751941539,0.6625869508395678
7,1,Cody Linley,Julianne Hough,0.0,0.0,0.0,0.0,0.0,0.0,0.0,0.0,0.0,0.0,0.0,-1.321665236433294,0.6904030858784056,-1.4207585743569207,1.1644253023428932,-0.17532638834150588,-0.6874264736471297,-0.19226113831692276,-0.8428032028082261,0.3490624937676864
7,2,Cody Linley,Julianne Hough,0.0,0.0,0.0,0.0,0.0,0.0,0.0,0.0,0.0,0.0,0.0,-1.321665236433294,0.6904030858784056,-1.4207585743569207,0.4970840123427075,0.136830343587129,-0.44763034095265125,-0.0741093923189864,-0.8011437055696332,-0.2779864203760762
7,3,Cody Linley,Julianne Hough,0.0,0.0,0.0,0.0,0.0,0.0,0.0,0.0,0.0,0.0,0.0,-1.321665236433294,0.6904030858784056,-1.4207585743569207,-0.17025727765747814,-0.8828816473797461,-0.2633997661955968,-0.19226113831692276,-0.7594842083310405,0.3490624937676864
7,4,Cody Linley,Julianne Hough,0.0,0.0,0.0,0.0,0.0,0.0,0.0,0.0,0.0,0.0,0.0,-1.321665236433294,0.6904030858784056,-1.4207585743569207,-0.17025727765747814,0.21526972750765758,-0.12708414867601914,0.2803458456748227,-0.5928462193766693,-0.2779864203760762
7,5,Cody Linley,Julianne Hough,0.0,0.0,0.0,0.0,0.0,0.0,0.0,0.0,0.0,0.0,0.0,-1.321665236433294,0.6904030858784056,-1.4207585743569207,-0.503927922657571,0.8752424749769354,0.4041104071918328,0.9892563216624407,-0.009613258036370276,-0.9050353345198388
7,6,Cody Linley,Julianne Hough,0.0,0.0,0.0,0.0,0.0,0.0,0.0,0.0,0.0,0.0,0.0,-1.321665236433294,0.6904030858784056,-1.4207585743569207,-0.8375985676576638,-0.05200521029562557,0.4069208871449507,-1.3737785982962865,-0.009613258036370276,-0.2779864203760762
7,7,Cody Linley,Julianne Hough,0.0,0.0,0.0,0.0,0.0,0.0,0.0,0.0,0.0,0.0,0.0,-1.321665236433294,0.6904030858784056,-1.4207585743569207,-1.1712692126577566,-1.0188432461753298,0.5105645050078388,-0.42856463031279546,-0.5095272248994838,0.03553803669580512
7,8,Cody Linley,Julianne Hough,0.0,0.0,0.0,0.0,0.0,0.0,0.0,0.0,0.0,0.0,0.0,-1.321665236433294,0.6904030858784056,-1.4207585743569207,-1.5049398576578494,0.11829012556954911,1.1870770576600556,0.2803458456748227,-0.42620823042229816,-0.2779864203760762
7,9,Cody Linley,Julianne Hough,0.0,0.0,0.0,0.0,0.0,0.0,0.0,0.0,0.0,0.0,0.0,-1.321665236433294,0.6904030858784056,-1.4207585743569207,-1.8386105026579422,-0.417749862026435,1.899453532097763,-0.42856463031279546,-0.34288923594511256,-0.2779864203760762
7,1,Jeffrey Ross,Edyta Sliwinska,0.0,0.0,0.0,0.0,0.0,0.0,0.0,0.0,0.0,0.0,0.0,0.6507982823298348,-0.4786311094018037,0.5224495907239337,1.1644253023428932,-3.0055474244944653,-1.278965587588794,-0.19226113831692276,-2.2592261089203807,2.543733693270856
7,1,Kim Kardashian,Mark Ballas,0.0,0.0,0.0,1.0,0.0,0.0,0.0,0.0,0.0,0.0,0.0,-0.7376853540665704,1.098637249309589,-0.7212036349278131,1.1644253023428932,-0.8412607497892617,-0.8266121475157561,-0.19226113831692276,-1.1760791807169684,0.976111407911449
7,2,Kim Kardashian,Mark Ballas,0.0,0.0,0.0,1.0,0.0,0.0,0.0,0.0,0.0,0.0,0.0,-0.7376853540665704,1.098637249309589,-0.7212036349278131,0.4970840123427075,-1.222785644368704,-0.7650492533046328,-0.5467163763107318,-1.3010576724327467,1.2896358649833304
7,1,Lance Bass,Lacey Schwimmer,0.0,0.0,0.0,0.0,0.0,0.0,0.0,0.0,0.0,0.0,0.0,-0.1621282584647517,0.33319819287611924,-0.5657469817213447,1.1644253023428932,0.15764079238237114,-0.6178336367128155,-0.19226113831692276,-0.6761652138538549,-0.5915108774479575
7,2,Lance Bass,Lacey Schwimmer,0.0,0.0,0.0,0.0,0.0,0.0,0.0,0.0,0.0,0.0,0.0,-0.1621282584647517,0.33319819287611924,-0.5657469817213447,0.4970840123427075,-0.20307365340182904,-0.5269850690406475,-0.5467163763107318,-0.8011437055696332,0.6625869508395678
7,3,Lance Bass,Lacey Schwimmer,0.0,0.0,0.0,0.0,0.0,0.0,0.0,0.0,0.0,0.0,0.0,-0.1621282584647517,0.33319819287611924,-0.5657469817213447,-0.17025727765747814,-0.5915353642463533,-0.17527215359536072,0.2803458456748227,-0.7594842083310405,-0.2779864203760762
7,4,Lance Bass,Lacey Schwimmer,0.0,0.0,0.0,0.0,0.0,0.0,0.0,0.0,0.0,0.0,0.0,-0.1621282584647517,0.33319819287611924,-0.5657469817213447,-0.17025727765747814,1.156542334554004,0.1320891750793552,0.7529528296665682,-0.259570241467927,-1.2185597915917201
7,5,Lance Bass,Lacey Schwimmer,0.0,0.0,0.0,0.0,0.0,0.0,0.0,0.0,0.0,0.0,0.0,-0.1621282584647517,0.33319819287611924,-0.5657469817213447,-0.503927922657571,-1.0938565420625477,-0.22543710230626296,-1.3737785982962865,-0.34288923594511256,0.6625869508395678
7,6,Lance Bass,Lacey Schwimmer,0.0,0.0,0.0,0.0,0.0,0.0,0.0,0.0,0.0,0.0,0.0,-0.1621282584647517,0.33319819287611924,-0.5657469817213447,-0.8375985676576638,1.156542334554004,0.8453557598311262,1.2255598136583135,-0.259570241467927,-1.2185597915917201
7,7,Lance Bass,Lacey Schwimmer,0.0,0.0,0.0,0.0,0.0,0.0,0.0,0.0,0.0,0.0,0.0,-0.1621282584647517,0.33319819287611924,-0.5657469817213447,-1.1712692126577566,-0.20307365340182904,0.8684705235271648,-0.6648681223086682,0.0737057364408153,-0.9050353345198388
7,8,Lance Bass,Lacey Schwimmer,0.0,0.0,0.0,0.0,0.0,0.0,0.0,0.0,0.0,0.0,0.0,-0.1621282584647517,0.33319819287611924,-0.5657469817213447,-1.5049398576578494,0.41493361385082284,1.3246252530125815,-0.19226113831692276,-0.09293225251355586,-0.5915108774479575
7,9,Lance Bass,Lacey Schwimmer,0.0,0.0,0.0,0.0,0.0,0.0,0.0,0.0,0.0,0.0,0.0,-0.1621282584647517,0.33319819287611924,-0.5657469817213447,-1.8386105026579422,1.156542334554004,2.8592114623560567,0.6348010836686317,0.19868422815659367,-1.2185597915917201
7,10,Lance Bass,Lacey Schwimmer,0.0,0.0,0.0,0.0,0.0,0.0,0.0,0.0,0.0,0.0,0.0,-0.1621282584647517,0.33319819287611924,-0.5657469817213447,-2.172281147658035,0.47673434057608705,3.559783427491122,-0.42856463031279546,0.4069817143495576,-0.9050353345198388
7,1,Maurice Greene,Cheryl Burke,0.0,0.0,0.0,0.0,0.0,0.0,0.0,0.0,0.0,0.0,0.0,-0.3783131187639717,0.2617572142756622,-0.1771053487051739,1.1644253023428932,-0.5082935690653838,-0.7570193105814438,-0.19226113831692276,-1.0094411917625972,0.6625869508395678
7,2,Maurice Greene,Cheryl Burke,0.0,0.0,0.0,0.0,0.0,0.0,0.0,0.0,0.0,0.0,0.0,-0.3783131187639717,0.2617572142756622,-0.1771053487051739,0.4970840123427075,-0.5429776503907879,-0.6063397971286418,-0.3104128843148591,-1.05110068900119,0.976111407911449
7,3,Maurice Greene,Cheryl Burke,0.0,0.0,0.0,0.0,0.0,0.0,0.0,0.0,0.0,0.0,0.0,-0.3783131187639717,0.2617572142756622,-0.1771053487051739,-0.17025727765747814,-0.00884279797956782,0.000983071605111438,0.9892563216624407,-0.6761652138538549,-0.5915108774479575
7,4,Maurice Greene,Cheryl Burke,0.0,0.0,0.0,0.0,0.0,0.0,0.0,0.0,0.0,0.0,0.0,-0.3783131187639717,0.2617572142756622,-0.1771053487051739,-0.17025727765747814,-0.7260028795386879,-0.38625747243139325,-1.1374751063004138,-0.5928462193766693,0.976111407911449
7,5,Maurice Greene,Cheryl Burke,0.0,0.0,0.0,0.0,0.0,0.0,0.0,0.0,0.0,0.0,0.0,-0.3783131187639717,0.2617572142756622,-0.1771053487051739,-0.503927922657571,0.5939426153998668,0.3141750486921054,1.461863305654186,-0.34288923594511256,-0.5915108774479575
7,6,Maurice Greene,Cheryl Burke,0.0,0.0,0.0,0.0,0.0,0.0,0.0,0.0,0.0,0.0,0.0,-0.3783131187639717,0.2617572142756622,-0.1771053487051739,-0.8375985676576638,-0.6562789827204404,0.18770345080186351,-1.610082090292159,-0.259570241467927,0.3490624937676864
7,7,Maurice Greene,Cheryl Burke,0.0,0.0,0.0,0.0,0.0,0.0,0.0,0.0,0.0,0.0,0.0,-0.3783131187639717,0.2617572142756622,-0.1771053487051739,-1.1712692126577566,-0.20307365340182904,0.8684705235271648,0.7529528296665682,-0.42620823042229816,-0.9050353345198388
7,8,Maurice Greene,Cheryl Burke,0.0,0.0,0.0,0.0,0.0,0.0,0.0,0.0,0.0,0.0,0.0,-0.3783131187639717,0.2617572142756622,-0.1771053487051739,-1.5049398576578494,0.11829012556954911,1.1870770576600556,-0.42856463031279546,-0.17625124699074143,-0.2779864203760762
7,1,Misty May-Treanor,Maksim Chmerkoskiy,0.0,0.0,0.0,1.0,0.0,0.0,0.0,0.0,0.0,0.0,0.0,-0.26039410405530633,0.12307766758065668,-0.4102903285148764,1.1644253023428932,-0.00884279797956782,-0.6526300551799726,-0.19226113831692276,-0.7594842083310405,0.03553803669580512
7,2,Misty May-Treanor,Maksim Chmerkoskiy,0.0,0.0,0.0,1.0,0.0,0.0,0.0,0.0,0.0,0.0,0.0,-0.26039410405530633,0.12307766758065668,-0.4102903285148764,0.4970840123427075,0.136830343587129,-0.44763034095265125,-0.19226113831692276,-0.7594842083310405,-0.2779864203760762
7,1,Rocco DiSpirito,Karina Smirnoff,0.0,0.0,0.0,0.0,0.0,0.0,0.0,0.0,0.0,0.0,0.0,0.16542456017042953,-0.2621432954610242,0.36699293751746537,1.1644253023428932,-1.1742279305131387,-0.89620498445007,-0.19226113831692276,-1.3427171696713396,1.916684779127093
7,2,Rocco DiSpirito,Karina Smirnoff,0.0,0.0,0.0,0.0,0.0,0.0,0.0,0.0,0.0,0.0,0.0,0.16542456017042953,-0.2621432954610242,0.36699293751746537,0.4970840123427075,-1.562689641357663,-0.844403981392629,-0.5467163763107318,-1.467695661387118,1.6031603220552115
7,3,Rocco DiSpirito,Karina Smirnoff,0.0,0.0,0.0,0.0,0.0,0.0,0.0,0.0,0.0,0.0,0.0,0.16542456017042953,-0.2621432954610242,0.36699293751746537,-0.17025727765747814,-1.1742279305131387,-0.3515273787958329,0.7529528296665682,-1.2593981751941539,0.976111407911449
7,4,Rocco DiSpirito,Karina Smirnoff,0.0,0.0,0.0,0.0,0.0,0.0,0.0,0.0,0.0,0.0,0.0,0.16542456017042953,-0.2621432954610242,0.36699293751746537,-0.17025727765747814,-1.3535179509029192,-0.5590396882683101,-0.6648681223086682,-1.0927601862397827,1.2896358649833304
7,1,Susan Lucci,Tony Dovolani,0.0,0.0,0.0,0.0,0.0,0.0,0.0,0.0,0.0,0.0,0.0,0.722264351850238,-0.6873872157018412,1.921559469582149,1.1644253023428932,-0.8412607497892617,-0.8266121475157561,-0.19226113831692276,-1.1760791807169684,0.976111407911449
7,2,Susan Lucci,Tony Dovolani,0.0,0.0,0.0,0.0,0.0,0.0,0.0,0.0,0.0,0.0,0.0,0.722264351850238,-0.6873872157018412,1.921559469582149,0.4970840123427075,0.136830343587129,-0.44763034095265125,0.39849759167275906,-0.9677816945240044,-0.2779864203760762
7,3,Susan Lucci,Tony Dovolani,0.0,0.0,0.0,0.0,0.0,0.0,0.0,0.0,0.0,0.0,0.0,0.722264351850238,-0.6873872157018412,1.921559469582149,-0.17025727765747814,-0.8828816473797461,-0.2633997661955968,-0.19226113831692276,-0.7594842083310405,0.3490624937676864
7,4,Susan Lucci,Tony Dovolani,0.0,0.0,0.0,0.0,0.0,0.0,0.0,0.0,0.0,0.0,0.0,0.722264351850238,-0.6873872157018412,1.921559469582149,-0.17025727765747814,0.5290272631897746,-0.0406930407575616,0.5166493376706954,-0.5095272248994838,-0.5915108774479575
7,5,Susan Lucci,Tony Dovolani,0.0,0.0,0.0,0.0,0.0,0.0,0.0,0.0,0.0,0.0,0.0,0.722264351850238,-0.6873872157018412,1.921559469582149,-0.503927922657571,-0.8125566824854791,-0.13550174380653532,-0.6648681223086682,-0.42620823042229816,0.03553803669580512
7,6,Susan Lucci,Tony Dovolani,0.0,0.0,0.0,0.0,0.0,0.0,0.0,0.0,0.0,0.0,0.0,0.722264351850238,-0.6873872157018412,1.921559469582149,-0.8375985676576638,-0.05200521029562557,0.4069208871449507,0.04404235367894996,-0.5095272248994838,-0.2779864203760762
7,7,Susan Lucci,Tony Dovolani,0.0,0.0,0.0,0.0,0.0,0.0,0.0,0.0,0.0,0.0,0.0,0.722264351850238,-0.6873872157018412,1.921559469582149,-1.1712692126577566,-0.47499685099299566,0.7491685173540558,0.04404235367894996,-0.34288923594511256,-0.2779864203760762
7,1,Ted McGinley,Inna Brayer,0.0,0.0,0.0,1.0,0.0,0.0,0.0,0.0,0.0,0.0,1.0,3.2771763372046525,-1.4528262721353111,1.066547876946573,1.1644253023428932,-0.8412607497892617,-0.8266121475157561,-0.19226113831692276,-1.1760791807169684,0.976111407911449
7,1,Toni Braxton,Alec Mazo,0.0,0.0,0.0,0.0,0.0,0.0,0.0,0.0,0.0,0.0,0.0,1.1546340724486774,-0.38121159312845276,0.28926461091423117,1.1644253023428932,0.49060797310625,-0.5482407997785033,-0.19226113831692276,-0.5095272248994838,-0.9050353345198388
7,2,Toni Braxton,Alec Mazo,0.0,0.0,0.0,0.0,0.0,0.0,0.0,0.0,0.0,0.0,0.0,1.1546340724486774,-0.38121159312845276,0.28926461091423117,0.4970840123427075,0.816638337565046,-0.28892088477666034,-0.0741093923189864,-0.46786772766089096,-0.5915108774479575
7,3,Toni Braxton,Alec Mazo,0.0,0.0,0.0,0.0,0.0,0.0,0.0,0.0,0.0,0.0,0.0,1.1546340724486774,-0.38121159312845276,0.28926461091423117,-0.17025727765747814,-0.5915353642463533,-0.17527215359536072,-0.42856463031279546,-0.5095272248994838,-0.2779864203760762
7,4,Toni Braxton,Alec Mazo,0.0,0.0,0.0,0.0,0.0,0.0,0.0,0.0,0.0,0.0,0.0,1.1546340724486774,-0.38121159312845276,0.28926461091423117,-0.17025727765747814,-0.09848780817445761,-0.2134752565944767,-0.19226113831692276,-0.5928462193766693,0.03553803669580512
7,5,Toni Braxton,Alec Mazo,0.0,0.0,0.0,0.0,0.0,0.0,0.0,0.0,0.0,0.0,0.0,1.1546340724486774,-0.38121159312845276,0.28926461091423117,-0.503927922657571,-0.8125566824854791,-0.13550174380653532,-0.19226113831692276,-0.5928462193766693,0.03553803669580512
7,1,Warren Sapp,Kym Johnson,0.0,0.0,0.0,0.0,0.0,0.0,0.0,0.0,0.0,0.0,0.0,-0.0919383687572131,0.07805184073162919,-0.09937702210193972,1.1644253023428932,0.15764079238237114,-0.6178336367128155,-0.19226113831692276,-0.6761652138538549,-0.5915108774479575
7,2,Warren Sapp,Kym Johnson,0.0,0.0,0.0,0.0,0.0,0.0,0.0,0.0,0.0,0.0,0.0,-0.0919383687572131,0.07805184073162919,-0.09937702210193972,0.4970840123427075,1.156542334554004,-0.20956615668866393,0.39849759167275906,-0.46786772766089096,-1.2185597915917201
7,3,Warren Sapp,Kym Johnson,0.0,0.0,0.0,0.0,0.0,0.0,0.0,0.0,0.0,0.0,0.0,-0.0919383687572131,0.07805184073162919,-0.09937702210193972,-0.17025727765747814,0.28250348515382584,0.08911068420534753,0.04404235367894996,-0.17625124699074143,-0.9050353345198388
7,4,Warren Sapp,Kym Johnson,0.0,0.0,0.0,0.0,0.0,0.0,0.0,0.0,0.0,0.0,0.0,-0.0919383687572131,0.07805184073162919,-0.09937702210193972,-0.17025727765747814,-0.09848780817445761,-0.2134752565944767,-0.9011716143045408,-0.34288923594511256,0.03553803669580512
7,5,Warren Sapp,Kym Johnson,0.0,0.0,0.0,0.0,0.0,0.0,0.0,0.0,0.0,0.0,0.0,-0.0919383687572131,0.07805184073162919,-0.09937702210193972,-0.503927922657571,0.0313428962457277,0.13430433169264958,0.5166493376706954,-0.34288923594511256,-0.2779864203760762
7,6,Warren Sapp,Kym Johnson,0.0,0.0,0.0,0.0,0.0,0.0,0.0,0.0,0.0,0.0,0.0,-0.0919383687572131,0.07805184073162919,-0.09937702210193972,-0.8375985676576638,0.5522685621291902,0.6261383234880384,-0.19226113831692276,-0.09293225251355586,-0.5915108774479575
7,7,Warren Sapp,Kym Johnson,0.0,0.0,0.0,0.0,0.0,0.0,0.0,0.0,0.0,0.0,0.0,-0.0919383687572131,0.07805184073162919,-0.09937702210193972,-1.1712692126577566,-1.2907664437664963,0.3912624988347293,-1.1374751063004138,-0.42620823042229816,0.3490624937676864
7,8,Warren Sapp,Kym Johnson,0.0,0.0,0.0,0.0,0.0,0.0,0.0,0.0,0.0,0.0,0.0,-0.0919383687572131,0.07805184073162919,-0.09937702210193972,-1.5049398576578494,1.0082205904133676,1.5997216437176325,1.2255598136583135,-0.259570241467927,-0.9050353345198388
7,9,Warren Sapp,Kym Johnson,0.0,0.0,0.0,0.0,0.0,0.0,0.0,0.0,0.0,0.0,0.0,-0.0919383687572131,0.07805184073162919,-0.09937702210193972,-1.8386105026579422,0.01160255522277599,2.1612056948954783,-0.7830198683066045,0.032046239202222514,-0.9050353345198388
7,10,Warren Sapp,Kym Johnson,0.0,0.0,0.0,0.0,0.0,0.0,0.0,0.0,0.0,0.0,0.0,-0.0919383687572131,0.07805184073162919,-0.09937702210193972,-2.172281147658035,0.47673434057608705,3.559783427491122,0.5166493376706954,0.0737057364408153,-0.9050353345198388
8,1,Belinda Carlisle,Jonathan Roberts,0.0,0.0,0.0,1.0,0.0,0.0,0.0,0.0,0.0,0.0,1.0,1.3399353812765793,-0.6873872157018412,1.066547876946573,1.1644253023428932,-1.222785644368704,-0.8871836907733993,-0.19226113831692276,-1.426036164148525,1.2896358649833304
8,2,Belinda Carlisle,Jonathan Roberts,0.0,0.0,0.0,1.0,0.0,0.0,0.0,0.0,0.0,0.0,1.0,1.3399353812765793,-0.6873872157018412,1.066547876946573,1.1644253023428932,-1.562689641357663,-0.9228603540683081,0.04404235367894996,-1.3427171696713396,1.2896358649833304
8,1,Chuck Wicks,Julianne Hough,0.0,0.0,0.0,0.0,0.0,0.0,0.0,0.0,0.0,0.0,0.0,-1.321665236433294,0.6904030858784056,-0.5657469817213447,1.1644253023428932,-0.20307365340182904,-0.6706726425333126,-0.19226113831692276,-0.9261221972854116,0.03553803669580512
8,2,Chuck Wicks,Julianne Hough,0.0,0.0,0.0,0.0,0.0,0.0,0.0,0.0,0.0,0.0,0.0,-1.321665236433294,0.6904030858784056,-0.5657469817213447,1.1644253023428932,-0.9584158689328482,-0.7905026566536129,-0.19226113831692276,-0.9261221972854116,0.3490624937676864
8,3,Chuck Wicks,Julianne Hough,0.0,0.0,0.0,0.0,0.0,0.0,0.0,0.0,0.0,0.0,0.0,-1.321665236433294,0.6904030858784056,-0.5657469817213447,0.8307546573428003,-0.05200521029562557,-0.5260478084726776,0.5166493376706954,-0.6761652138538549,0.3490624937676864
8,4,Chuck Wicks,Julianne Hough,0.0,0.0,0.0,0.0,0.0,0.0,0.0,0.0,0.0,0.0,0.0,-1.321665236433294,0.6904030858784056,-0.5657469817213447,0.4970840123427075,-1.0188432461753298,-0.5197710028508283,-0.42856463031279546,-0.5095272248994838,0.3490624937676864
8,5,Chuck Wicks,Julianne Hough,0.0,0.0,0.0,0.0,0.0,0.0,0.0,0.0,0.0,0.0,0.0,-1.321665236433294,0.6904030858784056,-0.5657469817213447,-0.17025727765747814,-0.5312568229084096,-0.1933173314135035,0.04404235367894996,-0.5095272248994838,0.03553803669580512
8,6,Chuck Wicks,Julianne Hough,0.0,0.0,0.0,0.0,0.0,0.0,0.0,0.0,0.0,0.0,0.0,-1.321665236433294,0.6904030858784056,-0.5657469817213447,-0.503927922657571,-0.30018908111296055,0.054522965281600104,-0.19226113831692276,-0.42620823042229816,0.03553803669580512
8,7,Chuck Wicks,Julianne Hough,0.0,0.0,0.0,0.0,0.0,0.0,0.0,0.0,0.0,0.0,0.0,-1.321665236433294,0.6904030858784056,-0.5657469817213447,-0.8375985676576638,0.5939426153998668,0.48762181151300965,0.7529528296665682,-0.09293225251355586,-0.5915108774479575
8,8,Chuck Wicks,Julianne Hough,0.0,0.0,0.0,0.0,0.0,0.0,0.0,0.0,0.0,0.0,0.0,-1.321665236433294,0.6904030858784056,-0.5657469817213447,-1.1712692126577566,0.4281766267205208,0.7526099213782803,-0.5467163763107318,0.11536523367940808,0.03553803669580512
8,1,David Alan Grier,Kym Johnson,0.0,0.0,0.0,0.0,0.0,0.0,0.0,0.0,0.0,0.0,1.0,-0.0919383687572131,0.07805184073162919,1.2220045301530413,1.1644253023428932,-0.5429776503907879,-0.7428429919466755,-0.19226113831692276,-1.0927601862397827,0.3490624937676864
8,2,David Alan Grier,Kym Johnson,0.0,0.0,0.0,0.0,0.0,0.0,0.0,0.0,0.0,0.0,1.0,-0.0919383687572131,0.07805184073162919,1.2220045301530413,1.1644253023428932,-1.86482652757007,-0.9890392027756538,-0.6648681223086682,-1.2593981751941539,1.916684779127093
8,3,David Alan Grier,Kym Johnson,0.0,0.0,0.0,0.0,0.0,0.0,0.0,0.0,0.0,0.0,1.0,-0.0919383687572131,0.07805184073162919,1.2220045301530413,0.8307546573428003,0.25013167591678137,-0.4570029466323359,1.461863305654186,-0.8428032028082261,0.03553803669580512
8,4,David Alan Grier,Kym Johnson,0.0,0.0,0.0,0.0,0.0,0.0,0.0,0.0,0.0,0.0,1.0,-0.0919383687572131,0.07805184073162919,1.2220045301530413,0.4970840123427075,-1.0188432461753298,-0.5197710028508283,-0.6648681223086682,-0.42620823042229816,0.3490624937676864
8,5,David Alan Grier,Kym Johnson,0.0,0.0,0.0,0.0,0.0,0.0,0.0,0.0,0.0,0.0,1.0,-0.0919383687572131,0.07805184073162919,1.2220045301530413,-0.17025727765747814,-0.8125566824854791,-0.27682873573468036,-0.19226113831692276,-0.5928462193766693,0.3490624937676864
8,1,Denise Richards,Maksim Chmerkoskiy,0.0,0.0,0.0,0.0,0.0,0.0,0.0,0.0,0.0,0.0,0.0,-0.26039410405530633,0.12307766758065668,0.13380795770776283,1.1644253023428932,-0.8828816473797461,-0.8150133413600382,-0.19226113831692276,-1.2593981751941539,0.6625869508395678
8,2,Denise Richards,Maksim Chmerkoskiy,0.0,0.0,0.0,0.0,0.0,0.0,0.0,0.0,0.0,0.0,0.0,-0.26039410405530633,0.12307766758065668,0.13380795770776283,1.1644253023428932,-0.6562789827204404,-0.7243238079462652,0.5166493376706954,-1.0094411917625972,0.03553803669580512
8,3,Denise Richards,Maksim Chmerkoskiy,0.0,0.0,0.0,0.0,0.0,0.0,0.0,0.0,0.0,0.0,0.0,-0.26039410405530633,0.12307766758065668,0.13380795770776283,0.8307546573428003,-2.1669634137824776,-1.0093618413550765,-1.3737785982962865,-1.1760791807169684,1.6031603220552115
8,1,Gilles Marini,Cheryl Burke,0.0,0.0,0.0,0.0,0.0,0.0,0.0,0.0,0.0,0.0,0.0,-0.3783131187639717,0.2617572142756622,-0.25483367530840806,1.1644253023428932,1.156542334554004,-0.38199124487986463,-0.19226113831692276,-0.259570241467927,-1.2185597915917201
8,2,Gilles Marini,Cheryl Burke,0.0,0.0,0.0,0.0,0.0,0.0,0.0,0.0,0.0,0.0,0.0,-0.3783131187639717,0.2617572142756622,-0.25483367530840806,1.1644253023428932,1.156542334554004,-0.3272507157021817,0.5166493376706954,-0.009613258036370276,-1.2185597915917201
8,3,Gilles Marini,Cheryl Burke,0.0,0.0,0.0,0.0,0.0,0.0,0.0,0.0,0.0,0.0,0.0,-0.3783131187639717,0.2617572142756622,-0.25483367530840806,0.8307546573428003,1.156542334554004,-0.24986836111130725,-0.19226113831692276,0.24034372539518645,-1.2185597915917201
8,4,Gilles Marini,Cheryl Burke,0.0,0.0,0.0,0.0,0.0,0.0,0.0,0.0,0.0,0.0,0.0,-0.3783131187639717,0.2617572142756622,-0.25483367530840806,0.4970840123427075,1.156542334554004,0.059977589130890505,0.5166493376706954,0.4903007088267432,-1.2185597915917201
8,5,Gilles Marini,Cheryl Burke,0.0,0.0,0.0,0.0,0.0,0.0,0.0,0.0,0.0,0.0,0.0,-0.3783131187639717,0.2617572142756622,-0.25483367530840806,-0.17025727765747814,1.156542334554004,0.30775109451355437,-0.42856463031279546,0.6569386977811144,-1.2185597915917201
8,6,Gilles Marini,Cheryl Burke,0.0,0.0,0.0,0.0,0.0,0.0,0.0,0.0,0.0,0.0,0.0,-0.3783131187639717,0.2617572142756622,-0.25483367530840806,-0.503927922657571,0.5738497682872186,0.3373841734662289,-0.9011716143045408,0.32366271987237205,-0.5915108774479575
8,7,Gilles Marini,Cheryl Burke,0.0,0.0,0.0,0.0,0.0,0.0,0.0,0.0,0.0,0.0,0.0,-0.3783131187639717,0.2617572142756622,-0.25483367530840806,-0.8375985676576638,0.5939426153998668,0.48762181151300965,0.04404235367894996,0.15702473091800087,-0.5915108774479575
8,8,Gilles Marini,Cheryl Burke,0.0,0.0,0.0,0.0,0.0,0.0,0.0,0.0,0.0,0.0,0.0,-0.3783131187639717,0.2617572142756622,-0.25483367530840806,-1.1712692126577566,1.0108691929873082,0.977448317627602,-0.0741093923189864,0.28200322263377925,-0.9050353345198388
8,9,Gilles Marini,Cheryl Burke,0.0,0.0,0.0,0.0,0.0,0.0,0.0,0.0,0.0,0.0,0.0,-0.3783131187639717,0.2617572142756622,-0.25483367530840806,-1.5049398576578494,1.013424862137601,1.5641754808737216,-0.0741093923189864,0.3653222171109648,-0.9050353345198388
8,10,Gilles Marini,Cheryl Burke,0.0,0.0,0.0,0.0,0.0,0.0,0.0,0.0,0.0,0.0,0.0,-0.3783131187639717,0.2617572142756622,-0.25483367530840806,-1.8386105026579422,1.156542334554004,2.690686097267116,0.2803458456748227,0.5736197033039288,-1.2185597915917201
8,11,Gilles Marini,Cheryl Burke,0.0,0.0,0.0,0.0,0.0,0.0,0.0,0.0,0.0,0.0,0.0,-0.3783131187639717,0.2617572142756622,-0.25483367530840806,-2.172281147658035,0.8846191369628383,3.6983141099533077,-0.42856463031279546,0.6569386977811144,-0.9050353345198388
8,1,Holly Madison,Dmitry Chaplin,0.0,0.0,0.0,0.0,0.0,0.0,0.0,0.0,0.0,0.0,0.0,0.3292009694880202,0.33319819287611924,-0.4880186551181106,1.1644253023428932,-0.8828816473797461,-0.8150133413600382,-0.19226113831692276,-1.2593981751941539,0.6625869508395678
8,2,Holly Madison,Dmitry Chaplin,0.0,0.0,0.0,0.0,0.0,0.0,0.0,0.0,0.0,0.0,0.0,0.3292009694880202,0.33319819287611924,-0.4880186551181106,1.1644253023428932,-1.562689641357663,-0.9228603540683081,-0.19226113831692276,-1.2593981751941539,1.2896358649833304
8,3,Holly Madison,Dmitry Chaplin,0.0,0.0,0.0,0.0,0.0,0.0,0.0,0.0,0.0,0.0,0.0,0.3292009694880202,0.33319819287611924,-0.4880186551181106,0.8307546573428003,-1.86482652757007,-0.940316979514733,-0.42856463031279546,-1.3427171696713396,1.2896358649833304
8,4,Holly Madison,Dmitry Chaplin,0.0,0.0,0.0,0.0,0.0,0.0,0.0,0.0,0.0,0.0,0.0,0.3292009694880202,0.33319819287611924,-0.4880186551181106,0.4970840123427075,-2.6503824317223295,-0.9545824468371181,-0.42856463031279546,-1.5093551586257106,1.2896358649833304
8,1,Lawrence Taylor,Edyta Sliwinska,0.0,0.0,0.0,0.0,0.0,0.0,0.0,0.0,0.0,0.0,1.0,0.6507982823298348,-0.4786311094018037,1.066547876946573,1.1644253023428932,-1.562689641357663,-0.9593540401867621,-0.19226113831692276,-1.5926741531028963,1.916684779127093
8,2,Lawrence Taylor,Edyta Sliwinska,0.0,0.0,0.0,0.0,0.0,0.0,0.0,0.0,0.0,0.0,1.0,0.6507982823298348,-0.4786311094018037,1.066547876946573,1.1644253023428932,-0.9584158689328482,-0.7905026566536129,0.7529528296665682,-1.2593981751941539,0.3490624937676864
8,3,Lawrence Taylor,Edyta Sliwinska,0.0,0.0,0.0,0.0,0.0,0.0,0.0,0.0,0.0,0.0,1.0,0.6507982823298348,-0.4786311094018037,1.066547876946573,0.8307546573428003,-0.9584158689328482,-0.733182393993706,-0.19226113831692276,-0.9261221972854116,0.976111407911449
8,4,Lawrence Taylor,Edyta Sliwinska,0.0,0.0,0.0,0.0,0.0,0.0,0.0,0.0,0.0,0.0,1.0,0.6507982823298348,-0.4786311094018037,1.066547876946573,0.4970840123427075,-1.8346128389488296,-0.7371767248439742,-0.42856463031279546,-1.0094411917625972,0.976111407911449
8,5,Lawrence Taylor,Edyta Sliwinska,0.0,0.0,0.0,0.0,0.0,0.0,0.0,0.0,0.0,0.0,1.0,0.6507982823298348,-0.4786311094018037,1.066547876946573,-0.17025727765747814,-1.3751564016396163,-0.44385154437703217,0.04404235367894996,-1.0094411917625972,0.976111407911449
8,6,Lawrence Taylor,Edyta Sliwinska,0.0,0.0,0.0,0.0,0.0,0.0,0.0,0.0,0.0,0.0,1.0,0.6507982823298348,-0.4786311094018037,1.066547876946573,-0.503927922657571,-0.5915353642463533,-0.03976410411327617,0.2803458456748227,-0.7594842083310405,0.3490624937676864
8,7,Lawrence Taylor,Edyta Sliwinska,0.0,0.0,0.0,0.0,0.0,0.0,0.0,0.0,0.0,0.0,1.0,0.6507982823298348,-0.4786311094018037,1.066547876946573,-0.8375985676576638,-1.0938565420625477,-0.09053406455667234,-0.42856463031279546,-0.6761652138538549,0.6625869508395678
8,1,Lil' Kim,Derek Hough,0.0,0.0,0.0,0.0,0.0,0.0,0.0,0.0,0.0,0.0,0.0,-2.063861387834893,1.3838008193534315,-0.1771053487051739,1.1644253023428932,0.136830343587129,-0.5985022931199513,-0.19226113831692276,-0.7594842083310405,-0.2779864203760762
8,2,Lil' Kim,Derek Hough,0.0,0.0,0.0,0.0,0.0,0.0,0.0,0.0,0.0,0.0,0.0,-2.063861387834893,1.3838008193534315,-0.1771053487051739,1.1644253023428932,-0.05200521029562557,-0.5919661105315718,0.2803458456748227,-0.5928462193766693,-0.2779864203760762
8,3,Lil' Kim,Derek Hough,0.0,0.0,0.0,0.0,0.0,0.0,0.0,0.0,0.0,0.0,0.0,-2.063861387834893,1.3838008193534315,-0.1771053487051739,0.8307546573428003,0.5522685621291902,-0.3879580847919923,0.2803458456748227,-0.259570241467927,-0.2779864203760762
8,4,Lil' Kim,Derek Hough,0.0,0.0,0.0,0.0,0.0,0.0,0.0,0.0,0.0,0.0,0.0,-2.063861387834893,1.3838008193534315,-0.1771053487051739,0.4970840123427075,0.3407727417805042,-0.15742813286225366,0.2803458456748227,0.0737057364408153,-0.5915108774479575
8,5,Lil' Kim,Derek Hough,0.0,0.0,0.0,0.0,0.0,0.0,0.0,0.0,0.0,0.0,0.0,-2.063861387834893,1.3838008193534315,-0.1771053487051739,-0.17025727765747814,0.3126427558227972,0.05721688155002544,-0.42856463031279546,0.15702473091800087,-0.9050353345198388
8,6,Lil' Kim,Derek Hough,0.0,0.0,0.0,0.0,0.0,0.0,0.0,0.0,0.0,0.0,0.0,-2.063861387834893,1.3838008193534315,-0.1771053487051739,-0.503927922657571,1.156542334554004,0.5259583122559814,0.2803458456748227,0.24034372539518645,-1.2185597915917201
8,7,Lil' Kim,Derek Hough,0.0,0.0,0.0,0.0,0.0,0.0,0.0,0.0,0.0,0.0,0.0,-2.063861387834893,1.3838008193534315,-0.1771053487051739,-0.8375985676576638,0.3126427558227972,0.3912624988347293,-0.6648681223086682,0.24034372539518645,0.03553803669580512
8,8,Lil' Kim,Derek Hough,0.0,0.0,0.0,0.0,0.0,0.0,0.0,0.0,0.0,0.0,0.0,-2.063861387834893,1.3838008193534315,-0.1771053487051739,-1.1712692126577566,1.156542334554004,1.033657916689932,0.2803458456748227,0.24034372539518645,-1.2185597915917201
8,9,Lil' Kim,Derek Hough,0.0,0.0,0.0,0.0,0.0,0.0,0.0,0.0,0.0,0.0,0.0,-2.063861387834893,1.3838008193534315,-0.1771053487051739,-1.5049398576578494,0.44095497247198695,1.3014429728969878,-0.6648681223086682,0.24034372539518645,-0.2779864203760762
8,1,Melissa Rycroft,Tony Dovolani,0.0,0.0,0.0,0.0,0.0,0.0,0.0,0.0,0.0,0.0,0.0,0.722264351850238,-0.6873872157018412,-0.7989319615310473,1.1644253023428932,0.816638337565046,-0.4541615942932274,-0.19226113831692276,-0.42620823042229816,-0.9050353345198388
8,2,Melissa Rycroft,Tony Dovolani,0.0,0.0,0.0,0.0,0.0,0.0,0.0,0.0,0.0,0.0,0.0,0.722264351850238,-0.6873872157018412,-0.7989319615310473,1.1644253023428932,0.8544054483415953,-0.39342956440952914,0.5166493376706954,-0.17625124699074143,-0.9050353345198388
8,3,Melissa Rycroft,Tony Dovolani,0.0,0.0,0.0,0.0,0.0,0.0,0.0,0.0,0.0,0.0,0.0,0.722264351850238,-0.6873872157018412,-0.7989319615310473,0.8307546573428003,1.156542334554004,-0.24986836111130725,0.04404235367894996,0.15702473091800087,-1.2185597915917201
8,4,Melissa Rycroft,Tony Dovolani,0.0,0.0,0.0,0.0,0.0,0.0,0.0,0.0,0.0,0.0,0.0,0.722264351850238,-0.6873872157018412,-0.7989319615310473,0.4970840123427075,0.8846191369628383,-0.012490984866824865,0.2803458456748227,0.4069817143495576,-0.9050353345198388
8,5,Melissa Rycroft,Tony Dovolani,0.0,0.0,0.0,0.0,0.0,0.0,0.0,0.0,0.0,0.0,0.0,0.722264351850238,-0.6873872157018412,-0.7989319615310473,-0.17025727765747814,0.0313428962457277,-0.02629452277115144,-1.1374751063004138,0.24034372539518645,-0.2779864203760762
8,6,Melissa Rycroft,Tony Dovolani,0.0,0.0,0.0,0.0,0.0,0.0,0.0,0.0,0.0,0.0,0.0,0.722264351850238,-0.6873872157018412,-0.7989319615310473,-0.503927922657571,0.8651960514206122,0.4316712428611052,0.2803458456748227,0.0737057364408153,-0.9050353345198388
8,7,Melissa Rycroft,Tony Dovolani,0.0,0.0,0.0,0.0,0.0,0.0,0.0,0.0,0.0,0.0,0.0,0.722264351850238,-0.6873872157018412,-0.7989319615310473,-0.8375985676576638,1.156542334554004,0.6803404368695705,0.2803458456748227,0.4069817143495576,-1.2185597915917201
8,8,Melissa Rycroft,Tony Dovolani,0.0,0.0,0.0,0.0,0.0,0.0,0.0,0.0,0.0,0.0,0.0,0.722264351850238,-0.6873872157018412,-0.7989319615310473,-1.1712692126577566,-0.30018908111296055,0.47156192606663017,-1.610082090292159,0.0737057364408153,0.3490624937676864
8,9,Melissa Rycroft,Tony Dovolani,0.0,0.0,0.0,0.0,0.0,0.0,0.0,0.0,0.0,0.0,0.0,0.722264351850238,-0.6873872157018412,-0.7989319615310473,-1.5049398576578494,1.156542334554004,1.629858607867905,1.107408067660377,0.032046239202222514,-1.2185597915917201
8,10,Melissa Rycroft,Tony Dovolani,0.0,0.0,0.0,0.0,0.0,0.0,0.0,0.0,0.0,0.0,0.0,0.722264351850238,-0.6873872157018412,-0.7989319615310473,-1.8386105026579422,0.47673434057608705,2.2902889532614767,-0.42856463031279546,0.4069817143495576,-0.5915108774479575
8,11,Melissa Rycroft,Tony Dovolani,0.0,0.0,0.0,0.0,0.0,0.0,0.0,0.0,0.0,0.0,0.0,0.722264351850238,-0.6873872157018412,-0.7989319615310473,-2.172281147658035,0.7486575381672537,3.598100424767896,0.04404235367894996,0.4069817143495576,-0.5915108774479575
8,1,Shawn Johnson,Mark Ballas,0.0,0.0,0.0,0.0,0.0,0.0,0.0,0.0,0.0,0.0,0.0,-0.7376853540665704,1.098637249309589,-1.498486900960155,1.1644253023428932,0.816638337565046,-0.4541615942932274,-0.19226113831692276,-0.42620823042229816,-0.9050353345198388
8,2,Shawn Johnson,Mark Ballas,0.0,0.0,0.0,0.0,0.0,0.0,0.0,0.0,0.0,0.0,0.0,-0.7376853540665704,1.098637249309589,-1.498486900960155,1.1644253023428932,0.25013167591678137,-0.5257872618242244,0.04404235367894996,-0.34288923594511256,-0.5915108774479575
8,3,Shawn Johnson,Mark Ballas,0.0,0.0,0.0,0.0,0.0,0.0,0.0,0.0,0.0,0.0,0.0,-0.7376853540665704,1.098637249309589,-1.498486900960155,0.8307546573428003,1.156542334554004,-0.24986836111130725,0.5166493376706954,-0.009613258036370276,-1.2185597915917201
8,4,Shawn Johnson,Mark Ballas,0.0,0.0,0.0,0.0,0.0,0.0,0.0,0.0,0.0,0.0,0.0,-0.7376853540665704,1.098637249309589,-1.498486900960155,0.4970840123427075,-0.20307365340182904,-0.30236528085768416,-0.6648681223086682,0.0737057364408153,-0.2779864203760762
8,5,Shawn Johnson,Mark Ballas,0.0,0.0,0.0,0.0,0.0,0.0,0.0,0.0,0.0,0.0,0.0,-0.7376853540665704,1.098637249309589,-1.498486900960155,-0.17025727765747814,0.3126427558227972,0.05721688155002544,0.04404235367894996,-0.009613258036370276,-0.9050353345198388
8,6,Shawn Johnson,Mark Ballas,0.0,0.0,0.0,0.0,0.0,0.0,0.0,0.0,0.0,0.0,0.0,-0.7376853540665704,1.098637249309589,-1.498486900960155,-0.503927922657571,0.5738497682872186,0.3373841734662289,-0.19226113831692276,0.0737057364408153,-0.5915108774479575
8,7,Shawn Johnson,Mark Ballas,0.0,0.0,0.0,0.0,0.0,0.0,0.0,0.0,0.0,0.0,0.0,-0.7376853540665704,1.098637249309589,-1.498486900960155,-0.8375985676576638,0.8752424749769354,0.58398112419129,0.2803458456748227,0.24034372539518645,-0.9050353345198388
8,8,Shawn Johnson,Mark Ballas,0.0,0.0,0.0,0.0,0.0,0.0,0.0,0.0,0.0,0.0,0.0,-0.7376853540665704,1.098637249309589,-1.498486900960155,-1.1712692126577566,0.5738497682872186,0.8088195204406102,-0.6648681223086682,0.24034372539518645,-0.5915108774479575
8,9,Shawn Johnson,Mark Ballas,0.0,0.0,0.0,0.0,0.0,0.0,0.0,0.0,0.0,0.0,0.0,-0.7376853540665704,1.098637249309589,-1.498486900960155,-1.5049398576578494,1.013424862137601,1.5641754808737216,0.2803458456748227,0.24034372539518645,-0.9050353345198388
8,10,Shawn Johnson,Mark Ballas,0.0,0.0,0.0,0.0,0.0,0.0,0.0,0.0,0.0,0.0,0.0,-0.7376853540665704,1.098637249309589,-1.498486900960155,-1.8386105026579422,0.6126959393716699,2.3703683820626047,-0.19226113831692276,0.4069817143495576,-0.9050353345198388
8,11,Shawn Johnson,Mark Ballas,0.0,0.0,0.0,0.0,0.0,0.0,0.0,0.0,0.0,0.0,0.0,-0.7376853540665704,1.098637249309589,-1.498486900960155,-2.172281147658035,1.156542334554004,3.89874148032413,0.2803458456748227,0.5736197033039288,-1.2185597915917201
8,1,Steve Wozniak,Karina Smirnoff,0.0,0.0,0.0,1.0,0.0,0.0,0.0,0.0,0.0,0.0,0.0,0.16542456017042953,-0.2621432954610242,1.6883744897724464,1.1644253023428932,-2.582401632324538,-1.1758650884268491,-0.19226113831692276,-2.0925881199660097,2.543733693270856
8,2,Steve Wozniak,Karina Smirnoff,0.0,0.0,0.0,1.0,0.0,0.0,0.0,0.0,0.0,0.0,0.0,0.16542456017042953,-0.2621432954610242,1.6883744897724464,1.1644253023428932,-1.86482652757007,-0.9890392027756538,0.7529528296665682,-1.7593121420572673,1.916684779127093
8,3,Steve Wozniak,Karina Smirnoff,0.0,0.0,0.0,1.0,0.0,0.0,0.0,0.0,0.0,0.0,0.0,0.16542456017042953,-0.2621432954610242,1.6883744897724464,0.8307546573428003,-3.9797847310569225,-1.4236310123971319,-1.846385582288032,-2.009269125488824,2.230209236198974
8,4,Steve Wozniak,Karina Smirnoff,0.0,0.0,0.0,1.0,0.0,0.0,0.0,0.0,0.0,0.0,0.0,0.16542456017042953,-0.2621432954610242,1.6883744897724464,0.4970840123427075,-3.7380752220869957,-1.2444567428279776,0.2803458456748227,-2.425864097874752,1.916684779127093
8,1,Steve-O,Lacey Schwimmer,0.0,0.0,0.0,0.0,0.0,0.0,0.0,0.0,0.0,0.0,0.0,-0.1621282584647517,0.33319819287611924,-0.1771053487051739,1.1644253023428932,-1.222785644368704,-0.8871836907733993,-0.19226113831692276,-1.426036164148525,1.2896358649833304
8,2,Steve-O,Lacey Schwimmer,0.0,0.0,0.0,0.0,0.0,0.0,0.0,0.0,0.0,0.0,0.0,-0.1621282584647517,0.33319819287611924,-0.1771053487051739,1.1644253023428932,-2.7712371862072924,-1.1875757488976966,-0.9011716143045408,-1.6759931475800818,2.543733693270856
8,3,Steve-O,Lacey Schwimmer,0.0,0.0,0.0,0.0,0.0,0.0,0.0,0.0,0.0,0.0,0.0,-0.1621282584647517,0.33319819287611924,-0.1771053487051739,0.8307546573428003,-2.4691002999948846,-1.078406703195418,0.04404235367894996,-1.842631136534453,1.916684779127093
8,4,Steve-O,Lacey Schwimmer,0.0,0.0,0.0,0.0,0.0,0.0,0.0,0.0,0.0,0.0,0.0,-0.1621282584647517,0.33319819287611924,-0.1771053487051739,0.4970840123427075,-2.922305629313496,-1.0270510208348336,-0.19226113831692276,-1.7593121420572673,1.6031603220552115
8,5,Steve-O,Lacey Schwimmer,0.0,0.0,0.0,0.0,0.0,0.0,0.0,0.0,0.0,0.0,0.0,-0.1621282584647517,0.33319819287611924,-0.1771053487051739,-0.17025727765747814,-1.9377561207937546,-0.6108743530193842,0.5166493376706954,-1.5093551586257106,1.2896358649833304
8,6,Steve-O,Lacey Schwimmer,0.0,0.0,0.0,0.0,0.0,0.0,0.0,0.0,0.0,0.0,0.0,-0.1621282584647517,0.33319819287611924,-0.1771053487051739,-0.503927922657571,-2.3396130630467105,-0.6054865204825355,-0.6648681223086682,-1.426036164148525,0.976111407911449
8,1,Ty Murray,Chelsie Hightower,0.0,0.0,0.0,0.0,0.0,0.0,0.0,0.0,0.0,0.0,0.0,0.49765670478611335,-1.4528262721353111,0.211536284310997,1.1644253023428932,-2.242497635335579,-1.103694739013486,-0.19226113831692276,-1.9259501310116385,2.230209236198974
8,2,Ty Murray,Chelsie Hightower,0.0,0.0,0.0,0.0,0.0,0.0,0.0,0.0,0.0,0.0,0.0,0.49765670478611335,-1.4528262721353111,0.211536284310997,1.1644253023428932,-0.9584158689328482,-0.7905026566536129,1.2255598136583135,-1.426036164148525,0.3490624937676864
8,3,Ty Murray,Chelsie Hightower,0.0,0.0,0.0,0.0,0.0,0.0,0.0,0.0,0.0,0.0,0.0,0.49765670478611335,-1.4528262721353111,0.211536284310997,0.8307546573428003,-0.05200521029562557,-0.5260478084726776,0.5166493376706954,-0.6761652138538549,0.3490624937676864
8,4,Ty Murray,Chelsie Hightower,0.0,0.0,0.0,0.0,0.0,0.0,0.0,0.0,0.0,0.0,0.0,0.49765670478611335,-1.4528262721353111,0.211536284310997,0.4970840123427075,-0.20307365340182904,-0.30236528085768416,0.2803458456748227,-0.259570241467927,-0.2779864203760762
8,5,Ty Murray,Chelsie Hightower,0.0,0.0,0.0,0.0,0.0,0.0,0.0,0.0,0.0,0.0,0.0,0.49765670478611335,-1.4528262721353111,0.211536284310997,-0.17025727765747814,-1.0938565420625477,-0.3603401400558553,-1.1374751063004138,-0.42620823042229816,0.6625869508395678
8,6,Ty Murray,Chelsie Hightower,0.0,0.0,0.0,0.0,0.0,0.0,0.0,0.0,0.0,0.0,0.0,0.49765670478611335,-1.4528262721353111,0.211536284310997,-0.503927922657571,-1.7569204967799241,-0.4169123816927813,-0.9011716143045408,-1.0094411917625972,0.6625869508395678
8,7,Ty Murray,Chelsie Hightower,0.0,0.0,0.0,0.0,0.0,0.0,0.0,0.0,0.0,0.0,0.0,0.49765670478611335,-1.4528262721353111,0.211536284310997,-0.8375985676576638,-0.24995696333134093,0.19854387347816854,1.2255598136583135,-0.7594842083310405,0.3490624937676864
8,8,Ty Murray,Chelsie Hightower,0.0,0.0,0.0,0.0,0.0,0.0,0.0,0.0,0.0,0.0,0.0,0.49765670478611335,-1.4528262721353111,0.211536284310997,-1.1712692126577566,0.5738497682872186,0.8088195204406102,0.2803458456748227,-0.09293225251355586,-0.5915108774479575
8,9,Ty Murray,Chelsie Hightower,0.0,0.0,0.0,0.0,0.0,0.0,0.0,0.0,0.0,0.0,0.0,0.49765670478611335,-1.4528262721353111,0.211536284310997,-1.5049398576578494,-0.417749862026435,0.9073442109318858,-0.9011716143045408,-0.17625124699074143,0.03553803669580512
8,10,Ty Murray,Chelsie Hightower,0.0,0.0,0.0,0.0,0.0,0.0,0.0,0.0,0.0,0.0,0.0,0.49765670478611335,-1.4528262721353111,0.211536284310997,-1.8386105026579422,-0.47499685099299566,1.7297329516535815,0.04404235367894996,-0.34288923594511256,-0.2779864203760762
9,1,Aaron Carter,Karina Smirnoff,0.0,0.0,0.0,0.0,0.0,0.0,0.0,0.0,0.0,0.0,0.0,0.16542456017042953,-0.2621432954610242,-1.1875735945472181,2.1654372373431716,0.6766764568464222,-0.7318207763350875,-0.19226113831692276,1.0735170063681467,-0.9050353345198388
9,2,Aaron Carter,Karina Smirnoff,0.0,0.0,0.0,0.0,0.0,0.0,0.0,0.0,0.0,0.0,0.0,0.16542456017042953,-0.2621432954610242,-1.1875735945472181,1.498095947342986,1.156542334554004,-0.5035025474635869,-1.373754967947086,0.6569303658816663,-1.2185597915917201
9,3,Aaron Carter,Karina Smirnoff,0.0,0.0,0.0,0.0,0.0,0.0,0.0,0.0,0.0,0.0,0.0,0.16542456017042953,-0.2621432954610242,-1.1875735945472181,1.1644253023428932,-0.6562789827204404,-0.686617254613009,-1.610082090292159,-0.259570241467927,-0.2779864203760762
9,4,Aaron Carter,Karina Smirnoff,0.0,0.0,0.0,0.0,0.0,0.0,0.0,0.0,0.0,0.0,0.0,0.16542456017042953,-0.2621432954610242,-1.1875735945472181,0.4970840123427075,-1.7569204967799241,-0.8096452988416877,-0.9011716143045408,-1.0094411917625972,0.976111407911449
9,5,Aaron Carter,Karina Smirnoff,0.0,0.0,0.0,0.0,0.0,0.0,0.0,0.0,0.0,0.0,0.0,0.16542456017042953,-0.2621432954610242,-1.1875735945472181,0.16341336734261466,-0.24995696333134093,-0.37483385485539955,1.2255598136583135,-0.7594842083310405,-0.2779864203760762
9,6,Aaron Carter,Karina Smirnoff,0.0,0.0,0.0,0.0,0.0,0.0,0.0,0.0,0.0,0.0,0.0,0.16542456017042953,-0.2621432954610242,-1.1875735945472181,-0.17025727765747814,0.4767097918858926,0.11181470678280335,1.9344230289475328,0.4902840450278478,-0.5915108774479575
9,7,Aaron Carter,Karina Smirnoff,0.0,0.0,0.0,0.0,0.0,0.0,0.0,0.0,0.0,0.0,0.0,0.16542456017042953,-0.2621432954610242,-1.1875735945472181,-0.8375985676576638,0.8598988462727312,0.5340170361358862,-1.7281865755916965,0.6985815312208117,-0.9050353345198388
9,8,Aaron Carter,Karina Smirnoff,0.0,0.0,0.0,0.0,0.0,0.0,0.0,0.0,0.0,0.0,0.0,0.16542456017042953,-0.2621432954610242,-1.1875735945472181,-1.5049398576578494,-0.0878519595072675,1.2327514584068868,-0.5467163763107318,0.032046239202222514,-0.2779864203760762
9,1,Ashley Hamiliton,Edyta Sliwinska,0.0,0.0,0.0,1.0,0.0,0.0,0.0,0.0,0.0,0.0,0.0,0.6507982823298348,-0.4786311094018037,-0.1771053487051739,2.1654372373431716,-2.4424517482528563,-1.2933651907879786,-0.19226113831692276,-1.092776850038678,3.170782607414618
9,1,Chuck Liddell,Anna Trebunskaya,0.0,0.0,0.0,1.0,0.0,0.0,0.0,0.0,0.0,0.0,0.0,1.0259951473119513,-0.4786311094018037,0.211536284310997,2.1654372373431716,-1.7226289383975988,-1.1637736986495089,-0.19226113831692276,-0.5928462193766693,1.6031603220552115
9,2,Chuck Liddell,Anna Trebunskaya,0.0,0.0,0.0,1.0,0.0,0.0,0.0,0.0,0.0,0.0,0.0,1.0259951473119513,-0.4786311094018037,0.211536284310997,1.498095947342986,-1.260552755145255,-0.9807105721560224,-0.9011716143045408,-0.8428032028082261,1.2896358649833304
9,3,Chuck Liddell,Anna Trebunskaya,0.0,0.0,0.0,1.0,0.0,0.0,0.0,0.0,0.0,0.0,0.0,1.0259951473119513,-0.4786311094018037,0.211536284310997,1.1644253023428932,-1.86482652757007,-0.9585148500773044,-0.6648681223086682,-1.2593981751941539,1.6031603220552115
9,4,Chuck Liddell,Anna Trebunskaya,0.0,0.0,0.0,1.0,0.0,0.0,0.0,0.0,0.0,0.0,0.0,1.0259951473119513,-0.4786311094018037,0.211536284310997,0.4970840123427075,-2.048266779913318,-0.882113872839403,-0.19226113831692276,-1.426036164148525,1.2896358649833304
9,1,Debi Mazar,Maksim Chmerkoskiy,0.0,0.0,0.0,0.0,0.0,0.0,0.0,0.0,0.0,0.0,1.0,-0.26039410405530633,0.12307766758065668,0.6779062439304021,2.1654372373431716,-1.7226289383975988,-1.1637736986495089,-0.19226113831692276,-0.5928462193766693,1.6031603220552115
9,2,Debi Mazar,Maksim Chmerkoskiy,0.0,0.0,0.0,0.0,0.0,0.0,0.0,0.0,0.0,0.0,1.0,-0.26039410405530633,0.12307766758065668,0.6779062439304021,1.498095947342986,-0.6562789827204404,-0.8614085659829132,-0.42856463031279546,-0.6761652138538549,-0.2779864203760762
9,3,Debi Mazar,Maksim Chmerkoskiy,0.0,0.0,0.0,0.0,0.0,0.0,0.0,0.0,0.0,0.0,1.0,-0.26039410405530633,0.12307766758065668,0.6779062439304021,1.1644253023428932,-1.86482652757007,-0.9585148500773044,-1.1374751063004138,-1.0927601862397827,1.6031603220552115
9,1,Donny Osmond,Kym Johnson,0.0,0.0,0.0,0.0,0.0,0.0,0.0,0.0,0.0,0.0,1.0,-0.0919383687572131,0.07805184073162919,1.144276203549807,2.1654372373431716,0.19681057913884129,-0.8182122247124552,-0.19226113831692276,0.7402410284594045,0.03553803669580512
9,2,Donny Osmond,Kym Johnson,0.0,0.0,0.0,0.0,0.0,0.0,0.0,0.0,0.0,0.0,1.0,-0.0919383687572131,0.07805184073162919,1.144276203549807,1.498095947342986,0.5522685621291902,-0.6228045536366962,-1.373754967947086,0.323654387972924,-0.5915108774479575
9,3,Donny Osmond,Kym Johnson,0.0,0.0,0.0,0.0,0.0,0.0,0.0,0.0,0.0,0.0,1.0,-0.0919383687572131,0.07805184073162919,1.144276203549807,1.1644253023428932,-0.6562789827204404,-0.686617254613009,-1.1374751063004138,-0.42620823042229816,-0.2779864203760762
9,4,Donny Osmond,Kym Johnson,0.0,0.0,0.0,0.0,0.0,0.0,0.0,0.0,0.0,0.0,1.0,-0.0919383687572131,0.07805184073162919,1.144276203549807,0.4970840123427075,-0.00884279797956782,-0.37483385485539955,0.5166493376706954,-0.5095272248994838,-0.2779864203760762
9,5,Donny Osmond,Kym Johnson,0.0,0.0,0.0,0.0,0.0,0.0,0.0,0.0,0.0,0.0,1.0,-0.0919383687572131,0.07805184073162919,1.144276203549807,0.16341336734261466,1.156542334554004,-0.012490984866824865,0.9892563216624407,0.15702473091800087,-1.2185597915917201
9,6,Donny Osmond,Kym Johnson,0.0,0.0,0.0,0.0,0.0,0.0,0.0,0.0,0.0,0.0,1.0,-0.0919383687572131,0.07805184073162919,1.144276203549807,-0.17025727765747814,0.02352586398950218,-0.02308205276522455,0.28032221532562235,0.7402493603588519,0.03553803669580512
9,7,Donny Osmond,Kym Johnson,0.0,0.0,0.0,0.0,0.0,0.0,0.0,0.0,0.0,0.0,1.0,-0.0919383687572131,0.07805184073162919,1.144276203549807,-0.8375985676576638,0.7115771021320948,0.4840529480804811,-1.373754967947086,0.49029237692729516,-0.5915108774479575
9,8,Donny Osmond,Kym Johnson,0.0,0.0,0.0,0.0,0.0,0.0,0.0,0.0,0.0,0.0,1.0,-0.0919383687572131,0.07805184073162919,1.144276203549807,-1.5049398576578494,-0.0878519595072675,1.2327514584068868,-0.42856463031279546,-0.009613258036370276,-0.2779864203760762
9,9,Donny Osmond,Kym Johnson,0.0,0.0,0.0,0.0,0.0,0.0,0.0,0.0,0.0,0.0,1.0,-0.0919383687572131,0.07805184073162919,1.144276203549807,-1.8386105026579422,-0.062418550264704394,1.9414459215438322,-0.2710447225483461,-0.12071080527224931,-0.2779864203760762
9,10,Donny Osmond,Kym Johnson,0.0,0.0,0.0,0.0,0.0,0.0,0.0,0.0,0.0,0.0,1.0,-0.0919383687572131,0.07805184073162919,1.144276203549807,-2.172281147658035,1.156542334554004,4.0464159507858435,0.8316891531995925,0.2125485088375976,-1.2185597915917201
9,1,Joanna Krupa,Derek Hough,0.0,1.0,0.0,0.0,0.0,0.0,0.0,0.0,0.0,0.0,0.0,-2.063861387834893,1.3838008193534315,-0.4880186551181106,2.1654372373431716,1.156542334554004,-0.6454293279577197,-0.19226113831692276,1.4067929842768885,-1.2185597915917201
9,2,Joanna Krupa,Derek Hough,0.0,1.0,0.0,0.0,0.0,0.0,0.0,0.0,0.0,0.0,0.0,-2.063861387834893,1.3838008193534315,-0.4880186551181106,1.498095947342986,-0.9584158689328482,-0.9210595690694676,-3.5004863959099404,0.24033539349573846,0.6625869508395678
9,3,Joanna Krupa,Derek Hough,0.0,1.0,0.0,0.0,0.0,0.0,0.0,0.0,0.0,0.0,0.0,-2.063861387834893,1.3838008193534315,-0.4880186551181106,1.1644253023428932,-0.05200521029562557,-0.550668456880862,0.5166493376706954,-0.6761652138538549,-0.5915108774479575
9,4,Joanna Krupa,Derek Hough,0.0,1.0,0.0,0.0,0.0,0.0,0.0,0.0,0.0,0.0,0.0,-2.063861387834893,1.3838008193534315,-0.4880186551181106,0.4970840123427075,0.5738497682872186,-0.22989670685996905,0.5166493376706954,-0.17625124699074143,-0.5915108774479575
9,5,Joanna Krupa,Derek Hough,0.0,1.0,0.0,0.0,0.0,0.0,0.0,0.0,0.0,0.0,0.0,-2.063861387834893,1.3838008193534315,-0.4880186551181106,0.16341336734261466,-0.24995696333134093,-0.37483385485539955,-0.6648681223086682,-0.09293225251355586,-0.2779864203760762
9,6,Joanna Krupa,Derek Hough,0.0,1.0,0.0,0.0,0.0,0.0,0.0,0.0,0.0,0.0,0.0,-2.063861387834893,1.3838008193534315,-0.4880186551181106,-0.17025727765747814,1.156542334554004,0.31417670904293177,2.6433571352843495,0.7402493603588519,-1.2185597915917201
9,7,Joanna Krupa,Derek Hough,0.0,1.0,0.0,0.0,0.0,0.0,0.0,0.0,0.0,0.0,0.0,-2.063861387834893,1.3838008193534315,-0.4880186551181106,-0.8375985676576638,1.156542334554004,0.6339452122466938,-2.2008171899326405,1.0318658410290014,-1.2185597915917201
9,8,Joanna Krupa,Derek Hough,0.0,1.0,0.0,0.0,0.0,0.0,0.0,0.0,0.0,0.0,0.0,-2.063861387834893,1.3838008193534315,-0.4880186551181106,-1.5049398576578494,0.18868010583968184,1.3666247019751852,-0.5467163763107318,0.19868422815659367,-0.9050353345198388
9,9,Joanna Krupa,Derek Hough,0.0,1.0,0.0,0.0,0.0,0.0,0.0,0.0,0.0,0.0,0.0,-2.063861387834893,1.3838008193534315,-0.4880186551181106,-1.8386105026579422,0.5939688054771015,2.3250887147881545,0.04404235367894996,0.15702473091800087,-0.9050353345198388
9,1,Kathy Ireland,Tony Dovolani,0.0,1.0,0.0,1.0,0.0,0.0,0.0,0.0,0.0,0.0,1.0,0.722264351850238,-0.6873872157018412,0.7556345705336363,2.1654372373431716,-2.202518809399066,-1.2501694665992955,-0.19226113831692276,-0.926138861084307,2.230209236198974
9,2,Kathy Ireland,Tony Dovolani,0.0,1.0,0.0,1.0,0.0,0.0,0.0,0.0,0.0,0.0,1.0,0.722264351850238,-0.6873872157018412,0.7556345705336363,1.498095947342986,-1.562689641357663,-1.0403615752425772,-0.6648444919594686,-1.0927685181392308,2.543733693270856
9,1,Kelly Osbourne,Louis van Amstel,0.0,0.0,0.0,0.0,0.0,0.0,0.0,0.0,0.0,0.0,0.0,0.3292009694880202,-0.9657286907685575,-0.9543886147375157,2.1654372373431716,0.4367195246987465,-0.7750208200961896,-0.19226113831692276,0.9068623536148802,-0.2779864203760762
9,2,Kelly Osbourne,Louis van Amstel,0.0,0.0,0.0,0.0,0.0,0.0,0.0,0.0,0.0,0.0,0.0,0.3292009694880202,-0.9657286907685575,-0.9543886147375157,1.498095947342986,-1.260552755145255,-0.9807105721560224,-3.0278557815689964,-0.09294891631245125,1.2896358649833304
9,3,Kelly Osbourne,Louis van Amstel,0.0,0.0,0.0,0.0,0.0,0.0,0.0,0.0,0.0,0.0,0.0,0.3292009694880202,-0.9657286907685575,-0.9543886147375157,1.1644253023428932,-0.9584158689328482,-0.7545916534790833,0.04404235367894996,-1.0094411917625972,0.3490624937676864
9,4,Kelly Osbourne,Louis van Amstel,0.0,0.0,0.0,0.0,0.0,0.0,0.0,0.0,0.0,0.0,0.0,0.3292009694880202,-0.9657286907685575,-0.9543886147375157,0.4970840123427075,-0.30018908111296055,-0.44730242885311466,0.5166493376706954,-0.6761652138538549,0.3490624937676864
9,5,Kelly Osbourne,Louis van Amstel,0.0,0.0,0.0,0.0,0.0,0.0,0.0,0.0,0.0,0.0,0.0,0.3292009694880202,-0.9657286907685575,-0.9543886147375157,0.16341336734261466,-0.24995696333134093,-0.37483385485539955,0.04404235367894996,-0.34288923594511256,-0.2779864203760762
9,6,Kelly Osbourne,Louis van Amstel,0.0,0.0,0.0,0.0,0.0,0.0,0.0,0.0,0.0,0.0,0.0,0.3292009694880202,-0.9657286907685575,-0.9543886147375157,-0.17025727765747814,-1.3361165610173105,-0.42779931211024674,0.04399509298055086,-0.17626791078963683,0.3490624937676864
9,7,Kelly Osbourne,Louis van Amstel,0.0,0.0,0.0,0.0,0.0,0.0,0.0,0.0,0.0,0.0,0.0,0.3292009694880202,-0.9657286907685575,-0.9543886147375157,-0.8375985676576638,0.7115771021320948,0.4840529480804811,0.04408961437734902,-0.009629921835265674,-0.5915108774479575
9,8,Kelly Osbourne,Louis van Amstel,0.0,0.0,0.0,0.0,0.0,0.0,0.0,0.0,0.0,0.0,0.0,0.3292009694880202,-0.9657286907685575,-0.9543886147375157,-1.5049398576578494,0.050414073166207614,1.2996880801910362,-0.3104128843148591,0.032046239202222514,-0.5915108774479575
9,9,Kelly Osbourne,Louis van Amstel,0.0,0.0,0.0,0.0,0.0,0.0,0.0,0.0,0.0,0.0,0.0,0.3292009694880202,-0.9657286907685575,-0.9543886147375157,-1.8386105026579422,0.31261171573125707,2.1606421896304573,-0.07415665301738548,0.03202957540332711,-0.5915108774479575
9,10,Kelly Osbourne,Louis van Amstel,0.0,0.0,0.0,0.0,0.0,0.0,0.0,0.0,0.0,0.0,0.0,0.3292009694880202,-0.9657286907685575,-0.9543886147375157,-2.172281147658035,0.09389665642478519,3.2439315161000617,-0.37601073369291327,0.008883558737565031,-0.5915108774479575
9,1,Louie Vito,Chelsie Hightower,0.0,0.0,0.0,0.0,0.0,0.0,1.0,0.0,0.0,0.0,0.0,0.49765670478611335,-1.4528262721353111,-1.1875735945472181,2.1654372373431716,-0.5230122307164162,-0.9478037168509268,-0.19226113831692276,0.24031039779739566,0.6625869508395678
9,2,Louie Vito,Chelsie Hightower,0.0,0.0,0.0,0.0,0.0,0.0,1.0,0.0,0.0,0.0,0.0,0.49765670478611335,-1.4528262721353111,-1.1875735945472181,1.498095947342986,-1.260552755145255,-0.9807105721560224,-2.0826418135855054,-0.42622489422119353,1.2896358649833304
9,3,Louie Vito,Chelsie Hightower,0.0,0.0,0.0,0.0,0.0,0.0,1.0,0.0,0.0,0.0,0.0,0.49765670478611335,-1.4528262721353111,-1.1875735945472181,1.1644253023428932,-0.9584158689328482,-0.7545916534790833,0.04404235367894996,-1.0094411917625972,0.3490624937676864
9,4,Louie Vito,Chelsie Hightower,0.0,0.0,0.0,0.0,0.0,0.0,1.0,0.0,0.0,0.0,0.0,0.49765670478611335,-1.4528262721353111,-1.1875735945472181,0.4970840123427075,-2.3396130630467105,-0.9545824468371181,-1.1374751063004138,-1.2593981751941539,1.6031603220552115
9,5,Louie Vito,Chelsie Hightower,0.0,0.0,0.0,0.0,0.0,0.0,1.0,0.0,0.0,0.0,0.0,0.49765670478611335,-1.4528262721353111,-1.1875735945472181,0.16341336734261466,-0.8125566824854791,-0.5197710028508283,1.2255598136583135,-1.0927601862397827,0.976111407911449
9,6,Louie Vito,Chelsie Hightower,0.0,0.0,0.0,0.0,0.0,0.0,1.0,0.0,0.0,0.0,0.0,0.49765670478611335,-1.4528262721353111,-1.1875735945472181,-0.17025727765747814,-1.5626745344713882,-0.4952375741214068,0.2803458456748227,-0.42620823042229816,0.6625869508395678
9,1,Macy Gray,Jonathan Roberts,0.0,0.0,0.0,0.0,0.0,0.0,1.0,0.0,0.0,0.0,0.0,1.3399353812765793,-0.6873872157018412,0.4447212641206995,2.1654372373431716,-2.4424517482528563,-1.2933651907879786,-0.19226113831692276,-1.092776850038678,3.170782607414618
9,1,Mark Dacascos,Lacey Schwimmer,0.0,0.0,0.0,0.0,0.0,0.0,0.0,0.0,0.0,0.0,1.0,-0.1621282584647517,0.33319819287611924,0.6779062439304021,2.1654372373431716,-0.04314635300883443,-0.8614122684735573,-0.19226113831692276,0.5735863757061379,0.3490624937676864
9,2,Mark Dacascos,Lacey Schwimmer,0.0,0.0,0.0,0.0,0.0,0.0,0.0,0.0,0.0,0.0,1.0,-0.1621282584647517,0.33319819287611924,0.6779062439304021,1.498095947342986,-0.6562789827204404,-0.8614085659829132,-2.0826418135855054,-0.09294891631245125,-0.2779864203760762
9,3,Mark Dacascos,Lacey Schwimmer,0.0,0.0,0.0,0.0,0.0,0.0,0.0,0.0,0.0,0.0,1.0,-0.1621282584647517,0.33319819287611924,0.6779062439304021,1.1644253023428932,-1.562689641357663,-0.8905404512112302,-0.9011716143045408,-1.0094411917625972,1.2896358649833304
9,4,Mark Dacascos,Lacey Schwimmer,0.0,0.0,0.0,0.0,0.0,0.0,0.0,0.0,0.0,0.0,1.0,-0.1621282584647517,0.33319819287611924,0.6779062439304021,0.4970840123427075,-0.5915353642463533,-0.5197710028508283,0.7529528296665682,-0.9261221972854116,0.6625869508395678
9,5,Mark Dacascos,Lacey Schwimmer,0.0,0.0,0.0,0.0,0.0,0.0,0.0,0.0,0.0,0.0,1.0,-0.1621282584647517,0.33319819287611924,0.6779062439304021,0.16341336734261466,0.3126427558227972,-0.22989670685996905,0.7529528296665682,-0.259570241467927,-0.5915108774479575
9,6,Mark Dacascos,Lacey Schwimmer,0.0,0.0,0.0,0.0,0.0,0.0,0.0,0.0,0.0,0.0,1.0,-0.1621282584647517,0.33319819287611924,0.6779062439304021,-0.17025727765747814,0.2501518184318147,0.04437644477164327,1.2255598136583135,0.5736197033039288,-0.2779864203760762
9,7,Mark Dacascos,Lacey Schwimmer,0.0,0.0,0.0,0.0,0.0,0.0,0.0,0.0,0.0,0.0,1.0,-0.1621282584647517,0.33319819287611924,0.6779062439304021,-0.8375985676576638,-0.6233185951336321,0.03437615558184066,-2.6734478042735863,0.19868422815659367,0.6625869508395678
9,1,Melissa Joan Hart,Mark Ballas,0.0,0.0,0.0,0.0,0.0,0.0,0.0,0.0,0.0,0.0,0.0,-0.7376853540665704,1.098637249309589,-0.25483367530840806,2.1654372373431716,-1.242763060690018,-1.077382250272141,-0.19226113831692276,-0.259570241467927,1.2896358649833304
9,2,Melissa Joan Hart,Mark Ballas,0.0,0.0,0.0,0.0,0.0,0.0,0.0,0.0,0.0,0.0,0.0,-0.7376853540665704,1.098637249309589,-0.25483367530840806,1.498095947342986,-1.260552755145255,-0.9807105721560224,-1.3737785982962865,-0.6761652138538549,1.2896358649833304
9,3,Melissa Joan Hart,Mark Ballas,0.0,0.0,0.0,0.0,0.0,0.0,0.0,0.0,0.0,0.0,0.0,-0.7376853540665704,1.098637249309589,-0.25483367530840806,1.1644253023428932,-1.260552755145255,-0.8225660523451576,-0.19226113831692276,-1.0927601862397827,0.976111407911449
9,4,Melissa Joan Hart,Mark Ballas,0.0,0.0,0.0,0.0,0.0,0.0,0.0,0.0,0.0,0.0,0.0,-0.7376853540665704,1.098637249309589,-0.25483367530840806,0.4970840123427075,1.156542334554004,-0.08495955886454024,1.9344702896459318,-0.34288923594511256,-1.2185597915917201
9,5,Melissa Joan Hart,Mark Ballas,0.0,0.0,0.0,0.0,0.0,0.0,0.0,0.0,0.0,0.0,0.0,-0.7376853540665704,1.098637249309589,-0.25483367530840806,0.16341336734261466,-0.5312568229084096,-0.44730242885311466,-1.3737785982962865,-0.009613258036370276,0.6625869508395678
9,6,Melissa Joan Hart,Mark Ballas,0.0,0.0,0.0,0.0,0.0,0.0,0.0,0.0,0.0,0.0,0.0,-0.7376853540665704,1.098637249309589,-0.25483367530840806,-0.17025727765747814,-1.5626971948007995,-0.49524431929664164,0.044018723329750424,-0.34289756784456055,0.976111407911449
9,1,Michael Irvin,Anna Demidova,0.0,0.0,0.0,0.0,0.0,0.0,0.0,0.0,0.0,0.0,0.0,0.3292009694880202,-1.4528262721353111,0.5224495907239337,2.1654372373431716,-2.4424277549589712,-1.2933608712155613,-0.19226113831692276,-1.0927601862397827,2.8572581503427372
9,2,Michael Irvin,Anna Demidova,0.0,0.0,0.0,0.0,0.0,0.0,0.0,0.0,0.0,0.0,0.0,0.3292009694880202,-1.4528262721353111,0.5224495907239337,1.498095947342986,-0.9584158689328482,-0.9210595690694676,0.04404235367894996,-1.0094411917625972,0.6625869508395678
9,3,Michael Irvin,Anna Demidova,0.0,0.0,0.0,0.0,0.0,0.0,0.0,0.0,0.0,0.0,0.0,0.3292009694880202,-1.4528262721353111,0.5224495907239337,1.1644253023428932,-2.7712371862072924,-1.1624380466755257,-1.610082090292159,-1.426036164148525,2.543733693270856
9,4,Michael Irvin,Anna Demidova,0.0,0.0,0.0,0.0,0.0,0.0,0.0,0.0,0.0,0.0,0.0,0.3292009694880202,-1.4528262721353111,0.5224495907239337,0.4970840123427075,-2.3396130630467105,-0.9545824468371181,0.2803458456748227,-1.7593121420572673,1.6031603220552115
9,5,Michael Irvin,Anna Demidova,0.0,0.0,0.0,0.0,0.0,0.0,0.0,0.0,0.0,0.0,0.0,0.3292009694880202,-1.4528262721353111,0.5224495907239337,0.16341336734261466,-1.0938565420625477,-0.5922395768485434,0.9892563216624407,-1.1760791807169684,1.6031603220552115
9,6,Michael Irvin,Anna Demidova,0.0,0.0,0.0,0.0,0.0,0.0,0.0,0.0,0.0,0.0,0.0,0.3292009694880202,-1.4528262721353111,0.5224495907239337,-0.17025727765747814,-2.0159264433560113,-0.6301545691951405,0.04399509298055086,-0.6761818776527503,1.2896358649833304
9,7,Michael Irvin,Anna Demidova,0.0,0.0,0.0,0.0,0.0,0.0,0.0,0.0,0.0,0.0,0.0,0.3292009694880202,-1.4528262721353111,0.5224495907239337,-0.8375985676576638,-0.03003161857108731,0.234232507803459,0.1622413603752854,-0.46788439145978633,0.3490624937676864
9,1,Mya,Dmitry Chaplin,0.0,0.0,0.0,0.0,0.0,0.0,0.0,0.0,0.0,0.0,0.0,0.3292009694880202,0.33319819287611924,-0.5657469817213447,2.1654372373431716,0.43674351799263267,-0.7750165005237721,-0.19226113831692276,0.9068790174137756,-0.5915108774479575
9,2,Mya,Dmitry Chaplin,0.0,0.0,0.0,0.0,0.0,0.0,0.0,0.0,0.0,0.0,0.0,0.3292009694880202,0.33319819287611924,-0.5657469817213447,1.498095947342986,1.156542334554004,-0.5035025474635869,-1.1374514759512133,0.5736113714044807,-1.2185597915917201
9,3,Mya,Dmitry Chaplin,0.0,0.0,0.0,0.0,0.0,0.0,0.0,0.0,0.0,0.0,0.0,0.3292009694880202,0.33319819287611924,-0.5657469817213447,1.1644253023428932,1.156542334554004,-0.27877086141656837,-0.19226113831692276,0.24034372539518645,-1.2185597915917201
9,4,Mya,Dmitry Chaplin,0.0,0.0,0.0,0.0,0.0,0.0,0.0,0.0,0.0,0.0,0.0,0.3292009694880202,0.33319819287611924,-0.5657469817213447,0.4970840123427075,1.156542334554004,-0.08495955886454024,0.04404235367894996,0.32366271987237205,-1.2185597915917201
9,5,Mya,Dmitry Chaplin,0.0,0.0,0.0,0.0,0.0,0.0,0.0,0.0,0.0,0.0,0.0,0.3292009694880202,0.33319819287611924,-0.5657469817213447,0.16341336734261466,0.5939426153998668,-0.15742813286225366,-0.42856463031279546,0.32366271987237205,-0.9050353345198388
9,6,Mya,Dmitry Chaplin,0.0,0.0,0.0,0.0,0.0,0.0,0.0,0.0,0.0,0.0,0.0,0.3292009694880202,0.33319819287611924,-0.5657469817213447,-0.17025727765747814,0.4767551125447142,0.11182819713327453,1.2255598136583135,0.7402576922583,-0.9050353345198388
9,7,Mya,Dmitry Chaplin,0.0,0.0,0.0,0.0,0.0,0.0,0.0,0.0,0.0,0.0,0.0,0.3292009694880202,0.33319819287611924,-0.5657469817213447,-0.8375985676576638,0.2666118697101855,0.33416068391426795,-2.2008408202818406,0.531960206065336,0.03553803669580512
9,8,Mya,Dmitry Chaplin,0.0,0.0,0.0,0.0,0.0,0.0,0.0,0.0,0.0,0.0,0.0,0.3292009694880202,0.33319819287611924,-0.5657469817213447,-1.5049398576578494,1.156542334554004,1.8351810544642255,0.9892563216624407,0.24034372539518645,-1.2185597915917201
9,9,Mya,Dmitry Chaplin,0.0,0.0,0.0,0.0,0.0,0.0,0.0,0.0,0.0,0.0,0.0,0.3292009694880202,0.33319819287611924,-0.5657469817213447,-1.8386105026579422,1.156542334554004,2.653899558282334,-0.31043651466405864,0.6152708686430736,-1.2185597915917201
9,10,Mya,Dmitry Chaplin,0.0,0.0,0.0,0.0,0.0,0.0,0.0,0.0,0.0,0.0,0.0,0.3292009694880202,0.33319819287611924,-0.5657469817213447,-2.172281147658035,0.9690265549476553,3.9048085481594286,-0.3498046764305716,0.5180542658870938,-0.9050353345198388
9,1,Natalie Coughlin,Alec Mazo,0.0,0.0,0.0,1.0,0.0,0.0,0.0,0.0,0.0,0.0,0.0,1.1546340724486774,-0.38121159312845276,-0.7212036349278131,2.1654372373431716,-0.5230122307164162,-0.9478037168509268,-0.19226113831692276,0.24031039779739566,0.6625869508395678
9,2,Natalie Coughlin,Alec Mazo,0.0,0.0,0.0,1.0,0.0,0.0,0.0,0.0,0.0,0.0,0.0,1.1546340724486774,-0.38121159312845276,-0.7212036349278131,1.498095947342986,-0.6562789827204404,-0.8614085659829132,-1.61003482959376,-0.2595869052668224,-0.2779864203760762
9,3,Natalie Coughlin,Alec Mazo,0.0,0.0,0.0,1.0,0.0,0.0,0.0,0.0,0.0,0.0,0.0,1.1546340724486774,-0.38121159312845276,-0.7212036349278131,1.1644253023428932,0.8544054483415953,-0.3467452602826409,0.9892563216624407,-0.34288923594511256,-0.9050353345198388
9,4,Natalie Coughlin,Alec Mazo,0.0,0.0,0.0,1.0,0.0,0.0,0.0,0.0,0.0,0.0,0.0,1.1546340724486774,-0.38121159312845276,-0.7212036349278131,0.4970840123427075,-0.00884279797956782,-0.37483385485539955,-0.6648681223086682,-0.09293225251355586,-0.2779864203760762
9,5,Natalie Coughlin,Alec Mazo,0.0,0.0,0.0,1.0,0.0,0.0,0.0,0.0,0.0,0.0,0.0,1.1546340724486774,-0.38121159312845276,-0.7212036349278131,0.16341336734261466,-0.8125566824854791,-0.5197710028508283,-0.6648681223086682,-0.42620823042229816,0.976111407911449
9,1,Tom DeLay,Cheryl Burke,0.0,0.0,0.0,0.0,0.0,0.0,0.0,0.0,0.0,0.0,0.0,-0.3783131187639717,0.2617572142756622,1.999287796185383,2.1654372373431716,-2.202518809399066,-1.2501694665992955,-0.19226113831692276,-0.926138861084307,2.230209236198974
9,2,Tom DeLay,Cheryl Burke,0.0,0.0,0.0,0.0,0.0,0.0,0.0,0.0,0.0,0.0,0.0,-0.3783131187639717,0.2617572142756622,1.999287796185383,1.498095947342986,-1.562689641357663,-1.0403615752425772,-0.6648444919594686,-1.0927685181392308,2.543733693270856
9,3,Tom DeLay,Cheryl Burke,0.0,0.0,0.0,0.0,0.0,0.0,0.0,0.0,0.0,0.0,0.0,-0.3783131187639717,0.2617572142756622,1.999287796185383,1.1644253023428932,-2.4691002999948846,-1.0944636478094514,-0.9011716143045408,-1.5093551586257106,2.230209236198974
10,1,Aiden Turner,Edyta Sliwinska,0.0,0.0,0.0,0.0,0.0,0.0,0.0,0.0,0.0,0.0,0.0,0.6507982823298348,-0.4786311094018037,-0.33256200191164226,0.4970840123427075,-2.106536036539996,-0.8554149245244562,-0.19226113831692276,-1.7593121420572673,1.6031603220552115
10,2,Aiden Turner,Edyta Sliwinska,0.0,0.0,0.0,0.0,0.0,0.0,0.0,0.0,0.0,0.0,0.0,0.6507982823298348,-0.4786311094018037,-0.33256200191164226,0.4970840123427075,-1.4655742136465315,-0.5994864342483157,0.7529528296665682,-1.426036164148525,0.976111407911449
10,3,Aiden Turner,Edyta Sliwinska,0.0,0.0,0.0,0.0,0.0,0.0,0.0,0.0,0.0,0.0,0.0,0.6507982823298348,-0.4786311094018037,-0.33256200191164226,0.16341336734261466,-0.7260028795386879,-0.38625747243139325,0.04404235367894996,-1.0094411917625972,0.6625869508395678
10,4,Aiden Turner,Edyta Sliwinska,0.0,0.0,0.0,0.0,0.0,0.0,0.0,0.0,0.0,0.0,0.0,0.6507982823298348,-0.4786311094018037,-0.33256200191164226,-0.17025727765747814,-1.8241542544260925,-0.5541496255559436,-1.0193233603024774,-1.2177386779555612,0.976111407911449
10,1,Buzz Aldrin,Ashly DelGrosso,0.0,0.0,0.0,0.0,0.0,0.0,0.0,0.0,0.0,0.0,0.0,0.4765997378738518,-0.11330792337673828,3.3983976750435985,0.4970840123427075,-2.4328438736493956,-0.9393259049428626,-0.19226113831692276,-1.9259501310116385,1.916684779127093
10,2,Buzz Aldrin,Ashly DelGrosso,0.0,0.0,0.0,0.0,0.0,0.0,0.0,0.0,0.0,0.0,0.0,0.4765997378738518,-0.11330792337673828,3.3983976750435985,0.4970840123427075,-3.5049981955802822,-1.15749445403072,-0.6648681223086682,-2.0925881199660097,1.916684779127093
10,3,Buzz Aldrin,Ashly DelGrosso,0.0,0.0,0.0,0.0,0.0,0.0,0.0,0.0,0.0,0.0,0.0,0.4765997378738518,-0.11330792337673828,3.3983976750435985,0.16341336734261466,-2.922305629313496,-0.9909952278606011,0.04404235367894996,-2.1759071144431954,1.6031603220552115
10,1,Chad Ochocinco,Cheryl Burke,0.0,0.0,0.0,0.0,0.0,0.0,0.0,0.0,0.0,0.0,0.0,-0.3783131187639717,0.2617572142756622,-0.33256200191164226,0.4970840123427075,-1.1276125252117963,-0.6036819832692347,-0.19226113831692276,-1.2593981751941539,0.3490624937676864
10,2,Chad Ochocinco,Cheryl Burke,0.0,0.0,0.0,0.0,0.0,0.0,0.0,0.0,0.0,0.0,0.0,-0.3783131187639717,0.2617572142756622,-0.33256200191164226,0.4970840123427075,-2.3396130630467105,-0.8386327284407742,-0.6648681223086682,-1.426036164148525,1.2896358649833304
10,3,Chad Ochocinco,Cheryl Burke,0.0,0.0,0.0,0.0,0.0,0.0,0.0,0.0,0.0,0.0,0.0,-0.3783131187639717,0.2617572142756622,-0.33256200191164226,0.16341336734261466,-0.7260028795386879,-0.38625747243139325,0.7529528296665682,-1.2593981751941539,0.6625869508395678
10,4,Chad Ochocinco,Cheryl Burke,0.0,0.0,0.0,0.0,0.0,0.0,0.0,0.0,0.0,0.0,0.0,-0.3783131187639717,0.2617572142756622,-0.33256200191164226,-0.17025727765747814,-0.09848780817445761,-0.034172957141073615,0.2803458456748227,-0.7594842083310405,-0.2779864203760762
10,5,Chad Ochocinco,Cheryl Burke,0.0,0.0,0.0,0.0,0.0,0.0,0.0,0.0,0.0,0.0,0.0,-0.3783131187639717,0.2617572142756622,-0.33256200191164226,-0.503927922657571,-1.9377561207937546,-0.28937958262688046,-1.1374751063004138,-0.9261221972854116,0.3490624937676864
10,6,Chad Ochocinco,Cheryl Burke,0.0,0.0,0.0,0.0,0.0,0.0,0.0,0.0,0.0,0.0,0.0,-0.3783131187639717,0.2617572142756622,-0.33256200191164226,-0.8375985676576638,0.02352586398950218,0.4871610833614819,2.8796606272802223,-0.17625957889018942,-0.5915108774479575
10,7,Chad Ochocinco,Cheryl Burke,0.0,0.0,0.0,0.0,0.0,0.0,0.0,0.0,0.0,0.0,0.0,-0.3783131187639717,0.2617572142756622,-0.33256200191164226,-1.1712692126577566,0.8544054483415953,0.81821790999444,-1.373754967947086,0.49029237692729516,-0.5915108774479575
10,8,Chad Ochocinco,Cheryl Burke,0.0,0.0,0.0,0.0,0.0,0.0,0.0,0.0,0.0,0.0,0.0,-0.3783131187639717,0.2617572142756622,-0.33256200191164226,-1.5049398576578494,-0.7791821228746404,1.0052198586663015,-1.0193233603024774,-0.2179107442293342,-0.2779864203760762
10,9,Chad Ochocinco,Cheryl Burke,0.0,0.0,0.0,0.0,0.0,0.0,0.0,0.0,0.0,0.0,0.0,-0.3783131187639717,0.2617572142756622,-0.33256200191164226,-1.8386105026579422,0.18868010583968184,1.921073179762471,0.6348010836686317,-0.2179107442293342,-0.2779864203760762
10,1,Erin Andrews,Maksim Chmerkoskiy,0.0,0.0,0.0,0.0,0.0,0.0,0.0,0.0,0.0,0.0,0.0,-0.26039410405530633,0.12307766758065668,-0.33256200191164226,0.4970840123427075,-0.14868901388359626,-0.3519490420140153,-0.19226113831692276,-0.7594842083310405,-0.5915108774479575
10,2,Erin Andrews,Maksim Chmerkoskiy,0.0,0.0,0.0,0.0,0.0,0.0,0.0,0.0,0.0,0.0,0.0,-0.26039410405530633,0.12307766758065668,-0.33256200191164226,0.4970840123427075,-0.30018908111296055,-0.28062470865836986,0.2803458456748227,-0.5928462193766693,-0.5915108774479575
10,3,Erin Andrews,Maksim Chmerkoskiy,0.0,0.0,0.0,0.0,0.0,0.0,0.0,0.0,0.0,0.0,0.0,-0.26039410405530633,0.12307766758065668,-0.33256200191164226,0.16341336734261466,0.21526972750765758,-0.12708414867601914,-0.19226113831692276,-0.42620823042229816,-0.9050353345198388
10,4,Erin Andrews,Maksim Chmerkoskiy,0.0,0.0,0.0,0.0,0.0,0.0,0.0,0.0,0.0,0.0,0.0,-0.26039410405530633,0.12307766758065668,-0.33256200191164226,-0.17025727765747814,-0.8828816473797461,-0.2705259882387428,-1.0193233603024774,-0.7178247110924477,0.03553803669580512
10,5,Erin Andrews,Maksim Chmerkoskiy,0.0,0.0,0.0,0.0,0.0,0.0,0.0,0.0,0.0,0.0,0.0,-0.26039410405530633,0.12307766758065668,-0.33256200191164226,-0.503927922657571,-0.8125566824854791,0.11610931696727013,0.39849759167275906,-0.8011437055696332,-0.2779864203760762
10,6,Erin Andrews,Maksim Chmerkoskiy,0.0,0.0,0.0,0.0,0.0,0.0,0.0,0.0,0.0,0.0,0.0,-0.26039410405530633,0.12307766758065668,-0.33256200191164226,-0.8375985676576638,0.7033584066576145,0.7389032588703566,2.64338076563355,0.4069817143495576,-0.9050353345198388
10,7,Erin Andrews,Maksim Chmerkoskiy,0.0,0.0,0.0,0.0,0.0,0.0,0.0,0.0,0.0,0.0,0.0,-0.26039410405530633,0.12307766758065668,-0.33256200191164226,-1.1712692126577566,0.7033370052353927,0.7618275726714608,-2.2008408202818406,0.6985981950197071,-0.2779864203760762
10,8,Erin Andrews,Maksim Chmerkoskiy,0.0,0.0,0.0,0.0,0.0,0.0,0.0,0.0,0.0,0.0,0.0,-0.26039410405530633,0.12307766758065668,-0.33256200191164226,-1.5049398576578494,0.32694613851315696,1.5597619901270765,0.04404235367894996,0.0737057364408153,-0.9050353345198388
10,9,Erin Andrews,Maksim Chmerkoskiy,0.0,0.0,0.0,0.0,0.0,0.0,0.0,0.0,0.0,0.0,0.0,-0.26039410405530633,0.12307766758065668,-0.33256200191164226,-1.8386105026579422,0.7417442365335805,2.23146954980578,0.1621940996768863,0.28200322263377925,-0.5915108774479575
10,10,Erin Andrews,Maksim Chmerkoskiy,0.0,0.0,0.0,0.0,0.0,0.0,0.0,0.0,0.0,0.0,0.0,-0.26039410405530633,0.12307766758065668,-0.33256200191164226,-2.172281147658035,0.6525559982616639,3.613849740842117,-0.4286118910111945,0.32364605607347663,-0.9050353345198388
10,1,Evan Lysacek,Anna Trebunskaya,0.0,0.0,0.0,0.0,0.0,0.0,0.0,0.0,0.0,0.0,0.0,1.0259951473119513,-0.4786311094018037,-0.9543886147375157,0.4970840123427075,0.5039266603352043,-0.1841270811772022,-0.19226113831692276,-0.42620823042229816,-0.9050353345198388
10,2,Evan Lysacek,Anna Trebunskaya,0.0,0.0,0.0,0.0,0.0,0.0,0.0,0.0,0.0,0.0,0.0,1.0259951473119513,-0.4786311094018037,-0.9543886147375157,0.4970840123427075,-0.00884279797956782,-0.2009092772608842,0.04404235367894996,-0.34288923594511256,-0.9050353345198388
10,3,Evan Lysacek,Anna Trebunskaya,0.0,0.0,0.0,0.0,0.0,0.0,0.0,0.0,0.0,0.0,0.0,1.0259951473119513,-0.4786311094018037,-0.9543886147375157,0.16341336734261466,1.156542334554004,0.1320891750793552,0.2803458456748227,-0.09293225251355586,-1.2185597915917201
10,4,Evan Lysacek,Anna Trebunskaya,0.0,0.0,0.0,0.0,0.0,0.0,0.0,0.0,0.0,0.0,0.0,1.0259951473119513,-0.4786311094018037,-0.9543886147375157,-0.17025727765747814,1.156542334554004,0.34399189261519575,-0.19226113831692276,0.0737057364408153,-1.2185597915917201
10,5,Evan Lysacek,Anna Trebunskaya,0.0,0.0,0.0,0.0,0.0,0.0,0.0,0.0,0.0,0.0,0.0,1.0259951473119513,-0.4786311094018037,-0.9543886147375157,-0.503927922657571,0.5939426153998668,0.6229704414599587,0.04404235367894996,0.15702473091800087,-0.9050353345198388
10,6,Evan Lysacek,Anna Trebunskaya,0.0,0.0,0.0,0.0,0.0,0.0,0.0,0.0,0.0,0.0,0.0,1.0259951473119513,-0.4786311094018037,-0.9543886147375157,-0.8375985676576638,-0.8828646521326871,0.15152442864399215,-0.19226113831692276,0.24034372539518645,0.03553803669580512
10,7,Evan Lysacek,Anna Trebunskaya,0.0,0.0,0.0,0.0,0.0,0.0,0.0,0.0,0.0,0.0,0.0,1.0259951473119513,-0.4786311094018037,-0.9543886147375157,-1.1712692126577566,1.156542334554004,0.9309985846404022,-0.19226113831692276,0.24034372539518645,-1.2185597915917201
10,8,Evan Lysacek,Anna Trebunskaya,0.0,0.0,0.0,0.0,0.0,0.0,0.0,0.0,0.0,0.0,0.0,1.0259951473119513,-0.4786311094018037,-0.9543886147375157,-1.5049398576578494,0.32694613851315696,1.5597619901270765,-0.3104128843148591,0.19868422815659367,-0.9050353345198388
10,9,Evan Lysacek,Anna Trebunskaya,0.0,0.0,0.0,0.0,0.0,0.0,0.0,0.0,0.0,0.0,0.0,1.0259951473119513,-0.4786311094018037,-0.9543886147375157,-1.8386105026579422,1.156542334554004,2.464266827338264,0.5166493376706954,0.4069817143495576,-1.2185597915917201
10,10,Evan Lysacek,Anna Trebunskaya,0.0,0.0,0.0,0.0,0.0,0.0,0.0,0.0,0.0,0.0,0.0,1.0259951473119513,-0.4786311094018037,-0.9543886147375157,-2.172281147658035,0.6210621673588694,3.59028019761626,-0.809320446965746,0.43936780750283966,-0.5915108774479575
10,1,Jake Pavelka,Chelsie Hightower,0.0,0.0,0.0,0.0,0.0,0.0,0.0,0.0,0.0,0.0,0.0,0.49765670478611335,-1.4528262721353111,-0.33256200191164226,0.4970840123427075,-0.47499685099299566,-0.43586002243242167,-0.19226113831692276,-0.9261221972854116,0.03553803669580512
10,2,Jake Pavelka,Chelsie Hightower,0.0,0.0,0.0,0.0,0.0,0.0,0.0,0.0,0.0,0.0,0.0,0.49765670478611335,-1.4528262721353111,-0.33256200191164226,0.4970840123427075,-1.1742279305131387,-0.5197710028508283,-0.19226113831692276,-0.9261221972854116,0.3490624937676864
10,3,Jake Pavelka,Chelsie Hightower,0.0,0.0,0.0,0.0,0.0,0.0,0.0,0.0,0.0,0.0,0.0,0.49765670478611335,-1.4528262721353111,-0.33256200191164226,0.16341336734261466,-0.4122453438565728,-0.2998663645129359,0.04404235367894996,-0.8428032028082261,-0.2779864203760762
10,4,Jake Pavelka,Chelsie Hightower,0.0,0.0,0.0,0.0,0.0,0.0,0.0,0.0,0.0,0.0,0.0,0.49765670478611335,-1.4528262721353111,-0.33256200191164226,-0.17025727765747814,-1.039760415220804,-0.31779659445827635,-0.6648681223086682,-0.9261221972854116,0.3490624937676864
10,5,Jake Pavelka,Chelsie Hightower,0.0,0.0,0.0,0.0,0.0,0.0,0.0,0.0,0.0,0.0,0.0,0.49765670478611335,-1.4528262721353111,-0.33256200191164226,-0.503927922657571,-0.5312568229084096,0.21748154186580865,0.7529528296665682,-0.7594842083310405,-0.5915108774479575
10,6,Jake Pavelka,Chelsie Hightower,0.0,0.0,0.0,0.0,0.0,0.0,0.0,0.0,0.0,0.0,0.0,0.49765670478611335,-1.4528262721353111,-0.33256200191164226,-0.8375985676576638,-1.3360939006879,-0.01630648540397179,0.28032221532562235,-0.259578573367375,0.6625869508395678
10,1,Kate Gosselin,Tony Dovolani,0.0,0.0,0.0,0.0,0.0,0.0,0.0,0.0,0.0,0.0,0.0,0.722264351850238,-0.6873872157018412,-0.09937702210193972,0.4970840123427075,-1.780228199430596,-0.7715039441060495,-0.19226113831692276,-1.5926741531028963,1.2896358649833304
10,2,Kate Gosselin,Tony Dovolani,0.0,0.0,0.0,0.0,0.0,0.0,0.0,0.0,0.0,0.0,0.0,0.722264351850238,-0.6873872157018412,-0.09937702210193972,0.4970840123427075,-2.6309593461801035,-0.9183481598382616,-0.42856463031279546,-1.6759931475800818,1.6031603220552115
10,3,Kate Gosselin,Tony Dovolani,0.0,0.0,0.0,0.0,0.0,0.0,0.0,0.0,0.0,0.0,0.0,0.722264351850238,-0.6873872157018412,-0.09937702210193972,0.16341336734261466,-2.294790557949266,-0.8182130120236843,-0.19226113831692276,-1.7593121420572673,1.2896358649833304
10,4,Kate Gosselin,Tony Dovolani,0.0,0.0,0.0,0.0,0.0,0.0,0.0,0.0,0.0,0.0,0.0,0.722264351850238,-0.6873872157018412,-0.09937702210193972,-0.17025727765747814,-1.9810330222671495,-0.6014202317754772,0.04404235367894996,-1.6759931475800818,1.2896358649833304
10,5,Kate Gosselin,Tony Dovolani,0.0,0.0,0.0,0.0,0.0,0.0,0.0,0.0,0.0,0.0,0.0,0.722264351850238,-0.6873872157018412,-0.09937702210193972,-0.503927922657571,-2.7816556995249613,-0.5934962573224923,-0.42856463031279546,-1.6759931475800818,0.976111407911449
10,1,Nicole Scherzinger,Derek Hough,0.0,0.0,0.0,0.0,0.0,0.0,0.0,0.0,0.0,0.0,0.0,-2.063861387834893,1.3838008193534315,-0.4102903285148764,0.4970840123427075,1.156542334554004,-0.016305120340389112,-0.19226113831692276,-0.09293225251355586,-1.2185597915917201
10,2,Nicole Scherzinger,Derek Hough,0.0,0.0,0.0,0.0,0.0,0.0,0.0,0.0,0.0,0.0,0.0,-2.063861387834893,1.3838008193534315,-0.4102903285148764,0.4970840123427075,1.156542334554004,0.11795244832906164,0.5166493376706954,0.15702473091800087,-1.2185597915917201
10,3,Nicole Scherzinger,Derek Hough,0.0,0.0,0.0,0.0,0.0,0.0,0.0,0.0,0.0,0.0,0.0,-2.063861387834893,1.3838008193534315,-0.4102903285148764,0.16341336734261466,0.21526972750765758,-0.12708414867601914,-1.3737785982962865,-0.009613258036370276,-0.9050353345198388
10,4,Nicole Scherzinger,Derek Hough,0.0,0.0,0.0,0.0,0.0,0.0,0.0,0.0,0.0,0.0,0.0,-2.063861387834893,1.3838008193534315,-0.4102903285148764,-0.17025727765747814,0.8427847988718888,0.24945068017612912,0.2803458456748227,-0.259570241467927,-0.9050353345198388
10,5,Nicole Scherzinger,Derek Hough,0.0,0.0,0.0,0.0,0.0,0.0,0.0,0.0,0.0,0.0,0.0,-2.063861387834893,1.3838008193534315,-0.4102903285148764,-0.503927922657571,1.156542334554004,0.8257148912570343,0.7529528296665682,0.24034372539518645,-1.2185597915917201
10,6,Nicole Scherzinger,Derek Hough,0.0,0.0,0.0,0.0,0.0,0.0,0.0,0.0,0.0,0.0,0.0,-2.063861387834893,1.3838008193534315,-0.4102903285148764,-0.8375985676576638,1.156542334554004,0.9067173906660286,1.4618396753049858,1.1568443327447797,-1.2185597915917201
10,7,Nicole Scherzinger,Derek Hough,0.0,0.0,0.0,0.0,0.0,0.0,0.0,0.0,0.0,0.0,0.0,-2.063861387834893,1.3838008193534315,-0.4102903285148764,-1.1712692126577566,1.156542334554004,0.9309985846404022,-2.3189689359305765,0.9902063437904086,-1.2185597915917201
10,8,Nicole Scherzinger,Derek Hough,0.0,0.0,0.0,0.0,0.0,0.0,0.0,0.0,0.0,0.0,0.0,-2.063861387834893,1.3838008193534315,-0.4102903285148764,-1.5049398576578494,1.156542334554004,1.9756685887226586,0.39849759167275906,0.4486412115881504,-1.2185597915917201
10,9,Nicole Scherzinger,Derek Hough,0.0,0.0,0.0,0.0,0.0,0.0,0.0,0.0,0.0,0.0,0.0,-2.063861387834893,1.3838008193534315,-0.4102903285148764,-1.8386105026579422,1.156542334554004,2.464266827338264,-0.19226113831692276,0.6569386977811144,-1.2185597915917201
10,10,Nicole Scherzinger,Derek Hough,0.0,0.0,0.0,0.0,0.0,0.0,0.0,0.0,0.0,0.0,0.0,-2.063861387834893,1.3838008193534315,-0.4102903285148764,-2.172281147658035,1.156542334554004,3.991026076586957,-0.3629431505855417,0.5967573880702435,-1.2185597915917201
10,1,Niecy Nash,Louis van Amstel,0.0,0.0,0.0,1.0,0.0,0.0,0.0,0.0,0.0,0.0,0.0,0.3292009694880202,-0.9657286907685575,0.28926461091423117,0.4970840123427075,-1.1276125252117963,-0.6036819832692347,-0.19226113831692276,-1.2593981751941539,0.3490624937676864
10,2,Niecy Nash,Louis van Amstel,0.0,0.0,0.0,1.0,0.0,0.0,0.0,0.0,0.0,0.0,0.0,0.3292009694880202,-0.9657286907685575,0.28926461091423117,0.4970840123427075,-0.8828816473797461,-0.4400555714533427,0.5166493376706954,-1.0094411917625972,0.03553803669580512
10,3,Niecy Nash,Louis van Amstel,0.0,0.0,0.0,1.0,0.0,0.0,0.0,0.0,0.0,0.0,0.0,0.3292009694880202,-0.9657286907685575,0.28926461091423117,0.16341336734261466,-0.4122453438565728,-0.2998663645129359,-0.19226113831692276,-0.7594842083310405,-0.2779864203760762
10,4,Niecy Nash,Louis van Amstel,0.0,0.0,0.0,1.0,0.0,0.0,0.0,0.0,0.0,0.0,0.0,0.3292009694880202,-0.9657286907685575,0.28926461091423117,-0.17025727765747814,-1.3535179509029192,-0.41233780689734323,-0.9011716143045408,-1.0094411917625972,0.6625869508395678
10,5,Niecy Nash,Louis van Amstel,0.0,0.0,0.0,1.0,0.0,0.0,0.0,0.0,0.0,0.0,0.0,0.3292009694880202,-0.9657286907685575,0.28926461091423117,-0.503927922657571,-1.9377561207937546,-0.28937958262688046,-0.19226113831692276,-1.2593981751941539,0.3490624937676864
10,6,Niecy Nash,Louis van Amstel,0.0,0.0,0.0,1.0,0.0,0.0,0.0,0.0,0.0,0.0,0.0,0.3292009694880202,-0.9657286907685575,0.28926461091423117,-0.8375985676576638,-1.10951326690441,0.06759638493079172,1.6981195369516597,-0.5928628831755647,0.3490624937676864
10,7,Niecy Nash,Louis van Amstel,0.0,0.0,0.0,1.0,0.0,0.0,0.0,0.0,0.0,0.0,0.0,0.3292009694880202,-0.9657286907685575,0.28926461091423117,-1.1712692126577566,0.40120011902298575,0.649046898025499,-0.5466691156123328,-0.051289419073858464,0.3490624937676864
10,8,Niecy Nash,Louis van Amstel,0.0,0.0,0.0,1.0,0.0,0.0,0.0,0.0,0.0,0.0,0.0,0.3292009694880202,-0.9657286907685575,0.28926461091423117,-1.5049398576578494,-1.0557141882215897,0.8665843258011071,-0.9011716143045408,-0.42620823042229816,0.03553803669580512
10,1,Pamela Anderson,Damian Whitewood,0.0,1.0,0.0,0.0,0.0,0.0,0.0,1.0,0.0,0.0,0.0,-0.26039410405530633,-1.4528262721353111,0.4447212641206995,0.4970840123427075,-0.14868901388359626,-0.3519490420140153,-0.19226113831692276,-0.7594842083310405,-0.5915108774479575
10,2,Pamela Anderson,Damian Whitewood,0.0,1.0,0.0,0.0,0.0,0.0,0.0,1.0,0.0,0.0,0.0,-0.26039410405530633,-1.4528262721353111,0.4447212641206995,0.4970840123427075,-0.5915353642463533,-0.3603401400558553,0.04404235367894996,-0.6761652138538549,-0.2779864203760762
10,3,Pamela Anderson,Damian Whitewood,0.0,1.0,0.0,0.0,0.0,0.0,0.0,1.0,0.0,0.0,0.0,-0.26039410405530633,-1.4528262721353111,0.4447212641206995,0.16341336734261466,-0.4122453438565728,-0.2998663645129359,-0.42856463031279546,-0.6761652138538549,-0.2779864203760762
10,4,Pamela Anderson,Damian Whitewood,0.0,1.0,0.0,0.0,0.0,0.0,0.0,1.0,0.0,0.0,0.0,-0.26039410405530633,-1.4528262721353111,0.4447212641206995,-0.17025727765747814,0.3721484953487165,0.10763886151752654,0.39849759167275906,-0.5511867221380765,-0.5915108774479575
10,5,Pamela Anderson,Damian Whitewood,0.0,1.0,0.0,0.0,0.0,0.0,0.0,1.0,0.0,0.0,0.0,-0.26039410405530633,-1.4528262721353111,0.4447212641206995,-0.503927922657571,-1.0938565420625477,0.014737092068733332,-0.7830198683066045,-0.5511867221380765,0.03553803669580512
10,6,Pamela Anderson,Damian Whitewood,0.0,1.0,0.0,0.0,0.0,0.0,0.0,1.0,0.0,0.0,0.0,-0.26039410405530633,-1.4528262721353111,0.4447212641206995,-0.8375985676576638,-0.20310009045280855,0.4032414307744282,1.9344230289475328,-0.009629921835265674,-0.2779864203760762
10,7,Pamela Anderson,Damian Whitewood,0.0,1.0,0.0,0.0,0.0,0.0,0.0,1.0,0.0,0.0,0.0,-0.26039410405530633,-1.4528262721353111,0.4447212641206995,-1.1712692126577566,0.7033370052353927,0.7618275726714608,-1.255579591599951,0.36530555331206943,-0.2779864203760762
10,1,Shannen Doherty,Mark Ballas,0.0,0.0,0.0,0.0,0.0,0.0,0.0,0.0,0.0,0.0,0.0,-0.7376853540665704,1.098637249309589,0.13380795770776283,0.4970840123427075,-1.1276125252117963,-0.6036819832692347,-0.19226113831692276,-1.2593981751941539,0.3490624937676864
10,2,Shannen Doherty,Mark Ballas,0.0,0.0,0.0,0.0,0.0,0.0,0.0,0.0,0.0,0.0,0.0,-0.7376853540665704,1.098637249309589,0.13380795770776283,0.4970840123427075,-1.1742279305131387,-0.5197710028508283,0.2803458456748227,-1.0927601862397827,0.3490624937676864
11,1,Audrina Patridge,Tony Dovolani,0.0,0.0,0.0,1.0,0.0,0.0,0.0,0.0,0.0,0.0,0.0,0.722264351850238,-0.6873872157018412,-0.8766602881342814,0.8307546573428003,-0.5429776503907879,-0.6461919513226136,-0.19226113831692276,-1.0927601862397827,0.03553803669580512
11,2,Audrina Patridge,Tony Dovolani,0.0,0.0,0.0,1.0,0.0,0.0,0.0,0.0,0.0,0.0,0.0,0.722264351850238,-0.6873872157018412,-0.8766602881342814,0.4970840123427075,0.816638337565046,-0.28892088477666034,0.7529528296665682,-0.7594842083310405,-0.9050353345198388
11,3,Audrina Patridge,Tony Dovolani,0.0,0.0,0.0,1.0,0.0,0.0,0.0,0.0,0.0,0.0,0.0,0.722264351850238,-0.6873872157018412,-0.8766602881342814,0.16341336734261466,1.156542334554004,-0.05085670051267328,0.5166493376706954,-0.17625124699074143,-1.2185597915917201
11,4,Audrina Patridge,Tony Dovolani,0.0,0.0,0.0,1.0,0.0,0.0,0.0,0.0,0.0,0.0,0.0,0.722264351850238,-0.6873872157018412,-0.8766602881342814,-0.17025727765747814,-0.30018908111296055,0.1393286533965443,-0.9011716143045408,-0.17625124699074143,-0.5915108774479575
11,5,Audrina Patridge,Tony Dovolani,0.0,0.0,0.0,1.0,0.0,0.0,0.0,0.0,0.0,0.0,0.0,0.722264351850238,-0.6873872157018412,-0.8766602881342814,-0.503927922657571,-0.05200521029562557,0.10218456079988865,-0.19226113831692276,-0.42620823042229816,0.03553803669580512
11,6,Audrina Patridge,Tony Dovolani,0.0,0.0,0.0,1.0,0.0,0.0,0.0,0.0,0.0,0.0,0.0,0.722264351850238,-0.6873872157018412,-0.8766602881342814,-0.8375985676576638,0.2501064977729922,0.597007457703233,1.9344230289475328,0.32364605607347663,-0.9050353345198388
11,1,Brandy,Maksim Chmerkoskiy,0.0,0.0,0.0,0.0,0.0,0.0,0.0,0.0,0.0,0.0,0.0,-0.26039410405530633,0.12307766758065668,-0.4102903285148764,0.8307546573428003,0.816638337565046,-0.33716296616936164,-0.19226113831692276,-0.42620823042229816,-0.9050353345198388
11,2,Brandy,Maksim Chmerkoskiy,0.0,0.0,0.0,0.0,0.0,0.0,0.0,0.0,0.0,0.0,0.0,-0.26039410405530633,0.12307766758065668,-0.4102903285148764,0.4970840123427075,0.136830343587129,-0.44763034095265125,-0.6648681223086682,-0.5928462193766693,0.03553803669580512
11,3,Brandy,Maksim Chmerkoskiy,0.0,0.0,0.0,0.0,0.0,0.0,0.0,0.0,0.0,0.0,0.0,-0.26039410405530633,0.12307766758065668,-0.4102903285148764,0.16341336734261466,0.5290272631897746,-0.20956615668866393,0.5166493376706954,-0.5095272248994838,-0.9050353345198388
11,4,Brandy,Maksim Chmerkoskiy,0.0,0.0,0.0,0.0,0.0,0.0,0.0,0.0,0.0,0.0,0.0,-0.26039410405530633,0.12307766758065668,-0.4102903285148764,-0.17025727765747814,-0.00884279797956782,0.23730292662250607,-0.19226113831692276,-0.259570241467927,-0.9050353345198388
11,5,Brandy,Maksim Chmerkoskiy,0.0,0.0,0.0,0.0,0.0,0.0,0.0,0.0,0.0,0.0,0.0,-0.26039410405530633,0.12307766758065668,-0.4102903285148764,-0.503927922657571,1.156542334554004,0.48762181151300965,0.5166493376706954,-0.009613258036370276,-1.2185597915917201
11,6,Brandy,Maksim Chmerkoskiy,0.0,0.0,0.0,0.0,0.0,0.0,0.0,0.0,0.0,0.0,0.0,-0.26039410405530633,0.12307766758065668,-0.4102903285148764,-0.8375985676576638,1.156542334554004,0.9359039340163364,1.9344466592967315,0.9902063437904086,-1.2185597915917201
11,7,Brandy,Maksim Chmerkoskiy,0.0,0.0,0.0,0.0,0.0,0.0,0.0,0.0,0.0,0.0,0.0,-0.26039410405530633,0.12307766758065668,-0.4102903285148764,-1.1712692126577566,1.156542334554004,0.9560158805750586,-0.07408576196978603,1.7817367913236717,-1.2185597915917201
11,8,Brandy,Maksim Chmerkoskiy,0.0,0.0,0.0,0.0,0.0,0.0,0.0,0.0,0.0,0.0,0.0,-0.26039410405530633,0.12307766758065668,-0.4102903285148764,-1.5049398576578494,1.156542334554004,1.6581147455182332,-2.082689074283904,1.1568526646442279,-1.2185597915917201
11,9,Brandy,Maksim Chmerkoskiy,0.0,0.0,0.0,0.0,0.0,0.0,0.0,0.0,0.0,0.0,0.0,-0.26039410405530633,0.12307766758065668,-0.4102903285148764,-1.8386105026579422,0.7486575381672537,2.2702690960611953,-0.19226113831692276,0.4903007088267432,-0.5915108774479575
11,1,Bristol Palin,Mark Ballas,0.0,0.0,0.0,0.0,0.0,0.0,0.0,0.0,0.0,0.0,0.0,-0.7376853540665704,1.098637249309589,-1.3430302477536866,0.8307546573428003,-0.8828816473797461,-0.7234491976109259,-0.19226113831692276,-1.2593981751941539,0.6625869508395678
11,2,Bristol Palin,Mark Ballas,0.0,0.0,0.0,0.0,0.0,0.0,0.0,0.0,0.0,0.0,0.0,-0.7376853540665704,1.098637249309589,-1.3430302477536866,0.4970840123427075,0.47673434057608705,-0.36827561286465654,0.7529528296665682,-0.9261221972854116,-0.5915108774479575
11,3,Bristol Palin,Mark Ballas,0.0,0.0,0.0,0.0,0.0,0.0,0.0,0.0,0.0,0.0,0.0,-0.7376853540665704,1.098637249309589,-1.3430302477536866,0.16341336734261466,-1.039760415220804,-0.6063397971286418,-0.9011716143045408,-0.8428032028082261,1.2896358649833304
11,4,Bristol Palin,Mark Ballas,0.0,0.0,0.0,0.0,0.0,0.0,0.0,0.0,0.0,0.0,0.0,-0.7376853540665704,1.098637249309589,-1.3430302477536866,-0.17025727765747814,-2.3396130630467105,-0.546491259185181,-0.9011716143045408,-1.3427171696713396,0.976111407911449
11,5,Bristol Palin,Mark Ballas,0.0,0.0,0.0,0.0,0.0,0.0,0.0,0.0,0.0,0.0,0.0,-0.7376853540665704,1.098637249309589,-1.3430302477536866,-0.503927922657571,-1.562689641357663,-0.3796120025915115,0.2803458456748227,-1.426036164148525,0.976111407911449
11,6,Bristol Palin,Mark Ballas,0.0,0.0,0.0,0.0,0.0,0.0,0.0,0.0,0.0,0.0,0.0,-0.7376853540665704,1.098637249309589,-1.3430302477536866,-0.8375985676576638,-0.6563066786786093,0.2581194535902346,2.1707265209434055,-0.42622489422119353,0.3490624937676864
11,7,Bristol Palin,Mark Ballas,0.0,0.0,0.0,0.0,0.0,0.0,0.0,0.0,0.0,0.0,0.0,-0.7376853540665704,1.098637249309589,-1.3430302477536866,-1.1712692126577566,0.26254826028167527,0.6195670574106068,0.8711518363629037,0.7819005256979973,0.3490624937676864
11,8,Bristol Palin,Mark Ballas,0.0,0.0,0.0,0.0,0.0,0.0,0.0,0.0,0.0,0.0,0.0,-0.7376853540665704,1.098637249309589,-1.3430302477536866,-1.5049398576578494,-0.274632389610031,0.9963262584447611,-2.318992566279777,0.4069817143495576,0.03553803669580512
11,9,Bristol Palin,Mark Ballas,0.0,0.0,0.0,0.0,0.0,0.0,0.0,0.0,0.0,0.0,0.0,-0.7376853540665704,1.098637249309589,-1.3430302477536866,-1.8386105026579422,0.20481114298492042,1.9625955011937037,0.5166493376706954,-0.09293225251355586,-0.2779864203760762
11,10,Bristol Palin,Mark Ballas,0.0,0.0,0.0,0.0,0.0,0.0,0.0,0.0,0.0,0.0,0.0,-0.7376853540665704,1.098637249309589,-1.3430302477536866,-2.172281147658035,-0.02180964988755719,3.3091298243002916,-0.3891964685462825,0.08758668092071463,-0.5915108774479575
11,1,David Hasselhoff,Kym Johnson,0.0,0.0,0.0,0.0,0.0,0.0,0.0,0.0,0.0,0.0,0.0,-0.0919383687572131,0.07805184073162919,1.6883744897724464,0.8307546573428003,-1.902593638346621,-0.9552209364758643,-0.19226113831692276,-1.7593121420572673,1.6031603220552115
11,1,Florence Henderson,Corky Ballas,0.0,0.0,0.0,0.0,1.0,0.0,0.0,0.0,0.0,0.0,0.0,0.6239985062596834,-1.4528262721353111,3.0874843686306614,0.8307546573428003,-0.8828816473797461,-0.7234491976109259,-0.19226113831692276,-1.2593981751941539,0.6625869508395678
11,2,Florence Henderson,Corky Ballas,0.0,0.0,0.0,0.0,1.0,0.0,0.0,0.0,0.0,0.0,0.0,0.6239985062596834,-1.4528262721353111,3.0874843686306614,0.4970840123427075,-0.5429776503907879,-0.6063397971286418,0.04404235367894996,-1.1760791807169684,0.976111407911449
11,3,Florence Henderson,Corky Ballas,0.0,0.0,0.0,0.0,1.0,0.0,0.0,0.0,0.0,0.0,0.0,0.6239985062596834,-1.4528262721353111,3.0874843686306614,0.16341336734261466,-0.7260028795386879,-0.5269850690406475,0.04404235367894996,-1.0094411917625972,0.6625869508395678
11,4,Florence Henderson,Corky Ballas,0.0,0.0,0.0,0.0,1.0,0.0,0.0,0.0,0.0,0.0,0.0,0.6239985062596834,-1.4528262721353111,3.0874843686306614,-0.17025727765747814,-1.902593638346621,-0.3995298493462401,-0.7830198683066045,-1.1344196834783755,0.3490624937676864
11,5,Florence Henderson,Corky Ballas,0.0,0.0,0.0,0.0,1.0,0.0,0.0,0.0,0.0,0.0,0.0,0.6239985062596834,-1.4528262721353111,3.0874843686306614,-0.503927922657571,-0.6562789827204404,-0.09053406455667234,0.6348010836686317,-1.05110068900119,0.3490624937676864
11,1,Jennifer Grey,Derek Hough,0.0,0.0,0.0,0.0,0.0,0.0,0.0,0.0,0.0,0.0,1.0,-2.063861387834893,1.3838008193534315,1.066547876946573,0.8307546573428003,1.156542334554004,-0.25990571988104944,-0.19226113831692276,-0.259570241467927,-1.2185597915917201
11,2,Jennifer Grey,Derek Hough,0.0,0.0,0.0,0.0,0.0,0.0,0.0,0.0,0.0,0.0,1.0,-2.063861387834893,1.3838008193534315,1.066547876946573,0.4970840123427075,1.156542334554004,-0.20956615668866393,-0.19226113831692276,-0.259570241467927,-1.2185597915917201
11,3,Jennifer Grey,Derek Hough,0.0,0.0,0.0,0.0,0.0,0.0,0.0,0.0,0.0,0.0,1.0,-2.063861387834893,1.3838008193534315,1.066547876946573,0.16341336734261466,0.5290272631897746,-0.20956615668866393,-0.19226113831692276,-0.259570241467927,-0.9050353345198388
11,4,Jennifer Grey,Derek Hough,0.0,0.0,0.0,0.0,0.0,0.0,0.0,0.0,0.0,0.0,1.0,-2.063861387834893,1.3838008193534315,1.066547876946573,-0.17025727765747814,1.156542334554004,0.6292000195263497,0.7529528296665682,0.0737057364408153,-1.2185597915917201
11,5,Jennifer Grey,Derek Hough,0.0,0.0,0.0,0.0,0.0,0.0,0.0,0.0,0.0,0.0,1.0,-2.063861387834893,1.3838008193534315,1.066547876946573,-0.503927922657571,0.5522685621291902,0.2949031861564489,-0.9011716143045408,0.15702473091800087,-0.9050353345198388
11,6,Jennifer Grey,Derek Hough,0.0,0.0,0.0,0.0,0.0,0.0,0.0,0.0,0.0,0.0,1.0,-2.063861387834893,1.3838008193534315,1.066547876946573,-0.8375985676576638,-0.4296580639068864,0.34285839901868975,0.7529528296665682,0.24034372539518645,0.03553803669580512
11,7,Jennifer Grey,Derek Hough,0.0,0.0,0.0,0.0,0.0,0.0,0.0,0.0,0.0,0.0,1.0,-2.063861387834893,1.3838008193534315,1.066547876946573,-1.1712692126577566,1.156542334554004,0.9560158805750586,1.5800150516521225,1.1985121618828205,-1.2185597915917201
11,8,Jennifer Grey,Derek Hough,0.0,0.0,0.0,0.0,0.0,0.0,0.0,0.0,0.0,0.0,1.0,-2.063861387834893,1.3838008193534315,1.066547876946573,-1.5049398576578494,1.156542334554004,1.6581147455182332,-2.082689074283904,1.1568526646442279,-1.2185597915917201
11,9,Jennifer Grey,Derek Hough,0.0,0.0,0.0,0.0,0.0,0.0,0.0,0.0,0.0,0.0,1.0,-2.063861387834893,1.3838008193534315,1.066547876946573,-1.8386105026579422,1.156542334554004,2.501024292211813,0.1621940996768863,0.6152792005425215,-1.2185597915917201
11,10,Jennifer Grey,Derek Hough,0.0,0.0,0.0,0.0,0.0,0.0,0.0,0.0,0.0,0.0,1.0,-2.063861387834893,1.3838008193534315,1.066547876946573,-2.172281147658035,1.156542334554004,4.2247530799217605,-0.19226113831692276,0.7402576922583,-1.2185597915917201
11,1,Kurt Warner,Anna Trebunskaya,0.0,0.0,0.0,0.0,0.0,0.0,0.0,0.0,0.0,0.0,0.0,1.0259951473119513,-0.4786311094018037,0.211536284310997,0.8307546573428003,-0.5429776503907879,-0.6461919513226136,-0.19226113831692276,-1.0927601862397827,0.03553803669580512
11,2,Kurt Warner,Anna Trebunskaya,0.0,0.0,0.0,0.0,0.0,0.0,0.0,0.0,0.0,0.0,0.0,1.0259951473119513,-0.4786311094018037,0.211536284310997,0.4970840123427075,0.136830343587129,-0.44763034095265125,0.2803458456748227,-0.9261221972854116,0.03553803669580512
11,3,Kurt Warner,Anna Trebunskaya,0.0,0.0,0.0,0.0,0.0,0.0,0.0,0.0,0.0,0.0,0.0,1.0259951473119513,-0.4786311094018037,0.211536284310997,0.16341336734261466,0.21526972750765758,-0.28892088477666034,0.2803458456748227,-0.5928462193766693,0.03553803669580512
11,4,Kurt Warner,Anna Trebunskaya,0.0,0.0,0.0,0.0,0.0,0.0,0.0,0.0,0.0,0.0,0.0,1.0259951473119513,-0.4786311094018037,0.211536284310997,-0.17025727765747814,-2.048266779913318,-0.448516985959221,-1.610082090292159,-0.9261221972854116,0.6625869508395678
11,5,Kurt Warner,Anna Trebunskaya,0.0,0.0,0.0,0.0,0.0,0.0,0.0,0.0,0.0,0.0,0.0,1.0259951473119513,-0.4786311094018037,0.211536284310997,-0.503927922657571,0.25013167591678137,0.19854387347816854,1.461863305654186,-0.8428032028082261,-0.5915108774479575
11,6,Kurt Warner,Anna Trebunskaya,0.0,0.0,0.0,0.0,0.0,0.0,0.0,0.0,0.0,0.0,0.0,1.0259951473119513,-0.4786311094018037,0.211536284310997,-0.8375985676576638,-2.0159037830266002,-0.2502040803791615,-0.6648917526578678,-0.42621656232174615,0.6625869508395678
11,7,Kurt Warner,Anna Trebunskaya,0.0,0.0,0.0,0.0,0.0,0.0,0.0,0.0,0.0,0.0,0.0,1.0259951473119513,-0.4786311094018037,0.211536284310997,-1.1712692126577566,0.8212945567018802,0.8298475718883888,2.8797078879786224,0.49029237692729516,-0.5915108774479575
11,8,Kurt Warner,Anna Trebunskaya,0.0,0.0,0.0,0.0,0.0,0.0,0.0,0.0,0.0,0.0,0.0,1.0259951473119513,-0.4786311094018037,0.211536284310997,-1.5049398576578494,-0.13151491719362796,1.0625051071521088,-2.7915995502715227,0.6569386977811144,-0.2779864203760762
11,1,Kyle Massey,Lacey Schwimmer,0.0,0.0,0.0,0.0,0.0,0.0,0.0,0.0,0.0,0.0,0.0,-0.1621282584647517,0.33319819287611924,-1.3430302477536866,0.8307546573428003,0.816638337565046,-0.33716296616936164,-0.19226113831692276,-0.42620823042229816,-0.9050353345198388
11,2,Kyle Massey,Lacey Schwimmer,0.0,0.0,0.0,0.0,0.0,0.0,0.0,0.0,0.0,0.0,0.0,-0.1621282584647517,0.33319819287611924,-1.3430302477536866,0.4970840123427075,0.47673434057608705,-0.36827561286465654,-0.42856463031279546,-0.5095272248994838,-0.5915108774479575
11,3,Kyle Massey,Lacey Schwimmer,0.0,0.0,0.0,0.0,0.0,0.0,0.0,0.0,0.0,0.0,0.0,-0.1621282584647517,0.33319819287611924,-1.3430302477536866,0.16341336734261466,0.21526972750765758,-0.28892088477666034,0.04404235367894996,-0.5095272248994838,0.03553803669580512
11,4,Kyle Massey,Lacey Schwimmer,0.0,0.0,0.0,0.0,0.0,0.0,0.0,0.0,0.0,0.0,0.0,-0.1621282584647517,0.33319819287611924,-1.3430302477536866,-0.17025727765747814,-1.1742279305131387,-0.15459416628133907,-0.9011716143045408,-0.6761652138538549,-0.2779864203760762
11,5,Kyle Massey,Lacey Schwimmer,0.0,0.0,0.0,0.0,0.0,0.0,0.0,0.0,0.0,0.0,0.0,-0.1621282584647517,0.33319819287611924,-1.3430302477536866,-0.503927922657571,-0.9584158689328482,-0.18689337723495247,-0.19226113831692276,-0.9261221972854116,0.6625869508395678
11,6,Kyle Massey,Lacey Schwimmer,0.0,0.0,0.0,0.0,0.0,0.0,0.0,0.0,0.0,0.0,0.0,-0.1621282584647517,0.33319819287611924,-1.3430302477536866,-0.8375985676576638,-0.20307743012339818,0.42757192784683584,2.170750151292604,-0.09294058441300385,-0.2779864203760762
11,7,Kyle Massey,Lacey Schwimmer,0.0,0.0,0.0,0.0,0.0,0.0,0.0,0.0,0.0,0.0,0.0,-0.1621282584647517,0.33319819287611924,-1.3430302477536866,-1.1712692126577566,0.48604677884975744,0.7036792632017205,0.6348247140178322,1.0318658410290014,0.03553803669580512
11,8,Kyle Massey,Lacey Schwimmer,0.0,0.0,0.0,0.0,0.0,0.0,0.0,0.0,0.0,0.0,0.0,-0.1621282584647517,0.33319819287611924,-1.3430302477536866,-1.5049398576578494,1.013424862137601,1.5919358968108859,-1.4919303442942229,0.8652361839740783,-0.5915108774479575
11,9,Kyle Massey,Lacey Schwimmer,0.0,0.0,0.0,0.0,0.0,0.0,0.0,0.0,0.0,0.0,0.0,-0.1621282584647517,0.33319819287611924,-1.3430302477536866,-1.8386105026579422,0.8846191369628383,2.347187494778068,0.04404235367894996,0.4903007088267432,-0.9050353345198388
11,10,Kyle Massey,Lacey Schwimmer,0.0,0.0,0.0,0.0,0.0,0.0,0.0,0.0,0.0,0.0,0.0,-0.1621282584647517,0.33319819287611924,-1.3430302477536866,-2.172281147658035,0.43137755121788035,3.6612731108232848,-0.5861317987756439,0.4347436033093557,-0.9050353345198388
11,1,Margaret Cho,Louis van Amstel,0.0,0.0,0.0,1.0,0.0,0.0,0.0,0.0,0.0,0.0,0.0,0.3292009694880202,-0.9657286907685575,0.36699293751746537,0.8307546573428003,-1.902593638346621,-0.9552209364758643,-0.19226113831692276,-1.7593121420572673,1.6031603220552115
11,2,Margaret Cho,Louis van Amstel,0.0,0.0,0.0,1.0,0.0,0.0,0.0,0.0,0.0,0.0,0.0,0.3292009694880202,-0.9657286907685575,0.36699293751746537,0.4970840123427075,-0.8828816473797461,-0.6856945252166383,0.5166493376706954,-1.5093551586257106,1.2896358649833304
11,3,Margaret Cho,Louis van Amstel,0.0,0.0,0.0,1.0,0.0,0.0,0.0,0.0,0.0,0.0,0.0,0.3292009694880202,-0.9657286907685575,0.36699293751746537,0.16341336734261466,-1.3535179509029192,-0.6856945252166383,-0.19226113831692276,-1.2593981751941539,1.6031603220552115
11,1,Michael Bolton,Chelsie Hightower,0.0,0.0,0.0,0.0,0.0,0.0,0.0,0.0,0.0,0.0,0.0,0.49765670478611335,-1.4528262721353111,1.6106461631692122,0.8307546573428003,-1.562689641357663,-0.8779636901875522,-0.19226113831692276,-1.5926741531028963,1.2896358649833304
11,2,Michael Bolton,Chelsie Hightower,0.0,0.0,0.0,0.0,0.0,0.0,0.0,0.0,0.0,0.0,0.0,0.49765670478611335,-1.4528262721353111,1.6106461631692122,0.4970840123427075,-2.922305629313496,-1.1618228937446107,-1.1374751063004138,-1.9259501310116385,1.916684779127093
11,1,Rick Fox,Cheryl Burke,0.0,0.0,0.0,0.0,0.0,0.0,0.0,1.0,0.0,0.0,0.0,-0.3783131187639717,0.2617572142756622,0.36699293751746537,0.8307546573428003,0.47673434057608705,-0.41442021245767546,-0.19226113831692276,-0.5928462193766693,-0.2779864203760762
11,2,Rick Fox,Cheryl Burke,0.0,0.0,0.0,0.0,0.0,0.0,0.0,1.0,0.0,0.0,0.0,-0.3783131187639717,0.2617572142756622,0.36699293751746537,0.4970840123427075,0.136830343587129,-0.44763034095265125,-0.42856463031279546,-0.6761652138538549,0.03553803669580512
11,3,Rick Fox,Cheryl Burke,0.0,0.0,0.0,0.0,0.0,0.0,0.0,1.0,0.0,0.0,0.0,-0.3783131187639717,0.2617572142756622,0.36699293751746537,0.16341336734261466,0.5290272631897746,-0.20956615668866393,0.5166493376706954,-0.5095272248994838,-0.9050353345198388
11,4,Rick Fox,Cheryl Burke,0.0,0.0,0.0,0.0,0.0,0.0,0.0,1.0,0.0,0.0,0.0,-0.3783131187639717,0.2617572142756622,0.36699293751746537,-0.17025727765747814,-1.3199010720798356,-0.20358130289431825,-1.25562685229835,-0.6345057166152621,0.03553803669580512
11,5,Rick Fox,Cheryl Burke,0.0,0.0,0.0,0.0,0.0,0.0,0.0,1.0,0.0,0.0,0.0,-0.3783131187639717,0.2617572142756622,0.36699293751746537,-0.503927922657571,0.25013167591678137,0.19854387347816854,0.8711045756645045,-0.6345057166152621,-0.5915108774479575
11,6,Rick Fox,Cheryl Burke,0.0,0.0,0.0,0.0,0.0,0.0,0.0,1.0,0.0,0.0,0.0,-0.3783131187639717,0.2617572142756622,0.36699293751746537,-0.8375985676576638,-0.203054769793986,0.42758040004693887,1.2255598136583135,0.24034372539518645,-0.5915108774479575
11,7,Rick Fox,Cheryl Burke,0.0,0.0,0.0,0.0,0.0,0.0,0.0,1.0,0.0,0.0,0.0,-0.3783131187639717,0.2617572142756622,0.36699293751746537,-1.1712692126577566,0.7095452974178397,0.7877914689928317,0.8711045756645045,1.115193167405635,-0.2779864203760762
11,1,The Situation,Karina Smirnoff,0.0,0.0,0.0,0.0,0.0,0.0,0.0,0.0,0.0,0.0,0.0,0.16542456017042953,-0.2621432954610242,-0.643475308324579,0.8307546573428003,-1.902593638346621,-0.9552209364758643,-0.19226113831692276,-1.7593121420572673,1.6031603220552115
11,2,The Situation,Karina Smirnoff,0.0,0.0,0.0,0.0,0.0,0.0,0.0,0.0,0.0,0.0,0.0,0.16542456017042953,-0.2621432954610242,-0.643475308324579,0.4970840123427075,-0.8828816473797461,-0.6856945252166383,0.5166493376706954,-1.5093551586257106,1.2896358649833304
11,3,The Situation,Karina Smirnoff,0.0,0.0,0.0,0.0,0.0,0.0,0.0,0.0,0.0,0.0,0.0,0.16542456017042953,-0.2621432954610242,-0.643475308324579,0.16341336734261466,-0.7260028795386879,-0.5269850690406475,0.2803458456748227,-1.0927601862397827,0.6625869508395678
11,4,The Situation,Karina Smirnoff,0.0,0.0,0.0,0.0,0.0,0.0,0.0,0.0,0.0,0.0,0.0,0.16542456017042953,-0.2621432954610242,-0.643475308324579,-0.17025727765747814,-2.922305629313496,-0.7424398056371029,-1.610082090292159,-1.426036164148525,1.2896358649833304
12,1,Chelsea Kane,Mark Ballas,0.0,0.0,0.0,0.0,0.0,0.0,0.0,0.0,0.0,0.0,0.0,-0.7376853540665704,1.098637249309589,-1.109845267943984,0.4970840123427075,0.136830343587129,-0.33492362569723716,-0.19226113831692276,-0.7594842083310405,-0.5915108774479575
12,2,Chelsea Kane,Mark Ballas,0.0,0.0,0.0,0.0,0.0,0.0,0.0,0.0,0.0,0.0,0.0,-0.7376853540665704,1.098637249309589,-1.109845267943984,0.4970840123427075,-0.6168698236492566,-0.6526300551799726,-0.9011716143045408,-1.0094411917625972,0.6625869508395678
12,3,Chelsea Kane,Mark Ballas,0.0,0.0,0.0,0.0,0.0,0.0,0.0,0.0,0.0,0.0,0.0,-0.7376853540665704,1.098637249309589,-1.109845267943984,0.16341336734261466,0.5039266603352043,-0.2292194304674681,0.9892563216624407,-0.8428032028082261,-0.5915108774479575
12,4,Chelsea Kane,Mark Ballas,0.0,0.0,0.0,0.0,0.0,0.0,0.0,0.0,0.0,0.0,0.0,-0.7376853540665704,1.098637249309589,-1.109845267943984,-0.17025727765747814,1.156542334554004,0.09937797887722134,0.5166493376706954,-0.17625124699074143,-1.2185597915917201
12,5,Chelsea Kane,Mark Ballas,0.0,0.0,0.0,0.0,0.0,0.0,0.0,0.0,0.0,0.0,0.0,-0.7376853540665704,1.098637249309589,-1.109845267943984,-0.503927922657571,0.8544054483415953,0.23629288256862968,-0.19226113831692276,0.0737057364408153,-0.9050353345198388
12,6,Chelsea Kane,Mark Ballas,0.0,0.0,0.0,0.0,0.0,0.0,0.0,0.0,0.0,0.0,0.0,-0.7376853540665704,1.098637249309589,-1.109845267943984,-0.8375985676576638,1.156542334554004,0.6139595770245326,0.2803458456748227,0.24034372539518645,-1.2185597915917201
12,7,Chelsea Kane,Mark Ballas,0.0,0.0,0.0,0.0,0.0,0.0,0.0,0.0,0.0,0.0,0.0,-0.7376853540665704,1.098637249309589,-1.109845267943984,-1.1712692126577566,0.9093394276529427,0.8630908574663083,0.7529528296665682,0.7402576922583,-0.5915108774479575
12,8,Chelsea Kane,Mark Ballas,0.0,0.0,0.0,0.0,0.0,0.0,0.0,0.0,0.0,0.0,0.0,-0.7376853540665704,1.098637249309589,-1.109845267943984,-1.5049398576578494,1.156542334554004,1.5957539073132327,-1.25562685229835,0.6985981950197071,-1.2185597915917201
12,9,Chelsea Kane,Mark Ballas,0.0,0.0,0.0,0.0,0.0,0.0,0.0,0.0,0.0,0.0,0.0,-0.7376853540665704,1.098637249309589,-1.109845267943984,-1.8386105026579422,1.156542334554004,3.3337068723638317,1.9344702896459318,1.0735336701670422,-1.2185597915917201
12,10,Chelsea Kane,Mark Ballas,0.0,0.0,0.0,0.0,0.0,0.0,0.0,0.0,0.0,0.0,0.0,-0.7376853540665704,1.098637249309589,-1.109845267943984,-2.172281147658035,1.156542334554004,3.843282237280014,-1.8070174205215188,1.2540526036013127,-1.2185597915917201
12,1,Chris Jericho,Cheryl Burke,0.0,0.0,0.0,0.0,0.0,0.0,0.0,0.0,0.0,0.0,0.0,-0.3783131187639717,0.2617572142756622,0.28926461091423117,0.4970840123427075,-0.5429776503907879,-0.5043670547546967,-0.19226113831692276,-1.0927601862397827,0.03553803669580512
12,2,Chris Jericho,Cheryl Burke,0.0,0.0,0.0,0.0,0.0,0.0,0.0,0.0,0.0,0.0,0.0,-0.3783131187639717,0.2617572142756622,0.28926461091423117,0.4970840123427075,1.156542334554004,-0.24667183972981144,0.7529528296665682,-0.7594842083310405,-1.2185597915917201
12,3,Chris Jericho,Cheryl Burke,0.0,0.0,0.0,0.0,0.0,0.0,0.0,0.0,0.0,0.0,0.0,-0.3783131187639717,0.2617572142756622,0.28926461091423117,0.16341336734261466,-0.14868901388359626,-0.3931203174529531,-0.6648681223086682,-0.5928462193766693,0.03553803669580512
12,4,Chris Jericho,Cheryl Burke,0.0,0.0,0.0,0.0,0.0,0.0,0.0,0.0,0.0,0.0,0.0,-0.3783131187639717,0.2617572142756622,0.28926461091423117,-0.17025727765747814,0.21526972750765758,-0.1560209760855992,0.2803458456748227,-0.5928462193766693,-0.2779864203760762
12,5,Chris Jericho,Cheryl Burke,0.0,0.0,0.0,0.0,0.0,0.0,0.0,0.0,0.0,0.0,0.0,-0.3783131187639717,0.2617572142756622,0.28926461091423117,-0.503927922657571,0.8544054483415953,0.23629288256862968,0.5166493376706954,-0.17625124699074143,-0.9050353345198388
12,6,Chris Jericho,Cheryl Burke,0.0,0.0,0.0,0.0,0.0,0.0,0.0,0.0,0.0,0.0,0.0,-0.3783131187639717,0.2617572142756622,0.28926461091423117,-0.8375985676576638,-0.5915353642463533,0.02937974677629989,-1.1374751063004138,-0.259570241467927,0.6625869508395678
12,1,Hines Ward,Kym Johnson,0.0,0.0,0.0,0.0,0.0,0.0,0.0,0.0,0.0,0.0,0.0,-0.0919383687572131,0.07805184073162919,-0.09937702210193972,0.4970840123427075,0.136830343587129,-0.33492362569723716,-0.19226113831692276,-0.7594842083310405,-0.5915108774479575
12,2,Hines Ward,Kym Johnson,0.0,0.0,0.0,0.0,0.0,0.0,0.0,0.0,0.0,0.0,0.0,-0.0919383687572131,0.07805184073162919,-0.09937702210193972,0.4970840123427075,1.156542334554004,-0.24667183972981144,0.2803458456748227,-0.5928462193766693,-1.2185597915917201
12,3,Hines Ward,Kym Johnson,0.0,0.0,0.0,0.0,0.0,0.0,0.0,0.0,0.0,0.0,0.0,-0.0919383687572131,0.07805184073162919,-0.09937702210193972,0.16341336734261466,1.156542334554004,-0.06531854348198159,0.2803458456748227,-0.259570241467927,-1.2185597915917201
12,4,Hines Ward,Kym Johnson,0.0,0.0,0.0,0.0,0.0,0.0,0.0,0.0,0.0,0.0,0.0,-0.0919383687572131,0.07805184073162919,-0.09937702210193972,-0.17025727765747814,0.8427847988718888,0.014244993889613363,-0.19226113831692276,-0.09293225251355586,-0.9050353345198388
12,5,Hines Ward,Kym Johnson,0.0,0.0,0.0,0.0,0.0,0.0,0.0,0.0,0.0,0.0,0.0,-0.0919383687572131,0.07805184073162919,-0.09937702210193972,-0.503927922657571,1.156542334554004,0.3266918253905211,0.2803458456748227,0.0737057364408153,-1.2185597915917201
12,6,Hines Ward,Kym Johnson,0.0,0.0,0.0,0.0,0.0,0.0,0.0,0.0,0.0,0.0,0.0,-0.0919383687572131,0.07805184073162919,-0.09937702210193972,-0.8375985676576638,0.8651960514206122,0.5165296053164946,-0.19226113831692276,0.24034372539518645,-0.5915108774479575
12,7,Hines Ward,Kym Johnson,0.0,0.0,0.0,0.0,0.0,0.0,0.0,0.0,0.0,0.0,0.0,-0.0919383687572131,0.07805184073162919,-0.09937702210193972,-1.1712692126577566,1.156542334554004,0.9561274352246476,1.2255598136583135,0.7402576922583,-1.2185597915917201
12,8,Hines Ward,Kym Johnson,0.0,0.0,0.0,0.0,0.0,0.0,0.0,0.0,0.0,0.0,0.0,-0.0919383687572131,0.07805184073162919,-0.09937702210193972,-1.5049398576578494,1.0082205904133676,1.5283023884384372,-1.610082090292159,0.7402576922583,-0.9050353345198388
12,9,Hines Ward,Kym Johnson,0.0,0.0,0.0,0.0,0.0,0.0,0.0,0.0,0.0,0.0,0.0,-0.0919383687572131,0.07805184073162919,-0.09937702210193972,-1.8386105026579422,-0.29619803613853063,2.3635531115263384,0.5166493376706954,0.4903007088267432,-0.9050353345198388
12,10,Hines Ward,Kym Johnson,0.0,0.0,0.0,0.0,0.0,0.0,0.0,0.0,0.0,0.0,0.0,-0.0919383687572131,0.07805184073162919,-0.09937702210193972,-2.172281147658035,1.156542334554004,3.843282237280014,-0.2710447225483461,0.7124791394996064,-1.2185597915917201
12,1,Kendra Wilkinson,Louis van Amstel,0.0,0.0,0.0,1.0,0.0,0.0,0.0,0.0,0.0,0.0,0.0,0.3292009694880202,-0.9657286907685575,-0.8766602881342814,0.4970840123427075,-0.8828816473797461,-0.5890887692834255,-0.19226113831692276,-1.2593981751941539,0.6625869508395678
12,2,Kendra Wilkinson,Louis van Amstel,0.0,0.0,0.0,1.0,0.0,0.0,0.0,0.0,0.0,0.0,0.0,0.3292009694880202,-0.9657286907685575,-0.8766602881342814,0.4970840123427075,-0.26218739200860464,-0.5714384120899408,0.04404235367894996,-1.1760791807169684,0.3490624937676864
12,3,Kendra Wilkinson,Louis van Amstel,0.0,0.0,0.0,1.0,0.0,0.0,0.0,0.0,0.0,0.0,0.0,0.3292009694880202,-0.9657286907685575,-0.8766602881342814,0.16341336734261466,0.5039266603352043,-0.2292194304674681,0.7529528296665682,-0.7594842083310405,-0.5915108774479575
12,4,Kendra Wilkinson,Louis van Amstel,0.0,0.0,0.0,1.0,0.0,0.0,0.0,0.0,0.0,0.0,0.0,0.3292009694880202,-0.9657286907685575,-0.8766602881342814,-0.17025727765747814,-1.3535179509029192,-0.5816859010236335,-1.3737785982962865,-0.8428032028082261,1.2896358649833304
12,5,Kendra Wilkinson,Louis van Amstel,0.0,0.0,0.0,1.0,0.0,0.0,0.0,0.0,0.0,0.0,0.0,0.3292009694880202,-0.9657286907685575,-0.8766602881342814,-0.503927922657571,-0.3541420965080334,-0.12530288871893683,0.7529528296665682,-0.9261221972854116,0.3490624937676864
12,6,Kendra Wilkinson,Louis van Amstel,0.0,0.0,0.0,1.0,0.0,0.0,0.0,0.0,0.0,0.0,0.0,0.3292009694880202,-0.9657286907685575,-0.8766602881342814,-0.8375985676576638,0.28250348515382584,0.321669661900417,0.5166493376706954,-0.34288923594511256,0.03553803669580512
12,7,Kendra Wilkinson,Louis van Amstel,0.0,0.0,0.0,1.0,0.0,0.0,0.0,0.0,0.0,0.0,0.0,0.3292009694880202,-0.9657286907685575,-0.8766602881342814,-1.1712692126577566,0.5385350673013521,0.7235359908287989,1.107408067660377,0.3653222171109648,-0.2779864203760762
12,1,Kirstie Alley,Maksim Chmerkoskiy,0.0,0.0,0.0,0.0,0.0,0.0,0.0,0.0,0.0,0.0,0.0,-0.26039410405530633,0.12307766758065668,1.8438311429789147,0.4970840123427075,0.816638337565046,-0.1654801966397777,-0.19226113831692276,-0.42620823042229816,-0.9050353345198388
12,2,Kirstie Alley,Maksim Chmerkoskiy,0.0,0.0,0.0,0.0,0.0,0.0,0.0,0.0,0.0,0.0,0.0,-0.26039410405530633,0.12307766758065668,1.8438311429789147,0.4970840123427075,0.09249503963204728,-0.4902467689999088,-0.9011716143045408,-0.6761652138538549,0.03553803669580512
12,3,Kirstie Alley,Maksim Chmerkoskiy,0.0,0.0,0.0,0.0,0.0,0.0,0.0,0.0,0.0,0.0,0.0,-0.26039410405530633,0.12307766758065668,1.8438311429789147,0.16341336734261466,-0.14868901388359626,-0.3931203174529531,0.04404235367894996,-0.8428032028082261,0.03553803669580512
12,4,Kirstie Alley,Maksim Chmerkoskiy,0.0,0.0,0.0,0.0,0.0,0.0,0.0,0.0,0.0,0.0,0.0,-0.26039410405530633,0.12307766758065668,1.8438311429789147,-0.17025727765747814,-0.09848780817445761,-0.2411539610732072,0.04404235367894996,-0.6761652138538549,0.6625869508395678
12,5,Kirstie Alley,Maksim Chmerkoskiy,0.0,0.0,0.0,0.0,0.0,0.0,0.0,0.0,0.0,0.0,0.0,-0.26039410405530633,0.12307766758065668,1.8438311429789147,-0.503927922657571,-0.05200521029562557,-0.03490394589704562,0.04404235367894996,-0.5095272248994838,0.03553803669580512
12,6,Kirstie Alley,Maksim Chmerkoskiy,0.0,0.0,0.0,0.0,0.0,0.0,0.0,0.0,0.0,0.0,0.0,-0.26039410405530633,0.12307766758065668,1.8438311429789147,-0.8375985676576638,0.5738497682872186,0.4190996336084551,0.5166493376706954,-0.17625124699074143,-0.2779864203760762
12,7,Kirstie Alley,Maksim Chmerkoskiy,0.0,0.0,0.0,0.0,0.0,0.0,0.0,0.0,0.0,0.0,0.0,-0.26039410405530633,0.12307766758065668,1.8438311429789147,-1.1712692126577566,0.41493361385082284,0.6770177019496293,0.7529528296665682,0.4069817143495576,0.03553803669580512
12,8,Kirstie Alley,Maksim Chmerkoskiy,0.0,0.0,0.0,0.0,0.0,0.0,0.0,0.0,0.0,0.0,0.0,-0.26039410405530633,0.12307766758065668,1.8438311429789147,-1.5049398576578494,0.8598988462727312,1.46085086956364,-1.0193233603024774,0.4486412115881504,-0.5915108774479575
12,9,Kirstie Alley,Maksim Chmerkoskiy,0.0,0.0,0.0,0.0,0.0,0.0,0.0,0.0,0.0,0.0,0.0,-0.26039410405530633,0.12307766758065668,1.8438311429789147,-1.8386105026579422,-0.9666935918427771,1.915789837293649,-0.0741093923189864,0.19868422815659367,-0.5915108774479575
12,10,Kirstie Alley,Maksim Chmerkoskiy,0.0,0.0,0.0,0.0,0.0,0.0,0.0,0.0,0.0,0.0,0.0,-0.26039410405530633,0.12307766758065668,1.8438311429789147,-2.172281147658035,0.6982346146684768,3.5085915404853054,0.04401872332974961,0.323654387972924,-0.5915108774479575
12,1,Mike Catherwood,Lacey Schwimmer,0.0,0.0,0.0,1.0,0.0,0.0,0.0,0.0,0.0,0.0,0.0,-0.1621282584647517,0.33319819287611924,-0.33256200191164226,0.4970840123427075,-2.582401632324538,-1.0126973419270733,-0.19226113831692276,-2.0925881199660097,1.916684779127093
12,2,Mike Catherwood,Lacey Schwimmer,0.0,0.0,0.0,1.0,0.0,0.0,0.0,0.0,0.0,0.0,0.0,-0.1621282584647517,0.33319819287611924,-0.33256200191164226,0.4970840123427075,-0.9715522552899094,-0.7338216982700044,0.7529528296665682,-1.7593121420572673,1.2896358649833304
12,1,Petra Nemcova,Dmitry Chaplin,0.0,1.0,0.0,0.0,0.0,0.0,0.0,0.0,0.0,0.0,0.0,0.3292009694880202,0.33319819287611924,-0.4102903285148764,0.4970840123427075,-0.8828816473797461,-0.5890887692834255,-0.19226113831692276,-1.2593981751941539,0.6625869508395678
12,2,Petra Nemcova,Dmitry Chaplin,0.0,1.0,0.0,0.0,0.0,0.0,0.0,0.0,0.0,0.0,0.0,0.3292009694880202,0.33319819287611924,-0.4102903285148764,0.4970840123427075,-0.6168698236492566,-0.6526300551799726,-0.19226113831692276,-1.2593981751941539,0.6625869508395678
12,3,Petra Nemcova,Dmitry Chaplin,0.0,1.0,0.0,0.0,0.0,0.0,0.0,0.0,0.0,0.0,0.0,0.3292009694880202,0.33319819287611924,-0.4102903285148764,0.16341336734261466,1.156542334554004,-0.06531854348198159,1.461863305654186,-0.6761652138538549,-1.2185597915917201
12,4,Petra Nemcova,Dmitry Chaplin,0.0,1.0,0.0,0.0,0.0,0.0,0.0,0.0,0.0,0.0,0.0,0.3292009694880202,0.33319819287611924,-0.4102903285148764,-0.17025727765747814,0.21526972750765758,-0.1560209760855992,-0.6648681223086682,-0.259570241467927,-0.2779864203760762
12,5,Petra Nemcova,Dmitry Chaplin,0.0,1.0,0.0,0.0,0.0,0.0,0.0,0.0,0.0,0.0,0.0,0.3292009694880202,0.33319819287611924,-0.4102903285148764,-0.503927922657571,-0.3541420965080334,-0.12530288871893683,-0.42856463031279546,-0.5095272248994838,0.3490624937676864
12,1,Ralph Macchio,Karina Smirnoff,0.0,0.0,0.0,0.0,0.0,0.0,0.0,0.0,0.0,0.0,1.0,0.16542456017042953,-0.2621432954610242,0.9888195503433388,0.4970840123427075,1.156542334554004,-0.08075848211104882,-0.19226113831692276,-0.259570241467927,-1.2185597915917201
12,2,Ralph Macchio,Karina Smirnoff,0.0,0.0,0.0,0.0,0.0,0.0,0.0,0.0,0.0,0.0,1.0,0.16542456017042953,-0.2621432954610242,0.9888195503433388,0.4970840123427075,0.44717747127270013,-0.4090551259098753,-0.9011716143045408,-0.5095272248994838,-0.2779864203760762
12,3,Ralph Macchio,Karina Smirnoff,0.0,0.0,0.0,0.0,0.0,0.0,0.0,0.0,0.0,0.0,1.0,0.16542456017042953,-0.2621432954610242,0.9888195503433388,0.16341336734261466,-0.14868901388359626,-0.3931203174529531,-0.19226113831692276,-0.7594842083310405,0.03553803669580512
12,4,Ralph Macchio,Karina Smirnoff,0.0,0.0,0.0,0.0,0.0,0.0,0.0,0.0,0.0,0.0,1.0,0.16542456017042953,-0.2621432954610242,0.9888195503433388,-0.17025727765747814,0.8427847988718888,0.014244993889613363,0.7529528296665682,-0.42620823042229816,-0.9050353345198388
12,5,Ralph Macchio,Karina Smirnoff,0.0,0.0,0.0,0.0,0.0,0.0,0.0,0.0,0.0,0.0,1.0,0.16542456017042953,-0.2621432954610242,0.9888195503433388,-0.503927922657571,-0.3541420965080334,-0.12530288871893683,-0.9011716143045408,-0.34288923594511256,0.3490624937676864
12,6,Ralph Macchio,Karina Smirnoff,0.0,0.0,0.0,0.0,0.0,0.0,0.0,0.0,0.0,0.0,1.0,0.16542456017042953,-0.2621432954610242,0.9888195503433388,-0.8375985676576638,-0.00884279797956782,0.2242396901923775,0.2803458456748227,-0.42620823042229816,0.3490624937676864
12,7,Ralph Macchio,Karina Smirnoff,0.0,0.0,0.0,0.0,0.0,0.0,0.0,0.0,0.0,0.0,1.0,0.16542456017042953,-0.2621432954610242,0.9888195503433388,-1.1712692126577566,1.156542334554004,0.9561274352246476,1.9344702896459318,0.4903007088267432,-1.2185597915917201
12,8,Ralph Macchio,Karina Smirnoff,0.0,0.0,0.0,0.0,0.0,0.0,0.0,0.0,0.0,0.0,1.0,0.16542456017042953,-0.2621432954610242,0.9888195503433388,-1.5049398576578494,-0.17835336271172372,0.9886902374400676,-2.55529605827565,0.4069817143495576,0.03553803669580512
12,9,Ralph Macchio,Karina Smirnoff,0.0,0.0,0.0,0.0,0.0,0.0,0.0,0.0,0.0,0.0,1.0,0.16542456017042953,-0.2621432954610242,0.9888195503433388,-1.8386105026579422,-1.6371891475470237,1.4680265630609586,0.04404235367894996,-0.34288923594511256,-0.2779864203760762
12,1,Romeo,Chelsie Hightower,0.0,0.0,0.0,0.0,0.0,0.0,0.0,0.0,0.0,0.0,0.0,0.49765670478611335,-1.4528262721353111,-1.1875735945472181,0.4970840123427075,-0.5429776503907879,-0.5043670547546967,-0.19226113831692276,-1.0927601862397827,0.03553803669580512
12,2,Romeo,Chelsie Hightower,0.0,0.0,0.0,0.0,0.0,0.0,0.0,0.0,0.0,0.0,0.0,0.49765670478611335,-1.4528262721353111,-1.1875735945472181,0.4970840123427075,1.156542334554004,-0.24667183972981144,0.7529528296665682,-0.7594842083310405,-1.2185597915917201
12,3,Romeo,Chelsie Hightower,0.0,0.0,0.0,0.0,0.0,0.0,0.0,0.0,0.0,0.0,0.0,0.49765670478611335,-1.4528262721353111,-1.1875735945472181,0.16341336734261466,-0.47499685099299566,-0.4750707609456964,-0.9011716143045408,-0.6761652138538549,0.976111407911449
12,4,Romeo,Chelsie Hightower,0.0,0.0,0.0,0.0,0.0,0.0,0.0,0.0,0.0,0.0,0.0,0.49765670478611335,-1.4528262721353111,-1.1875735945472181,-0.17025727765747814,0.21526972750765758,-0.1560209760855992,0.5166493376706954,-0.6761652138538549,-0.2779864203760762
12,5,Romeo,Chelsie Hightower,0.0,0.0,0.0,0.0,0.0,0.0,0.0,0.0,0.0,0.0,0.0,0.49765670478611335,-1.4528262721353111,-1.1875735945472181,-0.503927922657571,0.8544054483415953,0.23629288256862968,0.5166493376706954,-0.17625124699074143,-0.9050353345198388
12,6,Romeo,Chelsie Hightower,0.0,0.0,0.0,0.0,0.0,0.0,0.0,0.0,0.0,0.0,0.0,0.49765670478611335,-1.4528262721353111,-1.1875735945472181,-0.8375985676576638,1.156542334554004,0.6139595770245326,0.2803458456748227,0.24034372539518645,-1.2185597915917201
12,7,Romeo,Chelsie Hightower,0.0,0.0,0.0,0.0,0.0,0.0,0.0,0.0,0.0,0.0,0.0,0.49765670478611335,-1.4528262721353111,-1.1875735945472181,-1.1712692126577566,0.41493361385082284,0.6770177019496293,0.2803458456748227,0.5736197033039288,0.03553803669580512
12,8,Romeo,Chelsie Hightower,0.0,0.0,0.0,0.0,0.0,0.0,0.0,0.0,0.0,0.0,0.0,0.49765670478611335,-1.4528262721353111,-1.1875735945472181,-1.5049398576578494,0.7115771021320948,1.393399350688845,-1.1374751063004138,0.4069817143495576,-0.2779864203760762
12,1,Sugar Ray Leonard,Anna Trebunskaya,0.0,0.0,0.0,0.0,0.0,0.0,0.0,0.0,0.0,0.0,1.0,1.0259951473119513,-0.4786311094018037,1.3774611833595096,0.4970840123427075,-1.222785644368704,-0.6738104838121544,-0.19226113831692276,-1.426036164148525,1.2896358649833304
12,2,Sugar Ray Leonard,Anna Trebunskaya,0.0,0.0,0.0,0.0,0.0,0.0,0.0,0.0,0.0,0.0,1.0,1.0259951473119513,-0.4786311094018037,1.3774611833595096,0.4970840123427075,-0.9715522552899094,-0.7338216982700044,-0.19226113831692276,-1.426036164148525,1.2896358649833304
12,3,Sugar Ray Leonard,Anna Trebunskaya,0.0,0.0,0.0,0.0,0.0,0.0,0.0,0.0,0.0,0.0,1.0,1.0259951473119513,-0.4786311094018037,1.3774611833595096,0.16341336734261466,-0.47499685099299566,-0.4750707609456964,0.5166493376706954,-1.1760791807169684,0.976111407911449
12,4,Sugar Ray Leonard,Anna Trebunskaya,0.0,0.0,0.0,0.0,0.0,0.0,0.0,0.0,0.0,0.0,1.0,1.0259951473119513,-0.4786311094018037,1.3774611833595096,-0.17025727765747814,-0.4122453438565728,-0.3262869460608132,0.04404235367894996,-0.8428032028082261,0.976111407911449
12,1,Wendy Williams,Tony Dovolani,0.0,0.0,0.0,0.0,0.0,0.0,0.0,0.0,0.0,0.0,1.0,0.722264351850238,-0.6873872157018412,0.7556345705336363,0.4970840123427075,-2.242497635335579,-0.9279756273983444,-0.19226113831692276,-1.9259501310116385,1.6031603220552115
12,2,Wendy Williams,Tony Dovolani,0.0,0.0,0.0,0.0,0.0,0.0,0.0,0.0,0.0,0.0,1.0,0.722264351850238,-0.6873872157018412,0.7556345705336363,0.4970840123427075,-0.9715522552899094,-0.7338216982700044,0.5166493376706954,-1.6759931475800818,1.2896358649833304
12,3,Wendy Williams,Tony Dovolani,0.0,0.0,0.0,0.0,0.0,0.0,0.0,0.0,0.0,0.0,1.0,0.722264351850238,-0.6873872157018412,0.7556345705336363,0.16341336734261466,-2.106536036539996,-0.8848229784094112,-0.6648681223086682,-1.5926741531028963,1.6031603220552115
13,1,Carson Kressley,Anna Trebunskaya,0.0,0.0,0.0,0.0,0.0,0.0,0.0,0.0,0.0,0.0,0.0,1.0259951473119513,-0.4786311094018037,0.36699293751746537,0.8307546573428003,-0.6974794672039507,-0.7401823339037874,-0.19226113831692276,-1.426036164148525,0.6625869508395678
13,2,Carson Kressley,Anna Trebunskaya,0.0,0.0,0.0,0.0,0.0,0.0,0.0,0.0,0.0,0.0,0.0,1.0259951473119513,-0.4786311094018037,0.36699293751746537,0.4970840123427075,-0.6168698236492566,-0.6985051539662697,0.04404235367894996,-1.3427171696713396,1.2896358649833304
13,3,Carson Kressley,Anna Trebunskaya,0.0,0.0,0.0,0.0,0.0,0.0,0.0,0.0,0.0,0.0,0.0,1.0259951473119513,-0.4786311094018037,0.36699293751746537,0.16341336734261466,-0.05200521029562557,-0.412138352862661,0.9892563216624407,-0.8428032028082261,0.976111407911449
13,4,Carson Kressley,Anna Trebunskaya,0.0,0.0,0.0,0.0,0.0,0.0,0.0,0.0,0.0,0.0,0.0,1.0259951473119513,-0.4786311094018037,0.36699293751746537,-0.17025727765747814,-1.3751564016396163,-0.43586002243242167,-0.9011716143045408,-0.6761652138538549,1.2896358649833304
13,5,Carson Kressley,Anna Trebunskaya,0.0,0.0,0.0,0.0,0.0,0.0,0.0,0.0,0.0,0.0,0.0,1.0259951473119513,-0.4786311094018037,0.36699293751746537,-0.503927922657571,-1.4655742136465315,-0.3416833369628275,-0.42856463031279546,-1.0094411917625972,0.976111407911449
13,1,Chaz Bono,Lacey Schwimmer,0.0,0.0,0.0,1.0,0.0,0.0,0.0,0.0,0.0,0.0,0.0,-0.1621282584647517,0.33319819287611924,0.4447212641206995,0.8307546573428003,-0.6974794672039507,-0.7401823339037874,-0.19226113831692276,-1.426036164148525,0.6625869508395678
13,2,Chaz Bono,Lacey Schwimmer,0.0,0.0,0.0,1.0,0.0,0.0,0.0,0.0,0.0,0.0,0.0,-0.1621282584647517,0.33319819287611924,0.4447212641206995,0.4970840123427075,-0.9715522552899094,-0.7771481804570629,-0.19226113831692276,-1.426036164148525,1.916684779127093
13,3,Chaz Bono,Lacey Schwimmer,0.0,0.0,0.0,1.0,0.0,0.0,0.0,0.0,0.0,0.0,0.0,-0.1621282584647517,0.33319819287611924,0.4447212641206995,0.16341336734261466,-1.562689641357663,-0.7821255871969858,0.04404235367894996,-1.3427171696713396,1.6031603220552115
13,4,Chaz Bono,Lacey Schwimmer,0.0,0.0,0.0,1.0,0.0,0.0,0.0,0.0,0.0,0.0,0.0,-0.1621282584647517,0.33319819287611924,0.4447212641206995,-0.17025727765747814,-1.0938565420625477,-0.3519490420140153,0.5166493376706954,-1.0094411917625972,0.3490624937676864
13,5,Chaz Bono,Lacey Schwimmer,0.0,0.0,0.0,1.0,0.0,0.0,0.0,0.0,0.0,0.0,0.0,-0.1621282584647517,0.33319819287611924,0.4447212641206995,-0.503927922657571,-0.8828816473797461,-0.15511530603254073,-0.19226113831692276,-0.7594842083310405,0.6625869508395678
13,6,Chaz Bono,Lacey Schwimmer,0.0,0.0,0.0,1.0,0.0,0.0,0.0,0.0,0.0,0.0,0.0,-0.1621282584647517,0.33319819287611924,0.4447212641206995,-0.8375985676576638,-1.6564562612166858,-0.10678744259879042,-0.6648681223086682,-0.9261221972854116,0.6625869508395678
13,1,Chynna Phillips,Tony Dovolani,0.0,0.0,0.0,1.0,0.0,0.0,0.0,0.0,0.0,0.0,0.0,0.722264351850238,-0.6873872157018412,0.5224495907239337,0.8307546573428003,1.156542334554004,-0.3360948936400314,-0.19226113831692276,-0.5928462193766693,-1.2185597915917201
13,2,Chynna Phillips,Tony Dovolani,0.0,0.0,0.0,1.0,0.0,0.0,0.0,0.0,0.0,0.0,0.0,0.722264351850238,-0.6873872157018412,0.5224495907239337,0.4970840123427075,0.44717747127270013,-0.46257607449388805,-0.42856463031279546,-0.6761652138538549,-0.2779864203760762
13,3,Chynna Phillips,Tony Dovolani,0.0,0.0,0.0,1.0,0.0,0.0,0.0,0.0,0.0,0.0,0.0,0.722264351850238,-0.6873872157018412,0.5224495907239337,0.16341336734261466,0.8544054483415953,-0.19014601226206726,0.9892563216624407,-0.34288923594511256,-0.9050353345198388
13,4,Chynna Phillips,Tony Dovolani,0.0,0.0,0.0,1.0,0.0,0.0,0.0,0.0,0.0,0.0,0.0,0.722264351850238,-0.6873872157018412,0.5224495907239337,-0.17025727765747814,-1.0938565420625477,-0.3519490420140153,-1.3737785982962865,-0.34288923594511256,0.3490624937676864
13,1,David Arquette,Kym Johnson,0.0,0.0,0.0,0.0,0.0,0.0,0.0,0.0,0.0,0.0,0.0,-0.0919383687572131,0.07805184073162919,0.28926461091423117,0.8307546573428003,-0.32667510685235923,-0.6593648458510358,-0.19226113831692276,-1.2593981751941539,0.3490624937676864
13,2,David Arquette,Kym Johnson,0.0,0.0,0.0,0.0,0.0,0.0,0.0,0.0,0.0,0.0,0.0,-0.0919383687572131,0.07805184073162919,0.28926461091423117,0.4970840123427075,-0.6168698236492566,-0.6985051539662697,-0.19226113831692276,-1.2593981751941539,1.2896358649833304
13,3,David Arquette,Kym Johnson,0.0,0.0,0.0,0.0,0.0,0.0,0.0,0.0,0.0,0.0,0.0,-0.0919383687572131,0.07805184073162919,0.28926461091423117,0.16341336734261466,0.25013167591678137,-0.3381409059957964,1.2255598136583135,-0.7594842083310405,-0.2779864203760762
13,4,David Arquette,Kym Johnson,0.0,0.0,0.0,0.0,0.0,0.0,0.0,0.0,0.0,0.0,0.0,-0.0919383687572131,0.07805184073162919,0.28926461091423117,-0.17025727765747814,-0.5312568229084096,-0.1841270811772022,-0.42856463031279546,-0.34288923594511256,0.03553803669580512
13,5,David Arquette,Kym Johnson,0.0,0.0,0.0,0.0,0.0,0.0,0.0,0.0,0.0,0.0,0.0,-0.0919383687572131,0.07805184073162919,0.28926461091423117,-0.503927922657571,0.28250348515382584,0.21802075582803457,0.2803458456748227,-0.259570241467927,-0.9050353345198388
13,6,David Arquette,Kym Johnson,0.0,0.0,0.0,0.0,0.0,0.0,0.0,0.0,0.0,0.0,0.0,-0.0919383687572131,0.07805184073162919,0.28926461091423117,-0.8375985676576638,-0.5312568229084096,0.31580038649631675,-0.6648681223086682,-0.259570241467927,-0.2779864203760762
13,7,David Arquette,Kym Johnson,0.0,0.0,0.0,0.0,0.0,0.0,0.0,0.0,0.0,0.0,0.0,-0.0919383687572131,0.07805184073162919,0.28926461091423117,-1.1712692126577566,0.23302958801796647,0.6990861052062999,-0.0741093923189864,-0.38454873318370536,0.03553803669580512
13,1,Elisabetta Canalis,Valentin Chmerkovskiy,0.0,0.0,0.0,0.0,0.0,0.0,0.0,0.0,1.0,0.0,0.0,-0.6948325792977572,1.0852084939335633,-0.25483367530840806,0.8307546573428003,-1.4390881879071329,-0.9018173100092888,-0.19226113831692276,-1.7593121420572673,1.916684779127093
13,2,Elisabetta Canalis,Valentin Chmerkovskiy,0.0,0.0,0.0,0.0,0.0,0.0,0.0,0.0,1.0,0.0,0.0,-0.6948325792977572,1.0852084939335633,-0.25483367530840806,0.4970840123427075,0.44717747127270013,-0.46257607449388805,1.2255598136583135,-1.2593981751941539,-0.2779864203760762
13,1,Hope Solo,Maksim Chmerkoskiy,0.0,0.0,0.0,0.0,0.0,0.0,0.0,0.0,0.0,0.0,0.0,-0.26039410405530633,0.12307766758065668,-0.4880186551181106,0.8307546573428003,0.7857379742024134,-0.4169123816927813,-0.19226113831692276,-0.7594842083310405,-0.5915108774479575
13,2,Hope Solo,Maksim Chmerkoskiy,0.0,0.0,0.0,0.0,0.0,0.0,0.0,0.0,0.0,0.0,0.0,-0.26039410405530633,0.12307766758065668,-0.4880186551181106,0.4970840123427075,-0.26218739200860464,-0.6198621274754764,-0.6648681223086682,-0.9261221972854116,0.976111407911449
13,3,Hope Solo,Maksim Chmerkoskiy,0.0,0.0,0.0,0.0,0.0,0.0,0.0,0.0,0.0,0.0,0.0,-0.26039410405530633,0.12307766758065668,-0.4880186551181106,0.16341336734261466,0.25013167591678137,-0.3381409059957964,0.9892563216624407,-0.6761652138538549,-0.2779864203760762
13,4,Hope Solo,Maksim Chmerkoskiy,0.0,0.0,0.0,0.0,0.0,0.0,0.0,0.0,0.0,0.0,0.0,-0.26039410405530633,0.12307766758065668,-0.4880186551181106,-0.17025727765747814,-0.24995696333134093,-0.10021610075879578,-0.19226113831692276,-0.259570241467927,-0.5915108774479575
13,5,Hope Solo,Maksim Chmerkoskiy,0.0,0.0,0.0,0.0,0.0,0.0,0.0,0.0,0.0,0.0,0.0,-0.26039410405530633,0.12307766758065668,-0.4880186551181106,-0.503927922657571,-0.00884279797956782,0.1247367403628913,-0.19226113831692276,-0.259570241467927,-0.2779864203760762
13,6,Hope Solo,Maksim Chmerkoskiy,0.0,0.0,0.0,0.0,0.0,0.0,0.0,0.0,0.0,0.0,0.0,-0.26039410405530633,0.12307766758065668,-0.4880186551181106,-0.8375985676576638,-1.3751564016396163,-0.0011404853250144133,-1.1374751063004138,-0.5928462193766693,0.3490624937676864
13,7,Hope Solo,Maksim Chmerkoskiy,0.0,0.0,0.0,0.0,0.0,0.0,0.0,0.0,0.0,0.0,0.0,-0.26039410405530633,0.12307766758065668,-0.4880186551181106,-1.1712692126577566,0.6947859612859852,0.8786498755897175,0.9892563216624407,-0.5095272248994838,-0.5915108774479575
13,8,Hope Solo,Maksim Chmerkoskiy,0.0,0.0,0.0,0.0,0.0,0.0,0.0,0.0,0.0,0.0,0.0,-0.26039410405530633,0.12307766758065668,-0.4880186551181106,-1.5049398576578494,0.06884954418933757,1.406941740578764,0.04404235367894996,-0.009613258036370276,-0.9050353345198388
13,9,Hope Solo,Maksim Chmerkoskiy,0.0,0.0,0.0,0.0,0.0,0.0,0.0,0.0,0.0,0.0,0.0,-0.26039410405530633,0.12307766758065668,-0.4880186551181106,-1.8386105026579422,-1.0351083604990483,1.51178096568694,-0.5467636370091309,-0.051289419073858464,-0.2779864203760762
13,1,J.R. Martinez,Karina Smirnoff,0.0,0.0,0.0,0.0,0.0,0.0,0.0,0.0,0.0,0.0,0.0,0.16542456017042953,-0.2621432954610242,-0.643475308324579,0.8307546573428003,1.156542334554004,-0.3360948936400314,-0.19226113831692276,-0.5928462193766693,-1.2185597915917201
13,2,J.R. Martinez,Karina Smirnoff,0.0,0.0,0.0,0.0,0.0,0.0,0.0,0.0,0.0,0.0,0.0,0.16542456017042953,-0.2621432954610242,-0.643475308324579,0.4970840123427075,0.8018599029133521,-0.38393304800309486,-0.19226113831692276,-0.5928462193766693,-0.9050353345198388
13,3,J.R. Martinez,Karina Smirnoff,0.0,0.0,0.0,0.0,0.0,0.0,0.0,0.0,0.0,0.0,0.0,0.16542456017042953,-0.2621432954610242,-0.643475308324579,0.16341336734261466,0.8544054483415953,-0.19014601226206726,0.7529528296665682,-0.259570241467927,-0.9050353345198388
13,4,J.R. Martinez,Karina Smirnoff,0.0,0.0,0.0,0.0,0.0,0.0,0.0,0.0,0.0,0.0,0.0,0.16542456017042953,-0.2621432954610242,-0.643475308324579,-0.17025727765747814,0.3126427558227972,0.0676058600780173,-0.19226113831692276,0.0737057364408153,-0.9050353345198388
13,5,J.R. Martinez,Karina Smirnoff,0.0,0.0,0.0,0.0,0.0,0.0,0.0,0.0,0.0,0.0,0.0,0.16542456017042953,-0.2621432954610242,-0.643475308324579,-0.503927922657571,1.156542334554004,0.49787280222346486,0.2803458456748227,0.24034372539518645,-1.2185597915917201
13,6,J.R. Martinez,Karina Smirnoff,0.0,0.0,0.0,0.0,0.0,0.0,0.0,0.0,0.0,0.0,0.0,0.16542456017042953,-0.2621432954610242,-0.643475308324579,-0.8375985676576638,1.156542334554004,0.9496821301389811,0.04404235367894996,0.4903007088267432,-1.2185597915917201
13,7,J.R. Martinez,Karina Smirnoff,0.0,0.0,0.0,0.0,0.0,0.0,0.0,0.0,0.0,0.0,0.0,0.16542456017042953,-0.2621432954610242,-0.643475308324579,-1.1712692126577566,0.38694837910730606,0.7589406953341062,-1.3737785982962865,0.15702473091800087,-0.2779864203760762
13,8,J.R. Martinez,Karina Smirnoff,0.0,0.0,0.0,0.0,0.0,0.0,0.0,0.0,0.0,0.0,0.0,0.16542456017042953,-0.2621432954610242,-0.643475308324579,-1.5049398576578494,1.156542334554004,1.948637336175583,1.2255598136583135,0.24034372539518645,-1.2185597915917201
13,9,J.R. Martinez,Karina Smirnoff,0.0,0.0,0.0,0.0,0.0,0.0,0.0,0.0,0.0,0.0,0.0,0.16542456017042953,-0.2621432954610242,-0.643475308324579,-1.8386105026579422,-0.18276052405004287,2.0297948784464546,-0.6648681223086682,0.5736197033039288,-0.5915108774479575
13,10,J.R. Martinez,Karina Smirnoff,0.0,0.0,0.0,0.0,0.0,0.0,0.0,0.0,0.0,0.0,0.0,0.16542456017042953,-0.2621432954610242,-0.643475308324579,-2.172281147658035,1.1085460647661436,3.731711753544529,-0.15291660689961015,0.42085432693000896,-0.9050353345198388
13,1,Kristin Cavallari,Mark Ballas,0.0,0.0,0.0,0.0,0.0,0.0,0.0,0.0,0.0,0.0,0.0,-0.7376853540665704,1.098637249309589,-0.9543886147375157,0.8307546573428003,0.04412925349923135,-0.5785473577982844,-0.19226113831692276,-1.0927601862397827,0.03553803669580512
13,2,Kristin Cavallari,Mark Ballas,0.0,0.0,0.0,0.0,0.0,0.0,0.0,0.0,0.0,0.0,0.0,-0.7376853540665704,1.098637249309589,-0.9543886147375157,0.4970840123427075,0.8018599029133521,-0.38393304800309486,0.5166493376706954,-0.8428032028082261,-0.9050353345198388
13,3,Kristin Cavallari,Mark Ballas,0.0,0.0,0.0,0.0,0.0,0.0,0.0,0.0,0.0,0.0,0.0,-0.7376853540665704,1.098637249309589,-0.9543886147375157,0.16341336734261466,0.25013167591678137,-0.3381409059957964,0.2803458456748227,-0.42620823042229816,-0.2779864203760762
13,1,Metta World Peace (Ron),Peta Murgatroyd,0.0,0.0,0.0,0.0,0.0,0.0,0.0,0.0,0.0,0.0,0.0,0.5650389989053509,-0.7384164861307391,-0.4102903285148764,0.8307546573428003,-1.8098925482587234,-0.9826347980620406,-0.19226113831692276,-1.9259501310116385,2.230209236198974
13,1,Nancy Grace,Tristan MacManus,0.0,0.0,0.0,0.0,0.0,0.0,0.0,0.0,0.0,0.0,1.0,1.8621481607006687,-1.4528262721353111,1.144276203549807,0.8307546573428003,-1.0682838275555413,-0.8209998219565372,-0.19226113831692276,-1.5926741531028963,1.2896358649833304
13,2,Nancy Grace,Tristan MacManus,0.0,0.0,0.0,0.0,0.0,0.0,0.0,0.0,0.0,0.0,1.0,1.8621481607006687,-1.4528262721353111,1.144276203549807,0.4970840123427075,0.44717747127270013,-0.46257607449388805,0.9892563216624407,-1.1760791807169684,-0.2779864203760762
13,3,Nancy Grace,Tristan MacManus,0.0,0.0,0.0,0.0,0.0,0.0,0.0,0.0,0.0,0.0,1.0,1.8621481607006687,-1.4528262721353111,1.144276203549807,0.16341336734261466,-0.6562789827204404,-0.5601332465963919,-0.19226113831692276,-0.7594842083310405,1.2896358649833304
13,4,Nancy Grace,Tristan MacManus,0.0,0.0,0.0,0.0,0.0,0.0,0.0,0.0,0.0,0.0,1.0,1.8621481607006687,-1.4528262721353111,1.144276203549807,-0.17025727765747814,-1.0938565420625477,-0.3519490420140153,-0.19226113831692276,-0.7594842083310405,0.3490624937676864
13,5,Nancy Grace,Tristan MacManus,0.0,0.0,0.0,0.0,0.0,0.0,0.0,0.0,0.0,0.0,1.0,1.8621481607006687,-1.4528262721353111,1.144276203549807,-0.503927922657571,-0.5915353642463533,-0.0618312905673972,0.04404235367894996,-0.6761652138538549,0.3490624937676864
13,6,Nancy Grace,Tristan MacManus,0.0,0.0,0.0,0.0,0.0,0.0,0.0,0.0,0.0,0.0,1.0,1.8621481607006687,-1.4528262721353111,1.144276203549807,-0.8375985676576638,-0.24995696333134093,0.4214473437700942,0.2803458456748227,-0.42620823042229816,-0.5915108774479575
13,7,Nancy Grace,Tristan MacManus,0.0,0.0,0.0,0.0,0.0,0.0,0.0,0.0,0.0,0.0,1.0,1.8621481607006687,-1.4528262721353111,1.144276203549807,-1.1712692126577566,-0.2287267852500523,0.5195223348228847,-0.6648681223086682,-0.42620823042229816,0.3490624937676864
13,8,Nancy Grace,Tristan MacManus,0.0,0.0,0.0,0.0,0.0,0.0,0.0,0.0,0.0,0.0,1.0,1.8621481607006687,-1.4528262721353111,1.144276203549807,-1.5049398576578494,-1.0188432461753298,0.8652461449819451,-0.19226113831692276,-0.5928462193766693,0.03553803669580512
13,1,Ricki Lake,Derek Hough,0.0,0.0,0.0,0.0,0.0,0.0,0.0,0.0,0.0,0.0,0.0,-2.063861387834893,1.3838008193534315,0.4447212641206995,0.8307546573428003,0.41493361385082284,-0.4977298697455328,-0.19226113831692276,-0.9261221972854116,-0.2779864203760762
13,2,Ricki Lake,Derek Hough,0.0,0.0,0.0,0.0,0.0,0.0,0.0,0.0,0.0,0.0,0.0,-2.063861387834893,1.3838008193534315,0.4447212641206995,0.4970840123427075,1.156542334554004,-0.30529002151229967,0.5166493376706954,-0.6761652138538549,-1.2185597915917201
13,3,Ricki Lake,Derek Hough,0.0,0.0,0.0,0.0,0.0,0.0,0.0,0.0,0.0,0.0,0.0,-2.063861387834893,1.3838008193534315,0.4447212641206995,0.16341336734261466,1.156542334554004,-0.11614856539520246,0.7529528296665682,-0.09293225251355586,-1.2185597915917201
13,4,Ricki Lake,Derek Hough,0.0,0.0,0.0,0.0,0.0,0.0,0.0,0.0,0.0,0.0,0.0,-2.063861387834893,1.3838008193534315,0.4447212641206995,-0.17025727765747814,1.156542334554004,0.3193388013332385,0.2803458456748227,0.4069817143495576,-1.2185597915917201
13,5,Ricki Lake,Derek Hough,0.0,0.0,0.0,0.0,0.0,0.0,0.0,0.0,0.0,0.0,0.0,-2.063861387834893,1.3838008193534315,0.4447212641206995,-0.503927922657571,-0.00884279797956782,0.1247367403628913,-1.3737785982962865,0.15702473091800087,-0.2779864203760762
13,6,Ricki Lake,Derek Hough,0.0,0.0,0.0,0.0,0.0,0.0,0.0,0.0,0.0,0.0,0.0,-2.063861387834893,1.3838008193534315,0.4447212641206995,-0.8375985676576638,1.156542334554004,0.9496821301389811,0.9892563216624407,0.15702473091800087,-1.2185597915917201
13,7,Ricki Lake,Derek Hough,0.0,0.0,0.0,0.0,0.0,0.0,0.0,0.0,0.0,0.0,0.0,-2.063861387834893,1.3838008193534315,0.4447212641206995,-1.1712692126577566,1.156542334554004,1.0582136459731326,-0.7830198683066045,0.3653222171109648,-1.2185597915917201
13,8,Ricki Lake,Derek Hough,0.0,0.0,0.0,0.0,0.0,0.0,0.0,0.0,0.0,0.0,0.0,-2.063861387834893,1.3838008193534315,0.4447212641206995,-1.5049398576578494,0.06884954418933757,1.406941740578764,-0.3104128843148591,0.11536523367940808,-0.9050353345198388
13,9,Ricki Lake,Derek Hough,0.0,0.0,0.0,0.0,0.0,0.0,0.0,0.0,0.0,0.0,0.0,-2.063861387834893,1.3838008193534315,0.4447212641206995,-1.8386105026579422,1.156542334554004,2.8437554289252978,1.5799914213029222,0.6985898631202592,-1.2185597915917201
13,10,Ricki Lake,Derek Hough,0.0,0.0,0.0,0.0,0.0,0.0,0.0,0.0,0.0,0.0,0.0,-2.063861387834893,1.3838008193534315,0.4447212641206995,-2.172281147658035,1.0605785869817532,3.697134903576238,-1.4919303442942229,0.8652195201751829,-0.5915108774479575
13,1,Rob Kardashian,Cheryl Burke,0.0,0.0,0.0,1.0,0.0,0.0,0.0,0.0,0.0,0.0,0.0,-0.3783131187639717,0.2617572142756622,-0.9543886147375157,0.8307546573428003,-1.0682838275555413,-0.8209998219565372,-0.19226113831692276,-1.5926741531028963,1.2896358649833304
13,2,Rob Kardashian,Cheryl Burke,0.0,0.0,0.0,1.0,0.0,0.0,0.0,0.0,0.0,0.0,0.0,-0.3783131187639717,0.2617572142756622,-0.9543886147375157,0.4970840123427075,0.44717747127270013,-0.46257607449388805,0.9892563216624407,-1.1760791807169684,-0.2779864203760762
13,3,Rob Kardashian,Cheryl Burke,0.0,0.0,0.0,1.0,0.0,0.0,0.0,0.0,0.0,0.0,0.0,-0.3783131187639717,0.2617572142756622,-0.9543886147375157,0.16341336734261466,0.25013167591678137,-0.3381409059957964,0.5166493376706954,-0.5095272248994838,-0.2779864203760762
13,4,Rob Kardashian,Cheryl Burke,0.0,0.0,0.0,1.0,0.0,0.0,0.0,0.0,0.0,0.0,0.0,-0.3783131187639717,0.2617572142756622,-0.9543886147375157,-0.17025727765747814,-0.24995696333134093,-0.10021610075879578,-0.19226113831692276,-0.259570241467927,-0.5915108774479575
13,5,Rob Kardashian,Cheryl Burke,0.0,0.0,0.0,1.0,0.0,0.0,0.0,0.0,0.0,0.0,0.0,-0.3783131187639717,0.2617572142756622,-0.9543886147375157,-0.503927922657571,0.28250348515382584,0.21802075582803457,0.04404235367894996,-0.17625124699074143,-0.9050353345198388
13,6,Rob Kardashian,Cheryl Burke,0.0,0.0,0.0,1.0,0.0,0.0,0.0,0.0,0.0,0.0,0.0,-0.3783131187639717,0.2617572142756622,-0.9543886147375157,-0.8375985676576638,-0.8125566824854791,0.21015342922254074,-0.9011716143045408,-0.34288923594511256,0.03553803669580512
13,7,Rob Kardashian,Cheryl Burke,0.0,0.0,0.0,1.0,0.0,0.0,0.0,0.0,0.0,0.0,0.0,-0.3783131187639717,0.2617572142756622,-0.9543886147375157,-1.1712692126577566,0.8487047523753248,0.9385044657175219,0.6348010836686317,-0.3012297387065198,-0.9050353345198388
13,8,Rob Kardashian,Cheryl Burke,0.0,0.0,0.0,1.0,0.0,0.0,0.0,0.0,0.0,0.0,0.0,-0.3783131187639717,0.2617572142756622,-0.9543886147375157,-1.5049398576578494,-0.06711205460624618,1.3392297911291628,-0.19226113831692276,-0.009613258036370276,-0.2779864203760762
13,9,Rob Kardashian,Cheryl Burke,0.0,0.0,0.0,1.0,0.0,0.0,0.0,0.0,0.0,0.0,0.0,-0.3783131187639717,0.2617572142756622,-0.9543886147375157,-1.8386105026579422,0.9130039449669386,2.6957451111860857,1.461816044955787,0.5736030395050333,-0.9050353345198388
13,10,Rob Kardashian,Cheryl Burke,0.0,0.0,0.0,1.0,0.0,0.0,0.0,0.0,0.0,0.0,0.0,-0.3783131187639717,0.2617572142756622,-0.9543886147375157,-2.172281147658035,1.156542334554004,3.7663093579245674,-1.1768432680669267,0.8096624146577953,-1.2185597915917201
14,1,Donald Driver,Peta Murgatroyd,0.0,0.0,0.0,0.0,0.0,0.0,0.0,0.0,0.0,0.0,0.0,0.5650389989053509,-0.7384164861307391,0.05607963110452864,0.8307546573428003,-0.4122453438565728,-0.7500600268880124,-0.19226113831692276,-0.7594842083310405,0.976111407911449
14,2,Donald Driver,Peta Murgatroyd,0.0,0.0,0.0,0.0,0.0,0.0,0.0,0.0,0.0,0.0,0.0,0.5650389989053509,-0.7384164861307391,0.05607963110452864,0.8307546573428003,0.5290272631897746,-0.5494049922179249,0.5166493376706954,-0.5095272248994838,0.03553803669580512
14,3,Donald Driver,Peta Murgatroyd,0.0,0.0,0.0,0.0,0.0,0.0,0.0,0.0,0.0,0.0,0.0,0.5650389989053509,-0.7384164861307391,0.05607963110452864,0.4970840123427075,0.3126427558227972,-0.4856072465376206,0.2803458456748227,-0.09293225251355586,-0.2779864203760762
14,4,Donald Driver,Peta Murgatroyd,0.0,0.0,0.0,0.0,0.0,0.0,0.0,0.0,0.0,0.0,0.0,0.5650389989053509,-0.7384164861307391,0.05607963110452864,0.16341336734261466,1.156542334554004,-0.08184931963717014,0.04404235367894996,0.15702473091800087,-1.2185597915917201
14,5,Donald Driver,Peta Murgatroyd,0.0,0.0,0.0,0.0,0.0,0.0,0.0,0.0,0.0,0.0,0.0,0.5650389989053509,-0.7384164861307391,0.05607963110452864,-0.17025727765747814,0.5939426153998668,-0.0001972089207844572,-0.19226113831692276,0.24034372539518645,-0.5915108774479575
14,6,Donald Driver,Peta Murgatroyd,0.0,0.0,0.0,0.0,0.0,0.0,0.0,0.0,0.0,0.0,0.0,0.5650389989053509,-0.7384164861307391,0.05607963110452864,-0.503927922657571,0.11068120058507062,0.19704940371119378,1.4618396753049858,0.8235683548360375,-0.2779864203760762
14,7,Donald Driver,Peta Murgatroyd,0.0,0.0,0.0,0.0,0.0,0.0,0.0,0.0,0.0,0.0,0.0,0.5650389989053509,-0.7384164861307391,0.05607963110452864,-0.8375985676576638,0.58407244488839,0.4185686800841612,-1.9645136979367677,0.7819088575974447,-0.5915108774479575
14,8,Donald Driver,Peta Murgatroyd,0.0,0.0,0.0,0.0,0.0,0.0,0.0,0.0,0.0,0.0,0.0,0.5650389989053509,-0.7384164861307391,0.05607963110452864,-1.1712692126577566,0.870307389721197,0.8356351089841074,0.04404235367894996,0.24034372539518645,-0.5915108774479575
14,9,Donald Driver,Peta Murgatroyd,0.0,0.0,0.0,0.0,0.0,0.0,0.0,0.0,0.0,0.0,0.0,0.5650389989053509,-0.7384164861307391,0.05607963110452864,-1.8386105026579422,0.8800102692070547,2.232144324523266,0.04404235367894996,0.4069817143495576,-0.5915108774479575
14,10,Donald Driver,Peta Murgatroyd,0.0,0.0,0.0,0.0,0.0,0.0,0.0,0.0,0.0,0.0,0.0,0.5650389989053509,-0.7384164861307391,0.05607963110452864,-2.172281147658035,1.06588314047711,3.7099015963497894,0.0834105154454629,0.587500647783828,-0.9050353345198388
14,1,Gavin DeGraw,Karina Smirnoff,0.0,0.0,0.0,0.0,0.0,0.0,0.0,0.0,0.0,0.0,0.0,0.16542456017042953,-0.2621432954610242,-0.09937702210193972,0.8307546573428003,-0.7260028795386879,-0.8150133413600382,-0.19226113831692276,-0.9261221972854116,1.6031603220552115
14,2,Gavin DeGraw,Karina Smirnoff,0.0,0.0,0.0,0.0,0.0,0.0,0.0,0.0,0.0,0.0,0.0,0.16542456017042953,-0.2621432954610242,-0.09937702210193972,0.8307546573428003,-0.4122453438565728,-0.7449893220407536,0.04404235367894996,-0.8428032028082261,0.976111407911449
14,3,Gavin DeGraw,Karina Smirnoff,0.0,0.0,0.0,0.0,0.0,0.0,0.0,0.0,0.0,0.0,0.0,0.16542456017042953,-0.2621432954610242,-0.09937702210193972,0.4970840123427075,-0.24995696333134093,-0.6108743530193842,0.5166493376706954,-0.5095272248994838,0.6625869508395678
14,4,Gavin DeGraw,Karina Smirnoff,0.0,0.0,0.0,0.0,0.0,0.0,0.0,0.0,0.0,0.0,0.0,0.16542456017042953,-0.2621432954610242,-0.09937702210193972,0.16341336734261466,-0.05200521029562557,-0.3829204768465602,-0.42856463031279546,-0.34288923594511256,0.03553803669580512
14,5,Gavin DeGraw,Karina Smirnoff,0.0,0.0,0.0,0.0,0.0,0.0,0.0,0.0,0.0,0.0,0.0,0.16542456017042953,-0.2621432954610242,-0.09937702210193972,-0.17025727765747814,-1.6564562612166858,-0.6265327413296057,-1.1374751063004138,-0.7594842083310405,1.2896358649833304
14,1,Gladys Knight,Tristan MacManus,0.0,0.0,0.0,0.0,0.0,0.0,0.0,0.0,0.0,0.0,0.0,1.8621481607006687,-1.4528262721353111,2.387929429201554,0.8307546573428003,0.21526972750765758,-0.6201533979439606,-0.19226113831692276,-0.42620823042229816,-0.2779864203760762
14,2,Gladys Knight,Tristan MacManus,0.0,0.0,0.0,0.0,0.0,0.0,0.0,0.0,0.0,0.0,0.0,1.8621481607006687,-1.4528262721353111,2.387929429201554,0.8307546573428003,-1.039760415220804,-0.8753788752559727,-1.1374751063004138,-0.7594842083310405,1.916684779127093
14,3,Gladys Knight,Tristan MacManus,0.0,0.0,0.0,0.0,0.0,0.0,0.0,0.0,0.0,0.0,0.0,1.8621481607006687,-1.4528262721353111,2.387929429201554,0.4970840123427075,-0.24995696333134093,-0.6108743530193842,0.9892563216624407,-0.6761652138538549,0.6625869508395678
14,4,Gladys Knight,Tristan MacManus,0.0,0.0,0.0,0.0,0.0,0.0,0.0,0.0,0.0,0.0,0.0,1.8621481607006687,-1.4528262721353111,2.387929429201554,0.16341336734261466,-0.9584158689328482,-0.6087238447536034,-1.1374751063004138,-0.5928462193766693,1.6031603220552115
14,5,Gladys Knight,Tristan MacManus,0.0,0.0,0.0,0.0,0.0,0.0,0.0,0.0,0.0,0.0,0.0,1.8621481607006687,-1.4528262721353111,2.387929429201554,-0.17025727765747814,-0.8125566824854791,-0.39165691667629676,0.2803458456748227,-0.7594842083310405,0.6625869508395678
14,6,Gladys Knight,Tristan MacManus,0.0,0.0,0.0,0.0,0.0,0.0,0.0,0.0,0.0,0.0,0.0,1.8621481607006687,-1.4528262721353111,2.387929429201554,-0.503927922657571,-1.9810201501301163,-0.4826896317628531,0.2803458456748227,-0.42620823042229816,0.976111407911449
14,1,Jack Wagner,Anna Trebunskaya,0.0,0.0,0.0,0.0,0.0,0.0,0.0,0.0,0.0,0.0,1.0,1.0259951473119513,-0.4786311094018037,1.2220045301530413,0.8307546573428003,0.21526972750765758,-0.6201533979439606,-0.19226113831692276,-0.42620823042229816,-0.2779864203760762
14,2,Jack Wagner,Anna Trebunskaya,0.0,0.0,0.0,0.0,0.0,0.0,0.0,0.0,0.0,0.0,1.0,1.0259951473119513,-0.4786311094018037,1.2220045301530413,0.8307546573428003,-0.4122453438565728,-0.7449893220407536,-0.6648681223086682,-0.5928462193766693,0.976111407911449
14,3,Jack Wagner,Anna Trebunskaya,0.0,0.0,0.0,0.0,0.0,0.0,0.0,0.0,0.0,0.0,1.0,1.0259951473119513,-0.4786311094018037,1.2220045301530413,0.4970840123427075,-0.24995696333134093,-0.6108743530193842,0.5166493376706954,-0.5095272248994838,0.6625869508395678
14,1,Jaleel White,Kym Johnson,0.0,0.0,0.0,1.0,0.0,0.0,0.0,0.0,0.0,0.0,0.0,-0.0919383687572131,0.07805184073162919,-0.09937702210193972,0.8307546573428003,1.156542334554004,-0.4252934545278813,-0.19226113831692276,0.0737057364408153,-1.2185597915917201
14,2,Jaleel White,Kym Johnson,0.0,0.0,0.0,1.0,0.0,0.0,0.0,0.0,0.0,0.0,0.0,-0.0919383687572131,0.07805184073162919,-0.09937702210193972,0.8307546573428003,-0.09848780817445761,-0.679794545433144,-1.1374751063004138,-0.259570241467927,0.6625869508395678
14,3,Jaleel White,Kym Johnson,0.0,0.0,0.0,1.0,0.0,0.0,0.0,0.0,0.0,0.0,0.0,-0.0919383687572131,0.07805184073162919,-0.09937702210193972,0.4970840123427075,0.0313428962457277,-0.5482407997785033,0.5166493376706954,-0.34288923594511256,0.03553803669580512
14,4,Jaleel White,Kym Johnson,0.0,0.0,0.0,1.0,0.0,0.0,0.0,0.0,0.0,0.0,0.0,-0.0919383687572131,0.07805184073162919,-0.09937702210193972,0.16341336734261466,-0.3541420965080334,-0.45818826614890723,-0.9011716143045408,-0.34288923594511256,0.3490624937676864
14,5,Jaleel White,Kym Johnson,0.0,0.0,0.0,1.0,0.0,0.0,0.0,0.0,0.0,0.0,0.0,-0.0919383687572131,0.07805184073162919,-0.09937702210193972,-0.17025727765747814,-0.24995696333134093,-0.23507303357409193,0.2803458456748227,-0.42620823042229816,0.3490624937676864
14,6,Jaleel White,Kym Johnson,0.0,0.0,0.0,1.0,0.0,0.0,0.0,0.0,0.0,0.0,0.0,-0.0919383687572131,0.07805184073162919,-0.09937702210193972,-0.503927922657571,0.7381769637437525,0.4009663561325764,2.8796369969310236,0.82356002293659,-0.9050353345198388
14,7,Jaleel White,Kym Johnson,0.0,0.0,0.0,1.0,0.0,0.0,0.0,0.0,0.0,0.0,0.0,-0.0919383687572131,0.07805184073162919,-0.09937702210193972,-0.8375985676576638,0.297837500055583,0.3229970457111521,-2.90970403557106,0.9485385146523685,0.3490624937676864
14,1,Katherine Jenkins,Mark Ballas,0.0,0.0,0.0,0.0,0.0,0.0,0.0,0.0,0.0,0.0,0.0,-0.7376853540665704,1.098637249309589,-0.4102903285148764,0.8307546573428003,1.156542334554004,-0.4252934545278813,-0.19226113831692276,0.0737057364408153,-1.2185597915917201
14,2,Katherine Jenkins,Mark Ballas,0.0,0.0,0.0,0.0,0.0,0.0,0.0,0.0,0.0,0.0,0.0,-0.7376853540665704,1.098637249309589,-0.4102903285148764,0.8307546573428003,1.156542334554004,-0.4190154390027042,-0.19226113831692276,0.0737057364408153,-1.2185597915917201
14,3,Katherine Jenkins,Mark Ballas,0.0,0.0,0.0,0.0,0.0,0.0,0.0,0.0,0.0,0.0,0.0,-0.7376853540665704,1.098637249309589,-0.4102903285148764,0.4970840123427075,1.156542334554004,-0.2977065868149746,0.5166493376706954,0.32366271987237205,-1.2185597915917201
14,4,Katherine Jenkins,Mark Ballas,0.0,0.0,0.0,0.0,0.0,0.0,0.0,0.0,0.0,0.0,0.0,-0.7376853540665704,1.098637249309589,-0.4102903285148764,0.16341336734261466,0.25013167591678137,-0.30765268754421304,-1.3737785982962865,0.15702473091800087,-0.2779864203760762
14,5,Katherine Jenkins,Mark Ballas,0.0,0.0,0.0,0.0,0.0,0.0,0.0,0.0,0.0,0.0,0.0,-0.7376853540665704,1.098637249309589,-0.4102903285148764,-0.17025727765747814,1.156542334554004,0.15638667418142208,0.9892563216624407,0.15702473091800087,-1.2185597915917201
14,6,Katherine Jenkins,Mark Ballas,0.0,0.0,0.0,0.0,0.0,0.0,0.0,0.0,0.0,0.0,0.0,-0.7376853540665704,1.098637249309589,-0.4102903285148764,-0.503927922657571,1.156542334554004,0.5369223201773823,2.170750151292604,1.4068013161763364,-1.2185597915917201
14,7,Katherine Jenkins,Mark Ballas,0.0,0.0,0.0,0.0,0.0,0.0,0.0,0.0,0.0,0.0,0.0,-0.7376853540665704,1.098637249309589,-0.4102903285148764,-0.8375985676576638,0.727189917304794,0.4663544972706641,-3.0278794119181947,1.2401633272219654,-0.9050353345198388
14,8,Katherine Jenkins,Mark Ballas,0.0,0.0,0.0,0.0,0.0,0.0,0.0,0.0,0.0,0.0,0.0,-0.7376853540665704,1.098637249309589,-0.4102903285148764,-1.1712692126577566,0.870307389721197,0.8356351089841074,-0.0741093923189864,0.28200322263377925,-0.5915108774479575
14,9,Katherine Jenkins,Mark Ballas,0.0,0.0,0.0,0.0,0.0,0.0,0.0,0.0,0.0,0.0,0.0,-0.7376853540665704,1.098637249309589,-0.4102903285148764,-1.8386105026579422,0.7417442365335805,2.15589478144741,-0.0741093923189864,0.3653222171109648,-0.2779864203760762
14,10,Katherine Jenkins,Mark Ballas,0.0,0.0,0.0,0.0,0.0,0.0,0.0,0.0,0.0,0.0,0.0,-0.7376853540665704,1.098637249309589,-0.4102903285148764,-2.172281147658035,1.156542334554004,3.7753528223457553,0.2803458456748227,0.5736197033039288,-1.2185597915917201
14,1,Maria Menounos,Derek Hough,0.0,0.0,0.0,0.0,0.0,0.0,0.0,0.0,0.0,0.0,0.0,-2.063861387834893,1.3838008193534315,-0.25483367530840806,0.8307546573428003,-0.4122453438565728,-0.7500600268880124,-0.19226113831692276,-0.7594842083310405,0.976111407911449
14,2,Maria Menounos,Derek Hough,0.0,0.0,0.0,0.0,0.0,0.0,0.0,0.0,0.0,0.0,0.0,-2.063861387834893,1.3838008193534315,-0.25483367530840806,0.8307546573428003,0.8427847988718888,-0.48421021561031535,0.7529528296665682,-0.42620823042229816,-0.5915108774479575
14,3,Maria Menounos,Derek Hough,0.0,0.0,0.0,0.0,0.0,0.0,0.0,0.0,0.0,0.0,0.0,-2.063861387834893,1.3838008193534315,-0.25483367530840806,0.4970840123427075,0.5939426153998668,-0.42297369329673795,0.2803458456748227,0.0737057364408153,-0.5915108774479575
14,4,Maria Menounos,Derek Hough,0.0,0.0,0.0,0.0,0.0,0.0,0.0,0.0,0.0,0.0,0.0,-2.063861387834893,1.3838008193534315,-0.25483367530840806,0.16341336734261466,0.8544054483415953,-0.1571171089395171,-0.42856463031279546,0.15702473091800087,-0.9050353345198388
14,5,Maria Menounos,Derek Hough,0.0,0.0,0.0,0.0,0.0,0.0,0.0,0.0,0.0,0.0,0.0,-2.063861387834893,1.3838008193534315,-0.25483367530840806,-0.17025727765747814,0.5939426153998668,-0.0001972089207844572,0.04404235367894996,0.15702473091800087,-0.5915108774479575
14,6,Maria Menounos,Derek Hough,0.0,0.0,0.0,0.0,0.0,0.0,0.0,0.0,0.0,0.0,0.0,-2.063861387834893,1.3838008193534315,-0.25483367530840806,-0.503927922657571,-0.7260077065900764,-0.07484892946175788,0.516625707321495,0.49029237692729516,0.3490624937676864
14,7,Maria Menounos,Derek Hough,0.0,0.0,0.0,0.0,0.0,0.0,0.0,0.0,0.0,0.0,0.0,-2.063861387834893,1.3838008193534315,-0.25483367530840806,-0.8375985676576638,1.156542334554004,0.6097119488301775,-0.5466927459615315,0.6152708686430736,-1.2185597915917201
14,8,Maria Menounos,Derek Hough,0.0,0.0,0.0,0.0,0.0,0.0,0.0,0.0,0.0,0.0,0.0,-2.063861387834893,1.3838008193534315,-0.25483367530840806,-1.1712692126577566,0.58407244488839,0.7283727548101204,-0.6648681223086682,0.32366271987237205,0.03553803669580512
14,9,Maria Menounos,Derek Hough,0.0,0.0,0.0,0.0,0.0,0.0,0.0,0.0,0.0,0.0,0.0,-2.063861387834893,1.3838008193534315,-0.25483367530840806,-1.8386105026579422,1.156542334554004,2.3846434106749803,0.5166493376706954,0.4069817143495576,-1.2185597915917201
14,1,Martina Navratilova,Tony Dovolani,0.0,0.0,0.0,0.0,0.0,0.0,0.0,0.0,0.0,0.0,0.0,0.722264351850238,-0.6873872157018412,1.4551895099627439,0.8307546573428003,-0.7260028795386879,-0.8150133413600382,-0.19226113831692276,-0.9261221972854116,1.6031603220552115
14,2,Martina Navratilova,Tony Dovolani,0.0,0.0,0.0,0.0,0.0,0.0,0.0,0.0,0.0,0.0,0.0,0.722264351850238,-0.6873872157018412,1.4551895099627439,0.8307546573428003,-1.6672754865850343,-1.0057684284711916,-0.9011716143045408,-1.1760791807169684,2.230209236198974
14,1,Melissa Gilbert,Maksim Chmerkoskiy,0.0,0.0,0.0,1.0,0.0,0.0,0.0,0.0,0.0,0.0,1.0,-0.26039410405530633,0.12307766758065668,0.8333628971368704,0.8307546573428003,-0.7260028795386879,-0.8150133413600382,-0.19226113831692276,-0.9261221972854116,1.6031603220552115
14,2,Melissa Gilbert,Maksim Chmerkoskiy,0.0,0.0,0.0,1.0,0.0,0.0,0.0,0.0,0.0,0.0,1.0,-0.26039410405530633,0.12307766758065668,0.8333628971368704,0.8307546573428003,-0.7260028795386879,-0.810184098648363,-0.19226113831692276,-0.9261221972854116,1.6031603220552115
14,3,Melissa Gilbert,Maksim Chmerkoskiy,0.0,0.0,0.0,1.0,0.0,0.0,0.0,0.0,0.0,0.0,1.0,-0.26039410405530633,0.12307766758065668,0.8333628971368704,0.4970840123427075,-0.24995696333134093,-0.6108743530193842,0.7529528296665682,-0.5928462193766693,0.6625869508395678
14,4,Melissa Gilbert,Maksim Chmerkoskiy,0.0,0.0,0.0,1.0,0.0,0.0,0.0,0.0,0.0,0.0,1.0,-0.26039410405530633,0.12307766758065668,0.8333628971368704,0.16341336734261466,-0.3541420965080334,-0.45818826614890723,-0.6648681223086682,-0.42620823042229816,0.3490624937676864
14,5,Melissa Gilbert,Maksim Chmerkoskiy,0.0,0.0,0.0,1.0,0.0,0.0,0.0,0.0,0.0,0.0,1.0,-0.26039410405530633,0.12307766758065668,0.8333628971368704,-0.17025727765747814,-1.0938565420625477,-0.4699488582273991,-0.42856463031279546,-0.6761652138538549,0.976111407911449
14,6,Melissa Gilbert,Maksim Chmerkoskiy,0.0,0.0,0.0,1.0,0.0,0.0,0.0,0.0,0.0,0.0,1.0,-0.26039410405530633,0.12307766758065668,0.8333628971368704,-0.503927922657571,-0.7259867893673958,-0.0748421320034276,1.9344702896459318,-0.009613258036370276,0.03553803669580512
14,7,Melissa Gilbert,Maksim Chmerkoskiy,0.0,0.0,0.0,1.0,0.0,0.0,0.0,0.0,0.0,0.0,1.0,-0.26039410405530633,0.12307766758065668,0.8333628971368704,-0.8375985676576638,-0.274632389610031,0.13185377696513584,-1.7282338362900955,0.19868422815659367,0.6625869508395678
14,8,Melissa Gilbert,Maksim Chmerkoskiy,0.0,0.0,0.0,1.0,0.0,0.0,0.0,0.0,0.0,0.0,1.0,-0.26039410405530633,0.12307766758065668,0.8333628971368704,-1.1712692126577566,0.297837500055583,0.621110400636133,0.2803458456748227,-0.17625124699074143,0.3490624937676864
14,1,Roshon Fegan,Chelsie Hightower,0.0,0.0,0.0,1.0,0.0,0.0,0.0,0.0,0.0,0.0,0.0,0.49765670478611335,-1.4528262721353111,-1.2653019211504524,0.8307546573428003,0.21526972750765758,-0.6201533979439606,-0.19226113831692276,-0.42620823042229816,-0.2779864203760762
14,2,Roshon Fegan,Chelsie Hightower,0.0,0.0,0.0,1.0,0.0,0.0,0.0,0.0,0.0,0.0,0.0,0.49765670478611335,-1.4528262721353111,-1.2653019211504524,0.8307546573428003,1.156542334554004,-0.4190154390027042,0.5166493376706954,-0.17625124699074143,-1.2185597915917201
14,3,Roshon Fegan,Chelsie Hightower,0.0,0.0,0.0,1.0,0.0,0.0,0.0,0.0,0.0,0.0,0.0,0.49765670478611335,-1.4528262721353111,-1.2653019211504524,0.4970840123427075,0.0313428962457277,-0.5482407997785033,-0.42856463031279546,-0.009613258036370276,0.03553803669580512
14,4,Roshon Fegan,Chelsie Hightower,0.0,0.0,0.0,1.0,0.0,0.0,0.0,0.0,0.0,0.0,0.0,0.49765670478611335,-1.4528262721353111,-1.2653019211504524,0.16341336734261466,0.8544054483415953,-0.1571171089395171,0.04404235367894996,-0.009613258036370276,-0.9050353345198388
14,5,Roshon Fegan,Chelsie Hightower,0.0,0.0,0.0,1.0,0.0,0.0,0.0,0.0,0.0,0.0,0.0,0.49765670478611335,-1.4528262721353111,-1.2653019211504524,-0.17025727765747814,0.3126427558227972,-0.07848915047188687,-0.19226113831692276,0.0737057364408153,0.03553803669580512
14,6,Roshon Fegan,Chelsie Hightower,0.0,0.0,0.0,1.0,0.0,0.0,0.0,0.0,0.0,0.0,0.0,0.49765670478611335,-1.4528262721353111,-1.2653019211504524,-0.503927922657571,-1.144373077400328,-0.21080489350656204,0.2802985849764236,0.24032706159629105,0.6625869508395678
14,7,Roshon Fegan,Chelsie Hightower,0.0,0.0,0.0,1.0,0.0,0.0,0.0,0.0,0.0,0.0,0.0,0.49765670478611335,-1.4528262721353111,-1.2653019211504524,-0.8375985676576638,0.44095497247198695,0.37078286289765694,-0.6648208616102691,0.24032706159629105,0.03553803669580512
14,8,Roshon Fegan,Chelsie Hightower,0.0,0.0,0.0,1.0,0.0,0.0,0.0,0.0,0.0,0.0,0.0,0.49765670478611335,-1.4528262721353111,-1.2653019211504524,-1.1712692126577566,1.013424862137601,0.889266286071102,0.2803458456748227,0.24034372539518645,-0.9050353345198388
14,1,Sherri Sheperd,Valentin Chmerkovskiy,0.0,0.0,0.0,0.0,0.0,0.0,0.0,0.0,0.0,0.0,0.0,-0.6948325792977572,1.0852084939335633,0.6001779173271679,0.8307546573428003,0.21526972750765758,-0.6201533979439606,-0.19226113831692276,-0.42620823042229816,-0.2779864203760762
14,2,Sherri Sheperd,Valentin Chmerkovskiy,0.0,0.0,0.0,0.0,0.0,0.0,0.0,0.0,0.0,0.0,0.0,-0.6948325792977572,1.0852084939335633,0.6001779173271679,0.8307546573428003,0.21526972750765758,-0.6145997688255346,-0.19226113831692276,-0.42620823042229816,0.3490624937676864
14,3,Sherri Sheperd,Valentin Chmerkovskiy,0.0,0.0,0.0,0.0,0.0,0.0,0.0,0.0,0.0,0.0,0.0,-0.6948325792977572,1.0852084939335633,0.6001779173271679,0.4970840123427075,-0.24995696333134093,-0.6108743530193842,0.04404235367894996,-0.34288923594511256,0.6625869508395678
14,4,Sherri Sheperd,Valentin Chmerkovskiy,0.0,0.0,0.0,0.0,0.0,0.0,0.0,0.0,0.0,0.0,0.0,-0.6948325792977572,1.0852084939335633,0.6001779173271679,0.16341336734261466,-0.6562789827204404,-0.5334560554512562,-0.9011716143045408,-0.5095272248994838,1.2896358649833304
14,1,William Levy,Cheryl Burke,0.0,0.0,0.0,0.0,0.0,0.0,0.0,0.0,0.0,0.0,0.0,-0.3783131187639717,0.2617572142756622,-0.4102903285148764,0.8307546573428003,0.5290272631897746,-0.5552000834719348,-0.19226113831692276,-0.259570241467927,-0.5915108774479575
14,2,William Levy,Cheryl Burke,0.0,0.0,0.0,0.0,0.0,0.0,0.0,0.0,0.0,0.0,0.0,-0.3783131187639717,0.2617572142756622,-0.4102903285148764,0.8307546573428003,0.8427847988718888,-0.48421021561031535,0.04404235367894996,-0.17625124699074143,-0.5915108774479575
14,3,William Levy,Cheryl Burke,0.0,0.0,0.0,0.0,0.0,0.0,0.0,0.0,0.0,0.0,0.0,-0.3783131187639717,0.2617572142756622,-0.4102903285148764,0.4970840123427075,0.8752424749769354,-0.3603401400558553,0.5166493376706954,0.15702473091800087,-0.9050353345198388
14,4,William Levy,Cheryl Burke,0.0,0.0,0.0,0.0,0.0,0.0,0.0,0.0,0.0,0.0,0.0,-0.3783131187639717,0.2617572142756622,-0.4102903285148764,0.16341336734261466,-0.3541420965080334,-0.45818826614890723,-1.610082090292159,-0.09293225251355586,0.3490624937676864
14,5,William Levy,Cheryl Burke,0.0,0.0,0.0,0.0,0.0,0.0,0.0,0.0,0.0,0.0,0.0,-0.3783131187639717,0.2617572142756622,-0.4102903285148764,-0.17025727765747814,1.156542334554004,0.15638667418142208,1.461863305654186,-0.009613258036370276,-1.2185597915917201
14,6,William Levy,Cheryl Burke,0.0,0.0,0.0,0.0,0.0,0.0,0.0,0.0,0.0,0.0,0.0,-0.3783131187639717,0.2617572142756622,-0.4102903285148764,-0.503927922657571,0.529046571395324,0.3330053677559982,1.461863305654186,1.1568526646442279,-0.5915108774479575
14,7,William Levy,Cheryl Burke,0.0,0.0,0.0,0.0,0.0,0.0,0.0,0.0,0.0,0.0,0.0,-0.3783131187639717,0.2617572142756622,-0.4102903285148764,-0.8375985676576638,0.58407244488839,0.4185686800841612,-2.4371443122777134,0.9485551784512638,-0.5915108774479575
14,8,William Levy,Cheryl Burke,0.0,0.0,0.0,0.0,0.0,0.0,0.0,0.0,0.0,0.0,0.0,-0.3783131187639717,0.2617572142756622,-0.4102903285148764,-1.1712692126577566,1.156542334554004,0.9428974631580963,0.2803458456748227,0.32366271987237205,-1.2185597915917201
14,9,William Levy,Cheryl Burke,0.0,0.0,0.0,0.0,0.0,0.0,0.0,0.0,0.0,0.0,0.0,-0.3783131187639717,0.2617572142756622,-0.4102903285148764,-1.8386105026579422,1.0182763018805299,2.308393867599122,-0.0741093923189864,0.531960206065336,-0.9050353345198388
14,10,William Levy,Cheryl Burke,0.0,0.0,0.0,0.0,0.0,0.0,0.0,0.0,0.0,0.0,0.0,-0.3783131187639717,0.2617572142756622,-0.4102903285148764,-2.172281147658035,1.06588314047711,3.7099015963497894,-0.03474123055247341,0.6291601450224209,-0.9050353345198388
15,1,Apolo Anton Ohno,Karina Smirnoff,0.0,0.0,0.0,0.0,0.0,0.0,0.0,0.0,0.0,0.0,0.0,0.16542456017042953,-0.2621432954610242,-0.4880186551181106,1.1644253023428932,0.3241243827443101,-0.7186992041682448,-0.19226113831692276,-0.5928462193766693,-0.2779864203760762
15,2,Apolo Anton Ohno,Karina Smirnoff,0.0,0.0,0.0,0.0,0.0,0.0,0.0,0.0,0.0,0.0,0.0,0.16542456017042953,-0.2621432954610242,-0.4880186551181106,0.8307546573428003,0.6859060310308317,-0.557318126335153,0.39849759167275906,-0.38454873318370536,-0.2779864203760762
15,3,Apolo Anton Ohno,Karina Smirnoff,0.0,0.0,0.0,0.0,0.0,0.0,0.0,0.0,0.0,0.0,0.0,0.16542456017042953,-0.2621432954610242,-0.4880186551181106,0.4970840123427075,0.7033370052353927,-0.505433695045526,0.04404235367894996,-0.09293225251355586,-0.2779864203760762
15,4,Apolo Anton Ohno,Karina Smirnoff,0.0,0.0,0.0,0.0,0.0,0.0,0.0,0.0,0.0,0.0,0.0,0.16542456017042953,-0.2621432954610242,-0.4880186551181106,-0.17025727765747814,0.12392259686602924,-0.23215078381168783,1.9344702896459318,0.7402576922583,0.6625869508395678
15,5,Apolo Anton Ohno,Karina Smirnoff,0.0,0.0,0.0,0.0,0.0,0.0,0.0,0.0,0.0,0.0,0.0,0.16542456017042953,-0.2621432954610242,-0.4880186551181106,-0.503927922657571,0.8776467472810127,0.11508305147335919,-1.6691579632911273,0.9693849270705602,-0.9050353345198388
15,6,Apolo Anton Ohno,Karina Smirnoff,0.0,0.0,0.0,0.0,0.0,0.0,0.0,0.0,0.0,0.0,0.0,0.16542456017042953,-0.2621432954610242,-0.4880186551181106,-0.503927922657571,1.156542334554004,0.21389314452426741,0.2212699726758545,0.5944494519232252,-1.2185597915917201
15,7,Apolo Anton Ohno,Karina Smirnoff,0.0,0.0,0.0,0.0,0.0,0.0,0.0,0.0,0.0,0.0,0.0,0.16542456017042953,-0.2621432954610242,-0.4880186551181106,-0.8375985676576638,-0.0984701089860359,0.2773902285988339,0.5166493376706954,0.9902146756898567,0.3490624937676864
15,8,Apolo Anton Ohno,Karina Smirnoff,0.0,0.0,0.0,0.0,0.0,0.0,0.0,0.0,0.0,0.0,0.0,0.16542456017042953,-0.2621432954610242,-0.4880186551181106,-0.8375985676576638,0.9601322089339046,0.4625024948281461,-1.07185362657316,0.9300333659789858,-0.9050353345198388
15,9,Apolo Anton Ohno,Karina Smirnoff,0.0,0.0,0.0,0.0,0.0,0.0,0.0,0.0,0.0,0.0,0.0,0.16542456017042953,-0.2621432954610242,-0.4880186551181106,-1.5049398576578494,0.9107053284605662,1.4445265626662815,-0.3498046764305708,0.564346299218618,-0.5915108774479575
15,1,Bristol Palin,Mark Ballas,0.0,0.0,0.0,0.0,0.0,0.0,0.0,0.0,0.0,0.0,0.0,-0.7376853540665704,1.098637249309589,-1.1875735945472181,1.1644253023428932,-0.5082935690653838,-0.8772651617400978,-0.19226113831692276,-1.0094411917625972,1.916684779127093
15,2,Bristol Palin,Mark Ballas,0.0,0.0,0.0,0.0,0.0,0.0,0.0,0.0,0.0,0.0,0.0,-0.7376853540665704,1.098637249309589,-1.1875735945472181,0.8307546573428003,-1.3535179509029192,-0.9703364846627082,-0.5467163763107318,-1.1344196834783755,2.230209236198974
15,3,Bristol Palin,Mark Ballas,0.0,0.0,0.0,0.0,0.0,0.0,0.0,0.0,0.0,0.0,0.0,-0.7376853540665704,1.098637249309589,-1.1875735945472181,0.4970840123427075,-0.20307365340182904,-0.6946861580755292,0.8711045756645045,-0.8844627000468188,1.916684779127093
15,4,Bristol Palin,Mark Ballas,0.0,0.0,0.0,0.0,0.0,0.0,0.0,0.0,0.0,0.0,0.0,-0.7376853540665704,1.098637249309589,-1.1875735945472181,-0.17025727765747814,-0.39238727197795814,-0.3685224393905911,2.0526220356438682,0.28200322263377925,0.976111407911449
15,1,Drew Lachey,Anna Trebunskaya,0.0,0.0,0.0,0.0,0.0,0.0,1.0,0.0,0.0,0.0,0.0,1.0259951473119513,-0.4786311094018037,-0.021648695498705534,1.1644253023428932,0.15764079238237114,-0.7504123956826163,-0.19226113831692276,-0.6761652138538549,0.3490624937676864
15,2,Drew Lachey,Anna Trebunskaya,0.0,0.0,0.0,0.0,0.0,0.0,1.0,0.0,0.0,0.0,0.0,1.0259951473119513,-0.4786311094018037,-0.021648695498705534,0.8307546573428003,0.05839095966660043,-0.6844006981282471,0.04404235367894996,-0.5928462193766693,0.6625869508395678
15,3,Drew Lachey,Anna Trebunskaya,0.0,0.0,0.0,0.0,0.0,0.0,1.0,0.0,0.0,0.0,0.0,1.0259951473119513,-0.4786311094018037,-0.021648695498705534,0.4970840123427075,0.25013167591678137,-0.6000599265605278,0.1621940996768863,-0.38454873318370536,1.2896358649833304
15,1,Emmitt Smith,Cheryl Burke,0.0,0.0,0.0,0.0,0.0,0.0,0.0,0.0,0.0,0.0,0.0,-0.3783131187639717,0.2617572142756622,0.5224495907239337,1.1644253023428932,1.156542334554004,-0.5601332465963919,-0.19226113831692276,-0.17625124699074143,-1.2185597915917201
15,2,Emmitt Smith,Cheryl Burke,0.0,0.0,0.0,0.0,0.0,0.0,0.0,0.0,0.0,0.0,0.0,-0.3783131187639717,0.2617572142756622,0.5224495907239337,0.8307546573428003,0.05839095966660043,-0.6844006981282471,-0.6648681223086682,-0.34288923594511256,0.6625869508395678
15,3,Emmitt Smith,Cheryl Burke,0.0,0.0,0.0,0.0,0.0,0.0,0.0,0.0,0.0,0.0,0.0,-0.3783131187639717,0.2617572142756622,0.5224495907239337,0.4970840123427075,0.5522685621291902,-0.5369757722171926,0.39849759167275906,-0.3012297387065198,0.976111407911449
15,4,Emmitt Smith,Cheryl Burke,0.0,0.0,0.0,0.0,0.0,0.0,0.0,0.0,0.0,0.0,0.0,-0.3783131187639717,0.2617572142756622,0.5224495907239337,-0.17025727765747814,0.4337085181724224,-0.1503277904643439,2.407077273637677,0.8235766867354855,0.03553803669580512
15,5,Emmitt Smith,Cheryl Burke,0.0,0.0,0.0,0.0,0.0,0.0,0.0,0.0,0.0,0.0,0.0,-0.3783131187639717,0.2617572142756622,0.5224495907239337,-0.503927922657571,0.8079228504627641,0.09535594809040476,-2.082689074283904,1.0735336701670422,0.3490624937676864
15,6,Emmitt Smith,Cheryl Burke,0.0,0.0,0.0,0.0,0.0,0.0,0.0,0.0,0.0,0.0,0.0,-0.3783131187639717,0.2617572142756622,0.5224495907239337,-0.503927922657571,0.20481114298492042,-0.057703679263628335,-0.5467163763107318,0.28200322263377925,0.976111407911449
15,7,Emmitt Smith,Cheryl Burke,0.0,0.0,0.0,0.0,0.0,0.0,0.0,0.0,0.0,0.0,0.0,-0.3783131187639717,0.2617572142756622,0.5224495907239337,-0.8375985676576638,0.21526731398196422,0.38608615714771694,1.6981431673008585,0.8235683548360375,-0.2779864203760762
15,8,Emmitt Smith,Cheryl Burke,0.0,0.0,0.0,0.0,0.0,0.0,0.0,0.0,0.0,0.0,0.0,-0.3783131187639717,0.2617572142756622,0.5224495907239337,-0.8375985676576638,0.8996836821093871,0.44293899747257315,-1.4788155004884513,1.036481713323038,-0.2779864203760762
15,9,Emmitt Smith,Cheryl Burke,0.0,0.0,0.0,0.0,0.0,0.0,0.0,0.0,0.0,0.0,0.0,-0.3783131187639717,0.2617572142756622,0.5224495907239337,-1.5049398576578494,0.46521217118663116,1.244152071118448,-0.6779593357652393,0.4115975866435936,0.03553803669580512
15,1,Gilles Marini,Peta Murgatroyd,0.0,0.0,0.0,0.0,0.0,0.0,0.0,0.0,0.0,0.0,0.0,0.5650389989053509,-0.7384164861307391,-0.021648695498705534,1.1644253023428932,0.990058744192066,-0.5918464381107615,-0.19226113831692276,-0.259570241467927,-0.9050353345198388
15,2,Gilles Marini,Peta Murgatroyd,0.0,0.0,0.0,0.0,0.0,0.0,0.0,0.0,0.0,0.0,0.0,0.5650389989053509,-0.7384164861307391,-0.021648695498705534,0.8307546573428003,0.9996635667129469,-0.49377684043860587,0.1621940996768863,-0.13459174975214863,-0.9050353345198388
15,3,Gilles Marini,Peta Murgatroyd,0.0,0.0,0.0,0.0,0.0,0.0,0.0,0.0,0.0,0.0,0.0,0.5650389989053509,-0.7384164861307391,-0.021648695498705534,0.4970840123427075,0.7033370052353927,-0.505433695045526,-0.19226113831692276,-0.009613258036370276,-0.2779864203760762
15,4,Gilles Marini,Peta Murgatroyd,0.0,0.0,0.0,0.0,0.0,0.0,0.0,0.0,0.0,0.0,0.0,0.5650389989053509,-0.7384164861307391,-0.021648695498705534,-0.17025727765747814,1.156542334554004,0.040592527346120864,3.1159877496252952,1.1568526646442279,-1.2185597915917201
15,5,Gilles Marini,Peta Murgatroyd,0.0,0.0,0.0,0.0,0.0,0.0,0.0,0.0,0.0,0.0,0.0,0.5650389989053509,-0.7384164861307391,-0.021648695498705534,-0.503927922657571,0.8776467472810127,0.11508305147335919,-2.8506754232704905,1.385979899456488,-0.9050353345198388
15,6,Gilles Marini,Peta Murgatroyd,0.0,0.0,0.0,0.0,0.0,0.0,0.0,0.0,0.0,0.0,0.0,0.5650389989053509,-0.7384164861307391,-0.021648695498705534,-0.503927922657571,0.47673434057608705,0.019895413247198495,-0.3694887573138273,0.3861519657302612,0.03553803669580512
15,7,Gilles Marini,Peta Murgatroyd,0.0,0.0,0.0,0.0,0.0,0.0,0.0,0.0,0.0,0.0,0.0,0.5650389989053509,-0.7384164861307391,-0.021648695498705534,-0.8375985676576638,0.006074169965499032,0.3136101266511937,1.2255125529599145,0.82356002293659,0.03553803669580512
15,8,Gilles Marini,Peta Murgatroyd,0.0,0.0,0.0,0.0,0.0,0.0,0.0,0.0,0.0,0.0,0.0,0.5650389989053509,-0.7384164861307391,-0.021648695498705534,-0.8375985676576638,0.9601322089339046,0.4625024948281461,-1.1899581118726974,0.9716761994186831,-0.9050353345198388
15,1,Helio Castroneves,Chelsie Hightower,0.0,0.0,0.0,0.0,0.0,0.0,0.0,0.0,0.0,0.0,0.0,0.49765670478611335,-1.4528262721353111,0.05607963110452864,1.1644253023428932,0.15764079238237114,-0.7504123956826163,-0.19226113831692276,-0.6761652138538549,0.3490624937676864
15,2,Helio Castroneves,Chelsie Hightower,0.0,0.0,0.0,0.0,0.0,0.0,0.0,0.0,0.0,0.0,0.0,0.49765670478611335,-1.4528262721353111,0.05607963110452864,0.8307546573428003,0.21526972750765758,-0.6526300551799726,0.1621940996768863,-0.5511867221380765,0.3490624937676864
15,3,Helio Castroneves,Chelsie Hightower,0.0,0.0,0.0,0.0,0.0,0.0,0.0,0.0,0.0,0.0,0.0,0.49765670478611335,-1.4528262721353111,0.05607963110452864,0.4970840123427075,0.7033370052353927,-0.505433695045526,0.39849759167275906,-0.2179107442293342,-0.2779864203760762
15,1,Joey Fatone,Kym Johnson,0.0,0.0,0.0,0.0,0.0,0.0,0.0,0.0,0.0,0.0,0.0,-0.0919383687572131,0.07805184073162919,-0.09937702210193972,1.1644253023428932,-0.17532638834150588,-0.813838778711357,-0.19226113831692276,-0.8428032028082261,1.6031603220552115
15,2,Joey Fatone,Kym Johnson,0.0,0.0,0.0,0.0,0.0,0.0,0.0,0.0,0.0,0.0,0.0,-0.0919383687572131,0.07805184073162919,-0.09937702210193972,0.8307546573428003,0.05839095966660043,-0.6844006981282471,0.2803458456748227,-0.6761652138538549,0.6625869508395678
15,1,Kelly Monaco,Valentin Chmerkovskiy,0.0,0.0,0.0,0.0,0.0,0.0,0.0,0.0,0.0,0.0,0.0,-0.6948325792977572,1.0852084939335633,-0.021648695498705534,1.1644253023428932,0.15764079238237114,-0.7504123956826163,-0.19226113831692276,-0.6761652138538549,0.3490624937676864
15,2,Kelly Monaco,Valentin Chmerkovskiy,0.0,0.0,0.0,0.0,0.0,0.0,0.0,0.0,0.0,0.0,0.0,-0.6948325792977572,1.0852084939335633,-0.021648695498705534,0.8307546573428003,-0.09848780817445761,-0.7161713410765198,-0.0741093923189864,-0.6345057166152621,1.6031603220552115
15,3,Kelly Monaco,Valentin Chmerkovskiy,0.0,0.0,0.0,0.0,0.0,0.0,0.0,0.0,0.0,0.0,0.0,-0.6948325792977572,1.0852084939335633,-0.021648695498705534,0.4970840123427075,1.156542334554004,-0.4108074635305244,0.9892563216624407,-0.17625124699074143,-1.2185597915917201
15,4,Kelly Monaco,Valentin Chmerkovskiy,0.0,0.0,0.0,0.0,0.0,0.0,0.0,0.0,0.0,0.0,0.0,-0.6948325792977572,1.0852084939335633,-0.021648695498705534,-0.17025727765747814,0.7434944394788129,-0.06850479711700173,2.288925527639741,1.115193167405635,-0.5915108774479575
15,5,Kelly Monaco,Valentin Chmerkovskiy,0.0,0.0,0.0,0.0,0.0,0.0,0.0,0.0,0.0,0.0,0.0,-0.6948325792977572,1.0852084939335633,-0.021648695498705534,-0.503927922657571,0.18040777909853375,-0.0821879823561913,-2.968827169268427,1.011044424309153,0.976111407911449
15,6,Kelly Monaco,Valentin Chmerkovskiy,0.0,0.0,0.0,0.0,0.0,0.0,0.0,0.0,0.0,0.0,0.0,-0.6948325792977572,1.0852084939335633,-0.021648695498705534,-0.503927922657571,0.3407727417805042,-0.018904133008215772,0.10311822667791813,0.13619498229870447,0.6625869508395678
15,7,Kelly Monaco,Valentin Chmerkovskiy,0.0,0.0,0.0,0.0,0.0,0.0,0.0,0.0,0.0,0.0,0.0,-0.6948325792977572,1.0852084939335633,-0.021648695498705534,-0.8375985676576638,0.529046571395324,0.4947965794533247,1.9344702896459318,0.9902146756898567,-0.5915108774479575
15,8,Kelly Monaco,Valentin Chmerkovskiy,0.0,0.0,0.0,0.0,0.0,0.0,0.0,0.0,0.0,0.0,0.0,-0.6948325792977572,1.0852084939335633,-0.021648695498705534,-0.8375985676576638,0.7033279411288071,0.3793906329181008,-2.0039291204016796,1.101303891026289,0.03553803669580512
15,9,Kelly Monaco,Valentin Chmerkovskiy,0.0,0.0,0.0,0.0,0.0,0.0,0.0,0.0,0.0,0.0,0.0,-0.6948325792977572,1.0852084939335633,-0.021648695498705534,-1.5049398576578494,0.4959072304401427,1.2579581347818924,-0.4810948965834789,0.36068134911858546,-0.2779864203760762
15,10,Kelly Monaco,Valentin Chmerkovskiy,0.0,0.0,0.0,0.0,0.0,0.0,0.0,0.0,0.0,0.0,0.0,-0.6948325792977572,1.0852084939335633,-0.021648695498705534,-2.172281147658035,1.0947472963499707,3.727999336420445,0.280322215325624,0.4254701992240449,-0.9050353345198388
15,1,Kirstie Alley,Maksim Chmerkoskiy,0.0,0.0,0.0,0.0,0.0,0.0,0.0,0.0,0.0,0.0,0.0,-0.26039410405530633,0.12307766758065668,1.921559469582149,1.1644253023428932,-0.6747771594273227,-0.9089783532544691,-0.19226113831692276,-1.0927601862397827,2.230209236198974
15,2,Kirstie Alley,Maksim Chmerkoskiy,0.0,0.0,0.0,0.0,0.0,0.0,0.0,0.0,0.0,0.0,0.0,-0.26039410405530633,0.12307766758065668,1.921559469582149,0.8307546573428003,-0.4122453438565728,-0.779712626973067,0.2803458456748227,-0.9261221972854116,1.916684779127093
15,3,Kirstie Alley,Maksim Chmerkoskiy,0.0,0.0,0.0,0.0,0.0,0.0,0.0,0.0,0.0,0.0,0.0,-0.26039410405530633,0.12307766758065668,1.921559469582149,0.4970840123427075,0.25013167591678137,-0.6000599265605278,0.5166493376706954,-0.5095272248994838,1.2896358649833304
15,4,Kirstie Alley,Maksim Chmerkoskiy,0.0,0.0,0.0,0.0,0.0,0.0,0.0,0.0,0.0,0.0,0.0,-0.26039410405530633,0.12307766758065668,1.921559469582149,-0.17025727765747814,-0.8054351670531475,-0.4776197638537139,1.2255598136583135,0.24034372539518645,1.2896358649833304
15,5,Kirstie Alley,Maksim Chmerkoskiy,0.0,0.0,0.0,0.0,0.0,0.0,0.0,0.0,0.0,0.0,0.0,-0.26039410405530633,0.12307766758065668,1.921559469582149,-0.503927922657571,0.3198555727350299,-0.04273377559028053,-1.0783992333014456,0.427811462968854,0.6625869508395678
15,6,Kirstie Alley,Maksim Chmerkoskiy,0.0,0.0,0.0,0.0,0.0,0.0,0.0,0.0,0.0,0.0,0.0,-0.26039410405530633,0.12307766758065668,1.921559469582149,-0.503927922657571,0.47673434057608705,0.019895413247198495,0.10311822667791813,0.21951397677589005,0.03553803669580512
15,7,Kirstie Alley,Maksim Chmerkoskiy,0.0,0.0,0.0,0.0,0.0,0.0,0.0,0.0,0.0,0.0,0.0,-0.26039410405530633,0.12307766758065668,1.921559469582149,-0.8375985676576638,-1.1443521601776492,-0.08496093637034337,-0.07413302266818678,0.3653138852115168,0.6625869508395678
15,8,Kirstie Alley,Maksim Chmerkoskiy,0.0,0.0,0.0,0.0,0.0,0.0,0.0,0.0,0.0,0.0,0.0,-0.26039410405530633,0.12307766758065668,1.921559469582149,-0.8375985676576638,-0.06711205460624618,0.13004624669432635,-0.7829962379574041,0.19867589625714566,0.6625869508395678
15,1,Melissa Rycroft,Tony Dovolani,0.0,0.0,0.0,0.0,0.0,0.0,0.0,0.0,0.0,0.0,0.0,0.722264351850238,-0.6873872157018412,-0.5657469817213447,1.1644253023428932,-0.00884279797956782,-0.7821255871969858,-0.19226113831692276,-0.7594842083310405,1.2896358649833304
15,2,Melissa Rycroft,Tony Dovolani,0.0,0.0,0.0,0.0,0.0,0.0,0.0,0.0,0.0,0.0,0.0,0.722264351850238,-0.6873872157018412,-0.5657469817213447,0.8307546573428003,0.3721484953487165,-0.6208594122316999,0.39849759167275906,-0.5511867221380765,0.03553803669580512
15,3,Melissa Rycroft,Tony Dovolani,0.0,0.0,0.0,0.0,0.0,0.0,0.0,0.0,0.0,0.0,0.0,0.722264351850238,-0.6873872157018412,-0.5657469817213447,0.4970840123427075,1.156542334554004,-0.4108074635305244,0.6348010836686317,-0.05127275527496306,-1.2185597915917201
15,4,Melissa Rycroft,Tony Dovolani,0.0,0.0,0.0,0.0,0.0,0.0,0.0,0.0,0.0,0.0,0.0,0.722264351850238,-0.6873872157018412,-0.5657469817213447,-0.17025727765747814,0.6402324657100157,-0.09577912823278238,2.1707737816418047,1.0735336701670422,-0.2779864203760762
15,5,Melissa Rycroft,Tony Dovolani,0.0,0.0,0.0,0.0,0.0,0.0,0.0,0.0,0.0,0.0,0.0,0.722264351850238,-0.6873872157018412,-0.5657469817213447,-0.503927922657571,0.8776467472810127,0.11508305147335919,-2.259916693280809,1.1776824132635242,-0.9050353345198388
15,6,Melissa Rycroft,Tony Dovolani,0.0,0.0,0.0,0.0,0.0,0.0,0.0,0.0,0.0,0.0,0.0,0.722264351850238,-0.6873872157018412,-0.5657469817213447,-0.503927922657571,1.0205807357584193,0.17509359826885312,0.10311822667791813,0.5527899546846323,-0.5915108774479575
15,7,Melissa Rycroft,Tony Dovolani,0.0,0.0,0.0,0.0,0.0,0.0,0.0,0.0,0.0,0.0,0.0,0.722264351850238,-0.6873872157018412,-0.5657469817213447,-0.8375985676576638,1.156542334554004,0.7121956834294532,2.0525984052946677,1.4484608134149293,-1.2185597915917201
15,8,Melissa Rycroft,Tony Dovolani,0.0,0.0,0.0,0.0,0.0,0.0,0.0,0.0,0.0,0.0,0.0,0.722264351850238,-0.6873872157018412,-0.5657469817213447,-0.8375985676576638,1.156542334554004,0.5260684603698931,-2.3189689359305765,1.4901203106535221,-1.2185597915917201
15,9,Melissa Rycroft,Tony Dovolani,0.0,0.0,0.0,0.0,0.0,0.0,0.0,0.0,0.0,0.0,0.0,0.722264351850238,-0.6873872157018412,-0.5657469817213447,-1.5049398576578494,0.9568032237539017,1.4652605339518334,-0.4810948965834781,0.6384168853088362,-0.9050353345198388
15,10,Melissa Rycroft,Tony Dovolani,0.0,0.0,0.0,0.0,0.0,0.0,0.0,0.0,0.0,0.0,0.0,0.722264351850238,-0.6873872157018412,-0.5657469817213447,-2.172281147658035,1.156542334554004,3.772591222844996,-0.06101817886241534,0.5828514478920007,-1.2185597915917201
15,1,Pamela Anderson,Tristan MacManus,0.0,1.0,0.0,0.0,0.0,0.0,0.0,1.0,0.0,0.0,1.0,1.8621481607006687,-1.4528262721353111,0.6779062439304021,1.1644253023428932,-1.3407115208750777,-1.0358311193119527,-0.19226113831692276,-1.426036164148525,2.543733693270856
15,1,Sabrina Bryan,Louis van Amstel,0.0,0.0,0.0,1.0,0.0,0.0,0.0,0.0,0.0,0.0,0.0,0.3292009694880202,-0.9657286907685575,-0.643475308324579,1.1644253023428932,0.49060797310625,-0.6869860126538737,-0.19226113831692276,-0.5095272248994838,-0.5915108774479575
15,2,Sabrina Bryan,Louis van Amstel,0.0,0.0,0.0,1.0,0.0,0.0,0.0,0.0,0.0,0.0,0.0,0.3292009694880202,-0.9657286907685575,-0.643475308324579,0.8307546573428003,1.156542334554004,-0.46200619749033145,0.6348010836686317,-0.2179107442293342,-1.2185597915917201
15,3,Sabrina Bryan,Louis van Amstel,0.0,0.0,0.0,1.0,0.0,0.0,0.0,0.0,0.0,0.0,0.0,0.3292009694880202,-0.9657286907685575,-0.643475308324579,0.4970840123427075,0.7033370052353927,-0.505433695045526,-0.3104128843148591,0.032046239202222514,-0.2779864203760762
15,4,Sabrina Bryan,Louis van Amstel,0.0,0.0,0.0,1.0,0.0,0.0,0.0,0.0,0.0,0.0,0.0,0.3292009694880202,-0.9657286907685575,-0.643475308324579,-0.17025727765747814,0.33044654440362436,-0.17760212158012456,2.1707737816418047,0.8235766867354855,0.3490624937676864
15,5,Sabrina Bryan,Louis van Amstel,0.0,0.0,0.0,1.0,0.0,0.0,0.0,0.0,0.0,0.0,0.0,0.3292009694880202,-0.9657286907685575,-0.643475308324579,-0.503927922657571,1.156542334554004,0.1939914650051788,-1.6691579632911273,1.1360229160249313,-1.2185597915917201
15,6,Sabrina Bryan,Louis van Amstel,0.0,0.0,0.0,1.0,0.0,0.0,0.0,0.0,0.0,0.0,0.0,0.3292009694880202,-0.9657286907685575,-0.643475308324579,-0.503927922657571,1.156542334554004,0.21389314452426741,-0.015033519320018224,0.6777684464004107,-1.2185597915917201
15,1,Shawn Johnson,Derek Hough,0.0,0.0,0.0,0.0,0.0,0.0,0.0,0.0,0.0,0.0,0.0,-2.063861387834893,1.3838008193534315,-1.2653019211504524,1.1644253023428932,0.3241243827443101,-0.7186992041682448,-0.19226113831692276,-0.5928462193766693,-0.2779864203760762
15,2,Shawn Johnson,Derek Hough,0.0,0.0,0.0,0.0,0.0,0.0,0.0,0.0,0.0,0.0,0.0,-2.063861387834893,1.3838008193534315,-1.2653019211504524,0.8307546573428003,0.8427847988718888,-0.5255474833868786,0.5166493376706954,-0.34288923594511256,-0.5915108774479575
15,3,Shawn Johnson,Derek Hough,0.0,0.0,0.0,0.0,0.0,0.0,0.0,0.0,0.0,0.0,0.0,-2.063861387834893,1.3838008193534315,-1.2653019211504524,0.4970840123427075,1.0054738914478014,-0.4423495407021912,0.1621940996768863,0.032046239202222514,-0.5915108774479575
15,4,Shawn Johnson,Derek Hough,0.0,0.0,0.0,0.0,0.0,0.0,0.0,0.0,0.0,0.0,0.0,-2.063861387834893,1.3838008193534315,-1.2653019211504524,-0.17025727765747814,1.156542334554004,0.040592527346120864,2.879684257629423,1.2401716591214134,-1.2185597915917201
15,5,Shawn Johnson,Derek Hough,0.0,0.0,0.0,0.0,0.0,0.0,0.0,0.0,0.0,0.0,0.0,-2.063861387834893,1.3838008193534315,-1.2653019211504524,-0.503927922657571,0.8776467472810127,0.11508305147335919,-2.8506754232704905,1.385979899456488,-0.9050353345198388
15,6,Shawn Johnson,Derek Hough,0.0,0.0,0.0,0.0,0.0,0.0,0.0,0.0,0.0,0.0,0.0,-2.063861387834893,1.3838008193534315,-1.2653019211504524,-0.503927922657571,0.6126959393716699,0.05869495950261252,-0.2513370113158909,0.427811462968854,-0.2779864203760762
15,7,Shawn Johnson,Derek Hough,0.0,0.0,0.0,0.0,0.0,0.0,0.0,0.0,0.0,0.0,0.0,-2.063861387834893,1.3838008193534315,-1.2653019211504524,-0.8375985676576638,0.9473491905375389,0.639719652932928,2.1707265209434055,1.2401549953225173,-0.9050353345198388
15,8,Shawn Johnson,Derek Hough,0.0,0.0,0.0,0.0,0.0,0.0,0.0,0.0,0.0,0.0,0.0,-2.063861387834893,1.3838008193534315,-1.2653019211504524,-0.8375985676576638,0.5673663423332244,0.33538816473192534,-2.5946405896929625,1.2262657189431712,0.3490624937676864
15,9,Shawn Johnson,Derek Hough,0.0,0.0,0.0,0.0,0.0,0.0,0.0,0.0,0.0,0.0,0.0,-2.063861387834893,1.3838008193534315,-1.2653019211504524,-1.5049398576578494,1.156542334554004,1.5550994509257645,0.201585891792598,0.5180709296859892,-1.2185597915917201
15,10,Shawn Johnson,Derek Hough,0.0,0.0,0.0,0.0,0.0,0.0,0.0,0.0,0.0,0.0,0.0,-2.063861387834893,1.3838008193534315,-1.2653019211504524,-2.172281147658035,1.0484149229710704,3.694565455779893,-0.32357498881902874,0.6106383325501422,-0.5915108774479575
16,1,Alexandra Raisman,Mark Ballas,0.0,0.0,0.0,0.0,0.0,0.0,0.0,0.0,0.0,0.0,0.0,-0.7376853540665704,1.098637249309589,-1.4207585743569207,0.8307546573428003,0.136830343587129,-0.5058469100303074,-0.19226113831692276,-0.7594842083310405,-0.9050353345198388
16,2,Alexandra Raisman,Mark Ballas,0.0,0.0,0.0,0.0,0.0,0.0,0.0,0.0,0.0,0.0,0.0,-0.7376853540665704,1.098637249309589,-1.4207585743569207,0.8307546573428003,0.5290272631897746,-0.3890899677729819,0.5166493376706954,-0.5095272248994838,-0.5915108774479575
16,3,Alexandra Raisman,Mark Ballas,0.0,0.0,0.0,0.0,0.0,0.0,0.0,0.0,0.0,0.0,0.0,-0.7376853540665704,1.098637249309589,-1.4207585743569207,0.4970840123427075,0.21532523888328858,-0.39765082466096646,-0.42856463031279546,-0.34288923594511256,-0.2779864203760762
16,4,Alexandra Raisman,Mark Ballas,0.0,0.0,0.0,0.0,0.0,0.0,0.0,0.0,0.0,0.0,0.0,-0.7376853540665704,1.098637249309589,-1.4207585743569207,0.16341336734261466,1.156542334554004,-0.0001972089207844572,0.7529528296665682,-0.09293225251355586,-1.2185597915917201
16,5,Alexandra Raisman,Mark Ballas,0.0,0.0,0.0,0.0,0.0,0.0,0.0,0.0,0.0,0.0,0.0,-0.7376853540665704,1.098637249309589,-1.4207585743569207,-0.17025727765747814,0.0313428962457277,-0.016305120340389112,-0.6648681223086682,0.0737057364408153,-0.2779864203760762
16,6,Alexandra Raisman,Mark Ballas,0.0,0.0,0.0,0.0,0.0,0.0,0.0,0.0,0.0,0.0,0.0,-0.7376853540665704,1.098637249309589,-1.4207585743569207,-0.503927922657571,0.8544054483415953,0.30487139091627175,0.04404235367894996,-0.009613258036370276,-0.9050353345198388
16,7,Alexandra Raisman,Mark Ballas,0.0,0.0,0.0,0.0,0.0,0.0,0.0,0.0,0.0,0.0,0.0,-0.7376853540665704,1.098637249309589,-1.4207585743569207,-0.8375985676576638,1.156542334554004,0.9359020922337046,1.2255598136583135,0.5736197033039288,-1.2185597915917201
16,8,Alexandra Raisman,Mark Ballas,0.0,0.0,0.0,0.0,0.0,0.0,0.0,0.0,0.0,0.0,0.0,-0.7376853540665704,1.098637249309589,-1.4207585743569207,-1.1712692126577566,0.8752424749769354,1.043779259286364,-1.1374751063004138,0.7402576922583,-0.9050353345198388
16,9,Alexandra Raisman,Mark Ballas,0.0,0.0,0.0,0.0,0.0,0.0,0.0,0.0,0.0,0.0,0.0,-0.7376853540665704,1.098637249309589,-1.4207585743569207,-1.5049398576578494,1.156542334554004,1.5550916441617595,0.1621940996768863,0.531960206065336,-1.2185597915917201
16,10,Alexandra Raisman,Mark Ballas,0.0,0.0,0.0,0.0,0.0,0.0,0.0,0.0,0.0,0.0,0.0,-0.7376853540665704,1.098637249309589,-1.4207585743569207,-1.8386105026579422,0.8846191369628383,2.232799745301159,-0.3104128843148591,0.6152792005425215,-0.5915108774479575
16,1,Andy Dick,Sharna Burgess,0.0,0.0,0.0,0.0,0.0,0.0,0.0,0.0,0.0,0.0,1.0,0.0765173665408801,0.4607713689483641,0.8333628971368704,0.8307546573428003,-1.222785644368704,-0.8121769520817826,-0.19226113831692276,-1.426036164148525,1.916684779127093
16,2,Andy Dick,Sharna Burgess,0.0,0.0,0.0,0.0,0.0,0.0,0.0,0.0,0.0,0.0,1.0,0.0765173665408801,0.4607713689483641,0.8333628971368704,0.8307546573428003,-0.7260028795386879,-0.6765882449442457,0.5166493376706954,-1.1760791807169684,0.03553803669580512
16,3,Andy Dick,Sharna Burgess,0.0,0.0,0.0,0.0,0.0,0.0,0.0,0.0,0.0,0.0,1.0,0.0765173665408801,0.4607713689483641,0.8333628971368704,0.4970840123427075,-1.3534745072176422,-0.7707875216478337,-0.6648681223086682,-1.0927601862397827,1.2896358649833304
16,4,Andy Dick,Sharna Burgess,0.0,0.0,0.0,0.0,0.0,0.0,0.0,0.0,0.0,0.0,1.0,0.0765173665408801,0.4607713689483641,0.8333628971368704,0.16341336734261466,-0.6562789827204404,-0.4699488582273991,0.5166493376706954,-1.0094411917625972,0.3490624937676864
16,5,Andy Dick,Sharna Burgess,0.0,0.0,0.0,0.0,0.0,0.0,0.0,0.0,0.0,0.0,1.0,0.0765173665408801,0.4607713689483641,0.8333628971368704,-0.17025727765747814,-1.9377561207937546,-0.6036819832692347,-0.9011716143045408,-1.0094411917625972,0.976111407911449
16,6,Andy Dick,Sharna Burgess,0.0,0.0,0.0,0.0,0.0,0.0,0.0,0.0,0.0,0.0,1.0,0.0765173665408801,0.4607713689483641,0.8333628971368704,-0.503927922657571,-0.5052105396142369,-0.11379320899625715,0.6348010836686317,-0.9677816945240044,0.6625869508395678
16,7,Andy Dick,Sharna Burgess,0.0,0.0,0.0,0.0,0.0,0.0,0.0,0.0,0.0,0.0,1.0,0.0765173665408801,0.4607713689483641,0.8333628971368704,-0.8375985676576638,-2.667377631571777,-0.49377684043860587,-1.25562685229835,-1.05110068900119,0.6625869508395678
16,1,D. L. Hughley,Cheryl Burke,0.0,0.0,0.0,0.0,0.0,0.0,0.0,0.0,0.0,0.0,1.0,-0.3783131187639717,0.2617572142756622,1.066547876946573,0.8307546573428003,-2.922305629313496,-1.195089504646128,-0.19226113831692276,-2.2592261089203807,2.230209236198974
16,2,D. L. Hughley,Cheryl Burke,0.0,0.0,0.0,0.0,0.0,0.0,0.0,0.0,0.0,0.0,1.0,-0.3783131187639717,0.2617572142756622,1.066547876946573,0.8307546573428003,-1.9810330222671495,-0.9640865221155077,0.7529528296665682,-1.9259501310116385,1.916684779127093
16,3,D. L. Hughley,Cheryl Burke,0.0,0.0,0.0,0.0,0.0,0.0,0.0,0.0,0.0,0.0,1.0,-0.3783131187639717,0.2617572142756622,1.066547876946573,0.4970840123427075,-1.9809944056580153,-0.9200422004425816,-0.19226113831692276,-1.5926741531028963,1.6031603220552115
16,4,D. L. Hughley,Cheryl Burke,0.0,0.0,0.0,0.0,0.0,0.0,0.0,0.0,0.0,0.0,1.0,-0.3783131187639717,0.2617572142756622,1.066547876946573,0.16341336734261466,-0.6562789827204404,-0.4699488582273991,0.9892563216624407,-1.1760791807169684,0.3490624937676864
16,5,D. L. Hughley,Cheryl Burke,0.0,0.0,0.0,0.0,0.0,0.0,0.0,0.0,0.0,0.0,1.0,-0.3783131187639717,0.2617572142756622,1.066547876946573,-0.17025727765747814,-1.9377561207937546,-0.6036819832692347,-0.9011716143045408,-1.0094411917625972,0.976111407911449
16,1,Dorothy Hamill,Tristan MacManus,0.0,0.0,0.0,0.0,0.0,0.0,0.0,0.0,0.0,0.0,0.0,1.8621481607006687,-1.4528262721353111,1.532917836565978,0.8307546573428003,0.136830343587129,-0.5058469100303074,-0.19226113831692276,-0.7594842083310405,-0.9050353345198388
16,2,Dorothy Hamill,Tristan MacManus,0.0,0.0,0.0,0.0,0.0,0.0,0.0,0.0,0.0,0.0,0.0,1.8621481607006687,-1.4528262721353111,1.532917836565978,0.8307546573428003,-2.294790557949266,-1.035961091408323,-1.610082090292159,-1.2593981751941539,2.230209236198974
16,1,Ingo Rademacher,Kym Johnson,0.0,0.0,0.0,0.0,0.0,0.0,0.0,0.0,0.0,0.0,0.0,-0.0919383687572131,0.07805184073162919,0.36699293751746537,0.8307546573428003,-0.20307365340182904,-0.5824294205431758,-0.19226113831692276,-0.9261221972854116,0.03553803669580512
16,2,Ingo Rademacher,Kym Johnson,0.0,0.0,0.0,0.0,0.0,0.0,0.0,0.0,0.0,0.0,0.0,-0.0919383687572131,0.07805184073162919,0.36699293751746537,0.8307546573428003,-0.7260028795386879,-0.6765882449442457,-0.19226113831692276,-0.9261221972854116,0.03553803669580512
16,3,Ingo Rademacher,Kym Johnson,0.0,0.0,0.0,0.0,0.0,0.0,0.0,0.0,0.0,0.0,0.0,-0.0919383687572131,0.07805184073162919,0.36699293751746537,0.4970840123427075,-0.41219465955708356,-0.5469055034557145,0.04404235367894996,-0.8428032028082261,0.3490624937676864
16,4,Ingo Rademacher,Kym Johnson,0.0,0.0,0.0,0.0,0.0,0.0,0.0,0.0,0.0,0.0,0.0,-0.0919383687572131,0.07805184073162919,0.36699293751746537,0.16341336734261466,-0.05200521029562557,-0.31336497512519434,0.2803458456748227,-0.5928462193766693,0.03553803669580512
16,5,Ingo Rademacher,Kym Johnson,0.0,0.0,0.0,0.0,0.0,0.0,0.0,0.0,0.0,0.0,0.0,-0.0919383687572131,0.07805184073162919,0.36699293751746537,-0.17025727765747814,-1.0938565420625477,-0.3519490420140153,-0.6648681223086682,-0.5928462193766693,0.3490624937676864
16,6,Ingo Rademacher,Kym Johnson,0.0,0.0,0.0,0.0,0.0,0.0,0.0,0.0,0.0,0.0,0.0,-0.0919383687572131,0.07805184073162919,0.36699293751746537,-0.503927922657571,-0.05200521029562557,0.025761657641253696,0.2803458456748227,-0.5928462193766693,-0.2779864203760762
16,7,Ingo Rademacher,Kym Johnson,0.0,0.0,0.0,0.0,0.0,0.0,0.0,0.0,0.0,0.0,0.0,-0.0919383687572131,0.07805184073162919,0.36699293751746537,-0.8375985676576638,-0.6279536496380272,0.26871859031996087,0.2803458456748227,-0.259570241467927,0.03553803669580512
16,8,Ingo Rademacher,Kym Johnson,0.0,0.0,0.0,0.0,0.0,0.0,0.0,0.0,0.0,0.0,0.0,-0.0919383687572131,0.07805184073162919,0.36699293751746537,-1.1712692126577566,-0.24995696333134093,0.5926565607025179,-0.42856463031279546,-0.17625124699074143,0.03553803669580512
16,9,Ingo Rademacher,Kym Johnson,0.0,0.0,0.0,0.0,0.0,0.0,0.0,0.0,0.0,0.0,0.0,-0.0919383687572131,0.07805184073162919,0.36699293751746537,-1.5049398576578494,0.050414073166207614,1.057576895014327,0.1621940996768863,-0.13459174975214863,0.03553803669580512
16,1,Jacoby Jones,Karina Smirnoff,0.0,0.0,0.0,0.0,0.0,0.0,0.0,0.0,0.0,0.0,0.0,0.16542456017042953,-0.2621432954610242,-0.643475308324579,0.8307546573428003,-0.20307365340182904,-0.5824294205431758,-0.19226113831692276,-0.9261221972854116,0.03553803669580512
16,2,Jacoby Jones,Karina Smirnoff,0.0,0.0,0.0,0.0,0.0,0.0,0.0,0.0,0.0,0.0,0.0,0.16542456017042953,-0.2621432954610242,-0.643475308324579,0.8307546573428003,0.21526972750765758,-0.4609645370657973,0.5166493376706954,-0.6761652138538549,-0.2779864203760762
16,3,Jacoby Jones,Karina Smirnoff,0.0,0.0,0.0,0.0,0.0,0.0,0.0,0.0,0.0,0.0,0.0,0.16542456017042953,-0.2621432954610242,-0.643475308324579,0.4970840123427075,1.156542334554004,-0.1737837319367267,0.5166020769722963,-0.17626791078963683,-1.2185597915917201
16,4,Jacoby Jones,Karina Smirnoff,0.0,0.0,0.0,0.0,0.0,0.0,0.0,0.0,0.0,0.0,0.0,0.16542456017042953,-0.2621432954610242,-0.643475308324579,0.16341336734261466,0.25013167591678137,-0.23507303357409193,-0.6648208616102691,-0.09294891631245125,-0.2779864203760762
16,5,Jacoby Jones,Karina Smirnoff,0.0,0.0,0.0,0.0,0.0,0.0,0.0,0.0,0.0,0.0,0.0,0.16542456017042953,-0.2621432954610242,-0.643475308324579,-0.17025727765747814,0.3126427558227972,0.0676058600780173,0.2803458456748227,-0.09293225251355586,-0.5915108774479575
16,6,Jacoby Jones,Karina Smirnoff,0.0,0.0,0.0,0.0,0.0,0.0,0.0,0.0,0.0,0.0,0.0,0.16542456017042953,-0.2621432954610242,-0.643475308324579,-0.503927922657571,-0.20307365340182904,-0.020756631237917645,-1.0193233603024774,-0.2179107442293342,0.3490624937676864
16,7,Jacoby Jones,Karina Smirnoff,0.0,0.0,0.0,0.0,0.0,0.0,0.0,0.0,0.0,0.0,0.0,0.16542456017042953,-0.2621432954610242,-0.643475308324579,-0.8375985676576638,-0.11809765415458975,0.45934244800960206,0.8711045756645045,-0.13459174975214863,-0.2779864203760762
16,8,Jacoby Jones,Karina Smirnoff,0.0,0.0,0.0,0.0,0.0,0.0,0.0,0.0,0.0,0.0,0.0,0.16542456017042953,-0.2621432954610242,-0.643475308324579,-1.1712692126577566,0.3126427558227972,0.81821790999444,-0.42856463031279546,0.15702473091800087,-0.2779864203760762
16,9,Jacoby Jones,Karina Smirnoff,0.0,0.0,0.0,0.0,0.0,0.0,0.0,0.0,0.0,0.0,0.0,0.16542456017042953,-0.2621432954610242,-0.643475308324579,-1.5049398576578494,1.156542334554004,1.5550916441617595,0.6348010836686317,0.3653222171109648,-1.2185597915917201
16,10,Jacoby Jones,Karina Smirnoff,0.0,0.0,0.0,0.0,0.0,0.0,0.0,0.0,0.0,0.0,0.0,0.16542456017042953,-0.2621432954610242,-0.643475308324579,-1.8386105026579422,0.6126687470519115,2.0828923637825616,-0.5467400066599322,0.531951874165888,-0.2779864203760762
16,1,Kellie Pickler,Derek Hough,0.0,0.0,0.0,0.0,0.0,0.0,0.0,0.0,0.0,0.0,0.0,-2.063861387834893,1.3838008193534315,-0.7989319615310473,0.8307546573428003,0.136830343587129,-0.5058469100303074,-0.19226113831692276,-0.7594842083310405,-0.9050353345198388
16,2,Kellie Pickler,Derek Hough,0.0,0.0,0.0,0.0,0.0,0.0,0.0,0.0,0.0,0.0,0.0,-2.063861387834893,1.3838008193534315,-0.7989319615310473,0.8307546573428003,1.156542334554004,-0.24534082918735106,0.9892563216624407,-0.34288923594511256,-1.2185597915917201
16,3,Kellie Pickler,Derek Hough,0.0,0.0,0.0,0.0,0.0,0.0,0.0,0.0,0.0,0.0,0.0,-2.063861387834893,1.3838008193534315,-0.7989319615310473,0.4970840123427075,0.8428451373236625,-0.24839614586622036,-0.42856463031279546,-0.009613258036370276,-0.5915108774479575
16,4,Kellie Pickler,Derek Hough,0.0,0.0,0.0,0.0,0.0,0.0,0.0,0.0,0.0,0.0,0.0,-2.063861387834893,1.3838008193534315,-0.7989319615310473,0.16341336734261466,0.8544054483415953,-0.07848915047188687,0.04404235367894996,-0.009613258036370276,-0.9050353345198388
16,5,Kellie Pickler,Derek Hough,0.0,0.0,0.0,0.0,0.0,0.0,0.0,0.0,0.0,0.0,0.0,-2.063861387834893,1.3838008193534315,-0.7989319615310473,-0.17025727765747814,0.5939426153998668,0.15151684049642566,0.04404235367894996,0.15702473091800087,-0.9050353345198388
16,6,Kellie Pickler,Derek Hough,0.0,0.0,0.0,0.0,0.0,0.0,0.0,0.0,0.0,0.0,0.0,-2.063861387834893,1.3838008193534315,-0.7989319615310473,-0.503927922657571,1.156542334554004,0.3979079686746115,-0.19226113831692276,0.24034372539518645,-1.2185597915917201
16,7,Kellie Pickler,Derek Hough,0.0,0.0,0.0,0.0,0.0,0.0,0.0,0.0,0.0,0.0,0.0,-2.063861387834893,1.3838008193534315,-0.7989319615310473,-0.8375985676576638,0.39175834132884774,0.6499663056992433,0.2803458456748227,0.4069817143495576,-0.5915108774479575
16,8,Kellie Pickler,Derek Hough,0.0,0.0,0.0,0.0,0.0,0.0,0.0,0.0,0.0,0.0,0.0,-2.063861387834893,1.3838008193534315,-0.7989319615310473,-1.1712692126577566,0.7345925451884016,0.9873889219633828,-0.5467163763107318,0.4486412115881504,-0.5915108774479575
16,9,Kellie Pickler,Derek Hough,0.0,0.0,0.0,0.0,0.0,0.0,0.0,0.0,0.0,0.0,0.0,-2.063861387834893,1.3838008193534315,-0.7989319615310473,-1.5049398576578494,1.0182763018805299,1.4929023005183306,0.1621940996768863,0.4486412115881504,-0.5915108774479575
16,10,Kellie Pickler,Derek Hough,0.0,0.0,0.0,0.0,0.0,0.0,0.0,0.0,0.0,0.0,0.0,-2.063861387834893,1.3838008193534315,-0.7989319615310473,-1.8386105026579422,1.156542334554004,2.3826921375805292,0.04404235367894996,0.6569386977811144,-1.2185597915917201
16,1,Lisa Vanderpump,Gleb Savchenko,0.0,0.0,0.0,0.0,0.0,0.0,0.0,0.0,0.0,0.0,1.0,1.1909168462051898,-1.4528262721353111,1.2220045301530413,0.8307546573428003,-0.8828816473797461,-0.7355944415689142,-0.19226113831692276,-1.2593981751941539,0.976111407911449
16,2,Lisa Vanderpump,Gleb Savchenko,0.0,0.0,0.0,0.0,0.0,0.0,0.0,0.0,0.0,0.0,1.0,1.1909168462051898,-1.4528262721353111,1.2220045301530413,0.8307546573428003,-1.3535179509029192,-0.8203373835298766,-0.19226113831692276,-1.2593981751941539,0.976111407911449
16,3,Lisa Vanderpump,Gleb Savchenko,0.0,0.0,0.0,0.0,0.0,0.0,0.0,0.0,0.0,0.0,1.0,1.1909168462051898,-1.4528262721353111,1.2220045301530413,0.4970840123427075,-0.41219465955708356,-0.5469055034557145,0.5166493376706954,-1.0094411917625972,0.3490624937676864
16,4,Lisa Vanderpump,Gleb Savchenko,0.0,0.0,0.0,0.0,0.0,0.0,0.0,0.0,0.0,0.0,1.0,1.1909168462051898,-1.4528262721353111,1.2220045301530413,0.16341336734261466,-1.562689641357663,-0.7048246828807083,-0.9011716143045408,-1.0094411917625972,1.2896358649833304
16,1,Sean Lowe,Peta Murgatroyd,0.0,0.0,0.0,0.0,0.0,0.0,0.0,0.0,0.0,0.0,0.0,0.5650389989053509,-0.7384164861307391,-0.5657469817213447,0.8307546573428003,-0.5429776503907879,-0.6590119310560459,-0.19226113831692276,-1.0927601862397827,0.6625869508395678
16,2,Sean Lowe,Peta Murgatroyd,0.0,0.0,0.0,0.0,0.0,0.0,0.0,0.0,0.0,0.0,0.0,0.5650389989053509,-0.7384164861307391,-0.5657469817213447,0.8307546573428003,-0.7260028795386879,-0.6765882449442457,0.04404235367894996,-1.0094411917625972,0.03553803669580512
16,3,Sean Lowe,Peta Murgatroyd,0.0,0.0,0.0,0.0,0.0,0.0,0.0,0.0,0.0,0.0,0.0,0.5650389989053509,-0.7384164861307391,-0.5657469817213447,0.4970840123427075,-0.41219465955708356,-0.5469055034557145,0.04404235367894996,-0.8428032028082261,0.3490624937676864
16,4,Sean Lowe,Peta Murgatroyd,0.0,0.0,0.0,0.0,0.0,0.0,0.0,0.0,0.0,0.0,0.0,0.5650389989053509,-0.7384164861307391,-0.5657469817213447,0.16341336734261466,-0.9584158689328482,-0.5482407997785033,-0.42856463031279546,-0.8428032028082261,0.976111407911449
16,5,Sean Lowe,Peta Murgatroyd,0.0,0.0,0.0,0.0,0.0,0.0,0.0,0.0,0.0,0.0,0.0,0.5650389989053509,-0.7384164861307391,-0.5657469817213447,-0.17025727765747814,-0.24995696333134093,-0.10021610075879578,0.7529528296665682,-0.5928462193766693,0.03553803669580512
16,6,Sean Lowe,Peta Murgatroyd,0.0,0.0,0.0,0.0,0.0,0.0,0.0,0.0,0.0,0.0,0.0,0.5650389989053509,-0.7384164861307391,-0.5657469817213447,-0.503927922657571,-0.05200521029562557,0.025761657641253696,-0.42856463031279546,-0.34288923594511256,-0.2779864203760762
16,7,Sean Lowe,Peta Murgatroyd,0.0,0.0,0.0,0.0,0.0,0.0,0.0,0.0,0.0,0.0,0.0,0.5650389989053509,-0.7384164861307391,-0.5657469817213447,-0.8375985676576638,-0.8828816473797461,0.17340666147513928,0.04404235367894996,-0.34288923594511256,0.3490624937676864
16,8,Sean Lowe,Peta Murgatroyd,0.0,0.0,0.0,0.0,0.0,0.0,0.0,0.0,0.0,0.0,0.0,0.5650389989053509,-0.7384164861307391,-0.5657469817213447,-1.1712692126577566,-1.0938565420625477,0.25431453676463406,-0.9011716143045408,-0.5095272248994838,0.3490624937676864
16,1,Victor Ortiz,Lindsay Arnold,0.0,0.0,0.0,0.0,0.0,0.0,0.0,0.0,0.0,0.0,0.0,-0.614151148181302,0.6904030858784056,-0.7989319615310473,0.8307546573428003,-0.8828816473797461,-0.7355944415689142,-0.19226113831692276,-1.2593981751941539,0.976111407911449
16,2,Victor Ortiz,Lindsay Arnold,0.0,0.0,0.0,0.0,0.0,0.0,0.0,0.0,0.0,0.0,0.0,-0.614151148181302,0.6904030858784056,-0.7989319615310473,0.8307546573428003,-1.3535179509029192,-0.8203373835298766,-0.19226113831692276,-1.2593981751941539,0.976111407911449
16,3,Victor Ortiz,Lindsay Arnold,0.0,0.0,0.0,0.0,0.0,0.0,0.0,0.0,0.0,0.0,0.0,-0.614151148181302,0.6904030858784056,-0.7989319615310473,0.4970840123427075,0.21532523888328858,-0.39765082466096646,0.9892563216624407,-0.8428032028082261,-0.2779864203760762
16,4,Victor Ortiz,Lindsay Arnold,0.0,0.0,0.0,0.0,0.0,0.0,0.0,0.0,0.0,0.0,0.0,-0.614151148181302,0.6904030858784056,-0.7989319615310473,0.16341336734261466,-1.562689641357663,-0.7048246828807083,-1.3737785982962865,-0.8428032028082261,1.2896358649833304
16,5,Victor Ortiz,Lindsay Arnold,0.0,0.0,0.0,0.0,0.0,0.0,0.0,0.0,0.0,0.0,0.0,-0.614151148181302,0.6904030858784056,-0.7989319615310473,-0.17025727765747814,-1.0938565420625477,-0.3519490420140153,0.5166493376706954,-1.0094411917625972,0.3490624937676864
16,6,Victor Ortiz,Lindsay Arnold,0.0,0.0,0.0,0.0,0.0,0.0,0.0,0.0,0.0,0.0,0.0,-0.614151148181302,0.6904030858784056,-0.7989319615310473,-0.503927922657571,-0.9584158689328482,-0.25334807563376605,-0.42856463031279546,-0.8428032028082261,0.976111407911449
16,1,Wynonna Judd,Tony Dovolani,0.0,0.0,0.0,0.0,0.0,0.0,0.0,0.0,0.0,0.0,1.0,0.722264351850238,-0.6873872157018412,0.9110912237401045,0.8307546573428003,-0.8828816473797461,-0.7355944415689142,-0.19226113831692276,-1.2593981751941539,0.976111407911449
16,2,Wynonna Judd,Tony Dovolani,0.0,0.0,0.0,0.0,0.0,0.0,0.0,0.0,0.0,0.0,1.0,0.722264351850238,-0.6873872157018412,0.9110912237401045,0.8307546573428003,-1.3535179509029192,-0.8203373835298766,-0.19226113831692276,-1.2593981751941539,0.976111407911449
16,3,Wynonna Judd,Tony Dovolani,0.0,0.0,0.0,0.0,0.0,0.0,0.0,0.0,0.0,0.0,1.0,0.722264351850238,-0.6873872157018412,0.9110912237401045,0.4970840123427075,-2.2947543548782017,-0.9946695398399545,-0.9011716143045408,-1.5093551586257106,1.916684779127093
16,1,Zendaya,Valentin Chmerkovskiy,0.0,0.0,0.0,1.0,0.0,0.0,0.0,0.0,0.0,0.0,0.0,-0.6948325792977572,1.0852084939335633,-1.5762152275633892,0.8307546573428003,1.156542334554004,-0.2760993784917006,-0.19226113831692276,-0.259570241467927,-1.2185597915917201
16,2,Zendaya,Valentin Chmerkovskiy,0.0,0.0,0.0,1.0,0.0,0.0,0.0,0.0,0.0,0.0,0.0,-0.6948325792977572,1.0852084939335633,-1.5762152275633892,0.8307546573428003,1.156542334554004,-0.24534082918735106,0.2803458456748227,-0.09293225251355586,-1.2185597915917201
16,3,Zendaya,Valentin Chmerkovskiy,0.0,0.0,0.0,1.0,0.0,0.0,0.0,0.0,0.0,0.0,0.0,-0.6948325792977572,1.0852084939335633,-1.5762152275633892,0.4970840123427075,1.156542334554004,-0.1737837319367267,-0.19230839901532182,0.0736890726419199,-1.2185597915917201
16,4,Zendaya,Valentin Chmerkovskiy,0.0,0.0,0.0,1.0,0.0,0.0,0.0,0.0,0.0,0.0,0.0,-0.6948325792977572,1.0852084939335633,-1.5762152275633892,0.16341336734261466,0.8544054483415953,-0.07848915047188687,-0.1922138776185237,0.0736890726419199,-0.9050353345198388
16,5,Zendaya,Valentin Chmerkovskiy,0.0,0.0,0.0,1.0,0.0,0.0,0.0,0.0,0.0,0.0,0.0,-0.6948325792977572,1.0852084939335633,-1.5762152275633892,-0.17025727765747814,1.156542334554004,0.3193388013332385,0.5166493376706954,0.32366271987237205,-1.2185597915917201
16,6,Zendaya,Valentin Chmerkovskiy,0.0,0.0,0.0,1.0,0.0,0.0,0.0,0.0,0.0,0.0,0.0,-0.6948325792977572,1.0852084939335633,-1.5762152275633892,-0.503927922657571,0.7033370052353927,0.2583531020371021,-1.0193233603024774,0.28200322263377925,-0.5915108774479575
16,7,Zendaya,Valentin Chmerkovskiy,0.0,0.0,0.0,1.0,0.0,0.0,0.0,0.0,0.0,0.0,0.0,-0.6948325792977572,1.0852084939335633,-1.5762152275633892,-0.8375985676576638,0.6466863390705665,0.7452782345440634,0.8711045756645045,0.3653222171109648,-0.9050353345198388
16,8,Zendaya,Valentin Chmerkovskiy,0.0,0.0,0.0,1.0,0.0,0.0,0.0,0.0,0.0,0.0,0.0,-0.6948325792977572,1.0852084939335633,-1.5762152275633892,-1.1712692126577566,1.156542334554004,1.1565599339323258,-0.42856463031279546,0.6569386977811144,-1.2185597915917201
16,9,Zendaya,Valentin Chmerkovskiy,0.0,0.0,0.0,1.0,0.0,0.0,0.0,0.0,0.0,0.0,0.0,-0.6948325792977572,1.0852084939335633,-1.5762152275633892,-1.5049398576578494,0.6034782038601053,1.3063342695880442,-0.5467163763107318,0.4486412115881504,-0.2779864203760762
16,10,Zendaya,Valentin Chmerkovskiy,0.0,0.0,0.0,1.0,0.0,0.0,0.0,0.0,0.0,0.0,0.0,-0.6948325792977572,1.0852084939335633,-1.5762152275633892,-1.8386105026579422,1.156542334554004,2.3826921375805292,0.39849759167275906,0.531960206065336,-1.2185597915917201
17,1,Amber Riley,Derek Hough,0.0,0.0,0.0,1.0,0.0,0.0,0.0,0.0,0.0,0.0,0.0,-2.063861387834893,1.3838008193534315,-0.7212036349278131,0.8307546573428003,1.156542334554004,-0.2644325116557546,-0.19226113831692276,0.24034372539518645,-1.2185597915917201
17,2,Amber Riley,Derek Hough,0.0,0.0,0.0,1.0,0.0,0.0,0.0,0.0,0.0,0.0,0.0,-2.063861387834893,1.3838008193534315,-0.7212036349278131,0.8307546573428003,0.5290272631897746,-0.531758285767744,-0.9011716143045408,-0.009613258036370276,-0.2779864203760762
17,3,Amber Riley,Derek Hough,0.0,0.0,0.0,1.0,0.0,0.0,0.0,0.0,0.0,0.0,0.0,-2.063861387834893,1.3838008193534315,-0.7212036349278131,0.4970840123427075,0.25013167591678137,-0.46350128657025,-0.19226113831692276,-0.259570241467927,0.3490624937676864
17,4,Amber Riley,Derek Hough,0.0,0.0,0.0,1.0,0.0,0.0,0.0,0.0,0.0,0.0,0.0,-2.063861387834893,1.3838008193534315,-0.7212036349278131,0.16341336734261466,1.156542334554004,-0.11614856539520246,0.5166493376706954,-0.009613258036370276,-1.2185597915917201
17,5,Amber Riley,Derek Hough,0.0,0.0,0.0,1.0,0.0,0.0,0.0,0.0,0.0,0.0,0.0,-2.063861387834893,1.3838008193534315,-0.7212036349278131,-0.17025727765747814,0.5738497682872186,-0.1737721091255685,-0.42856463031279546,0.15702473091800087,0.3490624937676864
17,6,Amber Riley,Derek Hough,0.0,0.0,0.0,1.0,0.0,0.0,0.0,0.0,0.0,0.0,0.0,-2.063861387834893,1.3838008193534315,-0.7212036349278131,-0.503927922657571,1.156542334554004,0.3153438620029387,1.2255361833091132,0.5736113714044807,-1.2185597915917201
17,7,Amber Riley,Derek Hough,0.0,0.0,0.0,1.0,0.0,0.0,0.0,0.0,0.0,0.0,0.0,-2.063861387834893,1.3838008193534315,-0.7212036349278131,-0.503927922657571,1.156542334554004,0.22160050359983452,-0.7829962379574041,0.8652278520746303,-1.2185597915917201
17,8,Amber Riley,Derek Hough,0.0,0.0,0.0,1.0,0.0,0.0,0.0,0.0,0.0,0.0,0.0,-2.063861387834893,1.3838008193534315,-0.7212036349278131,-0.8375985676576638,0.6126959393716699,0.4434571265354647,-0.5467163763107318,0.531960206065336,-0.5915108774479575
17,9,Amber Riley,Derek Hough,0.0,0.0,0.0,1.0,0.0,0.0,0.0,0.0,0.0,0.0,0.0,-2.063861387834893,1.3838008193534315,-0.7212036349278131,-1.1712692126577566,0.17199282603426247,0.7253081161194354,-0.7830198683066045,0.19868422815659367,0.03553803669580512
17,10,Amber Riley,Derek Hough,0.0,0.0,0.0,1.0,0.0,0.0,0.0,0.0,0.0,0.0,0.0,-2.063861387834893,1.3838008193534315,-0.7212036349278131,-1.5049398576578494,1.156542334554004,1.8443609340231961,3.1159877496252952,1.1568526646442279,-1.2185597915917201
17,11,Amber Riley,Derek Hough,0.0,0.0,0.0,1.0,0.0,0.0,0.0,0.0,0.0,0.0,0.0,-2.063861387834893,1.3838008193534315,-0.7212036349278131,-1.8386105026579422,1.156542334554004,2.685095754520401,-2.1221044967488165,1.642869023228547,-1.2185597915917201
17,1,Bill Engvall,Emma Slater,0.0,0.0,0.0,0.0,0.0,0.0,0.0,0.0,0.0,0.0,0.0,0.8819463509348887,-1.1179466849456678,1.532917836565978,0.8307546573428003,-1.562689641357663,-0.8809815513706882,-0.19226113831692276,-1.2593981751941539,1.6031603220552115
17,2,Bill Engvall,Emma Slater,0.0,0.0,0.0,0.0,0.0,0.0,0.0,0.0,0.0,0.0,0.0,0.8819463509348887,-1.1179466849456678,1.532917836565978,0.8307546573428003,-0.4122453438565728,-0.7295484538968454,0.5166493376706954,-1.0094411917625972,0.976111407911449
17,3,Bill Engvall,Emma Slater,0.0,0.0,0.0,0.0,0.0,0.0,0.0,0.0,0.0,0.0,0.0,0.8819463509348887,-1.1179466849456678,1.532917836565978,0.4970840123427075,0.25013167591678137,-0.46350128657025,0.5166493376706954,-0.5095272248994838,0.3490624937676864
17,4,Bill Engvall,Emma Slater,0.0,0.0,0.0,0.0,0.0,0.0,0.0,0.0,0.0,0.0,0.0,0.8819463509348887,-1.1179466849456678,1.532917836565978,0.16341336734261466,-0.6562789827204404,-0.5601332465963919,-0.9011716143045408,-0.5095272248994838,0.976111407911449
17,5,Bill Engvall,Emma Slater,0.0,0.0,0.0,0.0,0.0,0.0,0.0,0.0,0.0,0.0,0.0,0.8819463509348887,-1.1179466849456678,1.532917836565978,-0.17025727765747814,-0.00884279797956782,-0.3230265338697995,0.5166493376706954,-0.5095272248994838,0.976111407911449
17,6,Bill Engvall,Emma Slater,0.0,0.0,0.0,0.0,0.0,0.0,0.0,0.0,0.0,0.0,0.0,0.8819463509348887,-1.1179466849456678,1.532917836565978,-0.503927922657571,-0.8828880205996049,-0.2920139091909688,-0.1922847686661223,-0.259578573367375,0.976111407911449
17,7,Bill Engvall,Emma Slater,0.0,0.0,0.0,0.0,0.0,0.0,0.0,0.0,0.0,0.0,0.0,0.8819463509348887,-1.1179466849456678,1.532917836565978,-0.503927922657571,-0.0878519595072675,-0.134689686393445,0.044065984028149485,-0.17625957889018942,0.976111407911449
17,8,Bill Engvall,Emma Slater,0.0,0.0,0.0,0.0,0.0,0.0,0.0,0.0,0.0,0.0,0.0,0.8819463509348887,-1.1179466849456678,1.532917836565978,-0.8375985676576638,-0.47499685099299566,0.07809473263031966,-0.42856463031279546,-0.17625124699074143,0.6625869508395678
17,9,Bill Engvall,Emma Slater,0.0,0.0,0.0,0.0,0.0,0.0,0.0,0.0,0.0,0.0,0.0,0.8819463509348887,-1.1179466849456678,1.532917836565978,-1.1712692126577566,-1.0938565420625477,0.2242396901923775,-0.9011716143045408,-0.5095272248994838,0.3490624937676864
17,10,Bill Engvall,Emma Slater,0.0,0.0,0.0,0.0,0.0,0.0,0.0,0.0,0.0,0.0,0.0,0.8819463509348887,-1.1179466849456678,1.532917836565978,-1.5049398576578494,-0.8054351670531475,0.8923309247617871,1.9344702896459318,-0.009613258036370276,0.03553803669580512
17,11,Bill Engvall,Emma Slater,0.0,0.0,0.0,0.0,0.0,0.0,0.0,0.0,0.0,0.0,0.0,0.8819463509348887,-1.1179466849456678,1.532917836565978,-1.8386105026579422,-0.3621754362212947,1.7916335554729763,-1.2556504826475505,0.3653138852115168,-0.2779864203760762
17,1,Bill Nye,Tyne Stecklein,0.0,0.0,0.0,0.0,0.0,0.0,0.0,0.0,0.0,0.0,0.0,2.687581263661326,-1.4528262721353111,1.6106461631692122,0.8307546573428003,-2.7712371862072924,-1.1550033467995477,-0.19226113831692276,-1.9259501310116385,2.230209236198974
17,2,Bill Nye,Tyne Stecklein,0.0,0.0,0.0,0.0,0.0,0.0,0.0,0.0,0.0,0.0,0.0,2.687581263661326,-1.4528262721353111,1.6106461631692122,0.8307546573428003,-1.6672754865850343,-0.9932686780689808,0.5166493376706954,-1.6759931475800818,2.230209236198974
17,3,Bill Nye,Tyne Stecklein,0.0,0.0,0.0,0.0,0.0,0.0,0.0,0.0,0.0,0.0,0.0,2.687581263661326,-1.4528262721353111,1.6106461631692122,0.4970840123427075,-2.1669634137824776,-1.013694067980353,-0.42856463031279546,-1.5093551586257106,1.6031603220552115
17,1,Brant Daugherty,Peta Murgatroyd,0.0,0.0,0.0,0.0,0.0,0.0,1.0,0.0,0.0,0.0,0.0,0.5650389989053509,-0.7384164861307391,-0.643475308324579,0.8307546573428003,-0.3541420965080334,-0.6069597559418288,-0.19226113831692276,-0.5928462193766693,0.3490624937676864
17,2,Brant Daugherty,Peta Murgatroyd,0.0,0.0,0.0,0.0,0.0,0.0,1.0,0.0,0.0,0.0,0.0,0.5650389989053509,-0.7384164861307391,-0.643475308324579,0.8307546573428003,0.21526972750765758,-0.5976883418107778,0.04404235367894996,-0.5095272248994838,0.6625869508395678
17,3,Brant Daugherty,Peta Murgatroyd,0.0,0.0,0.0,0.0,0.0,0.0,1.0,0.0,0.0,0.0,0.0,0.5650389989053509,-0.7384164861307391,-0.643475308324579,0.4970840123427075,1.156542334554004,-0.2571789935414625,0.7529528296665682,-0.09293225251355586,-1.2185597915917201
17,4,Brant Daugherty,Peta Murgatroyd,0.0,0.0,0.0,0.0,0.0,0.0,1.0,0.0,0.0,0.0,0.0,0.5650389989053509,-0.7384164861307391,-0.643475308324579,0.16341336734261466,-0.6562789827204404,-0.5601332465963919,-1.610082090292159,-0.259570241467927,0.976111407911449
17,5,Brant Daugherty,Peta Murgatroyd,0.0,0.0,0.0,0.0,0.0,0.0,1.0,0.0,0.0,0.0,0.0,0.5650389989053509,-0.7384164861307391,-0.643475308324579,-0.17025727765747814,0.8651960514206122,-0.09914489675345325,1.2255598136583135,-0.259570241467927,-0.5915108774479575
17,6,Brant Daugherty,Peta Murgatroyd,0.0,0.0,0.0,0.0,0.0,0.0,1.0,0.0,0.0,0.0,0.0,0.5650389989053509,-0.7384164861307391,-0.643475308324579,-0.503927922657571,0.9016390330392429,0.23943173257584033,0.7529528296665682,0.5736197033039288,-0.5915108774479575
17,7,Brant Daugherty,Peta Murgatroyd,0.0,0.0,0.0,0.0,0.0,0.0,1.0,0.0,0.0,0.0,0.0,0.5650389989053509,-0.7384164861307391,-0.643475308324579,-0.503927922657571,0.8800102692070547,0.1424249058235493,-0.7830198683066045,0.6985981950197071,-0.5915108774479575
17,8,Brant Daugherty,Peta Murgatroyd,0.0,0.0,0.0,0.0,0.0,0.0,1.0,0.0,0.0,0.0,0.0,0.5650389989053509,-0.7384164861307391,-0.643475308324579,-0.8375985676576638,0.3407727417805042,0.35211652805917903,-0.5467163763107318,0.3653222171109648,0.03553803669580512
17,1,Christina Milian,Mark Ballas,0.0,0.0,0.0,0.0,0.0,0.0,0.0,0.0,0.0,0.0,0.0,-0.7376853540665704,1.098637249309589,-0.4102903285148764,0.8307546573428003,-0.3541420965080334,-0.6069597559418288,-0.19226113831692276,-0.5928462193766693,0.3490624937676864
17,2,Christina Milian,Mark Ballas,0.0,0.0,0.0,0.0,0.0,0.0,0.0,0.0,0.0,0.0,0.0,-0.7376853540665704,1.098637249309589,-0.4102903285148764,0.8307546573428003,0.8427847988718888,-0.4658282297247101,0.5166493376706954,-0.34288923594511256,-0.9050353345198388
17,3,Christina Milian,Mark Ballas,0.0,0.0,0.0,0.0,0.0,0.0,0.0,0.0,0.0,0.0,0.0,-0.7376853540665704,1.098637249309589,-0.4102903285148764,0.4970840123427075,0.8544054483415953,-0.3259530912177255,0.04404235367894996,-0.009613258036370276,-0.9050353345198388
17,4,Christina Milian,Mark Ballas,0.0,0.0,0.0,0.0,0.0,0.0,0.0,0.0,0.0,0.0,0.0,-0.7376853540665704,1.098637249309589,-0.4102903285148764,0.16341336734261466,0.25013167591678137,-0.3381409059957964,-0.6648681223086682,-0.09293225251355586,-0.2779864203760762
17,5,Christina Milian,Mark Ballas,0.0,0.0,0.0,0.0,0.0,0.0,0.0,0.0,0.0,0.0,0.0,-0.7376853540665704,1.098637249309589,-0.4102903285148764,-0.17025727765747814,1.156542334554004,-0.024517684381339454,0.7529528296665682,0.0737057364408153,-1.2185597915917201
17,1,Corbin Bleu,Karina Smirnoff,0.0,0.0,0.0,0.0,0.0,0.0,0.0,0.0,0.0,0.0,0.0,0.16542456017042953,-0.2621432954610242,-0.9543886147375157,0.8307546573428003,0.25013167591678137,-0.4699488582273991,-0.19226113831692276,-0.259570241467927,-0.9050353345198388
17,2,Corbin Bleu,Karina Smirnoff,0.0,0.0,0.0,0.0,0.0,0.0,0.0,0.0,0.0,0.0,0.0,0.16542456017042953,-0.2621432954610242,-0.9543886147375157,0.8307546573428003,1.156542334554004,-0.3998981736816763,0.2803458456748227,-0.09293225251355586,-1.2185597915917201
17,3,Corbin Bleu,Karina Smirnoff,0.0,0.0,0.0,0.0,0.0,0.0,0.0,0.0,0.0,0.0,0.0,0.16542456017042953,-0.2621432954610242,-0.9543886147375157,0.4970840123427075,0.8544054483415953,-0.3259530912177255,-0.19226113831692276,0.0737057364408153,-0.9050353345198388
17,4,Corbin Bleu,Karina Smirnoff,0.0,0.0,0.0,0.0,0.0,0.0,0.0,0.0,0.0,0.0,0.0,0.16542456017042953,-0.2621432954610242,-0.9543886147375157,0.16341336734261466,1.156542334554004,-0.11614856539520246,0.04404235367894996,0.15702473091800087,-1.2185597915917201
17,5,Corbin Bleu,Karina Smirnoff,0.0,0.0,0.0,0.0,0.0,0.0,0.0,0.0,0.0,0.0,0.0,0.16542456017042953,-0.2621432954610242,-0.9543886147375157,-0.17025727765747814,1.156542334554004,-0.024517684381339454,0.04404235367894996,0.32366271987237205,-1.2185597915917201
17,6,Corbin Bleu,Karina Smirnoff,0.0,0.0,0.0,0.0,0.0,0.0,0.0,0.0,0.0,0.0,0.0,0.16542456017042953,-0.2621432954610242,-0.9543886147375157,-0.503927922657571,-0.11810163741700212,-0.06425474499325297,-0.42858826066199585,0.323654387972924,0.3490624937676864
17,7,Corbin Bleu,Karina Smirnoff,0.0,0.0,0.0,0.0,0.0,0.0,0.0,0.0,0.0,0.0,0.0,0.16542456017042953,-0.2621432954610242,-0.9543886147375157,-0.503927922657571,1.156542334554004,0.22160050359983452,0.39852122202195955,0.4486328796887024,-1.2185597915917201
17,8,Corbin Bleu,Karina Smirnoff,0.0,0.0,0.0,0.0,0.0,0.0,0.0,0.0,0.0,0.0,0.0,0.16542456017042953,-0.2621432954610242,-0.9543886147375157,-0.8375985676576638,1.156542334554004,0.6261383234880384,-0.0741093923189864,0.6985981950197071,-1.2185597915917201
17,9,Corbin Bleu,Karina Smirnoff,0.0,0.0,0.0,0.0,0.0,0.0,0.0,0.0,0.0,0.0,0.0,0.16542456017042953,-0.2621432954610242,-0.9543886147375157,-1.1712692126577566,1.156542334554004,1.1150280029515904,-0.42856463031279546,0.6569386977811144,-1.2185597915917201
17,10,Corbin Bleu,Karina Smirnoff,0.0,0.0,0.0,0.0,0.0,0.0,0.0,0.0,0.0,0.0,0.0,0.16542456017042953,-0.2621432954610242,-0.9543886147375157,-1.5049398576578494,0.7434944394788129,1.6439335636523718,1.8163185436479952,1.2818311563600062,-0.9050353345198388
17,11,Corbin Bleu,Karina Smirnoff,0.0,0.0,0.0,0.0,0.0,0.0,0.0,0.0,0.0,0.0,0.0,0.16542456017042953,-0.2621432954610242,-0.9543886147375157,-1.8386105026579422,0.7225857781745515,2.429798959674902,-2.043368173215791,1.3373549342796023,-0.9050353345198388
17,1,Elizabeth Berkley Lauren,Valentin Chmerkovskiy,0.0,0.0,0.0,0.0,0.0,0.0,0.0,0.0,0.0,0.0,0.0,-0.6948325792977572,1.0852084939335633,0.211536284310997,0.8307546573428003,0.25013167591678137,-0.4699488582273991,-0.19226113831692276,-0.259570241467927,-0.9050353345198388
17,2,Elizabeth Berkley Lauren,Valentin Chmerkovskiy,0.0,0.0,0.0,0.0,0.0,0.0,0.0,0.0,0.0,0.0,0.0,-0.6948325792977572,1.0852084939335633,0.211536284310997,0.8307546573428003,0.8427847988718888,-0.4658282297247101,0.04404235367894996,-0.17625124699074143,-0.9050353345198388
17,3,Elizabeth Berkley Lauren,Valentin Chmerkovskiy,0.0,0.0,0.0,0.0,0.0,0.0,0.0,0.0,0.0,0.0,0.0,-0.6948325792977572,1.0852084939335633,0.211536284310997,0.4970840123427075,0.5522685621291902,-0.39472718889398706,-0.19226113831692276,-0.09293225251355586,-0.2779864203760762
17,4,Elizabeth Berkley Lauren,Valentin Chmerkovskiy,0.0,0.0,0.0,0.0,0.0,0.0,0.0,0.0,0.0,0.0,0.0,-0.6948325792977572,1.0852084939335633,0.211536284310997,0.16341336734261466,1.156542334554004,-0.11614856539520246,0.2803458456748227,0.0737057364408153,-1.2185597915917201
17,5,Elizabeth Berkley Lauren,Valentin Chmerkovskiy,0.0,0.0,0.0,0.0,0.0,0.0,0.0,0.0,0.0,0.0,0.0,-0.6948325792977572,1.0852084939335633,0.211536284310997,-0.17025727765747814,0.5738497682872186,-0.1737721091255685,-0.42856463031279546,0.15702473091800087,0.3490624937676864
17,6,Elizabeth Berkley Lauren,Valentin Chmerkovskiy,0.0,0.0,0.0,0.0,0.0,0.0,0.0,0.0,0.0,0.0,0.0,-0.6948325792977572,1.0852084939335633,0.211536284310997,-0.503927922657571,1.1565168416745648,0.3153362700307996,1.2255125529599145,0.5736030395050333,-0.9050353345198388
17,7,Elizabeth Berkley Lauren,Valentin Chmerkovskiy,0.0,0.0,0.0,0.0,0.0,0.0,0.0,0.0,0.0,0.0,0.0,-0.6948325792977572,1.0852084939335633,0.211536284310997,-0.503927922657571,0.46521217118663116,0.023661509159123944,-1.3737313375978875,0.6569220339822189,0.03553803669580512
17,8,Elizabeth Berkley Lauren,Valentin Chmerkovskiy,0.0,0.0,0.0,0.0,0.0,0.0,0.0,0.0,0.0,0.0,0.0,-0.6948325792977572,1.0852084939335633,0.211536284310997,-0.8375985676576638,-0.20307365340182904,0.1694353311066053,-0.6648681223086682,0.0737057364408153,0.3490624937676864
17,9,Elizabeth Berkley Lauren,Valentin Chmerkovskiy,0.0,0.0,0.0,0.0,0.0,0.0,0.0,0.0,0.0,0.0,0.0,-0.6948325792977572,1.0852084939335633,0.211536284310997,-1.1712692126577566,0.8752424749769354,1.003679463856688,0.5166493376706954,0.15702473091800087,-0.9050353345198388
17,1,Jack Osbourne,Cheryl Burke,0.0,0.0,0.0,0.0,0.0,0.0,0.0,0.0,0.0,0.0,0.0,-0.3783131187639717,0.2617572142756622,-0.7212036349278131,0.8307546573428003,-0.05200521029562557,-0.538454307084614,-0.19226113831692276,-0.42620823042229816,-0.2779864203760762
17,2,Jack Osbourne,Cheryl Burke,0.0,0.0,0.0,0.0,0.0,0.0,0.0,0.0,0.0,0.0,0.0,-0.3783131187639717,0.2617572142756622,-0.7212036349278131,0.8307546573428003,0.5290272631897746,-0.531758285767744,0.04404235367894996,-0.34288923594511256,-0.2779864203760762
17,3,Jack Osbourne,Cheryl Burke,0.0,0.0,0.0,0.0,0.0,0.0,0.0,0.0,0.0,0.0,0.0,-0.3783131187639717,0.2617572142756622,-0.7212036349278131,0.4970840123427075,-0.3541420965080334,-0.6010494819227763,-0.6648681223086682,-0.42620823042229816,1.2896358649833304
17,4,Jack Osbourne,Cheryl Burke,0.0,0.0,0.0,0.0,0.0,0.0,0.0,0.0,0.0,0.0,0.0,-0.3783131187639717,0.2617572142756622,-0.7212036349278131,0.16341336734261466,0.25013167591678137,-0.3381409059957964,0.2803458456748227,-0.42620823042229816,-0.2779864203760762
17,5,Jack Osbourne,Cheryl Burke,0.0,0.0,0.0,0.0,0.0,0.0,0.0,0.0,0.0,0.0,0.0,-0.3783131187639717,0.2617572142756622,-0.7212036349278131,-0.17025727765747814,0.8651960514206122,-0.09914489675345325,0.5166493376706954,-0.009613258036370276,-0.5915108774479575
17,6,Jack Osbourne,Cheryl Burke,0.0,0.0,0.0,0.0,0.0,0.0,0.0,0.0,0.0,0.0,0.0,-0.3783131187639717,0.2617572142756622,-0.7212036349278131,-0.503927922657571,-0.1181271302964404,-0.06426233696539423,-0.19230839901532182,0.24032706159629105,0.6625869508395678
17,7,Jack Osbourne,Cheryl Burke,0.0,0.0,0.0,0.0,0.0,0.0,0.0,0.0,0.0,0.0,0.0,-0.3783131187639717,0.2617572142756622,-0.7212036349278131,-0.503927922657571,0.8800102692070547,0.1424249058235493,0.1622413603752854,0.36530555331206943,-0.5915108774479575
17,8,Jack Osbourne,Cheryl Burke,0.0,0.0,0.0,0.0,0.0,0.0,0.0,0.0,0.0,0.0,0.0,-0.3783131187639717,0.2617572142756622,-0.7212036349278131,-0.8375985676576638,1.156542334554004,0.6261383234880384,0.1621940996768863,0.6152792005425215,-1.2185597915917201
17,9,Jack Osbourne,Cheryl Burke,0.0,0.0,0.0,0.0,0.0,0.0,0.0,0.0,0.0,0.0,0.0,-0.3783131187639717,0.2617572142756622,-0.7212036349278131,-1.1712692126577566,0.5939426153998668,0.8923309247617871,-0.9011716143045408,0.4903007088267432,-0.5915108774479575
17,10,Jack Osbourne,Cheryl Burke,0.0,0.0,0.0,0.0,0.0,0.0,0.0,0.0,0.0,0.0,0.0,-0.3783131187639717,0.2617572142756622,-0.7212036349278131,-1.5049398576578494,0.33044654440362436,1.4435061932815494,1.8163185436479952,0.9485551784512638,-0.5915108774479575
17,11,Jack Osbourne,Cheryl Burke,0.0,0.0,0.0,0.0,0.0,0.0,0.0,0.0,0.0,0.0,0.0,-0.3783131187639717,0.2617572142756622,-0.7212036349278131,-1.8386105026579422,0.28870732772676966,2.174548114576496,-1.9645609586351684,1.0318658410290014,-0.5915108774479575
17,1,Keyshawn Johnson,Sharna Burgess,0.0,0.0,0.0,1.0,0.0,0.0,0.0,0.0,0.0,0.0,0.0,0.0765173665408801,0.4607713689483641,0.36699293751746537,0.8307546573428003,-1.86482652757007,-0.9494870002279031,-0.19226113831692276,-1.426036164148525,1.916684779127093
17,2,Keyshawn Johnson,Sharna Burgess,0.0,0.0,0.0,1.0,0.0,0.0,0.0,0.0,0.0,0.0,0.0,0.0765173665408801,0.4607713689483641,0.36699293751746537,0.8307546573428003,-1.3535179509029192,-0.927338622025947,0.04404235367894996,-1.3427171696713396,1.916684779127093
17,1,Leah Remini,Tony Dovolani,0.0,0.0,0.0,0.0,0.0,0.0,0.0,0.0,0.0,0.0,0.0,0.722264351850238,-0.6873872157018412,0.5224495907239337,0.8307546573428003,-0.6562789827204404,-0.6754652047990437,-0.19226113831692276,-0.7594842083310405,0.976111407911449
17,2,Leah Remini,Tony Dovolani,0.0,0.0,0.0,0.0,0.0,0.0,0.0,0.0,0.0,0.0,0.0,0.722264351850238,-0.6873872157018412,0.5224495907239337,0.8307546573428003,0.5290272631897746,-0.531758285767744,0.5166493376706954,-0.5095272248994838,-0.2779864203760762
17,3,Leah Remini,Tony Dovolani,0.0,0.0,0.0,0.0,0.0,0.0,0.0,0.0,0.0,0.0,0.0,0.722264351850238,-0.6873872157018412,0.5224495907239337,0.4970840123427075,0.25013167591678137,-0.46350128657025,-0.19226113831692276,-0.259570241467927,0.3490624937676864
17,4,Leah Remini,Tony Dovolani,0.0,0.0,0.0,0.0,0.0,0.0,0.0,0.0,0.0,0.0,0.0,0.722264351850238,-0.6873872157018412,0.5224495907239337,0.16341336734261466,0.25013167591678137,-0.3381409059957964,-0.19226113831692276,-0.259570241467927,-0.2779864203760762
17,5,Leah Remini,Tony Dovolani,0.0,0.0,0.0,0.0,0.0,0.0,0.0,0.0,0.0,0.0,0.0,0.722264351850238,-0.6873872157018412,0.5224495907239337,-0.17025727765747814,-0.5915353642463533,-0.4722809586140285,-0.6648681223086682,-0.42620823042229816,1.2896358649833304
17,6,Leah Remini,Tony Dovolani,0.0,0.0,0.0,0.0,0.0,0.0,0.0,0.0,0.0,0.0,0.0,0.722264351850238,-0.6873872157018412,0.5224495907239337,-0.503927922657571,0.1368271569771991,0.011664976405985166,1.2255361833091132,-0.09294058441300385,0.03553803669580512
17,7,Leah Remini,Tony Dovolani,0.0,0.0,0.0,0.0,0.0,0.0,0.0,0.0,0.0,0.0,0.0,0.722264351850238,-0.6873872157018412,0.5224495907239337,-0.503927922657571,0.32694613851315696,-0.01592628972901963,-0.5466927459615315,0.28199489073433126,0.6625869508395678
17,8,Leah Remini,Tony Dovolani,0.0,0.0,0.0,0.0,0.0,0.0,0.0,0.0,0.0,0.0,0.0,0.722264351850238,-0.6873872157018412,0.5224495907239337,-0.8375985676576638,0.6126959393716699,0.4434571265354647,0.1621940996768863,0.28200322263377925,-0.5915108774479575
17,9,Leah Remini,Tony Dovolani,0.0,0.0,0.0,0.0,0.0,0.0,0.0,0.0,0.0,0.0,0.0,0.722264351850238,-0.6873872157018412,0.5224495907239337,-1.1712692126577566,0.5939426153998668,0.8923309247617871,-0.42856463031279546,0.32366271987237205,-0.5915108774479575
17,10,Leah Remini,Tony Dovolani,0.0,0.0,0.0,0.0,0.0,0.0,0.0,0.0,0.0,0.0,0.0,0.722264351850238,-0.6873872157018412,0.5224495907239337,-1.5049398576578494,-0.2891252982091601,1.1428651377253158,1.107408067660377,0.6985981950197071,-0.2779864203760762
17,1,"Nicole ""Snooki"" Polizzi",Sasha Farber,0.0,0.0,0.0,0.0,0.0,0.0,0.0,0.0,0.0,0.0,0.0,-0.21126118126002927,-0.5598140396295962,-0.8766602881342814,0.8307546573428003,-0.05200521029562557,-0.538454307084614,-0.19226113831692276,-0.42620823042229816,-0.2779864203760762
17,2,"Nicole ""Snooki"" Polizzi",Sasha Farber,0.0,0.0,0.0,0.0,0.0,0.0,0.0,0.0,0.0,0.0,0.0,-0.21126118126002927,-0.5598140396295962,-0.8766602881342814,0.8307546573428003,-0.7260028795386879,-0.7954785099398793,-0.9011716143045408,-0.6761652138538549,1.2896358649833304
17,3,"Nicole ""Snooki"" Polizzi",Sasha Farber,0.0,0.0,0.0,0.0,0.0,0.0,0.0,0.0,0.0,0.0,0.0,-0.21126118126002927,-0.5598140396295962,-0.8766602881342814,0.4970840123427075,0.5522685621291902,-0.39472718889398706,0.9892563216624407,-0.5095272248994838,-0.2779864203760762
17,4,"Nicole ""Snooki"" Polizzi",Sasha Farber,0.0,0.0,0.0,0.0,0.0,0.0,0.0,0.0,0.0,0.0,0.0,-0.21126118126002927,-0.5598140396295962,-0.8766602881342814,0.16341336734261466,0.25013167591678137,-0.3381409059957964,-0.42856463031279546,-0.17625124699074143,-0.2779864203760762
17,5,"Nicole ""Snooki"" Polizzi",Sasha Farber,0.0,0.0,0.0,0.0,0.0,0.0,0.0,0.0,0.0,0.0,0.0,-0.21126118126002927,-0.5598140396295962,-0.8766602881342814,-0.17025727765747814,0.8651960514206122,-0.09914489675345325,0.5166493376706954,-0.009613258036370276,-0.5915108774479575
17,6,"Nicole ""Snooki"" Polizzi",Sasha Farber,0.0,0.0,0.0,0.0,0.0,0.0,0.0,0.0,0.0,0.0,0.0,-0.21126118126002927,-0.5598140396295962,-0.8766602881342814,-0.503927922657571,0.6467102386450416,0.16351201117660244,0.5166493376706954,0.4903007088267432,-0.2779864203760762
17,7,"Nicole ""Snooki"" Polizzi",Sasha Farber,0.0,0.0,0.0,0.0,0.0,0.0,0.0,0.0,0.0,0.0,0.0,-0.21126118126002927,-0.5598140396295962,-0.8766602881342814,-0.503927922657571,0.46521217118663116,0.023661509159123944,-0.9011716143045408,0.4903007088267432,0.03553803669580512
17,1,Valerie Harper,Tristan MacManus,0.0,0.0,0.0,0.0,0.0,0.0,0.0,0.0,0.0,0.0,0.0,1.8621481607006687,-1.4528262721353111,2.9320277154241934,0.8307546573428003,-0.6562789827204404,-0.6754652047990437,-0.19226113831692276,-0.7594842083310405,0.976111407911449
17,2,Valerie Harper,Tristan MacManus,0.0,0.0,0.0,0.0,0.0,0.0,0.0,0.0,0.0,0.0,0.0,1.8621481607006687,-1.4528262721353111,2.9320277154241934,0.8307546573428003,-1.039760415220804,-0.8614085659829132,-0.6648681223086682,-0.9261221972854116,1.6031603220552115
17,3,Valerie Harper,Tristan MacManus,0.0,0.0,0.0,0.0,0.0,0.0,0.0,0.0,0.0,0.0,0.0,1.8621481607006687,-1.4528262721353111,2.9320277154241934,0.4970840123427075,-2.1669634137824776,-1.013694067980353,-0.9011716143045408,-1.3427171696713396,1.6031603220552115
17,4,Valerie Harper,Tristan MacManus,0.0,0.0,0.0,0.0,0.0,0.0,0.0,0.0,0.0,0.0,0.0,1.8621481607006687,-1.4528262721353111,2.9320277154241934,0.16341336734261466,-1.562689641357663,-0.7821255871969858,0.2803458456748227,-1.426036164148525,1.6031603220552115
18,1,Amy Purdy,Derek Hough,0.0,0.0,0.0,0.0,0.0,0.0,0.0,0.0,0.0,0.0,0.0,-2.063861387834893,1.3838008193534315,-0.1771053487051739,0.8307546573428003,0.25013167591678137,-0.5076007079809829,-0.19226113831692276,-0.259570241467927,-0.5915108774479575
18,2,Amy Purdy,Derek Hough,0.0,0.0,0.0,0.0,0.0,0.0,0.0,0.0,0.0,0.0,0.0,-2.063861387834893,1.3838008193534315,-0.1771053487051739,0.4970840123427075,0.8302344974446038,-0.3890899677729819,-0.19226113831692276,-0.259570241467927,-0.2779864203760762
18,3,Amy Purdy,Derek Hough,0.0,0.0,0.0,0.0,0.0,0.0,0.0,0.0,0.0,0.0,0.0,-2.063861387834893,1.3838008193534315,-0.1771053487051739,-0.17025727765747814,0.5290272631897746,-0.08402748717324998,2.64338076563355,0.7402576922583,-0.9050353345198388
18,4,Amy Purdy,Derek Hough,0.0,0.0,0.0,0.0,0.0,0.0,0.0,0.0,0.0,0.0,0.0,-2.063861387834893,1.3838008193534315,-0.1771053487051739,-0.17025727765747814,0.11068388228028614,-0.10643172893793719,-0.6648681223086682,1.5734476370301556,-0.5915108774479575
18,5,Amy Purdy,Derek Hough,0.0,0.0,0.0,0.0,0.0,0.0,0.0,0.0,0.0,0.0,0.0,-2.063861387834893,1.3838008193534315,-0.1771053487051739,-0.17025727765747814,0.5447151399738793,-0.09891313522434811,0.5166493376706954,1.6567666315073413,-0.5915108774479575
18,6,Amy Purdy,Derek Hough,0.0,0.0,0.0,0.0,0.0,0.0,0.0,0.0,0.0,0.0,0.0,-2.063861387834893,1.3838008193534315,-0.1771053487051739,-0.503927922657571,0.7486575381672537,0.24911542764974964,0.04404235367894996,1.9900426094160835,-0.9050353345198388
18,7,Amy Purdy,Derek Hough,0.0,0.0,0.0,0.0,0.0,0.0,0.0,0.0,0.0,0.0,0.0,-2.063861387834893,1.3838008193534315,-0.1771053487051739,-0.8375985676576638,0.8427847988718888,0.4853366104218262,-0.3104128843148591,2.0317021066546763,-0.9050353345198388
18,8,Amy Purdy,Derek Hough,0.0,0.0,0.0,0.0,0.0,0.0,0.0,0.0,0.0,0.0,0.0,-2.063861387834893,1.3838008193534315,-0.1771053487051739,-1.1712692126577566,1.156542334554004,0.9898840696325406,0.39849759167275906,2.1983400956090473,-1.2185597915917201
18,9,Amy Purdy,Derek Hough,0.0,0.0,0.0,0.0,0.0,0.0,0.0,0.0,0.0,0.0,0.0,-2.063861387834893,1.3838008193534315,-0.1771053487051739,-1.5049398576578494,0.9525999363606288,1.4668544078928103,-0.42856463031279546,2.3233185873248257,-0.9050353345198388
18,10,Amy Purdy,Derek Hough,0.0,0.0,0.0,0.0,0.0,0.0,0.0,0.0,0.0,0.0,0.0,-2.063861387834893,1.3838008193534315,-0.1771053487051739,-1.8386105026579422,1.06588314047711,2.4232118491906824,-2.3977761505112,1.4623500897942767,-0.9050353345198388
18,1,Billy Dee Williams,Emma Slater,0.0,0.0,0.0,0.0,0.0,0.0,0.0,0.0,0.0,0.0,0.0,0.8819463509348887,-1.1179466849456678,3.0874843686306614,0.8307546573428003,-2.4691002999948846,-1.1100303040383237,-0.19226113831692276,-1.7593121420572673,2.230209236198974
18,2,Billy Dee Williams,Emma Slater,0.0,0.0,0.0,0.0,0.0,0.0,0.0,0.0,0.0,0.0,0.0,0.8819463509348887,-1.1179466849456678,3.0874843686306614,0.4970840123427075,-2.106536036539996,-1.035961091408323,-0.19226113831692276,-1.7593121420572673,1.916684779127093
18,1,Candace Cameron Bure,Mark Ballas,0.0,0.0,0.0,1.0,0.0,0.0,0.0,0.0,0.0,0.0,0.0,-0.7376853540665704,1.098637249309589,0.05607963110452864,0.8307546573428003,0.5522685621291902,-0.4406640861968354,-0.19226113831692276,-0.09293225251355586,-0.9050353345198388
18,2,Candace Cameron Bure,Mark Ballas,0.0,0.0,0.0,1.0,0.0,0.0,0.0,0.0,0.0,0.0,0.0,-0.7376853540665704,1.098637249309589,0.05607963110452864,0.4970840123427075,-0.14868901388359626,-0.6047136756514284,-1.1374751063004138,-0.42620823042229816,0.6625869508395678
18,3,Candace Cameron Bure,Mark Ballas,0.0,0.0,0.0,1.0,0.0,0.0,0.0,0.0,0.0,0.0,0.0,-0.7376853540665704,1.098637249309589,0.05607963110452864,-0.17025727765747814,-0.3076594986292014,-0.30958883646517377,2.407077273637677,0.15702473091800087,0.6625869508395678
18,4,Candace Cameron Bure,Mark Ballas,0.0,0.0,0.0,1.0,0.0,0.0,0.0,0.0,0.0,0.0,0.0,-0.7376853540665704,1.098637249309589,0.05607963110452864,-0.17025727765747814,-1.1443462604481756,-0.4607225351489878,-1.1374751063004138,0.7402576922583,1.2896358649833304
18,5,Candace Cameron Bure,Mark Ballas,0.0,0.0,0.0,1.0,0.0,0.0,0.0,0.0,0.0,0.0,0.0,-0.7376853540665704,1.098637249309589,0.05607963110452864,-0.17025727765747814,0.136830343587129,-0.20784105390414312,1.461863305654186,0.9902146756898567,0.6625869508395678
18,6,Candace Cameron Bure,Mark Ballas,0.0,0.0,0.0,1.0,0.0,0.0,0.0,0.0,0.0,0.0,0.0,-0.7376853540665704,1.098637249309589,0.05607963110452864,-0.503927922657571,-0.47499685099299566,-0.12402063421082565,-0.9011716143045408,1.3234906535985989,0.6625869508395678
18,7,Candace Cameron Bure,Mark Ballas,0.0,0.0,0.0,1.0,0.0,0.0,0.0,0.0,0.0,0.0,0.0,-0.7376853540665704,1.098637249309589,0.05607963110452864,-0.8375985676576638,0.7381989536445174,0.450677727205527,0.9892563216624407,1.49012864255297,-0.5915108774479575
18,8,Candace Cameron Bure,Mark Ballas,0.0,0.0,0.0,1.0,0.0,0.0,0.0,0.0,0.0,0.0,0.0,-0.7376853540665704,1.098637249309589,0.05607963110452864,-1.1712692126577566,0.3407727417805042,0.6794876995892323,-0.42856463031279546,1.8234046204617125,-0.2779864203760762
18,9,Candace Cameron Bure,Mark Ballas,0.0,0.0,0.0,1.0,0.0,0.0,0.0,0.0,0.0,0.0,0.0,-0.7376853540665704,1.098637249309589,0.05607963110452864,-1.5049398576578494,0.3407727417805042,1.191397943377936,-0.19226113831692276,1.7400856259845268,0.03553803669580512
18,10,Candace Cameron Bure,Mark Ballas,0.0,0.0,0.0,1.0,0.0,0.0,0.0,0.0,0.0,0.0,0.0,-0.7376853540665704,1.098637249309589,0.05607963110452864,-1.8386105026579422,0.06879515954981898,1.8624013620154782,-2.5553433189740486,0.9068790174137756,-0.2779864203760762
18,1,Charlie White,Sharna Burgess,0.0,0.0,0.0,0.0,0.0,0.0,0.0,0.0,0.0,0.0,0.0,0.0765173665408801,0.4607713689483641,-0.7989319615310473,0.8307546573428003,1.156542334554004,-0.3067908426285367,-0.19226113831692276,0.24034372539518645,-1.2185597915917201
18,2,Charlie White,Sharna Burgess,0.0,0.0,0.0,0.0,0.0,0.0,0.0,0.0,0.0,0.0,0.0,0.0765173665408801,0.4607713689483641,-0.7989319615310473,0.4970840123427075,1.156542334554004,-0.3172153984801665,-0.6648681223086682,0.0737057364408153,-1.2185597915917201
18,3,Charlie White,Sharna Burgess,0.0,0.0,0.0,0.0,0.0,0.0,0.0,0.0,0.0,0.0,0.0,0.0765173665408801,0.4607713689483641,-0.7989319615310473,-0.17025727765747814,0.5290272631897746,-0.08402748717324998,2.407077273637677,0.8235766867354855,-0.9050353345198388
18,4,Charlie White,Sharna Burgess,0.0,0.0,0.0,0.0,0.0,0.0,0.0,0.0,0.0,0.0,0.0,0.0765173665408801,0.4607713689483641,-0.7989319615310473,-0.17025727765747814,-0.09848780817445761,-0.1654801966397777,-0.9011716143045408,1.49012864255297,-0.2779864203760762
18,5,Charlie White,Sharna Burgess,0.0,0.0,0.0,0.0,0.0,0.0,0.0,0.0,0.0,0.0,0.0,0.0765173665408801,0.4607713689483641,-0.7989319615310473,-0.17025727765747814,0.5447151399738793,-0.09891313522434811,0.7529528296665682,1.5734476370301556,-0.5915108774479575
18,6,Charlie White,Sharna Burgess,0.0,0.0,0.0,0.0,0.0,0.0,0.0,0.0,0.0,0.0,0.0,0.0765173665408801,0.4607713689483641,-0.7989319615310473,-0.503927922657571,0.3407727417805042,0.1247367403628913,-0.42856463031279546,1.8234046204617125,-0.5915108774479575
18,7,Charlie White,Sharna Burgess,0.0,0.0,0.0,0.0,0.0,0.0,0.0,0.0,0.0,0.0,0.0,0.0765173665408801,0.4607713689483641,-0.7989319615310473,-0.8375985676576638,0.4244414179624013,0.3467010775566319,-0.3104128843148591,1.6984261287459341,0.03553803669580512
18,8,Charlie White,Sharna Burgess,0.0,0.0,0.0,0.0,0.0,0.0,0.0,0.0,0.0,0.0,0.0,0.0765173665408801,0.4607713689483641,-0.7989319615310473,-1.1712692126577566,1.156542334554004,0.9898840696325406,0.8711045756645045,2.0317021066546763,-1.2185597915917201
18,9,Charlie White,Sharna Burgess,0.0,0.0,0.0,0.0,0.0,0.0,0.0,0.0,0.0,0.0,0.0,0.0765173665408801,0.4607713689483641,-0.7989319615310473,-1.5049398576578494,0.7486575381672537,1.3750355863878525,-0.6648681223086682,2.2399995928476404,-0.5915108774479575
18,1,Cody Simpson,Witney Carson,0.0,0.0,0.0,0.0,0.0,0.0,0.0,0.0,0.0,0.0,0.0,-0.5551916408269696,0.4607713689483641,-1.498486900960155,0.8307546573428003,-0.3541420965080334,-0.6414739515492818,-0.19226113831692276,-0.5928462193766693,0.3490624937676864
18,2,Cody Simpson,Witney Carson,0.0,0.0,0.0,0.0,0.0,0.0,0.0,0.0,0.0,0.0,0.0,-0.5551916408269696,0.4607713689483641,-1.498486900960155,0.4970840123427075,0.17761882322580402,-0.532839106358613,-0.19226113831692276,-0.5928462193766693,0.3490624937676864
18,3,Cody Simpson,Witney Carson,0.0,0.0,0.0,0.0,0.0,0.0,0.0,0.0,0.0,0.0,0.0,-0.5551916408269696,0.4607713689483641,-1.498486900960155,-0.17025727765747814,0.3198555727350299,-0.14041782449623086,2.879684257629423,0.4903007088267432,0.3490624937676864
18,4,Cody Simpson,Witney Carson,0.0,0.0,0.0,0.0,0.0,0.0,0.0,0.0,0.0,0.0,0.0,-0.5551916408269696,0.4607713689483641,-1.498486900960155,-0.17025727765747814,-0.5168311890839451,-0.28357713204346235,-1.1374751063004138,1.2401716591214134,0.976111407911449
18,5,Cody Simpson,Witney Carson,0.0,0.0,0.0,0.0,0.0,0.0,0.0,0.0,0.0,0.0,0.0,-0.5551916408269696,0.4607713689483641,-1.498486900960155,-0.17025727765747814,-0.06711205460624618,-0.2623050132440405,0.5166493376706954,1.1568526646442279,0.976111407911449
18,1,Danica McKellar,Valentin Chmerkovskiy,0.0,0.0,0.0,1.0,0.0,0.0,0.0,0.0,0.0,0.0,0.0,-0.6948325792977572,1.0852084939335633,0.211536284310997,0.8307546573428003,0.25013167591678137,-0.5076007079809829,-0.19226113831692276,-0.259570241467927,-0.5915108774479575
18,2,Danica McKellar,Valentin Chmerkovskiy,0.0,0.0,0.0,1.0,0.0,0.0,0.0,0.0,0.0,0.0,0.0,-0.6948325792977572,1.0852084939335633,0.211536284310997,0.4970840123427075,0.8302344974446038,-0.3890899677729819,-0.19226113831692276,-0.259570241467927,-0.2779864203760762
18,3,Danica McKellar,Valentin Chmerkovskiy,0.0,0.0,0.0,1.0,0.0,0.0,0.0,0.0,0.0,0.0,0.0,-0.6948325792977572,1.0852084939335633,0.211536284310997,-0.17025727765747814,0.5290272631897746,-0.08402748717324998,2.64338076563355,0.7402576922583,-0.9050353345198388
18,4,Danica McKellar,Valentin Chmerkovskiy,0.0,0.0,0.0,1.0,0.0,0.0,0.0,0.0,0.0,0.0,0.0,-0.6948325792977572,1.0852084939335633,0.211536284310997,-0.17025727765747814,-0.3076594986292014,-0.22452866434162017,-1.1374751063004138,1.4068096480757846,0.3490624937676864
18,5,Danica McKellar,Valentin Chmerkovskiy,0.0,0.0,0.0,1.0,0.0,0.0,0.0,0.0,0.0,0.0,0.0,-0.6948325792977572,1.0852084939335633,0.211536284310997,-0.17025727765747814,0.9525999363606288,0.010014783455446895,1.461863305654186,1.6567666315073413,-0.9050353345198388
18,6,Danica McKellar,Valentin Chmerkovskiy,0.0,0.0,0.0,1.0,0.0,0.0,0.0,0.0,0.0,0.0,0.0,-0.6948325792977572,1.0852084939335633,0.211536284310997,-0.503927922657571,0.3407727417805042,0.1247367403628913,-0.9011716143045408,1.9900426094160835,-0.5915108774479575
18,7,Danica McKellar,Valentin Chmerkovskiy,0.0,0.0,0.0,1.0,0.0,0.0,0.0,0.0,0.0,0.0,0.0,-0.6948325792977572,1.0852084939335633,0.211536284310997,-0.8375985676576638,0.5290272631897746,0.38135996077293105,-0.19226113831692276,1.7400856259845268,-0.2779864203760762
18,8,Danica McKellar,Valentin Chmerkovskiy,0.0,0.0,0.0,1.0,0.0,0.0,0.0,0.0,0.0,0.0,0.0,-0.6948325792977572,1.0852084939335633,0.211536284310997,-1.1712692126577566,0.7486575381672537,0.8346858846108874,0.2803458456748227,1.906723614938898,-0.5915108774479575
18,1,Diana Nyad,Henry Byalikov,0.0,0.0,0.0,0.0,0.0,0.0,0.0,0.0,0.0,0.0,0.0,3.2771763372046525,-1.4528262721353111,2.1547444493918513,0.8307546573428003,-1.562689641357663,-0.9092204386858774,-0.19226113831692276,-1.2593981751941539,1.916684779127093
18,1,Drew Carey,Cheryl Burke,0.0,0.0,0.0,0.0,0.0,0.0,1.0,0.0,0.0,0.0,0.0,-0.3783131187639717,0.2617572142756622,1.4551895099627439,0.8307546573428003,-0.6562789827204404,-0.708410573333431,-0.19226113831692276,-0.7594842083310405,0.6625869508395678
18,2,Drew Carey,Cheryl Burke,0.0,0.0,0.0,0.0,0.0,0.0,1.0,0.0,0.0,0.0,0.0,-0.3783131187639717,0.2617572142756622,1.4551895099627439,0.4970840123427075,-0.14868901388359626,-0.6047136756514284,-0.19226113831692276,-0.7594842083310405,0.6625869508395678
18,3,Drew Carey,Cheryl Burke,0.0,0.0,0.0,0.0,0.0,0.0,1.0,0.0,0.0,0.0,0.0,-0.3783131187639717,0.2617572142756622,1.4551895099627439,-0.17025727765747814,-0.7260028795386879,-0.42236951111113574,1.9344702896459318,-0.009613258036370276,1.2896358649833304
18,4,Drew Carey,Cheryl Burke,0.0,0.0,0.0,0.0,0.0,0.0,1.0,0.0,0.0,0.0,0.0,-0.3783131187639717,0.2617572142756622,1.4551895099627439,-0.17025727765747814,-0.09848780817445761,-0.1654801966397777,0.5166493376706954,0.9902146756898567,-0.2779864203760762
18,5,Drew Carey,Cheryl Burke,0.0,0.0,0.0,0.0,0.0,0.0,1.0,0.0,0.0,0.0,0.0,-0.3783131187639717,0.2617572142756622,1.4551895099627439,-0.17025727765747814,-1.2907664437664963,-0.5890887692834255,-1.3737785982962865,0.8235766867354855,1.2896358649833304
18,6,Drew Carey,Cheryl Burke,0.0,0.0,0.0,0.0,0.0,0.0,1.0,0.0,0.0,0.0,0.0,-0.3783131187639717,0.2617572142756622,1.4551895099627439,-0.503927922657571,-0.47499685099299566,-0.12402063421082565,0.7529528296665682,0.7402576922583,0.6625869508395678
18,1,James Maslow,Peta Murgatroyd,0.0,0.0,0.0,0.0,0.0,0.0,0.0,0.0,0.0,0.0,0.0,0.5650389989053509,-0.7384164861307391,-1.0321169413407498,0.8307546573428003,-0.6562789827204404,-0.708410573333431,-0.19226113831692276,-0.7594842083310405,0.6625869508395678
18,2,James Maslow,Peta Murgatroyd,0.0,0.0,0.0,0.0,0.0,0.0,0.0,0.0,0.0,0.0,0.0,0.5650389989053509,-0.7384164861307391,-1.0321169413407498,0.4970840123427075,1.156542334554004,-0.3172153984801665,0.7529528296665682,-0.42620823042229816,-1.2185597915917201
18,3,James Maslow,Peta Murgatroyd,0.0,0.0,0.0,0.0,0.0,0.0,0.0,0.0,0.0,0.0,0.0,0.5650389989053509,-0.7384164861307391,-1.0321169413407498,-0.17025727765747814,0.5290272631897746,-0.08402748717324998,2.407077273637677,0.8235766867354855,-0.9050353345198388
18,4,James Maslow,Peta Murgatroyd,0.0,0.0,0.0,0.0,0.0,0.0,0.0,0.0,0.0,0.0,0.0,0.5650389989053509,-0.7384164861307391,-1.0321169413407498,-0.17025727765747814,0.3198555727350299,-0.047383261236094966,-0.42856463031279546,1.6567666315073413,-0.9050353345198388
18,5,James Maslow,Peta Murgatroyd,0.0,0.0,0.0,0.0,0.0,0.0,0.0,0.0,0.0,0.0,0.0,0.5650389989053509,-0.7384164861307391,-1.0321169413407498,-0.17025727765747814,1.156542334554004,0.06447874279534452,0.9892563216624407,1.9900426094160835,-1.2185597915917201
18,6,James Maslow,Peta Murgatroyd,0.0,0.0,0.0,0.0,0.0,0.0,0.0,0.0,0.0,0.0,0.0,0.5650389989053509,-0.7384164861307391,-1.0321169413407498,-0.503927922657571,0.136830343587129,0.06254739671946115,-1.3737785982962865,1.9900426094160835,0.03553803669580512
18,7,James Maslow,Peta Murgatroyd,0.0,0.0,0.0,0.0,0.0,0.0,0.0,0.0,0.0,0.0,0.0,0.5650389989053509,-0.7384164861307391,-1.0321169413407498,-0.8375985676576638,0.3198555727350299,0.31204219434033414,-0.19226113831692276,1.5734476370301556,0.3490624937676864
18,8,James Maslow,Peta Murgatroyd,0.0,0.0,0.0,0.0,0.0,0.0,0.0,0.0,0.0,0.0,0.0,0.5650389989053509,-0.7384164861307391,-1.0321169413407498,-1.1712692126577566,0.3407727417805042,0.6794876995892323,0.04404235367894996,1.6567666315073413,-0.2779864203760762
18,9,James Maslow,Peta Murgatroyd,0.0,0.0,0.0,0.0,0.0,0.0,0.0,0.0,0.0,0.0,0.0,0.5650389989053509,-0.7384164861307391,-1.0321169413407498,-1.5049398576578494,0.7486575381672537,1.3750355863878525,0.2803458456748227,1.906723614938898,-0.5915108774479575
18,10,James Maslow,Peta Murgatroyd,0.0,0.0,0.0,0.0,0.0,0.0,0.0,0.0,0.0,0.0,0.0,0.5650389989053509,-0.7384164861307391,-1.0321169413407498,-1.8386105026579422,0.8846191369628383,2.321260209954566,-2.318992566279777,1.3234906535985989,-0.5915108774479575
18,1,Meryl Davis,Maksim Chmerkoskiy,0.0,0.0,0.0,0.0,0.0,0.0,0.0,0.0,0.0,0.0,0.0,-0.26039410405530633,0.12307766758065668,-0.7212036349278131,0.8307546573428003,0.25013167591678137,-0.5076007079809829,-0.19226113831692276,-0.259570241467927,-0.5915108774479575
18,2,Meryl Davis,Maksim Chmerkoskiy,0.0,0.0,0.0,0.0,0.0,0.0,0.0,0.0,0.0,0.0,0.0,-0.26039410405530633,0.12307766758065668,-0.7212036349278131,0.4970840123427075,1.156542334554004,-0.3172153984801665,0.04404235367894996,-0.17625124699074143,-1.2185597915917201
18,3,Meryl Davis,Maksim Chmerkoskiy,0.0,0.0,0.0,0.0,0.0,0.0,0.0,0.0,0.0,0.0,0.0,-0.26039410405530633,0.12307766758065668,-0.7212036349278131,-0.17025727765747814,1.156542334554004,0.0851435247956912,3.1159877496252952,1.0735336701670422,-1.2185597915917201
18,4,Meryl Davis,Maksim Chmerkoskiy,0.0,0.0,0.0,0.0,0.0,0.0,0.0,0.0,0.0,0.0,0.0,-0.26039410405530633,0.12307766758065668,-0.7212036349278131,-0.17025727765747814,1.156542334554004,0.1888106095712727,-0.19226113831692276,2.2399995928476404,-1.2185597915917201
18,5,Meryl Davis,Maksim Chmerkoskiy,0.0,0.0,0.0,0.0,0.0,0.0,0.0,0.0,0.0,0.0,0.0,-0.26039410405530633,0.12307766758065668,-0.7212036349278131,-0.17025727765747814,0.3407727417805042,-0.1533770945642455,-0.9011716143045408,1.9900426094160835,0.03553803669580512
18,6,Meryl Davis,Maksim Chmerkoskiy,0.0,0.0,0.0,0.0,0.0,0.0,0.0,0.0,0.0,0.0,0.0,-0.26039410405530633,0.12307766758065668,-0.7212036349278131,-0.503927922657571,1.156542334554004,0.3734941149366065,0.7529528296665682,2.073361603893269,-1.2185597915917201
18,7,Meryl Davis,Maksim Chmerkoskiy,0.0,0.0,0.0,0.0,0.0,0.0,0.0,0.0,0.0,0.0,0.0,-0.26039410405530633,0.12307766758065668,-0.7212036349278131,-0.8375985676576638,1.156542334554004,0.5893132600707214,-0.42856463031279546,2.3233185873248257,-1.2185597915917201
18,8,Meryl Davis,Maksim Chmerkoskiy,0.0,0.0,0.0,0.0,0.0,0.0,0.0,0.0,0.0,0.0,0.0,-0.26039410405530633,0.12307766758065668,-0.7212036349278131,-1.1712692126577566,0.3407727417805042,0.6794876995892323,-0.9011716143045408,1.9900426094160835,-0.2779864203760762
18,9,Meryl Davis,Maksim Chmerkoskiy,0.0,0.0,0.0,0.0,0.0,0.0,0.0,0.0,0.0,0.0,0.0,-0.26039410405530633,0.12307766758065668,-0.7212036349278131,-1.5049398576578494,1.156542334554004,1.5586732293977694,0.7529528296665682,2.073361603893269,-1.2185597915917201
18,10,Meryl Davis,Maksim Chmerkoskiy,0.0,0.0,0.0,0.0,0.0,0.0,0.0,0.0,0.0,0.0,0.0,-0.26039410405530633,0.12307766758065668,-0.7212036349278131,-1.8386105026579422,1.156542334554004,2.474202963084052,-2.55529605827565,1.5734476370301556,-1.2185597915917201
18,1,NeNe Leakes,Tony Dovolani,0.0,0.0,0.0,0.0,0.0,0.0,0.0,0.0,0.0,0.0,1.0,0.722264351850238,-0.6873872157018412,0.7556345705336363,0.8307546573428003,-0.6562789827204404,-0.708410573333431,-0.19226113831692276,-0.7594842083310405,0.6625869508395678
18,2,NeNe Leakes,Tony Dovolani,0.0,0.0,0.0,0.0,0.0,0.0,0.0,0.0,0.0,0.0,1.0,0.722264351850238,-0.6873872157018412,0.7556345705336363,0.4970840123427075,-0.14868901388359626,-0.6047136756514284,-0.19226113831692276,-0.7594842083310405,0.6625869508395678
18,3,NeNe Leakes,Tony Dovolani,0.0,0.0,0.0,0.0,0.0,0.0,0.0,0.0,0.0,0.0,1.0,0.722264351850238,-0.6873872157018412,0.7556345705336363,-0.17025727765747814,-0.5168311890839451,-0.36597917378815464,2.1707737816418047,0.0737057364408153,0.976111407911449
18,4,NeNe Leakes,Tony Dovolani,0.0,0.0,0.0,0.0,0.0,0.0,0.0,0.0,0.0,0.0,1.0,0.722264351850238,-0.6873872157018412,0.7556345705336363,-0.17025727765747814,-0.3076594986292014,-0.22452866434162017,0.04404235367894996,0.9902146756898567,0.3490624937676864
18,5,NeNe Leakes,Tony Dovolani,0.0,0.0,0.0,0.0,0.0,0.0,0.0,0.0,0.0,0.0,1.0,0.722264351850238,-0.6873872157018412,0.7556345705336363,-0.17025727765747814,0.3407727417805042,-0.1533770945642455,0.7529528296665682,1.4068096480757846,0.03553803669580512
18,6,NeNe Leakes,Tony Dovolani,0.0,0.0,0.0,0.0,0.0,0.0,0.0,0.0,0.0,0.0,1.0,0.722264351850238,-0.6873872157018412,0.7556345705336363,-0.503927922657571,-0.27105445279962137,-0.0618312905673972,-0.9011716143045408,1.49012864255297,0.3490624937676864
18,7,NeNe Leakes,Tony Dovolani,0.0,0.0,0.0,0.0,0.0,0.0,0.0,0.0,0.0,0.0,1.0,0.722264351850238,-0.6873872157018412,0.7556345705336363,-0.8375985676576638,-0.09848780817445761,0.17340666147513928,-0.19226113831692276,1.2401716591214134,0.6625869508395678
18,1,Sean Avery,Karina Smirnoff,0.0,0.0,0.0,0.0,0.0,0.0,0.0,1.0,0.0,0.0,0.0,0.16542456017042953,-0.2621432954610242,-0.25483367530840806,0.8307546573428003,-0.9584158689328482,-0.7753471951175788,-0.19226113831692276,-0.9261221972854116,1.6031603220552115
18,2,Sean Avery,Karina Smirnoff,0.0,0.0,0.0,0.0,0.0,0.0,0.0,1.0,0.0,0.0,0.0,0.16542456017042953,-0.2621432954610242,-0.25483367530840806,0.4970840123427075,-0.14868901388359626,-0.6047136756514284,0.04404235367894996,-0.8428032028082261,0.6625869508395678
19,1,Alfonso Ribeiro,Witney Carson,0.0,0.0,0.0,0.0,0.0,0.0,0.0,0.0,0.0,0.0,0.0,-0.5551916408269696,0.4607713689483641,0.4447212641206995,1.1644253023428932,1.156542334554004,-0.4169123816927813,-0.19226113831692276,1.7400856259845268,-1.2185597915917201
19,2,Alfonso Ribeiro,Witney Carson,0.0,0.0,0.0,0.0,0.0,0.0,0.0,0.0,0.0,0.0,0.0,-0.5551916408269696,0.4607713689483641,0.4447212641206995,0.8307546573428003,0.45731125503386183,-0.5638126776560696,-1.1374751063004138,1.4068096480757846,-0.2779864203760762
19,3,Alfonso Ribeiro,Witney Carson,0.0,0.0,0.0,0.0,0.0,0.0,0.0,0.0,0.0,0.0,0.0,-0.5551916408269696,0.4607713689483641,0.4447212641206995,0.4970840123427075,-0.47499685099299566,-0.5242874578875129,-0.19226113831692276,1.0735336701670422,-0.2779864203760762
19,4,Alfonso Ribeiro,Witney Carson,0.0,0.0,0.0,0.0,0.0,0.0,0.0,0.0,0.0,0.0,0.0,-0.5551916408269696,0.4607713689483641,0.4447212641206995,0.16341336734261466,1.156542334554004,0.07809473263031966,1.698166797650059,1.7400856259845268,-1.2185597915917201
19,5,Alfonso Ribeiro,Witney Carson,0.0,0.0,0.0,0.0,0.0,0.0,0.0,0.0,0.0,0.0,0.0,-0.5551916408269696,0.4607713689483641,0.4447212641206995,-0.17025727765747814,0.7033370052353927,0.14452425879489011,-1.610082090292159,1.906723614938898,-0.9050353345198388
19,6,Alfonso Ribeiro,Witney Carson,0.0,0.0,0.0,0.0,0.0,0.0,0.0,0.0,0.0,0.0,0.0,-0.5551916408269696,0.4607713689483641,0.4447212641206995,-0.17025727765747814,1.156542334554004,0.22024938418385634,0.9892563216624407,1.8234046204617125,-1.2185597915917201
19,7,Alfonso Ribeiro,Witney Carson,0.0,0.0,0.0,0.0,0.0,0.0,0.0,0.0,0.0,0.0,0.0,-0.5551916408269696,0.4607713689483641,0.4447212641206995,-0.503927922657571,0.39515738129873695,0.19257966070117713,-1.3737785982962865,1.8234046204617125,-0.5915108774479575
19,8,Alfonso Ribeiro,Witney Carson,0.0,0.0,0.0,0.0,0.0,0.0,0.0,0.0,0.0,0.0,0.0,-0.5551916408269696,0.4607713689483641,0.4447212641206995,-0.8375985676576638,0.7771146169849336,0.7852477530918907,1.461863305654186,1.9900426094160835,-0.9050353345198388
19,9,Alfonso Ribeiro,Witney Carson,0.0,0.0,0.0,0.0,0.0,0.0,0.0,0.0,0.0,0.0,0.0,-0.5551916408269696,0.4607713689483641,0.4447212641206995,-1.1712692126577566,1.156542334554004,1.0410124436700487,-0.7830198683066045,2.3649780845634187,-1.2185597915917201
19,10,Alfonso Ribeiro,Witney Carson,0.0,0.0,0.0,0.0,0.0,0.0,0.0,0.0,0.0,0.0,0.0,-0.5551916408269696,0.4607713689483641,0.4447212641206995,-1.5049398576578494,0.8427847988718888,1.4894946652501981,-0.42856463031279546,2.073361603893269,-0.5915108774479575
19,11,Alfonso Ribeiro,Witney Carson,0.0,0.0,0.0,0.0,0.0,0.0,0.0,0.0,0.0,0.0,0.0,-0.5551916408269696,0.4607713689483641,0.4447212641206995,-1.8386105026579422,1.156542334554004,2.3731098704428146,0.39849759167275906,2.1983400956090473,-1.2185597915917201
19,1,Antonio Sabato Jr.,Cheryl Burke,0.0,0.0,0.0,0.0,0.0,0.0,0.0,0.0,1.0,0.0,0.0,-0.3783131187639717,0.2617572142756622,0.4447212641206995,1.1644253023428932,-1.3360869766983574,-0.9354912633646014,-0.19226113831692276,-0.09293225251355586,1.6031603220552115
19,2,Antonio Sabato Jr.,Cheryl Burke,0.0,0.0,0.0,0.0,0.0,0.0,0.0,0.0,1.0,0.0,0.0,-0.3783131187639717,0.2617572142756622,0.4447212641206995,0.8307546573428003,0.22423422852714656,-0.6122585199418343,1.2255598136583135,0.4069817143495576,0.03553803669580512
19,3,Antonio Sabato Jr.,Cheryl Burke,0.0,0.0,0.0,0.0,0.0,0.0,0.0,0.0,1.0,0.0,0.0,-0.3783131187639717,0.2617572142756622,0.4447212641206995,0.4970840123427075,-1.0868240455731213,-0.6733304740981105,-0.6648681223086682,0.7402576922583,0.976111407911449
19,4,Antonio Sabato Jr.,Cheryl Burke,0.0,0.0,0.0,0.0,0.0,0.0,0.0,0.0,1.0,0.0,0.0,-0.3783131187639717,0.2617572142756622,0.4447212641206995,0.16341336734261466,-1.0868240455731213,-0.524753217313171,-0.19226113831692276,0.5736197033039288,0.3490624937676864
19,5,Antonio Sabato Jr.,Cheryl Burke,0.0,0.0,0.0,0.0,0.0,0.0,0.0,0.0,1.0,0.0,0.0,-0.3783131187639717,0.2617572142756622,0.4447212641206995,-0.17025727765747814,-0.6562789827204404,-0.2540528981925414,-0.42856463031279546,0.4903007088267432,0.3490624937676864
19,6,Antonio Sabato Jr.,Cheryl Burke,0.0,0.0,0.0,0.0,0.0,0.0,0.0,0.0,1.0,0.0,0.0,-0.3783131187639717,0.2617572142756622,0.4447212641206995,-0.17025727765747814,-1.1443462604481756,-0.4381511072220026,-0.19226113831692276,0.4069817143495576,0.976111407911449
19,7,Antonio Sabato Jr.,Cheryl Burke,0.0,0.0,0.0,0.0,0.0,0.0,0.0,0.0,1.0,0.0,0.0,-0.3783131187639717,0.2617572142756622,0.4447212641206995,-0.503927922657571,-0.583766130029463,-0.1127134808211111,0.1621940996768863,0.531960206065336,0.6625869508395678
19,1,Bethany Mota,Derek Hough,0.0,0.0,0.0,1.0,0.0,0.0,0.0,0.0,0.0,0.0,0.0,-2.063861387834893,1.3838008193534315,-1.4207585743569207,1.1644253023428932,0.25013167591678137,-0.6054865204825355,-0.19226113831692276,1.0735336701670422,-0.5915108774479575
19,2,Bethany Mota,Derek Hough,0.0,0.0,0.0,1.0,0.0,0.0,0.0,0.0,0.0,0.0,0.0,-2.063861387834893,1.3838008193534315,-1.4207585743569207,0.8307546573428003,0.6903882815405753,-0.5153668353703047,0.04404235367894996,1.1568526646442279,-0.5915108774479575
19,3,Bethany Mota,Derek Hough,0.0,0.0,0.0,1.0,0.0,0.0,0.0,0.0,0.0,0.0,0.0,-2.063861387834893,1.3838008193534315,-1.4207585743569207,0.4970840123427075,1.156542334554004,-0.1268394146592539,1.461863305654186,1.8234046204617125,-1.2185597915917201
19,4,Bethany Mota,Derek Hough,0.0,0.0,0.0,1.0,0.0,0.0,0.0,0.0,0.0,0.0,0.0,-2.063861387834893,1.3838008193534315,-1.4207585743569207,0.16341336734261466,-0.27105445279962137,-0.3055357809700836,-1.846385582288032,1.8234046204617125,0.03553803669580512
19,5,Bethany Mota,Derek Hough,0.0,0.0,0.0,1.0,0.0,0.0,0.0,0.0,0.0,0.0,0.0,-2.063861387834893,1.3838008193534315,-1.4207585743569207,-0.17025727765747814,0.25013167591678137,0.011665206465747494,-0.42856463031279546,1.1568526646442279,0.03553803669580512
19,6,Bethany Mota,Derek Hough,0.0,0.0,0.0,1.0,0.0,0.0,0.0,0.0,0.0,0.0,0.0,-2.063861387834893,1.3838008193534315,-1.4207585743569207,-0.17025727765747814,0.5290272631897746,0.040685613800440924,0.7529528296665682,1.4068096480757846,-0.9050353345198388
19,7,Bethany Mota,Derek Hough,0.0,0.0,0.0,1.0,0.0,0.0,0.0,0.0,0.0,0.0,0.0,-2.063861387834893,1.3838008193534315,-1.4207585743569207,-0.503927922657571,1.156542334554004,0.43002988188517954,0.1621940996768863,1.8650641177003051,-1.2185597915917201
19,8,Bethany Mota,Derek Hough,0.0,0.0,0.0,1.0,0.0,0.0,0.0,0.0,0.0,0.0,0.0,-2.063861387834893,1.3838008193534315,-1.4207585743569207,-0.8375985676576638,0.5874007582003984,0.714532451045734,0.39849759167275906,2.1983400956090473,-0.5915108774479575
19,9,Bethany Mota,Derek Hough,0.0,0.0,0.0,1.0,0.0,0.0,0.0,0.0,0.0,0.0,0.0,-2.063861387834893,1.3838008193534315,-1.4207585743569207,-1.1712692126577566,0.8387100256812117,0.9180867784309348,-0.9011716143045408,2.1566805983704547,-0.5915108774479575
19,10,Bethany Mota,Derek Hough,0.0,0.0,0.0,1.0,0.0,0.0,0.0,0.0,0.0,0.0,0.0,-2.063861387834893,1.3838008193534315,-1.4207585743569207,-1.5049398576578494,0.9473706440992612,1.5375423225308735,0.04404235367894996,1.9900426094160835,-0.9050353345198388
19,11,Bethany Mota,Derek Hough,0.0,0.0,0.0,1.0,0.0,0.0,0.0,0.0,0.0,0.0,0.0,-2.063861387834893,1.3838008193534315,-1.4207585743569207,-1.8386105026579422,0.7486575381672537,2.1487503953806466,-0.19226113831692276,2.073361603893269,-0.2779864203760762
19,1,Betsey Johnson,Tony Dovolani,0.0,0.0,0.0,0.0,0.0,0.0,0.0,0.0,0.0,0.0,0.0,0.722264351850238,-0.6873872157018412,2.776571062217725,1.1644253023428932,-2.4691002999948846,-1.171208936851793,-0.19226113831692276,-0.9261221972854116,2.543733693270856
19,2,Betsey Johnson,Tony Dovolani,0.0,0.0,0.0,0.0,0.0,0.0,0.0,0.0,0.0,0.0,0.0,0.722264351850238,-0.6873872157018412,2.776571062217725,0.8307546573428003,-0.47499685099299566,-0.7575960467991308,1.698166797650059,-0.259570241467927,0.976111407911449
19,3,Betsey Johnson,Tony Dovolani,0.0,0.0,0.0,0.0,0.0,0.0,0.0,0.0,0.0,0.0,0.0,0.722264351850238,-0.6873872157018412,2.776571062217725,0.4970840123427075,-1.0868240455731213,-0.6733304740981105,0.04404235367894996,0.4903007088267432,0.976111407911449
19,4,Betsey Johnson,Tony Dovolani,0.0,0.0,0.0,0.0,0.0,0.0,0.0,0.0,0.0,0.0,0.0,0.722264351850238,-0.6873872157018412,2.776571062217725,0.16341336734261466,-1.0868240455731213,-0.524753217313171,-0.19226113831692276,0.5736197033039288,0.3490624937676864
19,1,Janel Parrish,Valentin Chmerkovskiy,0.0,0.0,0.0,0.0,0.0,0.0,0.0,0.0,0.0,0.0,0.0,-0.6948325792977572,1.0852084939335633,-0.8766602881342814,1.1644253023428932,-0.4296763180611347,-0.7469171245748489,-0.19226113831692276,0.5736197033039288,0.6625869508395678
19,2,Janel Parrish,Valentin Chmerkovskiy,0.0,0.0,0.0,0.0,0.0,0.0,0.0,0.0,0.0,0.0,0.0,-0.6948325792977572,1.0852084939335633,-0.8766602881342814,0.8307546573428003,0.9234653080472897,-0.4669209930845399,0.9892563216624407,0.9902146756898567,-0.9050353345198388
19,3,Janel Parrish,Valentin Chmerkovskiy,0.0,0.0,0.0,0.0,0.0,0.0,0.0,0.0,0.0,0.0,0.0,-0.6948325792977572,1.0852084939335633,-0.8766602881342814,0.4970840123427075,1.156542334554004,-0.1268394146592539,1.2255598136583135,1.906723614938898,-1.2185597915917201
19,4,Janel Parrish,Valentin Chmerkovskiy,0.0,0.0,0.0,0.0,0.0,0.0,0.0,0.0,0.0,0.0,0.0,-0.6948325792977572,1.0852084939335633,-0.8766602881342814,0.16341336734261466,0.3407727417805042,-0.14112270371276783,-1.1374751063004138,2.073361603893269,-0.2779864203760762
19,5,Janel Parrish,Valentin Chmerkovskiy,0.0,0.0,0.0,0.0,0.0,0.0,0.0,0.0,0.0,0.0,0.0,-0.6948325792977572,1.0852084939335633,-0.8766602881342814,-0.17025727765747814,0.47673434057608705,0.07809473263031966,-0.9011716143045408,1.49012864255297,-0.2779864203760762
19,6,Janel Parrish,Valentin Chmerkovskiy,0.0,0.0,0.0,0.0,0.0,0.0,0.0,0.0,0.0,0.0,0.0,-0.6948325792977572,1.0852084939335633,-0.8766602881342814,-0.17025727765747814,-0.09848780817445761,-0.13887815658297645,-0.19226113831692276,1.2401716591214134,-0.2779864203760762
19,7,Janel Parrish,Valentin Chmerkovskiy,0.0,0.0,0.0,0.0,0.0,0.0,0.0,0.0,0.0,0.0,0.0,-0.6948325792977572,1.0852084939335633,-0.8766602881342814,-0.503927922657571,0.2863881022622705,0.15865820053203325,-0.0741093923189864,1.2818311563600062,-0.2779864203760762
19,8,Janel Parrish,Valentin Chmerkovskiy,0.0,0.0,0.0,0.0,0.0,0.0,0.0,0.0,0.0,0.0,0.0,-0.6948325792977572,1.0852084939335633,-0.8766602881342814,-0.8375985676576638,1.156542334554004,0.9266783571842061,2.0526220356438682,2.115021101131862,-1.2185597915917201
19,9,Janel Parrish,Valentin Chmerkovskiy,0.0,0.0,0.0,0.0,0.0,0.0,0.0,0.0,0.0,0.0,0.0,-0.6948325792977572,1.0852084939335633,-0.8766602881342814,-1.1712692126577566,1.156542334554004,1.0410124436700487,-1.25562685229835,2.5316160735177897,-1.2185597915917201
19,10,Janel Parrish,Valentin Chmerkovskiy,0.0,0.0,0.0,0.0,0.0,0.0,0.0,0.0,0.0,0.0,0.0,-0.6948325792977572,1.0852084939335633,-0.8766602881342814,-1.5049398576578494,1.156542334554004,1.6336376370922285,-0.0741093923189864,2.1983400956090473,-1.2185597915917201
19,11,Janel Parrish,Valentin Chmerkovskiy,0.0,0.0,0.0,0.0,0.0,0.0,0.0,0.0,0.0,0.0,0.0,-0.6948325792977572,1.0852084939335633,-0.8766602881342814,-1.8386105026579422,0.9525591478809917,2.260907696964226,-0.19230839901532015,2.239982929048744,-0.5915108774479575
19,1,Jonathan Bennett,Allison Holker,0.0,0.0,0.0,0.0,0.0,0.0,1.0,0.0,0.0,0.0,0.0,0.4765997378738518,-0.11330792337673828,-0.25483367530840806,1.1644253023428932,-0.20307365340182904,-0.6997735898774118,-0.19226113831692276,0.7402576922583,0.3490624937676864
19,2,Jonathan Bennett,Allison Holker,0.0,0.0,0.0,0.0,0.0,0.0,1.0,0.0,0.0,0.0,0.0,0.4765997378738518,-0.11330792337673828,-0.25483367530840806,0.8307546573428003,-0.00884279797956782,-0.6607043622276011,-0.19226113831692276,0.7402576922583,0.6625869508395678
19,3,Jonathan Bennett,Allison Holker,0.0,0.0,0.0,0.0,0.0,0.0,1.0,0.0,0.0,0.0,0.0,0.4765997378738518,-0.11330792337673828,-0.25483367530840806,0.4970840123427075,-0.47499685099299566,-0.5242874578875129,0.2803458456748227,0.9068956812126711,-0.2779864203760762
19,4,Jonathan Bennett,Allison Holker,0.0,0.0,0.0,0.0,0.0,0.0,1.0,0.0,0.0,0.0,0.0,0.4765997378738518,-0.11330792337673828,-0.25483367530840806,0.16341336734261466,-2.106536036539996,-0.7987750127420304,-2.082689074283904,0.4069817143495576,1.6031603220552115
19,5,Jonathan Bennett,Allison Holker,0.0,0.0,0.0,0.0,0.0,0.0,1.0,0.0,0.0,0.0,0.0,0.4765997378738518,-0.11330792337673828,-0.25483367530840806,-0.17025727765747814,-1.562689641357663,-0.5197710028508283,-0.19226113831692276,-0.259570241467927,0.6625869508395678
19,6,Jonathan Bennett,Allison Holker,0.0,0.0,0.0,0.0,0.0,0.0,1.0,0.0,0.0,0.0,0.0,0.4765997378738518,-0.11330792337673828,-0.25483367530840806,-0.17025727765747814,-0.3076594986292014,-0.19873274671078087,1.698166797650059,0.4069817143495576,0.03553803669580512
19,1,Lea Thompson,Artem Chigvintsev,0.0,0.0,0.0,0.0,0.0,0.0,0.0,0.0,0.0,0.0,1.0,0.5748655834644064,-1.0063201558824537,1.2997328567562754,1.1644253023428932,0.25013167591678137,-0.6054865204825355,-0.19226113831692276,1.0735336701670422,-0.5915108774479575
19,2,Lea Thompson,Artem Chigvintsev,0.0,0.0,0.0,0.0,0.0,0.0,0.0,0.0,0.0,0.0,1.0,0.5748655834644064,-1.0063201558824537,1.2997328567562754,0.8307546573428003,1.156542334554004,-0.41847515079877506,0.5166493376706954,1.3234906535985989,-1.2185597915917201
19,3,Lea Thompson,Artem Chigvintsev,0.0,0.0,0.0,0.0,0.0,0.0,0.0,0.0,0.0,0.0,1.0,0.5748655834644064,-1.0063201558824537,1.2997328567562754,0.4970840123427075,-0.6789392491863708,-0.573968463291047,-1.1374751063004138,1.2401716591214134,0.6625869508395678
19,4,Lea Thompson,Artem Chigvintsev,0.0,0.0,0.0,0.0,0.0,0.0,0.0,0.0,0.0,0.0,1.0,0.5748655834644064,-1.0063201558824537,1.2997328567562754,0.16341336734261466,0.9525999363606288,0.023290373544547726,1.698166797650059,1.5734476370301556,-0.9050353345198388
19,5,Lea Thompson,Artem Chigvintsev,0.0,0.0,0.0,0.0,0.0,0.0,0.0,0.0,0.0,0.0,1.0,0.5748655834644064,-1.0063201558824537,1.2997328567562754,-0.17025727765747814,0.7033370052353927,0.14452425879489011,-1.3737785982962865,1.8234046204617125,-0.9050353345198388
19,6,Lea Thompson,Artem Chigvintsev,0.0,0.0,0.0,0.0,0.0,0.0,0.0,0.0,0.0,0.0,1.0,0.5748655834644064,-1.0063201558824537,1.2997328567562754,-0.17025727765747814,-0.3076594986292014,-0.19873274671078087,-0.6648681223086682,1.2401716591214134,0.03553803669580512
19,7,Lea Thompson,Artem Chigvintsev,0.0,0.0,0.0,0.0,0.0,0.0,0.0,0.0,0.0,0.0,1.0,0.5748655834644064,-1.0063201558824537,1.2997328567562754,-0.503927922657571,0.6126959393716699,0.2604225810394625,0.5166493376706954,1.3234906535985989,-0.9050353345198388
19,8,Lea Thompson,Artem Chigvintsev,0.0,0.0,0.0,0.0,0.0,0.0,0.0,0.0,0.0,0.0,1.0,0.5748655834644064,-1.0063201558824537,1.2997328567562754,-0.8375985676576638,-0.9303101120758798,0.14881003467647638,-0.9011716143045408,1.3234906535985989,0.03553803669580512
19,9,Lea Thompson,Artem Chigvintsev,0.0,0.0,0.0,0.0,0.0,0.0,0.0,0.0,0.0,0.0,1.0,0.5748655834644064,-1.0063201558824537,1.2997328567562754,-1.1712692126577566,0.41493361385082284,0.7541858914454482,0.5166493376706954,1.3234906535985989,0.03553803669580512
19,1,Lolo Jones,Keo Motsepe,0.0,0.0,0.0,0.0,0.0,0.0,0.0,0.0,0.0,0.0,0.0,2.0324756263909634,-0.8574847837981677,-0.33256200191164226,1.1644253023428932,-2.0158949706762734,-1.0769218674569168,-0.19226113831692276,-0.5928462193766693,2.230209236198974
19,1,Michael Waltrip,Emma Slater,0.0,0.0,0.0,0.0,0.0,0.0,0.0,0.0,0.0,0.0,1.0,0.8819463509348887,-1.1179466849456678,1.144276203549807,1.1644253023428932,-1.3360869766983574,-0.9354912633646014,-0.19226113831692276,-0.09293225251355586,1.6031603220552115
19,2,Michael Waltrip,Emma Slater,0.0,0.0,0.0,0.0,0.0,0.0,0.0,0.0,0.0,0.0,1.0,0.8819463509348887,-1.1179466849456678,1.144276203549807,0.8307546573428003,-1.407304957019853,-0.9513794159421919,-0.42856463031279546,-0.17625124699074143,2.230209236198974
19,3,Michael Waltrip,Emma Slater,0.0,0.0,0.0,0.0,0.0,0.0,0.0,0.0,0.0,0.0,1.0,0.8819463509348887,-1.1179466849456678,1.144276203549807,0.4970840123427075,-1.2907664437664963,-0.723011479501645,0.7529528296665682,0.0737057364408153,1.6031603220552115
19,4,Michael Waltrip,Emma Slater,0.0,0.0,0.0,0.0,0.0,0.0,0.0,0.0,0.0,0.0,1.0,0.8819463509348887,-1.1179466849456678,1.144276203549807,0.16341336734261466,-1.902593638346621,-0.7439706536562586,-0.9011716143045408,0.15702473091800087,1.2896358649833304
19,5,Michael Waltrip,Emma Slater,0.0,0.0,0.0,0.0,0.0,0.0,0.0,0.0,0.0,0.0,1.0,0.8819463509348887,-1.1179466849456678,1.144276203549807,-0.17025727765747814,-2.4691002999948846,-0.7854891075091169,-1.3737785982962865,-0.5095272248994838,1.2896358649833304
19,6,Michael Waltrip,Emma Slater,0.0,0.0,0.0,0.0,0.0,0.0,0.0,0.0,0.0,0.0,1.0,0.8819463509348887,-1.1179466849456678,1.144276203549807,-0.17025727765747814,-0.7260028795386879,-0.31844192696639184,2.1707737816418047,-0.09293225251355586,0.6625869508395678
19,7,Michael Waltrip,Emma Slater,0.0,0.0,0.0,0.0,0.0,0.0,0.0,0.0,0.0,0.0,1.0,0.8819463509348887,-1.1179466849456678,1.144276203549807,-0.503927922657571,-0.9100739671388623,-0.21447786132854035,-0.6648681223086682,0.5736197033039288,0.976111407911449
19,8,Michael Waltrip,Emma Slater,0.0,0.0,0.0,0.0,0.0,0.0,0.0,0.0,0.0,0.0,1.0,0.8819463509348887,-1.1179466849456678,1.144276203549807,-0.8375985676576638,-2.2583071235676235,-0.3461970796466243,-0.9011716143045408,0.15702473091800087,0.6625869508395678
19,1,Randy Couture,Karina Smirnoff,0.0,0.0,0.0,0.0,0.0,0.0,0.0,0.0,0.0,0.0,1.0,0.16542456017042953,-0.2621432954610242,1.144276203549807,1.1644253023428932,0.023529011257476622,-0.6526300551799726,-0.19226113831692276,0.9068956812126711,0.03553803669580512
19,2,Randy Couture,Karina Smirnoff,0.0,0.0,0.0,0.0,0.0,0.0,0.0,0.0,0.0,0.0,1.0,0.16542456017042953,-0.2621432954610242,1.144276203549807,0.8307546573428003,-0.47499685099299566,-0.7575960467991308,-0.9011716143045408,0.6569386977811144,0.976111407911449
19,3,Randy Couture,Karina Smirnoff,0.0,0.0,0.0,0.0,0.0,0.0,0.0,0.0,0.0,0.0,1.0,0.16542456017042953,-0.2621432954610242,1.144276203549807,0.4970840123427075,-1.6986512401532459,-0.82237349030871,-0.6648681223086682,0.24034372539518645,1.916684779127093
19,1,Sadie Robertson,Mark Ballas,0.0,0.0,0.0,0.0,0.0,0.0,0.0,0.0,0.0,0.0,0.0,-0.7376853540665704,1.098637249309589,-1.498486900960155,1.1644253023428932,0.7033370052353927,-0.5111994510876575,-0.19226113831692276,1.4068096480757846,-0.9050353345198388
19,2,Sadie Robertson,Mark Ballas,0.0,0.0,0.0,0.0,0.0,0.0,0.0,0.0,0.0,0.0,0.0,-0.7376853540665704,1.098637249309589,-1.498486900960155,0.8307546573428003,0.22423422852714656,-0.6122585199418343,-0.9011716143045408,1.1568526646442279,0.03553803669580512
19,3,Sadie Robertson,Mark Ballas,0.0,0.0,0.0,0.0,0.0,0.0,0.0,0.0,0.0,0.0,0.0,-0.7376853540665704,1.098637249309589,-1.498486900960155,0.4970840123427075,-0.47499685099299566,-0.5242874578875129,0.04404235367894996,0.9902146756898567,-0.2779864203760762
19,4,Sadie Robertson,Mark Ballas,0.0,0.0,0.0,0.0,0.0,0.0,0.0,0.0,0.0,0.0,0.0,-0.7376853540665704,1.098637249309589,-1.498486900960155,0.16341336734261466,0.5447151399738793,-0.08631834462699589,0.9892563216624407,1.49012864255297,-0.5915108774479575
19,5,Sadie Robertson,Mark Ballas,0.0,0.0,0.0,0.0,0.0,0.0,0.0,0.0,0.0,0.0,0.0,-0.7376853540665704,1.098637249309589,-1.498486900960155,-0.17025727765747814,1.156542334554004,0.2773833111240344,-0.42856463031279546,1.8234046204617125,-1.2185597915917201
19,6,Sadie Robertson,Mark Ballas,0.0,0.0,0.0,0.0,0.0,0.0,0.0,0.0,0.0,0.0,0.0,-0.7376853540665704,1.098637249309589,-1.498486900960155,-0.17025727765747814,0.3198555727350299,-0.019168976327365434,-0.42856463031279546,1.6567666315073413,-0.5915108774479575
19,7,Sadie Robertson,Mark Ballas,0.0,0.0,0.0,0.0,0.0,0.0,0.0,0.0,0.0,0.0,0.0,-0.7376853540665704,1.098637249309589,-1.498486900960155,-0.503927922657571,-0.2574582929200627,-0.010949100313681607,-1.1374751063004138,1.2401716591214134,0.03553803669580512
19,8,Sadie Robertson,Mark Ballas,0.0,0.0,0.0,0.0,0.0,0.0,0.0,0.0,0.0,0.0,0.0,-0.7376853540665704,1.098637249309589,-1.498486900960155,-0.8375985676576638,0.2079730406313297,0.5731018469534206,1.461863305654186,1.49012864255297,-0.2779864203760762
19,9,Sadie Robertson,Mark Ballas,0.0,0.0,0.0,0.0,0.0,0.0,0.0,0.0,0.0,0.0,0.0,-0.7376853540665704,1.098637249309589,-1.498486900960155,-1.1712692126577566,0.7327659227236143,0.8771115566845638,-0.5467163763107318,1.9483831121774908,-0.2779864203760762
19,10,Sadie Robertson,Mark Ballas,0.0,0.0,0.0,0.0,0.0,0.0,0.0,0.0,0.0,0.0,0.0,-0.7376853540665704,1.098637249309589,-1.498486900960155,-1.5049398576578494,0.7381989536445174,1.4414470079695205,-0.0741093923189864,1.8650641177003051,-0.2779864203760762
19,11,Sadie Robertson,Mark Ballas,0.0,0.0,0.0,0.0,0.0,0.0,0.0,0.0,0.0,0.0,0.0,-0.7376853540665704,1.098637249309589,-1.498486900960155,-1.8386105026579422,1.020553543438662,2.2983084214570884,0.3590821692078487,2.101123492853068,-0.9050353345198388
19,1,Tavis Smiley,Sharna Burgess,0.0,0.0,0.0,0.0,0.0,0.0,0.0,0.0,0.0,0.0,1.0,0.0765173665408801,0.4607713689483641,1.066547876946573,1.1644253023428932,-0.4296763180611347,-0.7469171245748489,-0.19226113831692276,0.5736197033039288,0.6625869508395678
19,2,Tavis Smiley,Sharna Burgess,0.0,0.0,0.0,0.0,0.0,0.0,0.0,0.0,0.0,0.0,1.0,0.0765173665408801,0.4607713689483641,1.066547876946573,0.8307546573428003,-0.47499685099299566,-0.7575960467991308,-0.42856463031279546,0.4903007088267432,0.976111407911449
19,1,Tommy Chong,Peta Murgatroyd,0.0,0.0,0.0,0.0,0.0,0.0,0.0,1.0,0.0,0.0,0.0,0.5650389989053509,-0.7384164861307391,3.0874843686306614,1.1644253023428932,-0.8828816473797461,-0.8412041939697252,-0.19226113831692276,0.24034372539518645,1.2896358649833304
19,2,Tommy Chong,Peta Murgatroyd,0.0,0.0,0.0,0.0,0.0,0.0,0.0,1.0,0.0,0.0,0.0,0.5650389989053509,-0.7384164861307391,3.0874843686306614,0.8307546573428003,-0.47499685099299566,-0.7575960467991308,0.04404235367894996,0.32366271987237205,0.976111407911449
19,3,Tommy Chong,Peta Murgatroyd,0.0,0.0,0.0,0.0,0.0,0.0,0.0,1.0,0.0,0.0,0.0,0.5650389989053509,-0.7384164861307391,3.0874843686306614,0.4970840123427075,-0.06711205460624618,-0.4249254470804493,1.2255598136583135,0.9068956812126711,-0.5915108774479575
19,4,Tommy Chong,Peta Murgatroyd,0.0,0.0,0.0,0.0,0.0,0.0,0.0,1.0,0.0,0.0,0.0,0.5650389989053509,-0.7384164861307391,3.0874843686306614,0.16341336734261466,-1.2907664437664963,-0.579557576398943,-1.610082090292159,0.9068956812126711,0.976111407911449
19,5,Tommy Chong,Peta Murgatroyd,0.0,0.0,0.0,0.0,0.0,0.0,0.0,1.0,0.0,0.0,0.0,0.5650389989053509,-0.7384164861307391,3.0874843686306614,-0.17025727765747814,-1.7892923060169685,-0.5862005290154005,-1.3737785982962865,-0.009613258036370276,0.976111407911449
19,6,Tommy Chong,Peta Murgatroyd,0.0,0.0,0.0,0.0,0.0,0.0,0.0,1.0,0.0,0.0,0.0,0.5650389989053509,-0.7384164861307391,3.0874843686306614,-0.17025727765747814,-1.1443462604481756,-0.4381511072220026,0.9892563216624407,-0.009613258036370276,0.976111407911449
19,7,Tommy Chong,Peta Murgatroyd,0.0,0.0,0.0,0.0,0.0,0.0,0.0,1.0,0.0,0.0,0.0,0.5650389989053509,-0.7384164861307391,3.0874843686306614,-0.503927922657571,-0.47499685099299566,-0.07879202065196915,0.2803458456748227,0.5736197033039288,0.3490624937676864
19,8,Tommy Chong,Peta Murgatroyd,0.0,0.0,0.0,0.0,0.0,0.0,0.0,1.0,0.0,0.0,0.0,0.5650389989053509,-0.7384164861307391,3.0874843686306614,-0.8375985676576638,-1.4994516884294846,-0.06333587146199572,-0.42856463031279546,0.6569386977811144,0.3490624937676864
19,9,Tommy Chong,Peta Murgatroyd,0.0,0.0,0.0,0.0,0.0,0.0,0.0,1.0,0.0,0.0,0.0,0.5650389989053509,-0.7384164861307391,3.0874843686306614,-1.1712692126577566,-0.9623397245979438,0.2215080087426192,-0.3104128843148591,0.531960206065336,0.3490624937676864
19,10,Tommy Chong,Peta Murgatroyd,0.0,0.0,0.0,0.0,0.0,0.0,0.0,1.0,0.0,0.0,0.0,0.5650389989053509,-0.7384164861307391,3.0874843686306614,-1.5049398576578494,-0.5168311890839451,0.8648751206014004,0.39849759167275906,0.6985981950197071,0.03553803669580512
20,1,Charlotte McKinney,Keo Motsepe,0.0,1.0,0.0,0.0,0.0,0.0,0.0,0.0,0.0,0.0,0.0,2.0324756263909634,-0.8574847837981677,-1.1875735945472181,0.8307546573428003,-1.3927376428631835,-0.9008007378325242,-0.19226113831692276,-0.5928462193766693,1.916684779127093
20,2,Charlotte McKinney,Keo Motsepe,0.0,1.0,0.0,0.0,0.0,0.0,0.0,0.0,0.0,0.0,0.0,2.0324756263909634,-0.8574847837981677,-1.1875735945472181,0.8307546573428003,-0.7629155307954082,-0.8000385138160543,0.7529528296665682,-0.259570241467927,1.916684779127093
20,3,Charlotte McKinney,Keo Motsepe,0.0,1.0,0.0,0.0,0.0,0.0,0.0,0.0,0.0,0.0,0.0,2.0324756263909634,-0.8574847837981677,-1.1875735945472181,0.4970840123427075,-1.7226444634701135,-0.881419285868179,-1.1374751063004138,-0.259570241467927,1.6031603220552115
20,1,Chris Soules,Witney Carson,0.0,0.0,0.0,0.0,0.0,0.0,0.0,0.0,0.0,0.0,0.0,-0.5551916408269696,0.4607713689483641,-0.25483367530840806,0.8307546573428003,-0.3730256518963085,-0.6802045754747014,-0.19226113831692276,0.0737057364408153,0.03553803669580512
20,2,Chris Soules,Witney Carson,0.0,0.0,0.0,0.0,0.0,0.0,0.0,0.0,0.0,0.0,0.0,-0.5551916408269696,0.4607713689483641,-0.25483367530840806,0.8307546573428003,-1.9625766966387899,-1.0527387286207661,-1.3737785982962865,-0.34288923594511256,2.230209236198974
20,3,Chris Soules,Witney Carson,0.0,0.0,0.0,0.0,0.0,0.0,0.0,0.0,0.0,0.0,0.0,-0.5551916408269696,0.4607713689483641,-0.25483367530840806,0.4970840123427075,-0.28305106445805517,-0.545239191795713,1.461863305654186,-0.17625124699074143,0.6625869508395678
20,4,Chris Soules,Witney Carson,0.0,0.0,0.0,0.0,0.0,0.0,0.0,0.0,0.0,0.0,0.0,-0.5551916408269696,0.4607713689483641,-0.25483367530840806,0.16341336734261466,-1.3535179509029192,-0.6571268231049597,-0.42856463031279546,0.32366271987237205,1.6031603220552115
20,5,Chris Soules,Witney Carson,0.0,0.0,0.0,0.0,0.0,0.0,0.0,0.0,0.0,0.0,0.0,-0.5551916408269696,0.4607713689483641,-0.25483367530840806,-0.17025727765747814,-1.3535179509029192,-0.4409006113621503,-0.19226113831692276,0.24034372539518645,0.6625869508395678
20,6,Chris Soules,Witney Carson,0.0,0.0,0.0,0.0,0.0,0.0,0.0,0.0,0.0,0.0,0.0,-0.5551916408269696,0.4607713689483641,-0.25483367530840806,-0.503927922657571,0.5125137086801871,0.054856135138118184,1.698166797650059,0.9068956812126711,0.03553803669580512
20,7,Chris Soules,Witney Carson,0.0,0.0,0.0,0.0,0.0,0.0,0.0,0.0,0.0,0.0,0.0,-0.5551916408269696,0.4607713689483641,-0.25483367530840806,-0.8375985676576638,-0.8331395990398984,0.026311086250062853,-1.1374751063004138,1.2401716591214134,0.3490624937676864
20,8,Chris Soules,Witney Carson,0.0,0.0,0.0,0.0,0.0,0.0,0.0,0.0,0.0,0.0,0.0,-0.5551916408269696,0.4607713689483641,-0.25483367530840806,-1.1712692126577566,-0.47499685099299566,0.5393323646524172,0.04404235367894996,0.9902146756898567,-0.2779864203760762
20,1,Michael Sam,Peta Murgatroyd,0.0,0.0,0.0,0.0,0.0,0.0,0.0,0.0,0.0,0.0,0.0,0.5650389989053509,-0.7384164861307391,-0.8766602881342814,0.8307546573428003,-0.3730256518963085,-0.6802045754747014,-0.19226113831692276,0.0737057364408153,0.03553803669580512
20,2,Michael Sam,Peta Murgatroyd,0.0,0.0,0.0,0.0,0.0,0.0,0.0,0.0,0.0,0.0,0.0,0.5650389989053509,-0.7384164861307391,-0.8766602881342814,0.8307546573428003,-0.28305106445805517,-0.6989584278941697,0.2803458456748227,0.24034372539518645,0.3490624937676864
20,3,Michael Sam,Peta Murgatroyd,0.0,0.0,0.0,0.0,0.0,0.0,0.0,0.0,0.0,0.0,0.0,0.5650389989053509,-0.7384164861307391,-0.8766602881342814,0.4970840123427075,-1.2427799971327604,-0.7693592545106899,-1.1374751063004138,0.0737057364408153,1.2896358649833304
20,4,Michael Sam,Peta Murgatroyd,0.0,0.0,0.0,0.0,0.0,0.0,0.0,0.0,0.0,0.0,0.0,0.5650389989053509,-0.7384164861307391,-0.8766602881342814,0.16341336734261466,-0.7260028795386879,-0.49524317780544785,1.2255598136583135,0.24034372539518645,0.6625869508395678
20,1,Nastia Liukin,Derek Hough,0.0,0.0,0.0,0.0,0.0,0.0,0.0,0.0,0.0,0.0,0.0,-2.063861387834893,1.3838008193534315,-0.8766602881342814,0.8307546573428003,0.6466863390705665,-0.4596084131168768,-0.19226113831692276,0.7402576922583,-0.5915108774479575
20,2,Nastia Liukin,Derek Hough,0.0,0.0,0.0,0.0,0.0,0.0,0.0,0.0,0.0,0.0,0.0,-2.063861387834893,1.3838008193534315,-0.8766602881342814,0.8307546573428003,1.156542334554004,-0.39571817012851657,0.7529528296665682,1.0735336701670422,-1.2185597915917201
20,3,Nastia Liukin,Derek Hough,0.0,0.0,0.0,0.0,0.0,0.0,0.0,0.0,0.0,0.0,0.0,-2.063861387834893,1.3838008193534315,-0.8766602881342814,0.4970840123427075,1.156542334554004,-0.20905909772324702,-0.19226113831692276,1.4068096480757846,-1.2185597915917201
20,4,Nastia Liukin,Derek Hough,0.0,0.0,0.0,0.0,0.0,0.0,0.0,0.0,0.0,0.0,0.0,-2.063861387834893,1.3838008193534315,-0.8766602881342814,0.16341336734261466,0.5290272631897746,-0.17147588720642729,0.2803458456748227,1.5734476370301556,-0.9050353345198388
20,5,Nastia Liukin,Derek Hough,0.0,0.0,0.0,0.0,0.0,0.0,0.0,0.0,0.0,0.0,0.0,-2.063861387834893,1.3838008193534315,-0.8766602881342814,-0.17025727765747814,0.9473706440992612,0.24076491507571998,0.2803458456748227,1.906723614938898,-0.9050353345198388
20,6,Nastia Liukin,Derek Hough,0.0,0.0,0.0,0.0,0.0,0.0,0.0,0.0,0.0,0.0,0.0,-2.063861387834893,1.3838008193534315,-0.8766602881342814,-0.503927922657571,0.8345280216170952,0.14781052510691897,-0.5467163763107318,1.9483831121774908,-0.9050353345198388
20,7,Nastia Liukin,Derek Hough,0.0,0.0,0.0,0.0,0.0,0.0,0.0,0.0,0.0,0.0,0.0,-2.063861387834893,1.3838008193534315,-0.8766602881342814,-0.8375985676576638,1.156542334554004,0.7167597046534869,0.8711045756645045,2.1983400956090473,-1.2185597915917201
20,8,Nastia Liukin,Derek Hough,0.0,0.0,0.0,0.0,0.0,0.0,0.0,0.0,0.0,0.0,0.0,-2.063861387834893,1.3838008193534315,-0.8766602881342814,-1.1712692126577566,0.7486575381672537,1.036847113799851,-0.9011716143045408,2.3233185873248257,-0.5915108774479575
20,9,Nastia Liukin,Derek Hough,0.0,0.0,0.0,0.0,0.0,0.0,0.0,0.0,0.0,0.0,0.0,-2.063861387834893,1.3838008193534315,-0.8766602881342814,-1.8386105026579422,1.156542334554004,2.3540464602687434,0.2803458456748227,2.2399995928476404,-1.2185597915917201
20,1,Noah Galloway,Sharna Burgess,0.0,0.0,0.0,0.0,0.0,0.0,0.0,0.0,0.0,0.0,0.0,0.0765173665408801,0.4607713689483641,-0.25483367530840806,0.8307546573428003,-0.3730256518963085,-0.6802045754747014,-0.19226113831692276,0.0737057364408153,0.03553803669580512
20,2,Noah Galloway,Sharna Burgess,0.0,0.0,0.0,0.0,0.0,0.0,0.0,0.0,0.0,0.0,0.0,0.0765173665408801,0.4607713689483641,-0.25483367530840806,0.8307546573428003,-0.5229832976267317,-0.749498470855113,0.04404235367894996,0.15702473091800087,1.6031603220552115
20,3,Noah Galloway,Sharna Burgess,0.0,0.0,0.0,0.0,0.0,0.0,0.0,0.0,0.0,0.0,0.0,0.0765173665408801,0.4607713689483641,-0.25483367530840806,0.4970840123427075,0.1968134018792979,-0.4331791604382239,0.5166493376706954,0.4903007088267432,0.03553803669580512
20,4,Noah Galloway,Sharna Burgess,0.0,0.0,0.0,0.0,0.0,0.0,0.0,0.0,0.0,0.0,0.0,0.0765173665408801,0.4607713689483641,-0.25483367530840806,0.16341336734261466,-0.3076594986292014,-0.38732074760577484,0.2803458456748227,0.9068956812126711,0.3490624937676864
20,5,Noah Galloway,Sharna Burgess,0.0,0.0,0.0,0.0,0.0,0.0,0.0,0.0,0.0,0.0,0.0,0.0765173665408801,0.4607713689483641,-0.25483367530840806,-0.17025727765747814,-1.1443462604481756,-0.37893101804961554,-1.1374751063004138,0.7402576922583,0.03553803669580512
20,6,Noah Galloway,Sharna Burgess,0.0,0.0,0.0,0.0,0.0,0.0,0.0,0.0,0.0,0.0,0.0,0.0765173665408801,0.4607713689483641,-0.25483367530840806,-0.503927922657571,0.297837500055583,-0.00711345817441486,1.2255598136583135,0.9068956812126711,0.3490624937676864
20,7,Noah Galloway,Sharna Burgess,0.0,0.0,0.0,0.0,0.0,0.0,0.0,0.0,0.0,0.0,0.0,0.0765173665408801,0.4607713689483641,-0.25483367530840806,-0.8375985676576638,0.5596377544758336,0.5096251191324601,0.7529528296665682,1.7400856259845268,-0.5915108774479575
20,8,Noah Galloway,Sharna Burgess,0.0,0.0,0.0,0.0,0.0,0.0,0.0,0.0,0.0,0.0,0.0,0.0765173665408801,0.4607713689483641,-0.25483367530840806,-1.1712692126577566,-0.5769680500896837,0.49787280222346486,-1.7282338362900955,1.531788139791563,0.03553803669580512
20,9,Noah Galloway,Sharna Burgess,0.0,0.0,0.0,0.0,0.0,0.0,0.0,0.0,0.0,0.0,0.0,0.0765173665408801,0.4607713689483641,-0.25483367530840806,-1.8386105026579422,0.7486575381672537,2.1306401557152785,1.3437115596562499,1.531788139791563,-0.2779864203760762
20,10,Noah Galloway,Sharna Burgess,0.0,0.0,0.0,0.0,0.0,0.0,0.0,0.0,0.0,0.0,0.0,0.0765173665408801,0.4607713689483641,-0.25483367530840806,-2.172281147658035,0.3407727417805042,3.3285601680623076,-0.6648681223086682,1.906723614938898,-0.5915108774479575
20,1,Patti LaBelle,Artem Chigvintsev,0.0,0.0,0.0,0.0,0.0,0.0,0.0,0.0,0.0,0.0,0.0,0.5748655834644064,-1.0063201558824537,2.6211144090112564,0.8307546573428003,-0.6279536496380272,-0.7353536160641571,-0.19226113831692276,-0.09293225251355586,0.976111407911449
20,2,Patti LaBelle,Artem Chigvintsev,0.0,0.0,0.0,0.0,0.0,0.0,0.0,0.0,0.0,0.0,0.0,0.5748655834644064,-1.0063201558824537,2.6211144090112564,0.8307546573428003,-0.28305106445805517,-0.6989584278941697,0.5166493376706954,0.15702473091800087,0.3490624937676864
20,3,Patti LaBelle,Artem Chigvintsev,0.0,0.0,0.0,0.0,0.0,0.0,0.0,0.0,0.0,0.0,0.0,0.5748655834644064,-1.0063201558824537,2.6211144090112564,0.4970840123427075,-1.7226444634701135,-0.881419285868179,-1.610082090292159,-0.09293225251355586,1.6031603220552115
20,4,Patti LaBelle,Artem Chigvintsev,0.0,0.0,0.0,0.0,0.0,0.0,0.0,0.0,0.0,0.0,0.0,0.5748655834644064,-1.0063201558824537,2.6211144090112564,0.16341336734261466,-0.7260028795386879,-0.49524317780544785,1.698166797650059,0.0737057364408153,0.6625869508395678
20,5,Patti LaBelle,Artem Chigvintsev,0.0,0.0,0.0,0.0,0.0,0.0,0.0,0.0,0.0,0.0,0.0,0.5748655834644064,-1.0063201558824537,2.6211144090112564,-0.17025727765747814,-1.3535179509029192,-0.4409006113621503,-0.9011716143045408,0.4903007088267432,0.6625869508395678
20,6,Patti LaBelle,Artem Chigvintsev,0.0,0.0,0.0,0.0,0.0,0.0,0.0,0.0,0.0,0.0,0.0,0.5748655834644064,-1.0063201558824537,2.6211144090112564,-0.503927922657571,0.297837500055583,-0.00711345817441486,1.461863305654186,0.8235766867354855,0.3490624937676864
20,1,Redfoo,Emma Slater,0.0,0.0,0.0,1.0,0.0,0.0,0.0,0.0,0.0,0.0,0.0,0.8819463509348887,-1.1179466849456678,0.211536284310997,0.8307546573428003,-1.3927376428631835,-0.9008007378325242,-0.19226113831692276,-0.5928462193766693,1.916684779127093
20,2,Redfoo,Emma Slater,0.0,0.0,0.0,1.0,0.0,0.0,0.0,0.0,0.0,0.0,0.0,0.8819463509348887,-1.1179466849456678,0.211536284310997,0.8307546573428003,0.43674563504797353,-0.5473382990113421,1.9344702896459318,0.15702473091800087,0.03553803669580512
20,1,Riker Lynch,Allison Holker,0.0,0.0,0.0,0.0,0.0,0.0,0.0,0.0,0.0,0.0,0.0,0.4765997378738518,-0.11330792337673828,-1.0321169413407498,0.8307546573428003,0.9016143368122852,-0.40445937252742103,-0.19226113831692276,0.9068956812126711,-0.9050353345198388
20,2,Riker Lynch,Allison Holker,0.0,0.0,0.0,0.0,0.0,0.0,0.0,0.0,0.0,0.0,0.0,0.4765997378738518,-0.11330792337673828,-1.0321169413407498,0.8307546573428003,0.6766778682166501,-0.49679825605040084,0.04404235367894996,0.9902146756898567,-0.9050353345198388
20,3,Riker Lynch,Allison Holker,0.0,0.0,0.0,0.0,0.0,0.0,0.0,0.0,0.0,0.0,0.0,0.4765997378738518,-0.11330792337673828,-1.0321169413407498,0.4970840123427075,1.156542334554004,-0.20905909772324702,0.2803458456748227,1.2401716591214134,-1.2185597915917201
20,4,Riker Lynch,Allison Holker,0.0,0.0,0.0,0.0,0.0,0.0,0.0,0.0,0.0,0.0,0.0,0.4765997378738518,-0.11330792337673828,-1.0321169413407498,0.16341336734261466,0.11068388228028614,-0.2793983174061003,-0.19226113831692276,1.4068096480757846,-0.2779864203760762
20,5,Riker Lynch,Allison Holker,0.0,0.0,0.0,0.0,0.0,0.0,0.0,0.0,0.0,0.0,0.0,0.4765997378738518,-0.11330792337673828,-1.0321169413407498,-0.17025727765747814,0.9473706440992612,0.24076491507571998,0.7529528296665682,1.7400856259845268,-0.9050353345198388
20,6,Riker Lynch,Allison Holker,0.0,0.0,0.0,0.0,0.0,0.0,0.0,0.0,0.0,0.0,0.0,0.4765997378738518,-0.11330792337673828,-1.0321169413407498,-0.503927922657571,1.156542334554004,0.24076491507571998,-0.19226113831692276,2.073361603893269,-1.2185597915917201
20,7,Riker Lynch,Allison Holker,0.0,0.0,0.0,0.0,0.0,0.0,0.0,0.0,0.0,0.0,0.0,0.4765997378738518,-0.11330792337673828,-1.0321169413407498,-0.8375985676576638,0.3606695611164441,0.4405802572921168,-0.42856463031279546,1.9900426094160835,-0.2779864203760762
20,8,Riker Lynch,Allison Holker,0.0,0.0,0.0,0.0,0.0,0.0,0.0,0.0,0.0,0.0,0.0,0.4765997378738518,-0.11330792337673828,-1.0321169413407498,-1.1712692126577566,0.9525999363606288,1.1197662386577556,0.2803458456748227,2.073361603893269,-0.9050353345198388
20,9,Riker Lynch,Allison Holker,0.0,0.0,0.0,0.0,0.0,0.0,0.0,0.0,0.0,0.0,0.0,0.4765997378738518,-0.11330792337673828,-1.0321169413407498,-1.8386105026579422,1.156542334554004,2.3540464602687434,0.04404235367894996,2.3233185873248257,-1.2185597915917201
20,10,Riker Lynch,Allison Holker,0.0,0.0,0.0,0.0,0.0,0.0,0.0,0.0,0.0,0.0,0.0,0.4765997378738518,-0.11330792337673828,-1.0321169413407498,-2.172281147658035,1.156542334554004,3.933297923491515,-0.19226113831692276,2.4066375818020114,-1.2185597915917201
20,1,Robert Herjavec,Kym Johnson,0.0,0.0,0.0,0.0,0.0,0.0,0.0,0.0,0.0,0.0,1.0,-0.0919383687572131,0.07805184073162919,1.2220045301530413,0.8307546573428003,0.136830343587129,-0.5699064942957882,-0.19226113831692276,0.4069817143495576,-0.2779864203760762
20,2,Robert Herjavec,Kym Johnson,0.0,0.0,0.0,0.0,0.0,0.0,0.0,0.0,0.0,0.0,1.0,-0.0919383687572131,0.07805184073162919,1.2220045301530413,0.8307546573428003,-0.28305106445805517,-0.6989584278941697,-0.19226113831692276,0.4069817143495576,0.3490624937676864
20,3,Robert Herjavec,Kym Johnson,0.0,0.0,0.0,0.0,0.0,0.0,0.0,0.0,0.0,0.0,1.0,-0.0919383687572131,0.07805184073162919,1.2220045301530413,0.4970840123427075,-0.04311883128937862,-0.4892091761169676,0.04404235367894996,0.4903007088267432,0.3490624937676864
20,4,Robert Herjavec,Kym Johnson,0.0,0.0,0.0,0.0,0.0,0.0,0.0,0.0,0.0,0.0,1.0,-0.0919383687572131,0.07805184073162919,1.2220045301530413,0.16341336734261466,0.11068388228028614,-0.2793983174061003,0.9892563216624407,0.9902146756898567,-0.2779864203760762
20,5,Robert Herjavec,Kym Johnson,0.0,0.0,0.0,0.0,0.0,0.0,0.0,0.0,0.0,0.0,1.0,-0.0919383687572131,0.07805184073162919,1.2220045301530413,-0.17025727765747814,-1.9810330222671495,-0.6268093912997507,-2.55529605827565,0.5736197033039288,1.2896358649833304
20,6,Robert Herjavec,Kym Johnson,0.0,0.0,0.0,0.0,0.0,0.0,0.0,0.0,0.0,0.0,1.0,-0.0919383687572131,0.07805184073162919,1.2220045301530413,-0.503927922657571,0.19049939574328004,-0.03809825483068114,2.0526220356438682,0.531960206065336,0.976111407911449
20,7,Robert Herjavec,Kym Johnson,0.0,0.0,0.0,0.0,0.0,0.0,0.0,0.0,0.0,0.0,1.0,-0.0919383687572131,0.07805184073162919,1.2220045301530413,-0.8375985676576638,-0.8331395990398984,0.026311086250062853,-0.7830198683066045,1.115193167405635,0.3490624937676864
20,8,Robert Herjavec,Kym Johnson,0.0,0.0,0.0,0.0,0.0,0.0,0.0,0.0,0.0,0.0,1.0,-0.0919383687572131,0.07805184073162919,1.2220045301530413,-1.1712692126577566,-0.6789392491863708,0.4564132397945126,-0.19226113831692276,0.9068956812126711,0.3490624937676864
20,1,Rumer Willis,Valentin Chmerkovskiy,0.0,0.0,0.0,0.0,0.0,0.0,0.0,0.0,0.0,0.0,0.0,-0.6948325792977572,1.0852084939335633,-0.7989319615310473,0.8307546573428003,1.156542334554004,-0.3493103319379653,-0.19226113831692276,1.0735336701670422,-1.2185597915917201
20,2,Rumer Willis,Valentin Chmerkovskiy,0.0,0.0,0.0,0.0,0.0,0.0,0.0,0.0,0.0,0.0,0.0,-0.6948325792977572,1.0852084939335633,-0.7989319615310473,0.8307546573428003,0.6766778682166501,-0.49679825605040084,-0.19226113831692276,1.0735336701670422,-0.9050353345198388
20,3,Rumer Willis,Valentin Chmerkovskiy,0.0,0.0,0.0,0.0,0.0,0.0,0.0,0.0,0.0,0.0,0.0,-0.6948325792977572,1.0852084939335633,-0.7989319615310473,0.4970840123427075,0.9166101013853275,-0.26508911340199093,0.04404235367894996,1.1568526646442279,-0.5915108774479575
20,4,Rumer Willis,Valentin Chmerkovskiy,0.0,0.0,0.0,0.0,0.0,0.0,0.0,0.0,0.0,0.0,0.0,-0.6948325792977572,1.0852084939335633,-0.7989319615310473,0.16341336734261466,0.3198555727350299,-0.22543710230626296,0.2803458456748227,1.4068096480757846,-0.5915108774479575
20,5,Rumer Willis,Valentin Chmerkovskiy,0.0,0.0,0.0,0.0,0.0,0.0,0.0,0.0,0.0,0.0,0.0,-0.6948325792977572,1.0852084939335633,-0.7989319615310473,-0.17025727765747814,1.156542334554004,0.30273450838825305,0.7529528296665682,1.906723614938898,-1.2185597915917201
20,6,Rumer Willis,Valentin Chmerkovskiy,0.0,0.0,0.0,0.0,0.0,0.0,0.0,0.0,0.0,0.0,0.0,-0.6948325792977572,1.0852084939335633,-0.7989319615310473,-0.503927922657571,0.6198518129924919,0.08584093179438641,-1.0193233603024774,1.9483831121774908,-0.2779864203760762
20,7,Rumer Willis,Valentin Chmerkovskiy,0.0,0.0,0.0,0.0,0.0,0.0,0.0,0.0,0.0,0.0,0.0,-0.6948325792977572,1.0852084939335633,-0.7989319615310473,-0.8375985676576638,0.3606695611164441,0.4405802572921168,0.1621940996768863,1.7817451232231196,-0.2779864203760762
20,8,Rumer Willis,Valentin Chmerkovskiy,0.0,0.0,0.0,0.0,0.0,0.0,0.0,0.0,0.0,0.0,0.0,-0.6948325792977572,1.0852084939335633,-0.7989319615310473,-1.1712692126577566,1.156542334554004,1.2026853635156618,0.5166493376706954,2.1566805983704547,-1.2185597915917201
20,9,Rumer Willis,Valentin Chmerkovskiy,0.0,0.0,0.0,0.0,0.0,0.0,0.0,0.0,0.0,0.0,0.0,-0.6948325792977572,1.0852084939335633,-0.7989319615310473,-1.8386105026579422,0.9525999363606288,2.242343307992012,-0.42856463031279546,2.3233185873248257,-0.5915108774479575
20,10,Rumer Willis,Valentin Chmerkovskiy,0.0,0.0,0.0,0.0,0.0,0.0,0.0,0.0,0.0,0.0,0.0,-0.6948325792977572,1.0852084939335633,-0.7989319615310473,-2.172281147658035,1.156542334554004,3.933297923491515,0.04404235367894996,2.3233185873248257,-1.2185597915917201
20,1,Suzanne Somers,Tony Dovolani,0.0,0.0,0.0,1.0,0.0,0.0,0.0,0.0,0.0,0.0,0.0,0.722264351850238,-0.6873872157018412,2.4656577558047883,0.8307546573428003,-0.6279536496380272,-0.7353536160641571,-0.19226113831692276,-0.09293225251355586,0.976111407911449
20,2,Suzanne Somers,Tony Dovolani,0.0,0.0,0.0,1.0,0.0,0.0,0.0,0.0,0.0,0.0,0.0,0.722264351850238,-0.6873872157018412,2.4656577558047883,0.8307546573428003,-0.28305106445805517,-0.6989584278941697,0.5166493376706954,0.15702473091800087,0.3490624937676864
20,3,Suzanne Somers,Tony Dovolani,0.0,0.0,0.0,1.0,0.0,0.0,0.0,0.0,0.0,0.0,0.0,0.722264351850238,-0.6873872157018412,2.4656577558047883,0.4970840123427075,-1.0028477639640838,-0.713329238831946,-0.9011716143045408,0.15702473091800087,0.976111407911449
20,4,Suzanne Somers,Tony Dovolani,0.0,0.0,0.0,1.0,0.0,0.0,0.0,0.0,0.0,0.0,0.0,0.722264351850238,-0.6873872157018412,2.4656577558047883,0.16341336734261466,-1.1443462604481756,-0.6031656080051226,0.5166493376706954,0.15702473091800087,1.2896358649833304
20,5,Suzanne Somers,Tony Dovolani,0.0,0.0,0.0,1.0,0.0,0.0,0.0,0.0,0.0,0.0,0.0,0.722264351850238,-0.6873872157018412,2.4656577558047883,-0.17025727765747814,-1.1443462604481756,-0.37893101804961554,-0.19226113831692276,0.4069817143495576,0.03553803669580512
20,1,Willow Shields,Mark Ballas,0.0,0.0,0.0,0.0,0.0,1.0,0.0,0.0,0.0,0.0,0.0,-0.7376853540665704,1.098637249309589,-1.7316718807698575,0.8307546573428003,-0.6279536496380272,-0.7353536160641571,-0.19226113831692276,-0.09293225251355586,0.976111407911449
20,2,Willow Shields,Mark Ballas,0.0,0.0,0.0,0.0,0.0,1.0,0.0,0.0,0.0,0.0,0.0,-0.7376853540665704,1.098637249309589,-1.7316718807698575,0.8307546573428003,0.6766778682166501,-0.49679825605040084,1.461863305654186,0.4903007088267432,-0.9050353345198388
20,3,Willow Shields,Mark Ballas,0.0,0.0,0.0,0.0,0.0,1.0,0.0,0.0,0.0,0.0,0.0,-0.7376853540665704,1.098637249309589,-1.7316718807698575,0.4970840123427075,0.6766778682166501,-0.32111912908073464,-0.19226113831692276,1.0735336701670422,-0.2779864203760762
20,4,Willow Shields,Mark Ballas,0.0,0.0,0.0,0.0,0.0,1.0,0.0,0.0,0.0,0.0,0.0,-0.7376853540665704,1.098637249309589,-1.7316718807698575,0.16341336734261466,1.156542334554004,-0.009592241906915431,1.461863305654186,1.6567666315073413,-1.2185597915917201
20,5,Willow Shields,Mark Ballas,0.0,0.0,0.0,0.0,0.0,1.0,0.0,0.0,0.0,0.0,0.0,-0.7376853540665704,1.098637249309589,-1.7316718807698575,-0.17025727765747814,0.11068388228028614,-0.00711345817441486,-1.3737785982962865,1.8234046204617125,-0.2779864203760762
20,6,Willow Shields,Mark Ballas,0.0,0.0,0.0,0.0,0.0,1.0,0.0,0.0,0.0,0.0,0.0,-0.7376853540665704,1.098637249309589,-1.7316718807698575,-0.503927922657571,0.8345280216170952,0.14781052510691897,0.39849759167275906,1.6151071342687484,-0.9050353345198388
20,7,Willow Shields,Mark Ballas,0.0,0.0,0.0,0.0,0.0,1.0,0.0,0.0,0.0,0.0,0.0,-0.7376853540665704,1.098637249309589,-1.7316718807698575,-0.8375985676576638,0.7586059478352241,0.5786699809728016,0.39849759167275906,2.0317021066546763,-0.9050353345198388
21,1,Alek Skarlatos,Lindsay Arnold,0.0,0.0,0.0,1.0,0.0,0.0,0.0,0.0,0.0,0.0,0.0,-0.614151148181302,0.6904030858784056,-1.109845267943984,1.1644253023428932,0.47673434057608705,-0.5707888789452195,-0.19226113831692276,-0.5928462193766693,0.03553803669580512
21,2,Alek Skarlatos,Lindsay Arnold,0.0,0.0,0.0,1.0,0.0,0.0,0.0,0.0,0.0,0.0,0.0,-0.614151148181302,0.6904030858784056,-1.109845267943984,1.1644253023428932,0.49060797310625,-0.6553314407171639,-0.0741093923189864,-0.5511867221380765,-0.2779864203760762
21,3,Alek Skarlatos,Lindsay Arnold,0.0,0.0,0.0,1.0,0.0,0.0,0.0,0.0,0.0,0.0,0.0,-0.614151148181302,0.6904030858784056,-1.109845267943984,0.16341336734261466,0.47673434057608705,-0.21659100147022445,2.288925527639741,0.3653222171109648,-0.5915108774479575
21,4,Alek Skarlatos,Lindsay Arnold,0.0,0.0,0.0,1.0,0.0,0.0,0.0,0.0,0.0,0.0,0.0,-0.614151148181302,0.6904030858784056,-1.109845267943984,0.16341336734261466,-0.00884279797956782,-0.33061574190764004,-2.318992566279777,0.4903007088267432,0.3490624937676864
21,5,Alek Skarlatos,Lindsay Arnold,0.0,0.0,0.0,1.0,0.0,0.0,0.0,0.0,0.0,0.0,0.0,-0.614151148181302,0.6904030858784056,-1.109845267943984,-0.17025727765747814,-1.0868240455731213,-0.42443028755815354,0.9892563216624407,0.15702473091800087,0.6625869508395678
21,6,Alek Skarlatos,Lindsay Arnold,0.0,0.0,0.0,1.0,0.0,0.0,0.0,0.0,0.0,0.0,0.0,-0.614151148181302,0.6904030858784056,-1.109845267943984,-0.17025727765747814,-0.8828816473797461,-0.4331791604382239,0.04404235367894996,0.6569386977811144,0.6625869508395678
21,7,Alek Skarlatos,Lindsay Arnold,0.0,0.0,0.0,1.0,0.0,0.0,0.0,0.0,0.0,0.0,0.0,-0.614151148181302,0.6904030858784056,-1.109845267943984,-0.503927922657571,0.4532926856113329,-0.01117933646867592,-1.0193233603024774,0.4486412115881504,0.976111407911449
21,8,Alek Skarlatos,Lindsay Arnold,0.0,0.0,0.0,1.0,0.0,0.0,0.0,0.0,0.0,0.0,0.0,-0.614151148181302,0.6904030858784056,-1.109845267943984,-0.8375985676576638,-0.8210809206544809,0.1459009293773362,-0.5467163763107318,0.032046239202222514,0.3490624937676864
21,9,Alek Skarlatos,Lindsay Arnold,0.0,0.0,0.0,1.0,0.0,0.0,0.0,0.0,0.0,0.0,0.0,-0.614151148181302,0.6904030858784056,-1.109845267943984,-1.1712692126577566,-0.06711205460624618,0.6044831056122004,-0.0741093923189864,-0.05127275527496306,0.03553803669580512
21,10,Alek Skarlatos,Lindsay Arnold,0.0,0.0,0.0,1.0,0.0,0.0,0.0,0.0,0.0,0.0,0.0,-0.614151148181302,0.6904030858784056,-1.109845267943984,-1.8386105026579422,0.3796189128649564,2.1037748406107477,0.5166493376706954,0.24034372539518645,-0.5915108774479575
21,11,Alek Skarlatos,Lindsay Arnold,0.0,0.0,0.0,1.0,0.0,0.0,0.0,0.0,0.0,0.0,0.0,-0.614151148181302,0.6904030858784056,-1.109845267943984,-1.8386105026579422,0.6126687470519115,2.0473247743644074,-0.31043651466405947,0.4486328796887024,-0.2779864203760762
21,1,Alexa PenaVega,Mark Ballas,0.0,0.0,0.0,0.0,0.0,0.0,0.0,0.0,0.0,0.0,0.0,-0.7376853540665704,1.098637249309589,-0.7212036349278131,1.1644253023428932,0.47673434057608705,-0.5707888789452195,-0.19226113831692276,-0.5928462193766693,0.03553803669580512
21,2,Alexa PenaVega,Mark Ballas,0.0,0.0,0.0,0.0,0.0,0.0,0.0,0.0,0.0,0.0,0.0,-0.7376853540665704,1.098637249309589,-0.7212036349278131,1.1644253023428932,0.6570915634681871,-0.6229148142708668,0.04404235367894996,-0.5095272248994838,-0.5915108774479575
21,3,Alexa PenaVega,Mark Ballas,0.0,0.0,0.0,0.0,0.0,0.0,0.0,0.0,0.0,0.0,0.0,-0.7376853540665704,1.098637249309589,-0.7212036349278131,0.16341336734261466,1.156542334554004,-0.04409203516746677,2.879684257629423,0.6569386977811144,-1.2185597915917201
21,4,Alexa PenaVega,Mark Ballas,0.0,0.0,0.0,0.0,0.0,0.0,0.0,0.0,0.0,0.0,0.0,-0.7376853540665704,1.098637249309589,-0.7212036349278131,0.16341336734261466,-0.8828816473797461,-0.553548728019255,-3.7368135182550133,0.4903007088267432,0.976111407911449
21,5,Alexa PenaVega,Mark Ballas,0.0,0.0,0.0,0.0,0.0,0.0,0.0,0.0,0.0,0.0,0.0,-0.7376853540665704,1.098637249309589,-0.7212036349278131,-0.17025727765747814,1.156542334554004,0.2164711874648269,4.297505209604659,0.8235766867354855,-1.2185597915917201
21,6,Alexa PenaVega,Mark Ballas,0.0,0.0,0.0,0.0,0.0,0.0,0.0,0.0,0.0,0.0,0.0,-0.7376853540665704,1.098637249309589,-0.7212036349278131,-0.17025727765747814,-0.8828816473797461,-0.4331791604382239,-2.55529605827565,1.5734476370301556,0.6625869508395678
21,7,Alexa PenaVega,Mark Ballas,0.0,0.0,0.0,0.0,0.0,0.0,0.0,0.0,0.0,0.0,0.0,-0.7376853540665704,1.098637249309589,-0.7212036349278131,-0.503927922657571,0.7345925451884016,0.06817539161932025,-0.7830198683066045,0.531960206065336,0.03553803669580512
21,8,Alexa PenaVega,Mark Ballas,0.0,0.0,0.0,0.0,0.0,0.0,0.0,0.0,0.0,0.0,0.0,-0.7376853540665704,1.098637249309589,-0.7212036349278131,-0.8375985676576638,-0.32672454743374,0.32668129434708576,-0.31046014501325814,0.2819865588348838,0.03553803669580512
21,9,Alexa PenaVega,Mark Ballas,0.0,0.0,0.0,0.0,0.0,0.0,0.0,0.0,0.0,0.0,0.0,-0.7376853540665704,1.098637249309589,-0.7212036349278131,-1.1712692126577566,1.156542334554004,1.0842294708615117,0.5166965983690944,0.4902840450278478,-1.2185597915917201
21,1,Andy Grammer,Allison Holker,0.0,0.0,0.0,1.0,0.0,0.0,0.0,0.0,0.0,0.0,0.0,0.4765997378738518,-0.11330792337673828,-0.4102903285148764,1.1644253023428932,0.136830343587129,-0.6409384585750073,-0.19226113831692276,-0.7594842083310405,0.6625869508395678
21,2,Andy Grammer,Allison Holker,0.0,0.0,0.0,1.0,0.0,0.0,0.0,0.0,0.0,0.0,0.0,0.4765997378738518,-0.11330792337673828,-0.4102903285148764,1.1644253023428932,0.3241243827443101,-0.6877480671634626,0.04404235367894996,-0.6761652138538549,0.976111407911449
21,3,Andy Grammer,Allison Holker,0.0,0.0,0.0,1.0,0.0,0.0,0.0,0.0,0.0,0.0,0.0,0.4765997378738518,-0.11330792337673828,-0.4102903285148764,0.16341336734261466,-0.4296763180611347,-0.4465896232072351,1.461863305654186,-0.009613258036370276,0.976111407911449
21,4,Andy Grammer,Allison Holker,0.0,0.0,0.0,1.0,0.0,0.0,0.0,0.0,0.0,0.0,0.0,0.4765997378738518,-0.11330792337673828,-0.4102903285148764,0.16341336734261466,-0.30018908111296055,-0.4049267372781794,-1.610082090292159,0.0737057364408153,0.6625869508395678
21,5,Andy Grammer,Allison Holker,0.0,0.0,0.0,1.0,0.0,0.0,0.0,0.0,0.0,0.0,0.0,0.4765997378738518,-0.11330792337673828,-0.4102903285148764,-0.17025727765747814,0.3407727417805042,-0.016583894361713095,2.879684257629423,0.6569386977811144,-0.2779864203760762
21,6,Andy Grammer,Allison Holker,0.0,0.0,0.0,1.0,0.0,0.0,0.0,0.0,0.0,0.0,0.0,0.4765997378738518,-0.11330792337673828,-0.4102903285148764,-0.17025727765747814,1.156542334554004,0.12712099634922044,0.7529528296665682,2.073361603893269,-1.2185597915917201
21,7,Andy Grammer,Allison Holker,0.0,0.0,0.0,1.0,0.0,0.0,0.0,0.0,0.0,0.0,0.0,0.4765997378738518,-0.11330792337673828,-0.4102903285148764,-0.503927922657571,0.8752424749769354,0.10785275566331737,-3.027903042267395,1.4068096480757846,-0.9050353345198388
21,8,Andy Grammer,Allison Holker,0.0,0.0,0.0,1.0,0.0,0.0,0.0,0.0,0.0,0.0,0.0,0.4765997378738518,-0.11330792337673828,-0.4102903285148764,-0.8375985676576638,-1.068333268136921,0.05548362712573989,-1.137522366998813,0.0736890726419199,0.6625869508395678
21,1,Bindi Irwin,Derek Hough,0.0,0.0,0.0,0.0,0.0,0.0,0.0,0.0,0.0,0.0,0.0,-2.063861387834893,1.3838008193534315,-1.498486900960155,1.1644253023428932,1.156542334554004,-0.43048971968564337,-0.19226113831692276,-0.259570241467927,-1.2185597915917201
21,2,Bindi Irwin,Derek Hough,0.0,0.0,0.0,0.0,0.0,0.0,0.0,0.0,0.0,0.0,0.0,-2.063861387834893,1.3838008193534315,-1.498486900960155,1.1644253023428932,0.990058744192066,-0.558081561378271,-0.19226113831692276,-0.259570241467927,-0.9050353345198388
21,3,Bindi Irwin,Derek Hough,0.0,0.0,0.0,0.0,0.0,0.0,0.0,0.0,0.0,0.0,0.0,-2.063861387834893,1.3838008193534315,-1.498486900960155,0.16341336734261466,0.25013167591678137,-0.2740906569044774,1.698166797650059,0.4069817143495576,0.03553803669580512
21,4,Bindi Irwin,Derek Hough,0.0,0.0,0.0,0.0,0.0,0.0,0.0,0.0,0.0,0.0,0.0,-2.063861387834893,1.3838008193534315,-1.498486900960155,0.16341336734261466,1.156542334554004,-0.03337176042548872,-1.1374751063004138,0.7402576922583,-1.2185597915917201
21,5,Bindi Irwin,Derek Hough,0.0,0.0,0.0,0.0,0.0,0.0,0.0,0.0,0.0,0.0,0.0,-2.063861387834893,1.3838008193534315,-1.498486900960155,-0.17025727765747814,0.5447151399738793,0.04167987609492282,1.9344702896459318,1.1568526646442279,-0.5915108774479575
21,6,Bindi Irwin,Derek Hough,0.0,0.0,0.0,0.0,0.0,0.0,0.0,0.0,0.0,0.0,0.0,-2.063861387834893,1.3838008193534315,-1.498486900960155,-0.17025727765747814,1.156542334554004,0.12712099634922044,0.5166493376706954,2.1566805983704547,-1.2185597915917201
21,7,Bindi Irwin,Derek Hough,0.0,0.0,0.0,0.0,0.0,0.0,0.0,0.0,0.0,0.0,0.0,-2.063861387834893,1.3838008193534315,-1.498486900960155,-0.503927922657571,1.156542334554004,0.18720748375131208,-2.7915995502715227,1.49012864255297,-1.2185597915917201
21,8,Bindi Irwin,Derek Hough,0.0,0.0,0.0,0.0,0.0,0.0,0.0,0.0,0.0,0.0,0.0,-2.063861387834893,1.3838008193534315,-1.498486900960155,-0.8375985676576638,-0.07947219995129884,0.41709859659868376,-0.42856463031279546,0.4903007088267432,-0.5915108774479575
21,9,Bindi Irwin,Derek Hough,0.0,0.0,0.0,0.0,0.0,0.0,0.0,0.0,0.0,0.0,0.0,-2.063861387834893,1.3838008193534315,-1.498486900960155,-1.1712692126577566,1.156542334554004,1.0842294708615117,0.2803458456748227,0.5736197033039288,-1.2185597915917201
21,10,Bindi Irwin,Derek Hough,0.0,0.0,0.0,0.0,0.0,0.0,0.0,0.0,0.0,0.0,0.0,-2.063861387834893,1.3838008193534315,-1.498486900960155,-1.8386105026579422,1.156542334554004,2.5477595218119373,0.1621940996768863,0.8652361839740783,-1.2185597915917201
21,11,Bindi Irwin,Derek Hough,0.0,0.0,0.0,0.0,0.0,0.0,0.0,0.0,0.0,0.0,0.0,-2.063861387834893,1.3838008193534315,-1.498486900960155,-1.8386105026579422,1.156542334554004,2.344583869960123,-0.5467163763107318,0.8652361839740783,-1.2185597915917201
21,1,Carlos PenaVega,Witney Carson,0.0,0.0,0.0,0.0,0.0,0.0,0.0,0.0,0.0,0.0,0.0,-0.5551916408269696,0.4607713689483641,-0.7989319615310473,1.1644253023428932,0.816638337565046,-0.5006392993154314,-0.19226113831692276,-0.42620823042229816,-0.5915108774479575
21,2,Carlos PenaVega,Witney Carson,0.0,0.0,0.0,0.0,0.0,0.0,0.0,0.0,0.0,0.0,0.0,-0.5551916408269696,0.4607713689483641,-0.7989319615310473,1.1644253023428932,0.49060797310625,-0.6553314407171639,-0.3104128843148591,-0.46786772766089096,-0.2779864203760762
21,3,Carlos PenaVega,Witney Carson,0.0,0.0,0.0,0.0,0.0,0.0,0.0,0.0,0.0,0.0,0.0,-0.5551916408269696,0.4607713689483641,-0.7989319615310473,0.16341336734261466,0.023529011257476622,-0.33159031233873065,1.8163185436479952,0.19868422815659367,0.3490624937676864
21,4,Carlos PenaVega,Witney Carson,0.0,0.0,0.0,0.0,0.0,0.0,0.0,0.0,0.0,0.0,0.0,-0.5551916408269696,0.4607713689483641,-0.7989319615310473,0.16341336734261466,0.28250348515382584,-0.25630474653710206,-1.610082090292159,0.4069817143495576,0.03553803669580512
21,5,Carlos PenaVega,Witney Carson,0.0,0.0,0.0,0.0,0.0,0.0,0.0,0.0,0.0,0.0,0.0,-0.5551916408269696,0.4607713689483641,-0.7989319615310473,-0.17025727765747814,0.9525999363606288,0.158207417008191,3.1159877496252952,1.0735336701670422,-0.9050353345198388
21,6,Carlos PenaVega,Witney Carson,0.0,0.0,0.0,0.0,0.0,0.0,0.0,0.0,0.0,0.0,0.0,-0.5551916408269696,0.4607713689483641,-0.7989319615310473,-0.17025727765747814,0.7486575381672537,0.01506096499173137,-0.42856463031279546,2.1566805983704547,0.03553803669580512
21,7,Carlos PenaVega,Witney Carson,0.0,0.0,0.0,0.0,0.0,0.0,0.0,0.0,0.0,0.0,0.0,-0.5551916408269696,0.4607713689483641,-0.7989319615310473,-0.503927922657571,0.8752424749769354,0.10785275566331737,-2.55529605827565,1.2401716591214134,-0.9050353345198388
21,8,Carlos PenaVega,Witney Carson,0.0,0.0,0.0,0.0,0.0,0.0,0.0,0.0,0.0,0.0,0.0,-0.5551916408269696,0.4607713689483641,-0.7989319615310473,-0.8375985676576638,0.16768126636838168,0.5074797391613172,0.04399509298055086,0.4902840450278478,-0.9050353345198388
21,9,Carlos PenaVega,Witney Carson,0.0,0.0,0.0,0.0,0.0,0.0,0.0,0.0,0.0,0.0,0.0,-0.5551916408269696,0.4607713689483641,-0.7989319615310473,-1.1712692126577566,0.3407727417805042,0.7643985606953049,-0.6648208616102691,0.4069650505506622,-0.2779864203760762
21,10,Carlos PenaVega,Witney Carson,0.0,0.0,0.0,0.0,0.0,0.0,0.0,0.0,0.0,0.0,0.0,-0.5551916408269696,0.4607713689483641,-0.7989319615310473,-1.8386105026579422,1.156542334554004,2.5477595218119373,0.8711045756645045,0.6152792005425215,-1.2185597915917201
21,11,Carlos PenaVega,Witney Carson,0.0,0.0,0.0,0.0,0.0,0.0,0.0,0.0,0.0,0.0,0.0,-0.5551916408269696,0.4607713689483641,-0.7989319615310473,-1.8386105026579422,1.156542334554004,2.344583869960123,-0.5467163763107318,0.8652361839740783,-1.2185597915917201
21,1,Chaka Khan,Keo Motsepe,0.0,0.0,0.0,0.0,0.0,0.0,0.0,0.0,0.0,0.0,0.0,2.0324756263909634,-0.8574847837981677,1.999287796185383,1.1644253023428932,-2.582401632324538,-1.2021350956133114,-0.19226113831692276,-2.0925881199660097,2.230209236198974
21,2,Chaka Khan,Keo Motsepe,0.0,0.0,0.0,0.0,0.0,0.0,0.0,0.0,0.0,0.0,0.0,2.0324756263909634,-0.8574847837981677,1.999287796185383,1.1644253023428932,-2.006645882322833,-1.1415808374116276,0.2803458456748227,-1.9259501310116385,2.543733693270856
21,1,Gary Busey,Anna Trebunskaya,0.0,0.0,0.0,0.0,0.0,0.0,0.0,0.0,0.0,0.0,0.0,1.0259951473119513,-0.4786311094018037,2.6988427356144906,1.1644253023428932,-1.902593638346621,-1.0618359363537355,-0.19226113831692276,-1.7593121420572673,1.2896358649833304
21,2,Gary Busey,Anna Trebunskaya,0.0,0.0,0.0,0.0,0.0,0.0,0.0,0.0,0.0,0.0,0.0,1.0259951473119513,-0.4786311094018037,2.6988427356144906,1.1644253023428932,-1.5071951112370168,-1.044330958072735,0.1621940996768863,-1.634333650341489,2.230209236198974
21,3,Gary Busey,Anna Trebunskaya,0.0,0.0,0.0,0.0,0.0,0.0,0.0,0.0,0.0,0.0,0.0,1.0259951473119513,-0.4786311094018037,2.6988427356144906,0.16341336734261466,-1.3360869766983574,-0.6765882449442457,1.8163185436479952,-0.8011437055696332,1.2896358649833304
21,4,Gary Busey,Anna Trebunskaya,0.0,0.0,0.0,0.0,0.0,0.0,0.0,0.0,0.0,0.0,0.0,1.0259951473119513,-0.4786311094018037,2.6988427356144906,0.16341336734261466,-2.3396130630467105,-0.9251037048719458,-2.318992566279777,-0.8428032028082261,1.6031603220552115
21,1,Hayes Grier,Emma Slater,0.0,0.0,0.0,0.0,0.0,0.0,0.0,0.0,0.0,0.0,0.0,0.8819463509348887,-1.1179466849456678,-1.6539435541666232,1.1644253023428932,0.136830343587129,-0.6409384585750073,-0.19226113831692276,-0.7594842083310405,0.6625869508395678
21,2,Hayes Grier,Emma Slater,0.0,0.0,0.0,0.0,0.0,0.0,0.0,0.0,0.0,0.0,0.0,0.8819463509348887,-1.1179466849456678,-1.6539435541666232,1.1644253023428932,0.49060797310625,-0.6553314407171639,0.1621940996768863,-0.6345057166152621,-0.2779864203760762
21,3,Hayes Grier,Emma Slater,0.0,0.0,0.0,0.0,0.0,0.0,0.0,0.0,0.0,0.0,0.0,0.8819463509348887,-1.1179466849456678,-1.6539435541666232,0.16341336734261466,-0.20307365340182904,-0.3890899677729819,1.5800150516521225,0.11536523367940808,0.6625869508395678
21,4,Hayes Grier,Emma Slater,0.0,0.0,0.0,0.0,0.0,0.0,0.0,0.0,0.0,0.0,0.0,0.8819463509348887,-1.1179466849456678,-1.6539435541666232,0.16341336734261466,0.8651960514206122,-0.10768275579602667,-0.9011716143045408,0.4903007088267432,-0.9050353345198388
21,5,Hayes Grier,Emma Slater,0.0,0.0,0.0,0.0,0.0,0.0,0.0,0.0,0.0,0.0,0.0,0.8819463509348887,-1.1179466849456678,-1.6539435541666232,-0.17025727765747814,-0.8828816473797461,-0.36616651710151954,0.5166493376706954,0.4903007088267432,0.3490624937676864
21,6,Hayes Grier,Emma Slater,0.0,0.0,0.0,0.0,0.0,0.0,0.0,0.0,0.0,0.0,0.0,0.8819463509348887,-1.1179466849456678,-1.6539435541666232,-0.17025727765747814,-0.47499685099299566,-0.32111912908073464,0.2803458456748227,0.9068956812126711,0.3490624937676864
21,7,Hayes Grier,Emma Slater,0.0,0.0,0.0,0.0,0.0,0.0,0.0,0.0,0.0,0.0,0.0,0.8819463509348887,-1.1179466849456678,-1.6539435541666232,-0.503927922657571,0.8752424749769354,0.10785275566331737,-1.1374751063004138,0.7402576922583,-0.9050353345198388
21,1,Kim Zolciak-Biermann,Tony Dovolani,0.0,0.0,0.0,0.0,0.0,0.0,0.0,0.0,0.0,0.0,0.0,0.722264351850238,-0.6873872157018412,0.05607963110452864,1.1644253023428932,-2.922305629313496,-1.2722846752430994,-0.19226113831692276,-2.2592261089203807,2.543733693270856
21,2,Kim Zolciak-Biermann,Tony Dovolani,0.0,0.0,0.0,0.0,0.0,0.0,0.0,0.0,0.0,0.0,0.0,0.722264351850238,-0.6873872157018412,0.05607963110452864,1.1644253023428932,-0.8412607497892617,-0.9146644522875452,1.3437115596562499,-1.7176526448186746,1.2896358649833304
21,1,Nick Carter,Sharna Burgess,0.0,0.0,0.0,0.0,0.0,0.0,0.0,0.0,0.0,0.0,0.0,0.0765173665408801,0.4607713689483641,-0.09937702210193972,1.1644253023428932,1.156542334554004,-0.43048971968564337,-0.19226113831692276,-0.259570241467927,-1.2185597915917201
21,2,Nick Carter,Sharna Burgess,0.0,0.0,0.0,0.0,0.0,0.0,0.0,0.0,0.0,0.0,0.0,0.0765173665408801,0.4607713689483641,-0.09937702210193972,1.1644253023428932,0.49060797310625,-0.6553314407171639,-0.5467163763107318,-0.38454873318370536,-0.2779864203760762
21,3,Nick Carter,Sharna Burgess,0.0,0.0,0.0,0.0,0.0,0.0,0.0,0.0,0.0,0.0,0.0,0.0765173665408801,0.4607713689483641,-0.09937702210193972,0.16341336734261466,1.156542334554004,-0.04409203516746677,2.9978360036273592,0.6152792005425215,-1.2185597915917201
21,4,Nick Carter,Sharna Burgess,0.0,0.0,0.0,0.0,0.0,0.0,0.0,0.0,0.0,0.0,0.0,0.0765173665408801,0.4607713689483641,-0.09937702210193972,0.16341336734261466,0.8651960514206122,-0.10768275579602667,-2.318992566279777,0.9902146756898567,-0.9050353345198388
21,5,Nick Carter,Sharna Burgess,0.0,0.0,0.0,0.0,0.0,0.0,0.0,0.0,0.0,0.0,0.0,0.0765173665408801,0.4607713689483641,-0.09937702210193972,-0.17025727765747814,0.136830343587129,-0.07484766481834706,1.698166797650059,0.9068956812126711,0.03553803669580512
21,6,Nick Carter,Sharna Burgess,0.0,0.0,0.0,0.0,0.0,0.0,0.0,0.0,0.0,0.0,0.0,0.0765173665408801,0.4607713689483641,-0.09937702210193972,-0.17025727765747814,0.9525999363606288,0.07109098067047505,0.7529528296665682,1.906723614938898,-0.2779864203760762
21,7,Nick Carter,Sharna Burgess,0.0,0.0,0.0,0.0,0.0,0.0,0.0,0.0,0.0,0.0,0.0,0.0765173665408801,0.4607713689483641,-0.09937702210193972,-0.503927922657571,0.5939426153998668,0.02849802757532144,-3.027903042267395,1.2401716591214134,0.3490624937676864
21,8,Nick Carter,Sharna Burgess,0.0,0.0,0.0,0.0,0.0,0.0,0.0,0.0,0.0,0.0,0.0,0.0765173665408801,0.4607713689483641,-0.09937702210193972,-0.8375985676576638,1.156542334554004,0.8690947086342612,1.2255598136583135,0.7402576922583,-1.2185597915917201
21,9,Nick Carter,Sharna Burgess,0.0,0.0,0.0,0.0,0.0,0.0,0.0,0.0,0.0,0.0,0.0,0.0765173665408801,0.4607713689483641,-0.09937702210193972,-1.1712692126577566,0.47673434057608705,0.8177037123896717,-1.4919303442942229,0.7819171894968927,-0.5915108774479575
21,10,Nick Carter,Sharna Burgess,0.0,0.0,0.0,0.0,0.0,0.0,0.0,0.0,0.0,0.0,0.0,0.0765173665408801,0.4607713689483641,-0.09937702210193972,-1.8386105026579422,-0.00884279797956782,1.881782500010152,-0.3104128843148591,0.28200322263377925,-0.2779864203760762
21,11,Nick Carter,Sharna Burgess,0.0,0.0,0.0,0.0,0.0,0.0,0.0,0.0,0.0,0.0,0.0,0.0765173665408801,0.4607713689483641,-0.09937702210193972,-1.8386105026579422,1.156542334554004,2.344583869960123,0.5166493376706954,0.4903007088267432,-1.2185597915917201
21,1,Paula Deen,Louis van Amstel,0.0,0.0,0.0,0.0,0.0,0.0,0.0,0.0,0.0,0.0,0.0,0.3292009694880202,-0.9657286907685575,2.4656577558047883,1.1644253023428932,-1.902593638346621,-1.0618359363537355,-0.19226113831692276,-1.7593121420572673,1.2896358649833304
21,2,Paula Deen,Louis van Amstel,0.0,0.0,0.0,0.0,0.0,0.0,0.0,0.0,0.0,0.0,0.0,0.3292009694880202,-0.9657286907685575,2.4656577558047883,1.1644253023428932,-0.8412607497892617,-0.9146644522875452,0.6348010836686317,-1.467695661387118,1.2896358649833304
21,3,Paula Deen,Louis van Amstel,0.0,0.0,0.0,0.0,0.0,0.0,0.0,0.0,0.0,0.0,0.0,0.3292009694880202,-0.9657286907685575,2.4656577558047883,0.16341336734261466,-2.4691002999948846,-0.9640865221155077,0.1621940996768863,-1.05110068900119,1.6031603220552115
21,4,Paula Deen,Louis van Amstel,0.0,0.0,0.0,0.0,0.0,0.0,0.0,0.0,0.0,0.0,0.0,0.3292009694880202,-0.9657286907685575,2.4656577558047883,0.16341336734261466,-1.7569204967799241,-0.7764817141308701,-0.6648681223086682,-1.0927601862397827,1.2896358649833304
21,5,Paula Deen,Louis van Amstel,0.0,0.0,0.0,0.0,0.0,0.0,0.0,0.0,0.0,0.0,0.0,0.3292009694880202,-0.9657286907685575,2.4656577558047883,-0.17025727765747814,-1.6986512401532459,-0.5992215989280578,1.698166797650059,-0.5928462193766693,1.2896358649833304
21,6,Paula Deen,Louis van Amstel,0.0,0.0,0.0,0.0,0.0,0.0,0.0,0.0,0.0,0.0,0.0,0.3292009694880202,-0.9657286907685575,2.4656577558047883,-0.17025727765747814,-2.106536036539996,-0.7693592545106899,-0.6648681223086682,-0.09293225251355586,1.2896358649833304
21,1,Tamar Braxton,Valentin Chmerkovskiy,0.0,0.0,0.0,0.0,0.0,0.0,0.0,0.0,0.0,0.0,0.0,-0.6948325792977572,1.0852084939335633,0.13380795770776283,1.1644253023428932,0.816638337565046,-0.5006392993154314,-0.19226113831692276,-0.42620823042229816,-0.5915108774479575
21,2,Tamar Braxton,Valentin Chmerkovskiy,0.0,0.0,0.0,0.0,0.0,0.0,0.0,0.0,0.0,0.0,0.0,-0.6948325792977572,1.0852084939335633,0.13380795770776283,1.1644253023428932,1.156542334554004,-0.525664934931974,0.1621940996768863,-0.3012297387065198,-1.2185597915917201
21,3,Tamar Braxton,Valentin Chmerkovskiy,0.0,0.0,0.0,0.0,0.0,0.0,0.0,0.0,0.0,0.0,0.0,-0.6948325792977572,1.0852084939335633,0.13380795770776283,0.16341336734261466,0.47673434057608705,-0.21659100147022445,1.8163185436479952,0.531960206065336,-0.5915108774479575
21,4,Tamar Braxton,Valentin Chmerkovskiy,0.0,0.0,0.0,0.0,0.0,0.0,0.0,0.0,0.0,0.0,0.0,-0.6948325792977572,1.0852084939335633,0.13380795770776283,0.16341336734261466,0.8651960514206122,-0.10768275579602667,-1.610082090292159,0.7402576922583,-0.9050353345198388
21,5,Tamar Braxton,Valentin Chmerkovskiy,0.0,0.0,0.0,0.0,0.0,0.0,0.0,0.0,0.0,0.0,0.0,-0.6948325792977572,1.0852084939335633,0.13380795770776283,-0.17025727765747814,-1.0868240455731213,-0.42443028755815354,0.2803458456748227,0.4069817143495576,0.6625869508395678
21,6,Tamar Braxton,Valentin Chmerkovskiy,0.0,0.0,0.0,0.0,0.0,0.0,0.0,0.0,0.0,0.0,0.0,-0.6948325792977572,1.0852084939335633,0.13380795770776283,-0.17025727765747814,1.156542334554004,0.12712099634922044,2.407077273637677,1.49012864255297,-1.2185597915917201
21,7,Tamar Braxton,Valentin Chmerkovskiy,0.0,0.0,0.0,0.0,0.0,0.0,0.0,0.0,0.0,0.0,0.0,-0.6948325792977572,1.0852084939335633,0.13380795770776283,-0.503927922657571,0.5939426153998668,0.02849802757532144,-3.264206534263268,1.3234906535985989,0.3490624937676864
21,8,Tamar Braxton,Valentin Chmerkovskiy,0.0,0.0,0.0,0.0,0.0,0.0,0.0,0.0,0.0,0.0,0.0,-0.6948325792977572,1.0852084939335633,0.13380795770776283,-0.8375985676576638,-0.07947219995129884,0.41709859659868376,0.04404235367894996,0.32366271987237205,-0.5915108774479575
21,9,Tamar Braxton,Valentin Chmerkovskiy,0.0,0.0,0.0,0.0,0.0,0.0,0.0,0.0,0.0,0.0,0.0,-0.6948325792977572,1.0852084939335633,0.13380795770776283,-1.1712692126577566,-0.3390352521974128,0.49787280222346486,-1.0193233603024774,0.11536523367940808,0.3490624937676864
21,1,Victor Espinoza,Karina Smirnoff,0.0,0.0,0.0,0.0,0.0,0.0,0.0,0.0,0.0,0.0,0.0,0.16542456017042953,-0.2621432954610242,0.5224495907239337,1.1644253023428932,-1.902593638346621,-1.0618359363537355,-0.19226113831692276,-1.7593121420572673,1.2896358649833304
21,2,Victor Espinoza,Karina Smirnoff,0.0,0.0,0.0,0.0,0.0,0.0,0.0,0.0,0.0,0.0,0.0,0.16542456017042953,-0.2621432954610242,0.5224495907239337,1.1644253023428932,-0.8412607497892617,-0.9146644522875452,0.6348010836686317,-1.467695661387118,1.2896358649833304
22,1,Antonio Brown,Sharna Burgess,0.0,0.0,0.0,0.0,0.0,0.0,0.0,0.0,0.0,0.0,0.0,0.0765173665408801,0.4607713689483641,-0.7212036349278131,0.8307546573428003,0.44717747127270013,-0.5601332465963919,-0.19226113831692276,-0.7594842083310405,-0.2779864203760762
22,2,Antonio Brown,Sharna Burgess,0.0,0.0,0.0,0.0,0.0,0.0,0.0,0.0,0.0,0.0,0.0,0.0765173665408801,0.4607713689483641,-0.7212036349278131,0.8307546573428003,-0.5429776503907879,-0.7021707187603324,-0.6648681223086682,-0.9261221972854116,1.2896358649833304
22,3,Antonio Brown,Sharna Burgess,0.0,0.0,0.0,0.0,0.0,0.0,0.0,0.0,0.0,0.0,0.0,0.0765173665408801,0.4607713689483641,-0.7212036349278131,0.4970840123427075,-0.47499685099299566,-0.6341306934632567,0.04404235367894996,-1.0094411917625972,0.976111407911449
22,4,Antonio Brown,Sharna Burgess,0.0,0.0,0.0,0.0,0.0,0.0,0.0,0.0,0.0,0.0,0.0,0.0765173665408801,0.4607713689483641,-0.7212036349278131,0.16341336734261466,0.9299396698946983,-0.18991404534398793,3.352291241621168,0.32366271987237205,-0.5915108774479575
22,5,Antonio Brown,Sharna Burgess,0.0,0.0,0.0,0.0,0.0,0.0,0.0,0.0,0.0,0.0,0.0,0.0765173665408801,0.4607713689483641,-0.7212036349278131,-0.17025727765747814,-1.2687186169347795,-0.46200619749033145,-2.318992566279777,0.8235766867354855,1.2896358649833304
22,6,Antonio Brown,Sharna Burgess,0.0,0.0,0.0,0.0,0.0,0.0,0.0,0.0,0.0,0.0,0.0,0.0765173665408801,0.4607713689483641,-0.7212036349278131,-0.17025727765747814,0.5939426153998668,-0.028133981016111004,0.04404235367894996,0.15702473091800087,-0.5915108774479575
22,7,Antonio Brown,Sharna Burgess,0.0,0.0,0.0,0.0,0.0,0.0,0.0,0.0,0.0,0.0,0.0,0.0765173665408801,0.4607713689483641,-0.7212036349278131,-0.503927922657571,0.5738497682872186,0.016631900010761667,-0.42856463031279546,0.15702473091800087,0.03553803669580512
22,8,Antonio Brown,Sharna Burgess,0.0,0.0,0.0,0.0,0.0,0.0,0.0,0.0,0.0,0.0,0.0,0.0765173665408801,0.4607713689483641,-0.7212036349278131,-1.1712692126577566,0.3407727417805042,0.6877526916909765,0.04404235367894996,0.15702473091800087,0.03553803669580512
22,9,Antonio Brown,Sharna Burgess,0.0,0.0,0.0,0.0,0.0,0.0,0.0,0.0,0.0,0.0,0.0,0.0765173665408801,0.4607713689483641,-0.7212036349278131,-1.5049398576578494,0.47673434057608705,1.2467451772467795,-0.0741093923189864,0.28200322263377925,0.03553803669580512
22,1,Doug Flutie,Karina Smirnoff,0.0,0.0,0.0,0.0,0.0,0.0,0.0,0.0,0.0,0.0,1.0,0.16542456017042953,-0.2621432954610242,1.2997328567562754,0.8307546573428003,-1.6809171185712133,-1.0041179277975811,-0.19226113831692276,-1.7593121420572673,1.916684779127093
22,2,Doug Flutie,Karina Smirnoff,0.0,0.0,0.0,0.0,0.0,0.0,0.0,0.0,0.0,0.0,1.0,0.16542456017042953,-0.2621432954610242,1.2997328567562754,0.8307546573428003,-0.20307365340182904,-0.6278597233897928,0.9892563216624407,-1.3427171696713396,0.03553803669580512
22,3,Doug Flutie,Karina Smirnoff,0.0,0.0,0.0,0.0,0.0,0.0,0.0,0.0,0.0,0.0,1.0,0.16542456017042953,-0.2621432954610242,1.2997328567562754,0.4970840123427075,-0.47499685099299566,-0.6341306934632567,-0.19226113831692276,-0.9261221972854116,0.976111407911449
22,4,Doug Flutie,Karina Smirnoff,0.0,0.0,0.0,0.0,0.0,0.0,0.0,0.0,0.0,0.0,1.0,0.16542456017042953,-0.2621432954610242,1.2997328567562754,0.16341336734261466,-1.562689641357663,-0.7946518007731956,0.7529528296665682,-0.5928462193766693,1.6031603220552115
22,5,Doug Flutie,Karina Smirnoff,0.0,0.0,0.0,0.0,0.0,0.0,0.0,0.0,0.0,0.0,1.0,0.16542456017042953,-0.2621432954610242,1.2997328567562754,-0.17025727765747814,-0.8277620803004552,-0.33492362569723716,0.7529528296665682,0.0737057364408153,0.6625869508395678
22,6,Doug Flutie,Karina Smirnoff,0.0,0.0,0.0,0.0,0.0,0.0,0.0,0.0,0.0,0.0,1.0,0.16542456017042953,-0.2621432954610242,1.2997328567562754,-0.17025727765747814,-1.0938565420625477,-0.49167745874598767,-1.846385582288032,-0.17625124699074143,1.2896358649833304
22,1,Geraldo Rivera,Edyta Sliwinska,0.0,0.0,0.0,0.0,0.0,0.0,0.0,0.0,0.0,0.0,0.0,0.6507982823298348,-0.4786311094018037,2.776571062217725,0.8307546573428003,-2.3902819818525183,-1.1521128215313123,-0.19226113831692276,-2.0925881199660097,2.230209236198974
22,2,Geraldo Rivera,Edyta Sliwinska,0.0,0.0,0.0,0.0,0.0,0.0,0.0,0.0,0.0,0.0,0.0,0.6507982823298348,-0.4786311094018037,2.776571062217725,0.8307546573428003,-2.582401632324538,-1.1480366909835609,-0.19226113831692276,-2.0925881199660097,2.230209236198974
22,1,Ginger Zee,Valentin Chmerkovskiy,0.0,0.0,0.0,1.0,0.0,0.0,0.0,0.0,0.0,0.0,0.0,-0.6948325792977572,1.0852084939335633,-0.09937702210193972,0.8307546573428003,1.156542334554004,-0.412138352862661,-0.19226113831692276,-0.42620823042229816,-1.2185597915917201
22,2,Ginger Zee,Valentin Chmerkovskiy,0.0,0.0,0.0,1.0,0.0,0.0,0.0,0.0,0.0,0.0,0.0,-0.6948325792977572,1.0852084939335633,-0.09937702210193972,0.8307546573428003,0.136830343587129,-0.553548728019255,-0.6648681223086682,-0.5928462193766693,-0.5915108774479575
22,3,Ginger Zee,Valentin Chmerkovskiy,0.0,0.0,0.0,1.0,0.0,0.0,0.0,0.0,0.0,0.0,0.0,-0.6948325792977572,1.0852084939335633,-0.09937702210193972,0.4970840123427075,-0.14868901388359626,-0.5601332465963919,-0.19226113831692276,-0.7594842083310405,0.3490624937676864
22,4,Ginger Zee,Valentin Chmerkovskiy,0.0,0.0,0.0,1.0,0.0,0.0,0.0,0.0,0.0,0.0,0.0,-0.6948325792977572,1.0852084939335633,-0.09937702210193972,0.16341336734261466,1.156542334554004,-0.13493788575951476,3.352291241621168,0.4903007088267432,-1.2185597915917201
22,5,Ginger Zee,Valentin Chmerkovskiy,0.0,0.0,0.0,1.0,0.0,0.0,0.0,0.0,0.0,0.0,0.0,-0.6948325792977572,1.0852084939335633,-0.09937702210193972,-0.17025727765747814,0.054150992968193576,-0.08075848211104882,-1.1374751063004138,1.4068096480757846,-0.5915108774479575
22,6,Ginger Zee,Valentin Chmerkovskiy,0.0,0.0,0.0,1.0,0.0,0.0,0.0,0.0,0.0,0.0,0.0,-0.6948325792977572,1.0852084939335633,-0.09937702210193972,-0.17025727765747814,-0.24995696333134093,-0.25990571988104944,-2.082689074283904,0.4069817143495576,0.3490624937676864
22,7,Ginger Zee,Valentin Chmerkovskiy,0.0,0.0,0.0,1.0,0.0,0.0,0.0,0.0,0.0,0.0,0.0,-0.6948325792977572,1.0852084939335633,-0.09937702210193972,-0.503927922657571,1.0108691929873082,0.1395575652498757,0.6348010836686317,0.032046239202222514,-0.9050353345198388
22,8,Ginger Zee,Valentin Chmerkovskiy,0.0,0.0,0.0,1.0,0.0,0.0,0.0,0.0,0.0,0.0,0.0,-0.6948325792977572,1.0852084939335633,-0.09937702210193972,-1.1712692126577566,1.156542334554004,0.9990673941900349,0.39849759167275906,0.531960206065336,-1.2185597915917201
22,9,Ginger Zee,Valentin Chmerkovskiy,0.0,0.0,0.0,1.0,0.0,0.0,0.0,0.0,0.0,0.0,0.0,-0.6948325792977572,1.0852084939335633,-0.09937702210193972,-1.5049398576578494,0.6126959393716699,1.30785108284764,-0.6648681223086682,0.5736197033039288,-0.2779864203760762
22,10,Ginger Zee,Valentin Chmerkovskiy,0.0,0.0,0.0,1.0,0.0,0.0,0.0,0.0,0.0,0.0,0.0,-0.6948325792977572,1.0852084939335633,-0.09937702210193972,-2.172281147658035,0.7898851594802883,3.5973318859383405,-0.11352481478389848,0.4347436033093557,-0.5915108774479575
22,1,Jodie Sweetin,Keo Motsepe,0.0,0.0,0.0,1.0,0.0,0.0,0.0,0.0,0.0,0.0,0.0,2.0324756263909634,-0.8574847837981677,-0.1771053487051739,0.8307546573428003,0.09249503963204728,-0.6341306934632567,-0.19226113831692276,-0.9261221972854116,0.976111407911449
22,2,Jodie Sweetin,Keo Motsepe,0.0,0.0,0.0,1.0,0.0,0.0,0.0,0.0,0.0,0.0,0.0,2.0324756263909634,-0.8574847837981677,-0.1771053487051739,0.8307546573428003,0.136830343587129,-0.553548728019255,0.04404235367894996,-0.8428032028082261,-0.5915108774479575
22,3,Jodie Sweetin,Keo Motsepe,0.0,0.0,0.0,1.0,0.0,0.0,0.0,0.0,0.0,0.0,0.0,2.0324756263909634,-0.8574847837981677,-0.1771053487051739,0.4970840123427075,0.5039266603352043,-0.412138352862661,0.2803458456748227,-0.5928462193766693,-0.5915108774479575
22,4,Jodie Sweetin,Keo Motsepe,0.0,0.0,0.0,1.0,0.0,0.0,0.0,0.0,0.0,0.0,0.0,2.0324756263909634,-0.8574847837981677,-0.1771053487051739,0.16341336734261466,-0.8828816473797461,-0.6297233220197763,0.7529528296665682,-0.09293225251355586,1.2896358649833304
22,5,Jodie Sweetin,Keo Motsepe,0.0,0.0,0.0,1.0,0.0,0.0,0.0,0.0,0.0,0.0,0.0,2.0324756263909634,-0.8574847837981677,-0.1771053487051739,-0.17025727765747814,0.7155857979196806,0.10986537557859237,1.698166797650059,0.9068956812126711,-0.9050353345198388
22,6,Jodie Sweetin,Keo Motsepe,0.0,0.0,0.0,1.0,0.0,0.0,0.0,0.0,0.0,0.0,0.0,2.0324756263909634,-0.8574847837981677,-0.1771053487051739,-0.17025727765747814,0.0313428962457277,-0.18264847359273728,-2.55529605827565,0.7402576922583,-0.2779864203760762
22,7,Jodie Sweetin,Keo Motsepe,0.0,0.0,0.0,1.0,0.0,0.0,0.0,0.0,0.0,0.0,0.0,2.0324756263909634,-0.8574847837981677,-0.1771053487051739,-0.503927922657571,0.4281766267205208,-0.024343321735609106,-0.0741093923189864,-0.05127275527496306,0.976111407911449
22,8,Jodie Sweetin,Keo Motsepe,0.0,0.0,0.0,1.0,0.0,0.0,0.0,0.0,0.0,0.0,0.0,2.0324756263909634,-0.8574847837981677,-0.1771053487051739,-1.1712692126577566,1.156542334554004,0.9990673941900349,0.8711045756645045,0.3653222171109648,-1.2185597915917201
22,1,Kim Fields,Sasha Farber,0.0,0.0,0.0,0.0,0.0,0.0,0.0,0.0,0.0,0.0,1.0,-0.21126118126002927,-0.5598140396295962,0.7556345705336363,0.8307546573428003,0.09249503963204728,-0.6341306934632567,-0.19226113831692276,-0.9261221972854116,0.976111407911449
22,2,Kim Fields,Sasha Farber,0.0,0.0,0.0,0.0,0.0,0.0,0.0,0.0,0.0,0.0,1.0,-0.21126118126002927,-0.5598140396295962,0.7556345705336363,0.8307546573428003,-0.5429776503907879,-0.7021707187603324,-0.42856463031279546,-1.0094411917625972,1.2896358649833304
22,3,Kim Fields,Sasha Farber,0.0,0.0,0.0,0.0,0.0,0.0,0.0,0.0,0.0,0.0,1.0,-0.21126118126002927,-0.5598140396295962,0.7556345705336363,0.4970840123427075,0.17761882322580402,-0.48613579972952725,0.5166493376706954,-0.8428032028082261,0.03553803669580512
22,4,Kim Fields,Sasha Farber,0.0,0.0,0.0,0.0,0.0,0.0,0.0,0.0,0.0,0.0,1.0,-0.21126118126002927,-0.5598140396295962,0.7556345705336363,0.16341336734261466,0.25013167591678137,-0.35484252409740885,2.1707737816418047,0.24034372539518645,0.3490624937676864
22,5,Kim Fields,Sasha Farber,0.0,0.0,0.0,0.0,0.0,0.0,0.0,0.0,0.0,0.0,1.0,-0.21126118126002927,-0.5598140396295962,0.7556345705336363,-0.17025727765747814,-0.8277620803004552,-0.33492362569723716,-1.1374751063004138,0.7402576922583,0.6625869508395678
22,6,Kim Fields,Sasha Farber,0.0,0.0,0.0,0.0,0.0,0.0,0.0,0.0,0.0,0.0,1.0,-0.21126118126002927,-0.5598140396295962,0.7556345705336363,-0.17025727765747814,-0.24995696333134093,-0.25990571988104944,-1.1374751063004138,0.0737057364408153,0.3490624937676864
22,7,Kim Fields,Sasha Farber,0.0,0.0,0.0,0.0,0.0,0.0,0.0,0.0,0.0,0.0,1.0,-0.21126118126002927,-0.5598140396295962,0.7556345705336363,-0.503927922657571,0.5738497682872186,0.016631900010761667,0.2803458456748227,-0.09293225251355586,0.03553803669580512
22,1,Marla Maples,Tony Dovolani,0.0,0.0,0.0,0.0,0.0,0.0,0.0,0.0,0.0,0.0,1.0,0.722264351850238,-0.6873872157018412,1.2220045301530413,0.8307546573428003,0.44717747127270013,-0.5601332465963919,-0.19226113831692276,-0.7594842083310405,-0.2779864203760762
22,2,Marla Maples,Tony Dovolani,0.0,0.0,0.0,0.0,0.0,0.0,0.0,0.0,0.0,0.0,1.0,0.722264351850238,-0.6873872157018412,1.2220045301530413,0.8307546573428003,-0.20307365340182904,-0.6278597233897928,-0.42856463031279546,-0.8428032028082261,0.03553803669580512
22,3,Marla Maples,Tony Dovolani,0.0,0.0,0.0,0.0,0.0,0.0,0.0,0.0,0.0,0.0,1.0,0.722264351850238,-0.6873872157018412,1.2220045301530413,0.4970840123427075,-0.14868901388359626,-0.5601332465963919,0.04404235367894996,-0.8428032028082261,0.3490624937676864
22,4,Marla Maples,Tony Dovolani,0.0,0.0,0.0,0.0,0.0,0.0,0.0,0.0,0.0,0.0,1.0,0.722264351850238,-0.6873872157018412,1.2220045301530413,0.16341336734261466,-0.6562789827204404,-0.5747471624353014,1.461863305654186,-0.17625124699074143,0.976111407911449
22,1,Mischa Barton,Artem Chigvintsev,0.0,0.0,0.0,0.0,0.0,0.0,0.0,0.0,0.0,0.0,0.0,0.5748655834644064,-1.0063201558824537,-0.4880186551181106,0.8307546573428003,-1.3262346869305615,-0.9301204809307166,-0.19226113831692276,-1.5926741531028963,1.6031603220552115
22,2,Mischa Barton,Artem Chigvintsev,0.0,0.0,0.0,0.0,0.0,0.0,0.0,0.0,0.0,0.0,0.0,0.5748655834644064,-1.0063201558824537,-0.4880186551181106,0.8307546573428003,-1.902593638346621,-0.9994147002424835,-0.42856463031279546,-1.6759931475800818,1.916684779127093
22,3,Mischa Barton,Artem Chigvintsev,0.0,0.0,0.0,0.0,0.0,0.0,0.0,0.0,0.0,0.0,0.0,0.5748655834644064,-1.0063201558824537,-0.4880186551181106,0.4970840123427075,-1.1276125252117963,-0.7821255871969858,0.5166493376706954,-1.5093551586257106,1.916684779127093
22,1,Nyle DiMarco,Peta Murgatroyd,0.0,1.0,0.0,0.0,0.0,0.0,0.0,0.0,0.0,0.0,0.0,0.5650389989053509,-0.7384164861307391,-0.7989319615310473,0.8307546573428003,1.156542334554004,-0.412138352862661,-0.19226113831692276,-0.42620823042229816,-1.2185597915917201
22,2,Nyle DiMarco,Peta Murgatroyd,0.0,1.0,0.0,0.0,0.0,0.0,0.0,0.0,0.0,0.0,0.0,0.5650389989053509,-0.7384164861307391,-0.7989319615310473,0.8307546573428003,-0.20307365340182904,-0.6278597233897928,-0.9011716143045408,-0.6761652138538549,0.03553803669580512
22,3,Nyle DiMarco,Peta Murgatroyd,0.0,1.0,0.0,0.0,0.0,0.0,0.0,0.0,0.0,0.0,0.0,0.5650389989053509,-0.7384164861307391,-0.7989319615310473,0.4970840123427075,1.156542334554004,-0.26414345912893183,0.9892563216624407,-0.5095272248994838,-1.2185597915917201
22,4,Nyle DiMarco,Peta Murgatroyd,0.0,1.0,0.0,0.0,0.0,0.0,0.0,0.0,0.0,0.0,0.0,0.5650389989053509,-0.7384164861307391,-0.7989319615310473,0.16341336734261466,0.7033370052353927,-0.24489020492846278,1.9344702896459318,0.6569386977811144,0.03553803669580512
22,5,Nyle DiMarco,Peta Murgatroyd,0.0,1.0,0.0,0.0,0.0,0.0,0.0,0.0,0.0,0.0,0.0,0.5650389989053509,-0.7384164861307391,-0.7989319615310473,-0.17025727765747814,1.156542334554004,0.23694794737168667,0.5166493376706954,1.6567666315073413,-1.2185597915917201
22,6,Nyle DiMarco,Peta Murgatroyd,0.0,1.0,0.0,0.0,0.0,0.0,0.0,0.0,0.0,0.0,0.0,0.5650389989053509,-0.7384164861307391,-0.7989319615310473,-0.17025727765747814,0.0313428962457277,-0.18264847359273728,-3.027903042267395,0.9068956812126711,-0.2779864203760762
22,7,Nyle DiMarco,Peta Murgatroyd,0.0,1.0,0.0,0.0,0.0,0.0,0.0,0.0,0.0,0.0,0.0,0.5650389989053509,-0.7384164861307391,-0.7989319615310473,-0.503927922657571,1.156542334554004,0.18053278699624817,0.5166493376706954,0.15702473091800087,-1.2185597915917201
22,8,Nyle DiMarco,Peta Murgatroyd,0.0,1.0,0.0,0.0,0.0,0.0,0.0,0.0,0.0,0.0,0.0,0.5650389989053509,-0.7384164861307391,-0.7989319615310473,-1.1712692126577566,0.8846191369628383,0.8952958266903489,0.04404235367894996,0.4903007088267432,-0.5915108774479575
22,9,Nyle DiMarco,Peta Murgatroyd,0.0,1.0,0.0,0.0,0.0,0.0,0.0,0.0,0.0,0.0,0.0,0.5650389989053509,-0.7384164861307391,-0.7989319615310473,-1.5049398576578494,0.7486575381672537,1.3689569884485007,-0.3104128843148591,0.531960206065336,-0.5915108774479575
22,10,Nyle DiMarco,Peta Murgatroyd,0.0,1.0,0.0,0.0,0.0,0.0,0.0,0.0,0.0,0.0,0.0,0.5650389989053509,-0.7384164861307391,-0.7989319615310473,-2.172281147658035,0.9731862491039112,3.7317052330032046,-0.07415665301738548,0.5319435422664406,-0.9050353345198388
22,1,Paige VanZant,Mark Ballas,0.0,0.0,0.0,0.0,0.0,0.0,0.0,0.0,0.0,0.0,0.0,-0.7376853540665704,1.098637249309589,-1.109845267943984,0.8307546573428003,0.44717747127270013,-0.5601332465963919,-0.19226113831692276,-0.7594842083310405,-0.2779864203760762
22,2,Paige VanZant,Mark Ballas,0.0,0.0,0.0,0.0,0.0,0.0,0.0,0.0,0.0,0.0,0.0,-0.7376853540665704,1.098637249309589,-1.109845267943984,0.8307546573428003,1.156542334554004,-0.33061574190764004,0.5166493376706954,-0.5095272248994838,-1.2185597915917201
22,3,Paige VanZant,Mark Ballas,0.0,0.0,0.0,0.0,0.0,0.0,0.0,0.0,0.0,0.0,0.0,-0.7376853540665704,1.098637249309589,-1.109845267943984,0.4970840123427075,0.5039266603352043,-0.412138352862661,-0.42856463031279546,-0.34288923594511256,-0.5915108774479575
22,4,Paige VanZant,Mark Ballas,0.0,0.0,0.0,0.0,0.0,0.0,0.0,0.0,0.0,0.0,0.0,-0.7376853540665704,1.098637249309589,-1.109845267943984,0.16341336734261466,1.156542334554004,-0.13493788575951476,2.879684257629423,0.6569386977811144,-1.2185597915917201
22,5,Paige VanZant,Mark Ballas,0.0,0.0,0.0,0.0,0.0,0.0,0.0,0.0,0.0,0.0,0.0,-0.7376853540665704,1.098637249309589,-1.109845267943984,-0.17025727765747814,-0.16632727534896904,-0.14429976800759597,-1.3737785982962865,1.3234906535985989,-0.2779864203760762
22,6,Paige VanZant,Mark Ballas,0.0,0.0,0.0,0.0,0.0,0.0,0.0,0.0,0.0,0.0,0.0,-0.7376853540665704,1.098637249309589,-1.109845267943984,-0.17025727765747814,0.8752424749769354,0.049123265272201164,-0.9011716143045408,0.6569386977811144,-0.9050353345198388
22,7,Paige VanZant,Mark Ballas,0.0,0.0,0.0,0.0,0.0,0.0,0.0,0.0,0.0,0.0,0.0,-0.7376853540665704,1.098637249309589,-1.109845267943984,-0.503927922657571,1.0108691929873082,0.1395575652498757,-0.3104128843148591,0.3653222171109648,-0.9050353345198388
22,8,Paige VanZant,Mark Ballas,0.0,0.0,0.0,0.0,0.0,0.0,0.0,0.0,0.0,0.0,0.0,-0.7376853540665704,1.098637249309589,-1.109845267943984,-1.1712692126577566,0.6126959393716699,0.7915242591906625,-0.0741093923189864,0.3653222171109648,-0.2779864203760762
22,9,Paige VanZant,Mark Ballas,0.0,0.0,0.0,0.0,0.0,0.0,0.0,0.0,0.0,0.0,0.0,-0.7376853540665704,1.098637249309589,-1.109845267943984,-1.5049398576578494,1.0205807357584193,1.491168799650221,0.1621940996768863,0.531960206065336,-0.9050353345198388
22,10,Paige VanZant,Mark Ballas,0.0,0.0,0.0,0.0,0.0,0.0,0.0,0.0,0.0,0.0,0.0,-0.7376853540665704,1.098637249309589,-1.109845267943984,-2.172281147658035,1.156542334554004,3.86611889610379,-0.15289297655040976,0.6708196422610136,-1.2185597915917201
22,1,Von Miller,Witney Carson,0.0,0.0,0.0,0.0,0.0,0.0,0.0,0.0,0.0,0.0,0.0,-0.5551916408269696,0.4607713689483641,-0.7212036349278131,0.8307546573428003,0.44717747127270013,-0.5601332465963919,-0.19226113831692276,-0.7594842083310405,-0.2779864203760762
22,2,Von Miller,Witney Carson,0.0,0.0,0.0,0.0,0.0,0.0,0.0,0.0,0.0,0.0,0.0,-0.5551916408269696,0.4607713689483641,-0.7212036349278131,0.8307546573428003,-0.20307365340182904,-0.6278597233897928,-0.42856463031279546,-0.8428032028082261,0.03553803669580512
22,3,Von Miller,Witney Carson,0.0,0.0,0.0,0.0,0.0,0.0,0.0,0.0,0.0,0.0,0.0,-0.5551916408269696,0.4607713689483641,-0.7212036349278131,0.4970840123427075,-0.47499685099299566,-0.6341306934632567,-0.19226113831692276,-0.9261221972854116,0.976111407911449
22,4,Von Miller,Witney Carson,0.0,0.0,0.0,0.0,0.0,0.0,0.0,0.0,0.0,0.0,0.0,-0.5551916408269696,0.4607713689483641,-0.7212036349278131,0.16341336734261466,0.25013167591678137,-0.35484252409740885,2.64338076563355,0.0737057364408153,0.3490624937676864
22,5,Von Miller,Witney Carson,0.0,0.0,0.0,0.0,0.0,0.0,0.0,0.0,0.0,0.0,0.0,-0.5551916408269696,0.4607713689483641,-0.7212036349278131,-0.17025727765747814,-0.6072838119832934,-0.27138233980069026,-0.9011716143045408,0.8235766867354855,0.3490624937676864
22,6,Von Miller,Witney Carson,0.0,0.0,0.0,0.0,0.0,0.0,0.0,0.0,0.0,0.0,0.0,-0.5551916408269696,0.4607713689483641,-0.7212036349278131,-0.17025727765747814,-0.24995696333134093,-0.25990571988104944,-1.3737785982962865,0.15702473091800087,0.3490624937676864
22,7,Von Miller,Witney Carson,0.0,0.0,0.0,0.0,0.0,0.0,0.0,0.0,0.0,0.0,0.0,-0.5551916408269696,0.4607713689483641,-0.7212036349278131,-0.503927922657571,0.5738497682872186,0.016631900010761667,0.2803458456748227,-0.09293225251355586,0.03553803669580512
22,1,Wanya Morris,Lindsay Arnold,0.0,0.0,0.0,0.0,0.0,0.0,0.0,0.0,0.0,0.0,0.0,-0.614151148181302,0.6904030858784056,0.4447212641206995,0.8307546573428003,1.156542334554004,-0.412138352862661,-0.19226113831692276,-0.42620823042229816,-1.2185597915917201
22,2,Wanya Morris,Lindsay Arnold,0.0,0.0,0.0,0.0,0.0,0.0,0.0,0.0,0.0,0.0,0.0,-0.614151148181302,0.6904030858784056,0.4447212641206995,0.8307546573428003,1.156542334554004,-0.33061574190764004,0.04404235367894996,-0.34288923594511256,-1.2185597915917201
22,3,Wanya Morris,Lindsay Arnold,0.0,0.0,0.0,0.0,0.0,0.0,0.0,0.0,0.0,0.0,0.0,-0.614151148181302,0.6904030858784056,0.4447212641206995,0.4970840123427075,0.8302344974446038,-0.3381409059957964,-0.19226113831692276,-0.259570241467927,-0.9050353345198388
22,4,Wanya Morris,Lindsay Arnold,0.0,0.0,0.0,0.0,0.0,0.0,0.0,0.0,0.0,0.0,0.0,-0.614151148181302,0.6904030858784056,0.4447212641206995,0.16341336734261466,0.9299396698946983,-0.18991404534398793,2.407077273637677,0.6569386977811144,-0.5915108774479575
22,5,Wanya Morris,Lindsay Arnold,0.0,0.0,0.0,0.0,0.0,0.0,0.0,0.0,0.0,0.0,0.0,-0.614151148181302,0.6904030858784056,0.4447212641206995,-0.17025727765747814,-0.3868055436661308,-0.20784105390414312,-1.3737785982962865,1.1568526646442279,0.03553803669580512
22,6,Wanya Morris,Lindsay Arnold,0.0,0.0,0.0,0.0,0.0,0.0,0.0,0.0,0.0,0.0,0.0,-0.614151148181302,0.6904030858784056,0.4447212641206995,-0.17025727765747814,1.156542334554004,0.12638051156051502,-0.42856463031279546,0.6569386977811144,-1.2185597915917201
22,7,Wanya Morris,Lindsay Arnold,0.0,0.0,0.0,0.0,0.0,0.0,0.0,0.0,0.0,0.0,0.0,-0.614151148181302,0.6904030858784056,0.4447212641206995,-0.503927922657571,1.0108691929873082,0.1395575652498757,-0.5467163763107318,0.4486412115881504,-0.9050353345198388
22,8,Wanya Morris,Lindsay Arnold,0.0,0.0,0.0,0.0,0.0,0.0,0.0,0.0,0.0,0.0,0.0,-0.614151148181302,0.6904030858784056,0.4447212641206995,-1.1712692126577566,-0.20307365340182904,0.4802095566916036,-0.7830198683066045,0.11536523367940808,0.3490624937676864
22,9,Wanya Morris,Lindsay Arnold,0.0,0.0,0.0,0.0,0.0,0.0,0.0,0.0,0.0,0.0,0.0,-0.614151148181302,0.6904030858784056,0.4447212641206995,-1.5049398576578494,1.156542334554004,1.5522747052510815,0.9892563216624407,0.32366271987237205,-1.2185597915917201
23,1,Amber Rose,Maksim Chmerkoskiy,0.0,1.0,0.0,0.0,0.0,0.0,0.0,0.0,0.0,0.0,0.0,-0.26039410405530633,0.12307766758065668,-0.33256200191164226,1.1644253023428932,-0.6855180362248672,-0.8386327284407742,-0.19226113831692276,-0.259570241467927,1.2896358649833304
23,2,Amber Rose,Maksim Chmerkoskiy,0.0,1.0,0.0,0.0,0.0,0.0,0.0,0.0,0.0,0.0,0.0,-0.26039410405530633,0.12307766758065668,-0.33256200191164226,1.1644253023428932,-0.8828816473797461,-0.9183481598382616,-0.19226113831692276,-0.259570241467927,1.6031603220552115
23,3,Amber Rose,Maksim Chmerkoskiy,0.0,1.0,0.0,0.0,0.0,0.0,0.0,0.0,0.0,0.0,0.0,-0.26039410405530633,0.12307766758065668,-0.33256200191164226,0.8307546573428003,-0.6279536496380272,-0.7650492533046328,0.04404235367894996,-0.17625124699074143,0.976111407911449
23,4,Amber Rose,Maksim Chmerkoskiy,0.0,1.0,0.0,0.0,0.0,0.0,0.0,0.0,0.0,0.0,0.0,-0.26039410405530633,0.12307766758065668,-0.33256200191164226,0.4970840123427075,-0.47499685099299566,-0.5014456163226712,-0.42856463031279546,-0.17625124699074143,-0.2779864203760762
23,5,Amber Rose,Maksim Chmerkoskiy,0.0,1.0,0.0,0.0,0.0,0.0,0.0,0.0,0.0,0.0,0.0,-0.26039410405530633,0.12307766758065668,-0.33256200191164226,-0.17025727765747814,-0.24995696333134093,-0.2840905969799992,-0.19226113831692276,-0.259570241467927,0.3490624937676864
23,6,Amber Rose,Maksim Chmerkoskiy,0.0,1.0,0.0,0.0,0.0,0.0,0.0,0.0,0.0,0.0,0.0,-0.26039410405530633,0.12307766758065668,-0.33256200191164226,-0.17025727765747814,-1.2907664437664963,-0.5040892786414881,0.7529528296665682,0.0737057364408153,1.2896358649833304
23,1,Babyface,Allison Holker,0.0,0.0,0.0,0.0,1.0,0.0,0.0,0.0,0.0,0.0,0.0,0.4765997378738518,-0.11330792337673828,1.6106461631692122,1.1644253023428932,-0.1592150731451893,-0.73234548657746,-0.19226113831692276,0.0737057364408153,0.03553803669580512
23,2,Babyface,Allison Holker,0.0,0.0,0.0,0.0,1.0,0.0,0.0,0.0,0.0,0.0,0.0,0.4765997378738518,-0.11330792337673828,1.6106461631692122,1.1644253023428932,0.6466863390705665,-0.6194152920976866,0.7529528296665682,0.4069817143495576,-0.5915108774479575
23,3,Babyface,Allison Holker,0.0,0.0,0.0,0.0,1.0,0.0,0.0,0.0,0.0,0.0,0.0,0.4765997378738518,-0.11330792337673828,1.6106461631692122,0.8307546573428003,-0.6279536496380272,-0.7650492533046328,-1.3737785982962865,0.32366271987237205,0.976111407911449
23,4,Babyface,Allison Holker,0.0,0.0,0.0,0.0,1.0,0.0,0.0,0.0,0.0,0.0,0.0,0.4765997378738518,-0.11330792337673828,1.6106461631692122,0.4970840123427075,-2.106536036539996,-0.904604119942142,-1.846385582288032,-0.6761652138538549,1.916684779127093
23,1,Calvin Johnson Jr.,Lindsay Arnold,0.0,0.0,0.0,0.0,0.0,0.0,0.0,0.0,0.0,0.0,0.0,-0.614151148181302,0.6904030858784056,-0.4880186551181106,1.1644253023428932,-0.1592150731451893,-0.73234548657746,-0.19226113831692276,0.0737057364408153,0.03553803669580512
23,2,Calvin Johnson Jr.,Lindsay Arnold,0.0,0.0,0.0,0.0,0.0,0.0,0.0,0.0,0.0,0.0,0.0,-0.614151148181302,0.6904030858784056,-0.4880186551181106,1.1644253023428932,0.136830343587129,-0.7190595813445448,0.2803458456748227,0.24034372539518645,0.3490624937676864
23,3,Calvin Johnson Jr.,Lindsay Arnold,0.0,0.0,0.0,0.0,0.0,0.0,0.0,0.0,0.0,0.0,0.0,-0.614151148181302,0.6904030858784056,-0.4880186551181106,0.8307546573428003,1.156542334554004,-0.38732074760577484,0.7529528296665682,0.7402576922583,-1.2185597915917201
23,4,Calvin Johnson Jr.,Lindsay Arnold,0.0,0.0,0.0,0.0,0.0,0.0,0.0,0.0,0.0,0.0,0.0,-0.614151148181302,0.6904030858784056,-0.4880186551181106,0.4970840123427075,-0.7469200485841623,-0.5686387002592502,-2.318992566279777,0.32366271987237205,0.3490624937676864
23,5,Calvin Johnson Jr.,Lindsay Arnold,0.0,0.0,0.0,0.0,0.0,0.0,0.0,0.0,0.0,0.0,0.0,-0.614151148181302,0.6904030858784056,-0.4880186551181106,-0.17025727765747814,-0.24995696333134093,-0.2840905969799992,0.04404235367894996,-0.34288923594511256,0.3490624937676864
23,6,Calvin Johnson Jr.,Lindsay Arnold,0.0,0.0,0.0,0.0,0.0,0.0,0.0,0.0,0.0,0.0,0.0,-0.614151148181302,0.6904030858784056,-0.4880186551181106,-0.17025727765747814,0.5447151399738793,0.013407620266784489,2.879684257629423,0.8235766867354855,-0.5915108774479575
23,7,Calvin Johnson Jr.,Lindsay Arnold,0.0,0.0,0.0,0.0,0.0,0.0,0.0,0.0,0.0,0.0,0.0,-0.614151148181302,0.6904030858784056,-0.4880186551181106,-0.503927922657571,1.156542334554004,0.24121478508161756,-0.19226113831692276,1.906723614938898,-1.2185597915917201
23,8,Calvin Johnson Jr.,Lindsay Arnold,0.0,0.0,0.0,0.0,0.0,0.0,0.0,0.0,0.0,0.0,0.0,-0.614151148181302,0.6904030858784056,-0.4880186551181106,-0.8375985676576638,-0.008802841689559221,0.5034446016783325,-1.846385582288032,1.3234906535985989,-0.5915108774479575
23,9,Calvin Johnson Jr.,Lindsay Arnold,0.0,0.0,0.0,0.0,0.0,0.0,0.0,0.0,0.0,0.0,0.0,-0.614151148181302,0.6904030858784056,-0.4880186551181106,-1.1712692126577566,0.5447151399738793,0.7444384818670158,1.461863305654186,1.3234906535985989,-0.2779864203760762
23,10,Calvin Johnson Jr.,Lindsay Arnold,0.0,0.0,0.0,0.0,0.0,0.0,0.0,0.0,0.0,0.0,0.0,-0.614151148181302,0.6904030858784056,-0.4880186551181106,-1.5049398576578494,0.6126959393716699,1.2377774163565503,-2.318992566279777,1.1568526646442279,0.03553803669580512
23,11,Calvin Johnson Jr.,Lindsay Arnold,0.0,0.0,0.0,0.0,0.0,0.0,0.0,0.0,0.0,0.0,0.0,-0.614151148181302,0.6904030858784056,-0.4880186551181106,-1.8386105026579422,0.949121842518578,2.3038735974589355,2.24948647482563,1.267925216181764,-0.5915108774479575
23,1,Jake T. Austin,Jenna Johnson,0.0,0.0,0.0,0.0,0.0,0.0,0.0,0.0,0.0,0.0,0.0,0.0016481508528389105,0.9285396812132627,-1.1875735945472181,1.1644253023428932,-1.2118209993045441,-0.94491997030409,-0.19226113831692276,-0.5928462193766693,1.916684779127093
23,2,Jake T. Austin,Jenna Johnson,0.0,0.0,0.0,0.0,0.0,0.0,0.0,0.0,0.0,0.0,0.0,0.0016481508528389105,0.9285396812132627,-1.1875735945472181,1.1644253023428932,-0.8828816473797461,-0.9183481598382616,0.2803458456748227,-0.42620823042229816,1.6031603220552115
23,1,James Hinchcliffe,Sharna Burgess,0.0,0.0,0.0,0.0,0.0,0.0,0.0,1.0,0.0,0.0,0.0,0.0765173665408801,0.4607713689483641,-0.5657469817213447,1.1644253023428932,1.156542334554004,-0.46662738191917114,-0.19226113831692276,0.9068956812126711,-1.2185597915917201
23,2,James Hinchcliffe,Sharna Burgess,0.0,0.0,0.0,0.0,0.0,0.0,0.0,1.0,0.0,0.0,0.0,0.0765173665408801,0.4607713689483641,-0.5657469817213447,1.1644253023428932,0.39175834132884774,-0.6692374367211157,-0.6648681223086682,0.7402576922583,-0.2779864203760762
23,3,James Hinchcliffe,Sharna Burgess,0.0,0.0,0.0,0.0,0.0,0.0,0.0,1.0,0.0,0.0,0.0,0.0765173665408801,0.4607713689483641,-0.5657469817213447,0.8307546573428003,0.39175834132884774,-0.5492043929052852,-0.19226113831692276,0.5736197033039288,-0.2779864203760762
23,4,James Hinchcliffe,Sharna Burgess,0.0,0.0,0.0,0.0,0.0,0.0,0.0,1.0,0.0,0.0,0.0,0.0765173665408801,0.4607713689483641,-0.5657469817213447,0.4970840123427075,0.6126959393716699,-0.2326732805763568,-0.42856463031279546,0.4903007088267432,-0.9050353345198388
23,5,James Hinchcliffe,Sharna Burgess,0.0,0.0,0.0,0.0,0.0,0.0,0.0,1.0,0.0,0.0,0.0,0.0765173665408801,0.4607713689483641,-0.5657469817213447,-0.17025727765747814,1.156542334554004,0.09715711839928319,0.04404235367894996,0.4903007088267432,-1.2185597915917201
23,6,James Hinchcliffe,Sharna Burgess,0.0,0.0,0.0,0.0,0.0,0.0,0.0,1.0,0.0,0.0,0.0,0.0765173665408801,0.4607713689483641,-0.5657469817213447,-0.17025727765747814,0.7486575381672537,0.0709072757010377,1.9344702896459318,1.3234906535985989,-0.9050353345198388
23,7,James Hinchcliffe,Sharna Burgess,0.0,0.0,0.0,0.0,0.0,0.0,0.0,1.0,0.0,0.0,0.0,0.0765173665408801,0.4607713689483641,-0.5657469817213447,-0.503927922657571,1.156542334554004,0.24121478508161756,-0.42856463031279546,1.9900426094160835,-1.2185597915917201
23,8,James Hinchcliffe,Sharna Burgess,0.0,0.0,0.0,0.0,0.0,0.0,0.0,1.0,0.0,0.0,0.0,0.0765173665408801,0.4607713689483641,-0.5657469817213447,-0.8375985676576638,1.156542334554004,0.9396811902632645,-0.6649153830070672,1.740068962185631,-1.2185597915917201
23,9,James Hinchcliffe,Sharna Burgess,0.0,0.0,0.0,0.0,0.0,0.0,0.0,1.0,0.0,0.0,0.0,0.0765173665408801,0.4607713689483641,-0.5657469817213447,-1.1712692126577566,0.3407727417805042,0.6671812355787039,0.04408961437734902,1.6567499677084452,0.03553803669580512
23,10,James Hinchcliffe,Sharna Burgess,0.0,0.0,0.0,0.0,0.0,0.0,0.0,1.0,0.0,0.0,0.0,0.0765173665408801,0.4607713689483641,-0.5657469817213447,-1.5049398576578494,1.0205807357584193,1.4173411867399655,-1.7282338362900955,1.1985121618828205,-0.5915108774479575
23,11,James Hinchcliffe,Sharna Burgess,0.0,0.0,0.0,0.0,0.0,0.0,0.0,1.0,0.0,0.0,0.0,0.0765173665408801,0.4607713689483641,-0.5657469817213447,-1.8386105026579422,1.0873952572171266,2.380711876055778,2.052574774945469,1.4484524815154813,-0.9050353345198388
23,1,Jana Kramer,Gleb Savchenko,0.0,0.0,0.0,0.0,0.0,0.0,0.0,0.0,0.0,0.0,0.0,1.1909168462051898,-1.4528262721353111,-0.33256200191164226,1.1644253023428932,0.10393640839464918,-0.6792018656458011,-0.19226113831692276,0.24034372539518645,-0.5915108774479575
23,2,Jana Kramer,Gleb Savchenko,0.0,0.0,0.0,0.0,0.0,0.0,0.0,0.0,0.0,0.0,0.0,1.1909168462051898,-1.4528262721353111,-0.33256200191164226,1.1644253023428932,0.39175834132884774,-0.6692374367211157,0.2803458456748227,0.4069817143495576,-0.2779864203760762
23,3,Jana Kramer,Gleb Savchenko,0.0,0.0,0.0,0.0,0.0,0.0,0.0,0.0,0.0,0.0,0.0,1.1909168462051898,-1.4528262721353111,-0.33256200191164226,0.8307546573428003,-0.3730256518963085,-0.7110880382047954,-0.9011716143045408,0.32366271987237205,0.6625869508395678
23,4,Jana Kramer,Gleb Savchenko,0.0,0.0,0.0,0.0,0.0,0.0,0.0,0.0,0.0,0.0,0.0,1.1909168462051898,-1.4528262721353111,-0.33256200191164226,0.4970840123427075,-0.7469200485841623,-0.5686387002592502,-0.9011716143045408,-0.17625124699074143,0.3490624937676864
23,5,Jana Kramer,Gleb Savchenko,0.0,0.0,0.0,0.0,0.0,0.0,0.0,0.0,0.0,0.0,0.0,1.1909168462051898,-1.4528262721353111,-0.33256200191164226,-0.17025727765747814,0.3126427558227972,-0.13159151082828702,0.5166493376706954,-0.17625124699074143,-0.2779864203760762
23,6,Jana Kramer,Gleb Savchenko,0.0,0.0,0.0,0.0,0.0,0.0,0.0,0.0,0.0,0.0,0.0,1.1909168462051898,-1.4528262721353111,-0.33256200191164226,-0.17025727765747814,1.156542334554004,0.18590658656954218,3.1159877496252952,1.2401716591214134,-1.2185597915917201
23,7,Jana Kramer,Gleb Savchenko,0.0,0.0,0.0,0.0,0.0,0.0,0.0,0.0,0.0,0.0,0.0,1.1909168462051898,-1.4528262721353111,-0.33256200191164226,-0.503927922657571,0.6053466637610979,0.08207327049498381,-1.4919303442942229,1.9483831121774908,-0.5915108774479575
23,8,Jana Kramer,Gleb Savchenko,0.0,0.0,0.0,0.0,0.0,0.0,0.0,0.0,0.0,0.0,0.0,1.1909168462051898,-1.4528262721353111,-0.33256200191164226,-0.8375985676576638,-0.008802841689559221,0.5034446016783325,-1.25562685229835,1.115193167405635,-0.5915108774479575
23,9,Jana Kramer,Gleb Savchenko,0.0,0.0,0.0,0.0,0.0,0.0,0.0,0.0,0.0,0.0,0.0,1.1909168462051898,-1.4528262721353111,-0.33256200191164226,-1.1712692126577566,1.156542334554004,0.976210220731956,2.1707737816418047,1.5734476370301556,-1.2185597915917201
23,10,Jana Kramer,Gleb Savchenko,0.0,0.0,0.0,0.0,0.0,0.0,0.0,0.0,0.0,0.0,0.0,1.1909168462051898,-1.4528262721353111,-0.33256200191164226,-1.5049398576578494,0.8846191369628383,1.357486596612161,-2.7915995502715227,1.49012864255297,-0.2779864203760762
23,11,Jana Kramer,Gleb Savchenko,0.0,0.0,0.0,0.0,0.0,0.0,0.0,0.0,0.0,0.0,0.0,1.1909168462051898,-1.4528262721353111,-0.33256200191164226,-1.8386105026579422,0.36153760495677123,1.9773541327931001,1.3437115596562499,1.115193167405635,-0.2779864203760762
23,1,Laurie Hernandez,Valentin Chmerkovskiy,0.0,0.0,0.0,0.0,0.0,0.0,0.0,0.0,0.0,0.0,0.0,-0.6948325792977572,1.0852084939335633,-1.5762152275633892,1.1644253023428932,1.156542334554004,-0.46662738191917114,-0.19226113831692276,0.9068956812126711,-1.2185597915917201
23,2,Laurie Hernandez,Valentin Chmerkovskiy,0.0,0.0,0.0,0.0,0.0,0.0,0.0,0.0,0.0,0.0,0.0,-0.6948325792977572,1.0852084939335633,-1.5762152275633892,1.1644253023428932,1.156542334554004,-0.5197710028508283,0.04404235367894996,0.9902146756898567,-1.2185597915917201
23,3,Laurie Hernandez,Valentin Chmerkovskiy,0.0,0.0,0.0,0.0,0.0,0.0,0.0,0.0,0.0,0.0,0.0,-0.6948325792977572,1.0852084939335633,-1.5762152275633892,0.8307546573428003,0.9016143368122852,-0.4412819627056122,-0.42856463031279546,0.9902146756898567,-0.9050353345198388
23,4,Laurie Hernandez,Valentin Chmerkovskiy,0.0,0.0,0.0,0.0,0.0,0.0,0.0,0.0,0.0,0.0,0.0,-0.6948325792977572,1.0852084939335633,-1.5762152275633892,0.4970840123427075,1.156542334554004,-0.09828711270320054,-0.42856463031279546,0.8235766867354855,-1.2185597915917201
23,5,Laurie Hernandez,Valentin Chmerkovskiy,0.0,0.0,0.0,0.0,0.0,0.0,0.0,0.0,0.0,0.0,0.0,-0.6948325792977572,1.0852084939335633,-1.5762152275633892,-0.17025727765747814,0.0313428962457277,-0.20784105390414312,-1.3737785982962865,0.32366271987237205,0.03553803669580512
23,6,Laurie Hernandez,Valentin Chmerkovskiy,0.0,0.0,0.0,0.0,0.0,0.0,0.0,0.0,0.0,0.0,0.0,-0.6948325792977572,1.0852084939335633,-1.5762152275633892,-0.17025727765747814,0.5447151399738793,0.013407620266784489,2.64338076563355,0.9068956812126711,-0.5915108774479575
23,7,Laurie Hernandez,Valentin Chmerkovskiy,0.0,0.0,0.0,0.0,0.0,0.0,0.0,0.0,0.0,0.0,0.0,-0.6948325792977572,1.0852084939335633,-1.5762152275633892,-0.503927922657571,0.6053466637610979,0.08207327049498381,-0.7830198683066045,1.6984261287459341,-0.5915108774479575
23,8,Laurie Hernandez,Valentin Chmerkovskiy,0.0,0.0,0.0,0.0,0.0,0.0,0.0,0.0,0.0,0.0,0.0,-0.6948325792977572,1.0852084939335633,-1.5762152275633892,-0.8375985676576638,0.6904322334595859,0.7651970249262217,-0.5467163763107318,1.3651501508371917,-0.9050353345198388
23,9,Laurie Hernandez,Valentin Chmerkovskiy,0.0,0.0,0.0,0.0,0.0,0.0,0.0,0.0,0.0,0.0,0.0,-0.6948325792977572,1.0852084939335633,-1.5762152275633892,-1.1712692126577566,1.156542334554004,0.976210220731956,1.461863305654186,1.8234046204617125,-1.2185597915917201
23,10,Laurie Hernandez,Valentin Chmerkovskiy,0.0,0.0,0.0,0.0,0.0,0.0,0.0,0.0,0.0,0.0,0.0,-0.6948325792977572,1.0852084939335633,-1.5762152275633892,-1.5049398576578494,1.156542334554004,1.477195776867772,-2.55529605827565,1.5734476370301556,-1.2185597915917201
23,11,Laurie Hernandez,Valentin Chmerkovskiy,0.0,0.0,0.0,0.0,0.0,0.0,0.0,0.0,0.0,0.0,0.0,-0.6948325792977572,1.0852084939335633,-1.5762152275633892,-1.8386105026579422,1.156542334554004,2.419136777936966,2.013206613178957,1.5178905315127686,-1.2185597915917201
23,1,Marilu Henner,Derek Hough,0.0,0.0,0.0,0.0,0.0,0.0,0.0,0.0,0.0,0.0,0.0,-2.063861387834893,1.3838008193534315,2.1547444493918513,1.1644253023428932,0.10393640839464918,-0.6792018656458011,-0.19226113831692276,0.24034372539518645,-0.5915108774479575
23,2,Marilu Henner,Derek Hough,0.0,0.0,0.0,0.0,0.0,0.0,0.0,0.0,0.0,0.0,0.0,-2.063861387834893,1.3838008193534315,2.1547444493918513,1.1644253023428932,-0.11809765415458975,-0.768881725967974,-0.19226113831692276,0.24034372539518645,0.6625869508395678
23,3,Marilu Henner,Derek Hough,0.0,0.0,0.0,0.0,0.0,0.0,0.0,0.0,0.0,0.0,0.0,-2.063861387834893,1.3838008193534315,2.1547444493918513,0.8307546573428003,0.136830343587129,-0.6031656080051226,0.04404235367894996,0.32366271987237205,0.03553803669580512
23,4,Marilu Henner,Derek Hough,0.0,0.0,0.0,0.0,0.0,0.0,0.0,0.0,0.0,0.0,0.0,-2.063861387834893,1.3838008193534315,2.1547444493918513,0.4970840123427075,-1.2907664437664963,-0.7030248681324065,-1.846385582288032,-0.17625124699074143,1.6031603220552115
23,5,Marilu Henner,Derek Hough,0.0,0.0,0.0,0.0,0.0,0.0,0.0,0.0,0.0,0.0,0.0,-2.063861387834893,1.3838008193534315,2.1547444493918513,-0.17025727765747814,0.5939426153998668,-0.05534196775243069,1.2255598136583135,-0.259570241467927,-0.9050353345198388
23,6,Marilu Henner,Derek Hough,0.0,0.0,0.0,0.0,0.0,0.0,0.0,0.0,0.0,0.0,0.0,-2.063861387834893,1.3838008193534315,2.1547444493918513,-0.17025727765747814,-0.06711205460624618,-0.15909134603597294,1.461863305654186,0.8235766867354855,0.03553803669580512
23,7,Marilu Henner,Derek Hough,0.0,0.0,0.0,0.0,0.0,0.0,0.0,0.0,0.0,0.0,0.0,-2.063861387834893,1.3838008193534315,2.1547444493918513,-0.503927922657571,0.054150992968193576,-0.077068244091648,-0.6648681223086682,1.2401716591214134,0.976111407911449
23,8,Marilu Henner,Derek Hough,0.0,0.0,0.0,0.0,0.0,0.0,0.0,0.0,0.0,0.0,0.0,-2.063861387834893,1.3838008193534315,2.1547444493918513,-0.8375985676576638,-1.640351350370894,-0.1073110525667423,-2.318992566279777,0.32366271987237205,0.6625869508395678
23,9,Marilu Henner,Derek Hough,0.0,0.0,0.0,0.0,0.0,0.0,0.0,0.0,0.0,0.0,0.0,-2.063861387834893,1.3838008193534315,2.1547444493918513,-1.1712692126577566,0.3407727417805042,0.6671812355787039,2.879684257629423,0.6569386977811144,0.03553803669580512
23,1,Maureen McCormick,Artem Chigvintsev,0.0,0.0,0.0,1.0,0.0,0.0,0.0,0.0,0.0,0.0,0.0,0.5748655834644064,-1.0063201558824537,1.8438311429789147,1.1644253023428932,-1.2118209993045441,-0.94491997030409,-0.19226113831692276,-0.5928462193766693,1.916684779127093
23,2,Maureen McCormick,Artem Chigvintsev,0.0,0.0,0.0,1.0,0.0,0.0,0.0,0.0,0.0,0.0,0.0,0.5748655834644064,-1.0063201558824537,1.8438311429789147,1.1644253023428932,-0.3730256518963085,-0.8187038705914031,0.7529528296665682,-0.259570241467927,0.976111407911449
23,3,Maureen McCormick,Artem Chigvintsev,0.0,0.0,0.0,1.0,0.0,0.0,0.0,0.0,0.0,0.0,0.0,0.5748655834644064,-1.0063201558824537,1.8438311429789147,0.8307546573428003,0.136830343587129,-0.6031656080051226,0.2803458456748227,0.24034372539518645,0.03553803669580512
23,4,Maureen McCormick,Artem Chigvintsev,0.0,0.0,0.0,1.0,0.0,0.0,0.0,0.0,0.0,0.0,0.0,0.5748655834644064,-1.0063201558824537,1.8438311429789147,0.4970840123427075,-0.47499685099299566,-0.5014456163226712,-1.1374751063004138,0.0737057364408153,-0.2779864203760762
23,5,Maureen McCormick,Artem Chigvintsev,0.0,0.0,0.0,1.0,0.0,0.0,0.0,0.0,0.0,0.0,0.0,0.5748655834644064,-1.0063201558824537,1.8438311429789147,-0.17025727765747814,-0.24995696333134093,-0.2840905969799992,-0.19226113831692276,-0.259570241467927,0.3490624937676864
23,6,Maureen McCormick,Artem Chigvintsev,0.0,0.0,0.0,1.0,0.0,0.0,0.0,0.0,0.0,0.0,0.0,0.5748655834644064,-1.0063201558824537,1.8438311429789147,-0.17025727765747814,-0.6789392491863708,-0.33159031233873065,1.461863305654186,0.32366271987237205,0.3490624937676864
23,7,Maureen McCormick,Artem Chigvintsev,0.0,0.0,0.0,1.0,0.0,0.0,0.0,0.0,0.0,0.0,0.0,0.5748655834644064,-1.0063201558824537,1.8438311429789147,-0.503927922657571,0.2746292612853553,-0.01341163825699552,0.2803458456748227,1.0735336701670422,0.3490624937676864
23,1,Rick Perry,Emma Slater,0.0,0.0,0.0,0.0,0.0,0.0,0.0,0.0,0.0,0.0,0.0,0.8819463509348887,-1.1179466849456678,2.31020110259832,1.1644253023428932,-1.738123962384222,-1.051207212167404,-0.19226113831692276,-0.9261221972854116,2.543733693270856
23,2,Rick Perry,Emma Slater,0.0,0.0,0.0,0.0,0.0,0.0,0.0,0.0,0.0,0.0,0.0,0.8819463509348887,-1.1179466849456678,2.31020110259832,1.1644253023428932,-1.3927376428631835,-1.017992449085118,0.2803458456748227,-0.7594842083310405,2.543733693270856
23,3,Rick Perry,Emma Slater,0.0,0.0,0.0,0.0,0.0,0.0,0.0,0.0,0.0,0.0,0.0,0.8819463509348887,-1.1179466849456678,2.31020110259832,0.8307546573428003,-1.1378096451214648,-0.8729716835043075,0.04404235367894996,-0.5095272248994838,1.916684779127093
23,1,Ryan Lochte,Cheryl Burke,0.0,0.0,0.0,0.0,0.0,0.0,0.0,0.0,0.0,0.0,0.0,-0.3783131187639717,0.2617572142756622,-0.33256200191164226,1.1644253023428932,-0.6855180362248672,-0.8386327284407742,-0.19226113831692276,-0.259570241467927,1.2896358649833304
23,2,Ryan Lochte,Cheryl Burke,0.0,0.0,0.0,0.0,0.0,0.0,0.0,0.0,0.0,0.0,0.0,-0.3783131187639717,0.2617572142756622,-0.33256200191164226,1.1644253023428932,-0.8828816473797461,-0.9183481598382616,-0.19226113831692276,-0.259570241467927,1.6031603220552115
23,3,Ryan Lochte,Cheryl Burke,0.0,0.0,0.0,0.0,0.0,0.0,0.0,0.0,0.0,0.0,0.0,-0.3783131187639717,0.2617572142756622,-0.33256200191164226,0.8307546573428003,-0.6279536496380272,-0.7650492533046328,0.04404235367894996,-0.17625124699074143,0.976111407911449
23,4,Ryan Lochte,Cheryl Burke,0.0,0.0,0.0,0.0,0.0,0.0,0.0,0.0,0.0,0.0,0.0,-0.3783131187639717,0.2617572142756622,-0.33256200191164226,0.4970840123427075,-1.0188432461753298,-0.6358317841958274,-0.9011716143045408,-0.34288923594511256,1.2896358649833304
23,5,Ryan Lochte,Cheryl Burke,0.0,0.0,0.0,0.0,0.0,0.0,0.0,0.0,0.0,0.0,0.0,-0.3783131187639717,0.2617572142756622,-0.33256200191164226,-0.17025727765747814,-0.24995696333134093,-0.2840905969799992,0.2803458456748227,-0.42620823042229816,0.3490624937676864
23,6,Ryan Lochte,Cheryl Burke,0.0,0.0,0.0,0.0,0.0,0.0,0.0,0.0,0.0,0.0,0.0,-0.3783131187639717,0.2617572142756622,-0.33256200191164226,-0.17025727765747814,-0.8828816473797461,-0.3890899677729819,1.2255598136583135,0.24034372539518645,0.6625869508395678
23,7,Ryan Lochte,Cheryl Burke,0.0,0.0,0.0,0.0,0.0,0.0,0.0,0.0,0.0,0.0,0.0,-0.3783131187639717,0.2617572142756622,-0.33256200191164226,-0.503927922657571,0.2746292612853553,-0.01341163825699552,0.5166493376706954,0.9902146756898567,0.3490624937676864
23,8,Ryan Lochte,Cheryl Burke,0.0,0.0,0.0,0.0,0.0,0.0,0.0,0.0,0.0,0.0,0.0,-0.3783131187639717,0.2617572142756622,-0.33256200191164226,-0.8375985676576638,-0.9411162752217506,0.15444137068114705,-1.846385582288032,0.6569386977811144,0.03553803669580512
23,1,Terra Jole,Sasha Farber,0.0,0.0,0.0,0.0,0.0,0.0,0.0,0.0,0.0,0.0,0.0,-0.21126118126002927,-0.5598140396295962,-0.021648695498705534,1.1644253023428932,-0.42236655468502865,-0.7854891075091169,-0.19226113831692276,-0.09293225251355586,0.6625869508395678
23,2,Terra Jole,Sasha Farber,0.0,0.0,0.0,0.0,0.0,0.0,0.0,0.0,0.0,0.0,0.0,-0.21126118126002927,-0.5598140396295962,-0.021648695498705534,1.1644253023428932,0.9016143368122852,-0.5695931474742575,1.2255598136583135,0.4069817143495576,-0.9050353345198388
23,3,Terra Jole,Sasha Farber,0.0,0.0,0.0,0.0,0.0,0.0,0.0,0.0,0.0,0.0,0.0,-0.21126118126002927,-0.5598140396295962,-0.021648695498705534,0.8307546573428003,0.6466863390705665,-0.49524317780544785,-0.42856463031279546,0.8235766867354855,-0.5915108774479575
23,4,Terra Jole,Sasha Farber,0.0,0.0,0.0,0.0,0.0,0.0,0.0,0.0,0.0,0.0,0.0,-0.21126118126002927,-0.5598140396295962,-0.021648695498705534,0.4970840123427075,-0.20307365340182904,-0.43425253238609224,-1.3737785982962865,0.32366271987237205,-0.5915108774479575
23,5,Terra Jole,Sasha Farber,0.0,0.0,0.0,0.0,0.0,0.0,0.0,0.0,0.0,0.0,0.0,-0.21126118126002927,-0.5598140396295962,-0.021648695498705534,-0.17025727765747814,0.5939426153998668,-0.05534196775243069,0.2803458456748227,0.0737057364408153,-0.9050353345198388
23,6,Terra Jole,Sasha Farber,0.0,0.0,0.0,0.0,0.0,0.0,0.0,0.0,0.0,0.0,0.0,-0.21126118126002927,-0.5598140396295962,-0.021648695498705534,-0.17025727765747814,-0.8828816473797461,-0.3890899677729819,0.5166493376706954,0.4903007088267432,0.6625869508395678
23,7,Terra Jole,Sasha Farber,0.0,0.0,0.0,0.0,0.0,0.0,0.0,0.0,0.0,0.0,0.0,-0.21126118126002927,-0.5598140396295962,-0.021648695498705534,-0.503927922657571,0.6053466637610979,0.08207327049498381,0.8711045756645045,1.115193167405635,-0.5915108774479575
23,8,Terra Jole,Sasha Farber,0.0,0.0,0.0,0.0,0.0,0.0,0.0,0.0,0.0,0.0,0.0,-0.21126118126002927,-0.5598140396295962,-0.021648695498705534,-0.8375985676576638,-1.4072729919878468,-0.02006024481744593,-2.6734478042735863,0.6152792005425215,0.3490624937676864
23,9,Terra Jole,Sasha Farber,0.0,0.0,0.0,0.0,0.0,0.0,0.0,0.0,0.0,0.0,0.0,-0.21126118126002927,-0.5598140396295962,-0.021648695498705534,-1.1712692126577566,0.7486575381672537,0.8216957281553297,3.1159877496252952,0.9068956812126711,-0.5915108774479575
23,10,Terra Jole,Sasha Farber,0.0,0.0,0.0,0.0,0.0,0.0,0.0,0.0,0.0,0.0,0.0,-0.21126118126002927,-0.5598140396295962,-0.021648695498705534,-1.5049398576578494,1.156542334554004,1.477195776867772,-2.082689074283904,1.4068096480757846,-1.2185597915917201
23,1,Vanilla Ice,Witney Carson,0.0,0.0,0.0,0.0,0.0,0.0,0.0,0.0,0.0,0.0,1.0,-0.5551916408269696,0.4607713689483641,0.9110912237401045,1.1644253023428932,-0.42236655468502865,-0.7854891075091169,-0.19226113831692276,-0.09293225251355586,0.6625869508395678
23,2,Vanilla Ice,Witney Carson,0.0,0.0,0.0,0.0,0.0,0.0,0.0,0.0,0.0,0.0,1.0,-0.5551916408269696,0.4607713689483641,0.9110912237401045,1.1644253023428932,-0.3730256518963085,-0.8187038705914031,0.04404235367894996,-0.009613258036370276,0.976111407911449
23,3,Vanilla Ice,Witney Carson,0.0,0.0,0.0,0.0,0.0,0.0,0.0,0.0,0.0,0.0,1.0,-0.5551916408269696,0.4607713689483641,0.9110912237401045,0.8307546573428003,-1.1378096451214648,-0.8729716835043075,-0.9011716143045408,-0.17625124699074143,1.916684779127093
23,4,Vanilla Ice,Witney Carson,0.0,0.0,0.0,0.0,0.0,0.0,0.0,0.0,0.0,0.0,1.0,-0.5551916408269696,0.4607713689483641,0.9110912237401045,0.4970840123427075,-0.7469200485841623,-0.5686387002592502,-0.19226113831692276,-0.42620823042229816,0.3490624937676864
24,1,Bonner Bolton,Sharna Burgess,0.0,0.0,0.0,0.0,0.0,0.0,0.0,0.0,0.0,0.0,0.0,0.0765173665408801,0.4607713689483641,-0.5657469817213447,0.8307546573428003,-1.3927376428631835,-0.8365210613838866,-0.19226113831692276,-0.5928462193766693,1.2896358649833304
24,2,Bonner Bolton,Sharna Burgess,0.0,0.0,0.0,0.0,0.0,0.0,0.0,0.0,0.0,0.0,0.0,0.0765173665408801,0.4607713689483641,-0.5657469817213447,0.8307546573428003,0.136830343587129,-0.6169849435794716,1.2255598136583135,-0.09293225251355586,0.03553803669580512
24,3,Bonner Bolton,Sharna Burgess,0.0,0.0,0.0,0.0,0.0,0.0,0.0,0.0,0.0,0.0,0.0,0.0765173665408801,0.4607713689483641,-0.5657469817213447,0.4970840123427075,-1.2427799971327604,-0.7778971616617363,-1.1374751063004138,0.0737057364408153,1.2896358649833304
24,4,Bonner Bolton,Sharna Burgess,0.0,0.0,0.0,0.0,0.0,0.0,0.0,0.0,0.0,0.0,0.0,0.0765173665408801,0.4607713689483641,-0.5657469817213447,0.16341336734261466,-0.3076594986292014,-0.39261755399594334,1.698166797650059,0.4069817143495576,0.03553803669580512
24,5,Bonner Bolton,Sharna Burgess,0.0,0.0,0.0,0.0,0.0,0.0,0.0,0.0,0.0,0.0,0.0,0.0765173665408801,0.4607713689483641,-0.5657469817213447,-0.17025727765747814,-0.7260028795386879,-0.3834156596709189,-0.6648681223086682,0.9068956812126711,0.976111407911449
24,6,Bonner Bolton,Sharna Burgess,0.0,0.0,0.0,0.0,0.0,0.0,0.0,0.0,0.0,0.0,0.0,0.0765173665408801,0.4607713689483641,-0.5657469817213447,-0.503927922657571,-0.05608814119038819,-0.06044416766085086,0.1621940996768863,0.8652361839740783,0.3490624937676864
24,7,Bonner Bolton,Sharna Burgess,0.0,0.0,0.0,0.0,0.0,0.0,0.0,0.0,0.0,0.0,0.0,0.0765173665408801,0.4607713689483641,-0.5657469817213447,-0.8375985676576638,-0.9799970750908766,0.03477112860994663,-0.3104128843148591,0.9485551784512638,0.6625869508395678
24,8,Bonner Bolton,Sharna Burgess,0.0,0.0,0.0,0.0,0.0,0.0,0.0,0.0,0.0,0.0,0.0,0.0765173665408801,0.4607713689483641,-0.5657469817213447,-1.5049398576578494,-1.0119591145907427,0.8004444512393474,-0.6648681223086682,0.7402576922583,0.03553803669580512
24,1,Charo,Keo Motsepe,0.0,0.0,0.0,0.0,0.0,0.0,0.0,0.0,0.0,0.0,0.0,2.0324756263909634,-0.8574847837981677,2.31020110259832,0.8307546573428003,-1.6476656406049022,-0.8945919054482807,-0.19226113831692276,-0.7594842083310405,1.6031603220552115
24,2,Charo,Keo Motsepe,0.0,0.0,0.0,0.0,0.0,0.0,0.0,0.0,0.0,0.0,0.0,2.0324756263909634,-0.8574847837981677,2.31020110259832,0.8307546573428003,-0.6279536496380272,-0.7773879457817302,0.7529528296665682,-0.42620823042229816,1.2896358649833304
24,3,Charo,Keo Motsepe,0.0,0.0,0.0,0.0,0.0,0.0,0.0,0.0,0.0,0.0,0.0,2.0324756263909634,-0.8574847837981677,2.31020110259832,0.4970840123427075,-1.2427799971327604,-0.7778971616617363,-0.42856463031279546,-0.17625124699074143,1.2896358649833304
24,1,Chris Kattan,Witney Carson,0.0,0.0,0.0,1.0,0.0,0.0,0.0,0.0,0.0,0.0,1.0,-0.5551916408269696,0.4607713689483641,0.7556345705336363,0.8307546573428003,-2.667377631571777,-1.1268752817058572,-0.19226113831692276,-1.426036164148525,2.230209236198974
24,2,Chris Kattan,Witney Carson,0.0,0.0,0.0,1.0,0.0,0.0,0.0,0.0,0.0,0.0,1.0,-0.5551916408269696,0.4607713689483641,0.7556345705336363,0.8307546573428003,-1.3927376428631835,-0.9377909479839888,0.9892563216624407,-1.0094411917625972,1.916684779127093
24,1,David Ross,Lindsay Arnold,0.0,0.0,0.0,0.0,0.0,0.0,0.0,0.0,0.0,0.0,0.0,-0.614151148181302,0.6904030858784056,0.28926461091423117,0.8307546573428003,0.136830343587129,-0.4880959969975235,-0.19226113831692276,0.4069817143495576,-0.5915108774479575
24,2,David Ross,Lindsay Arnold,0.0,0.0,0.0,0.0,0.0,0.0,0.0,0.0,0.0,0.0,0.0,-0.614151148181302,0.6904030858784056,0.28926461091423117,0.8307546573428003,-0.11809765415458975,-0.6704526109802232,-0.42856463031279546,0.32366271987237205,0.976111407911449
24,3,David Ross,Lindsay Arnold,0.0,0.0,0.0,0.0,0.0,0.0,0.0,0.0,0.0,0.0,0.0,-0.614151148181302,0.6904030858784056,0.28926461091423117,0.4970840123427075,0.43674563504797353,-0.3881772748295811,0.7529528296665682,0.5736197033039288,0.03553803669580512
24,4,David Ross,Lindsay Arnold,0.0,0.0,0.0,0.0,0.0,0.0,0.0,0.0,0.0,0.0,0.0,-0.614151148181302,0.6904030858784056,0.28926461091423117,0.16341336734261466,-0.5168311890839451,-0.44641324389608594,-0.19226113831692276,0.9068956812126711,0.6625869508395678
24,5,David Ross,Lindsay Arnold,0.0,0.0,0.0,0.0,0.0,0.0,0.0,0.0,0.0,0.0,0.0,-0.614151148181302,0.6904030858784056,0.28926461091423117,-0.17025727765747814,-0.9351745699934317,-0.44110445870857296,-0.6648681223086682,0.7402576922583,1.2896358649833304
24,6,David Ross,Lindsay Arnold,0.0,0.0,0.0,0.0,0.0,0.0,0.0,0.0,0.0,0.0,0.0,-0.614151148181302,0.6904030858784056,0.28926461091423117,-0.503927922657571,-0.16632727534896904,-0.09304155596465653,0.2803458456748227,0.7402576922583,0.6625869508395678
24,7,David Ross,Lindsay Arnold,0.0,0.0,0.0,0.0,0.0,0.0,0.0,0.0,0.0,0.0,0.0,-0.614151148181302,0.6904030858784056,0.28926461091423117,-0.8375985676576638,-0.7857662196686154,0.10408889504254235,0.04404235367894996,0.9902146756898567,0.3490624937676864
24,8,David Ross,Lindsay Arnold,0.0,0.0,0.0,0.0,0.0,0.0,0.0,0.0,0.0,0.0,0.0,-0.614151148181302,0.6904030858784056,0.28926461091423117,-1.5049398576578494,-0.2891252982091601,1.1521973576924374,-0.0741093923189864,1.115193167405635,-0.2779864203760762
24,9,David Ross,Lindsay Arnold,0.0,0.0,0.0,0.0,0.0,0.0,0.0,0.0,0.0,0.0,0.0,-0.614151148181302,0.6904030858784056,0.28926461091423117,-1.8386105026579422,0.136830343587129,1.9374637471574971,0.39849759167275906,1.3651501508371917,-0.2779864203760762
24,10,David Ross,Lindsay Arnold,0.0,0.0,0.0,0.0,0.0,0.0,0.0,0.0,0.0,0.0,0.0,-0.614151148181302,0.6904030858784056,0.28926461091423117,-2.172281147658035,0.4710273714384596,3.4107127348840933,0.12280230756117463,1.6845368523665878,-0.5915108774479575
24,1,Erika Jayne,Gleb Savchenko,0.0,0.0,0.0,0.0,0.0,0.0,0.0,0.0,0.0,0.0,1.0,1.1909168462051898,-1.4528262721353111,0.6779062439304021,0.8307546573428003,-0.8828816473797461,-0.7203793732551002,-0.19226113831692276,-0.259570241467927,0.6625869508395678
24,2,Erika Jayne,Gleb Savchenko,0.0,0.0,0.0,0.0,0.0,0.0,0.0,0.0,0.0,0.0,1.0,1.1909168462051898,-1.4528262721353111,0.6779062439304021,0.8307546573428003,0.136830343587129,-0.6169849435794716,0.7529528296665682,0.0737057364408153,0.03553803669580512
24,3,Erika Jayne,Gleb Savchenko,0.0,0.0,0.0,0.0,0.0,0.0,0.0,0.0,0.0,0.0,1.0,1.1909168462051898,-1.4528262721353111,0.6779062439304021,0.4970840123427075,-0.7629155307954082,-0.6665486225668356,-0.6648681223086682,0.24034372539518645,0.6625869508395678
24,4,Erika Jayne,Gleb Savchenko,0.0,0.0,0.0,0.0,0.0,0.0,0.0,0.0,0.0,0.0,1.0,1.1909168462051898,-1.4528262721353111,0.6779062439304021,0.16341336734261466,-0.7260028795386879,-0.5002089337962305,0.7529528296665682,0.4069817143495576,0.976111407911449
24,5,Erika Jayne,Gleb Savchenko,0.0,0.0,0.0,0.0,0.0,0.0,0.0,0.0,0.0,0.0,1.0,1.1909168462051898,-1.4528262721353111,0.6779062439304021,-0.17025727765747814,-0.3076594986292014,-0.26803806159560883,0.2803458456748227,0.9068956812126711,0.3490624937676864
24,1,Heather Morris,Maksim Chmerkoskiy,0.0,0.0,0.0,1.0,0.0,0.0,0.0,0.0,0.0,0.0,0.0,-0.26039410405530633,0.12307766758065668,-0.4880186551181106,0.8307546573428003,0.136830343587129,-0.4880959969975235,-0.19226113831692276,0.4069817143495576,-0.5915108774479575
24,2,Heather Morris,Maksim Chmerkoskiy,0.0,0.0,0.0,1.0,0.0,0.0,0.0,0.0,0.0,0.0,0.0,-0.26039410405530633,0.12307766758065668,-0.4880186551181106,0.8307546573428003,0.6466863390705665,-0.5100496087779647,0.2803458456748227,0.5736197033039288,-0.5915108774479575
24,3,Heather Morris,Maksim Chmerkoskiy,0.0,0.0,0.0,1.0,0.0,0.0,0.0,0.0,0.0,0.0,0.0,-0.26039410405530633,0.12307766758065668,-0.4880186551181106,0.4970840123427075,0.9166101013853275,-0.27682873573468036,0.5166493376706954,0.9902146756898567,-0.9050353345198388
24,4,Heather Morris,Maksim Chmerkoskiy,0.0,0.0,0.0,1.0,0.0,0.0,0.0,0.0,0.0,0.0,0.0,-0.26039410405530633,0.12307766758065668,-0.4880186551181106,0.16341336734261466,0.3198555727350299,-0.23123048429551027,0.2803458456748227,1.4068096480757846,-0.5915108774479575
24,5,Heather Morris,Maksim Chmerkoskiy,0.0,0.0,0.0,1.0,0.0,0.0,0.0,0.0,0.0,0.0,0.0,-0.26039410405530633,0.12307766758065668,-0.4880186551181106,-0.17025727765747814,0.11068388228028614,-0.15266046352029877,-0.42856463031279546,1.49012864255297,-0.2779864203760762
24,6,Heather Morris,Maksim Chmerkoskiy,0.0,0.0,0.0,1.0,0.0,0.0,0.0,0.0,0.0,0.0,0.0,-0.26039410405530633,0.12307766758065668,-0.4880186551181106,-0.503927922657571,1.156542334554004,0.29812710368100226,0.5166493376706954,1.6567666315073413,-1.2185597915917201
24,1,Mr. T,Kym Herjavec,0.0,0.0,0.0,0.0,0.0,0.0,0.0,0.0,0.0,0.0,0.0,2.0979861901179997,-1.4528262721353111,2.1547444493918513,0.8307546573428003,-1.902593638346621,-0.9526627495126748,-0.19226113831692276,-0.9261221972854116,1.916684779127093
24,2,Mr. T,Kym Herjavec,0.0,0.0,0.0,0.0,0.0,0.0,0.0,0.0,0.0,0.0,0.0,2.0979861901179997,-1.4528262721353111,2.1547444493918513,0.8307546573428003,-1.3927376428631835,-0.9377909479839888,0.2803458456748227,-0.7594842083310405,1.916684779127093
24,3,Mr. T,Kym Herjavec,0.0,0.0,0.0,0.0,0.0,0.0,0.0,0.0,0.0,0.0,0.0,2.0979861901179997,-1.4528262721353111,2.1547444493918513,0.4970840123427075,-1.2427799971327604,-0.7778971616617363,0.2803458456748227,-0.42620823042229816,1.2896358649833304
24,4,Mr. T,Kym Herjavec,0.0,0.0,0.0,0.0,0.0,0.0,0.0,0.0,0.0,0.0,0.0,2.0979861901179997,-1.4528262721353111,2.1547444493918513,0.16341336734261466,-1.1443462604481756,-0.6078003135965193,0.7529528296665682,0.0737057364408153,1.6031603220552115
24,1,Nancy Kerrigan,Artem Chigvintsev,0.0,0.0,0.0,0.0,0.0,0.0,0.0,0.0,0.0,0.0,1.0,0.5748655834644064,-1.0063201558824537,0.8333628971368704,0.8307546573428003,0.136830343587129,-0.4880959969975235,-0.19226113831692276,0.4069817143495576,-0.5915108774479575
24,2,Nancy Kerrigan,Artem Chigvintsev,0.0,0.0,0.0,0.0,0.0,0.0,0.0,0.0,0.0,0.0,1.0,0.5748655834644064,-1.0063201558824537,0.8333628971368704,0.8307546573428003,0.136830343587129,-0.6169849435794716,-0.19226113831692276,0.4069817143495576,0.03553803669580512
24,3,Nancy Kerrigan,Artem Chigvintsev,0.0,0.0,0.0,0.0,0.0,0.0,0.0,0.0,0.0,0.0,1.0,0.5748655834644064,-1.0063201558824537,0.8333628971368704,0.4970840123427075,0.9166101013853275,-0.27682873573468036,0.9892563216624407,0.8235766867354855,-0.9050353345198388
24,4,Nancy Kerrigan,Artem Chigvintsev,0.0,0.0,0.0,0.0,0.0,0.0,0.0,0.0,0.0,0.0,1.0,0.5748655834644064,-1.0063201558824537,0.8333628971368704,0.16341336734261466,-0.09848780817445761,-0.33882186409579895,-0.19226113831692276,1.2401716591214134,-0.2779864203760762
24,5,Nancy Kerrigan,Artem Chigvintsev,0.0,0.0,0.0,0.0,0.0,0.0,0.0,0.0,0.0,0.0,1.0,0.5748655834644064,-1.0063201558824537,0.8333628971368704,-0.17025727765747814,0.5290272631897746,-0.03728286544499041,0.5166493376706954,1.49012864255297,-0.5915108774479575
24,6,Nancy Kerrigan,Artem Chigvintsev,0.0,0.0,0.0,0.0,0.0,0.0,0.0,0.0,0.0,0.0,1.0,0.5748655834644064,-1.0063201558824537,0.8333628971368704,-0.503927922657571,0.38486839544393614,0.06994538555436818,-0.7830198683066045,1.531788139791563,0.03553803669580512
24,7,Nancy Kerrigan,Artem Chigvintsev,0.0,0.0,0.0,0.0,0.0,0.0,0.0,0.0,0.0,0.0,1.0,0.5748655834644064,-1.0063201558824537,0.8333628971368704,-0.8375985676576638,-0.00884279797956782,0.38135996077293105,0.39849759167275906,1.531788139791563,-0.2779864203760762
24,1,Nick Viall,Peta Murgatroyd,0.0,0.0,0.0,0.0,0.0,0.0,0.0,0.0,0.0,0.0,0.0,0.5650389989053509,-0.7384164861307391,-0.021648695498705534,0.8307546573428003,-0.8828816473797461,-0.7203793732551002,-0.19226113831692276,-0.259570241467927,0.6625869508395678
24,2,Nick Viall,Peta Murgatroyd,0.0,0.0,0.0,0.0,0.0,0.0,0.0,0.0,0.0,0.0,0.0,0.5650389989053509,-0.7384164861307391,-0.021648695498705534,0.8307546573428003,-0.6279536496380272,-0.7773879457817302,0.04404235367894996,-0.17625124699074143,1.2896358649833304
24,3,Nick Viall,Peta Murgatroyd,0.0,0.0,0.0,0.0,0.0,0.0,0.0,0.0,0.0,0.0,0.0,0.5650389989053509,-0.7384164861307391,-0.021648695498705534,0.4970840123427075,-0.7629155307954082,-0.6665486225668356,0.04404235367894996,-0.009613258036370276,0.6625869508395678
24,4,Nick Viall,Peta Murgatroyd,0.0,0.0,0.0,0.0,0.0,0.0,0.0,0.0,0.0,0.0,0.0,0.5650389989053509,-0.7384164861307391,-0.021648695498705534,0.16341336734261466,-0.7260028795386879,-0.5002089337962305,0.7529528296665682,0.4069817143495576,0.976111407911449
24,5,Nick Viall,Peta Murgatroyd,0.0,0.0,0.0,0.0,0.0,0.0,0.0,0.0,0.0,0.0,0.0,0.5650389989053509,-0.7384164861307391,-0.021648695498705534,-0.17025727765747814,0.11068388228028614,-0.15266046352029877,0.7529528296665682,1.0735336701670422,-0.2779864203760762
24,6,Nick Viall,Peta Murgatroyd,0.0,0.0,0.0,0.0,0.0,0.0,0.0,0.0,0.0,0.0,0.0,0.5650389989053509,-0.7384164861307391,-0.021648695498705534,-0.503927922657571,-0.2765664095075499,-0.1256389442684622,-1.0193233603024774,1.115193167405635,0.976111407911449
24,7,Nick Viall,Peta Murgatroyd,0.0,0.0,0.0,0.0,0.0,0.0,0.0,0.0,0.0,0.0,0.0,0.5650389989053509,-0.7384164861307391,-0.021648695498705534,-0.8375985676576638,-0.3973045088240912,0.2427244279077367,0.6348010836686317,1.115193167405635,0.03553803669580512
24,1,Normani,Valentin Chmerkovskiy,0.0,0.0,0.0,0.0,0.0,0.0,0.0,0.0,0.0,0.0,0.0,-0.6948325792977572,1.0852084939335633,-1.2653019211504524,0.8307546573428003,-0.11809765415458975,-0.5461668410619176,-0.19226113831692276,0.24034372539518645,0.3490624937676864
24,2,Normani,Valentin Chmerkovskiy,0.0,0.0,0.0,0.0,0.0,0.0,0.0,0.0,0.0,0.0,0.0,-0.6948325792977572,1.0852084939335633,-1.2653019211504524,0.8307546573428003,1.156542334554004,-0.40311427397645777,0.9892563216624407,0.6569386977811144,-1.2185597915917201
24,3,Normani,Valentin Chmerkovskiy,0.0,0.0,0.0,0.0,0.0,0.0,0.0,0.0,0.0,0.0,0.0,-0.6948325792977572,1.0852084939335633,-1.2653019211504524,0.4970840123427075,1.156542334554004,-0.22115446618722903,0.2803458456748227,1.2401716591214134,-1.2185597915917201
24,4,Normani,Valentin Chmerkovskiy,0.0,0.0,0.0,0.0,0.0,0.0,0.0,0.0,0.0,0.0,0.0,-0.6948325792977572,1.0852084939335633,-1.2653019211504524,0.16341336734261466,-0.3076594986292014,-0.39261755399594334,-0.6648681223086682,1.2401716591214134,0.03553803669580512
24,5,Normani,Valentin Chmerkovskiy,0.0,0.0,0.0,0.0,0.0,0.0,0.0,0.0,0.0,0.0,0.0,-0.6948325792977572,1.0852084939335633,-1.2653019211504524,-0.17025727765747814,1.156542334554004,0.13578353166797397,1.461863305654186,1.6567666315073413,-1.2185597915917201
24,6,Normani,Valentin Chmerkovskiy,0.0,0.0,0.0,0.0,0.0,0.0,0.0,0.0,0.0,0.0,0.0,-0.6948325792977572,1.0852084939335633,-1.2653019211504524,-0.503927922657571,0.9360640662368422,0.23293232707339143,-0.9011716143045408,1.9900426094160835,-0.9050353345198388
24,7,Normani,Valentin Chmerkovskiy,0.0,0.0,0.0,0.0,0.0,0.0,0.0,0.0,0.0,0.0,0.0,-0.6948325792977572,1.0852084939335633,-1.2653019211504524,-0.8375985676576638,1.156542334554004,0.7972665593685117,1.2255598136583135,2.2399995928476404,-1.2185597915917201
24,8,Normani,Valentin Chmerkovskiy,0.0,0.0,0.0,0.0,0.0,0.0,0.0,0.0,0.0,0.0,0.0,-0.6948325792977572,1.0852084939335633,-1.2653019211504524,-1.5049398576578494,1.156542334554004,1.8557031705986218,-0.7830198683066045,2.5316160735177897,-1.2185597915917201
24,9,Normani,Valentin Chmerkovskiy,0.0,0.0,0.0,0.0,0.0,0.0,0.0,0.0,0.0,0.0,0.0,-0.6948325792977572,1.0852084939335633,-1.2653019211504524,-1.8386105026579422,0.7486575381672537,2.2847388938396165,-0.5467163763107318,2.1983400956090473,-0.5915108774479575
24,10,Normani,Valentin Chmerkovskiy,0.0,0.0,0.0,0.0,0.0,0.0,0.0,0.0,0.0,0.0,0.0,-0.6948325792977572,1.0852084939335633,-1.2653019211504524,-2.172281147658035,1.0879764422842653,3.8668734639623046,0.12277867721197594,2.1844424873302533,-0.9050353345198388
24,1,Rashad Jennings,Emma Slater,0.0,0.0,0.0,0.0,0.0,0.0,0.0,0.0,0.0,0.0,0.0,0.8819463509348887,-1.1179466849456678,-0.33256200191164226,0.8307546573428003,0.9016143368122852,-0.3138834648043412,-0.19226113831692276,0.9068956812126711,-0.9050353345198388
24,2,Rashad Jennings,Emma Slater,0.0,0.0,0.0,0.0,0.0,0.0,0.0,0.0,0.0,0.0,0.0,0.8819463509348887,-1.1179466849456678,-0.33256200191164226,0.8307546573428003,1.156542334554004,-0.40311427397645777,0.04404235367894996,0.9902146756898567,-1.2185597915917201
24,3,Rashad Jennings,Emma Slater,0.0,0.0,0.0,0.0,0.0,0.0,0.0,0.0,0.0,0.0,0.0,0.8819463509348887,-1.1179466849456678,-0.33256200191164226,0.4970840123427075,-0.28305106445805517,-0.5552000834719348,-1.1374751063004138,0.7402576922583,0.3490624937676864
24,4,Rashad Jennings,Emma Slater,0.0,0.0,0.0,0.0,0.0,0.0,0.0,0.0,0.0,0.0,0.0,0.8819463509348887,-1.1179466849456678,-0.33256200191164226,0.16341336734261466,1.156542334554004,-0.0160477246949326,2.407077273637677,1.3234906535985989,-1.2185597915917201
24,5,Rashad Jennings,Emma Slater,0.0,0.0,0.0,0.0,0.0,0.0,0.0,0.0,0.0,0.0,0.0,0.8819463509348887,-1.1179466849456678,-0.33256200191164226,-0.17025727765747814,-0.3076594986292014,-0.26803806159560883,-1.846385582288032,1.6567666315073413,0.3490624937676864
24,6,Rashad Jennings,Emma Slater,0.0,0.0,0.0,0.0,0.0,0.0,0.0,0.0,0.0,0.0,0.0,0.8819463509348887,-1.1179466849456678,-0.33256200191164226,-0.503927922657571,0.7155857979196806,0.16773755046578154,0.5166493376706954,1.3234906535985989,-0.5915108774479575
24,7,Rashad Jennings,Emma Slater,0.0,0.0,0.0,0.0,0.0,0.0,0.0,0.0,0.0,0.0,0.0,0.8819463509348887,-1.1179466849456678,-0.33256200191164226,-0.8375985676576638,0.5738497682872186,0.5893132600707214,0.7529528296665682,1.906723614938898,-0.9050353345198388
24,8,Rashad Jennings,Emma Slater,0.0,0.0,0.0,0.0,0.0,0.0,0.0,0.0,0.0,0.0,0.0,0.8819463509348887,-1.1179466849456678,-0.33256200191164226,-1.5049398576578494,0.7434944394788129,1.6547015097682842,-0.5467163763107318,2.115021101131862,-0.9050353345198388
24,9,Rashad Jennings,Emma Slater,0.0,0.0,0.0,0.0,0.0,0.0,0.0,0.0,0.0,0.0,0.0,0.8819463509348887,-1.1179466849456678,-0.33256200191164226,-1.8386105026579422,0.8506287372639417,2.3426180849533025,0.04404235367894996,2.073361603893269,-0.9050353345198388
24,10,Rashad Jennings,Emma Slater,0.0,0.0,0.0,0.0,0.0,0.0,0.0,0.0,0.0,0.0,0.0,0.8819463509348887,-1.1179466849456678,-0.33256200191164226,-2.172281147658035,1.156542334554004,3.917569816198938,0.0834105154454629,2.2538805373275395,-1.2185597915917201
24,1,Simone Biles,Sasha Farber,0.0,0.0,0.0,0.0,0.0,0.0,1.0,0.0,0.0,0.0,0.0,-0.21126118126002927,-0.5598140396295962,-1.2653019211504524,0.8307546573428003,1.156542334554004,-0.2558126207399471,-0.19226113831692276,1.0735336701670422,-1.2185597915917201
24,2,Simone Biles,Sasha Farber,0.0,0.0,0.0,0.0,0.0,0.0,1.0,0.0,0.0,0.0,0.0,-0.21126118126002927,-0.5598140396295962,-1.2653019211504524,0.8307546573428003,0.39175834132884774,-0.563517276178718,-0.9011716143045408,0.8235766867354855,-0.2779864203760762
24,3,Simone Biles,Sasha Farber,0.0,0.0,0.0,0.0,0.0,0.0,1.0,0.0,0.0,0.0,0.0,-0.21126118126002927,-0.5598140396295962,-1.2653019211504524,0.4970840123427075,0.6766778682166501,-0.33250300528213145,0.5166493376706954,0.8235766867354855,-0.2779864203760762
24,4,Simone Biles,Sasha Farber,0.0,0.0,0.0,0.0,0.0,0.0,1.0,0.0,0.0,0.0,0.0,-0.21126118126002927,-0.5598140396295962,-1.2653019211504524,0.16341336734261466,0.5290272631897746,-0.1774347943953659,0.7529528296665682,1.4068096480757846,-0.9050353345198388
24,5,Simone Biles,Sasha Farber,0.0,0.0,0.0,0.0,0.0,0.0,1.0,0.0,0.0,0.0,0.0,-0.21126118126002927,-0.5598140396295962,-1.2653019211504524,-0.17025727765747814,0.9473706440992612,0.07809473263031966,0.2803458456748227,1.906723614938898,-0.9050353345198388
24,6,Simone Biles,Sasha Farber,0.0,0.0,0.0,0.0,0.0,0.0,1.0,0.0,0.0,0.0,0.0,-0.21126118126002927,-0.5598140396295962,-1.2653019211504524,-0.503927922657571,0.6053466637610979,0.13514016216197758,-1.0193233603024774,1.7817451232231196,-0.2779864203760762
24,7,Simone Biles,Sasha Farber,0.0,0.0,0.0,0.0,0.0,0.0,1.0,0.0,0.0,0.0,0.0,-0.21126118126002927,-0.5598140396295962,-1.2653019211504524,-0.8375985676576638,0.5738497682872186,0.5893132600707214,0.8711045756645045,1.8650641177003051,-0.9050353345198388
24,8,Simone Biles,Sasha Farber,0.0,0.0,0.0,0.0,0.0,0.0,1.0,0.0,0.0,0.0,0.0,-0.21126118126002927,-0.5598140396295962,-1.2653019211504524,-1.5049398576578494,0.4337085181724224,1.5039502641455298,-0.9011716143045408,1.9900426094160835,-0.5915108774479575
24,9,Simone Biles,Sasha Farber,0.0,0.0,0.0,0.0,0.0,0.0,1.0,0.0,0.0,0.0,0.0,-0.21126118126002927,-0.5598140396295962,-1.2653019211504524,-1.8386105026579422,1.156542334554004,2.5162556582943623,0.7529528296665682,2.073361603893269,-1.2185597915917201
25,1,Barbara Corcoran,Keo Motsepe,0.0,0.0,0.0,0.0,0.0,0.0,0.0,0.0,0.0,0.0,0.0,2.0324756263909634,-0.8574847837981677,2.4656577558047883,1.1644253023428932,-1.8098925482587234,-1.086784531619561,-0.19226113831692276,-1.9259501310116385,2.543733693270856
25,2,Barbara Corcoran,Keo Motsepe,0.0,0.0,0.0,0.0,0.0,0.0,0.0,0.0,0.0,0.0,0.0,2.0324756263909634,-0.8574847837981677,2.4656577558047883,1.1644253023428932,-1.222785644368704,-1.0240038961512,0.5166493376706954,-1.6759931475800818,2.543733693270856
25,1,Debbie Gibson,Alan Bersten,0.0,0.0,0.0,0.0,0.0,0.0,0.0,0.0,0.0,0.0,1.0,-0.19488354032827027,-0.2621432954610242,0.8333628971368704,1.1644253023428932,-0.6974794672039507,-0.8666498675093464,-0.19226113831692276,-1.426036164148525,1.6031603220552115
25,2,Debbie Gibson,Alan Bersten,0.0,0.0,0.0,0.0,0.0,0.0,0.0,0.0,0.0,0.0,1.0,-0.19488354032827027,-0.2621432954610242,0.8333628971368704,1.1644253023428932,-0.03312165490735047,-0.7995765390175082,0.6348010836686317,-1.1344196834783755,0.6625869508395678
25,1,Derek Fisher,Sharna Burgess,0.0,0.0,1.0,0.0,0.0,0.0,0.0,0.0,0.0,0.0,0.0,0.0765173665408801,0.4607713689483641,0.5224495907239337,1.1644253023428932,-0.32667510685235923,-0.793271646139276,-0.19226113831692276,-1.2593981751941539,0.6625869508395678
25,2,Derek Fisher,Sharna Burgess,0.0,0.0,1.0,0.0,0.0,0.0,0.0,0.0,0.0,0.0,0.0,0.0765173665408801,0.4607713689483641,0.5224495907239337,1.1644253023428932,-0.5429776503907879,-0.8957596920748051,0.04404235367894996,-1.1760791807169684,1.916684779127093
25,3,Derek Fisher,Sharna Burgess,0.0,0.0,1.0,0.0,0.0,0.0,0.0,0.0,0.0,0.0,0.0,0.0765173665408801,0.4607713689483641,0.5224495907239337,0.4970840123427075,-0.6562789827204404,-0.6047136756514284,0.2803458456748227,-0.9261221972854116,0.3490624937676864
25,4,Derek Fisher,Sharna Burgess,0.0,0.0,1.0,0.0,0.0,0.0,0.0,0.0,0.0,0.0,0.0,0.0765173665408801,0.4607713689483641,0.5224495907239337,0.4970840123427075,-0.5312568229084096,-0.6256660408696306,0.2803458456748227,-0.5928462193766693,1.6031603220552115
25,1,Drew Scott,Emma Slater,0.0,0.0,0.0,0.0,0.0,0.0,0.0,1.0,0.0,0.0,0.0,0.8819463509348887,-1.1179466849456678,0.211536284310997,1.1644253023428932,-1.0682838275555413,-0.9400280888794187,-0.19226113831692276,-1.5926741531028963,1.916684779127093
25,2,Drew Scott,Emma Slater,0.0,0.0,0.0,0.0,0.0,0.0,0.0,1.0,0.0,0.0,0.0,0.8819463509348887,-1.1179466849456678,0.211536284310997,1.1644253023428932,-0.03312165490735047,-0.7995765390175082,0.8711045756645045,-1.2177386779555612,0.6625869508395678
25,3,Drew Scott,Emma Slater,0.0,0.0,0.0,0.0,0.0,0.0,0.0,1.0,0.0,0.0,0.0,0.8819463509348887,-1.1179466849456678,0.211536284310997,0.4970840123427075,-0.05200521029562557,-0.4609645370657973,0.39849759167275906,-0.6345057166152621,-0.5915108774479575
25,4,Drew Scott,Emma Slater,0.0,0.0,0.0,0.0,0.0,0.0,0.0,1.0,0.0,0.0,0.0,0.8819463509348887,-1.1179466849456678,0.211536284310997,0.4970840123427075,-0.24995696333134093,-0.5609524065248079,0.04404235367894996,-0.34288923594511256,-0.2779864203760762
25,5,Drew Scott,Emma Slater,0.0,0.0,0.0,0.0,0.0,0.0,0.0,1.0,0.0,0.0,0.0,0.8819463509348887,-1.1179466849456678,0.211536284310997,0.16341336734261466,-0.20307365340182904,-0.43425253238609224,0.04404235367894996,-0.17625124699074143,0.3490624937676864
25,6,Drew Scott,Emma Slater,0.0,0.0,0.0,0.0,0.0,0.0,0.0,1.0,0.0,0.0,0.0,0.8819463509348887,-1.1179466849456678,0.211536284310997,-0.17025727765747814,-0.8828816473797461,-0.39472718889398706,0.9892563216624407,0.32366271987237205,0.976111407911449
25,7,Drew Scott,Emma Slater,0.0,0.0,0.0,0.0,0.0,0.0,0.0,1.0,0.0,0.0,0.0,0.8819463509348887,-1.1179466849456678,0.211536284310997,-0.503927922657571,0.7486575381672537,0.2106448104191631,-0.5467163763107318,0.6152792005425215,-0.9050353345198388
25,8,Drew Scott,Emma Slater,0.0,0.0,0.0,0.0,0.0,0.0,0.0,1.0,0.0,0.0,0.0,0.8819463509348887,-1.1179466849456678,0.211536284310997,-1.1712692126577566,-0.6109584497885794,0.5193311061004321,-1.3737785982962865,0.0737057364408153,0.3490624937676864
25,9,Drew Scott,Emma Slater,0.0,0.0,0.0,0.0,0.0,0.0,0.0,1.0,0.0,0.0,0.0,0.8819463509348887,-1.1179466849456678,0.211536284310997,-1.5049398576578494,-0.24995696333134093,1.003679463856688,-0.0741093923189864,-0.3012297387065198,0.03553803669580512
25,10,Drew Scott,Emma Slater,0.0,0.0,0.0,0.0,0.0,0.0,0.0,1.0,0.0,0.0,0.0,0.8819463509348887,-1.1179466849456678,0.211536284310997,-1.8386105026579422,0.6466863390705665,2.0911622378847303,2.9978360036273592,0.8652361839740783,-0.2779864203760762
25,1,Frankie Muniz,Witney Carson,0.0,0.0,0.0,0.0,0.0,0.0,0.0,0.0,0.0,0.0,0.0,-0.5551916408269696,0.4607713689483641,-0.4102903285148764,1.1644253023428932,0.04412925349923135,-0.7198934247692039,-0.19226113831692276,-1.0927601862397827,0.03553803669580512
25,2,Frankie Muniz,Witney Carson,0.0,0.0,0.0,0.0,0.0,0.0,0.0,0.0,0.0,0.0,0.0,-0.5551916408269696,0.4607713689483641,-0.4102903285148764,1.1644253023428932,1.156542334554004,-0.5751491818838181,0.9892563216624407,-0.6761652138538549,-1.2185597915917201
25,3,Frankie Muniz,Witney Carson,0.0,0.0,0.0,0.0,0.0,0.0,0.0,0.0,0.0,0.0,0.0,-0.5551916408269696,0.4607713689483641,-0.4102903285148764,0.4970840123427075,-0.6562789827204404,-0.6047136756514284,-0.9011716143045408,-0.5095272248994838,0.3490624937676864
25,4,Frankie Muniz,Witney Carson,0.0,0.0,0.0,0.0,0.0,0.0,0.0,0.0,0.0,0.0,0.0,-0.5551916408269696,0.4607713689483641,-0.4102903285148764,0.4970840123427075,-0.24995696333134093,-0.5609524065248079,0.5166493376706954,-0.5095272248994838,-0.2779864203760762
25,5,Frankie Muniz,Witney Carson,0.0,0.0,0.0,0.0,0.0,0.0,0.0,0.0,0.0,0.0,0.0,-0.5551916408269696,0.4607713689483641,-0.4102903285148764,0.16341336734261466,0.8846191369628383,-0.1654801966397777,0.9892563216624407,0.15702473091800087,-0.9050353345198388
25,6,Frankie Muniz,Witney Carson,0.0,0.0,0.0,0.0,0.0,0.0,0.0,0.0,0.0,0.0,0.0,-0.5551916408269696,0.4607713689483641,-0.4102903285148764,-0.17025727765747814,-0.6789392491863708,-0.33741544083043545,0.2803458456748227,0.7402576922583,0.3490624937676864
25,7,Frankie Muniz,Witney Carson,0.0,0.0,0.0,0.0,0.0,0.0,0.0,0.0,0.0,0.0,0.0,-0.5551916408269696,0.4607713689483641,-0.4102903285148764,-0.503927922657571,1.156542334554004,0.3329987283780953,-0.42856463031279546,0.8235766867354855,-1.2185597915917201
25,8,Frankie Muniz,Witney Carson,0.0,0.0,0.0,0.0,0.0,0.0,0.0,0.0,0.0,0.0,0.0,-0.5551916408269696,0.4607713689483641,-0.4102903285148764,-1.1712692126577566,0.20481114298492042,0.8555112001728981,-1.0193233603024774,0.4486412115881504,-0.5915108774479575
25,9,Frankie Muniz,Witney Carson,0.0,0.0,0.0,0.0,0.0,0.0,0.0,0.0,0.0,0.0,0.0,-0.5551916408269696,0.4607713689483641,-0.4102903285148764,-1.5049398576578494,0.17199282603426247,1.1985394072727655,-0.42856463031279546,0.0737057364408153,-0.2779864203760762
25,10,Frankie Muniz,Witney Carson,0.0,0.0,0.0,0.0,0.0,0.0,0.0,0.0,0.0,0.0,0.0,-0.5551916408269696,0.4607713689483641,-0.4102903285148764,-1.8386105026579422,0.929901147441706,2.2468907547658836,2.9715354249682187,1.1059197633203242,-0.5915108774479575
25,1,Jordan Fisher,Lindsay Arnold,0.0,0.0,0.0,0.0,0.0,0.0,0.0,0.0,0.0,0.0,0.0,-0.614151148181302,0.6904030858784056,-1.0321169413407498,1.1644253023428932,1.156542334554004,-0.49975876065899094,-0.19226113831692276,-0.5928462193766693,-1.2185597915917201
25,2,Jordan Fisher,Lindsay Arnold,0.0,0.0,0.0,0.0,0.0,0.0,0.0,0.0,0.0,0.0,0.0,-0.614151148181302,0.6904030858784056,-1.0321169413407498,1.1644253023428932,1.156542334554004,-0.5751491818838181,0.2803458456748227,-0.42620823042229816,-1.2185597915917201
25,3,Jordan Fisher,Lindsay Arnold,0.0,0.0,0.0,0.0,0.0,0.0,0.0,0.0,0.0,0.0,0.0,-0.614151148181302,0.6904030858784056,-1.0321169413407498,0.4970840123427075,0.5522685621291902,-0.3172153984801665,0.04404235367894996,-0.17625124699074143,-0.9050353345198388
25,4,Jordan Fisher,Lindsay Arnold,0.0,0.0,0.0,0.0,0.0,0.0,0.0,0.0,0.0,0.0,0.0,-0.614151148181302,0.6904030858784056,-1.0321169413407498,0.4970840123427075,1.156542334554004,-0.237384234800692,0.7529528296665682,0.24034372539518645,-1.2185597915917201
25,5,Jordan Fisher,Lindsay Arnold,0.0,0.0,0.0,0.0,0.0,0.0,0.0,0.0,0.0,0.0,0.0,-0.614151148181302,0.6904030858784056,-1.0321169413407498,0.16341336734261466,1.156542334554004,-0.09828711270320054,0.04404235367894996,0.6569386977811144,-1.2185597915917201
25,6,Jordan Fisher,Lindsay Arnold,0.0,0.0,0.0,0.0,0.0,0.0,0.0,0.0,0.0,0.0,0.0,-0.614151148181302,0.6904030858784056,-1.0321169413407498,-0.17025727765747814,0.9525999363606288,0.12107854367798275,1.9344702896459318,1.49012864255297,-0.9050353345198388
25,7,Jordan Fisher,Lindsay Arnold,0.0,0.0,0.0,0.0,0.0,0.0,0.0,0.0,0.0,0.0,0.0,-0.614151148181302,0.6904030858784056,-1.0321169413407498,-0.503927922657571,0.3407727417805042,0.08829089246023043,-3.027903042267395,1.2401716591214134,-0.2779864203760762
25,8,Jordan Fisher,Lindsay Arnold,0.0,0.0,0.0,0.0,0.0,0.0,0.0,0.0,0.0,0.0,0.0,-0.614151148181302,0.6904030858784056,-1.0321169413407498,-1.1712692126577566,1.156542334554004,1.2477213099241078,0.5166493376706954,0.4903007088267432,-1.2185597915917201
25,9,Jordan Fisher,Lindsay Arnold,0.0,0.0,0.0,0.0,0.0,0.0,0.0,0.0,0.0,0.0,0.0,-0.614151148181302,0.6904030858784056,-1.0321169413407498,-1.5049398576578494,1.156542334554004,1.653212608576948,-0.42856463031279546,0.6569386977811144,-1.2185597915917201
25,10,Jordan Fisher,Lindsay Arnold,0.0,0.0,0.0,0.0,0.0,0.0,0.0,0.0,0.0,0.0,0.0,-0.614151148181302,0.6904030858784056,-1.0321169413407498,-1.8386105026579422,1.156542334554004,2.371511695797083,2.407077273637677,1.49012864255297,-1.2185597915917201
25,1,Lindsey Stirling,Mark Ballas,0.0,0.0,0.0,1.0,0.0,0.0,0.0,0.0,0.0,0.0,0.0,-0.7376853540665704,1.098637249309589,-0.4102903285148764,1.1644253023428932,1.156542334554004,-0.49975876065899094,-0.19226113831692276,-0.5928462193766693,-1.2185597915917201
25,2,Lindsey Stirling,Mark Ballas,0.0,0.0,0.0,1.0,0.0,0.0,0.0,0.0,0.0,0.0,0.0,-0.7376853540665704,1.098637249309589,-0.4102903285148764,1.1644253023428932,0.6466863390705665,-0.6713323349411132,-0.0741093923189864,-0.5511867221380765,-0.2779864203760762
25,3,Lindsey Stirling,Mark Ballas,0.0,0.0,0.0,1.0,0.0,0.0,0.0,0.0,0.0,0.0,0.0,-0.7376853540665704,1.098637249309589,-0.4102903285148764,0.4970840123427075,1.156542334554004,-0.1734662598945354,0.8711045756645045,-0.13459174975214863,-1.2185597915917201
25,4,Lindsey Stirling,Mark Ballas,0.0,0.0,0.0,1.0,0.0,0.0,0.0,0.0,0.0,0.0,0.0,-0.7376853540665704,1.098637249309589,-0.4102903285148764,0.4970840123427075,0.3126427558227972,-0.4315251378351605,-0.42856463031279546,0.15702473091800087,-0.5915108774479575
25,5,Lindsey Stirling,Mark Ballas,0.0,0.0,0.0,1.0,0.0,0.0,0.0,0.0,0.0,0.0,0.0,-0.7376853540665704,1.098637249309589,-0.4102903285148764,0.16341336734261466,0.6126959393716699,-0.2326732805763568,0.2803458456748227,0.24034372539518645,-0.5915108774479575
25,6,Lindsey Stirling,Mark Ballas,0.0,0.0,0.0,1.0,0.0,0.0,0.0,0.0,0.0,0.0,0.0,-0.7376853540665704,1.098637249309589,-0.4102903285148764,-0.17025727765747814,1.156542334554004,0.1783902917415358,2.64338076563355,1.4068096480757846,-1.2185597915917201
25,7,Lindsey Stirling,Mark Ballas,0.0,0.0,0.0,1.0,0.0,0.0,0.0,0.0,0.0,0.0,0.0,-0.7376853540665704,1.098637249309589,-0.4102903285148764,-0.503927922657571,-0.06711205460624618,-0.03406302549870178,-3.618661772257077,1.1985121618828205,0.3490624937676864
25,8,Lindsey Stirling,Mark Ballas,0.0,0.0,0.0,1.0,0.0,0.0,0.0,0.0,0.0,0.0,0.0,-0.7376853540665704,1.098637249309589,-0.4102903285148764,-1.1712692126577566,0.3407727417805042,0.9115412158516417,0.1621940996768863,0.11536523367940808,-0.9050353345198388
25,9,Lindsey Stirling,Mark Ballas,0.0,0.0,0.0,1.0,0.0,0.0,0.0,0.0,0.0,0.0,0.0,-0.7376853540665704,1.098637249309589,-0.4102903285148764,-1.5049398576578494,1.01589240476547,1.5882592941049225,0.1621940996768863,0.3653222171109648,-0.9050353345198388
25,10,Lindsey Stirling,Mark Ballas,0.0,0.0,0.0,1.0,0.0,0.0,0.0,0.0,0.0,0.0,0.0,-0.7376853540665704,1.098637249309589,-0.4102903285148764,-1.8386105026579422,1.156542334554004,2.371511695797083,2.5252290196356135,1.4484691453143772,-1.2185597915917201
25,1,Nick Lachey,Peta Murgatroyd,0.0,0.0,0.0,0.0,0.0,0.0,0.0,0.0,0.0,0.0,0.0,0.5650389989053509,-0.7384164861307391,0.5224495907239337,1.1644253023428932,-0.32667510685235923,-0.793271646139276,-0.19226113831692276,-1.2593981751941539,0.6625869508395678
25,2,Nick Lachey,Peta Murgatroyd,0.0,0.0,0.0,0.0,0.0,0.0,0.0,0.0,0.0,0.0,0.0,0.5650389989053509,-0.7384164861307391,0.5224495907239337,1.1644253023428932,-0.5429776503907879,-0.8957596920748051,0.04404235367894996,-1.1760791807169684,1.916684779127093
25,3,Nick Lachey,Peta Murgatroyd,0.0,0.0,0.0,0.0,0.0,0.0,0.0,0.0,0.0,0.0,0.0,0.5650389989053509,-0.7384164861307391,0.5224495907239337,0.4970840123427075,-0.6562789827204404,-0.6047136756514284,0.2803458456748227,-0.9261221972854116,0.3490624937676864
25,4,Nick Lachey,Peta Murgatroyd,0.0,0.0,0.0,0.0,0.0,0.0,0.0,0.0,0.0,0.0,0.0,0.5650389989053509,-0.7384164861307391,0.5224495907239337,0.4970840123427075,-0.8125566824854791,-0.6903796752144536,0.04404235367894996,-0.6761652138538549,1.916684779127093
25,5,Nick Lachey,Peta Murgatroyd,0.0,0.0,0.0,0.0,0.0,0.0,0.0,0.0,0.0,0.0,0.0,0.5650389989053509,-0.7384164861307391,0.5224495907239337,0.16341336734261466,-1.0188432461753298,-0.6358317841958274,-0.19226113831692276,-0.5928462193766693,1.6031603220552115
25,6,Nick Lachey,Peta Murgatroyd,0.0,0.0,0.0,0.0,0.0,0.0,0.0,0.0,0.0,0.0,0.0,0.5650389989053509,-0.7384164861307391,0.5224495907239337,-0.17025727765747814,-1.6986512401532459,-0.6239741811481961,0.7529528296665682,-0.259570241467927,1.2896358649833304
25,1,Nikki Bella,Artem Chigvintsev,0.0,0.0,0.0,1.0,0.0,0.0,0.0,0.0,0.0,0.0,0.0,0.5748655834644064,-1.0063201558824537,-0.25483367530840806,1.1644253023428932,0.41493361385082284,-0.6465152033991334,-0.19226113831692276,-0.9261221972854116,-0.2779864203760762
25,2,Nikki Bella,Artem Chigvintsev,0.0,0.0,0.0,1.0,0.0,0.0,0.0,0.0,0.0,0.0,0.0,0.5748655834644064,-1.0063201558824537,-0.25483367530840806,1.1644253023428932,-0.3730256518963085,-0.8636986410557055,-0.3104128843148591,-0.9677816945240044,1.2896358649833304
25,3,Nikki Bella,Artem Chigvintsev,0.0,0.0,0.0,1.0,0.0,0.0,0.0,0.0,0.0,0.0,0.0,0.5748655834644064,-1.0063201558824537,-0.25483367530840806,0.4970840123427075,-0.6562789827204404,-0.6047136756514284,0.1621940996768863,-0.8844627000468188,0.3490624937676864
25,4,Nikki Bella,Artem Chigvintsev,0.0,0.0,0.0,1.0,0.0,0.0,0.0,0.0,0.0,0.0,0.0,0.5748655834644064,-1.0063201558824537,-0.25483367530840806,0.4970840123427075,-0.24995696333134093,-0.5609524065248079,0.5166493376706954,-0.5095272248994838,-0.2779864203760762
25,5,Nikki Bella,Artem Chigvintsev,0.0,0.0,0.0,1.0,0.0,0.0,0.0,0.0,0.0,0.0,0.0,0.5748655834644064,-1.0063201558824537,-0.25483367530840806,0.16341336734261466,0.3407727417805042,-0.2998663645129359,0.5166493376706954,-0.009613258036370276,-0.2779864203760762
25,6,Nikki Bella,Artem Chigvintsev,0.0,0.0,0.0,1.0,0.0,0.0,0.0,0.0,0.0,0.0,0.0,0.5748655834644064,-1.0063201558824537,-0.25483367530840806,-0.17025727765747814,0.3407727417805042,-0.05085670051267328,1.9344702896459318,0.9902146756898567,-0.2779864203760762
25,7,Nikki Bella,Artem Chigvintsev,0.0,0.0,0.0,1.0,0.0,0.0,0.0,0.0,0.0,0.0,0.0,0.5748655834644064,-1.0063201558824537,-0.25483367530840806,-0.503927922657571,-0.47499685099299566,-0.15641694345763593,-3.027903042267395,0.7402576922583,0.976111407911449
25,1,Sasha Pieterse,Gleb Savchenko,0.0,0.0,0.0,0.0,0.0,0.0,0.0,0.0,0.0,0.0,0.0,1.1909168462051898,-1.4528262721353111,-1.1875735945472181,1.1644253023428932,-0.32667510685235923,-0.793271646139276,-0.19226113831692276,-1.2593981751941539,0.6625869508395678
25,2,Sasha Pieterse,Gleb Savchenko,0.0,0.0,0.0,0.0,0.0,0.0,0.0,0.0,0.0,0.0,0.0,1.1909168462051898,-1.4528262721353111,-1.1875735945472181,1.1644253023428932,0.6466863390705665,-0.6713323349411132,0.8711045756645045,-0.8844627000468188,-0.2779864203760762
25,3,Sasha Pieterse,Gleb Savchenko,0.0,0.0,0.0,0.0,0.0,0.0,0.0,0.0,0.0,0.0,0.0,1.1909168462051898,-1.4528262721353111,-1.1875735945472181,0.4970840123427075,-1.260552755145255,-0.7484628142370595,-1.0193233603024774,-0.8011437055696332,1.916684779127093
25,4,Sasha Pieterse,Gleb Savchenko,0.0,0.0,0.0,0.0,0.0,0.0,0.0,0.0,0.0,0.0,0.0,1.1909168462051898,-1.4528262721353111,-1.1875735945472181,0.4970840123427075,-0.24995696333134093,-0.5609524065248079,0.9892563216624407,-0.6761652138538549,-0.2779864203760762
25,5,Sasha Pieterse,Gleb Savchenko,0.0,0.0,0.0,0.0,0.0,0.0,0.0,0.0,0.0,0.0,0.0,1.1909168462051898,-1.4528262721353111,-1.1875735945472181,0.16341336734261466,-0.47499685099299566,-0.5014456163226712,-0.19226113831692276,-0.259570241467927,0.976111407911449
25,1,Terrell Owens,Cheryl Burke,0.0,0.0,0.0,0.0,0.0,0.0,0.0,0.0,0.0,0.0,0.0,-0.3783131187639717,0.2617572142756622,0.5224495907239337,1.1644253023428932,-1.4390881879071329,-1.013406310249489,-0.19226113831692276,-1.7593121420572673,2.230209236198974
25,2,Terrell Owens,Cheryl Burke,0.0,0.0,0.0,0.0,0.0,0.0,0.0,0.0,0.0,0.0,0.0,-0.3783131187639717,0.2617572142756622,0.5224495907239337,1.1644253023428932,-0.3730256518963085,-0.8636986410557055,0.8711045756645045,-1.3843766669099322,1.2896358649833304
25,3,Terrell Owens,Cheryl Burke,0.0,0.0,0.0,0.0,0.0,0.0,0.0,0.0,0.0,0.0,0.0,-0.3783131187639717,0.2617572142756622,0.5224495907239337,0.4970840123427075,-0.6562789827204404,-0.6047136756514284,0.1621940996768863,-0.8844627000468188,0.3490624937676864
25,4,Terrell Owens,Cheryl Burke,0.0,0.0,0.0,0.0,0.0,0.0,0.0,0.0,0.0,0.0,0.0,-0.3783131187639717,0.2617572142756622,0.5224495907239337,0.4970840123427075,-0.24995696333134093,-0.5609524065248079,0.5166493376706954,-0.5095272248994838,-0.2779864203760762
25,5,Terrell Owens,Cheryl Burke,0.0,0.0,0.0,0.0,0.0,0.0,0.0,0.0,0.0,0.0,0.0,-0.3783131187639717,0.2617572142756622,0.5224495907239337,0.16341336734261466,-0.20307365340182904,-0.43425253238609224,0.04404235367894996,-0.17625124699074143,0.3490624937676864
25,6,Terrell Owens,Cheryl Burke,0.0,0.0,0.0,0.0,0.0,0.0,0.0,0.0,0.0,0.0,0.0,-0.3783131187639717,0.2617572142756622,0.5224495907239337,-0.17025727765747814,0.5447151399738793,0.006455047550878082,2.64338076563355,0.9068956812126711,-0.5915108774479575
25,7,Terrell Owens,Cheryl Burke,0.0,0.0,0.0,0.0,0.0,0.0,0.0,0.0,0.0,0.0,0.0,-0.3783131187639717,0.2617572142756622,0.5224495907239337,-0.503927922657571,-0.3390352521974128,-0.11563230413799064,-3.1460547882653316,0.8652361839740783,0.6625869508395678
25,8,Terrell Owens,Cheryl Burke,0.0,0.0,0.0,0.0,0.0,0.0,0.0,0.0,0.0,0.0,0.0,-0.3783131187639717,0.2617572142756622,0.5224495907239337,-1.1712692126577566,-0.06711205460624618,0.7434511688154087,0.04404235367894996,-0.09293225251355586,-0.2779864203760762
25,1,Vanessa Lachey,Maksim Chmerkoskiy,0.0,0.0,0.0,0.0,0.0,0.0,0.0,0.0,0.0,0.0,0.0,-0.26039410405530633,0.12307766758065668,-0.021648695498705534,1.1644253023428932,0.7857379742024134,-0.573136982029063,-0.19226113831692276,-0.7594842083310405,-0.5915108774479575
25,2,Vanessa Lachey,Maksim Chmerkoskiy,0.0,0.0,0.0,0.0,0.0,0.0,0.0,0.0,0.0,0.0,0.0,-0.26039410405530633,0.12307766758065668,-0.021648695498705534,1.1644253023428932,0.9865903360595245,-0.607210232902916,0.39849759167275906,-0.5511867221380765,-0.5915108774479575
25,3,Vanessa Lachey,Maksim Chmerkoskiy,0.0,0.0,0.0,0.0,0.0,0.0,0.0,0.0,0.0,0.0,0.0,-0.26039410405530633,0.12307766758065668,-0.021648695498705534,0.4970840123427075,-0.05200521029562557,-0.4609645370657973,-0.3104128843148591,-0.38454873318370536,-0.5915108774479575
25,4,Vanessa Lachey,Maksim Chmerkoskiy,0.0,0.0,0.0,0.0,0.0,0.0,0.0,0.0,0.0,0.0,0.0,-0.26039410405530633,0.12307766758065668,-0.021648695498705534,0.4970840123427075,-0.24995696333134093,-0.5609524065248079,0.04404235367894996,-0.34288923594511256,-0.2779864203760762
25,5,Vanessa Lachey,Maksim Chmerkoskiy,0.0,0.0,0.0,0.0,0.0,0.0,0.0,0.0,0.0,0.0,0.0,-0.26039410405530633,0.12307766758065668,-0.021648695498705534,0.16341336734261466,-0.47499685099299566,-0.5014456163226712,-0.19226113831692276,-0.259570241467927,0.976111407911449
25,6,Vanessa Lachey,Maksim Chmerkoskiy,0.0,0.0,0.0,0.0,0.0,0.0,0.0,0.0,0.0,0.0,0.0,-0.26039410405530633,0.12307766758065668,-0.021648695498705534,-0.17025727765747814,0.3407727417805042,-0.05085670051267328,2.64338076563355,0.7402576922583,-0.2779864203760762
25,7,Vanessa Lachey,Maksim Chmerkoskiy,0.0,0.0,0.0,0.0,0.0,0.0,0.0,0.0,0.0,0.0,0.0,-0.26039410405530633,0.12307766758065668,-0.021648695498705534,-0.503927922657571,0.3407727417805042,0.08829089246023043,-2.318992566279777,0.9902146756898567,-0.2779864203760762
25,1,Victoria Arlen,Valentin Chmerkovskiy,0.0,0.0,0.0,0.0,0.0,0.0,0.0,0.0,0.0,0.0,0.0,-0.6948325792977572,1.0852084939335633,-1.109845267943984,1.1644253023428932,0.04412925349923135,-0.7198934247692039,-0.19226113831692276,-1.0927601862397827,0.03553803669580512
25,2,Victoria Arlen,Valentin Chmerkovskiy,0.0,0.0,0.0,0.0,0.0,0.0,0.0,0.0,0.0,0.0,0.0,-0.6948325792977572,1.0852084939335633,-1.109845267943984,1.1644253023428932,0.47673434057608705,-0.7033933859602128,0.5166493376706954,-0.8428032028082261,0.3490624937676864
25,3,Victoria Arlen,Valentin Chmerkovskiy,0.0,0.0,0.0,0.0,0.0,0.0,0.0,0.0,0.0,0.0,0.0,-0.6948325792977572,1.0852084939335633,-1.109845267943984,0.4970840123427075,-0.3541420965080334,-0.532839106358613,-0.19226113831692276,-0.5928462193766693,0.03553803669580512
25,4,Victoria Arlen,Valentin Chmerkovskiy,0.0,0.0,0.0,0.0,0.0,0.0,0.0,0.0,0.0,0.0,0.0,-0.6948325792977572,1.0852084939335633,-1.109845267943984,0.4970840123427075,0.5939426153998668,-0.36681150349033775,0.9892563216624407,-0.17625124699074143,-0.9050353345198388
25,5,Victoria Arlen,Valentin Chmerkovskiy,0.0,0.0,0.0,0.0,0.0,0.0,0.0,0.0,0.0,0.0,0.0,-0.6948325792977572,1.0852084939335633,-1.109845267943984,0.16341336734261466,0.3407727417805042,-0.2998663645129359,-0.19226113831692276,0.24034372539518645,-0.2779864203760762
25,6,Victoria Arlen,Valentin Chmerkovskiy,0.0,0.0,0.0,0.0,0.0,0.0,0.0,0.0,0.0,0.0,0.0,-0.6948325792977572,1.0852084939335633,-1.109845267943984,-0.17025727765747814,-0.6789392491863708,-0.33741544083043545,0.7529528296665682,0.5736197033039288,0.3490624937676864
25,7,Victoria Arlen,Valentin Chmerkovskiy,0.0,0.0,0.0,0.0,0.0,0.0,0.0,0.0,0.0,0.0,0.0,-0.6948325792977572,1.0852084939335633,-1.109845267943984,-0.503927922657571,0.7486575381672537,0.2106448104191631,-0.7830198683066045,0.6985981950197071,-0.9050353345198388
25,8,Victoria Arlen,Valentin Chmerkovskiy,0.0,0.0,0.0,0.0,0.0,0.0,0.0,0.0,0.0,0.0,0.0,-0.6948325792977572,1.0852084939335633,-1.109845267943984,-1.1712692126577566,-0.47499685099299566,0.5753611217791758,-1.25562685229835,0.11536523367940808,0.03553803669580512
25,9,Victoria Arlen,Valentin Chmerkovskiy,0.0,0.0,0.0,0.0,0.0,0.0,0.0,0.0,0.0,0.0,0.0,-0.6948325792977572,1.0852084939335633,-1.109845267943984,-1.5049398576578494,0.8752424749769354,1.5233059796328965,0.7529528296665682,0.0737057364408153,-0.5915108774479575
26,1,Adam Rippon,Jenna Johnson,0.0,0.0,0.0,0.0,0.0,0.0,0.0,0.0,0.0,0.0,0.0,0.0016481508528389105,0.9285396812132627,-0.643475308324579,0.16341336734261466,1.156542334554004,-0.10980592709232831,-0.19226113831692276,-0.259570241467927,-1.2185597915917201
26,2,Adam Rippon,Jenna Johnson,0.0,0.0,0.0,0.0,0.0,0.0,0.0,0.0,0.0,0.0,0.0,0.0016481508528389105,0.9285396812132627,-0.643475308324579,-0.503927922657571,1.156542334554004,0.3116534965846371,2.879684257629423,0.8235766867354855,-1.2185597915917201
26,3,Adam Rippon,Jenna Johnson,0.0,0.0,0.0,0.0,0.0,0.0,0.0,0.0,0.0,0.0,0.0,0.0016481508528389105,0.9285396812132627,-0.643475308324579,-1.1712692126577566,1.156542334554004,1.2936606118787197,0.7529528296665682,2.2399995928476404,-1.2185597915917201
26,4,Adam Rippon,Jenna Johnson,0.0,0.0,0.0,0.0,0.0,0.0,0.0,0.0,0.0,0.0,0.0,0.0016481508528389105,0.9285396812132627,-0.643475308324579,-2.172281147658035,1.156542334554004,3.8342765366376086,-3.027903042267395,1.5734476370301556,-1.2185597915917201
26,1,Arike Ogunbowale,Gleb Savchenko,0.0,0.0,0.0,0.0,0.0,0.0,0.0,0.0,0.0,0.0,0.0,1.1909168462051898,-1.4528262721353111,-1.1875735945472181,0.16341336734261466,-0.20307365340182904,-0.44385154437703217,-0.19226113831692276,-0.9261221972854116,0.6625869508395678
26,2,Arike Ogunbowale,Gleb Savchenko,0.0,0.0,0.0,0.0,0.0,0.0,0.0,0.0,0.0,0.0,0.0,1.1909168462051898,-1.4528262721353111,-1.1875735945472181,-0.503927922657571,0.7155857979196806,0.18053278699624817,3.352291241621168,0.32366271987237205,-0.5915108774479575
26,1,Chris Mazdzer,Witney Carson,0.0,0.0,0.0,0.0,0.0,0.0,0.0,0.0,0.0,0.0,0.0,-0.5551916408269696,0.4607713689483641,-0.5657469817213447,0.16341336734261466,0.136830343587129,-0.3603401400558553,-0.19226113831692276,-0.7594842083310405,0.03553803669580512
26,2,Chris Mazdzer,Witney Carson,0.0,0.0,0.0,0.0,0.0,0.0,0.0,0.0,0.0,0.0,0.0,-0.5551916408269696,0.4607713689483641,-0.5657469817213447,-0.503927922657571,0.2746292612853553,0.0494120774078595,2.64338076563355,0.24034372539518645,-0.2779864203760762
26,3,Chris Mazdzer,Witney Carson,0.0,0.0,0.0,0.0,0.0,0.0,0.0,0.0,0.0,0.0,0.0,-0.5551916408269696,0.4607713689483641,-0.5657469817213447,-1.1712692126577566,-0.4352032123211176,0.6287356864778846,-0.19226113831692276,1.2401716591214134,0.03553803669580512
26,1,Jamie Anderson,Artem Chigvintsev,0.0,0.0,0.0,1.0,0.0,0.0,0.0,0.0,0.0,0.0,0.0,0.5748655834644064,-1.0063201558824537,-0.7212036349278131,0.16341336734261466,-0.5429776503907879,-0.5273629486982091,-0.19226113831692276,-1.0927601862397827,0.976111407911449
26,1,Jennie Finch Daigle,Keo Motsepe,0.0,0.0,0.0,1.0,0.0,0.0,0.0,0.0,0.0,0.0,0.0,2.0324756263909634,-0.8574847837981677,0.05607963110452864,0.16341336734261466,0.136830343587129,-0.3603401400558553,-0.19226113831692276,-0.7594842083310405,0.03553803669580512
26,2,Jennie Finch Daigle,Keo Motsepe,0.0,0.0,0.0,1.0,0.0,0.0,0.0,0.0,0.0,0.0,0.0,2.0324756263909634,-0.8574847837981677,0.05607963110452864,-0.503927922657571,-0.05608814119038819,-0.048928454783433516,2.288925527639741,0.11536523367940808,0.3490624937676864
26,3,Jennie Finch Daigle,Keo Motsepe,0.0,0.0,0.0,1.0,0.0,0.0,0.0,0.0,0.0,0.0,0.0,2.0324756263909634,-0.8574847837981677,0.05607963110452864,-1.1712692126577566,-1.2310759857586793,0.29627322377746745,-0.7830198683066045,0.7819171894968927,0.3490624937676864
26,1,Johnny Damon,Emma Slater,0.0,0.0,0.0,0.0,0.0,0.0,0.0,0.0,0.0,0.0,0.0,0.8819463509348887,-1.1179466849456678,0.6001779173271679,0.16341336734261466,-0.8828816473797461,-0.6108743530193842,-0.19226113831692276,-1.2593981751941539,1.2896358649833304
26,1,Josh Norman,Sharna Burgess,0.0,0.0,0.0,0.0,0.0,0.0,0.0,0.0,0.0,0.0,0.0,0.0765173665408801,0.4607713689483641,-0.4880186551181106,0.16341336734261466,1.156542334554004,-0.10980592709232831,-0.19226113831692276,-0.259570241467927,-1.2185597915917201
26,2,Josh Norman,Sharna Burgess,0.0,0.0,0.0,0.0,0.0,0.0,0.0,0.0,0.0,0.0,0.0,0.0765173665408801,0.4607713689483641,-0.4880186551181106,-0.503927922657571,-0.05608814119038819,-0.048928454783433516,1.5800150516521225,0.3653222171109648,0.3490624937676864
26,3,Josh Norman,Sharna Burgess,0.0,0.0,0.0,0.0,0.0,0.0,0.0,0.0,0.0,0.0,0.0,0.0765173665408801,0.4607713689483641,-0.4880186551181106,-1.1712692126577566,0.5596377544758336,1.0443137648534064,1.3437115596562499,1.531788139791563,-0.9050353345198388
26,4,Josh Norman,Sharna Burgess,0.0,0.0,0.0,0.0,0.0,0.0,0.0,0.0,0.0,0.0,0.0,0.0765173665408801,0.4607713689483641,-0.4880186551181106,-2.172281147658035,1.01589240476547,3.731718671681778,-2.4371443122777134,1.2818311563600062,-0.9050353345198388
26,1,Kareem Abdul-Jabbar,Lindsay Arnold,0.0,0.0,0.0,0.0,0.0,0.0,0.0,0.0,0.0,0.0,0.0,-0.614151148181302,0.6904030858784056,2.6988427356144906,0.16341336734261466,-1.222785644368704,-0.6943857573405611,-0.19226113831692276,-1.426036164148525,1.6031603220552115
26,2,Kareem Abdul-Jabbar,Lindsay Arnold,0.0,0.0,0.0,0.0,0.0,0.0,0.0,0.0,0.0,0.0,0.0,-0.614151148181302,0.6904030858784056,2.6988427356144906,-0.503927922657571,-0.49704467782471257,-0.18004916437182072,2.7615325116314864,-0.38454873318370536,0.976111407911449
26,1,Mirai Nagasu,Alan Bersten,0.0,0.0,0.0,1.0,0.0,0.0,0.0,0.0,0.0,0.0,0.0,-0.19488354032827027,-0.2621432954610242,-0.8766602881342814,0.16341336734261466,0.816638337565046,-0.1933173314135035,-0.19226113831692276,-0.42620823042229816,-0.5915108774479575
26,2,Mirai Nagasu,Alan Bersten,0.0,0.0,0.0,1.0,0.0,0.0,0.0,0.0,0.0,0.0,0.0,-0.19488354032827027,-0.2621432954610242,-0.8766602881342814,-0.503927922657571,1.156542334554004,0.3116534965846371,3.1159877496252952,0.7402576922583,-1.2185597915917201
26,3,Mirai Nagasu,Alan Bersten,0.0,0.0,0.0,1.0,0.0,0.0,0.0,0.0,0.0,0.0,0.0,-0.19488354032827027,-0.2621432954610242,-0.8766602881342814,-1.1712692126577566,-0.03726682560233762,0.7949669178280934,-0.6648681223086682,1.7400856259845268,-0.5915108774479575
26,1,Tonya Harding,Sasha Farber,0.0,0.0,0.0,0.0,0.0,0.0,0.0,0.0,0.0,0.0,1.0,-0.21126118126002927,-0.5598140396295962,0.8333628971368704,0.16341336734261466,0.816638337565046,-0.1933173314135035,-0.19226113831692276,-0.42620823042229816,-0.5915108774479575
26,2,Tonya Harding,Sasha Farber,0.0,0.0,0.0,0.0,0.0,0.0,0.0,0.0,0.0,0.0,1.0,-0.21126118126002927,-0.5598140396295962,0.8333628971368704,-0.503927922657571,0.2746292612853553,0.0494120774078595,2.1707737816418047,0.4069817143495576,-0.2779864203760762
26,3,Tonya Harding,Sasha Farber,0.0,0.0,0.0,0.0,0.0,0.0,0.0,0.0,0.0,0.0,1.0,-0.21126118126002927,-0.5598140396295962,0.8333628971368704,-1.1712692126577566,-0.03726682560233762,0.7949669178280934,0.2803458456748227,1.4068096480757846,-0.5915108774479575
26,4,Tonya Harding,Sasha Farber,0.0,0.0,0.0,0.0,0.0,0.0,0.0,0.0,0.0,0.0,1.0,-0.21126118126002927,-0.5598140396295962,0.8333628971368704,-2.172281147658035,0.8752424749769354,3.629160806725947,-1.846385582288032,0.9902146756898567,-0.5915108774479575
27,1,Alexis Ren,Alan Bersten,0.0,0.0,0.0,1.0,0.0,0.0,0.0,0.0,0.0,0.0,0.0,-0.19488354032827027,-0.2621432954610242,-1.1875735945472181,1.1644253023428932,0.8018599029133521,-0.6010494819227763,-0.19226113831692276,-0.5928462193766693,-0.5915108774479575
27,2,Alexis Ren,Alan Bersten,0.0,0.0,0.0,1.0,0.0,0.0,0.0,0.0,0.0,0.0,0.0,-0.19488354032827027,-0.2621432954610242,-1.1875735945472181,0.8307546573428003,0.6859060310308317,-0.525664934931974,0.39849759167275906,-0.38454873318370536,-0.2779864203760762
27,3,Alexis Ren,Alan Bersten,0.0,0.0,0.0,1.0,0.0,0.0,0.0,0.0,0.0,0.0,0.0,-0.19488354032827027,-0.2621432954610242,-1.1875735945472181,0.4970840123427075,0.06884954418933757,-0.4315251378351605,0.1621940996768863,-0.05127275527496306,0.03553803669580512
27,4,Alexis Ren,Alan Bersten,0.0,0.0,0.0,1.0,0.0,0.0,0.0,0.0,0.0,0.0,0.0,-0.19488354032827027,-0.2621432954610242,-1.1875735945472181,0.16341336734261466,0.0313428962457277,-0.22427414508428517,-0.42856463031279546,-0.009613258036370276,-0.2779864203760762
27,5,Alexis Ren,Alan Bersten,0.0,0.0,0.0,1.0,0.0,0.0,0.0,0.0,0.0,0.0,0.0,-0.19488354032827027,-0.2621432954610242,-1.1875735945472181,-0.17025727765747814,1.156542334554004,0.17684132557765586,0.7529528296665682,0.24034372539518645,-1.2185597915917201
27,6,Alexis Ren,Alan Bersten,0.0,0.0,0.0,1.0,0.0,0.0,0.0,0.0,0.0,0.0,0.0,-0.19488354032827027,-0.2621432954610242,-1.1875735945472181,-0.17025727765747814,0.3407727417805042,-0.04635184695309374,-0.6648681223086682,0.4069817143495576,-0.2779864203760762
27,7,Alexis Ren,Alan Bersten,0.0,0.0,0.0,1.0,0.0,0.0,0.0,0.0,0.0,0.0,0.0,-0.19488354032827027,-0.2621432954610242,-1.1875735945472181,-0.503927922657571,0.6034782038601053,0.10329213910653634,-0.0741093923189864,0.28200322263377925,-0.2779864203760762
27,8,Alexis Ren,Alan Bersten,0.0,0.0,0.0,1.0,0.0,0.0,0.0,0.0,0.0,0.0,0.0,-0.19488354032827027,-0.2621432954610242,-1.1875735945472181,-1.1712692126577566,0.8846191369628383,1.0448300109134994,0.1621940996768863,0.4486412115881504,-0.9050353345198388
27,9,Alexis Ren,Alan Bersten,0.0,0.0,0.0,1.0,0.0,0.0,0.0,0.0,0.0,0.0,0.0,-0.19488354032827027,-0.2621432954610242,-1.1875735945472181,-1.8386105026579422,0.7486575381672537,2.213329502205846,-0.3104128843148591,0.531960206065336,-0.5915108774479575
27,1,Bobby Bones,Sharna Burgess,0.0,0.0,1.0,0.0,0.0,0.0,0.0,0.0,0.0,0.0,0.0,0.0765173665408801,0.4607713689483641,0.13380795770776283,1.1644253023428932,0.09249503963204728,-0.7385976772753006,-0.19226113831692276,-0.9261221972854116,0.03553803669580512
27,2,Bobby Bones,Sharna Burgess,0.0,0.0,1.0,0.0,0.0,0.0,0.0,0.0,0.0,0.0,0.0,0.0765173665408801,0.4607713689483641,0.13380795770776283,0.8307546573428003,-0.8828816473797461,-0.8498311993949494,-0.3104128843148591,-0.9677816945240044,1.6031603220552115
27,3,Bobby Bones,Sharna Burgess,0.0,0.0,1.0,0.0,0.0,0.0,0.0,0.0,0.0,0.0,0.0,0.0765173665408801,0.4607713689483641,0.13380795770776283,0.4970840123427075,-0.7469200485841623,-0.6256660408696306,0.6348010836686317,-0.7178247110924477,0.976111407911449
27,4,Bobby Bones,Sharna Burgess,0.0,0.0,1.0,0.0,0.0,0.0,0.0,0.0,0.0,0.0,0.0,0.0765173665408801,0.4607713689483641,0.13380795770776283,0.16341336734261466,-1.3751564016396163,-0.6022352422275388,-0.9011716143045408,-0.6761652138538549,1.2896358649833304
27,5,Bobby Bones,Sharna Burgess,0.0,0.0,1.0,0.0,0.0,0.0,0.0,0.0,0.0,0.0,0.0,0.0765173665408801,0.4607713689483641,0.13380795770776283,-0.17025727765747814,-1.0938565420625477,-0.45513686928529856,0.04404235367894996,-0.8428032028082261,0.976111407911449
27,6,Bobby Bones,Sharna Burgess,0.0,0.0,1.0,0.0,0.0,0.0,0.0,0.0,0.0,0.0,0.0,0.0765173665408801,0.4607713689483641,0.13380795770776283,-0.17025727765747814,-1.0188432461753298,-0.42926439951743894,0.04404235367894996,-0.6761652138538549,0.6625869508395678
27,7,Bobby Bones,Sharna Burgess,0.0,0.0,1.0,0.0,0.0,0.0,0.0,0.0,0.0,0.0,0.0,0.0765173665408801,0.4607713689483641,0.13380795770776283,-0.503927922657571,0.32694613851315696,0.022660438382642076,0.8711045756645045,-0.2179107442293342,0.3490624937676864
27,8,Bobby Bones,Sharna Burgess,0.0,0.0,1.0,0.0,0.0,0.0,0.0,0.0,0.0,0.0,0.0,0.0765173665408801,0.4607713689483641,0.13380795770776283,-1.1712692126577566,-0.8828816473797461,0.3367985394948317,-1.1374751063004138,-0.17625124699074143,0.3490624937676864
27,9,Bobby Bones,Sharna Burgess,0.0,0.0,1.0,0.0,0.0,0.0,0.0,0.0,0.0,0.0,0.0,0.0765173665408801,0.4607713689483641,0.13380795770776283,-1.8386105026579422,0.3407727417805042,1.9855711267844567,0.8711045756645045,-0.13459174975214863,-0.2779864203760762
27,1,Danelle Umstead,Artem Chigvintsev,0.0,0.0,0.0,0.0,0.0,1.0,0.0,0.0,0.0,0.0,1.0,0.5748655834644064,-1.0063201558824537,0.7556345705336363,1.1644253023428932,-0.6168698236492566,-0.8761458726278267,-0.19226113831692276,-1.2593981751941539,1.2896358649833304
27,2,Danelle Umstead,Artem Chigvintsev,0.0,0.0,0.0,0.0,0.0,1.0,0.0,0.0,0.0,0.0,1.0,0.5748655834644064,-1.0063201558824537,0.7556345705336363,0.8307546573428003,-1.1966391830618612,-0.9146644522875452,-0.0741093923189864,-1.2177386779555612,1.916684779127093
27,1,DeMarcus Ware,Lindsay Arnold,0.0,0.0,0.0,0.0,0.0,0.0,0.0,0.0,0.0,0.0,0.0,-0.614151148181302,0.6904030858784056,-0.021648695498705534,1.1644253023428932,1.156542334554004,-0.532275384246513,-0.19226113831692276,-0.42620823042229816,-1.2185597915917201
27,2,DeMarcus Ware,Lindsay Arnold,0.0,0.0,0.0,0.0,0.0,0.0,0.0,0.0,0.0,0.0,0.0,-0.614151148181302,0.6904030858784056,-0.021648695498705534,0.8307546573428003,0.3721484953487165,-0.5904981878245698,-0.0741093923189864,-0.38454873318370536,0.3490624937676864
27,3,DeMarcus Ware,Lindsay Arnold,0.0,0.0,0.0,0.0,0.0,0.0,0.0,0.0,0.0,0.0,0.0,-0.614151148181302,0.6904030858784056,-0.021648695498705534,0.4970840123427075,0.06884954418933757,-0.4315251378351605,0.39849759167275906,-0.13459174975214863,0.03553803669580512
27,4,DeMarcus Ware,Lindsay Arnold,0.0,0.0,0.0,0.0,0.0,0.0,0.0,0.0,0.0,0.0,0.0,-0.614151148181302,0.6904030858784056,-0.021648695498705534,0.16341336734261466,-0.8125566824854791,-0.45105080337023723,-1.1374751063004138,-0.259570241467927,0.6625869508395678
27,5,DeMarcus Ware,Lindsay Arnold,0.0,0.0,0.0,0.0,0.0,0.0,0.0,0.0,0.0,0.0,0.0,-0.614151148181302,0.6904030858784056,-0.021648695498705534,-0.17025727765747814,0.3126427558227972,-0.06015049749595205,0.7529528296665682,-0.259570241467927,-0.2779864203760762
27,6,DeMarcus Ware,Lindsay Arnold,0.0,0.0,0.0,0.0,0.0,0.0,0.0,0.0,0.0,0.0,0.0,-0.614151148181302,0.6904030858784056,-0.021648695498705534,-0.17025727765747814,0.06884954418933757,-0.12293435746596194,-0.19226113831692276,0.0737057364408153,0.03553803669580512
27,7,DeMarcus Ware,Lindsay Arnold,0.0,0.0,0.0,0.0,0.0,0.0,0.0,0.0,0.0,0.0,0.0,-0.614151148181302,0.6904030858784056,-0.021648695498705534,-0.503927922657571,0.32694613851315696,0.022660438382642076,-0.0741093923189864,0.11536523367940808,0.3490624937676864
27,1,Evanna Lynch,Keo Motsepe,0.0,0.0,0.0,0.0,0.0,0.0,0.0,0.0,0.0,0.0,0.0,2.0324756263909634,-0.8574847837981677,-0.7212036349278131,1.1644253023428932,-0.6168698236492566,-0.8761458726278267,-0.19226113831692276,-1.2593981751941539,1.2896358649833304
27,2,Evanna Lynch,Keo Motsepe,0.0,0.0,0.0,0.0,0.0,0.0,0.0,0.0,0.0,0.0,0.0,2.0324756263909634,-0.8574847837981677,-0.7212036349278131,0.8307546573428003,0.5290272631897746,-0.558081561378271,1.2255598136583135,-0.7594842083310405,0.03553803669580512
27,3,Evanna Lynch,Keo Motsepe,0.0,0.0,0.0,0.0,0.0,0.0,0.0,0.0,0.0,0.0,0.0,2.0324756263909634,-0.8574847837981677,-0.7212036349278131,0.4970840123427075,0.3407727417805042,-0.36681150349033775,0.5166493376706954,-0.009613258036370276,-0.9050353345198388
27,4,Evanna Lynch,Keo Motsepe,0.0,0.0,0.0,0.0,0.0,0.0,0.0,0.0,0.0,0.0,0.0,2.0324756263909634,-0.8574847837981677,-0.7212036349278131,0.16341336734261466,-0.24995696333134093,-0.2998663645129359,-0.9011716143045408,-0.009613258036370276,0.03553803669580512
27,5,Evanna Lynch,Keo Motsepe,0.0,0.0,0.0,0.0,0.0,0.0,0.0,0.0,0.0,0.0,0.0,2.0324756263909634,-0.8574847837981677,-0.7212036349278131,-0.17025727765747814,-0.24995696333134093,-0.21814504621169065,-0.19226113831692276,-0.259570241467927,0.3490624937676864
27,6,Evanna Lynch,Keo Motsepe,0.0,0.0,0.0,0.0,0.0,0.0,0.0,0.0,0.0,0.0,0.0,2.0324756263909634,-0.8574847837981677,-0.7212036349278131,-0.17025727765747814,0.8846191369628383,0.10681317407264487,0.9892563216624407,0.15702473091800087,-0.5915108774479575
27,7,Evanna Lynch,Keo Motsepe,0.0,0.0,0.0,0.0,0.0,0.0,0.0,0.0,0.0,0.0,0.0,2.0324756263909634,-0.8574847837981677,-0.7212036349278131,-0.503927922657571,1.156542334554004,0.26455554055432534,-0.0741093923189864,0.6152792005425215,-1.2185597915917201
27,8,Evanna Lynch,Keo Motsepe,0.0,0.0,0.0,0.0,0.0,0.0,0.0,0.0,0.0,0.0,0.0,2.0324756263909634,-0.8574847837981677,-0.7212036349278131,-1.1712692126577566,0.8846191369628383,1.0448300109134994,-0.3104128843148591,0.6152792005425215,-0.9050353345198388
27,9,Evanna Lynch,Keo Motsepe,0.0,0.0,0.0,0.0,0.0,0.0,0.0,0.0,0.0,0.0,0.0,2.0324756263909634,-0.8574847837981677,-0.7212036349278131,-1.8386105026579422,1.156542334554004,2.441087877627237,0.04404235367894996,0.6569386977811144,-1.2185597915917201
27,1,Joe Amabile,Jenna Johnson,0.0,0.0,0.0,0.0,0.0,0.0,0.0,0.0,0.0,0.0,0.0,0.0016481508528389105,0.9285396812132627,-0.33256200191164226,1.1644253023428932,-2.0355995502118653,-1.1512422633328776,-0.19226113831692276,-1.9259501310116385,2.543733693270856
27,2,Joe Amabile,Jenna Johnson,0.0,0.0,0.0,0.0,0.0,0.0,0.0,0.0,0.0,0.0,0.0,0.0016481508528389105,0.9285396812132627,-0.33256200191164226,0.8307546573428003,-1.5103967187439764,-0.979497705180141,0.6348010836686317,-1.634333650341489,2.230209236198974
27,3,Joe Amabile,Jenna Johnson,0.0,0.0,0.0,0.0,0.0,0.0,0.0,0.0,0.0,0.0,0.0,0.0016481508528389105,0.9285396812132627,-0.33256200191164226,0.4970840123427075,-2.106536036539996,-0.9492342125937449,-0.0741093923189864,-1.3010576724327467,1.916684779127093
27,4,Joe Amabile,Jenna Johnson,0.0,0.0,0.0,0.0,0.0,0.0,0.0,0.0,0.0,0.0,0.0,0.0016481508528389105,0.9285396812132627,-0.33256200191164226,0.16341336734261466,-2.7816556995249613,-0.9801963393707926,-0.9011716143045408,-1.5093551586257106,1.6031603220552115
27,5,Joe Amabile,Jenna Johnson,0.0,0.0,0.0,0.0,0.0,0.0,0.0,0.0,0.0,0.0,0.0,0.0016481508528389105,0.9285396812132627,-0.33256200191164226,-0.17025727765747814,-2.219055980370824,-0.7711259667167775,0.2803458456748227,-1.5926741531028963,1.2896358649833304
27,6,Joe Amabile,Jenna Johnson,0.0,0.0,0.0,0.0,0.0,0.0,0.0,0.0,0.0,0.0,0.0,0.0016481508528389105,0.9285396812132627,-0.33256200191164226,-0.17025727765747814,-1.0188432461753298,-0.42926439951743894,0.9892563216624407,-1.0094411917625972,0.6625869508395678
27,7,Joe Amabile,Jenna Johnson,0.0,0.0,0.0,0.0,0.0,0.0,0.0,0.0,0.0,0.0,0.0,0.0016481508528389105,0.9285396812132627,-0.33256200191164226,-0.503927922657571,-0.502650057527691,-0.21923466378904144,0.1621940996768863,-0.46786772766089096,0.976111407911449
27,8,Joe Amabile,Jenna Johnson,0.0,0.0,0.0,0.0,0.0,0.0,0.0,0.0,0.0,0.0,0.0,0.0016481508528389105,0.9285396812132627,-0.33256200191164226,-1.1712692126577566,-0.7469200485841623,0.3912624988347293,-0.3104128843148591,-0.38454873318370536,0.03553803669580512
27,1,John Schneider,Emma Slater,0.0,0.0,0.0,0.0,0.0,0.0,0.0,0.0,0.0,0.0,0.0,0.8819463509348887,-1.1179466849456678,1.6883744897724464,1.1644253023428932,-0.6168698236492566,-0.8761458726278267,-0.19226113831692276,-1.2593981751941539,1.2896358649833304
27,2,John Schneider,Emma Slater,0.0,0.0,0.0,0.0,0.0,0.0,0.0,0.0,0.0,0.0,0.0,0.8819463509348887,-1.1179466849456678,1.6883744897724464,0.8307546573428003,-0.25536657601551566,-0.7201646936097597,0.6348010836686317,-0.9677816945240044,0.976111407911449
27,3,John Schneider,Emma Slater,0.0,0.0,0.0,0.0,0.0,0.0,0.0,0.0,0.0,0.0,0.0,0.8819463509348887,-1.1179466849456678,1.6883744897724464,0.4970840123427075,-1.2907664437664963,-0.7550933095592763,-0.3104128843148591,-0.7178247110924477,1.6031603220552115
27,4,John Schneider,Emma Slater,0.0,0.0,0.0,0.0,0.0,0.0,0.0,0.0,0.0,0.0,0.0,0.8819463509348887,-1.1179466849456678,1.6883744897724464,0.16341336734261466,-1.0938565420625477,-0.526643022798888,-0.19226113831692276,-0.7594842083310405,0.976111407911449
27,5,John Schneider,Emma Slater,0.0,0.0,0.0,0.0,0.0,0.0,0.0,0.0,0.0,0.0,0.0,0.8819463509348887,-1.1179466849456678,1.6883744897724464,-0.17025727765747814,-0.24995696333134093,-0.21814504621169065,0.5166493376706954,-0.5095272248994838,0.3490624937676864
27,6,John Schneider,Emma Slater,0.0,0.0,0.0,0.0,0.0,0.0,0.0,0.0,0.0,0.0,0.0,0.8819463509348887,-1.1179466849456678,1.6883744897724464,-0.17025727765747814,-1.8346128389488296,-0.6590119310560459,-1.3737785982962865,-0.6761652138538549,1.2896358649833304
27,7,John Schneider,Emma Slater,0.0,0.0,0.0,0.0,0.0,0.0,0.0,0.0,0.0,0.0,0.0,0.8819463509348887,-1.1179466849456678,1.6883744897724464,-0.503927922657571,0.46521217118663116,0.06297628874458848,1.698166797650059,-0.42620823042229816,0.03553803669580512
27,1,Juan Pablo Di Pace,Cheryl Burke,0.0,0.0,0.0,0.0,0.0,0.0,0.0,0.0,0.0,0.0,0.0,-0.3783131187639717,0.2617572142756622,0.211536284310997,1.1644253023428932,0.8018599029133521,-0.6010494819227763,-0.19226113831692276,-0.5928462193766693,-0.5915108774479575
27,2,Juan Pablo Di Pace,Cheryl Burke,0.0,0.0,0.0,0.0,0.0,0.0,0.0,0.0,0.0,0.0,0.0,-0.3783131187639717,0.2617572142756622,0.211536284310997,0.8307546573428003,1.156542334554004,-0.4284150555930812,0.7529528296665682,-0.259570241467927,-1.2185597915917201
27,3,Juan Pablo Di Pace,Cheryl Burke,0.0,0.0,0.0,0.0,0.0,0.0,0.0,0.0,0.0,0.0,0.0,-0.3783131187639717,0.2617572142756622,0.211536284310997,0.4970840123427075,1.156542334554004,-0.17267060045586927,0.7529528296665682,0.4069817143495576,-1.2185597915917201
27,4,Juan Pablo Di Pace,Cheryl Burke,0.0,0.0,0.0,0.0,0.0,0.0,0.0,0.0,0.0,0.0,0.0,-0.3783131187639717,0.2617572142756622,0.211536284310997,0.16341336734261466,-0.24995696333134093,-0.2998663645129359,-1.610082090292159,0.24034372539518645,0.03553803669580512
27,5,Juan Pablo Di Pace,Cheryl Burke,0.0,0.0,0.0,0.0,0.0,0.0,0.0,0.0,0.0,0.0,0.0,-0.3783131187639717,0.2617572142756622,0.211536284310997,-0.17025727765747814,1.156542334554004,0.17684132557765586,0.9892563216624407,0.15702473091800087,-1.2185597915917201
27,6,Juan Pablo Di Pace,Cheryl Burke,0.0,0.0,0.0,0.0,0.0,0.0,0.0,0.0,0.0,0.0,0.0,-0.3783131187639717,0.2617572142756622,0.211536284310997,-0.17025727765747814,1.156542334554004,0.18339568458551309,0.04404235367894996,0.6569386977811144,-1.2185597915917201
27,7,Juan Pablo Di Pace,Cheryl Burke,0.0,0.0,0.0,0.0,0.0,0.0,0.0,0.0,0.0,0.0,0.0,-0.3783131187639717,0.2617572142756622,0.211536284310997,-0.503927922657571,0.7417442365335805,0.14360798946848274,-0.6648681223086682,0.5736197033039288,-0.5915108774479575
27,8,Juan Pablo Di Pace,Cheryl Burke,0.0,0.0,0.0,0.0,0.0,0.0,0.0,0.0,0.0,0.0,0.0,-0.3783131187639717,0.2617572142756622,0.211536284310997,-1.1712692126577566,1.156542334554004,1.1537579295932945,0.2803458456748227,0.5736197033039288,-1.2185597915917201
27,1,Mary Lou Retton,Sasha Farber,0.0,0.0,0.0,0.0,0.0,0.0,0.0,0.0,0.0,0.0,1.0,-0.21126118126002927,-0.5598140396295962,1.066547876946573,1.1644253023428932,0.09249503963204728,-0.7385976772753006,-0.19226113831692276,-0.9261221972854116,0.03553803669580512
27,2,Mary Lou Retton,Sasha Farber,0.0,0.0,0.0,0.0,0.0,0.0,0.0,0.0,0.0,0.0,1.0,-0.21126118126002927,-0.5598140396295962,1.066547876946573,0.8307546573428003,0.21526972750765758,-0.6229148142708668,0.5166493376706954,-0.6761652138538549,0.6625869508395678
27,3,Mary Lou Retton,Sasha Farber,0.0,0.0,0.0,0.0,0.0,0.0,0.0,0.0,0.0,0.0,1.0,-0.21126118126002927,-0.5598140396295962,1.066547876946573,0.4970840123427075,-0.47499685099299566,-0.5609524065248079,0.04404235367894996,-0.34288923594511256,0.6625869508395678
27,4,Mary Lou Retton,Sasha Farber,0.0,0.0,0.0,0.0,0.0,0.0,0.0,0.0,0.0,0.0,1.0,-0.21126118126002927,-0.5598140396295962,1.066547876946573,0.16341336734261466,0.3126427558227972,-0.14868192565563437,0.2803458456748227,-0.09293225251355586,-0.9050353345198388
27,5,Mary Lou Retton,Sasha Farber,0.0,0.0,0.0,0.0,0.0,0.0,0.0,0.0,0.0,0.0,1.0,-0.21126118126002927,-0.5598140396295962,1.066547876946573,-0.17025727765747814,0.0313428962457277,-0.13914777185382135,-0.42856463031279546,-0.009613258036370276,0.03553803669580512
27,6,Mary Lou Retton,Sasha Farber,0.0,0.0,0.0,0.0,0.0,0.0,0.0,0.0,0.0,0.0,1.0,-0.21126118126002927,-0.5598140396295962,1.066547876946573,-0.17025727765747814,-0.47499685099299566,-0.2760993784917006,-0.42856463031279546,-0.17625124699074143,0.3490624937676864
27,1,Milo Manheim,Witney Carson,0.0,0.0,0.0,1.0,0.0,0.0,0.0,0.0,0.0,0.0,0.0,-0.5551916408269696,0.4607713689483641,-1.498486900960155,1.1644253023428932,0.09249503963204728,-0.7385976772753006,-0.19226113831692276,-0.9261221972854116,0.03553803669580512
27,2,Milo Manheim,Witney Carson,0.0,0.0,0.0,1.0,0.0,0.0,0.0,0.0,0.0,0.0,0.0,-0.5551916408269696,0.4607713689483641,-1.498486900960155,0.8307546573428003,1.156542334554004,-0.4284150555930812,1.2255598136583135,-0.42620823042229816,-1.2185597915917201
27,3,Milo Manheim,Witney Carson,0.0,0.0,0.0,1.0,0.0,0.0,0.0,0.0,0.0,0.0,0.0,-0.5551916408269696,0.4607713689483641,-1.498486900960155,0.4970840123427075,0.3407727417805042,-0.36681150349033775,0.04404235367894996,0.15702473091800087,-0.9050353345198388
27,4,Milo Manheim,Witney Carson,0.0,0.0,0.0,1.0,0.0,0.0,0.0,0.0,0.0,0.0,0.0,-0.5551916408269696,0.4607713689483641,-1.498486900960155,0.16341336734261466,1.156542334554004,0.07809473263031966,0.2803458456748227,0.4069817143495576,-1.2185597915917201
27,5,Milo Manheim,Witney Carson,0.0,0.0,0.0,1.0,0.0,0.0,0.0,0.0,0.0,0.0,0.0,-0.5551916408269696,0.4607713689483641,-1.498486900960155,-0.17025727765747814,0.5939426153998668,0.018846776861917252,-0.6648681223086682,0.4069817143495576,-0.5915108774479575
27,6,Milo Manheim,Witney Carson,0.0,0.0,0.0,1.0,0.0,0.0,0.0,0.0,0.0,0.0,0.0,-0.5551916408269696,0.4607713689483641,-1.498486900960155,-0.17025727765747814,1.156542334554004,0.18339568458551309,0.5166493376706954,0.4903007088267432,-1.2185597915917201
27,7,Milo Manheim,Witney Carson,0.0,0.0,0.0,1.0,0.0,0.0,0.0,0.0,0.0,0.0,0.0,-0.5551916408269696,0.4607713689483641,-1.498486900960155,-0.503927922657571,1.0182763018805299,0.2242396901923775,-0.42856463031279546,0.6569386977811144,-0.9050353345198388
27,8,Milo Manheim,Witney Carson,0.0,0.0,0.0,1.0,0.0,0.0,0.0,0.0,0.0,0.0,0.0,-0.5551916408269696,0.4607713689483641,-1.498486900960155,-1.1712692126577566,0.47673434057608705,0.8814381328938069,-0.5467163763107318,0.4486412115881504,-0.2779864203760762
27,9,Milo Manheim,Witney Carson,0.0,0.0,0.0,1.0,0.0,0.0,0.0,0.0,0.0,0.0,0.0,-0.5551916408269696,0.4607713689483641,-1.498486900960155,-1.8386105026579422,1.156542334554004,2.441087877627237,0.39849759167275906,0.531960206065336,-1.2185597915917201
27,1,Nancy McKeon,Valentin Chmerkovskiy,0.0,0.0,0.0,0.0,0.0,0.0,0.0,0.0,0.0,0.0,1.0,-0.6948325792977572,1.0852084939335633,1.2220045301530413,1.1644253023428932,-0.0848461761882787,-0.7729847261134323,-0.19226113831692276,-1.0094411917625972,0.976111407911449
27,2,Nancy McKeon,Valentin Chmerkovskiy,0.0,0.0,0.0,0.0,0.0,0.0,0.0,0.0,0.0,0.0,1.0,-0.6948325792977572,1.0852084939335633,1.2220045301530413,0.8307546573428003,-0.5691241116976309,-0.7849979465023554,0.04404235367894996,-0.9261221972854116,1.2896358649833304
27,3,Nancy McKeon,Valentin Chmerkovskiy,0.0,0.0,0.0,0.0,0.0,0.0,0.0,0.0,0.0,0.0,1.0,-0.6948325792977572,1.0852084939335633,1.2220045301530413,0.4970840123427075,-1.0188432461753298,-0.6903796752144536,0.1621940996768863,-0.7178247110924477,1.2896358649833304
27,1,Nikki Glaser,Gleb Savchenko,0.0,0.0,0.0,0.0,0.0,0.0,1.0,0.0,0.0,0.0,0.0,1.1909168462051898,-1.4528262721353111,-0.1771053487051739,1.1644253023428932,-0.7942110394695826,-0.9105329214659585,-0.19226113831692276,-1.3427171696713396,2.230209236198974
27,1,Tinashe,Brandon Armstrong,0.0,0.0,0.0,0.0,0.0,0.0,0.0,0.0,0.0,0.0,0.0,1.582090500767589,-0.7830670977560247,-0.8766602881342814,1.1644253023428932,1.156542334554004,-0.532275384246513,-0.19226113831692276,-0.42620823042229816,-1.2185597915917201
27,2,Tinashe,Brandon Armstrong,0.0,0.0,0.0,0.0,0.0,0.0,0.0,0.0,0.0,0.0,0.0,1.582090500767589,-0.7830670977560247,-0.8766602881342814,0.8307546573428003,1.156542334554004,-0.4284150555930812,0.5166493376706954,-0.17625124699074143,-1.2185597915917201
27,3,Tinashe,Brandon Armstrong,0.0,0.0,0.0,0.0,0.0,0.0,0.0,0.0,0.0,0.0,0.0,1.582090500767589,-0.7830670977560247,-0.8766602881342814,0.4970840123427075,0.3407727417805042,-0.36681150349033775,0.04404235367894996,0.15702473091800087,-0.9050353345198388
27,4,Tinashe,Brandon Armstrong,0.0,0.0,0.0,0.0,0.0,0.0,0.0,0.0,0.0,0.0,0.0,1.582090500767589,-0.7830670977560247,-0.8766602881342814,0.16341336734261466,0.3126427558227972,-0.14868192565563437,-0.42856463031279546,0.15702473091800087,-0.9050353345198388
28,1,Ally Brooke,Sasha Farber,0.0,0.0,0.0,0.0,0.0,0.0,0.0,0.0,0.0,0.0,0.0,-0.21126118126002927,-0.5598140396295962,-0.7989319615310473,0.8307546573428003,-0.7857662196686154,-0.6897226840028299,-0.19226113831692276,-1.5926741531028963,0.6625869508395678
28,2,Ally Brooke,Sasha Farber,0.0,0.0,0.0,0.0,0.0,0.0,0.0,0.0,0.0,0.0,0.0,-0.21126118126002927,-0.5598140396295962,-0.7989319615310473,0.8307546573428003,-0.20307365340182904,-0.5124910547779984,0.7529528296665682,-1.2593981751941539,-0.5915108774479575
28,3,Ally Brooke,Sasha Farber,0.0,0.0,0.0,0.0,0.0,0.0,0.0,0.0,0.0,0.0,0.0,-0.21126118126002927,-0.5598140396295962,-0.7989319615310473,0.16341336734261466,1.156542334554004,0.011665206465747494,0.7529528296665682,-0.5928462193766693,-1.2185597915917201
28,4,Ally Brooke,Sasha Farber,0.0,0.0,0.0,0.0,0.0,0.0,0.0,0.0,0.0,0.0,0.0,-0.21126118126002927,-0.5598140396295962,-0.7989319615310473,0.16341336734261466,1.156542334554004,-0.12402063421082565,1.698166797650059,0.4069817143495576,-1.2185597915917201
28,5,Ally Brooke,Sasha Farber,0.0,0.0,0.0,0.0,0.0,0.0,0.0,0.0,0.0,0.0,0.0,-0.21126118126002927,-0.5598140396295962,-0.7989319615310473,-0.17025727765747814,1.156542334554004,0.08829089246023043,-1.3737785982962865,0.6569386977811144,-1.2185597915917201
28,6,Ally Brooke,Sasha Farber,0.0,0.0,0.0,0.0,0.0,0.0,0.0,0.0,0.0,0.0,0.0,-0.21126118126002927,-0.5598140396295962,-0.7989319615310473,-0.17025727765747814,0.5522685621291902,-0.19111966287873602,-0.6648681223086682,0.0737057364408153,0.3490624937676864
28,7,Ally Brooke,Sasha Farber,0.0,0.0,0.0,0.0,0.0,0.0,0.0,0.0,0.0,0.0,0.0,-0.21126118126002927,-0.5598140396295962,-0.7989319615310473,-0.503927922657571,1.156542334554004,0.23002760930374533,0.2803458456748227,0.0737057364408153,-1.2185597915917201
28,8,Ally Brooke,Sasha Farber,0.0,0.0,0.0,0.0,0.0,0.0,0.0,0.0,0.0,0.0,0.0,-0.21126118126002927,-0.5598140396295962,-0.7989319615310473,-0.8375985676576638,0.6467341383688879,0.6119516026108259,0.5166493376706954,0.4903007088267432,-0.5915108774479575
28,9,Ally Brooke,Sasha Farber,0.0,0.0,0.0,0.0,0.0,0.0,0.0,0.0,0.0,0.0,0.0,-0.21126118126002927,-0.5598140396295962,-0.7989319615310473,-1.1712692126577566,1.156542334554004,1.2504086008439517,2.1707737816418047,1.5734476370301556,-1.2185597915917201
28,10,Ally Brooke,Sasha Farber,0.0,0.0,0.0,0.0,0.0,0.0,0.0,0.0,0.0,0.0,0.0,-0.21126118126002927,-0.5598140396295962,-0.7989319615310473,-1.5049398576578494,1.156542334554004,1.6484887311608005,-2.6734478042735863,1.531788139791563,-1.2185597915917201
28,11,Ally Brooke,Sasha Farber,0.0,0.0,0.0,0.0,0.0,0.0,0.0,0.0,0.0,0.0,0.0,-0.21126118126002927,-0.5598140396295962,-0.7989319615310473,-1.8386105026579422,1.156542334554004,2.382688294185855,-0.0741093923189864,0.6985981950197071,-1.2185597915917201
28,1,Hannah Brown,Alan Bersten,0.0,0.0,0.0,0.0,0.0,0.0,0.0,0.0,0.0,0.0,0.0,-0.19488354032827027,-0.2621432954610242,-0.9543886147375157,0.8307546573428003,0.7680806237094807,-0.3336334473033983,-0.19226113831692276,-0.9261221972854116,-0.9050353345198388
28,2,Hannah Brown,Alan Bersten,0.0,0.0,0.0,0.0,0.0,0.0,0.0,0.0,0.0,0.0,0.0,-0.19488354032827027,-0.2621432954610242,-0.9543886147375157,0.8307546573428003,1.156542334554004,-0.19217333957348698,0.7529528296665682,-0.5928462193766693,-1.2185597915917201
28,3,Hannah Brown,Alan Bersten,0.0,0.0,0.0,0.0,0.0,0.0,0.0,0.0,0.0,0.0,0.0,-0.19488354032827027,-0.2621432954610242,-0.9543886147375157,0.16341336734261466,0.136830343587129,-0.2540528981925414,-0.9011716143045408,-0.5095272248994838,0.03553803669580512
28,4,Hannah Brown,Alan Bersten,0.0,0.0,0.0,0.0,0.0,0.0,0.0,0.0,0.0,0.0,0.0,-0.19488354032827027,-0.2621432954610242,-0.9543886147375157,0.16341336734261466,1.156542334554004,-0.12402063421082565,2.407077273637677,0.15702473091800087,-1.2185597915917201
28,5,Hannah Brown,Alan Bersten,0.0,0.0,0.0,0.0,0.0,0.0,0.0,0.0,0.0,0.0,0.0,-0.19488354032827027,-0.2621432954610242,-0.9543886147375157,-0.17025727765747814,0.5522685621291902,-0.07484766481834706,-1.846385582288032,0.4903007088267432,-0.2779864203760762
28,6,Hannah Brown,Alan Bersten,0.0,0.0,0.0,0.0,0.0,0.0,0.0,0.0,0.0,0.0,0.0,-0.19488354032827027,-0.2621432954610242,-0.9543886147375157,-0.17025727765747814,0.25013167591678137,-0.26803806159560883,-0.42856463031279546,-0.17625124699074143,0.976111407911449
28,7,Hannah Brown,Alan Bersten,0.0,0.0,0.0,0.0,0.0,0.0,0.0,0.0,0.0,0.0,0.0,-0.19488354032827027,-0.2621432954610242,-0.9543886147375157,-0.503927922657571,0.8544054483415953,0.14320882263321652,0.2803458456748227,-0.09293225251355586,-0.2779864203760762
28,8,Hannah Brown,Alan Bersten,0.0,0.0,0.0,0.0,0.0,0.0,0.0,0.0,0.0,0.0,0.0,-0.19488354032827027,-0.2621432954610242,-0.9543886147375157,-0.8375985676576638,0.9016127435023409,0.7028011368496503,0.9892090609640417,0.4902840450278478,-0.9050353345198388
28,9,Hannah Brown,Alan Bersten,0.0,0.0,0.0,0.0,0.0,0.0,0.0,0.0,0.0,0.0,0.0,-0.19488354032827027,-0.2621432954610242,-0.9543886147375157,-1.1712692126577566,0.23880154268381615,0.8719036747839454,0.8711518363629037,1.2818144925611101,-0.2779864203760762
28,10,Hannah Brown,Alan Bersten,0.0,0.0,0.0,0.0,0.0,0.0,0.0,0.0,0.0,0.0,0.0,-0.19488354032827027,-0.2621432954610242,-0.9543886147375157,-1.5049398576578494,0.46521217118663116,1.3296270055708546,-2.2008408202818406,0.9485551784512638,-0.5915108774479575
28,11,Hannah Brown,Alan Bersten,0.0,0.0,0.0,0.0,0.0,0.0,0.0,0.0,0.0,0.0,0.0,-0.19488354032827027,-0.2621432954610242,-0.9543886147375157,-1.8386105026579422,0.8846191369628383,2.23279603001964,0.2803458456748227,0.4069817143495576,-0.5915108774479575
28,1,James Van Der Beek,Emma Slater,0.0,0.0,0.0,0.0,0.0,0.0,0.0,0.0,0.0,0.0,0.0,0.8819463509348887,-1.1179466849456678,0.4447212641206995,0.8307546573428003,1.156542334554004,-0.24461113812854016,-0.19226113831692276,-0.7594842083310405,-1.2185597915917201
28,2,James Van Der Beek,Emma Slater,0.0,0.0,0.0,0.0,0.0,0.0,0.0,0.0,0.0,0.0,0.0,0.8819463509348887,-1.1179466849456678,0.4447212641206995,0.8307546573428003,-0.20307365340182904,-0.5124910547779984,-0.42856463031279546,-0.8428032028082261,-0.5915108774479575
28,3,James Van Der Beek,Emma Slater,0.0,0.0,0.0,0.0,0.0,0.0,0.0,0.0,0.0,0.0,0.0,0.8819463509348887,-1.1179466849456678,0.4447212641206995,0.16341336734261466,0.816638337565046,-0.07690749508701596,0.5166493376706954,-0.6761652138538549,-0.5915108774479575
28,4,James Van Der Beek,Emma Slater,0.0,0.0,0.0,0.0,0.0,0.0,0.0,0.0,0.0,0.0,0.0,0.8819463509348887,-1.1179466849456678,0.4447212641206995,0.16341336734261466,0.136830343587129,-0.37277800878454237,0.9892563216624407,-0.009613258036370276,0.3490624937676864
28,5,James Van Der Beek,Emma Slater,0.0,0.0,0.0,0.0,0.0,0.0,0.0,0.0,0.0,0.0,0.0,0.8819463509348887,-1.1179466849456678,0.4447212641206995,-0.17025727765747814,0.8544054483415953,0.006721613820941805,-0.6648681223086682,0.24034372539518645,-0.9050353345198388
28,6,James Van Der Beek,Emma Slater,0.0,0.0,0.0,0.0,0.0,0.0,0.0,0.0,0.0,0.0,0.0,0.8819463509348887,-1.1179466849456678,0.4447212641206995,-0.17025727765747814,1.156542334554004,-0.03728286544499041,0.04404235367894996,0.15702473091800087,-1.2185597915917201
28,7,James Van Der Beek,Emma Slater,0.0,0.0,0.0,0.0,0.0,0.0,0.0,0.0,0.0,0.0,0.0,0.8819463509348887,-1.1179466849456678,0.4447212641206995,-0.503927922657571,1.156542334554004,0.23002760930374533,-0.19226113831692276,0.24034372539518645,-1.2185597915917201
28,8,James Van Der Beek,Emma Slater,0.0,0.0,0.0,0.0,0.0,0.0,0.0,0.0,0.0,0.0,0.0,0.8819463509348887,-1.1179466849456678,0.4447212641206995,-0.8375985676576638,1.156542334554004,0.7936688446300294,0.9892090609640417,0.6569220339822189,-1.2185597915917201
28,9,James Van Der Beek,Emma Slater,0.0,0.0,0.0,0.0,0.0,0.0,0.0,0.0,0.0,0.0,0.0,0.8819463509348887,-1.1179466849456678,0.4447212641206995,-1.1712692126577566,0.3407727417805042,0.913959777679502,0.7530000903649674,1.4067929842768885,-0.5915108774479575
28,10,James Van Der Beek,Emma Slater,0.0,0.0,0.0,0.0,0.0,0.0,0.0,0.0,0.0,0.0,0.0,0.8819463509348887,-1.1179466849456678,0.4447212641206995,-1.5049398576578494,0.050414073166207614,1.1383099702168875,-2.6734478042735863,0.8652361839740783,0.03553803669580512
28,1,Karamo Brown,Jenna Johnson,0.0,0.0,0.0,0.0,0.0,0.0,0.0,0.0,0.0,0.0,0.0,0.0016481508528389105,0.9285396812132627,0.13380795770776283,0.8307546573428003,-0.3973045088240912,-0.600700374827972,-0.19226113831692276,-1.426036164148525,0.03553803669580512
28,2,Karamo Brown,Jenna Johnson,0.0,0.0,0.0,0.0,0.0,0.0,0.0,0.0,0.0,0.0,0.0,0.0016481508528389105,0.9285396812132627,0.13380795770776283,0.8307546573428003,-0.5429776503907879,-0.5925704835791262,0.2803458456748227,-1.2593981751941539,0.3490624937676864
28,3,Karamo Brown,Jenna Johnson,0.0,0.0,0.0,0.0,0.0,0.0,0.0,0.0,0.0,0.0,0.0,0.0016481508528389105,0.9285396812132627,0.13380795770776283,0.16341336734261466,-1.562689641357663,-0.6969164059563535,-0.9011716143045408,-1.3427171696713396,0.976111407911449
28,4,Karamo Brown,Jenna Johnson,0.0,0.0,0.0,0.0,0.0,0.0,0.0,0.0,0.0,0.0,0.0,0.0016481508528389105,0.9285396812132627,0.13380795770776283,0.16341336734261466,0.136830343587129,-0.37277800878454237,2.64338076563355,-0.5928462193766693,0.3490624937676864
28,5,Karamo Brown,Jenna Johnson,0.0,0.0,0.0,0.0,0.0,0.0,0.0,0.0,0.0,0.0,0.0,0.0016481508528389105,0.9285396812132627,0.13380795770776283,-0.17025727765747814,-0.6562789827204404,-0.40112477937550056,-1.846385582288032,-0.17625124699074143,0.976111407911449
28,6,Karamo Brown,Jenna Johnson,0.0,0.0,0.0,0.0,0.0,0.0,0.0,0.0,0.0,0.0,0.0,0.0016481508528389105,0.9285396812132627,0.13380795770776283,-0.17025727765747814,0.5522685621291902,-0.19111966287873602,0.7529528296665682,-0.42620823042229816,0.3490624937676864
28,7,Karamo Brown,Jenna Johnson,0.0,0.0,0.0,0.0,0.0,0.0,0.0,0.0,0.0,0.0,0.0,0.0016481508528389105,0.9285396812132627,0.13380795770776283,-0.503927922657571,0.40120011902298575,0.012980642627420854,-0.3104128843148591,-0.13459174975214863,0.3490624937676864
28,1,Kate Flannery,Pasha Pashkov,0.0,0.0,0.0,0.0,0.0,0.0,0.0,0.0,0.0,0.0,0.0,2.3506697930651397,-0.6873872157018412,1.4551895099627439,0.8307546573428003,-1.1742279305131387,-0.7787449931776881,-0.19226113831692276,-1.7593121420572673,1.2896358649833304
28,2,Kate Flannery,Pasha Pashkov,0.0,0.0,0.0,0.0,0.0,0.0,0.0,0.0,0.0,0.0,0.0,2.3506697930651397,-0.6873872157018412,1.4551895099627439,0.8307546573428003,0.136830343587129,-0.43241162597687055,1.2255598136583135,-1.2593981751941539,-0.9050353345198388
28,3,Kate Flannery,Pasha Pashkov,0.0,0.0,0.0,0.0,0.0,0.0,0.0,0.0,0.0,0.0,0.0,2.3506697930651397,-0.6873872157018412,1.4551895099627439,0.16341336734261466,1.156542334554004,0.011665206465747494,0.5166493376706954,-0.5095272248994838,-1.2185597915917201
28,4,Kate Flannery,Pasha Pashkov,0.0,0.0,0.0,0.0,0.0,0.0,0.0,0.0,0.0,0.0,0.0,2.3506697930651397,-0.6873872157018412,1.4551895099627439,0.16341336734261466,-0.3730256518963085,-0.49715669607140095,0.2803458456748227,-0.09293225251355586,0.976111407911449
28,5,Kate Flannery,Pasha Pashkov,0.0,0.0,0.0,0.0,0.0,0.0,0.0,0.0,0.0,0.0,0.0,2.3506697930651397,-0.6873872157018412,1.4551895099627439,-0.17025727765747814,0.25013167591678137,-0.15641694345763593,-0.6648681223086682,-0.09293225251355586,0.03553803669580512
28,6,Kate Flannery,Pasha Pashkov,0.0,0.0,0.0,0.0,0.0,0.0,0.0,0.0,0.0,0.0,0.0,2.3506697930651397,-0.6873872157018412,1.4551895099627439,-0.17025727765747814,1.156542334554004,-0.03728286544499041,0.5166493376706954,-0.009613258036370276,-1.2185597915917201
28,7,Kate Flannery,Pasha Pashkov,0.0,0.0,0.0,0.0,0.0,0.0,0.0,0.0,0.0,0.0,0.0,2.3506697930651397,-0.6873872157018412,1.4551895099627439,-0.503927922657571,0.25013167591678137,-0.03042875070784258,-0.9011716143045408,-0.009613258036370276,0.6625869508395678
28,8,Kate Flannery,Pasha Pashkov,0.0,0.0,0.0,0.0,0.0,0.0,0.0,0.0,0.0,0.0,0.0,2.3506697930651397,-0.6873872157018412,1.4551895099627439,-0.8375985676576638,-0.37303521175597315,0.2484625979477519,0.2802985849764236,-0.09294891631245125,0.03553803669580512
28,1,Kel Mitchell,Witney Carson,0.0,0.0,0.0,0.0,0.0,0.0,0.0,0.0,0.0,0.0,0.0,-0.5551916408269696,0.4607713689483641,0.36699293751746537,0.8307546573428003,-0.7857662196686154,-0.6897226840028299,-0.19226113831692276,-1.5926741531028963,0.6625869508395678
28,2,Kel Mitchell,Witney Carson,0.0,0.0,0.0,0.0,0.0,0.0,0.0,0.0,0.0,0.0,0.0,-0.5551916408269696,0.4607713689483641,0.36699293751746537,0.8307546573428003,-0.20307365340182904,-0.5124910547779984,0.7529528296665682,-1.2593981751941539,-0.5915108774479575
28,3,Kel Mitchell,Witney Carson,0.0,0.0,0.0,0.0,0.0,0.0,0.0,0.0,0.0,0.0,0.0,-0.5551916408269696,0.4607713689483641,0.36699293751746537,0.16341336734261466,-0.20307365340182904,-0.34262559974530316,-0.19226113831692276,-0.9261221972854116,0.3490624937676864
28,4,Kel Mitchell,Witney Carson,0.0,0.0,0.0,0.0,0.0,0.0,0.0,0.0,0.0,0.0,0.0,-0.5551916408269696,0.4607713689483641,0.36699293751746537,0.16341336734261466,1.156542334554004,-0.12402063421082565,2.64338076563355,0.0737057364408153,-1.2185597915917201
28,5,Kel Mitchell,Witney Carson,0.0,0.0,0.0,0.0,0.0,0.0,0.0,0.0,0.0,0.0,0.0,-0.5551916408269696,0.4607713689483641,0.36699293751746537,-0.17025727765747814,0.8544054483415953,0.006721613820941805,-1.610082090292159,0.5736197033039288,-0.9050353345198388
28,6,Kel Mitchell,Witney Carson,0.0,0.0,0.0,0.0,0.0,0.0,0.0,0.0,0.0,0.0,0.0,-0.5551916408269696,0.4607713689483641,0.36699293751746537,-0.17025727765747814,0.8544054483415953,-0.11420126416186323,-0.19226113831692276,0.0737057364408153,-0.2779864203760762
28,7,Kel Mitchell,Witney Carson,0.0,0.0,0.0,0.0,0.0,0.0,0.0,0.0,0.0,0.0,0.0,-0.5551916408269696,0.4607713689483641,0.36699293751746537,-0.503927922657571,0.7033370052353927,0.09979942929795162,-0.3104128843148591,0.032046239202222514,0.03553803669580512
28,8,Kel Mitchell,Witney Carson,0.0,0.0,0.0,0.0,0.0,0.0,0.0,0.0,0.0,0.0,0.0,-0.5551916408269696,0.4607713689483641,0.36699293751746537,-0.8375985676576638,0.6466831524506785,0.6119334290692693,0.8710573149661054,0.36530555331206943,-0.2779864203760762
28,9,Kel Mitchell,Witney Carson,0.0,0.0,0.0,0.0,0.0,0.0,0.0,0.0,0.0,0.0,0.0,-0.5551916408269696,0.4607713689483641,0.36699293751746537,-1.1712692126577566,0.5447151399738793,0.9980719834706151,1.4619105663525855,1.323473989799703,-0.9050353345198388
28,10,Kel Mitchell,Witney Carson,0.0,0.0,0.0,0.0,0.0,0.0,0.0,0.0,0.0,0.0,0.0,-0.5551916408269696,0.4607713689483641,0.36699293751746537,-1.5049398576578494,0.8800102692070547,1.5209440409248216,-2.2008408202818406,1.1985121618828205,-0.9050353345198388
28,11,Kel Mitchell,Witney Carson,0.0,0.0,0.0,0.0,0.0,0.0,0.0,0.0,0.0,0.0,0.0,-0.5551916408269696,0.4607713689483641,0.36699293751746537,-1.8386105026579422,1.0205807357584193,2.3077421621027474,0.04404235367894996,0.5736197033039288,-0.9050353345198388
28,1,Lamar Odom,Peta Murgatroyd,0.0,0.0,0.0,0.0,0.0,0.0,0.0,0.0,0.0,0.0,0.0,0.5650389989053509,-0.7384164861307391,0.211536284310997,0.8307546573428003,-2.728074773891234,-1.1348342298771197,-0.19226113831692276,-2.425864097874752,2.230209236198974
28,2,Lamar Odom,Peta Murgatroyd,0.0,0.0,0.0,0.0,0.0,0.0,0.0,0.0,0.0,0.0,0.0,0.5650389989053509,-0.7384164861307391,0.211536284310997,0.8307546573428003,-2.922305629313496,-1.1531264851870213,0.04404235367894996,-2.3425451033975664,2.230209236198974
28,3,Lamar Odom,Peta Murgatroyd,0.0,0.0,0.0,0.0,0.0,0.0,0.0,0.0,0.0,0.0,0.0,0.5650389989053509,-0.7384164861307391,0.211536284310997,0.16341336734261466,-2.922305629313496,-1.051207212167404,-0.19226113831692276,-2.2592261089203807,1.6031603220552115
28,4,Lamar Odom,Peta Murgatroyd,0.0,0.0,0.0,0.0,0.0,0.0,0.0,0.0,0.0,0.0,0.0,0.5650389989053509,-0.7384164861307391,0.211536284310997,0.16341336734261466,-1.902593638346621,-0.8702927579319745,1.698166797650059,-1.5926741531028963,1.6031603220552115
28,1,Lauren Alaina,Gleb Savchenko,0.0,0.0,0.0,0.0,0.0,0.0,0.0,0.0,0.0,0.0,0.0,1.1909168462051898,-1.4528262721353111,-0.9543886147375157,0.8307546573428003,0.3796189128649564,-0.4226557564782562,-0.19226113831692276,-1.0927601862397827,-0.5915108774479575
28,2,Lauren Alaina,Gleb Savchenko,0.0,0.0,0.0,0.0,0.0,0.0,0.0,0.0,0.0,0.0,0.0,1.1909168462051898,-1.4528262721353111,-0.9543886147375157,0.8307546573428003,-0.5429776503907879,-0.5925704835791262,-0.19226113831692276,-1.0927601862397827,0.3490624937676864
28,3,Lauren Alaina,Gleb Savchenko,0.0,0.0,0.0,0.0,0.0,0.0,0.0,0.0,0.0,0.0,0.0,1.1909168462051898,-1.4528262721353111,-0.9543886147375157,0.16341336734261466,-0.20307365340182904,-0.34262559974530316,0.04404235367894996,-1.0094411917625972,0.3490624937676864
28,4,Lauren Alaina,Gleb Savchenko,0.0,0.0,0.0,0.0,0.0,0.0,0.0,0.0,0.0,0.0,0.0,1.1909168462051898,-1.4528262721353111,-0.9543886147375157,0.16341336734261466,1.156542334554004,-0.12402063421082565,2.64338076563355,0.0737057364408153,-1.2185597915917201
28,5,Lauren Alaina,Gleb Savchenko,0.0,0.0,0.0,0.0,0.0,0.0,0.0,0.0,0.0,0.0,0.0,1.1909168462051898,-1.4528262721353111,-0.9543886147375157,-0.17025727765747814,-0.05200521029562557,-0.23798622209692308,-2.318992566279777,0.32366271987237205,0.6625869508395678
28,6,Lauren Alaina,Gleb Savchenko,0.0,0.0,0.0,0.0,0.0,0.0,0.0,0.0,0.0,0.0,0.0,1.1909168462051898,-1.4528262721353111,-0.9543886147375157,-0.17025727765747814,0.8544054483415953,-0.11420126416186323,0.5166493376706954,-0.17625124699074143,-0.2779864203760762
28,7,Lauren Alaina,Gleb Savchenko,0.0,0.0,0.0,0.0,0.0,0.0,0.0,0.0,0.0,0.0,0.0,1.1909168462051898,-1.4528262721353111,-0.9543886147375157,-0.503927922657571,1.156542334554004,0.23002760930374533,0.04404235367894996,0.15702473091800087,-1.2185597915917201
28,8,Lauren Alaina,Gleb Savchenko,0.0,0.0,0.0,0.0,0.0,0.0,0.0,0.0,0.0,0.0,0.0,1.1909168462051898,-1.4528262721353111,-0.9543886147375157,-0.8375985676576638,-0.8828434079410883,0.0667453559285502,-0.9011716143045408,-0.009613258036370276,0.3490624937676864
28,9,Lauren Alaina,Gleb Savchenko,0.0,0.0,0.0,0.0,0.0,0.0,0.0,0.0,0.0,0.0,0.0,1.1909168462051898,-1.4528262721353111,-0.9543886147375157,-1.1712692126577566,0.136830343587129,0.8298475718883888,2.407077273637677,0.6569386977811144,0.03553803669580512
28,10,Lauren Alaina,Gleb Savchenko,0.0,0.0,0.0,0.0,0.0,0.0,0.0,0.0,0.0,0.0,0.0,1.1909168462051898,-1.4528262721353111,-0.9543886147375157,-1.5049398576578494,0.46521217118663116,1.3296270055708546,-2.082689074283904,0.9068956812126711,-0.5915108774479575
28,11,Lauren Alaina,Gleb Savchenko,0.0,0.0,0.0,0.0,0.0,0.0,0.0,0.0,0.0,0.0,0.0,1.1909168462051898,-1.4528262721353111,-0.9543886147375157,-1.8386105026579422,0.7486575381672537,2.1578498979365333,0.1621940996768863,0.3653222171109648,-0.2779864203760762
28,1,Mary Wilson,Brandon Armstrong,0.0,0.0,0.0,0.0,0.0,0.0,0.0,0.0,0.0,0.0,0.0,1.582090500767589,-0.7830670977560247,3.009756042027427,0.8307546573428003,-0.3973045088240912,-0.600700374827972,-0.19226113831692276,-1.426036164148525,0.03553803669580512
28,2,Mary Wilson,Brandon Armstrong,0.0,0.0,0.0,0.0,0.0,0.0,0.0,0.0,0.0,0.0,0.0,1.582090500767589,-0.7830670977560247,3.009756042027427,0.8307546573428003,-1.902593638346621,-0.9128881987836377,-0.6648681223086682,-1.5926741531028963,1.6031603220552115
28,1,Ray Lewis,Cheryl Burke,0.0,0.0,0.0,0.0,0.0,0.0,0.0,0.0,0.0,0.0,0.0,-0.3783131187639717,0.2617572142756622,0.6001779173271679,0.8307546573428003,-1.1742279305131387,-0.7787449931776881,-0.19226113831692276,-1.7593121420572673,1.2896358649833304
28,2,Ray Lewis,Cheryl Burke,0.0,0.0,0.0,0.0,0.0,0.0,0.0,0.0,0.0,0.0,0.0,-0.3783131187639717,0.2617572142756622,0.6001779173271679,0.8307546573428003,-1.902593638346621,-0.9128881987836377,-0.19226113831692276,-1.7593121420572673,1.6031603220552115
28,1,Sailor Brinkley-Cook,Valentin Chmerkovskiy,0.0,1.0,0.0,0.0,0.0,0.0,0.0,0.0,0.0,0.0,0.0,-0.6948325792977572,1.0852084939335633,-1.1875735945472181,0.8307546573428003,-0.00884279797956782,-0.5116780656531141,-0.19226113831692276,-1.2593981751941539,-0.2779864203760762
28,2,Sailor Brinkley-Cook,Valentin Chmerkovskiy,0.0,1.0,0.0,0.0,0.0,0.0,0.0,0.0,0.0,0.0,0.0,-0.6948325792977572,1.0852084939335633,-1.1875735945472181,0.8307546573428003,-0.8828816473797461,-0.6726499123802542,-0.19226113831692276,-1.2593981751941539,0.976111407911449
28,3,Sailor Brinkley-Cook,Valentin Chmerkovskiy,0.0,1.0,0.0,0.0,0.0,0.0,0.0,0.0,0.0,0.0,0.0,-0.6948325792977572,1.0852084939335633,-1.1875735945472181,0.16341336734261466,0.816638337565046,-0.07690749508701596,0.9892563216624407,-0.8428032028082261,-0.5915108774479575
28,4,Sailor Brinkley-Cook,Valentin Chmerkovskiy,0.0,1.0,0.0,0.0,0.0,0.0,0.0,0.0,0.0,0.0,0.0,-0.6948325792977572,1.0852084939335633,-1.1875735945472181,0.16341336734261466,0.9016143368122852,-0.18620997785425386,1.698166797650059,0.24034372539518645,0.03553803669580512
28,5,Sailor Brinkley-Cook,Valentin Chmerkovskiy,0.0,1.0,0.0,0.0,0.0,0.0,0.0,0.0,0.0,0.0,0.0,-0.6948325792977572,1.0852084939335633,-1.1875735945472181,-0.17025727765747814,0.25013167591678137,-0.15641694345763593,-1.846385582288032,0.32366271987237205,0.03553803669580512
28,6,Sailor Brinkley-Cook,Valentin Chmerkovskiy,0.0,1.0,0.0,0.0,0.0,0.0,0.0,0.0,0.0,0.0,0.0,-0.6948325792977572,1.0852084939335633,-1.1875735945472181,-0.17025727765747814,1.156542334554004,-0.03728286544499041,0.5166493376706954,-0.009613258036370276,-1.2185597915917201
28,1,Sean Spicer,Lindsay Arnold,0.0,0.0,0.0,0.0,0.0,0.0,0.0,0.0,0.0,0.0,1.0,-0.614151148181302,0.6904030858784056,0.9110912237401045,0.8307546573428003,-2.3396130630467105,-1.0458119207022618,-0.19226113831692276,-2.2592261089203807,1.916684779127093
28,2,Sean Spicer,Lindsay Arnold,0.0,0.0,0.0,0.0,0.0,0.0,0.0,0.0,0.0,0.0,1.0,-0.614151148181302,0.6904030858784056,0.9110912237401045,0.8307546573428003,-1.562689641357663,-0.8328087699825099,0.7529528296665682,-1.9259501310116385,1.2896358649833304
28,3,Sean Spicer,Lindsay Arnold,0.0,0.0,0.0,0.0,0.0,0.0,0.0,0.0,0.0,0.0,1.0,-0.614151148181302,0.6904030858784056,0.9110912237401045,0.16341336734261466,-1.902593638346621,-0.7854891075091169,-0.42856463031279546,-1.6759931475800818,1.2896358649833304
28,4,Sean Spicer,Lindsay Arnold,0.0,0.0,0.0,0.0,0.0,0.0,0.0,0.0,0.0,0.0,1.0,-0.614151148181302,0.6904030858784056,0.9110912237401045,0.16341336734261466,-1.6476656406049022,-0.808103414288546,1.2255598136583135,-1.2593981751941539,1.2896358649833304
28,5,Sean Spicer,Lindsay Arnold,0.0,0.0,0.0,0.0,0.0,0.0,0.0,0.0,0.0,0.0,1.0,-0.614151148181302,0.6904030858784056,0.9110912237401045,-0.17025727765747814,-1.260552755145255,-0.5642633366540766,-0.6648681223086682,-0.9261221972854116,1.2896358649833304
28,6,Sean Spicer,Lindsay Arnold,0.0,0.0,0.0,0.0,0.0,0.0,0.0,0.0,0.0,0.0,1.0,-0.614151148181302,0.6904030858784056,0.9110912237401045,-0.17025727765747814,-0.6562789827204404,-0.498793257746227,0.2803458456748227,-0.9261221972854116,1.2896358649833304
28,7,Sean Spicer,Lindsay Arnold,0.0,0.0,0.0,0.0,0.0,0.0,0.0,0.0,0.0,0.0,1.0,-0.614151148181302,0.6904030858784056,0.9110912237401045,-0.503927922657571,-0.6562789827204404,-0.2908851107194327,-0.19226113831692276,-0.7594842083310405,0.976111407911449
28,8,Sean Spicer,Lindsay Arnold,0.0,0.0,0.0,0.0,0.0,0.0,0.0,0.0,0.0,0.0,1.0,-0.614151148181302,0.6904030858784056,0.9110912237401045,-0.8375985676576638,-1.9025617721477401,-0.2967254751929674,-0.42856463031279546,-0.8428032028082261,0.6625869508395678
28,9,Sean Spicer,Lindsay Arnold,0.0,0.0,0.0,0.0,0.0,0.0,0.0,0.0,0.0,0.0,1.0,-0.614151148181302,0.6904030858784056,0.9110912237401045,-1.1712692126577566,-1.902593638346621,-0.011274486022737782,0.9892563216624407,-0.5095272248994838,0.3490624937676864
29,1,AJ McLean,Cheryl Burke,0.0,0.0,0.0,0.0,0.0,0.0,0.0,0.0,0.0,0.0,0.0,-0.3783131187639717,0.2617572142756622,0.4447212641206995,1.8317665923430788,-0.00884279797956782,-0.8999522910542251,-0.19226113831692276,-1.2593981751941539,0.3490624937676864
29,2,AJ McLean,Cheryl Burke,0.0,0.0,0.0,0.0,0.0,0.0,0.0,0.0,0.0,0.0,0.0,-0.3783131187639717,0.2617572142756622,0.4447212641206995,1.8317665923430788,0.04412925349923135,-0.8935283368756726,0.04404235367894996,-1.1760791807169684,0.03553803669580512
29,3,AJ McLean,Cheryl Burke,0.0,0.0,0.0,0.0,0.0,0.0,0.0,0.0,0.0,0.0,0.0,-0.3783131187639717,0.2617572142756622,0.4447212641206995,1.498095947342986,0.136830343587129,-0.8034558120945526,0.2803458456748227,-0.9261221972854116,0.6625869508395678
29,4,AJ McLean,Cheryl Burke,0.0,0.0,0.0,0.0,0.0,0.0,0.0,0.0,0.0,0.0,0.0,-0.3783131187639717,0.2617572142756622,0.4447212641206995,1.1644253023428932,-0.00884279797956782,-0.7157491398413277,0.5166493376706954,-0.5095272248994838,-0.5915108774479575
29,5,AJ McLean,Cheryl Burke,0.0,0.0,0.0,0.0,0.0,0.0,0.0,0.0,0.0,0.0,0.0,-0.3783131187639717,0.2617572142756622,0.4447212641206995,0.8307546573428003,-0.24995696333134093,-0.647537896379901,-0.19226113831692276,-0.259570241467927,0.03553803669580512
29,6,AJ McLean,Cheryl Burke,0.0,0.0,0.0,0.0,0.0,0.0,0.0,0.0,0.0,0.0,0.0,-0.3783131187639717,0.2617572142756622,0.4447212641206995,0.4970840123427075,1.156542334554004,-0.34725253191596983,0.5166493376706954,-0.009613258036370276,-1.2185597915917201
29,7,AJ McLean,Cheryl Burke,0.0,0.0,0.0,0.0,0.0,0.0,0.0,0.0,0.0,0.0,0.0,-0.3783131187639717,0.2617572142756622,0.4447212641206995,0.16341336734261466,0.06884954418933757,-0.3603401400558553,-0.42856463031279546,0.15702473091800087,0.03553803669580512
29,8,AJ McLean,Cheryl Burke,0.0,0.0,0.0,0.0,0.0,0.0,0.0,0.0,0.0,0.0,0.0,-0.3783131187639717,0.2617572142756622,0.4447212641206995,-0.503927922657571,0.3407727417805042,0.0188506199794859,0.04404235367894996,0.15702473091800087,0.03553803669580512
29,9,AJ McLean,Cheryl Burke,0.0,0.0,0.0,0.0,0.0,0.0,0.0,0.0,0.0,0.0,0.0,-0.3783131187639717,0.2617572142756622,0.4447212641206995,-0.8375985676576638,-0.20312803804134763,0.15759489016737283,-0.6649153830070672,0.0736890726419199,0.3490624937676864
29,1,Anne Heche,Keo Motsepe,0.0,0.0,0.0,0.0,0.0,0.0,1.0,0.0,0.0,0.0,1.0,2.0324756263909634,-0.8574847837981677,1.144276203549807,1.8317665923430788,-0.00884279797956782,-0.8999522910542251,-0.19226113831692276,-1.2593981751941539,0.3490624937676864
29,2,Anne Heche,Keo Motsepe,0.0,0.0,0.0,0.0,0.0,0.0,1.0,0.0,0.0,0.0,1.0,2.0324756263909634,-0.8574847837981677,1.144276203549807,1.8317665923430788,-0.32667510685235923,-0.9577678786611935,-0.19226113831692276,-1.2593981751941539,0.3490624937676864
29,3,Anne Heche,Keo Motsepe,0.0,0.0,0.0,0.0,0.0,0.0,1.0,0.0,0.0,0.0,1.0,2.0324756263909634,-0.8574847837981677,1.144276203549807,1.498095947342986,-1.902593638346621,-1.1779197602962685,-0.9011716143045408,-1.5093551586257106,2.543733693270856
29,4,Anne Heche,Keo Motsepe,0.0,0.0,0.0,0.0,0.0,0.0,1.0,0.0,0.0,0.0,1.0,2.0324756263909634,-0.8574847837981677,1.144276203549807,1.1644253023428932,-0.8828816473797461,-0.8905404512112302,1.2255598136583135,-1.2593981751941539,1.6031603220552115
29,1,Carole Baskin,Pasha Pashkov,0.0,0.0,0.0,0.0,0.0,0.0,0.0,0.0,0.0,0.0,0.0,2.3506697930651397,-0.6873872157018412,1.7661028163756805,1.8317665923430788,-2.728074773891234,-1.3721129231777978,-0.19226113831692276,-2.425864097874752,3.170782607414618
29,2,Carole Baskin,Pasha Pashkov,0.0,0.0,0.0,0.0,0.0,0.0,0.0,0.0,0.0,0.0,0.0,2.3506697930651397,-0.6873872157018412,1.7661028163756805,1.8317665923430788,-1.0682838275555413,-1.0862469622322333,0.9892563216624407,-2.009269125488824,2.230209236198974
29,3,Carole Baskin,Pasha Pashkov,0.0,0.0,0.0,0.0,0.0,0.0,0.0,0.0,0.0,0.0,0.0,2.3506697930651397,-0.6873872157018412,1.7661028163756805,1.498095947342986,-2.922305629313496,-1.365151734397126,-1.1374751063004138,-1.9259501310116385,2.8572581503427372
29,1,Charles Oakley,Emma Slater,0.0,0.0,0.0,0.0,0.0,0.0,1.0,0.0,0.0,0.0,0.0,0.8819463509348887,-1.1179466849456678,1.532917836565978,1.8317665923430788,-2.3396130630467105,-1.3046614043030025,-0.19226113831692276,-2.2592261089203807,2.8572581503427372
29,2,Charles Oakley,Emma Slater,0.0,0.0,0.0,0.0,0.0,0.0,1.0,0.0,0.0,0.0,0.0,0.8819463509348887,-1.1179466849456678,1.532917836565978,1.8317665923430788,-1.4390881879071329,-1.150486504017754,0.5166493376706954,-2.009269125488824,2.8572581503427372
29,1,Chrishell Stause,Gleb Savchenko,0.0,0.0,0.0,0.0,0.0,0.0,0.0,0.0,0.0,0.0,0.0,1.1909168462051898,-1.4528262721353111,0.211536284310997,1.8317665923430788,-1.9511513522021864,-1.2372098854282054,-0.19226113831692276,-2.0925881199660097,2.543733693270856
29,2,Chrishell Stause,Gleb Savchenko,0.0,0.0,0.0,0.0,0.0,0.0,0.0,0.0,0.0,0.0,0.0,1.1909168462051898,-1.4528262721353111,0.211536284310997,1.8317665923430788,-0.32667510685235923,-0.9577678786611935,0.9892563216624407,-1.6759931475800818,0.3490624937676864
29,3,Chrishell Stause,Gleb Savchenko,0.0,0.0,0.0,0.0,0.0,0.0,0.0,0.0,0.0,0.0,0.0,1.1909168462051898,-1.4528262721353111,0.211536284310997,1.498095947342986,0.47673434057608705,-0.741045154060933,0.7529528296665682,-0.9261221972854116,-0.2779864203760762
29,4,Chrishell Stause,Gleb Savchenko,0.0,0.0,0.0,0.0,0.0,0.0,0.0,0.0,0.0,0.0,0.0,1.1909168462051898,-1.4528262721353111,0.211536284310997,1.1644253023428932,-0.5915353642463533,-0.8322766807545959,-0.19226113831692276,-0.5928462193766693,0.976111407911449
29,5,Chrishell Stause,Gleb Savchenko,0.0,0.0,0.0,0.0,0.0,0.0,0.0,0.0,0.0,0.0,0.0,1.1909168462051898,-1.4528262721353111,0.211536284310997,0.8307546573428003,-1.6564562612166858,-0.9530674243842053,-0.9011716143045408,-0.8428032028082261,1.916684779127093
29,6,Chrishell Stause,Gleb Savchenko,0.0,0.0,0.0,0.0,0.0,0.0,0.0,0.0,0.0,0.0,0.0,1.1909168462051898,-1.4528262721353111,0.211536284310997,0.4970840123427075,0.25013167591678137,-0.5435666540142577,0.9892563216624407,-0.6761652138538549,0.6625869508395678
29,7,Chrishell Stause,Gleb Savchenko,0.0,0.0,0.0,0.0,0.0,0.0,0.0,0.0,0.0,0.0,0.0,1.1909168462051898,-1.4528262721353111,0.211536284310997,0.16341336734261466,0.06884954418933757,-0.3603401400558553,0.2803458456748227,-0.09293225251355586,0.03553803669580512
29,8,Chrishell Stause,Gleb Savchenko,0.0,0.0,0.0,0.0,0.0,0.0,0.0,0.0,0.0,0.0,0.0,1.1909168462051898,-1.4528262721353111,0.211536284310997,-0.503927922657571,0.3407727417805042,0.0188506199794859,0.04404235367894996,0.15702473091800087,0.03553803669580512
29,1,Jeannie Mai,Brandon Armstrong,0.0,0.0,0.0,1.0,0.0,0.0,0.0,0.0,0.0,0.0,0.0,1.582090500767589,-0.7830670977560247,0.36699293751746537,1.8317665923430788,-0.00884279797956782,-0.8999522910542251,-0.19226113831692276,-1.2593981751941539,0.3490624937676864
29,2,Jeannie Mai,Brandon Armstrong,0.0,0.0,0.0,1.0,0.0,0.0,0.0,0.0,0.0,0.0,0.0,1.582090500767589,-0.7830670977560247,0.36699293751746537,1.8317665923430788,-0.32667510685235923,-0.9577678786611935,-0.19226113831692276,-1.2593981751941539,0.3490624937676864
29,3,Jeannie Mai,Brandon Armstrong,0.0,0.0,0.0,1.0,0.0,0.0,0.0,0.0,0.0,0.0,0.0,1.582090500767589,-0.7830670977560247,0.36699293751746537,1.498095947342986,0.47673434057608705,-0.741045154060933,0.7529528296665682,-0.9261221972854116,-0.2779864203760762
29,4,Jeannie Mai,Brandon Armstrong,0.0,0.0,0.0,1.0,0.0,0.0,0.0,0.0,0.0,0.0,0.0,1.582090500767589,-0.7830670977560247,0.36699293751746537,1.1644253023428932,-0.8828816473797461,-0.8905404512112302,-0.42856463031279546,-0.6761652138538549,1.6031603220552115
29,5,Jeannie Mai,Brandon Armstrong,0.0,0.0,0.0,1.0,0.0,0.0,0.0,0.0,0.0,0.0,0.0,1.582090500767589,-0.7830670977560247,0.36699293751746537,0.8307546573428003,-0.24995696333134093,-0.647537896379901,0.5166493376706954,-0.5095272248994838,0.03553803669580512
29,6,Jeannie Mai,Brandon Armstrong,0.0,0.0,0.0,1.0,0.0,0.0,0.0,0.0,0.0,0.0,0.0,1.582090500767589,-0.7830670977560247,0.36699293751746537,0.4970840123427075,0.5522685621291902,-0.4781286133148284,0.04404235367894996,-0.17625124699074143,0.3490624937676864
29,7,Jeannie Mai,Brandon Armstrong,0.0,0.0,0.0,1.0,0.0,0.0,0.0,0.0,0.0,0.0,0.0,1.582090500767589,-0.7830670977560247,0.36699293751746537,0.16341336734261466,-0.20307365340182904,-0.4277916589306524,-0.19226113831692276,-0.09293225251355586,0.976111407911449
29,1,Jesse Metcalfe,Sharna Burgess,0.0,0.0,0.0,1.0,0.0,0.0,0.0,0.0,0.0,0.0,0.0,0.0765173665408801,0.4607713689483641,0.36699293751746537,1.8317665923430788,-0.00884279797956782,-0.8999522910542251,-0.19226113831692276,-1.2593981751941539,0.3490624937676864
29,2,Jesse Metcalfe,Sharna Burgess,0.0,0.0,0.0,1.0,0.0,0.0,0.0,0.0,0.0,0.0,0.0,0.0765173665408801,0.4607713689483641,0.36699293751746537,1.8317665923430788,0.41493361385082284,-0.8292887950901536,0.2803458456748227,-1.0927601862397827,-0.2779864203760762
29,3,Jesse Metcalfe,Sharna Burgess,0.0,0.0,0.0,1.0,0.0,0.0,0.0,0.0,0.0,0.0,0.0,0.0765173665408801,0.4607713689483641,0.36699293751746537,1.498095947342986,-0.20307365340182904,-0.865866470128171,-0.19226113831692276,-0.9261221972854116,1.2896358649833304
29,4,Jesse Metcalfe,Sharna Burgess,0.0,0.0,0.0,1.0,0.0,0.0,0.0,0.0,0.0,0.0,0.0,0.0765173665408801,0.4607713689483641,0.36699293751746537,1.1644253023428932,-0.8828816473797461,-0.8905404512112302,0.04404235367894996,-0.8428032028082261,1.6031603220552115
29,5,Jesse Metcalfe,Sharna Burgess,0.0,0.0,0.0,1.0,0.0,0.0,0.0,0.0,0.0,0.0,0.0,0.0765173665408801,0.4607713689483641,0.36699293751746537,0.8307546573428003,-1.6564562612166858,-0.9530674243842053,-0.6648681223086682,-0.9261221972854116,1.916684779127093
29,1,Johnny Weir,Britt Stewart,0.0,0.0,0.0,0.0,0.0,0.0,0.0,0.0,0.0,0.0,0.0,2.0979861901179997,-1.4528262721353111,-0.021648695498705534,1.8317665923430788,-0.00884279797956782,-0.8999522910542251,-0.19226113831692276,-1.2593981751941539,0.3490624937676864
29,2,Johnny Weir,Britt Stewart,0.0,0.0,0.0,0.0,0.0,0.0,0.0,0.0,0.0,0.0,0.0,2.0979861901179997,-1.4528262721353111,-0.021648695498705534,1.8317665923430788,-0.32667510685235923,-0.9577678786611935,-0.19226113831692276,-1.2593981751941539,0.3490624937676864
29,3,Johnny Weir,Britt Stewart,0.0,0.0,0.0,0.0,0.0,0.0,0.0,0.0,0.0,0.0,0.0,2.0979861901179997,-1.4528262721353111,-0.021648695498705534,1.498095947342986,1.156542334554004,-0.6162238379936948,1.2255598136583135,-0.7594842083310405,-1.2185597915917201
29,4,Johnny Weir,Britt Stewart,0.0,0.0,0.0,0.0,0.0,0.0,0.0,0.0,0.0,0.0,0.0,2.0979861901179997,-1.4528262721353111,-0.021648695498705534,1.1644253023428932,-0.00884279797956782,-0.7157491398413277,-0.19226113831692276,-0.259570241467927,-0.5915108774479575
29,5,Johnny Weir,Britt Stewart,0.0,0.0,0.0,0.0,0.0,0.0,0.0,0.0,0.0,0.0,0.0,2.0979861901179997,-1.4528262721353111,-0.021648695498705534,0.8307546573428003,1.156542334554004,-0.3420083683755986,0.9892563216624407,0.15702473091800087,-1.2185597915917201
29,6,Johnny Weir,Britt Stewart,0.0,0.0,0.0,0.0,0.0,0.0,0.0,0.0,0.0,0.0,0.0,2.0979861901179997,-1.4528262721353111,-0.021648695498705534,0.4970840123427075,-0.3541420965080334,-0.6744427354131163,-1.846385582288032,-0.009613258036370276,1.2896358649833304
29,7,Johnny Weir,Britt Stewart,0.0,0.0,0.0,0.0,0.0,0.0,0.0,0.0,0.0,0.0,0.0,2.0979861901179997,-1.4528262721353111,-0.021648695498705534,0.16341336734261466,0.3407727417805042,-0.2928886211810601,0.9892563216624407,-0.17625124699074143,-0.9050353345198388
29,8,Johnny Weir,Britt Stewart,0.0,0.0,0.0,0.0,0.0,0.0,0.0,0.0,0.0,0.0,0.0,2.0979861901179997,-1.4528262721353111,-0.021648695498705534,-0.503927922657571,1.156542334554004,0.2558428700661574,0.5166493376706954,0.4903007088267432,-1.2185597915917201
29,9,Johnny Weir,Britt Stewart,0.0,0.0,0.0,0.0,0.0,0.0,0.0,0.0,0.0,0.0,0.0,2.0979861901179997,-1.4528262721353111,-0.021648695498705534,-0.8375985676576638,1.156542334554004,0.6119516026108259,-0.19226113831692276,0.7402576922583,-1.2185597915917201
29,10,Johnny Weir,Britt Stewart,0.0,0.0,0.0,0.0,0.0,0.0,0.0,0.0,0.0,0.0,0.0,2.0979861901179997,-1.4528262721353111,-0.021648695498705534,-1.1712692126577566,0.7486575381672537,0.7584247074881764,-0.5467163763107318,0.6152792005425215,-0.2779864203760762
29,1,Justina Machado,Sasha Farber,0.0,0.0,0.0,0.0,0.0,0.0,0.0,0.0,0.0,0.0,1.0,-0.21126118126002927,-0.5598140396295962,0.9110912237401045,1.8317665923430788,1.156542334554004,-0.6975977344298373,-0.19226113831692276,-0.7594842083310405,-1.2185597915917201
29,2,Justina Machado,Sasha Farber,0.0,0.0,0.0,0.0,0.0,0.0,0.0,0.0,0.0,0.0,1.0,-0.21126118126002927,-0.5598140396295962,0.9110912237401045,1.8317665923430788,0.7857379742024134,-0.7650492533046328,-0.19226113831692276,-0.7594842083310405,-0.9050353345198388
29,3,Justina Machado,Sasha Farber,0.0,0.0,0.0,0.0,0.0,0.0,0.0,0.0,0.0,0.0,1.0,-0.21126118126002927,-0.5598140396295962,0.9110912237401045,1.498095947342986,-0.5429776503907879,-0.9282771281617908,-0.6648681223086682,-0.9261221972854116,1.6031603220552115
29,4,Justina Machado,Sasha Farber,0.0,0.0,0.0,0.0,0.0,0.0,0.0,0.0,0.0,0.0,1.0,-0.21126118126002927,-0.5598140396295962,0.9110912237401045,1.1644253023428932,-0.00884279797956782,-0.7157491398413277,0.9892563216624407,-0.6761652138538549,-0.5915108774479575
29,5,Justina Machado,Sasha Farber,0.0,0.0,0.0,0.0,0.0,0.0,0.0,0.0,0.0,0.0,1.0,-0.21126118126002927,-0.5598140396295962,0.9110912237401045,0.8307546573428003,-0.24995696333134093,-0.647537896379901,-0.19226113831692276,-0.259570241467927,0.03553803669580512
29,6,Justina Machado,Sasha Farber,0.0,0.0,0.0,0.0,0.0,0.0,0.0,0.0,0.0,0.0,1.0,-0.21126118126002927,-0.5598140396295962,0.9110912237401045,0.4970840123427075,1.156542334554004,-0.34725253191596983,0.5166493376706954,-0.009613258036370276,-1.2185597915917201
29,7,Justina Machado,Sasha Farber,0.0,0.0,0.0,0.0,0.0,0.0,0.0,0.0,0.0,0.0,1.0,-0.21126118126002927,-0.5598140396295962,0.9110912237401045,0.16341336734261466,0.06884954418933757,-0.3603401400558553,-0.42856463031279546,0.15702473091800087,0.03553803669580512
29,8,Justina Machado,Sasha Farber,0.0,0.0,0.0,0.0,0.0,0.0,0.0,0.0,0.0,0.0,1.0,-0.21126118126002927,-0.5598140396295962,0.9110912237401045,-0.503927922657571,0.8845647523233188,0.17682965388726166,0.5166020769722963,0.32364605607347663,-0.5915108774479575
29,9,Justina Machado,Sasha Farber,0.0,0.0,0.0,0.0,0.0,0.0,0.0,0.0,0.0,0.0,1.0,-0.21126118126002927,-0.5598140396295962,0.9110912237401045,-0.8375985676576638,0.06879515954981898,0.2484625979477519,-0.9011716143045408,0.3236293922745812,0.03553803669580512
29,10,Justina Machado,Sasha Farber,0.0,0.0,0.0,0.0,0.0,0.0,0.0,0.0,0.0,0.0,1.0,-0.21126118126002927,-0.5598140396295962,0.9110912237401045,-1.1712692126577566,0.8846191369628383,0.8088195204406102,0.5166965983690944,0.32364605607347663,-0.5915108774479575
29,11,Justina Machado,Sasha Farber,0.0,0.0,0.0,0.0,0.0,0.0,0.0,0.0,0.0,0.0,1.0,-0.21126118126002927,-0.5598140396295962,0.9110912237401045,-1.8386105026579422,1.156542334554004,2.325767181211343,0.04404235367894996,0.6569386977811144,-1.2185597915917201
29,1,Kaitlyn Bristowe,Artem Chigvintsev,0.0,0.0,0.0,0.0,0.0,0.0,0.0,1.0,0.0,0.0,0.0,0.5748655834644064,-1.0063201558824537,-0.09937702210193972,1.8317665923430788,0.7680806237094807,-0.7650492533046328,-0.19226113831692276,-0.9261221972854116,-0.5915108774479575
29,2,Kaitlyn Bristowe,Artem Chigvintsev,0.0,0.0,0.0,0.0,0.0,0.0,0.0,1.0,0.0,0.0,0.0,0.5748655834644064,-1.0063201558824537,-0.09937702210193972,1.8317665923430788,1.156542334554004,-0.7008097115191139,0.2803458456748227,-0.7594842083310405,-1.2185597915917201
29,3,Kaitlyn Bristowe,Artem Chigvintsev,0.0,0.0,0.0,0.0,0.0,0.0,0.0,1.0,0.0,0.0,0.0,0.5748655834644064,-1.0063201558824537,-0.09937702210193972,1.498095947342986,0.816638337565046,-0.6786344960273148,0.04404235367894996,-0.5095272248994838,-0.5915108774479575
29,4,Kaitlyn Bristowe,Artem Chigvintsev,0.0,0.0,0.0,0.0,0.0,0.0,0.0,1.0,0.0,0.0,0.0,0.5748655834644064,-1.0063201558824537,-0.09937702210193972,1.1644253023428932,0.28250348515382584,-0.6574853693846918,0.2803458456748227,-0.259570241467927,-0.9050353345198388
29,5,Kaitlyn Bristowe,Artem Chigvintsev,0.0,0.0,0.0,0.0,0.0,0.0,0.0,1.0,0.0,0.0,0.0,0.5748655834644064,-1.0063201558824537,-0.09937702210193972,0.8307546573428003,0.5939426153998668,-0.46422017957731865,0.2803458456748227,0.0737057364408153,-0.9050353345198388
29,6,Kaitlyn Bristowe,Artem Chigvintsev,0.0,0.0,0.0,0.0,0.0,0.0,0.0,1.0,0.0,0.0,0.0,0.5748655834644064,-1.0063201558824537,-0.09937702210193972,0.4970840123427075,1.156542334554004,-0.34725253191596983,-0.19226113831692276,0.24034372539518645,-1.2185597915917201
29,7,Kaitlyn Bristowe,Artem Chigvintsev,0.0,0.0,0.0,0.0,0.0,0.0,0.0,1.0,0.0,0.0,0.0,0.5748655834644064,-1.0063201558824537,-0.09937702210193972,0.16341336734261466,-0.47499685099299566,-0.49524317780544785,-0.9011716143045408,-0.009613258036370276,1.2896358649833304
29,8,Kaitlyn Bristowe,Artem Chigvintsev,0.0,0.0,0.0,0.0,0.0,0.0,0.0,1.0,0.0,0.0,0.0,0.5748655834644064,-1.0063201558824537,-0.09937702210193972,-0.503927922657571,0.6126959393716699,0.09784803667504371,0.7529528296665682,0.0737057364408153,-0.2779864203760762
29,9,Kaitlyn Bristowe,Artem Chigvintsev,0.0,0.0,0.0,0.0,0.0,0.0,0.0,1.0,0.0,0.0,0.0,0.5748655834644064,-1.0063201558824537,-0.09937702210193972,-0.8375985676576638,1.156542334554004,0.6119516026108259,0.2803458456748227,0.5736197033039288,-1.2185597915917201
29,10,Kaitlyn Bristowe,Artem Chigvintsev,0.0,0.0,0.0,0.0,0.0,0.0,0.0,1.0,0.0,0.0,0.0,0.5748655834644064,-1.0063201558824537,-0.09937702210193972,-1.1712692126577566,1.156542334554004,0.9096091463454794,-0.19226113831692276,0.7402576922583,-1.2185597915917201
29,11,Kaitlyn Bristowe,Artem Chigvintsev,0.0,0.0,0.0,0.0,0.0,0.0,0.0,1.0,0.0,0.0,0.0,0.5748655834644064,-1.0063201558824537,-0.09937702210193972,-1.8386105026579422,1.156542334554004,2.325767181211343,-0.19226113831692276,0.7402576922583,-1.2185597915917201
29,1,Monica Aldama,Valentin Chmerkovskiy,0.0,0.0,0.0,0.0,0.0,0.0,0.0,0.0,0.0,0.0,1.0,-0.6948325792977572,1.0852084939335633,0.9110912237401045,1.8317665923430788,0.3796189128649564,-0.8325007721794299,-0.19226113831692276,-1.0927601862397827,0.03553803669580512
29,2,Monica Aldama,Valentin Chmerkovskiy,0.0,0.0,0.0,0.0,0.0,0.0,0.0,0.0,0.0,0.0,1.0,-0.6948325792977572,1.0852084939335633,0.9110912237401045,1.8317665923430788,-1.0682838275555413,-1.0862469622322333,-0.9011716143045408,-1.3427171696713396,2.230209236198974
29,3,Monica Aldama,Valentin Chmerkovskiy,0.0,0.0,0.0,0.0,0.0,0.0,0.0,0.0,0.0,0.0,1.0,-0.6948325792977572,1.0852084939335633,0.9110912237401045,1.498095947342986,0.136830343587129,-0.8034558120945526,0.9892563216624407,-1.1760791807169684,0.6625869508395678
29,4,Monica Aldama,Valentin Chmerkovskiy,0.0,0.0,0.0,0.0,0.0,0.0,0.0,0.0,0.0,0.0,1.0,-0.6948325792977572,1.0852084939335633,0.9110912237401045,1.1644253023428932,-0.00884279797956782,-0.7157491398413277,0.5166493376706954,-0.5095272248994838,-0.5915108774479575
29,5,Monica Aldama,Valentin Chmerkovskiy,0.0,0.0,0.0,0.0,0.0,0.0,0.0,0.0,0.0,0.0,1.0,-0.6948325792977572,1.0852084939335633,0.9110912237401045,0.8307546573428003,0.3126427558227972,-0.5253260851781795,0.2803458456748227,-0.09293225251355586,-0.5915108774479575
29,6,Monica Aldama,Valentin Chmerkovskiy,0.0,0.0,0.0,0.0,0.0,0.0,0.0,0.0,0.0,0.0,1.0,-0.6948325792977572,1.0852084939335633,0.9110912237401045,0.4970840123427075,1.156542334554004,-0.34725253191596983,0.04404235367894996,0.15702473091800087,-1.2185597915917201
29,7,Monica Aldama,Valentin Chmerkovskiy,0.0,0.0,0.0,0.0,0.0,0.0,0.0,0.0,0.0,0.0,1.0,-0.6948325792977572,1.0852084939335633,0.9110912237401045,0.16341336734261466,-1.0188432461753298,-0.6301462155550402,-1.3737785982962865,-0.17625124699074143,1.6031603220552115
29,1,Nelly,Daniella Karagach,0.0,0.0,0.0,0.0,0.0,0.0,0.0,0.0,0.0,0.0,1.0,-1.0858272070159636,1.7620177648852635,0.6779062439304021,1.8317665923430788,-0.7857662196686154,-1.0348553288038176,-0.19226113831692276,-1.5926741531028963,2.230209236198974
29,2,Nelly,Daniella Karagach,0.0,0.0,0.0,0.0,0.0,0.0,0.0,0.0,0.0,0.0,1.0,-1.0858272070159636,1.7620177648852635,0.6779062439304021,1.8317665923430788,-0.32667510685235923,-0.9577678786611935,0.2803458456748227,-1.426036164148525,0.3490624937676864
29,3,Nelly,Daniella Karagach,0.0,0.0,0.0,0.0,0.0,0.0,0.0,0.0,0.0,0.0,1.0,-1.0858272070159636,1.7620177648852635,0.6779062439304021,1.498095947342986,-0.8828816473797461,-0.9906877861954105,-0.19226113831692276,-1.2593981751941539,1.916684779127093
29,4,Nelly,Daniella Karagach,0.0,0.0,0.0,0.0,0.0,0.0,0.0,0.0,0.0,0.0,1.0,-1.0858272070159636,1.7620177648852635,0.6779062439304021,1.1644253023428932,-0.8828816473797461,-0.8905404512112302,0.5166493376706954,-1.0094411917625972,1.6031603220552115
29,5,Nelly,Daniella Karagach,0.0,0.0,0.0,0.0,0.0,0.0,0.0,0.0,0.0,0.0,1.0,-1.0858272070159636,1.7620177648852635,0.6779062439304021,0.8307546573428003,-0.24995696333134093,-0.647537896379901,0.5166493376706954,-0.5095272248994838,0.03553803669580512
29,6,Nelly,Daniella Karagach,0.0,0.0,0.0,0.0,0.0,0.0,0.0,0.0,0.0,0.0,1.0,-1.0858272070159636,1.7620177648852635,0.6779062439304021,0.4970840123427075,0.25013167591678137,-0.5435666540142577,-0.19226113831692276,-0.259570241467927,0.6625869508395678
29,7,Nelly,Daniella Karagach,0.0,0.0,0.0,0.0,0.0,0.0,0.0,0.0,0.0,0.0,1.0,-1.0858272070159636,1.7620177648852635,0.6779062439304021,0.16341336734261466,0.3407727417805042,-0.2928886211810601,0.5166493376706954,-0.009613258036370276,-0.9050353345198388
29,8,Nelly,Daniella Karagach,0.0,0.0,0.0,0.0,0.0,0.0,0.0,0.0,0.0,0.0,1.0,-1.0858272070159636,1.7620177648852635,0.6779062439304021,-0.503927922657571,-0.47499685099299566,-0.21814163010718585,-0.9011716143045408,-0.009613258036370276,0.976111407911449
29,9,Nelly,Daniella Karagach,0.0,0.0,0.0,0.0,0.0,0.0,0.0,0.0,0.0,0.0,1.0,-1.0858272070159636,1.7620177648852635,0.6779062439304021,-0.8375985676576638,-0.47499685099299566,0.0667453559285502,-0.19226113831692276,-0.259570241467927,0.6625869508395678
29,10,Nelly,Daniella Karagach,0.0,0.0,0.0,0.0,0.0,0.0,0.0,0.0,0.0,0.0,1.0,-1.0858272070159636,1.7620177648852635,0.6779062439304021,-1.1712692126577566,0.6126959393716699,0.7080298945357426,0.7529528296665682,0.0737057364408153,0.3490624937676864
29,11,Nelly,Daniella Karagach,0.0,0.0,0.0,0.0,0.0,0.0,0.0,0.0,0.0,0.0,1.0,-1.0858272070159636,1.7620177648852635,0.6779062439304021,-1.8386105026579422,0.7486575381672537,2.1037748406107477,-0.0741093923189864,0.4486412115881504,-0.2779864203760762
29,1,Nev Schulman,Jenna Johnson,0.0,0.0,0.0,0.0,0.0,0.0,0.0,0.0,0.0,0.0,0.0,0.0016481508528389105,0.9285396812132627,-0.09937702210193972,1.8317665923430788,0.7680806237094807,-0.7650492533046328,-0.19226113831692276,-0.9261221972854116,-0.5915108774479575
29,2,Nev Schulman,Jenna Johnson,0.0,0.0,0.0,0.0,0.0,0.0,0.0,0.0,0.0,0.0,0.0,0.0016481508528389105,0.9285396812132627,-0.09937702210193972,1.8317665923430788,0.7857379742024134,-0.7650492533046328,0.04404235367894996,-0.8428032028082261,-0.9050353345198388
29,3,Nev Schulman,Jenna Johnson,0.0,0.0,0.0,0.0,0.0,0.0,0.0,0.0,0.0,0.0,0.0,0.0016481508528389105,0.9285396812132627,-0.09937702210193972,1.498095947342986,1.156542334554004,-0.6162238379936948,0.5166493376706954,-0.5095272248994838,-1.2185597915917201
29,4,Nev Schulman,Jenna Johnson,0.0,0.0,0.0,0.0,0.0,0.0,0.0,0.0,0.0,0.0,0.0,0.0016481508528389105,0.9285396812132627,-0.09937702210193972,1.1644253023428932,-0.00884279797956782,-0.7157491398413277,-0.19226113831692276,-0.259570241467927,-0.5915108774479575
29,5,Nev Schulman,Jenna Johnson,0.0,0.0,0.0,0.0,0.0,0.0,0.0,0.0,0.0,0.0,0.0,0.0016481508528389105,0.9285396812132627,-0.09937702210193972,0.8307546573428003,0.3126427558227972,-0.5253260851781795,0.2803458456748227,-0.09293225251355586,-0.5915108774479575
29,6,Nev Schulman,Jenna Johnson,0.0,0.0,0.0,0.0,0.0,0.0,0.0,0.0,0.0,0.0,0.0,0.0016481508528389105,0.9285396812132627,-0.09937702210193972,0.4970840123427075,0.8544054483415953,-0.4126905726153991,-0.19226113831692276,0.0737057364408153,0.03553803669580512
29,7,Nev Schulman,Jenna Johnson,0.0,0.0,0.0,0.0,0.0,0.0,0.0,0.0,0.0,0.0,0.0,0.0016481508528389105,0.9285396812132627,-0.09937702210193972,0.16341336734261466,1.156542334554004,-0.09053406455667234,0.7529528296665682,0.4069817143495576,-1.2185597915917201
29,8,Nev Schulman,Jenna Johnson,0.0,0.0,0.0,0.0,0.0,0.0,0.0,0.0,0.0,0.0,0.0,0.0016481508528389105,0.9285396812132627,-0.09937702210193972,-0.503927922657571,1.156542334554004,0.2558428700661574,-0.19226113831692276,0.7402576922583,-1.2185597915917201
29,9,Nev Schulman,Jenna Johnson,0.0,0.0,0.0,0.0,0.0,0.0,0.0,0.0,0.0,0.0,0.0,0.0016481508528389105,0.9285396812132627,-0.09937702210193972,-0.8375985676576638,0.8845647523233188,0.5210657212888906,-0.4286118910111945,0.6569220339822189,-0.5915108774479575
29,10,Nev Schulman,Jenna Johnson,0.0,0.0,0.0,0.0,0.0,0.0,0.0,0.0,0.0,0.0,0.0,0.0016481508528389105,0.9285396812132627,-0.09937702210193972,-1.1712692126577566,1.156542334554004,0.9096091463454794,0.04408961437734902,0.6569220339822189,-1.2185597915917201
29,11,Nev Schulman,Jenna Johnson,0.0,0.0,0.0,0.0,0.0,0.0,0.0,0.0,0.0,0.0,0.0,0.0016481508528389105,0.9285396812132627,-0.09937702210193972,-1.8386105026579422,1.156542334554004,2.325767181211343,-0.19226113831692276,0.7402576922583,-1.2185597915917201
29,1,Skai Jackson,Alan Bersten,0.0,0.0,0.0,0.0,0.0,0.0,0.0,0.0,0.0,0.0,0.0,-0.19488354032827027,-0.2621432954610242,-1.4207585743569207,1.8317665923430788,1.156542334554004,-0.6975977344298373,-0.19226113831692276,-0.7594842083310405,-1.2185597915917201
29,2,Skai Jackson,Alan Bersten,0.0,0.0,0.0,0.0,0.0,0.0,0.0,0.0,0.0,0.0,0.0,-0.19488354032827027,-0.2621432954610242,-1.4207585743569207,1.8317665923430788,-1.4390881879071329,-1.150486504017754,-1.610082090292159,-1.2593981751941539,2.8572581503427372
29,3,Skai Jackson,Alan Bersten,0.0,0.0,0.0,0.0,0.0,0.0,0.0,0.0,0.0,0.0,0.0,-0.19488354032827027,-0.2621432954610242,-1.4207585743569207,1.498095947342986,-0.8828816473797461,-0.9906877861954105,0.5166493376706954,-1.5093551586257106,1.916684779127093
29,4,Skai Jackson,Alan Bersten,0.0,0.0,0.0,0.0,0.0,0.0,0.0,0.0,0.0,0.0,0.0,-0.19488354032827027,-0.2621432954610242,-1.4207585743569207,1.1644253023428932,1.156542334554004,-0.48269405801478943,2.1707737816418047,-0.42620823042229816,-1.2185597915917201
29,5,Skai Jackson,Alan Bersten,0.0,0.0,0.0,0.0,0.0,0.0,0.0,0.0,0.0,0.0,0.0,-0.19488354032827027,-0.2621432954610242,-1.4207585743569207,0.8307546573428003,-0.24995696333134093,-0.647537896379901,-1.1374751063004138,0.0737057364408153,0.03553803669580512
29,6,Skai Jackson,Alan Bersten,0.0,0.0,0.0,0.0,0.0,0.0,0.0,0.0,0.0,0.0,0.0,-0.19488354032827027,-0.2621432954610242,-1.4207585743569207,0.4970840123427075,-1.562689641357663,-0.9361948982108318,-1.610082090292159,-0.7594842083310405,1.916684779127093
29,7,Skai Jackson,Alan Bersten,0.0,0.0,0.0,0.0,0.0,0.0,0.0,0.0,0.0,0.0,0.0,-0.19488354032827027,-0.2621432954610242,-1.4207585743569207,0.16341336734261466,0.3407727417805042,-0.2928886211810601,1.9344702896459318,-0.5095272248994838,-0.9050353345198388
29,8,Skai Jackson,Alan Bersten,0.0,0.0,0.0,0.0,0.0,0.0,0.0,0.0,0.0,0.0,0.0,-0.19488354032827027,-0.2621432954610242,-1.4207585743569207,-0.503927922657571,0.3407183571409856,0.018834820496147726,-0.19230839901532182,0.24032706159629105,0.6625869508395678
29,9,Skai Jackson,Alan Bersten,0.0,0.0,0.0,0.0,0.0,0.0,0.0,0.0,0.0,0.0,0.0,-0.19488354032827027,-0.2621432954610242,-1.4207585743569207,-0.8375985676576638,0.8845647523233188,0.5210657212888906,0.2803458456748227,0.4069483867517668,-0.5915108774479575
29,10,Skai Jackson,Alan Bersten,0.0,0.0,0.0,0.0,0.0,0.0,0.0,0.0,0.0,0.0,0.0,-0.19488354032827027,-0.2621432954610242,-1.4207585743569207,-1.1712692126577566,0.7486575381672537,0.7584247074881764,-0.31036562361646003,0.5319435422664406,-0.2779864203760762
29,1,Veron Davis,Peta Murgatroyd,0.0,0.0,0.0,0.0,0.0,0.0,0.0,0.0,0.0,0.0,0.0,0.5650389989053509,-0.7384164861307391,-0.021648695498705534,1.8317665923430788,-0.3973045088240912,-0.9674038099290222,-0.19226113831692276,-1.426036164148525,1.916684779127093
29,2,Veron Davis,Peta Murgatroyd,0.0,0.0,0.0,0.0,0.0,0.0,0.0,0.0,0.0,0.0,0.0,0.5650389989053509,-0.7384164861307391,-0.021648695498705534,1.8317665923430788,-0.32667510685235923,-0.9577678786611935,0.04404235367894996,-1.3427171696713396,0.3490624937676864
29,3,Veron Davis,Peta Murgatroyd,0.0,0.0,0.0,0.0,0.0,0.0,0.0,0.0,0.0,0.0,0.0,0.5650389989053509,-0.7384164861307391,-0.021648695498705534,1.498095947342986,0.47673434057608705,-0.741045154060933,0.7529528296665682,-0.9261221972854116,-0.2779864203760762
29,4,Veron Davis,Peta Murgatroyd,0.0,0.0,0.0,0.0,0.0,0.0,0.0,0.0,0.0,0.0,0.0,0.5650389989053509,-0.7384164861307391,-0.021648695498705534,1.1644253023428932,-0.5915353642463533,-0.8322766807545959,-0.19226113831692276,-0.5928462193766693,0.976111407911449
29,5,Veron Davis,Peta Murgatroyd,0.0,0.0,0.0,0.0,0.0,0.0,0.0,0.0,0.0,0.0,0.0,0.5650389989053509,-0.7384164861307391,-0.021648695498705534,0.8307546573428003,-1.0938565420625477,-0.8308556131824836,-0.42856463031279546,-0.6761652138538549,1.6031603220552115
29,6,Veron Davis,Peta Murgatroyd,0.0,0.0,0.0,0.0,0.0,0.0,0.0,0.0,0.0,0.0,0.0,0.5650389989053509,-0.7384164861307391,-0.021648695498705534,0.4970840123427075,-0.6562789827204404,-0.7398807761125457,-0.19226113831692276,-0.7594842083310405,1.6031603220552115
30,1,Amanda Kloots,Alan Bersten,0.0,0.0,0.0,0.0,0.0,0.0,1.0,0.0,0.0,0.0,0.0,-0.19488354032827027,-0.2621432954610242,0.211536284310997,1.8317665923430788,0.8752424749769354,-0.7724210040013323,-0.19226113831692276,0.4069817143495576,-0.9050353345198388
30,2,Amanda Kloots,Alan Bersten,0.0,0.0,0.0,0.0,0.0,0.0,1.0,0.0,0.0,0.0,0.0,-0.19488354032827027,-0.2621432954610242,0.211536284310997,1.8317665923430788,1.156542334554004,-0.6564260281036621,0.7529528296665682,0.7402576922583,-1.2185597915917201
30,3,Amanda Kloots,Alan Bersten,0.0,0.0,0.0,0.0,0.0,0.0,1.0,0.0,0.0,0.0,0.0,-0.19488354032827027,-0.2621432954610242,0.211536284310997,1.498095947342986,1.156542334554004,-0.7016719872477777,-2.082689074283904,0.4069817143495576,-1.2185597915917201
30,4,Amanda Kloots,Alan Bersten,0.0,0.0,0.0,0.0,0.0,0.0,1.0,0.0,0.0,0.0,0.0,-0.19488354032827027,-0.2621432954610242,0.211536284310997,1.1644253023428932,0.5977960381337981,-0.6841721323516392,2.1707737816418047,0.5736197033039288,-0.2779864203760762
30,5,Amanda Kloots,Alan Bersten,0.0,0.0,0.0,0.0,0.0,0.0,1.0,0.0,0.0,0.0,0.0,-0.19488354032827027,-0.2621432954610242,0.211536284310997,0.4970840123427075,0.9525999363606288,-0.33756430251371633,0.9892563216624407,1.8234046204617125,-0.9050353345198388
30,6,Amanda Kloots,Alan Bersten,0.0,0.0,0.0,0.0,0.0,0.0,1.0,0.0,0.0,0.0,0.0,-0.19488354032827027,-0.2621432954610242,0.211536284310997,0.16341336734261466,0.7486575381672537,-0.28325268991323116,-0.42856463031279546,2.1566805983704547,-0.5915108774479575
30,7,Amanda Kloots,Alan Bersten,0.0,0.0,0.0,0.0,0.0,0.0,1.0,0.0,0.0,0.0,0.0,-0.19488354032827027,-0.2621432954610242,0.211536284310997,-0.17025727765747814,-0.3973045088240912,-0.29061960984276364,-1.1374751063004138,1.7400856259845268,0.3490624937676864
30,8,Amanda Kloots,Alan Bersten,0.0,0.0,0.0,0.0,0.0,0.0,1.0,0.0,0.0,0.0,0.0,-0.19488354032827027,-0.2621432954610242,0.211536284310997,-0.503927922657571,1.156542334554004,0.2773833111240344,1.698166797650059,2.073361603893269,-1.2185597915917201
30,9,Amanda Kloots,Alan Bersten,0.0,0.0,0.0,0.0,0.0,0.0,1.0,0.0,0.0,0.0,0.0,-0.19488354032827027,-0.2621432954610242,0.211536284310997,-1.1712692126577566,1.0545711354573168,0.9510845233771282,-0.7830198683066045,2.5316160735177897,-0.9050353345198388
30,10,Amanda Kloots,Alan Bersten,0.0,0.0,0.0,0.0,0.0,0.0,1.0,0.0,0.0,0.0,0.0,-0.19488354032827027,-0.2621432954610242,0.211536284310997,-1.8386105026579422,0.9525999363606288,2.242343307992012,-0.3104128843148591,2.281659090086233,-0.5915108774479575
30,1,Brian Austin Green,Sharna Burgess,0.0,0.0,0.0,1.0,0.0,0.0,0.0,0.0,0.0,0.0,1.0,0.0765173665408801,0.4607713689483641,0.9110912237401045,1.8317665923430788,-0.24995696333134093,-0.9640865221155077,-0.19226113831692276,-0.259570241467927,1.2896358649833304
30,2,Brian Austin Green,Sharna Burgess,0.0,0.0,0.0,1.0,0.0,0.0,0.0,0.0,0.0,0.0,1.0,0.0765173665408801,0.4607713689483641,0.9110912237401045,1.8317665923430788,-1.1378096451214648,-1.066391103862164,-0.42856463031279546,-0.34288923594511256,2.543733693270856
30,3,Brian Austin Green,Sharna Burgess,0.0,0.0,0.0,1.0,0.0,0.0,0.0,0.0,0.0,0.0,1.0,0.0765173665408801,0.4607713689483641,0.9110912237401045,1.498095947342986,-0.5429776503907879,-0.9959235796546069,-1.1374751063004138,-0.7594842083310405,2.230209236198974
30,4,Brian Austin Green,Sharna Burgess,0.0,0.0,0.0,1.0,0.0,0.0,0.0,0.0,0.0,0.0,1.0,0.0765173665408801,0.4607713689483641,0.9110912237401045,1.1644253023428932,-1.1901921104108593,-1.020620955516091,1.461863305654186,-0.5095272248994838,2.543733693270856
30,1,Christine Chiu,Pasha Pashkov,0.0,0.0,0.0,0.0,0.0,0.0,0.0,0.0,0.0,1.0,0.0,2.3506697930651397,-0.6873872157018412,0.13380795770776283,1.8317665923430788,0.0313428962457277,-0.9161701425869634,-0.19226113831692276,-0.09293225251355586,0.6625869508395678
30,2,Christine Chiu,Pasha Pashkov,0.0,0.0,0.0,0.0,0.0,0.0,0.0,0.0,0.0,1.0,0.0,2.3506697930651397,-0.6873872157018412,0.13380795770776283,1.8317665923430788,-0.8828816473797461,-1.020839428777886,-0.42856463031279546,-0.17625124699074143,1.6031603220552115
30,3,Christine Chiu,Pasha Pashkov,0.0,0.0,0.0,0.0,0.0,0.0,0.0,0.0,0.0,1.0,0.0,2.3506697930651397,-0.6873872157018412,0.13380795770776283,1.498095947342986,0.136830343587129,-0.8782229426918745,-0.9011716143045408,-0.5095272248994838,0.6625869508395678
30,1,Cody Rigsby,Cheryl Burke,1.0,0.0,0.0,1.0,0.0,0.0,0.0,0.0,0.0,0.0,0.0,-0.3783131187639717,0.2617572142756622,-0.1771053487051739,1.8317665923430788,-0.24995696333134093,-0.9640865221155077,-0.19226113831692276,-0.259570241467927,1.2896358649833304
30,2,Cody Rigsby,Cheryl Burke,1.0,0.0,0.0,1.0,0.0,0.0,0.0,0.0,0.0,0.0,0.0,-0.3783131187639717,0.2617572142756622,-0.1771053487051739,1.8317665923430788,-0.8828816473797461,-1.020839428777886,-0.19226113831692276,-0.259570241467927,1.6031603220552115
30,3,Cody Rigsby,Cheryl Burke,1.0,0.0,0.0,1.0,0.0,0.0,0.0,0.0,0.0,0.0,0.0,-0.3783131187639717,0.2617572142756622,-0.1771053487051739,1.498095947342986,-0.8828816473797461,-1.054773898135973,-1.610082090292159,-0.7594842083310405,2.8572581503427372
30,4,Cody Rigsby,Cheryl Burke,1.0,0.0,0.0,1.0,0.0,0.0,0.0,0.0,0.0,0.0,0.0,-0.3783131187639717,0.2617572142756622,-0.1771053487051739,1.1644253023428932,-0.5196965547066128,-0.8944526468294226,2.407077273637677,-0.34288923594511256,1.916684779127093
30,5,Cody Rigsby,Cheryl Burke,1.0,0.0,0.0,1.0,0.0,0.0,0.0,0.0,0.0,0.0,0.0,-0.3783131187639717,0.2617572142756622,-0.1771053487051739,0.4970840123427075,-0.47499685099299566,-0.6564260281036621,0.5166493376706954,0.8235766867354855,1.2896358649833304
30,6,Cody Rigsby,Cheryl Burke,1.0,0.0,0.0,1.0,0.0,0.0,0.0,0.0,0.0,0.0,0.0,-0.3783131187639717,0.2617572142756622,-0.1771053487051739,0.16341336734261466,0.3407727417805042,-0.3796120025915115,0.7529528296665682,1.4068096480757846,0.03553803669580512
30,7,Cody Rigsby,Cheryl Burke,1.0,0.0,0.0,1.0,0.0,0.0,0.0,0.0,0.0,0.0,0.0,-0.3783131187639717,0.2617572142756622,-0.1771053487051739,-0.17025727765747814,-0.00884279797956782,-0.18335725566877642,-0.19226113831692276,1.7400856259845268,0.03553803669580512
30,8,Cody Rigsby,Cheryl Burke,1.0,0.0,0.0,1.0,0.0,0.0,0.0,0.0,0.0,0.0,0.0,-0.3783131187639717,0.2617572142756622,-0.1771053487051739,-0.503927922657571,0.3796189128649564,0.04962493570264472,0.2803458456748227,1.906723614938898,0.03553803669580512
30,9,Cody Rigsby,Cheryl Burke,1.0,0.0,0.0,1.0,0.0,0.0,0.0,0.0,0.0,0.0,0.0,-0.3783131187639717,0.2617572142756622,-0.1771053487051739,-1.1712692126577566,0.23880154268381615,0.6406881533338185,-0.7830198683066045,1.8650641177003051,0.3490624937676864
30,10,Cody Rigsby,Cheryl Burke,1.0,0.0,0.0,1.0,0.0,0.0,0.0,0.0,0.0,0.0,0.0,-0.3783131187639717,0.2617572142756622,-0.1771053487051739,-1.8386105026579422,0.7486575381672537,2.1306401557152785,0.39849759167275906,1.8650641177003051,-0.2779864203760762
30,1,Iman Shumpert,Daniella Karagach,0.0,0.0,0.0,0.0,0.0,0.0,0.0,0.0,0.0,0.0,0.0,-1.0858272070159636,1.7620177648852635,-0.4102903285148764,1.8317665923430788,-1.0938565420625477,-1.1078356607011386,-0.19226113831692276,-0.7594842083310405,2.8572581503427372
30,2,Iman Shumpert,Daniella Karagach,0.0,0.0,0.0,0.0,0.0,0.0,0.0,0.0,0.0,0.0,0.0,-1.0858272070159636,1.7620177648852635,-0.4102903285148764,1.8317665923430788,-0.6279536496380272,-0.975287753693608,0.7529528296665682,-0.42620823042229816,1.2896358649833304
30,3,Iman Shumpert,Daniella Karagach,0.0,0.0,0.0,0.0,0.0,0.0,0.0,0.0,0.0,0.0,0.0,-1.0858272070159636,1.7620177648852635,-0.4102903285148764,1.498095947342986,-0.5429776503907879,-0.9959235796546069,-1.610082090292159,-0.5928462193766693,2.230209236198974
30,4,Iman Shumpert,Daniella Karagach,0.0,0.0,0.0,0.0,0.0,0.0,0.0,0.0,0.0,0.0,0.0,-1.0858272070159636,1.7620177648852635,-0.4102903285148764,1.1644253023428932,0.0390497417135931,-0.789312389590531,2.7615325116314864,-0.05127275527496306,1.2896358649833304
30,5,Iman Shumpert,Daniella Karagach,0.0,0.0,0.0,0.0,0.0,0.0,0.0,0.0,0.0,0.0,0.0,-1.0858272070159636,1.7620177648852635,-0.4102903285148764,0.4970840123427075,-1.2907664437664963,-0.8386327284407742,-1.0193233603024774,0.6985981950197071,1.916684779127093
30,6,Iman Shumpert,Daniella Karagach,0.0,0.0,0.0,0.0,0.0,0.0,0.0,0.0,0.0,0.0,0.0,-1.0858272070159636,1.7620177648852635,-0.4102903285148764,0.16341336734261466,1.156542334554004,-0.18689337723495247,2.64338076563355,1.4068096480757846,-1.2185597915917201
30,7,Iman Shumpert,Daniella Karagach,0.0,0.0,0.0,0.0,0.0,0.0,0.0,0.0,0.0,0.0,0.0,-1.0858272070159636,1.7620177648852635,-0.4102903285148764,-0.17025727765747814,-0.3973045088240912,-0.29061960984276364,-1.610082090292159,1.906723614938898,0.3490624937676864
30,8,Iman Shumpert,Daniella Karagach,0.0,0.0,0.0,0.0,0.0,0.0,0.0,0.0,0.0,0.0,0.0,-1.0858272070159636,1.7620177648852635,-0.4102903285148764,-0.503927922657571,-0.20307365340182904,-0.12119384586339683,0.04404235367894996,1.49012864255297,0.6625869508395678
30,9,Iman Shumpert,Daniella Karagach,0.0,0.0,0.0,0.0,0.0,0.0,0.0,0.0,0.0,0.0,0.0,-1.0858272070159636,1.7620177648852635,-0.4102903285148764,-1.1712692126577566,0.6466863390705665,0.7958863383554732,0.39849759167275906,1.7817451232231196,-0.5915108774479575
30,10,Iman Shumpert,Daniella Karagach,0.0,0.0,0.0,0.0,0.0,0.0,0.0,0.0,0.0,0.0,0.0,-1.0858272070159636,1.7620177648852635,-0.4102903285148764,-1.8386105026579422,1.156542334554004,2.3540464602687434,0.39849759167275906,2.1983400956090473,-1.2185597915917201
30,1,Jimmie Allen,Emma Slater,0.0,0.0,0.0,0.0,0.0,0.0,0.0,0.0,0.0,0.0,0.0,0.8819463509348887,-1.1179466849456678,-0.021648695498705534,1.8317665923430788,-0.8125566824854791,-1.0599192811725944,-0.19226113831692276,-0.5928462193766693,2.543733693270856
30,2,Jimmie Allen,Emma Slater,0.0,0.0,0.0,0.0,0.0,0.0,0.0,0.0,0.0,0.0,0.0,0.8819463509348887,-1.1179466849456678,-0.021648695498705534,1.8317665923430788,-0.11809765415458975,-0.8841844035250521,0.9892563216624407,-0.17625124699074143,0.03553803669580512
30,3,Jimmie Allen,Emma Slater,0.0,0.0,0.0,0.0,0.0,0.0,0.0,0.0,0.0,0.0,0.0,0.8819463509348887,-1.1179466849456678,-0.021648695498705534,1.498095947342986,-0.20307365340182904,-0.9370732611732407,-1.846385582288032,-0.34288923594511256,1.6031603220552115
30,4,Jimmie Allen,Emma Slater,0.0,0.0,0.0,0.0,0.0,0.0,0.0,0.0,0.0,0.0,0.0,0.8819463509348887,-1.1179466849456678,-0.021648695498705534,1.1644253023428932,0.26254826028167527,-0.7472562866949743,2.7615325116314864,0.11536523367940808,0.6625869508395678
30,5,Jimmie Allen,Emma Slater,0.0,0.0,0.0,0.0,0.0,0.0,0.0,0.0,0.0,0.0,0.0,0.8819463509348887,-1.1179466849456678,-0.021648695498705534,0.4970840123427075,-0.06711205460624618,-0.5653226779351063,0.1621940996768863,1.2818311563600062,0.976111407911449
30,6,Jimmie Allen,Emma Slater,0.0,0.0,0.0,0.0,0.0,0.0,0.0,0.0,0.0,0.0,0.0,0.8819463509348887,-1.1179466849456678,-0.021648695498705534,0.16341336734261466,0.7486575381672537,-0.28325268991323116,0.7529528296665682,1.7400856259845268,-0.5915108774479575
30,7,Jimmie Allen,Emma Slater,0.0,0.0,0.0,0.0,0.0,0.0,0.0,0.0,0.0,0.0,0.0,0.8819463509348887,-1.1179466849456678,-0.021648695498705534,-0.17025727765747814,0.3796189128649564,-0.07609490149478775,-0.19226113831692276,2.073361603893269,-0.5915108774479575
30,8,Jimmie Allen,Emma Slater,0.0,0.0,0.0,0.0,0.0,0.0,0.0,0.0,0.0,0.0,0.0,0.8819463509348887,-1.1179466849456678,-0.021648695498705534,-0.503927922657571,-0.7857662196686154,-0.2920126274294384,-1.610082090292159,1.5734476370301556,0.976111407911449
30,1,JoJo Siwa,Jenna Johnson,0.0,0.0,0.0,0.0,0.0,0.0,0.0,0.0,0.0,0.0,0.0,0.0016481508528389105,0.9285396812132627,-1.4207585743569207,1.8317665923430788,1.156542334554004,-0.7245046244727881,-0.19226113831692276,0.5736197033039288,-1.2185597915917201
30,2,JoJo Siwa,Jenna Johnson,0.0,0.0,0.0,0.0,0.0,0.0,0.0,0.0,0.0,0.0,0.0,0.0016481508528389105,0.9285396812132627,-1.4207585743569207,1.8317665923430788,0.9016143368122852,-0.7019777031879401,0.2803458456748227,0.7402576922583,-0.9050353345198388
30,3,JoJo Siwa,Jenna Johnson,0.0,0.0,0.0,0.0,0.0,0.0,0.0,0.0,0.0,0.0,0.0,0.0016481508528389105,0.9285396812132627,-1.4207585743569207,1.498095947342986,1.156542334554004,-0.7016719872477777,-1.846385582288032,0.32366271987237205,-1.2185597915917201
30,4,JoJo Siwa,Jenna Johnson,0.0,0.0,0.0,0.0,0.0,0.0,0.0,0.0,0.0,0.0,0.0,0.0016481508528389105,0.9285396812132627,-1.4207585743569207,1.1644253023428932,0.8212945567018802,-0.6421160294560844,2.407077273637677,0.6569386977811144,-0.9050353345198388
30,5,JoJo Siwa,Jenna Johnson,0.0,0.0,0.0,0.0,0.0,0.0,0.0,0.0,0.0,0.0,0.0,0.0016481508528389105,0.9285396812132627,-1.4207585743569207,0.4970840123427075,1.156542334554004,-0.2920126274294384,0.9892563216624407,1.9900426094160835,-1.2185597915917201
30,6,JoJo Siwa,Jenna Johnson,0.0,0.0,0.0,0.0,0.0,0.0,0.0,0.0,0.0,0.0,0.0,0.0016481508528389105,0.9285396812132627,-1.4207585743569207,0.16341336734261466,1.156542334554004,-0.18689337723495247,-0.19226113831692276,2.4066375818020114,-1.2185597915917201
30,7,JoJo Siwa,Jenna Johnson,0.0,0.0,0.0,0.0,0.0,0.0,0.0,0.0,0.0,0.0,0.0,0.0016481508528389105,0.9285396812132627,-1.4207585743569207,-0.17025727765747814,0.5738497682872186,-0.02246372440779499,-0.42856463031279546,2.3233185873248257,-0.9050353345198388
30,8,JoJo Siwa,Jenna Johnson,0.0,0.0,0.0,0.0,0.0,0.0,0.0,0.0,0.0,0.0,0.0,0.0016481508528389105,0.9285396812132627,-1.4207585743569207,-0.503927922657571,0.9623114791317419,0.22044371726868797,0.2803458456748227,2.4066375818020114,-0.2779864203760762
30,9,JoJo Siwa,Jenna Johnson,0.0,0.0,0.0,0.0,0.0,0.0,0.0,0.0,0.0,0.0,0.0,0.0016481508528389105,0.9285396812132627,-1.4207585743569207,-1.1712692126577566,1.156542334554004,0.9898840696325406,-0.42856463031279546,2.489956576279197,-1.2185597915917201
30,10,JoJo Siwa,Jenna Johnson,0.0,0.0,0.0,0.0,0.0,0.0,0.0,0.0,0.0,0.0,0.0,0.0016481508528389105,0.9285396812132627,-1.4207585743569207,-1.8386105026579422,1.156542334554004,2.3540464602687434,-0.19226113831692276,2.4066375818020114,-1.2185597915917201
30,1,Kenya Moore,Brandon Armstrong,0.0,0.0,0.0,0.0,0.0,0.0,0.0,0.0,0.0,0.0,1.0,1.582090500767589,-0.7830670977560247,1.066547876946573,1.8317665923430788,0.3126427558227972,-0.8682537630584192,-0.19226113831692276,0.0737057364408153,0.03553803669580512
30,2,Kenya Moore,Brandon Armstrong,0.0,0.0,0.0,0.0,0.0,0.0,0.0,0.0,0.0,0.0,1.0,1.582090500767589,-0.7830670977560247,1.066547876946573,1.8317665923430788,-0.8828816473797461,-1.020839428777886,-0.6648681223086682,-0.09293225251355586,1.6031603220552115
30,3,Kenya Moore,Brandon Armstrong,0.0,0.0,0.0,0.0,0.0,0.0,0.0,0.0,0.0,0.0,1.0,1.582090500767589,-0.7830670977560247,1.066547876946573,1.498095947342986,0.136830343587129,-0.8782229426918745,-0.9011716143045408,-0.5095272248994838,0.6625869508395678
30,4,Kenya Moore,Brandon Armstrong,0.0,0.0,0.0,0.0,0.0,0.0,0.0,0.0,0.0,0.0,1.0,1.582090500767589,-0.7830670977560247,1.066547876946573,1.1644253023428932,-0.40794729542257124,-0.8734245953816444,1.8163185436479952,-0.05127275527496306,1.6031603220552115
30,5,Kenya Moore,Brandon Armstrong,0.0,0.0,0.0,0.0,0.0,0.0,0.0,0.0,0.0,0.0,1.0,1.582090500767589,-0.7830670977560247,1.066547876946573,0.4970840123427075,0.3407727417805042,-0.4742193277665504,1.3437115596562499,1.1985121618828205,-0.5915108774479575
30,6,Kenya Moore,Brandon Armstrong,0.0,0.0,0.0,0.0,0.0,0.0,0.0,0.0,0.0,0.0,1.0,1.582090500767589,-0.7830670977560247,1.066547876946573,0.16341336734261466,-0.47499685099299566,-0.572330627948072,-1.1374751063004138,1.4068096480757846,1.6031603220552115
30,1,Martin Kove,Britt Stewart,0.0,0.0,0.0,0.0,0.0,0.0,0.0,0.0,0.0,0.0,0.0,2.0979861901179997,-1.4528262721353111,3.009756042027427,1.8317665923430788,-3.3442554186790994,-1.4911666969294872,-0.19226113831692276,-2.0925881199660097,3.170782607414618
30,2,Martin Kove,Britt Stewart,0.0,0.0,0.0,0.0,0.0,0.0,0.0,0.0,0.0,0.0,0.0,2.0979861901179997,-1.4528262721353111,3.009756042027427,1.8317665923430788,-3.1772336270552146,-1.4308045045363877,0.2803458456748227,-1.9259501310116385,3.170782607414618
30,1,Matt James,Lindsay Arnold,0.0,0.0,0.0,0.0,0.0,0.0,0.0,0.0,0.0,0.0,0.0,-0.614151148181302,0.6904030858784056,-0.5657469817213447,1.8317665923430788,-0.24995696333134093,-0.9640865221155077,-0.19226113831692276,-0.259570241467927,1.2896358649833304
30,2,Matt James,Lindsay Arnold,0.0,0.0,0.0,0.0,0.0,0.0,0.0,0.0,0.0,0.0,0.0,-0.614151148181302,0.6904030858784056,-0.5657469817213447,1.8317665923430788,-1.3927376428631835,-1.111942778946442,-0.6648681223086682,-0.42620823042229816,2.8572581503427372
30,3,Matt James,Lindsay Arnold,0.0,0.0,0.0,0.0,0.0,0.0,0.0,0.0,0.0,0.0,0.0,-0.614151148181302,0.6904030858784056,-0.5657469817213447,1.498095947342986,-0.20307365340182904,-0.9370732611732407,-0.6648681223086682,-0.7594842083310405,1.6031603220552115
30,4,Matt James,Lindsay Arnold,0.0,0.0,0.0,0.0,0.0,0.0,0.0,0.0,0.0,0.0,0.0,-0.614151148181302,0.6904030858784056,-0.5657469817213447,1.1644253023428932,-0.6314458139906535,-0.9154806982771992,1.8163185436479952,-0.2179107442293342,2.230209236198974
30,1,Melanie C,Gleb Savchenko,0.0,0.0,0.0,0.0,0.0,0.0,0.0,0.0,0.0,0.0,1.0,1.1909168462051898,-1.4528262721353111,0.8333628971368704,1.8317665923430788,0.5939426153998668,-0.8203373835298766,-0.19226113831692276,0.24034372539518645,-0.2779864203760762
30,2,Melanie C,Gleb Savchenko,0.0,0.0,0.0,0.0,0.0,0.0,0.0,0.0,0.0,0.0,1.0,1.1909168462051898,-1.4528262721353111,0.8333628971368704,1.8317665923430788,0.6466863390705665,-0.747529378272218,0.5166493376706954,0.4903007088267432,-0.5915108774479575
30,3,Melanie C,Gleb Savchenko,0.0,0.0,0.0,0.0,0.0,0.0,0.0,0.0,0.0,0.0,1.0,1.1909168462051898,-1.4528262721353111,0.8333628971368704,1.498095947342986,0.47673434057608705,-0.8193726242105084,-2.082689074283904,0.0737057364408153,0.03553803669580512
30,4,Melanie C,Gleb Savchenko,0.0,0.0,0.0,0.0,0.0,0.0,0.0,0.0,0.0,0.0,1.0,1.1909168462051898,-1.4528262721353111,0.8333628971368704,1.1644253023428932,0.37429751956571594,-0.726228235247196,2.407077273637677,0.32366271987237205,0.3490624937676864
30,5,Melanie C,Gleb Savchenko,0.0,0.0,0.0,0.0,0.0,0.0,0.0,0.0,0.0,0.0,1.0,1.1909168462051898,-1.4528262721353111,0.8333628971368704,0.4970840123427075,0.3407727417805042,-0.4742193277665504,0.5166493376706954,1.49012864255297,-0.5915108774479575
30,1,Melora Hardin,Artem Chigvintsev,0.0,0.0,0.0,0.0,0.0,0.0,0.0,0.0,0.0,0.0,1.0,0.5748655834644064,-1.0063201558824537,1.3774611833595096,1.8317665923430788,0.3126427558227972,-0.8682537630584192,-0.19226113831692276,0.0737057364408153,0.03553803669580512
30,2,Melora Hardin,Artem Chigvintsev,0.0,0.0,0.0,0.0,0.0,0.0,0.0,0.0,0.0,0.0,1.0,0.5748655834644064,-1.0063201558824537,1.3774611833595096,1.8317665923430788,-0.11809765415458975,-0.8841844035250521,0.04404235367894996,0.15702473091800087,0.03553803669580512
30,3,Melora Hardin,Artem Chigvintsev,0.0,0.0,0.0,0.0,0.0,0.0,0.0,0.0,0.0,0.0,1.0,0.5748655834644064,-1.0063201558824537,1.3774611833595096,1.498095947342986,0.816638337565046,-0.7605223057291439,-1.1374751063004138,-0.09293225251355586,-0.2779864203760762
30,4,Melora Hardin,Artem Chigvintsev,0.0,0.0,0.0,0.0,0.0,0.0,0.0,0.0,0.0,0.0,1.0,0.5748655834644064,-1.0063201558824537,1.3774611833595096,1.1644253023428932,1.156542334554004,-0.5790318751127495,2.9978360036273592,0.6985981950197071,-1.2185597915917201
30,5,Melora Hardin,Artem Chigvintsev,0.0,0.0,0.0,0.0,0.0,0.0,0.0,0.0,0.0,0.0,1.0,0.5748655834644064,-1.0063201558824537,1.3774611833595096,0.4970840123427075,0.3407727417805042,-0.4742193277665504,-0.3104128843148591,1.7817451232231196,-0.5915108774479575
30,6,Melora Hardin,Artem Chigvintsev,0.0,0.0,0.0,0.0,0.0,0.0,0.0,0.0,0.0,0.0,1.0,0.5748655834644064,-1.0063201558824537,1.3774611833595096,0.16341336734261466,-0.06711205460624618,-0.47597131526979186,-0.6648681223086682,1.5734476370301556,0.976111407911449
30,7,Melora Hardin,Artem Chigvintsev,0.0,0.0,0.0,0.0,0.0,0.0,0.0,0.0,0.0,0.0,1.0,0.5748655834644064,-1.0063201558824537,1.3774611833595096,-0.17025727765747814,0.3796189128649564,-0.07609490149478775,0.7529528296665682,1.7400856259845268,-0.5915108774479575
30,8,Melora Hardin,Artem Chigvintsev,0.0,0.0,0.0,0.0,0.0,0.0,0.0,0.0,0.0,0.0,1.0,0.5748655834644064,-1.0063201558824537,1.3774611833595096,-0.503927922657571,1.156542334554004,0.2773833111240344,0.7529528296665682,2.4066375818020114,-1.2185597915917201
30,9,Melora Hardin,Artem Chigvintsev,0.0,0.0,0.0,0.0,0.0,0.0,0.0,0.0,0.0,0.0,1.0,0.5748655834644064,-1.0063201558824537,1.3774611833595096,-1.1712692126577566,0.3407727417805042,0.6794876995892323,-1.610082090292159,2.2399995928476404,0.03553803669580512
30,1,"Mike ""The Miz"" Mizanin",Witney Carson,0.0,0.0,0.0,0.0,0.0,0.0,1.0,0.0,0.0,0.0,0.0,-0.5551916408269696,0.4607713689483641,0.28926461091423117,1.8317665923430788,-0.24995696333134093,-0.9640865221155077,-0.19226113831692276,-0.259570241467927,1.2896358649833304
30,2,"Mike ""The Miz"" Mizanin",Witney Carson,0.0,0.0,0.0,0.0,0.0,0.0,1.0,0.0,0.0,0.0,0.0,-0.5551916408269696,0.4607713689483641,0.28926461091423117,1.8317665923430788,-0.3730256518963085,-0.92973607860933,0.2803458456748227,-0.09293225251355586,0.976111407911449
30,3,"Mike ""The Miz"" Mizanin",Witney Carson,0.0,0.0,0.0,0.0,0.0,0.0,1.0,0.0,0.0,0.0,0.0,-0.5551916408269696,0.4607713689483641,0.28926461091423117,1.498095947342986,0.47673434057608705,-0.8193726242105084,-1.1374751063004138,-0.259570241467927,0.03553803669580512
30,4,"Mike ""The Miz"" Mizanin",Witney Carson,0.0,0.0,0.0,0.0,0.0,0.0,1.0,0.0,0.0,0.0,0.0,-0.5551916408269696,0.4607713689483641,0.28926461091423117,1.1644253023428932,0.26254826028167527,-0.7472562866949743,2.288925527639741,0.28200322263377925,0.6625869508395678
30,5,"Mike ""The Miz"" Mizanin",Witney Carson,0.0,0.0,0.0,0.0,0.0,0.0,1.0,0.0,0.0,0.0,0.0,-0.5551916408269696,0.4607713689483641,0.28926461091423117,0.4970840123427075,-0.47499685099299566,-0.6564260281036621,-0.3104128843148591,1.115193167405635,1.2896358649833304
30,6,"Mike ""The Miz"" Mizanin",Witney Carson,0.0,0.0,0.0,0.0,0.0,0.0,1.0,0.0,0.0,0.0,0.0,-0.5551916408269696,0.4607713689483641,0.28926461091423117,0.16341336734261466,-0.06711205460624618,-0.47597131526979186,0.2803458456748227,1.2401716591214134,0.976111407911449
30,7,"Mike ""The Miz"" Mizanin",Witney Carson,0.0,0.0,0.0,0.0,0.0,0.0,1.0,0.0,0.0,0.0,0.0,-0.5551916408269696,0.4607713689483641,0.28926461091423117,-0.17025727765747814,-0.7857662196686154,-0.3978819640167526,-0.6648681223086682,1.2401716591214134,1.2896358649833304
30,1,Olivia Jade,Valentin Chmerkovskiy,0.0,0.0,0.0,1.0,0.0,0.0,0.0,0.0,0.0,0.0,0.0,-0.6948325792977572,1.0852084939335633,-1.1875735945472181,1.8317665923430788,0.0313428962457277,-0.9161701425869634,-0.19226113831692276,-0.09293225251355586,0.6625869508395678
30,2,Olivia Jade,Valentin Chmerkovskiy,0.0,0.0,0.0,1.0,0.0,0.0,0.0,0.0,0.0,0.0,0.0,-0.6948325792977572,1.0852084939335633,-1.1875735945472181,1.8317665923430788,-0.11809765415458975,-0.8841844035250521,0.2803458456748227,0.0737057364408153,0.03553803669580512
30,3,Olivia Jade,Valentin Chmerkovskiy,0.0,0.0,0.0,1.0,0.0,0.0,0.0,0.0,0.0,0.0,0.0,-0.6948325792977572,1.0852084939335633,-1.1875735945472181,1.498095947342986,1.156542334554004,-0.7016719872477777,-0.9011716143045408,-0.009613258036370276,-1.2185597915917201
30,4,Olivia Jade,Valentin Chmerkovskiy,0.0,0.0,0.0,1.0,0.0,0.0,0.0,0.0,0.0,0.0,0.0,-0.6948325792977572,1.0852084939335633,-1.1875735945472181,1.1644253023428932,0.8212945567018802,-0.6421160294560844,2.407077273637677,0.6569386977811144,-0.9050353345198388
30,5,Olivia Jade,Valentin Chmerkovskiy,0.0,0.0,0.0,1.0,0.0,0.0,0.0,0.0,0.0,0.0,0.0,-0.6948325792977572,1.0852084939335633,-1.1875735945472181,0.4970840123427075,0.3407727417805042,-0.4742193277665504,0.04404235367894996,1.6567666315073413,-0.5915108774479575
30,6,Olivia Jade,Valentin Chmerkovskiy,0.0,0.0,0.0,1.0,0.0,0.0,0.0,0.0,0.0,0.0,0.0,-0.6948325792977572,1.0852084939335633,-1.1875735945472181,0.16341336734261466,0.3407727417805042,-0.3796120025915115,-0.19226113831692276,1.7400856259845268,0.03553803669580512
30,7,Olivia Jade,Valentin Chmerkovskiy,0.0,0.0,0.0,1.0,0.0,0.0,0.0,0.0,0.0,0.0,0.0,-0.6948325792977572,1.0852084939335633,-1.1875735945472181,-0.17025727765747814,1.156542334554004,0.13842980685318645,1.2255598136583135,2.2399995928476404,-1.2185597915917201
30,8,Olivia Jade,Valentin Chmerkovskiy,0.0,0.0,0.0,1.0,0.0,0.0,0.0,0.0,0.0,0.0,0.0,-0.6948325792977572,1.0852084939335633,-1.1875735945472181,-0.503927922657571,-0.00884279797956782,-0.06425425200805038,-1.610082090292159,2.2399995928476404,0.3490624937676864
30,1,Suni Lee,Sasha Farber,0.0,0.0,0.0,0.0,0.0,0.0,0.0,0.0,0.0,0.0,0.0,-0.21126118126002927,-0.5598140396295962,-1.4207585743569207,1.8317665923430788,0.8752424749769354,-0.7724210040013323,-0.19226113831692276,0.4069817143495576,-0.9050353345198388
30,2,Suni Lee,Sasha Farber,0.0,0.0,0.0,0.0,0.0,0.0,0.0,0.0,0.0,0.0,0.0,-0.21126118126002927,-0.5598140396295962,-1.4207585743569207,1.8317665923430788,0.136830343587129,-0.8386327284407742,-0.19226113831692276,0.4069817143495576,-0.2779864203760762
30,3,Suni Lee,Sasha Farber,0.0,0.0,0.0,0.0,0.0,0.0,0.0,0.0,0.0,0.0,0.0,-0.21126118126002927,-0.5598140396295962,-1.4207585743569207,1.498095947342986,0.136830343587129,-0.8782229426918745,-1.846385582288032,-0.17625124699074143,0.6625869508395678
30,4,Suni Lee,Sasha Farber,0.0,0.0,0.0,0.0,0.0,0.0,0.0,0.0,0.0,0.0,0.0,-0.21126118126002927,-0.5598140396295962,-1.4207585743569207,1.1644253023428932,0.5977960381337981,-0.6841721323516392,2.879684257629423,0.32366271987237205,-0.2779864203760762
30,5,Suni Lee,Sasha Farber,0.0,0.0,0.0,0.0,0.0,0.0,0.0,0.0,0.0,0.0,0.0,-0.21126118126002927,-0.5598140396295962,-1.4207585743569207,0.4970840123427075,0.3407727417805042,-0.4742193277665504,0.2803458456748227,1.5734476370301556,-0.5915108774479575
30,6,Suni Lee,Sasha Farber,0.0,0.0,0.0,0.0,0.0,0.0,0.0,0.0,0.0,0.0,0.0,-0.21126118126002927,-0.5598140396295962,-1.4207585743569207,0.16341336734261466,0.3407727417805042,-0.3796120025915115,-0.19226113831692276,1.7400856259845268,0.03553803669580512
30,7,Suni Lee,Sasha Farber,0.0,0.0,0.0,0.0,0.0,0.0,0.0,0.0,0.0,0.0,0.0,-0.21126118126002927,-0.5598140396295962,-1.4207585743569207,-0.17025727765747814,-0.3973045088240912,-0.29061960984276364,-0.6648681223086682,1.5734476370301556,0.3490624937676864
30,8,Suni Lee,Sasha Farber,0.0,0.0,0.0,0.0,0.0,0.0,0.0,0.0,0.0,0.0,0.0,-0.21126118126002927,-0.5598140396295962,-1.4207585743569207,-0.503927922657571,1.156542334554004,0.2773833111240344,1.698166797650059,2.073361603893269,-1.2185597915917201
30,9,Suni Lee,Sasha Farber,0.0,0.0,0.0,0.0,0.0,0.0,0.0,0.0,0.0,0.0,0.0,-0.21126118126002927,-0.5598140396295962,-1.4207585743569207,-1.1712692126577566,0.6466863390705665,0.7958863383554732,-1.25562685229835,2.3649780845634187,-0.5915108774479575
31,1,Charli D'Amelio,Mark Ballas,0.0,0.0,0.0,0.0,0.0,0.0,0.0,0.0,0.0,0.0,0.0,-0.7376853540665704,1.098637249309589,-1.4207585743569207,2.1654372373431716,1.156542334554004,-0.6449784867212257,-0.19226113831692276,1.0735336701670422,-1.2185597915917201
31,2,Charli D'Amelio,Mark Ballas,0.0,0.0,0.0,0.0,0.0,0.0,0.0,0.0,0.0,0.0,0.0,-0.7376853540665704,1.098637249309589,-1.4207585743569207,1.8317665923430788,1.156542334554004,-0.7519518709988477,-0.19226113831692276,1.0735336701670422,-1.2185597915917201
31,3,Charli D'Amelio,Mark Ballas,0.0,0.0,0.0,0.0,0.0,0.0,0.0,0.0,0.0,0.0,0.0,-0.7376853540665704,1.098637249309589,-1.4207585743569207,1.498095947342986,1.156542334554004,-0.6780150354016706,0.04404235367894996,1.1568526646442279,-1.2185597915917201
31,4,Charli D'Amelio,Mark Ballas,0.0,0.0,0.0,0.0,0.0,0.0,0.0,0.0,0.0,0.0,0.0,-0.7376853540665704,1.098637249309589,-1.4207585743569207,1.1644253023428932,1.156542334554004,-0.5742108096588692,0.5166493376706954,1.49012864255297,-1.2185597915917201
31,5,Charli D'Amelio,Mark Ballas,0.0,0.0,0.0,0.0,0.0,0.0,0.0,0.0,0.0,0.0,0.0,-0.7376853540665704,1.098637249309589,-1.4207585743569207,0.8307546573428003,1.156542334554004,-0.4717817799359547,1.2255598136583135,2.2399995928476404,-1.2185597915917201
31,6,Charli D'Amelio,Mark Ballas,0.0,0.0,0.0,0.0,0.0,0.0,0.0,0.0,0.0,0.0,0.0,-0.7376853540665704,1.098637249309589,-1.4207585743569207,0.16341336734261466,1.156542334554004,-0.08075848211104882,-0.6648681223086682,2.5732755707563824,-1.2185597915917201
31,7,Charli D'Amelio,Mark Ballas,0.0,0.0,0.0,0.0,0.0,0.0,0.0,0.0,0.0,0.0,0.0,-0.7376853540665704,1.098637249309589,-1.4207585743569207,-0.17025727765747814,1.156542334554004,-0.012824941429026711,-0.42856463031279546,2.3233185873248257,-1.2185597915917201
31,8,Charli D'Amelio,Mark Ballas,0.0,0.0,0.0,0.0,0.0,0.0,0.0,0.0,0.0,0.0,0.0,-0.7376853540665704,1.098637249309589,-1.4207585743569207,-0.503927922657571,1.156542334554004,0.399241295425925,1.2255598136583135,2.739913559710754,-1.2185597915917201
31,9,Charli D'Amelio,Mark Ballas,0.0,0.0,0.0,0.0,0.0,0.0,0.0,0.0,0.0,0.0,0.0,-0.7376853540665704,1.098637249309589,-1.4207585743569207,-1.1712692126577566,1.156542334554004,1.074537625098899,-1.3737785982962865,2.8232325541879395,-1.2185597915917201
31,10,Charli D'Amelio,Mark Ballas,0.0,0.0,0.0,0.0,0.0,0.0,0.0,0.0,0.0,0.0,0.0,-0.7376853540665704,1.098637249309589,-1.4207585743569207,-1.8386105026579422,1.156542334554004,2.382688294185855,-0.19226113831692276,2.4066375818020114,-1.2185597915917201
31,1,Cheryl Ladd,Louis van Amstel,0.0,0.0,0.0,0.0,0.0,0.0,0.0,0.0,0.0,0.0,0.0,0.3292009694880202,-0.9657286907685575,2.6988427356144906,2.1654372373431716,-1.6476656406049022,-1.1499820049984952,-0.19226113831692276,-0.7594842083310405,1.6031603220552115
31,2,Cheryl Ladd,Louis van Amstel,0.0,0.0,0.0,0.0,0.0,0.0,0.0,0.0,0.0,0.0,0.0,0.3292009694880202,-0.9657286907685575,2.6988427356144906,1.8317665923430788,-1.6476656406049022,-1.2201832884306854,-0.19226113831692276,-0.7594842083310405,3.170782607414618
31,3,Cheryl Ladd,Louis van Amstel,0.0,0.0,0.0,0.0,0.0,0.0,0.0,0.0,0.0,0.0,0.0,0.3292009694880202,-0.9657286907685575,2.6988427356144906,1.498095947342986,-1.0682838275555413,-1.0696690159650024,0.5166493376706954,-0.5095272248994838,2.543733693270856
31,1,Daniel Durant,Britt Stewart,0.0,0.0,0.0,0.0,0.0,0.0,0.0,0.0,0.0,0.0,0.0,2.0979861901179997,-1.4528262721353111,-0.33256200191164226,2.1654372373431716,-0.11809765415458975,-0.8745255404836211,-0.19226113831692276,0.24034372539518645,0.3490624937676864
31,2,Daniel Durant,Britt Stewart,0.0,0.0,0.0,0.0,0.0,0.0,0.0,0.0,0.0,0.0,0.0,2.0979861901179997,-1.4528262721353111,-0.33256200191164226,1.8317665923430788,0.39175834132884774,-0.879651348480257,0.2803458456748227,0.4069817143495576,0.03553803669580512
31,3,Daniel Durant,Britt Stewart,0.0,0.0,0.0,0.0,0.0,0.0,0.0,0.0,0.0,0.0,0.0,2.0979861901179997,-1.4528262721353111,-0.33256200191164226,1.498095947342986,0.6621365207518832,-0.7650492533046328,0.2803458456748227,0.7402576922583,0.03553803669580512
31,4,Daniel Durant,Britt Stewart,0.0,0.0,0.0,0.0,0.0,0.0,0.0,0.0,0.0,0.0,0.0,2.0979861901179997,-1.4528262721353111,-0.33256200191164226,1.1644253023428932,-0.4296763180611347,-0.873629747103086,-0.6648681223086682,0.7402576922583,1.2896358649833304
31,5,Daniel Durant,Britt Stewart,0.0,0.0,0.0,0.0,0.0,0.0,0.0,0.0,0.0,0.0,0.0,2.0979861901179997,-1.4528262721353111,-0.33256200191164226,0.8307546573428003,-0.49441993653522176,-0.8041515830871242,0.8711045756645045,0.9485551784512638,1.916684779127093
31,6,Daniel Durant,Britt Stewart,0.0,0.0,0.0,0.0,0.0,0.0,0.0,0.0,0.0,0.0,0.0,2.0979861901179997,-1.4528262721353111,-0.33256200191164226,0.16341336734261466,-0.06711205460624618,-0.3857566544144754,-0.0741093923189864,1.3651501508371917,0.03553803669580512
31,7,Daniel Durant,Britt Stewart,0.0,0.0,0.0,0.0,0.0,0.0,0.0,0.0,0.0,0.0,0.0,2.0979861901179997,-1.4528262721353111,-0.33256200191164226,-0.17025727765747814,0.633613108417146,-0.14752075485027888,0.39849759167275906,1.6151071342687484,-0.2779864203760762
31,8,Daniel Durant,Britt Stewart,0.0,0.0,0.0,0.0,0.0,0.0,0.0,0.0,0.0,0.0,0.0,2.0979861901179997,-1.4528262721353111,-0.33256200191164226,-0.503927922657571,0.06884954418933757,0.06413183859572712,0.39849759167275906,2.0317021066546763,0.03553803669580512
31,9,Daniel Durant,Britt Stewart,0.0,0.0,0.0,0.0,0.0,0.0,0.0,0.0,0.0,0.0,0.0,2.0979861901179997,-1.4528262721353111,-0.33256200191164226,-1.1712692126577566,0.03485914449044186,0.636102752412724,-1.25562685229835,1.8650641177003051,0.03553803669580512
31,1,Gabby Windey,Valentin Chmerkovskiy,0.0,0.0,0.0,0.0,0.0,0.0,0.0,0.0,0.0,0.0,0.0,-0.6948325792977572,1.0852084939335633,-0.4102903285148764,2.1654372373431716,0.136830343587129,-0.8286161297311424,-0.19226113831692276,0.4069817143495576,-0.5915108774479575
31,2,Gabby Windey,Valentin Chmerkovskiy,0.0,0.0,0.0,0.0,0.0,0.0,0.0,0.0,0.0,0.0,0.0,-0.6948325792977572,1.0852084939335633,-0.4102903285148764,1.8317665923430788,1.156542334554004,-0.7519518709988477,0.7529528296665682,0.7402576922583,-1.2185597915917201
31,3,Gabby Windey,Valentin Chmerkovskiy,0.0,0.0,0.0,0.0,0.0,0.0,0.0,0.0,0.0,0.0,0.0,-0.6948325792977572,1.0852084939335633,-0.4102903285148764,1.498095947342986,1.156542334554004,-0.6780150354016706,0.04404235367894996,1.1568526646442279,-1.2185597915917201
31,4,Gabby Windey,Valentin Chmerkovskiy,0.0,0.0,0.0,0.0,0.0,0.0,0.0,0.0,0.0,0.0,0.0,-0.6948325792977572,1.0852084939335633,-0.4102903285148764,1.1644253023428932,1.156542334554004,-0.5742108096588692,0.5166493376706954,1.49012864255297,-1.2185597915917201
31,5,Gabby Windey,Valentin Chmerkovskiy,0.0,0.0,0.0,0.0,0.0,0.0,0.0,0.0,0.0,0.0,0.0,-0.6948325792977572,1.0852084939335633,-0.4102903285148764,0.8307546573428003,0.9623114791317419,-0.5108841097184444,0.9892563216624407,2.1566805983704547,-0.9050353345198388
31,6,Gabby Windey,Valentin Chmerkovskiy,0.0,0.0,0.0,0.0,0.0,0.0,0.0,0.0,0.0,0.0,0.0,-0.6948325792977572,1.0852084939335633,-0.4102903285148764,0.16341336734261466,0.5447151399738793,-0.23325756826276126,-1.1374751063004138,2.2399995928476404,-0.9050353345198388
31,7,Gabby Windey,Valentin Chmerkovskiy,0.0,0.0,0.0,0.0,0.0,0.0,0.0,0.0,0.0,0.0,0.0,-0.6948325792977572,1.0852084939335633,-0.4102903285148764,-0.17025727765747814,0.4244414179624013,-0.20139908021877925,-0.5467163763107318,1.7817451232231196,0.3490624937676864
31,8,Gabby Windey,Valentin Chmerkovskiy,0.0,0.0,0.0,0.0,0.0,0.0,0.0,0.0,0.0,0.0,0.0,-0.6948325792977572,1.0852084939335633,-0.4102903285148764,-0.503927922657571,0.25013167591678137,0.11998341473409385,0.8711045756645045,2.0317021066546763,-0.2779864203760762
31,9,Gabby Windey,Valentin Chmerkovskiy,0.0,0.0,0.0,0.0,0.0,0.0,0.0,0.0,0.0,0.0,0.0,-0.6948325792977572,1.0852084939335633,-0.4102903285148764,-1.1712692126577566,1.156542334554004,1.074537625098899,-0.19226113831692276,2.4066375818020114,-1.2185597915917201
31,10,Gabby Windey,Valentin Chmerkovskiy,0.0,0.0,0.0,0.0,0.0,0.0,0.0,0.0,0.0,0.0,0.0,-0.6948325792977572,1.0852084939335633,-0.4102903285148764,-1.8386105026579422,1.156542334554004,2.382688294185855,-0.19226113831692276,2.4066375818020114,-1.2185597915917201
31,1,Heidi D'Amelio,Artem Chigvintsev,0.0,0.0,0.0,0.0,0.0,0.0,0.0,0.0,0.0,0.0,1.0,0.5748655834644064,-1.0063201558824537,1.066547876946573,2.1654372373431716,-0.8828816473797461,-1.0122537727410592,-0.19226113831692276,-0.259570241467927,0.976111407911449
31,2,Heidi D'Amelio,Artem Chigvintsev,0.0,0.0,0.0,0.0,0.0,0.0,0.0,0.0,0.0,0.0,1.0,0.5748655834644064,-1.0063201558824537,1.066547876946573,1.8317665923430788,0.136830343587129,-0.9222178409740618,0.7529528296665682,0.0737057364408153,0.3490624937676864
31,3,Heidi D'Amelio,Artem Chigvintsev,0.0,0.0,0.0,0.0,0.0,0.0,0.0,0.0,0.0,0.0,1.0,0.5748655834644064,-1.0063201558824537,1.066547876946573,1.498095947342986,0.9093394276529427,-0.7215321443531509,0.7529528296665682,0.7402576922583,-0.2779864203760762
31,4,Heidi D'Amelio,Artem Chigvintsev,0.0,0.0,0.0,0.0,0.0,0.0,0.0,0.0,0.0,0.0,1.0,0.5748655834644064,-1.0063201558824537,1.066547876946573,1.1644253023428932,0.7033370052353927,-0.6597590775000739,0.2803458456748227,1.2401716591214134,-0.2779864203760762
31,5,Heidi D'Amelio,Artem Chigvintsev,0.0,0.0,0.0,0.0,0.0,0.0,0.0,0.0,0.0,0.0,1.0,0.5748655834644064,-1.0063201558824537,1.066547876946573,0.8307546573428003,0.5738497682872186,-0.5890887692834255,0.9892563216624407,1.8234046204617125,0.03553803669580512
31,6,Heidi D'Amelio,Artem Chigvintsev,0.0,0.0,0.0,0.0,0.0,0.0,0.0,0.0,0.0,0.0,1.0,0.5748655834644064,-1.0063201558824537,1.066547876946573,0.16341336734261466,0.3407727417805042,-0.2840905969799992,-0.9011716143045408,1.9900426094160835,-0.5915108774479575
31,7,Heidi D'Amelio,Artem Chigvintsev,0.0,0.0,0.0,0.0,0.0,0.0,0.0,0.0,0.0,0.0,1.0,0.5748655834644064,-1.0063201558824537,1.066547876946573,-0.17025727765747814,0.3198555727350299,-0.2283382429030287,-0.42856463031279546,1.6567666315073413,0.6625869508395678
31,8,Heidi D'Amelio,Artem Chigvintsev,0.0,0.0,0.0,0.0,0.0,0.0,0.0,0.0,0.0,0.0,1.0,0.5748655834644064,-1.0063201558824537,1.066547876946573,-0.503927922657571,-0.6562789827204404,-0.1592744659577376,-0.19226113831692276,1.5734476370301556,0.6625869508395678
31,1,Jason Lewis,Peta Murgatroyd,0.0,0.0,0.0,1.0,0.0,0.0,0.0,0.0,0.0,0.0,1.0,0.5650389989053509,-0.7384164861307391,1.144276203549807,2.1654372373431716,-2.4124496338300587,-1.2877102372559333,-0.19226113831692276,-1.2593981751941539,3.170782607414618
31,1,Jessie James Decker,Alan Bersten,0.0,0.0,0.0,0.0,0.0,0.0,0.0,0.0,1.0,0.0,0.0,-0.19488354032827027,-0.2621432954610242,-0.1771053487051739,2.1654372373431716,-1.902593638346621,-1.1958914157509755,-0.19226113831692276,-0.9261221972854116,2.230209236198974
31,2,Jessie James Decker,Alan Bersten,0.0,0.0,0.0,0.0,0.0,0.0,0.0,0.0,1.0,0.0,0.0,-0.19488354032827027,-0.2621432954610242,-0.1771053487051739,1.8317665923430788,-0.6279536496380272,-1.049917318455471,0.9892563216624407,-0.5095272248994838,2.230209236198974
31,3,Jessie James Decker,Alan Bersten,0.0,0.0,0.0,0.0,0.0,0.0,0.0,0.0,1.0,0.0,0.0,-0.19488354032827027,-0.2621432954610242,-0.1771053487051739,1.498095947342986,-0.5738780137534205,-0.9826347980620406,0.04404235367894996,-0.009613258036370276,1.916684779127093
31,4,Jessie James Decker,Alan Bersten,0.0,0.0,0.0,0.0,0.0,0.0,0.0,0.0,1.0,0.0,0.0,-0.19488354032827027,-0.2621432954610242,-0.1771053487051739,1.1644253023428932,0.023529011257476622,-0.7880814792618811,0.9892563216624407,0.4903007088267432,0.976111407911449
31,5,Jessie James Decker,Alan Bersten,0.0,0.0,0.0,0.0,0.0,0.0,0.0,0.0,1.0,0.0,0.0,-0.19488354032827027,-0.2621432954610242,-0.1771053487051739,0.8307546573428003,-0.00884279797956782,-0.7063957586308965,0.9892563216624407,1.3234906535985989,0.6625869508395678
31,6,Jessie James Decker,Alan Bersten,0.0,0.0,0.0,0.0,0.0,0.0,0.0,0.0,1.0,0.0,0.0,-0.19488354032827027,-0.2621432954610242,-0.1771053487051739,0.16341336734261466,-0.47499685099299566,-0.4874227118489496,-1.1374751063004138,1.4068096480757846,1.2896358649833304
31,1,Jordin Sparks,Brandon Armstrong,0.0,0.0,0.0,0.0,0.0,0.0,0.0,0.0,0.0,0.0,0.0,1.582090500767589,-0.7830670977560247,-0.33256200191164226,2.1654372373431716,-0.3730256518963085,-0.9204349512361016,-0.19226113831692276,0.0737057364408153,0.6625869508395678
31,2,Jordin Sparks,Brandon Armstrong,0.0,0.0,0.0,0.0,0.0,0.0,0.0,0.0,0.0,0.0,0.0,1.582090500767589,-0.7830670977560247,-0.33256200191164226,1.8317665923430788,-0.11809765415458975,-0.964784333467865,0.04404235367894996,0.15702473091800087,1.2896358649833304
31,3,Jordin Sparks,Brandon Armstrong,0.0,0.0,0.0,0.0,0.0,0.0,0.0,0.0,0.0,0.0,0.0,1.582090500767589,-0.7830670977560247,-0.33256200191164226,1.498095947342986,0.16773070694976155,-0.8520834712075966,0.2803458456748227,0.4069817143495576,0.6625869508395678
31,4,Jordin Sparks,Brandon Armstrong,0.0,0.0,0.0,0.0,0.0,0.0,0.0,0.0,0.0,0.0,0.0,1.582090500767589,-0.7830670977560247,-0.33256200191164226,1.1644253023428932,0.7033370052353927,-0.6597590775000739,0.9892563216624407,0.9902146756898567,-0.2779864203760762
31,5,Jordin Sparks,Brandon Armstrong,0.0,0.0,0.0,0.0,0.0,0.0,0.0,0.0,0.0,0.0,0.0,1.582090500767589,-0.7830670977560247,-0.33256200191164226,0.8307546573428003,-0.10595822569069843,-0.7259469235221431,0.1621940996768863,1.531788139791563,1.2896358649833304
31,6,Jordin Sparks,Brandon Armstrong,0.0,0.0,0.0,0.0,0.0,0.0,0.0,0.0,0.0,0.0,0.0,1.582090500767589,-0.7830670977560247,-0.33256200191164226,0.16341336734261466,-0.06711205460624618,-0.3857566544144754,-0.5467163763107318,1.531788139791563,0.03553803669580512
31,7,Jordin Sparks,Brandon Armstrong,0.0,0.0,0.0,0.0,0.0,0.0,0.0,0.0,0.0,0.0,0.0,1.582090500767589,-0.7830670977560247,-0.33256200191164226,-0.17025727765747814,0.21526972750765758,-0.2552774055872796,-0.0741093923189864,1.4484691453143772,0.976111407911449
31,1,Joseph Baena,Daniella Karagach,0.0,0.0,0.0,1.0,0.0,0.0,0.0,0.0,0.0,0.0,0.0,-1.0858272070159636,1.7620177648852635,-0.9543886147375157,2.1654372373431716,-1.1378096451214648,-1.0581631834935377,-0.19226113831692276,-0.42620823042229816,1.2896358649833304
31,2,Joseph Baena,Daniella Karagach,0.0,0.0,0.0,1.0,0.0,0.0,0.0,0.0,0.0,0.0,0.0,-1.0858272070159636,1.7620177648852635,-0.9543886147375157,1.8317665923430788,-0.8828816473797461,-1.0924838109492743,0.04404235367894996,-0.34288923594511256,2.543733693270856
31,3,Joseph Baena,Daniella Karagach,0.0,0.0,0.0,1.0,0.0,0.0,0.0,0.0,0.0,0.0,0.0,-1.0858272070159636,1.7620177648852635,-0.9543886147375157,1.498095947342986,0.16773070694976155,-0.8520834712075966,0.9892563216624407,0.15702473091800087,0.6625869508395678
31,4,Joseph Baena,Daniella Karagach,0.0,0.0,0.0,1.0,0.0,0.0,0.0,0.0,0.0,0.0,0.0,-1.0858272070159636,1.7620177648852635,-0.9543886147375157,1.1644253023428932,-0.6562789827204404,-0.9164038810236883,-0.42856463031279546,0.4903007088267432,1.916684779127093
31,5,Joseph Baena,Daniella Karagach,0.0,0.0,0.0,1.0,0.0,0.0,0.0,0.0,0.0,0.0,0.0,-1.0858272070159636,1.7620177648852635,-0.9543886147375157,0.8307546573428003,-0.20307365340182904,-0.7454980884133879,1.461863305654186,0.9902146756898567,1.6031603220552115
31,1,Sam Champion,Cheryl Burke,0.0,0.0,0.0,0.0,0.0,0.0,0.0,0.0,0.0,0.0,0.0,-0.3783131187639717,0.2617572142756622,1.921559469582149,2.1654372373431716,-1.902593638346621,-1.1958914157509755,-0.19226113831692276,-0.9261221972854116,2.230209236198974
31,2,Sam Champion,Cheryl Burke,0.0,0.0,0.0,0.0,0.0,0.0,0.0,0.0,0.0,0.0,0.0,-0.3783131187639717,0.2617572142756622,1.921559469582149,1.8317665923430788,-0.3730256518963085,-1.0073508259616681,1.2255598136583135,-0.42620823042229816,1.916684779127093
31,3,Sam Champion,Cheryl Burke,0.0,0.0,0.0,0.0,0.0,0.0,0.0,0.0,0.0,0.0,0.0,-0.3783131187639717,0.2617572142756622,1.921559469582149,1.498095947342986,-0.8210809206544809,-1.0261519070135223,-0.42856463031279546,-0.009613258036370276,2.230209236198974
31,4,Sam Champion,Cheryl Burke,0.0,0.0,0.0,0.0,0.0,0.0,0.0,0.0,0.0,0.0,0.0,-0.3783131187639717,0.2617572142756622,1.921559469582149,1.1644253023428932,-1.3360869766983574,-1.0447262827854955,-0.19226113831692276,-0.09293225251355586,2.543733693270856
31,1,Selma Blair,Sasha Farber,0.0,0.0,0.0,0.0,0.0,0.0,0.0,0.0,0.0,0.0,1.0,-0.21126118126002927,-0.5598140396295962,1.066547876946573,2.1654372373431716,0.136830343587129,-0.8286161297311424,-0.19226113831692276,0.4069817143495576,-0.5915108774479575
31,2,Selma Blair,Sasha Farber,0.0,0.0,0.0,0.0,0.0,0.0,0.0,0.0,0.0,0.0,1.0,-0.21126118126002927,-0.5598140396295962,1.066547876946573,1.8317665923430788,0.136830343587129,-0.9222178409740618,-0.19226113831692276,0.4069817143495576,0.3490624937676864
31,3,Selma Blair,Sasha Farber,0.0,0.0,0.0,0.0,0.0,0.0,0.0,0.0,0.0,0.0,1.0,-0.21126118126002927,-0.5598140396295962,1.066547876946573,1.498095947342986,-0.07947219995129884,-0.8956005801590767,-0.19226113831692276,0.4069817143495576,1.2896358649833304
31,4,Selma Blair,Sasha Farber,0.0,0.0,0.0,0.0,0.0,0.0,0.0,0.0,0.0,0.0,1.0,-0.21126118126002927,-0.5598140396295962,1.066547876946573,1.1644253023428932,0.25013167591678137,-0.7453073453412788,0.7529528296665682,0.7402576922583,0.3490624937676864
31,5,Selma Blair,Sasha Farber,0.0,0.0,0.0,0.0,0.0,0.0,0.0,0.0,0.0,0.0,1.0,-0.21126118126002927,-0.5598140396295962,1.066547876946573,0.8307546573428003,0.7680806237094807,-0.5499864395009358,1.698166797650059,1.7400856259845268,-0.2779864203760762
31,1,Shangela,Gleb Savchenko,0.0,0.0,0.0,0.0,0.0,0.0,0.0,0.0,0.0,0.0,0.0,1.1909168462051898,-1.4528262721353111,0.28926461091423117,2.1654372373431716,0.136830343587129,-0.8286161297311424,-0.19226113831692276,0.4069817143495576,-0.5915108774479575
31,2,Shangela,Gleb Savchenko,0.0,0.0,0.0,0.0,0.0,0.0,0.0,0.0,0.0,0.0,0.0,1.1909168462051898,-1.4528262721353111,0.28926461091423117,1.8317665923430788,0.136830343587129,-0.9222178409740618,-0.19226113831692276,0.4069817143495576,0.3490624937676864
31,3,Shangela,Gleb Savchenko,0.0,0.0,0.0,0.0,0.0,0.0,0.0,0.0,0.0,0.0,0.0,1.1909168462051898,-1.4528262721353111,0.28926461091423117,1.498095947342986,0.41493361385082284,-0.8085663622561146,0.2803458456748227,0.5736197033039288,0.3490624937676864
31,4,Shangela,Gleb Savchenko,0.0,0.0,0.0,0.0,0.0,0.0,0.0,0.0,0.0,0.0,0.0,1.1909168462051898,-1.4528262721353111,0.28926461091423117,1.1644253023428932,0.25013167591678137,-0.7453073453412788,0.2803458456748227,0.9068956812126711,0.3490624937676864
31,5,Shangela,Gleb Savchenko,0.0,0.0,0.0,0.0,0.0,0.0,0.0,0.0,0.0,0.0,0.0,1.1909168462051898,-1.4528262721353111,0.28926461091423117,0.8307546573428003,0.47673434057608705,-0.6086399341746703,1.3437115596562499,1.6151071342687484,0.3490624937676864
31,6,Shangela,Gleb Savchenko,0.0,0.0,0.0,0.0,0.0,0.0,0.0,0.0,0.0,0.0,0.0,1.1909168462051898,-1.4528262721353111,0.28926461091423117,0.16341336734261466,0.3407727417805042,-0.2840905969799992,-0.7830198683066045,1.9483831121774908,-0.5915108774479575
31,7,Shangela,Gleb Savchenko,0.0,0.0,0.0,0.0,0.0,0.0,0.0,0.0,0.0,0.0,0.0,1.1909168462051898,-1.4528262721353111,0.28926461091423117,-0.17025727765747814,0.633613108417146,-0.14752075485027888,-0.0741093923189864,1.7817451232231196,-0.2779864203760762
31,8,Shangela,Gleb Savchenko,0.0,0.0,0.0,0.0,0.0,0.0,0.0,0.0,0.0,0.0,0.0,1.1909168462051898,-1.4528262721353111,0.28926461091423117,-0.503927922657571,0.6126959393716699,0.2316865670108268,1.107408067660377,2.281659090086233,-0.5915108774479575
31,9,Shangela,Gleb Savchenko,0.0,0.0,0.0,0.0,0.0,0.0,0.0,0.0,0.0,0.0,0.0,1.1909168462051898,-1.4528262721353111,0.28926461091423117,-1.1712692126577566,0.4427439408771913,0.7955336152076967,-1.4919303442942229,2.281659090086233,-0.5915108774479575
31,10,Shangela,Gleb Savchenko,0.0,0.0,0.0,0.0,0.0,0.0,0.0,0.0,0.0,0.0,0.0,1.1909168462051898,-1.4528262721353111,0.28926461091423117,-1.8386105026579422,0.7486575381672537,2.1578498979365333,0.1621940996768863,1.9483831121774908,-0.5915108774479575
31,1,Teresa Giudice,Pasha Pashkov,0.0,0.0,0.0,0.0,0.0,0.0,0.0,0.0,0.0,0.0,1.0,2.3506697930651397,-0.6873872157018412,1.066547876946573,2.1654372373431716,-1.902593638346621,-1.1958914157509755,-0.19226113831692276,-0.9261221972854116,2.230209236198974
31,2,Teresa Giudice,Pasha Pashkov,0.0,0.0,0.0,0.0,0.0,0.0,0.0,0.0,0.0,0.0,1.0,2.3506697930651397,-0.6873872157018412,1.066547876946573,1.8317665923430788,-1.1378096451214648,-1.1350503034430774,0.5166493376706954,-0.6761652138538549,2.8572581503427372
31,1,Trevor Donovan,Emma Slater,0.0,0.0,0.0,1.0,0.0,0.0,0.0,0.0,0.0,0.0,0.0,0.8819463509348887,-1.1179466849456678,0.211536284310997,2.1654372373431716,-1.6476656406049022,-1.1499820049984952,-0.19226113831692276,-0.7594842083310405,1.6031603220552115
31,2,Trevor Donovan,Emma Slater,0.0,0.0,0.0,1.0,0.0,0.0,0.0,0.0,0.0,0.0,0.0,0.8819463509348887,-1.1179466849456678,0.211536284310997,1.8317665923430788,0.6466863390705665,-0.8370848559864538,1.9344702896459318,-0.009613258036370276,-0.2779864203760762
31,3,Trevor Donovan,Emma Slater,0.0,0.0,0.0,1.0,0.0,0.0,0.0,0.0,0.0,0.0,0.0,0.8819463509348887,-1.1179466849456678,0.211536284310997,1.498095947342986,-0.32667510685235923,-0.9391176891105585,-0.9011716143045408,0.4903007088267432,1.6031603220552115
31,4,Trevor Donovan,Emma Slater,0.0,0.0,0.0,1.0,0.0,0.0,0.0,0.0,0.0,0.0,0.0,0.8819463509348887,-1.1179466849456678,0.211536284310997,1.1644253023428932,-0.6562789827204404,-0.9164038810236883,0.04404235367894996,0.32366271987237205,1.916684779127093
31,5,Trevor Donovan,Emma Slater,0.0,0.0,0.0,1.0,0.0,0.0,0.0,0.0,0.0,0.0,0.0,0.8819463509348887,-1.1179466849456678,0.211536284310997,0.8307546573428003,-0.00884279797956782,-0.7063957586308965,1.698166797650059,1.0735336701670422,0.6625869508395678
31,6,Trevor Donovan,Emma Slater,0.0,0.0,0.0,1.0,0.0,0.0,0.0,0.0,0.0,0.0,0.0,0.8819463509348887,-1.1179466849456678,0.211536284310997,0.16341336734261466,-0.06711205460624618,-0.3857566544144754,-0.6648681223086682,1.5734476370301556,0.03553803669580512
31,7,Trevor Donovan,Emma Slater,0.0,0.0,0.0,1.0,0.0,0.0,0.0,0.0,0.0,0.0,0.0,0.8819463509348887,-1.1179466849456678,0.211536284310997,-0.17025727765747814,1.156542334554004,-0.012824941429026711,0.9892563216624407,1.8234046204617125,-1.2185597915917201
31,8,Trevor Donovan,Emma Slater,0.0,0.0,0.0,1.0,0.0,0.0,0.0,0.0,0.0,0.0,0.0,0.8819463509348887,-1.1179466849456678,0.211536284310997,-0.503927922657571,0.06884954418933757,0.06413183859572712,-0.19226113831692276,2.2399995928476404,0.03553803669580512
31,9,Trevor Donovan,Emma Slater,0.0,0.0,0.0,1.0,0.0,0.0,0.0,0.0,0.0,0.0,0.0,0.8819463509348887,-1.1179466849456678,0.211536284310997,-1.1712692126577566,-0.3730256518963085,0.47667188961775114,-1.7282338362900955,1.6984261287459341,0.3490624937676864
31,1,Vinny Guadagnino,Koko Iwasaki,0.0,0.0,0.0,0.0,0.0,0.0,0.0,0.0,0.0,0.0,0.0,2.392783726889663,-1.4528262721353111,-0.1771053487051739,2.1654372373431716,-2.667377631571777,-1.333619648008412,-0.19226113831692276,-1.426036164148525,3.4843070644864995
31,2,Vinny Guadagnino,Koko Iwasaki,0.0,0.0,0.0,0.0,0.0,0.0,0.0,0.0,0.0,0.0,0.0,2.392783726889663,-1.4528262721353111,-0.1771053487051739,1.8317665923430788,-0.11809765415458975,-0.964784333467865,2.1707737816418047,-0.5928462193766693,1.2896358649833304
31,3,Vinny Guadagnino,Koko Iwasaki,0.0,0.0,0.0,0.0,0.0,0.0,0.0,0.0,0.0,0.0,0.0,2.392783726889663,-1.4528262721353111,-0.1771053487051739,1.498095947342986,-1.3154867344566017,-1.1131861249164845,-1.1374751063004138,-0.09293225251355586,2.8572581503427372
31,4,Vinny Guadagnino,Koko Iwasaki,0.0,0.0,0.0,0.0,0.0,0.0,0.0,0.0,0.0,0.0,0.0,2.392783726889663,-1.4528262721353111,-0.1771053487051739,1.1644253023428932,-0.4296763180611347,-0.873629747103086,1.2255598136583135,0.0737057364408153,1.2896358649833304
31,5,Vinny Guadagnino,Koko Iwasaki,0.0,0.0,0.0,0.0,0.0,0.0,0.0,0.0,0.0,0.0,0.0,2.392783726889663,-1.4528262721353111,-0.1771053487051739,0.8307546573428003,-0.9799970750908766,-0.9019074075433503,0.2803458456748227,0.7402576922583,2.230209236198974
31,6,Vinny Guadagnino,Koko Iwasaki,0.0,0.0,0.0,0.0,0.0,0.0,0.0,0.0,0.0,0.0,0.0,2.392783726889663,-1.4528262721353111,-0.1771053487051739,0.16341336734261466,-1.2907664437664963,-0.6907548267179017,-0.9011716143045408,0.6569386977811144,1.6031603220552115
31,7,Vinny Guadagnino,Koko Iwasaki,0.0,0.0,0.0,0.0,0.0,0.0,0.0,0.0,0.0,0.0,0.0,2.392783726889663,-1.4528262721353111,-0.1771053487051739,-0.17025727765747814,-0.4122453438565728,-0.4169123816927813,0.6348010836686317,0.6985981950197071,1.2896358649833304
31,8,Vinny Guadagnino,Koko Iwasaki,0.0,0.0,0.0,0.0,0.0,0.0,0.0,0.0,0.0,0.0,0.0,2.392783726889663,-1.4528262721353111,-0.1771053487051739,-0.503927922657571,-1.7439717730851068,-0.4943839227879357,-0.7830198683066045,0.7819171894968927,0.976111407911449
31,1,Wayne Brady,Witney Carson,0.0,0.0,0.0,0.0,0.0,0.0,0.0,0.0,0.0,0.0,1.0,-0.5551916408269696,0.4607713689483641,1.066547876946573,2.1654372373431716,0.39175834132884774,-0.7827067189786635,-0.19226113831692276,0.5736197033039288,-0.9050353345198388
31,2,Wayne Brady,Witney Carson,0.0,0.0,0.0,0.0,0.0,0.0,0.0,0.0,0.0,0.0,1.0,-0.5551916408269696,0.4607713689483641,1.066547876946573,1.8317665923430788,1.156542334554004,-0.7519518709988477,0.5166493376706954,0.8235766867354855,-1.2185597915917201
31,3,Wayne Brady,Witney Carson,0.0,0.0,0.0,0.0,0.0,0.0,0.0,0.0,0.0,0.0,1.0,-0.5551916408269696,0.4607713689483641,1.066547876946573,1.498095947342986,1.156542334554004,-0.6780150354016706,0.04404235367894996,1.1568526646442279,-1.2185597915917201
31,4,Wayne Brady,Witney Carson,0.0,0.0,0.0,0.0,0.0,0.0,0.0,0.0,0.0,0.0,1.0,-0.5551916408269696,0.4607713689483641,1.066547876946573,1.1644253023428932,1.156542334554004,-0.5742108096588692,0.5166493376706954,1.49012864255297,-1.2185597915917201
31,5,Wayne Brady,Witney Carson,0.0,0.0,0.0,0.0,0.0,0.0,0.0,0.0,0.0,0.0,1.0,-0.5551916408269696,0.4607713689483641,1.066547876946573,0.8307546573428003,0.9623114791317419,-0.5108841097184444,0.9892563216624407,2.1566805983704547,-0.9050353345198388
31,6,Wayne Brady,Witney Carson,0.0,0.0,0.0,0.0,0.0,0.0,0.0,0.0,0.0,0.0,1.0,-0.5551916408269696,0.4607713689483641,1.066547876946573,0.16341336734261466,-0.06711205460624618,-0.3857566544144754,-1.846385582288032,1.9900426094160835,0.03553803669580512
31,7,Wayne Brady,Witney Carson,0.0,0.0,0.0,0.0,0.0,0.0,0.0,0.0,0.0,0.0,1.0,-0.5551916408269696,0.4607713689483641,1.066547876946573,-0.17025727765747814,0.9473706440992612,-0.06670326679752733,0.7529528296665682,1.7400856259845268,-0.5915108774479575
31,8,Wayne Brady,Witney Carson,0.0,0.0,0.0,0.0,0.0,0.0,0.0,0.0,0.0,0.0,1.0,-0.5551916408269696,0.4607713689483641,1.066547876946573,-0.503927922657571,1.156542334554004,0.399241295425925,1.461863305654186,2.656594565233568,-1.2185597915917201
31,9,Wayne Brady,Witney Carson,0.0,0.0,0.0,0.0,0.0,0.0,0.0,0.0,0.0,0.0,1.0,-0.5551916408269696,0.4607713689483641,1.066547876946573,-1.1712692126577566,0.4427439408771913,0.7955336152076967,-2.2008408202818406,2.5316160735177897,-0.5915108774479575
31,10,Wayne Brady,Witney Carson,0.0,0.0,0.0,0.0,0.0,0.0,0.0,0.0,0.0,0.0,1.0,-0.5551916408269696,0.4607713689483641,1.066547876946573,-1.8386105026579422,0.7486575381672537,2.1578498979365333,0.1621940996768863,1.9483831121774908,-0.5915108774479575
32,1,Adrian Peterson,Britt Stewart,0.0,0.0,0.0,0.0,0.0,0.0,0.0,0.0,0.0,0.0,0.0,2.0979861901179997,-1.4528262721353111,0.13380795770776283,1.498095947342986,-0.32667510685235923,-0.747529378272218,-0.19226113831692276,-1.2593981751941539,0.03553803669580512
32,2,Adrian Peterson,Britt Stewart,0.0,0.0,0.0,0.0,0.0,0.0,0.0,0.0,0.0,0.0,0.0,2.0979861901179997,-1.4528262721353111,0.13380795770776283,1.1644253023428932,-1.902593638346621,-1.0087816324320473,-0.9011716143045408,-1.5093551586257106,1.6031603220552115
32,3,Adrian Peterson,Britt Stewart,0.0,0.0,0.0,0.0,0.0,0.0,0.0,0.0,0.0,0.0,0.0,2.0979861901179997,-1.4528262721353111,0.13380795770776283,0.8307546573428003,-1.7226444634701135,-0.9195821448444136,1.461863305654186,-1.1760791807169684,1.916684779127093
32,4,Adrian Peterson,Britt Stewart,0.0,0.0,0.0,0.0,0.0,0.0,0.0,0.0,0.0,0.0,0.0,2.0979861901179997,-1.4528262721353111,0.13380795770776283,0.4970840123427075,-0.6562789827204404,-0.579557576398943,-0.42856463031279546,-0.6761652138538549,0.3490624937676864
32,1,Alyson Hannigan,Sasha Farber,0.0,0.0,0.0,0.0,0.0,0.0,0.0,0.0,0.0,0.0,1.0,-0.21126118126002927,-0.5598140396295962,0.9888195503433388,1.498095947342986,-2.180696908610314,-1.1271266706412018,-0.19226113831692276,-2.0925881199660097,1.916684779127093
32,2,Alyson Hannigan,Sasha Farber,0.0,0.0,0.0,0.0,0.0,0.0,0.0,0.0,0.0,0.0,1.0,-0.21126118126002927,-0.5598140396295962,0.9888195503433388,1.1644253023428932,-0.5429776503907879,-0.714035499533779,1.2255598136583135,-1.5926741531028963,0.3490624937676864
32,3,Alyson Hannigan,Sasha Farber,0.0,0.0,0.0,0.0,0.0,0.0,0.0,0.0,0.0,0.0,1.0,-0.21126118126002927,-0.5598140396295962,0.9888195503433388,0.8307546573428003,-1.2427799971327604,-0.8109914643029458,0.9892563216624407,-0.6761652138538549,0.976111407911449
32,4,Alyson Hannigan,Sasha Farber,0.0,0.0,0.0,0.0,0.0,0.0,0.0,0.0,0.0,0.0,1.0,-0.21126118126002927,-0.5598140396295962,0.9888195503433388,0.4970840123427075,-1.562689641357663,-0.7987750127420304,-1.610082090292159,-0.7594842083310405,1.6031603220552115
32,5,Alyson Hannigan,Sasha Farber,0.0,0.0,0.0,0.0,0.0,0.0,0.0,0.0,0.0,0.0,1.0,-0.21126118126002927,-0.5598140396295962,0.9888195503433388,0.16341336734261466,-0.8828816473797461,-0.579557576398943,0.5166493376706954,-1.0094411917625972,1.2896358649833304
32,6,Alyson Hannigan,Sasha Farber,0.0,0.0,0.0,0.0,0.0,0.0,0.0,0.0,0.0,0.0,1.0,-0.21126118126002927,-0.5598140396295962,0.9888195503433388,-0.17025727765747814,-0.9799970750908766,-0.4256968912637331,2.1707737816418047,0.0737057364408153,0.976111407911449
32,7,Alyson Hannigan,Sasha Farber,0.0,0.0,0.0,0.0,0.0,0.0,0.0,0.0,0.0,0.0,1.0,-0.21126118126002927,-0.5598140396295962,0.9888195503433388,-0.503927922657571,0.7155857979196806,0.06254739671946115,0.7529528296665682,1.2401716591214134,0.3490624937676864
32,8,Alyson Hannigan,Sasha Farber,0.0,0.0,0.0,0.0,0.0,0.0,0.0,0.0,0.0,0.0,1.0,-0.21126118126002927,-0.5598140396295962,0.9888195503433388,-0.8375985676576638,-0.00884279797956782,0.38135996077293105,0.04404235367894996,1.6567666315073413,-0.2779864203760762
32,9,Alyson Hannigan,Sasha Farber,0.0,0.0,0.0,0.0,0.0,0.0,0.0,0.0,0.0,0.0,1.0,-0.21126118126002927,-0.5598140396295962,0.9888195503433388,-1.1712692126577566,-0.9303101120758798,0.42527166801529914,-1.1374751063004138,1.4068096480757846,0.03553803669580512
32,10,Alyson Hannigan,Sasha Farber,0.0,0.0,0.0,0.0,0.0,0.0,0.0,0.0,0.0,0.0,1.0,-0.21126118126002927,-0.5598140396295962,0.9888195503433388,-1.5049398576578494,-0.06711205460624618,1.0241910368478548,-1.7282338362900955,0.531960206065336,0.03553803669580512
32,11,Alyson Hannigan,Sasha Farber,0.0,0.0,0.0,0.0,0.0,0.0,0.0,0.0,0.0,0.0,1.0,-0.21126118126002927,-0.5598140396295962,0.9888195503433388,-1.5049398576578494,0.20481114298492042,1.0800163489062855,0.04404235367894996,0.0737057364408153,0.03553803669580512
32,1,Ariana Madix,Pasha Pashkov,0.0,0.0,0.0,0.0,0.0,0.0,0.0,0.0,0.0,0.0,0.0,2.3506697930651397,-0.6873872157018412,0.13380795770776283,1.498095947342986,0.7857379742024134,-0.5197710028508283,-0.19226113831692276,-0.7594842083310405,-0.9050353345198388
32,2,Ariana Madix,Pasha Pashkov,0.0,0.0,0.0,0.0,0.0,0.0,0.0,0.0,0.0,0.0,0.0,2.3506697930651397,-0.6873872157018412,0.13380795770776283,1.1644253023428932,-0.20307365340182904,-0.6403489663092118,-0.42856463031279546,-0.8428032028082261,0.03553803669580512
32,3,Ariana Madix,Pasha Pashkov,0.0,0.0,0.0,0.0,0.0,0.0,0.0,0.0,0.0,0.0,0.0,2.3506697930651397,-0.6873872157018412,0.13380795770776283,0.8307546573428003,1.156542334554004,-0.26803806159560883,3.1159877496252952,0.24034372539518645,-1.2185597915917201
32,4,Ariana Madix,Pasha Pashkov,0.0,0.0,0.0,0.0,0.0,0.0,0.0,0.0,0.0,0.0,0.0,2.3506697930651397,-0.6873872157018412,0.13380795770776283,0.4970840123427075,0.5522685621291902,-0.28726766127482734,-2.318992566279777,0.6569386977811144,-0.9050353345198388
32,5,Ariana Madix,Pasha Pashkov,0.0,0.0,0.0,0.0,0.0,0.0,0.0,0.0,0.0,0.0,0.0,2.3506697930651397,-0.6873872157018412,0.13380795770776283,0.16341336734261466,-0.00884279797956782,-0.3603401400558553,-0.42856463031279546,-0.17625124699074143,-0.2779864203760762
32,6,Ariana Madix,Pasha Pashkov,0.0,0.0,0.0,0.0,0.0,0.0,0.0,0.0,0.0,0.0,0.0,2.3506697930651397,-0.6873872157018412,0.13380795770776283,-0.17025727765747814,0.9623114791317419,0.11894270213524215,3.8248982256129134,1.1568526646442279,-0.9050353345198388
32,7,Ariana Madix,Pasha Pashkov,0.0,0.0,0.0,0.0,0.0,0.0,0.0,0.0,0.0,0.0,0.0,2.3506697930651397,-0.6873872157018412,0.13380795770776283,-0.503927922657571,1.156542334554004,0.1869260840063195,-1.1374751063004138,2.2399995928476404,-1.2185597915917201
32,8,Ariana Madix,Pasha Pashkov,0.0,0.0,0.0,0.0,0.0,0.0,0.0,0.0,0.0,0.0,0.0,2.3506697930651397,-0.6873872157018412,0.13380795770776283,-0.8375985676576638,1.156542334554004,0.7972665593685117,0.9892563216624407,2.3233185873248257,-1.2185597915917201
32,9,Ariana Madix,Pasha Pashkov,0.0,0.0,0.0,0.0,0.0,0.0,0.0,0.0,0.0,0.0,0.0,2.3506697930651397,-0.6873872157018412,0.13380795770776283,-1.1712692126577566,0.018259181846794485,0.8220453084552771,-1.3737785982962865,2.3233185873248257,-0.2779864203760762
32,10,Ariana Madix,Pasha Pashkov,0.0,0.0,0.0,0.0,0.0,0.0,0.0,0.0,0.0,0.0,0.0,2.3506697930651397,-0.6873872157018412,0.13380795770776283,-1.5049398576578494,0.8846191369628383,1.454934069662342,-2.082689074283904,1.2401716591214134,-0.5915108774479575
32,11,Ariana Madix,Pasha Pashkov,0.0,0.0,0.0,0.0,0.0,0.0,0.0,0.0,0.0,0.0,0.0,2.3506697930651397,-0.6873872157018412,0.13380795770776283,-1.5049398576578494,1.0205807357584193,1.4416121201938537,-0.0741093923189864,0.6152792005425215,-0.5915108774479575
32,1,Barry Williams,Peta Murgatroyd,0.0,0.0,0.0,1.0,0.0,0.0,0.0,0.0,0.0,0.0,0.0,0.5650389989053509,-0.7384164861307391,2.4656577558047883,1.498095947342986,-1.0682838275555413,-0.8993682952198121,-0.19226113831692276,-1.5926741531028963,0.976111407911449
32,2,Barry Williams,Peta Murgatroyd,0.0,0.0,0.0,1.0,0.0,0.0,0.0,0.0,0.0,0.0,0.0,0.5650389989053509,-0.7384164861307391,2.4656577558047883,1.1644253023428932,-1.902593638346621,-1.0087816324320473,-0.42856463031279546,-1.6759931475800818,1.6031603220552115
32,3,Barry Williams,Peta Murgatroyd,0.0,0.0,0.0,1.0,0.0,0.0,0.0,0.0,0.0,0.0,0.0,0.5650389989053509,-0.7384164861307391,2.4656577558047883,0.8307546573428003,-1.0028477639640838,-0.7566961240322129,2.1707737816418047,-0.9261221972854116,0.6625869508395678
32,4,Barry Williams,Peta Murgatroyd,0.0,0.0,0.0,1.0,0.0,0.0,0.0,0.0,0.0,0.0,0.0,0.5650389989053509,-0.7384164861307391,2.4656577558047883,0.4970840123427075,-1.562689641357663,-0.7987750127420304,-1.846385582288032,-0.6761652138538549,1.6031603220552115
32,5,Barry Williams,Peta Murgatroyd,0.0,0.0,0.0,1.0,0.0,0.0,0.0,0.0,0.0,0.0,0.0,0.5650389989053509,-0.7384164861307391,2.4656577558047883,0.16341336734261466,-0.00884279797956782,-0.3603401400558553,1.2255598136583135,-0.7594842083310405,-0.2779864203760762
32,6,Barry Williams,Peta Murgatroyd,0.0,0.0,0.0,1.0,0.0,0.0,0.0,0.0,0.0,0.0,0.0,0.5650389989053509,-0.7384164861307391,2.4656577558047883,-0.17025727765747814,-0.7857662196686154,-0.3712329319238355,1.698166797650059,0.4069817143495576,0.6625869508395678
32,7,Barry Williams,Peta Murgatroyd,0.0,0.0,0.0,1.0,0.0,0.0,0.0,0.0,0.0,0.0,0.0,0.5650389989053509,-0.7384164861307391,2.4656577558047883,-0.503927922657571,0.16439012712677445,-0.09292596238911058,-0.0741093923189864,1.115193167405635,0.6625869508395678
32,8,Barry Williams,Peta Murgatroyd,0.0,0.0,0.0,1.0,0.0,0.0,0.0,0.0,0.0,0.0,0.0,0.5650389989053509,-0.7384164861307391,2.4656577558047883,-0.8375985676576638,-0.20307365340182904,0.31204219434033414,0.39849759167275906,1.3651501508371917,0.03553803669580512
32,1,Charity Lawson,Artem Chigvintsev,0.0,0.0,0.0,0.0,0.0,0.0,0.0,0.0,0.0,0.0,0.0,0.5748655834644064,-1.0063201558824537,-0.7212036349278131,1.498095947342986,1.156542334554004,-0.44385154437703217,-0.19226113831692276,-0.5928462193766693,-1.2185597915917201
32,2,Charity Lawson,Artem Chigvintsev,0.0,0.0,0.0,0.0,0.0,0.0,0.0,0.0,0.0,0.0,0.0,0.5748655834644064,-1.0063201558824537,-0.7212036349278131,1.1644253023428932,0.136830343587129,-0.5666624330846448,-0.42856463031279546,-0.6761652138538549,-0.5915108774479575
32,3,Charity Lawson,Artem Chigvintsev,0.0,0.0,0.0,0.0,0.0,0.0,0.0,0.0,0.0,0.0,0.0,0.5748655834644064,-1.0063201558824537,-0.7212036349278131,0.8307546573428003,0.6766778682166501,-0.37662874213707664,2.407077273637677,0.15702473091800087,-0.5915108774479575
32,4,Charity Lawson,Artem Chigvintsev,0.0,0.0,0.0,0.0,0.0,0.0,0.0,0.0,0.0,0.0,0.0,0.5748655834644064,-1.0063201558824537,-0.7212036349278131,0.4970840123427075,0.25013167591678137,-0.3603401400558553,-2.082689074283904,0.4069817143495576,-0.5915108774479575
32,5,Charity Lawson,Artem Chigvintsev,0.0,0.0,0.0,0.0,0.0,0.0,0.0,0.0,0.0,0.0,0.0,0.5748655834644064,-1.0063201558824537,-0.7212036349278131,0.16341336734261466,1.156542334554004,-0.06805022493173987,0.7529528296665682,0.0737057364408153,-1.2185597915917201
32,6,Charity Lawson,Artem Chigvintsev,0.0,0.0,0.0,0.0,0.0,0.0,0.0,0.0,0.0,0.0,0.0,0.5748655834644064,-1.0063201558824537,-0.7212036349278131,-0.17025727765747814,0.3796189128649564,-0.044449175884450486,2.1707737816418047,1.2401716591214134,-0.2779864203760762
32,7,Charity Lawson,Artem Chigvintsev,0.0,0.0,0.0,0.0,0.0,0.0,0.0,0.0,0.0,0.0,0.0,0.5748655834644064,-1.0063201558824537,-0.7212036349278131,-0.503927922657571,0.9360640662368422,0.1247367403628913,-0.6648681223086682,1.906723614938898,-0.2779864203760762
32,8,Charity Lawson,Artem Chigvintsev,0.0,0.0,0.0,0.0,0.0,0.0,0.0,0.0,0.0,0.0,0.0,0.5748655834644064,-1.0063201558824537,-0.7212036349278131,-0.8375985676576638,0.5738497682872186,0.5893132600707214,0.5166493376706954,1.9900426094160835,-0.5915108774479575
32,9,Charity Lawson,Artem Chigvintsev,0.0,0.0,0.0,0.0,0.0,0.0,0.0,0.0,0.0,0.0,0.0,0.5748655834644064,-1.0063201558824537,-0.7212036349278131,-1.1712692126577566,0.2079730406313297,0.9014000365432718,-0.42856463031279546,2.1566805983704547,-0.5915108774479575
32,10,Charity Lawson,Artem Chigvintsev,0.0,0.0,0.0,0.0,0.0,0.0,0.0,0.0,0.0,0.0,0.0,0.5748655834644064,-1.0063201558824537,-0.7212036349278131,-1.5049398576578494,1.0205807357584193,1.516468788635841,-2.2008408202818406,1.3651501508371917,-0.9050353345198388
32,11,Charity Lawson,Artem Chigvintsev,0.0,0.0,0.0,0.0,0.0,0.0,0.0,0.0,0.0,0.0,0.0,0.5748655834644064,-1.0063201558824537,-0.7212036349278131,-1.5049398576578494,1.0205807357584193,1.4416121201938537,-0.19226113831692276,0.6569386977811144,-0.5915108774479575
32,1,Harry Jowsey,Rylee Arnold,0.0,0.0,0.0,0.0,0.0,0.0,0.0,0.0,0.0,0.0,0.0,0.13266927830691153,-1.4528262721353111,-0.7989319615310473,1.498095947342986,-2.5515012689619057,-1.2030461291149979,-0.19226113831692276,-2.2592261089203807,2.230209236198974
32,2,Harry Jowsey,Rylee Arnold,0.0,0.0,0.0,0.0,0.0,0.0,0.0,0.0,0.0,0.0,0.0,0.13266927830691153,-1.4528262721353111,-0.7989319615310473,1.1644253023428932,-1.902593638346621,-1.0087816324320473,0.5166493376706954,-2.009269125488824,1.6031603220552115
32,3,Harry Jowsey,Rylee Arnold,0.0,0.0,0.0,0.0,0.0,0.0,0.0,0.0,0.0,0.0,0.0,0.13266927830691153,-1.4528262721353111,-0.7989319615310473,0.8307546573428003,-1.2427799971327604,-0.8109914643029458,1.9344702896459318,-1.0094411917625972,0.976111407911449
32,4,Harry Jowsey,Rylee Arnold,0.0,0.0,0.0,0.0,0.0,0.0,0.0,0.0,0.0,0.0,0.0,0.13266927830691153,-1.4528262721353111,-0.7989319615310473,0.4970840123427075,-0.6562789827204404,-0.579557576398943,-0.9011716143045408,-0.5095272248994838,0.3490624937676864
32,5,Harry Jowsey,Rylee Arnold,0.0,0.0,0.0,0.0,0.0,0.0,0.0,0.0,0.0,0.0,0.0,0.13266927830691153,-1.4528262721353111,-0.7989319615310473,0.16341336734261466,-1.7569204967799241,-0.7987750127420304,-0.9011716143045408,-1.0094411917625972,1.6031603220552115
32,6,Harry Jowsey,Rylee Arnold,0.0,0.0,0.0,0.0,0.0,0.0,0.0,0.0,0.0,0.0,0.0,0.13266927830691153,-1.4528262721353111,-0.7989319615310473,-0.17025727765747814,-1.368458785935401,-0.5346248099435281,2.407077273637677,-0.34288923594511256,1.2896358649833304
32,7,Harry Jowsey,Rylee Arnold,0.0,0.0,0.0,0.0,0.0,0.0,0.0,0.0,0.0,0.0,0.0,0.13266927830691153,-1.4528262721353111,-0.7989319615310473,-0.503927922657571,0.054150992968193576,-0.12402063421082565,0.5166493376706954,0.8235766867354855,0.976111407911449
32,8,Harry Jowsey,Rylee Arnold,0.0,0.0,0.0,0.0,0.0,0.0,0.0,0.0,0.0,0.0,0.0,0.13266927830691153,-1.4528262721353111,-0.7989319615310473,-0.8375985676576638,-1.562689641357663,-0.1731821706878454,-1.1374751063004138,0.7402576922583,0.6625869508395678
32,9,Harry Jowsey,Rylee Arnold,0.0,0.0,0.0,0.0,0.0,0.0,0.0,0.0,0.0,0.0,0.0,0.13266927830691153,-1.4528262721353111,-0.7989319615310473,-1.1712692126577566,-1.3097378296449493,0.2665622118393083,0.2803458456748227,0.5736197033039288,0.3490624937676864
32,1,Jamie Lynn Spears,Alan Bersten,0.0,0.0,0.0,0.0,0.0,0.0,0.0,0.0,0.0,0.0,0.0,-0.19488354032827027,-0.2621432954610242,-0.33256200191164226,1.498095947342986,-1.4390881879071329,-0.975287753693608,-0.19226113831692276,-1.7593121420572673,1.2896358649833304
32,2,Jamie Lynn Spears,Alan Bersten,0.0,0.0,0.0,0.0,0.0,0.0,0.0,0.0,0.0,0.0,0.0,-0.19488354032827027,-0.2621432954610242,-0.33256200191164226,1.1644253023428932,-1.562689641357663,-0.9350950992074801,0.04404235367894996,-1.6759931475800818,1.2896358649833304
32,1,Jason Mraz,Daniella Karagach,0.0,0.0,0.0,0.0,0.0,0.0,0.0,0.0,0.0,0.0,1.0,-1.0858272070159636,1.7620177648852635,0.7556345705336363,1.498095947342986,0.7857379742024134,-0.5197710028508283,-0.19226113831692276,-0.7594842083310405,-0.9050353345198388
32,2,Jason Mraz,Daniella Karagach,0.0,0.0,0.0,0.0,0.0,0.0,0.0,0.0,0.0,0.0,1.0,-1.0858272070159636,1.7620177648852635,0.7556345705336363,1.1644253023428932,1.156542334554004,-0.34560283341094333,0.5166493376706954,-0.5095272248994838,-1.2185597915917201
32,3,Jason Mraz,Daniella Karagach,0.0,0.0,0.0,0.0,0.0,0.0,0.0,0.0,0.0,0.0,1.0,-1.0858272070159636,1.7620177648852635,0.7556345705336363,0.8307546573428003,1.156542334554004,-0.26803806159560883,2.1707737816418047,0.5736197033039288,-1.2185597915917201
32,4,Jason Mraz,Daniella Karagach,0.0,0.0,0.0,0.0,0.0,0.0,0.0,0.0,0.0,0.0,1.0,-1.0858272070159636,1.7620177648852635,0.7556345705336363,0.4970840123427075,0.25013167591678137,-0.3603401400558553,-2.55529605827565,0.5736197033039288,-0.5915108774479575
32,5,Jason Mraz,Daniella Karagach,0.0,0.0,0.0,0.0,0.0,0.0,0.0,0.0,0.0,0.0,1.0,-1.0858272070159636,1.7620177648852635,0.7556345705336363,0.16341336734261466,0.8651960514206122,-0.14112270371276783,0.5166493376706954,-0.009613258036370276,-0.5915108774479575
32,6,Jason Mraz,Daniella Karagach,0.0,0.0,0.0,0.0,0.0,0.0,0.0,0.0,0.0,0.0,1.0,-1.0858272070159636,1.7620177648852635,0.7556345705336363,-0.17025727765747814,0.5738497682872186,0.010014783455446895,2.64338076563355,1.2401716591214134,-0.5915108774479575
32,7,Jason Mraz,Daniella Karagach,0.0,0.0,0.0,0.0,0.0,0.0,0.0,0.0,0.0,0.0,1.0,-1.0858272070159636,1.7620177648852635,0.7556345705336363,-0.503927922657571,0.9360640662368422,0.1247367403628913,-0.9011716143045408,1.9900426094160835,-0.2779864203760762
32,8,Jason Mraz,Daniella Karagach,0.0,0.0,0.0,0.0,0.0,0.0,0.0,0.0,0.0,0.0,1.0,-1.0858272070159636,1.7620177648852635,0.7556345705336363,-0.8375985676576638,-0.5915353642463533,0.17340666147513928,-0.9011716143045408,1.49012864255297,0.3490624937676864
32,9,Jason Mraz,Daniella Karagach,0.0,0.0,0.0,0.0,0.0,0.0,0.0,0.0,0.0,0.0,1.0,-1.0858272070159636,1.7620177648852635,0.7556345705336363,-1.1712692126577566,1.156542334554004,1.2981736769832497,2.1707737816418047,2.073361603893269,-1.2185597915917201
32,10,Jason Mraz,Daniella Karagach,0.0,0.0,0.0,0.0,0.0,0.0,0.0,0.0,0.0,0.0,1.0,-1.0858272070159636,1.7620177648852635,0.7556345705336363,-1.5049398576578494,0.7486575381672537,1.393399350688845,-3.618661772257077,1.6984261287459341,-0.2779864203760762
32,11,Jason Mraz,Daniella Karagach,0.0,0.0,0.0,0.0,0.0,0.0,0.0,0.0,0.0,0.0,1.0,-1.0858272070159636,1.7620177648852635,0.7556345705336363,-1.5049398576578494,1.156542334554004,1.5018780820751136,0.1621940996768863,0.6152792005425215,-1.2185597915917201
32,1,Lele Pons,Brandon Armstrong,0.0,0.0,0.0,0.0,0.0,0.0,0.0,0.0,0.0,0.0,0.0,1.582090500767589,-0.7830670977560247,-0.7212036349278131,1.498095947342986,0.04412925349923135,-0.6716099197984221,-0.19226113831692276,-1.0927601862397827,-0.2779864203760762
32,2,Lele Pons,Brandon Armstrong,0.0,0.0,0.0,0.0,0.0,0.0,0.0,0.0,0.0,0.0,0.0,1.582090500767589,-0.7830670977560247,-0.7212036349278131,1.1644253023428932,0.136830343587129,-0.5666624330846448,0.2803458456748227,-0.9261221972854116,-0.5915108774479575
32,3,Lele Pons,Brandon Armstrong,0.0,0.0,0.0,0.0,0.0,0.0,0.0,0.0,0.0,0.0,0.0,1.582090500767589,-0.7830670977560247,-0.7212036349278131,0.8307546573428003,-0.5229832976267317,-0.6481054434907452,1.2255598136583135,-0.259570241467927,0.03553803669580512
32,4,Lele Pons,Brandon Armstrong,0.0,0.0,0.0,0.0,0.0,0.0,0.0,0.0,0.0,0.0,0.0,1.582090500767589,-0.7830670977560247,-0.7212036349278131,0.4970840123427075,-0.3541420965080334,-0.5064850976179148,-1.3737785982962865,-0.17625124699074143,0.03553803669580512
32,5,Lele Pons,Brandon Armstrong,0.0,0.0,0.0,0.0,0.0,0.0,0.0,0.0,0.0,0.0,0.0,1.582090500767589,-0.7830670977560247,-0.7212036349278131,0.16341336734261466,-0.00884279797956782,-0.3603401400558553,0.2803458456748227,-0.42620823042229816,-0.2779864203760762
32,6,Lele Pons,Brandon Armstrong,0.0,0.0,0.0,0.0,0.0,0.0,0.0,0.0,0.0,0.0,0.0,1.582090500767589,-0.7830670977560247,-0.7212036349278131,-0.17025727765747814,0.1853880574426943,-0.09891313522434811,2.879684257629423,0.8235766867354855,0.03553803669580512
32,7,Lele Pons,Brandon Armstrong,0.0,0.0,0.0,0.0,0.0,0.0,0.0,0.0,0.0,0.0,0.0,1.582090500767589,-0.7830670977560247,-0.7212036349278131,-0.503927922657571,1.0463032003954222,0.15583141218460442,-0.3104128843148591,1.8650641177003051,-0.5915108774479575
32,1,Matt Walsh,Koko Iwasaki,0.0,0.0,0.0,0.0,0.0,0.0,0.0,0.0,0.0,0.0,0.0,2.392783726889663,-1.4528262721353111,1.6883744897724464,1.498095947342986,-2.5515012689619057,-1.2030461291149979,-0.19226113831692276,-2.2592261089203807,2.230209236198974
32,1,Mauricio Umansky,Emma Slater,0.0,0.0,0.0,0.0,0.0,0.0,0.0,0.0,0.0,0.0,1.0,0.8819463509348887,-1.1179466849456678,1.2997328567562754,1.498095947342986,-1.4390881879071329,-0.975287753693608,-0.19226113831692276,-1.7593121420572673,1.2896358649833304
32,2,Mauricio Umansky,Emma Slater,0.0,0.0,0.0,0.0,0.0,0.0,0.0,0.0,0.0,0.0,1.0,0.8819463509348887,-1.1179466849456678,1.2997328567562754,1.1644253023428932,-2.922305629313496,-1.2298412321057501,-0.9011716143045408,-2.009269125488824,2.543733693270856
32,3,Mauricio Umansky,Emma Slater,0.0,0.0,0.0,0.0,0.0,0.0,0.0,0.0,0.0,0.0,1.0,0.8819463509348887,-1.1179466849456678,1.2997328567562754,0.8307546573428003,-1.4827122303014368,-0.8652868045736807,2.407077273637677,-1.3427171696713396,1.6031603220552115
32,4,Mauricio Umansky,Emma Slater,0.0,0.0,0.0,0.0,0.0,0.0,0.0,0.0,0.0,0.0,1.0,0.8819463509348887,-1.1179466849456678,1.2997328567562754,0.4970840123427075,-1.260552755145255,-0.7257025339610026,-1.1374751063004138,-0.7594842083310405,1.2896358649833304
32,5,Mauricio Umansky,Emma Slater,0.0,0.0,0.0,0.0,0.0,0.0,0.0,0.0,0.0,0.0,1.0,0.8819463509348887,-1.1179466849456678,1.2997328567562754,0.16341336734261466,-0.00884279797956782,-0.3603401400558553,0.9892563216624407,-0.6761652138538549,-0.2779864203760762
32,6,Mauricio Umansky,Emma Slater,0.0,0.0,0.0,0.0,0.0,0.0,0.0,0.0,0.0,0.0,1.0,0.8819463509348887,-1.1179466849456678,1.2997328567562754,-0.17025727765747814,-0.5915353642463533,-0.3167689725839381,1.9344702896459318,0.4903007088267432,0.3490624937676864
32,1,Mira Sorvino,Gleb Savchenko,0.0,0.0,0.0,0.0,0.0,0.0,0.0,0.0,0.0,0.0,0.0,1.1909168462051898,-1.4528262721353111,1.4551895099627439,1.498095947342986,-0.6974794672039507,-0.8234488367460142,-0.19226113831692276,-1.426036164148525,0.6625869508395678
32,2,Mira Sorvino,Gleb Savchenko,0.0,0.0,0.0,0.0,0.0,0.0,0.0,0.0,0.0,0.0,0.0,1.1909168462051898,-1.4528262721353111,1.4551895099627439,1.1644253023428932,-0.8828816473797461,-0.787722032758346,0.04404235367894996,-1.3427171696713396,0.6625869508395678
32,3,Mira Sorvino,Gleb Savchenko,0.0,0.0,0.0,0.0,0.0,0.0,0.0,0.0,0.0,0.0,0.0,1.1909168462051898,-1.4528262721353111,1.4551895099627439,0.8307546573428003,-0.7629155307954082,-0.7024007837614781,1.698166797650059,-0.5928462193766693,0.3490624937676864
32,4,Mira Sorvino,Gleb Savchenko,0.0,0.0,0.0,0.0,0.0,0.0,0.0,0.0,0.0,0.0,0.0,1.1909168462051898,-1.4528262721353111,1.4551895099627439,0.4970840123427075,-0.6562789827204404,-0.579557576398943,-1.3737785982962865,-0.34288923594511256,0.3490624937676864
32,5,Mira Sorvino,Gleb Savchenko,0.0,0.0,0.0,0.0,0.0,0.0,0.0,0.0,0.0,0.0,0.0,1.1909168462051898,-1.4528262721353111,1.4551895099627439,0.16341336734261466,-0.5915353642463533,-0.5064850976179148,0.04404235367894996,-0.6761652138538549,0.976111407911449
32,1,Tyson Beckford,Jenna Johnson,0.0,1.0,0.0,0.0,0.0,0.0,0.0,0.0,0.0,0.0,1.0,0.0016481508528389105,0.9285396812132627,1.2220045301530413,1.498095947342986,-2.5515012689619057,-1.2030461291149979,-0.19226113831692276,-2.2592261089203807,2.230209236198974
32,2,Tyson Beckford,Jenna Johnson,0.0,1.0,0.0,0.0,0.0,0.0,0.0,0.0,0.0,0.0,1.0,0.0016481508528389105,0.9285396812132627,1.2220045301530413,1.1644253023428932,-0.8828816473797461,-0.787722032758346,1.2255598136583135,-1.7593121420572673,0.6625869508395678
32,3,Tyson Beckford,Jenna Johnson,0.0,1.0,0.0,0.0,0.0,0.0,0.0,0.0,0.0,0.0,1.0,0.0016481508528389105,0.9285396812132627,1.2220045301530413,0.8307546573428003,-2.2025089298074665,-1.0281728253858813,0.2803458456748227,-1.0927601862397827,2.230209236198974
32,1,Xochitl Gomez,Valentin Chmerkovskiy,0.0,0.0,0.0,1.0,0.0,0.0,0.0,0.0,0.0,0.0,0.0,-0.6948325792977572,1.0852084939335633,-1.498486900960155,1.498095947342986,-0.32667510685235923,-0.747529378272218,-0.19226113831692276,-1.2593981751941539,0.03553803669580512
32,2,Xochitl Gomez,Valentin Chmerkovskiy,0.0,0.0,0.0,1.0,0.0,0.0,0.0,0.0,0.0,0.0,0.0,-0.6948325792977572,1.0852084939335633,-1.498486900960155,1.1644253023428932,1.156542334554004,-0.34560283341094333,1.2255598136583135,-0.7594842083310405,-1.2185597915917201
32,3,Xochitl Gomez,Valentin Chmerkovskiy,0.0,0.0,0.0,1.0,0.0,0.0,0.0,0.0,0.0,0.0,0.0,-0.6948325792977572,1.0852084939335633,-1.498486900960155,0.8307546573428003,0.6766778682166501,-0.37662874213707664,1.698166797650059,0.4069817143495576,-0.5915108774479575
32,4,Xochitl Gomez,Valentin Chmerkovskiy,0.0,0.0,0.0,1.0,0.0,0.0,0.0,0.0,0.0,0.0,0.0,-0.6948325792977572,1.0852084939335633,-1.498486900960155,0.4970840123427075,1.156542334554004,-0.14112270371276783,-1.3737785982962865,0.6569386977811144,-1.2185597915917201
32,5,Xochitl Gomez,Valentin Chmerkovskiy,0.0,0.0,0.0,1.0,0.0,0.0,0.0,0.0,0.0,0.0,0.0,-0.6948325792977572,1.0852084939335633,-1.498486900960155,0.16341336734261466,1.156542334554004,-0.06805022493173987,0.04404235367894996,0.32366271987237205,-1.2185597915917201
32,6,Xochitl Gomez,Valentin Chmerkovskiy,0.0,0.0,0.0,1.0,0.0,0.0,0.0,0.0,0.0,0.0,0.0,-0.6948325792977572,1.0852084939335633,-1.498486900960155,-0.17025727765747814,1.156542334554004,0.17340666147513928,3.1159877496252952,1.5734476370301556,-1.2185597915917201
32,7,Xochitl Gomez,Valentin Chmerkovskiy,0.0,0.0,0.0,1.0,0.0,0.0,0.0,0.0,0.0,0.0,0.0,-0.6948325792977572,1.0852084939335633,-1.498486900960155,-0.503927922657571,1.156542334554004,0.1869260840063195,-1.3737785982962865,2.3233185873248257,-1.2185597915917201
32,8,Xochitl Gomez,Valentin Chmerkovskiy,0.0,0.0,0.0,1.0,0.0,0.0,0.0,0.0,0.0,0.0,0.0,-0.6948325792977572,1.0852084939335633,-1.498486900960155,-0.8375985676576638,0.7680806237094807,0.6586310265033168,0.5166493376706954,2.1566805983704547,-0.9050353345198388
32,9,Xochitl Gomez,Valentin Chmerkovskiy,0.0,0.0,0.0,1.0,0.0,0.0,0.0,0.0,0.0,0.0,0.0,-0.6948325792977572,1.0852084939335633,-1.498486900960155,-1.1712692126577566,0.7771146169849336,1.139464220807259,0.04404235367894996,2.489956576279197,-0.9050353345198388
32,10,Xochitl Gomez,Valentin Chmerkovskiy,0.0,0.0,0.0,1.0,0.0,0.0,0.0,0.0,0.0,0.0,0.0,-0.6948325792977572,1.0852084939335633,-1.498486900960155,-1.5049398576578494,1.156542334554004,1.578003507609338,-2.7915995502715227,1.6567666315073413,-1.2185597915917201
32,11,Xochitl Gomez,Valentin Chmerkovskiy,0.0,0.0,0.0,1.0,0.0,0.0,0.0,0.0,0.0,0.0,0.0,-0.6948325792977572,1.0852084939335633,-1.498486900960155,-1.5049398576578494,1.156542334554004,1.5018780820751136,-0.19226113831692276,0.7402576922583,-1.2185597915917201
33,1,Anna Delvey,Ezra Sosa,0.0,0.0,0.0,0.0,0.0,0.0,0.0,0.0,0.0,0.0,0.0,3.2771763372046525,-1.4528262721353111,-0.25483367530840806,1.1644253023428932,-0.6168698236492566,-0.8360508521202074,-0.19226113831692276,-1.2593981751941539,0.976111407911449
33,2,Anna Delvey,Ezra Sosa,0.0,0.0,0.0,0.0,0.0,0.0,0.0,0.0,0.0,0.0,0.0,3.2771763372046525,-1.4528262721353111,-0.25483367530840806,1.1644253023428932,-1.222785644368704,-0.9585148500773044,-0.42856463031279546,-1.3427171696713396,1.916684779127093
33,1,Brooks Nader,Gleb Savchenko,0.0,1.0,0.0,0.0,0.0,0.0,0.0,0.0,0.0,0.0,0.0,1.1909168462051898,-1.4528262721353111,-0.7212036349278131,1.1644253023428932,-0.6168698236492566,-0.8360508521202074,-0.19226113831692276,-1.2593981751941539,0.976111407911449
33,2,Brooks Nader,Gleb Savchenko,0.0,1.0,0.0,0.0,0.0,0.0,0.0,0.0,0.0,0.0,0.0,1.1909168462051898,-1.4528262721353111,-0.7212036349278131,1.1644253023428932,-0.20307365340182904,-0.7545916534790833,0.2803458456748227,-1.0927601862397827,0.976111407911449
33,3,Brooks Nader,Gleb Savchenko,0.0,1.0,0.0,0.0,0.0,0.0,0.0,0.0,0.0,0.0,0.0,1.1909168462051898,-1.4528262721353111,-0.7212036349278131,0.4970840123427075,0.10769571527378982,-0.43203389282214805,2.288925527639741,-0.05127275527496306,0.03553803669580512
33,4,Brooks Nader,Gleb Savchenko,0.0,1.0,0.0,0.0,0.0,0.0,0.0,0.0,0.0,0.0,0.0,1.1909168462051898,-1.4528262721353111,-0.7212036349278131,-0.17025727765747814,0.25013167591678137,-0.20524753203081542,0.1621940996768863,0.9485551784512638,-0.2779864203760762
33,1,Chandler Kinney,Brandon Armstrong,0.0,0.0,0.0,1.0,0.0,0.0,0.0,0.0,0.0,0.0,0.0,1.582090500767589,-0.7830670977560247,-0.9543886147375157,1.1644253023428932,1.156542334554004,-0.48104285804233265,-0.19226113831692276,-0.42620823042229816,-1.2185597915917201
33,2,Chandler Kinney,Brandon Armstrong,0.0,0.0,0.0,1.0,0.0,0.0,0.0,0.0,0.0,0.0,0.0,1.582090500767589,-0.7830670977560247,-0.9543886147375157,1.1644253023428932,1.156542334554004,-0.48269405801478943,0.04404235367894996,-0.34288923594511256,-1.2185597915917201
33,3,Chandler Kinney,Brandon Armstrong,0.0,0.0,0.0,1.0,0.0,0.0,0.0,0.0,0.0,0.0,0.0,1.582090500767589,-0.7830670977560247,-0.9543886147375157,0.4970840123427075,1.0400038213006473,-0.21143773046432515,2.288925527639741,0.6152792005425215,-0.9050353345198388
33,4,Chandler Kinney,Brandon Armstrong,0.0,0.0,0.0,1.0,0.0,0.0,0.0,0.0,0.0,0.0,0.0,1.582090500767589,-0.7830670977560247,-0.9543886147375157,-0.17025727765747814,0.25013167591678137,-0.20524753203081542,-0.7830198683066045,1.2818311563600062,-0.2779864203760762
33,5,Chandler Kinney,Brandon Armstrong,0.0,0.0,0.0,1.0,0.0,0.0,0.0,0.0,0.0,0.0,0.0,1.582090500767589,-0.7830670977560247,-0.9543886147375157,-0.503927922657571,1.156542334554004,0.23002760930374533,-1.3737785982962865,0.6569386977811144,-1.2185597915917201
33,6,Chandler Kinney,Brandon Armstrong,0.0,0.0,0.0,1.0,0.0,0.0,0.0,0.0,0.0,0.0,0.0,1.582090500767589,-0.7830670977560247,-0.9543886147375157,-0.8375985676576638,1.156542334554004,0.610175888802862,0.9892563216624407,0.6569386977811144,-1.2185597915917201
33,7,Chandler Kinney,Brandon Armstrong,0.0,0.0,0.0,1.0,0.0,0.0,0.0,0.0,0.0,0.0,0.0,1.582090500767589,-0.7830670977560247,-0.9543886147375157,-1.1712692126577566,1.156542334554004,1.1741819143457572,-0.6648681223086682,0.9068956812126711,-1.2185597915917201
33,8,Chandler Kinney,Brandon Armstrong,0.0,0.0,0.0,1.0,0.0,0.0,0.0,0.0,0.0,0.0,0.0,1.582090500767589,-0.7830670977560247,-0.9543886147375157,-1.5049398576578494,1.156542334554004,1.5186664571706083,-0.42856463031279546,0.6569386977811144,-1.2185597915917201
33,9,Chandler Kinney,Brandon Armstrong,0.0,0.0,0.0,1.0,0.0,0.0,0.0,0.0,0.0,0.0,0.0,1.582090500767589,-0.7830670977560247,-0.9543886147375157,-1.5049398576578494,1.156542334554004,1.5018780820751136,0.04404235367894996,0.6569386977811144,-1.2185597915917201
33,1,Danny Amendola,Witney Carson,0.0,0.0,0.0,0.0,0.0,0.0,0.0,0.0,0.0,0.0,0.0,-0.5551916408269696,0.4607713689483641,0.211536284310997,1.1644253023428932,0.09249503963204728,-0.6940476544890581,-0.19226113831692276,-0.9261221972854116,0.03553803669580512
33,2,Danny Amendola,Witney Carson,0.0,0.0,0.0,0.0,0.0,0.0,0.0,0.0,0.0,0.0,0.0,-0.5551916408269696,0.4607713689483641,0.211536284310997,1.1644253023428932,0.136830343587129,-0.686617254613009,0.04404235367894996,-0.8428032028082261,0.03553803669580512
33,3,Danny Amendola,Witney Carson,0.0,0.0,0.0,0.0,0.0,0.0,0.0,0.0,0.0,0.0,0.0,-0.5551916408269696,0.4607713689483641,0.211536284310997,0.4970840123427075,-0.00884279797956782,-0.4596084131168768,1.9344702896459318,-0.009613258036370276,0.3490624937676864
33,4,Danny Amendola,Witney Carson,0.0,0.0,0.0,0.0,0.0,0.0,0.0,0.0,0.0,0.0,0.0,-0.5551916408269696,0.4607713689483641,0.211536284310997,-0.17025727765747814,1.156542334554004,0.033356480315403295,1.2255598136583135,1.2401716591214134,-1.2185597915917201
33,5,Danny Amendola,Witney Carson,0.0,0.0,0.0,0.0,0.0,0.0,0.0,0.0,0.0,0.0,0.0,-0.5551916408269696,0.4607713689483641,0.211536284310997,-0.503927922657571,0.7033370052353927,0.09979942929795162,-2.6734478042735863,0.8652361839740783,-0.2779864203760762
33,6,Danny Amendola,Witney Carson,0.0,0.0,0.0,0.0,0.0,0.0,0.0,0.0,0.0,0.0,0.0,-0.5551916408269696,0.4607713689483641,0.211536284310997,-0.8375985676576638,0.136830343587129,0.2696439488524334,0.39849759167275906,0.19868422815659367,0.03553803669580512
33,7,Danny Amendola,Witney Carson,0.0,0.0,0.0,0.0,0.0,0.0,0.0,0.0,0.0,0.0,0.0,-0.5551916408269696,0.4607713689483641,0.211536284310997,-1.1712692126577566,-0.06711205460624618,0.6809426825738102,-0.7830198683066045,0.19868422815659367,0.03553803669580512
33,8,Danny Amendola,Witney Carson,0.0,0.0,0.0,0.0,0.0,0.0,0.0,0.0,0.0,0.0,0.0,-0.5551916408269696,0.4607713689483641,0.211536284310997,-1.5049398576578494,0.5939426153998668,1.2681322442070797,0.1621940996768863,0.11536523367940808,-0.2779864203760762
33,9,Danny Amendola,Witney Carson,0.0,0.0,0.0,0.0,0.0,0.0,0.0,0.0,0.0,0.0,0.0,-0.5551916408269696,0.4607713689483641,0.211536284310997,-1.5049398576578494,0.6126959393716699,1.26081423455007,0.04404235367894996,0.32366271987237205,0.03553803669580512
33,1,Dwight Howard ,Daniella Karagach,0.0,0.0,0.0,0.0,0.0,0.0,0.0,0.0,0.0,0.0,0.0,-1.0858272070159636,1.7620177648852635,0.13380795770776283,1.1644253023428932,0.8018599029133521,-0.5520444568579089,-0.19226113831692276,-0.5928462193766693,-0.9050353345198388
33,2,Dwight Howard ,Daniella Karagach,0.0,0.0,0.0,0.0,0.0,0.0,0.0,0.0,0.0,0.0,0.0,-1.0858272070159636,1.7620177648852635,0.13380795770776283,1.1644253023428932,0.47673434057608705,-0.6186428557469364,-0.19226113831692276,-0.5928462193766693,-0.9050353345198388
33,3,Dwight Howard ,Daniella Karagach,0.0,0.0,0.0,0.0,0.0,0.0,0.0,0.0,0.0,0.0,0.0,-1.0858272070159636,1.7620177648852635,0.13380795770776283,0.4970840123427075,-0.9411509040064244,-0.6802045754747014,0.7529528296665682,-0.259570241467927,1.2896358649833304
33,4,Dwight Howard ,Daniella Karagach,0.0,0.0,0.0,0.0,0.0,0.0,0.0,0.0,0.0,0.0,0.0,-1.0858272070159636,1.7620177648852635,0.13380795770776283,-0.17025727765747814,-0.4296763180611347,-0.38420054129047765,0.5166493376706954,0.32366271987237205,1.2896358649833304
33,5,Dwight Howard ,Daniella Karagach,0.0,0.0,0.0,0.0,0.0,0.0,0.0,0.0,0.0,0.0,0.0,-1.0858272070159636,1.7620177648852635,0.13380795770776283,-0.503927922657571,0.25013167591678137,-0.03042875070784258,-1.3737785982962865,0.15702473091800087,0.3490624937676864
33,6,Dwight Howard ,Daniella Karagach,0.0,0.0,0.0,0.0,0.0,0.0,0.0,0.0,0.0,0.0,0.0,-1.0858272070159636,1.7620177648852635,0.13380795770776283,-0.8375985676576638,0.9016143368122852,0.5250429038152538,1.461863305654186,0.32366271987237205,-0.5915108774479575
33,7,Dwight Howard ,Daniella Karagach,0.0,0.0,0.0,0.0,0.0,0.0,0.0,0.0,0.0,0.0,0.0,-1.0858272070159636,1.7620177648852635,0.13380795770776283,-1.1712692126577566,-0.47499685099299566,0.5165296053164946,-1.846385582288032,0.32366271987237205,0.3490624937676864
33,1,Eric Roberts,Britt Stewart,0.0,0.0,0.0,1.0,0.0,0.0,0.0,0.0,0.0,0.0,0.0,2.0979861901179997,-1.4528262721353111,2.4656577558047883,1.1644253023428932,-1.6809171185712133,-1.049055648566933,-0.19226113831692276,-1.7593121420572673,2.543733693270856
33,2,Eric Roberts,Britt Stewart,0.0,0.0,0.0,1.0,0.0,0.0,0.0,0.0,0.0,0.0,0.0,2.0979861901179997,-1.4528262721353111,2.4656577558047883,1.1644253023428932,-1.902593638346621,-1.0944636478094514,-0.19226113831692276,-1.7593121420572673,2.230209236198974
33,3,Eric Roberts,Britt Stewart,0.0,0.0,0.0,1.0,0.0,0.0,0.0,0.0,0.0,0.0,0.0,2.0979861901179997,-1.4528262721353111,2.4656577558047883,0.4970840123427075,-1.6403819835265674,-0.8456516972430685,1.698166797650059,-1.0927601862397827,1.6031603220552115
33,1,Ilona Maher,Alan Bersten,0.0,0.0,0.0,1.0,0.0,0.0,0.0,0.0,0.0,0.0,0.0,-0.19488354032827027,-0.2621432954610242,-0.643475308324579,1.1644253023428932,-0.6168698236492566,-0.8360508521202074,-0.19226113831692276,-1.2593981751941539,0.976111407911449
33,2,Ilona Maher,Alan Bersten,0.0,0.0,0.0,1.0,0.0,0.0,0.0,0.0,0.0,0.0,0.0,-0.19488354032827027,-0.2621432954610242,-0.643475308324579,1.1644253023428932,0.136830343587129,-0.686617254613009,0.5166493376706954,-1.0094411917625972,0.03553803669580512
33,3,Ilona Maher,Alan Bersten,0.0,0.0,0.0,1.0,0.0,0.0,0.0,0.0,0.0,0.0,0.0,-0.19488354032827027,-0.2621432954610242,-0.643475308324579,0.4970840123427075,-0.47499685099299566,-0.5699064942957882,1.461863305654186,-0.17625124699074143,0.6625869508395678
33,4,Ilona Maher,Alan Bersten,0.0,0.0,0.0,1.0,0.0,0.0,0.0,0.0,0.0,0.0,0.0,-0.19488354032827027,-0.2621432954610242,-0.643475308324579,-0.17025727765747814,0.25013167591678137,-0.20524753203081542,0.7529528296665682,0.7402576922583,-0.2779864203760762
33,5,Ilona Maher,Alan Bersten,0.0,0.0,0.0,1.0,0.0,0.0,0.0,0.0,0.0,0.0,0.0,-0.19488354032827027,-0.2621432954610242,-0.643475308324579,-0.503927922657571,0.8544054483415953,0.14320882263321652,-1.610082090292159,0.5736197033039288,-0.9050353345198388
33,6,Ilona Maher,Alan Bersten,0.0,0.0,0.0,1.0,0.0,0.0,0.0,0.0,0.0,0.0,0.0,-0.19488354032827027,-0.2621432954610242,-0.643475308324579,-0.8375985676576638,-0.8828816473797461,-0.07088799109799292,-0.6648681223086682,-0.09293225251355586,0.6625869508395678
33,7,Ilona Maher,Alan Bersten,0.0,0.0,0.0,1.0,0.0,0.0,0.0,0.0,0.0,0.0,0.0,-0.19488354032827027,-0.2621432954610242,-0.643475308324579,-1.1712692126577566,0.06884954418933757,0.7357470416595823,0.2803458456748227,-0.09293225251355586,-0.2779864203760762
33,8,Ilona Maher,Alan Bersten,0.0,0.0,0.0,1.0,0.0,0.0,0.0,0.0,0.0,0.0,0.0,-0.19488354032827027,-0.2621432954610242,-0.643475308324579,-1.5049398576578494,1.01589240476547,1.4560329039297255,0.39849759167275906,0.28200322263377925,-0.5915108774479575
33,9,Ilona Maher,Alan Bersten,0.0,0.0,0.0,1.0,0.0,0.0,0.0,0.0,0.0,0.0,0.0,-0.19488354032827027,-0.2621432954610242,-0.643475308324579,-1.5049398576578494,0.7486575381672537,1.3210801964313315,-0.19226113831692276,0.4903007088267432,-0.2779864203760762
33,1,Jenn Tran,Sasha Farber,0.0,0.0,0.0,0.0,0.0,0.0,0.0,0.0,0.0,0.0,0.0,-0.21126118126002927,-0.5598140396295962,-0.7989319615310473,1.1644253023428932,-0.26218739200860464,-0.7650492533046328,-0.19226113831692276,-1.0927601862397827,0.3490624937676864
33,2,Jenn Tran,Sasha Farber,0.0,0.0,0.0,0.0,0.0,0.0,0.0,0.0,0.0,0.0,0.0,-0.21126118126002927,-0.5598140396295962,-0.7989319615310473,1.1644253023428932,-0.5429776503907879,-0.8225660523451576,-0.19226113831692276,-1.0927601862397827,1.2896358649833304
33,3,Jenn Tran,Sasha Farber,0.0,0.0,0.0,0.0,0.0,0.0,0.0,0.0,0.0,0.0,0.0,-0.21126118126002927,-0.5598140396295962,-0.7989319615310473,0.4970840123427075,0.22423422852714656,-0.40445937252742103,2.64338076563355,-0.09293225251355586,-0.5915108774479575
33,4,Jenn Tran,Sasha Farber,0.0,0.0,0.0,0.0,0.0,0.0,0.0,0.0,0.0,0.0,0.0,-0.21126118126002927,-0.5598140396295962,-0.7989319615310473,-0.17025727765747814,0.25013167591678137,-0.20524753203081542,0.04404235367894996,0.9902146756898567,-0.2779864203760762
33,5,Jenn Tran,Sasha Farber,0.0,0.0,0.0,0.0,0.0,0.0,0.0,0.0,0.0,0.0,0.0,-0.21126118126002927,-0.5598140396295962,-0.7989319615310473,-0.503927922657571,0.7033370052353927,0.09979942929795162,-1.7282338362900955,0.531960206065336,-0.2779864203760762
33,6,Jenn Tran,Sasha Farber,0.0,0.0,0.0,0.0,0.0,0.0,0.0,0.0,0.0,0.0,0.0,-0.21126118126002927,-0.5598140396295962,-0.7989319615310473,-0.8375985676576638,0.9016143368122852,0.5250429038152538,1.107408067660377,0.4486412115881504,-0.5915108774479575
33,1,Joey Graziadei,Jenna Johnson,0.0,0.0,0.0,0.0,0.0,0.0,0.0,0.0,0.0,0.0,0.0,0.0016481508528389105,0.9285396812132627,-0.5657469817213447,1.1644253023428932,0.44717747127270013,-0.6230460556734836,-0.19226113831692276,-0.7594842083310405,-0.5915108774479575
33,2,Joey Graziadei,Jenna Johnson,0.0,0.0,0.0,0.0,0.0,0.0,0.0,0.0,0.0,0.0,0.0,0.0016481508528389105,0.9285396812132627,-0.5657469817213447,1.1644253023428932,0.47673434057608705,-0.6186428557469364,0.04404235367894996,-0.6761652138538549,-0.9050353345198388
33,3,Joey Graziadei,Jenna Johnson,0.0,0.0,0.0,0.0,0.0,0.0,0.0,0.0,0.0,0.0,0.0,0.0016481508528389105,0.9285396812132627,-0.5657469817213447,0.4970840123427075,1.156542334554004,-0.18386321016959645,2.879684257629423,0.4903007088267432,-1.2185597915917201
33,4,Joey Graziadei,Jenna Johnson,0.0,0.0,0.0,0.0,0.0,0.0,0.0,0.0,0.0,0.0,0.0,0.0016481508528389105,0.9285396812132627,-0.5657469817213447,-0.17025727765747814,1.156542334554004,0.033356480315403295,0.04404235367894996,1.6567666315073413,-1.2185597915917201
33,5,Joey Graziadei,Jenna Johnson,0.0,0.0,0.0,0.0,0.0,0.0,0.0,0.0,0.0,0.0,0.0,0.0016481508528389105,0.9285396812132627,-0.5657469817213447,-0.503927922657571,0.8544054483415953,0.14320882263321652,-2.55529605827565,0.9068956812126711,-0.9050353345198388
33,6,Joey Graziadei,Jenna Johnson,0.0,0.0,0.0,0.0,0.0,0.0,0.0,0.0,0.0,0.0,0.0,0.0016481508528389105,0.9285396812132627,-0.5657469817213447,-0.8375985676576638,1.156542334554004,0.610175888802862,1.2255598136583135,0.5736197033039288,-1.2185597915917201
33,7,Joey Graziadei,Jenna Johnson,0.0,0.0,0.0,0.0,0.0,0.0,0.0,0.0,0.0,0.0,0.0,0.0016481508528389105,0.9285396812132627,-0.5657469817213447,-1.1712692126577566,0.47673434057608705,0.9001601189168978,-1.25562685229835,0.6985981950197071,-0.9050353345198388
33,8,Joey Graziadei,Jenna Johnson,0.0,0.0,0.0,0.0,0.0,0.0,0.0,0.0,0.0,0.0,0.0,0.0016481508528389105,0.9285396812132627,-0.5657469817213447,-1.5049398576578494,1.156542334554004,1.5186664571706083,0.1621940996768863,0.4486412115881504,-1.2185597915917201
33,9,Joey Graziadei,Jenna Johnson,0.0,0.0,0.0,0.0,0.0,0.0,0.0,0.0,0.0,0.0,0.0,0.0016481508528389105,0.9285396812132627,-0.5657469817213447,-1.5049398576578494,1.0205807357584193,1.4416121201938537,-0.0741093923189864,0.6152792005425215,-0.9050353345198388
33,1,Phaedra Parks,Val Chmerkovskiy,0.0,0.0,0.0,0.0,0.0,0.0,0.0,0.0,0.0,0.0,1.0,0.9187960430313467,-1.4528262721353111,1.144276203549807,1.1644253023428932,-0.26218739200860464,-0.7650492533046328,-0.19226113831692276,-1.0927601862397827,0.3490624937676864
33,2,Phaedra Parks,Val Chmerkovskiy,0.0,0.0,0.0,0.0,0.0,0.0,0.0,0.0,0.0,0.0,1.0,0.9187960430313467,-1.4528262721353111,1.144276203549807,1.1644253023428932,0.136830343587129,-0.686617254613009,0.2803458456748227,-0.9261221972854116,0.03553803669580512
33,3,Phaedra Parks,Val Chmerkovskiy,0.0,0.0,0.0,0.0,0.0,0.0,0.0,0.0,0.0,0.0,1.0,0.9187960430313467,-1.4528262721353111,1.144276203549807,0.4970840123427075,-0.47499685099299566,-0.5699064942957882,1.461863305654186,-0.17625124699074143,0.6625869508395678
33,4,Phaedra Parks,Val Chmerkovskiy,0.0,0.0,0.0,0.0,0.0,0.0,0.0,0.0,0.0,0.0,1.0,0.9187960430313467,-1.4528262721353111,1.144276203549807,-0.17025727765747814,0.25013167591678137,-0.20524753203081542,0.7529528296665682,0.7402576922583,-0.2779864203760762
33,5,Phaedra Parks,Val Chmerkovskiy,0.0,0.0,0.0,0.0,0.0,0.0,0.0,0.0,0.0,0.0,1.0,0.9187960430313467,-1.4528262721353111,1.144276203549807,-0.503927922657571,0.25013167591678137,-0.03042875070784258,-2.082689074283904,0.4069817143495576,0.3490624937676864
33,1,Reginald VelJohnson,Emma Slater,0.0,0.0,0.0,0.0,0.0,0.0,0.0,0.0,0.0,0.0,0.0,0.8819463509348887,-1.1179466849456678,2.9320277154241934,1.1644253023428932,-1.3262346869305615,-0.9780540497513582,-0.19226113831692276,-1.5926741531028963,2.230209236198974
33,2,Reginald VelJohnson,Emma Slater,0.0,0.0,0.0,0.0,0.0,0.0,0.0,0.0,0.0,0.0,0.0,0.8819463509348887,-1.1179466849456678,2.9320277154241934,1.1644253023428932,-1.902593638346621,-1.0944636478094514,-0.42856463031279546,-1.6759931475800818,2.230209236198974
33,3,Reginald VelJohnson,Emma Slater,0.0,0.0,0.0,0.0,0.0,0.0,0.0,0.0,0.0,0.0,0.0,0.8819463509348887,-1.1179466849456678,2.9320277154241934,0.4970840123427075,-2.106536036539996,-0.95594977842198,1.2255598136583135,-1.2593981751941539,1.916684779127093
33,1,Stephen Nedoroscik,Rylee Arnold,0.0,0.0,0.0,0.0,0.0,0.0,0.0,0.0,0.0,0.0,0.0,0.13266927830691153,-1.4528262721353111,-0.7989319615310473,1.1644253023428932,0.44717747127270013,-0.6230460556734836,-0.19226113831692276,-0.7594842083310405,-0.5915108774479575
33,2,Stephen Nedoroscik,Rylee Arnold,0.0,0.0,0.0,0.0,0.0,0.0,0.0,0.0,0.0,0.0,0.0,0.13266927830691153,-1.4528262721353111,-0.7989319615310473,1.1644253023428932,0.47673434057608705,-0.6186428557469364,0.04404235367894996,-0.6761652138538549,-0.9050353345198388
33,3,Stephen Nedoroscik,Rylee Arnold,0.0,0.0,0.0,0.0,0.0,0.0,0.0,0.0,0.0,0.0,0.0,0.13266927830691153,-1.4528262721353111,-0.7989319615310473,0.4970840123427075,0.22423422852714656,-0.40445937252742103,1.9344702896459318,0.15702473091800087,-0.5915108774479575
33,4,Stephen Nedoroscik,Rylee Arnold,0.0,0.0,0.0,0.0,0.0,0.0,0.0,0.0,0.0,0.0,0.0,0.13266927830691153,-1.4528262721353111,-0.7989319615310473,-0.17025727765747814,0.47673434057608705,-0.14559652894426067,0.2803458456748227,1.0735336701670422,-0.5915108774479575
33,5,Stephen Nedoroscik,Rylee Arnold,0.0,0.0,0.0,0.0,0.0,0.0,0.0,0.0,0.0,0.0,0.0,0.13266927830691153,-1.4528262721353111,-0.7989319615310473,-0.503927922657571,0.25013167591678137,-0.03042875070784258,-2.318992566279777,0.4903007088267432,0.3490624937676864
33,6,Stephen Nedoroscik,Rylee Arnold,0.0,0.0,0.0,0.0,0.0,0.0,0.0,0.0,0.0,0.0,0.0,0.13266927830691153,-1.4528262721353111,-0.7989319615310473,-0.8375985676576638,0.136830343587129,0.2696439488524334,0.7529528296665682,0.0737057364408153,0.03553803669580512
33,7,Stephen Nedoroscik,Rylee Arnold,0.0,0.0,0.0,0.0,0.0,0.0,0.0,0.0,0.0,0.0,0.0,0.13266927830691153,-1.4528262721353111,-0.7989319615310473,-1.1712692126577566,0.3407727417805042,0.8453557598311262,-0.42856463031279546,0.32366271987237205,-0.5915108774479575
33,8,Stephen Nedoroscik,Rylee Arnold,0.0,0.0,0.0,0.0,0.0,0.0,0.0,0.0,0.0,0.0,0.0,0.13266927830691153,-1.4528262721353111,-0.7989319615310473,-1.5049398576578494,0.4532926856113329,1.2054986909661967,-0.3104128843148591,0.19868422815659367,0.03553803669580512
33,9,Stephen Nedoroscik,Rylee Arnold,0.0,0.0,0.0,0.0,0.0,0.0,0.0,0.0,0.0,0.0,0.0,0.13266927830691153,-1.4528262721353111,-0.7989319615310473,-1.5049398576578494,1.0205807357584193,1.4416121201938537,0.5166493376706954,0.4069817143495576,-0.9050353345198388
33,1,Tori Spelling,Pasha Pashkov,0.0,0.0,0.0,1.0,0.0,0.0,0.0,0.0,0.0,0.0,1.0,2.3506697930651397,-0.6873872157018412,1.144276203549807,1.1644253023428932,-0.9715522552899094,-0.9070524509357837,-0.19226113831692276,-1.426036164148525,1.916684779127093
33,2,Tori Spelling,Pasha Pashkov,0.0,0.0,0.0,1.0,0.0,0.0,0.0,0.0,0.0,0.0,1.0,2.3506697930651397,-0.6873872157018412,1.144276203549807,1.1644253023428932,-0.5429776503907879,-0.8225660523451576,0.2803458456748227,-1.2593981751941539,1.2896358649833304
34,1,Alix Earle,Val Chmerkovskiy (Joey Graziadei week 9),0.0,0.0,0.0,0.0,0.0,0.0,0.0,0.0,0.0,0.0,0.0,-2.618774398228612,3.9052471228989805,-0.9543886147375157,1.498095947342986,0.06884954418933757,-0.7239202783809766,-0.19226113831692276,-2.0925881199660097,-0.2779864203760762
34,2,Alix Earle,Val Chmerkovskiy (Joey Graziadei week 9),0.0,0.0,0.0,0.0,0.0,0.0,0.0,0.0,0.0,0.0,0.0,-2.618774398228612,3.9052471228989805,-0.9543886147375157,1.498095947342986,0.7857379742024134,-0.789312389590531,1.698166797650059,-1.426036164148525,0.03553803669580512
34,3,Alix Earle,Val Chmerkovskiy (Joey Graziadei week 9),0.0,0.0,0.0,0.0,0.0,0.0,0.0,0.0,0.0,0.0,0.0,-2.618774398228612,3.9052471228989805,-0.9543886147375157,0.8307546573428003,0.816638337565046,-0.5445851449200848,0.2803458456748227,-0.5928462193766693,-0.5915108774479575
34,4,Alix Earle,Val Chmerkovskiy (Joey Graziadei week 9),0.0,0.0,0.0,0.0,0.0,0.0,0.0,0.0,0.0,0.0,0.0,-2.618774398228612,3.9052471228989805,-0.9543886147375157,0.4970840123427075,0.8302344974446038,-0.4169123816927813,0.04404235367894996,-0.34288923594511256,-0.9050353345198388
34,5,Alix Earle,Val Chmerkovskiy (Joey Graziadei week 9),0.0,0.0,0.0,0.0,0.0,0.0,0.0,0.0,0.0,0.0,0.0,-2.618774398228612,3.9052471228989805,-0.9543886147375157,0.16341336734261466,0.9299396698946983,-0.15302908204450164,2.407077273637677,0.6569386977811144,-0.9050353345198388
34,6,Alix Earle,Val Chmerkovskiy (Joey Graziadei week 9),0.0,0.0,0.0,0.0,0.0,0.0,0.0,0.0,0.0,0.0,0.0,-2.618774398228612,3.9052471228989805,-0.9543886147375157,0.16341336734261466,0.3198555727350299,-0.3087595667986589,-0.19226113831692276,1.5734476370301556,0.3490624937676864
34,7,Alix Earle,Val Chmerkovskiy (Joey Graziadei week 9),0.0,0.0,0.0,0.0,0.0,0.0,0.0,0.0,0.0,0.0,0.0,-2.618774398228612,3.9052471228989805,-0.9543886147375157,-0.17025727765747814,1.156542334554004,0.15732995058565202,1.698166797650059,2.2399995928476404,-1.2185597915917201
34,8,Alix Earle,Val Chmerkovskiy (Joey Graziadei week 9),0.0,0.0,0.0,0.0,0.0,0.0,0.0,0.0,0.0,0.0,0.0,-2.618774398228612,3.9052471228989805,-0.9543886147375157,-0.503927922657571,0.9500183870164088,0.1253555398021291,-1.25562685229835,2.5316160735177897,-0.5915108774479575
34,9,Alix Earle,Val Chmerkovskiy (Joey Graziadei week 9),0.0,0.0,0.0,0.0,0.0,0.0,0.0,0.0,0.0,0.0,0.0,-2.618774398228612,3.9052471228989805,-0.9543886147375157,-0.8375985676576638,0.7680806237094807,0.4840529480804811,0.1621940996768863,2.281659090086233,-0.2779864203760762
34,10,Alix Earle,Val Chmerkovskiy (Joey Graziadei week 9),0.0,0.0,0.0,0.0,0.0,0.0,0.0,0.0,0.0,0.0,0.0,-2.618774398228612,3.9052471228989805,-0.9543886147375157,-1.1712692126577566,1.0182763018805299,0.8428067198736481,-2.7915995502715227,1.49012864255297,-0.9050353345198388
34,11,Alix Earle,Val Chmerkovskiy (Joey Graziadei week 9),0.0,0.0,0.0,0.0,0.0,0.0,0.0,0.0,0.0,0.0,0.0,-2.618774398228612,3.9052471228989805,-0.9543886147375157,-1.5049398576578494,1.156542334554004,1.4488335289029517,0.04404235367894996,0.6569386977811144,-1.2185597915917201
34,1,Andy Richter,Emma Slater/Kaitlyn Bristowe (week 9),0.0,0.0,0.0,1.0,0.0,0.0,0.0,0.0,0.0,0.0,0.0,0.3292009694880202,-1.4528262721353111,1.7661028163756805,1.498095947342986,-2.106536036539996,-1.1516616175870007,-0.19226113831692276,-2.759140075783494,2.543733693270856
34,2,Andy Richter,Emma Slater/Kaitlyn Bristowe (week 9),0.0,0.0,0.0,1.0,0.0,0.0,0.0,0.0,0.0,0.0,0.0,0.3292009694880202,-1.4528262721353111,1.7661028163756805,1.498095947342986,-1.0682838275555413,-1.104733161307204,1.461863305654186,-2.1759071144431954,2.543733693270856
34,3,Andy Richter,Emma Slater/Kaitlyn Bristowe (week 9),0.0,0.0,0.0,1.0,0.0,0.0,0.0,0.0,0.0,0.0,0.0,0.3292009694880202,-1.4528262721353111,1.7661028163756805,0.8307546573428003,-0.8828816473797461,-0.8857795983723623,0.2803458456748227,-1.426036164148525,1.916684779127093
34,4,Andy Richter,Emma Slater/Kaitlyn Bristowe (week 9),0.0,0.0,0.0,1.0,0.0,0.0,0.0,0.0,0.0,0.0,0.0,0.3292009694880202,-1.4528262721353111,1.7661028163756805,0.4970840123427075,-1.1276125252117963,-0.8412041939697252,-0.19226113831692276,-1.2593981751941539,1.916684779127093
34,5,Andy Richter,Emma Slater/Kaitlyn Bristowe (week 9),0.0,0.0,0.0,1.0,0.0,0.0,0.0,0.0,0.0,0.0,0.0,0.3292009694880202,-1.4528262721353111,1.7661028163756805,0.16341336734261466,-1.562689641357663,-0.7693592545106899,1.2255598136583135,-0.7594842083310405,1.6031603220552115
34,6,Andy Richter,Emma Slater/Kaitlyn Bristowe (week 9),0.0,0.0,0.0,1.0,0.0,0.0,0.0,0.0,0.0,0.0,0.0,0.3292009694880202,-1.4528262721353111,1.7661028163756805,0.16341336734261466,-1.3535179509029192,-0.7214041528562356,0.5166493376706954,-0.009613258036370276,1.6031603220552115
34,7,Andy Richter,Emma Slater/Kaitlyn Bristowe (week 9),0.0,0.0,0.0,1.0,0.0,0.0,0.0,0.0,0.0,0.0,0.0,0.3292009694880202,-1.4528262721353111,1.7661028163756805,-0.17025727765747814,-1.4994516884294846,-0.5821987503307883,0.2803458456748227,0.4069817143495576,1.2896358649833304
34,8,Andy Richter,Emma Slater/Kaitlyn Bristowe (week 9),0.0,0.0,0.0,1.0,0.0,0.0,0.0,0.0,0.0,0.0,0.0,0.3292009694880202,-1.4528262721353111,1.7661028163756805,-0.503927922657571,0.02066062309723213,-0.13639662299558786,0.9892563216624407,0.9902146756898567,0.976111407911449
34,9,Andy Richter,Emma Slater/Kaitlyn Bristowe (week 9),0.0,0.0,0.0,1.0,0.0,0.0,0.0,0.0,0.0,0.0,0.0,0.3292009694880202,-1.4528262721353111,1.7661028163756805,-0.8375985676576638,-1.368458785935401,-0.23043351111180374,-1.3737785982962865,0.9902146756898567,0.6625869508395678
34,1,Baron Davis,Britt Stewart,0.0,0.0,0.0,1.0,0.0,0.0,0.0,0.0,0.0,0.0,1.0,2.0979861901179997,-1.4528262721353111,0.7556345705336363,1.498095947342986,-1.562689641357663,-1.0447262827854955,-0.19226113831692276,-2.592502086829123,1.2896358649833304
34,2,Baron Davis,Britt Stewart,0.0,0.0,0.0,1.0,0.0,0.0,0.0,0.0,0.0,0.0,1.0,2.0979861901179997,-1.4528262721353111,0.7556345705336363,1.498095947342986,-0.32667510685235923,-0.9785648526205342,1.698166797650059,-1.9259501310116385,1.916684779127093
34,1,Corey Feldman,Jenna Johnson,0.0,0.0,0.0,1.0,0.0,0.0,0.0,0.0,0.0,0.0,1.0,0.0016481508528389105,0.9285396812132627,1.3774611833595096,1.498095947342986,-2.106536036539996,-1.1516616175870007,-0.19226113831692276,-2.759140075783494,2.543733693270856
34,2,Corey Feldman,Jenna Johnson,0.0,0.0,0.0,1.0,0.0,0.0,0.0,0.0,0.0,0.0,1.0,0.0016481508528389105,0.9285396812132627,1.3774611833595096,1.498095947342986,-1.4390881879071329,-1.1678173156505376,1.2255598136583135,-2.2592261089203807,2.8572581503427372
34,1,Danielle Fishel,Pasha Pashkov,0.0,0.0,0.0,1.0,0.0,0.0,0.0,0.0,0.0,0.0,0.0,2.3506697930651397,-0.6873872157018412,0.6001779173271679,1.498095947342986,-0.47499685099299566,-0.8308556131824836,-0.19226113831692276,-2.2592261089203807,0.3490624937676864
34,2,Danielle Fishel,Pasha Pashkov,0.0,0.0,0.0,1.0,0.0,0.0,0.0,0.0,0.0,0.0,0.0,2.3506697930651397,-0.6873872157018412,0.6001779173271679,1.498095947342986,0.04412925349923135,-0.9154806982771992,1.461863305654186,-1.6759931475800818,1.6031603220552115
34,3,Danielle Fishel,Pasha Pashkov,0.0,0.0,0.0,1.0,0.0,0.0,0.0,0.0,0.0,0.0,0.0,2.3506697930651397,-0.6873872157018412,0.6001779173271679,0.8307546573428003,0.136830343587129,-0.6810629263009959,0.2803458456748227,-0.9261221972854116,0.976111407911449
34,4,Danielle Fishel,Pasha Pashkov,0.0,0.0,0.0,1.0,0.0,0.0,0.0,0.0,0.0,0.0,0.0,2.3506697930651397,-0.6873872157018412,0.6001779173271679,0.4970840123427075,-0.14868901388359626,-0.6290582878312531,-0.19226113831692276,-0.7594842083310405,1.2896358649833304
34,5,Danielle Fishel,Pasha Pashkov,0.0,0.0,0.0,1.0,0.0,0.0,0.0,0.0,0.0,0.0,0.0,2.3506697930651397,-0.6873872157018412,0.6001779173271679,0.16341336734261466,-0.4296763180611347,-0.4892091761169676,1.698166797650059,-0.09293225251355586,0.976111407911449
34,6,Danielle Fishel,Pasha Pashkov,0.0,0.0,0.0,1.0,0.0,0.0,0.0,0.0,0.0,0.0,0.0,2.3506697930651397,-0.6873872157018412,0.6001779173271679,0.16341336734261466,0.5290272631897746,-0.2571789935414625,1.461863305654186,1.1568526646442279,-0.5915108774479575
34,7,Danielle Fishel,Pasha Pashkov,0.0,0.0,0.0,1.0,0.0,0.0,0.0,0.0,0.0,0.0,0.0,2.3506697930651397,-0.6873872157018412,0.6001779173271679,-0.17025727765747814,-0.36116853572227503,-0.26525787850945687,-0.42856463031279546,1.6567666315073413,0.3490624937676864
34,8,Danielle Fishel,Pasha Pashkov,0.0,0.0,0.0,1.0,0.0,0.0,0.0,0.0,0.0,0.0,0.0,2.3506697930651397,-0.6873872157018412,0.6001779173271679,-0.503927922657571,0.6402324657100157,0.03810481886955614,0.2803458456748227,1.7400856259845268,0.6625869508395678
34,1,Dylan Efron,Daniella Karagach (Rumer Willis week 9),0.0,0.0,0.0,1.0,0.0,0.0,0.0,0.0,0.0,0.0,0.0,-1.4395842511419592,-1.4528262721353111,-0.25483367530840806,1.498095947342986,-1.562689641357663,-1.0447262827854955,-0.19226113831692276,-2.592502086829123,1.2896358649833304
34,2,Dylan Efron,Daniella Karagach (Rumer Willis week 9),0.0,0.0,0.0,1.0,0.0,0.0,0.0,0.0,0.0,0.0,0.0,-1.4395842511419592,-1.4528262721353111,-0.25483367530840806,1.498095947342986,0.41493361385082284,-0.8523965439338661,2.1707737816418047,-1.7593121420572673,1.2896358649833304
34,3,Dylan Efron,Daniella Karagach (Rumer Willis week 9),0.0,0.0,0.0,1.0,0.0,0.0,0.0,0.0,0.0,0.0,0.0,-1.4395842511419592,-1.4528262721353111,-0.25483367530840806,0.8307546573428003,0.816638337565046,-0.5445851449200848,0.5166493376706954,-0.6761652138538549,-0.5915108774479575
34,4,Dylan Efron,Daniella Karagach (Rumer Willis week 9),0.0,0.0,0.0,1.0,0.0,0.0,0.0,0.0,0.0,0.0,0.0,-1.4395842511419592,-1.4528262721353111,-0.25483367530840806,0.4970840123427075,0.5039266603352043,-0.48762768373893967,-0.19226113831692276,-0.42620823042229816,0.03553803669580512
34,5,Dylan Efron,Daniella Karagach (Rumer Willis week 9),0.0,0.0,0.0,1.0,0.0,0.0,0.0,0.0,0.0,0.0,0.0,-1.4395842511419592,-1.4528262721353111,-0.25483367530840806,0.16341336734261466,1.156542334554004,-0.09699906636575795,2.879684257629423,0.6569386977811144,-1.2185597915917201
34,6,Dylan Efron,Daniella Karagach (Rumer Willis week 9),0.0,0.0,0.0,1.0,0.0,0.0,0.0,0.0,0.0,0.0,0.0,-1.4395842511419592,-1.4528262721353111,-0.25483367530840806,0.16341336734261466,-0.3076594986292014,-0.46350128657025,-1.1374751063004138,1.4068096480757846,0.6625869508395678
34,7,Dylan Efron,Daniella Karagach (Rumer Willis week 9),0.0,0.0,0.0,1.0,0.0,0.0,0.0,0.0,0.0,0.0,0.0,-1.4395842511419592,-1.4528262721353111,-0.25483367530840806,-0.17025727765747814,0.2079730406313297,-0.10678744259879042,1.2255598136583135,1.5734476370301556,-0.2779864203760762
34,8,Dylan Efron,Daniella Karagach (Rumer Willis week 9),0.0,0.0,0.0,1.0,0.0,0.0,0.0,0.0,0.0,0.0,0.0,-1.4395842511419592,-1.4528262721353111,-0.25483367530840806,-0.503927922657571,0.8467564132476117,0.09627196615793755,-0.19226113831692276,2.073361603893269,-0.2779864203760762
34,9,Dylan Efron,Daniella Karagach (Rumer Willis week 9),0.0,0.0,0.0,1.0,0.0,0.0,0.0,0.0,0.0,0.0,0.0,-1.4395842511419592,-1.4528262721353111,-0.25483367530840806,-0.8375985676576638,1.156542334554004,0.6139595770245326,0.7529528296665682,2.4066375818020114,-1.2185597915917201
34,10,Dylan Efron,Daniella Karagach (Rumer Willis week 9),0.0,0.0,0.0,1.0,0.0,0.0,0.0,0.0,0.0,0.0,0.0,-1.4395842511419592,-1.4528262721353111,-0.25483367530840806,-1.1712692126577566,0.6034782038601053,0.6898643224249816,-3.618661772257077,1.531788139791563,0.3490624937676864
34,11,Dylan Efron,Daniella Karagach (Rumer Willis week 9),0.0,0.0,0.0,1.0,0.0,0.0,0.0,0.0,0.0,0.0,0.0,-1.4395842511419592,-1.4528262721353111,-0.25483367530840806,-1.5049398576578494,0.9752239464002145,1.3696418457399404,0.24093042320991137,0.47640310054794904,-0.2779864203760762
34,1,Elaine Hendrix,Alan Bersten (Rashad Jennings week 9),0.0,0.0,0.0,0.0,0.0,0.0,0.0,0.0,0.0,0.0,0.0,-0.8499891775986328,-1.4528262721353111,1.4551895099627439,1.498095947342986,-0.47499685099299566,-0.8308556131824836,-0.19226113831692276,-2.2592261089203807,0.3490624937676864
34,2,Elaine Hendrix,Alan Bersten (Rashad Jennings week 9),0.0,0.0,0.0,0.0,0.0,0.0,0.0,0.0,0.0,0.0,0.0,-0.8499891775986328,-1.4528262721353111,1.4551895099627439,1.498095947342986,0.7857379742024134,-0.789312389590531,1.9344702896459318,-1.5093551586257106,0.03553803669580512
34,3,Elaine Hendrix,Alan Bersten (Rashad Jennings week 9),0.0,0.0,0.0,0.0,0.0,0.0,0.0,0.0,0.0,0.0,0.0,-0.8499891775986328,-1.4528262721353111,1.4551895099627439,0.8307546573428003,0.136830343587129,-0.6810629263009959,-0.19226113831692276,-0.7594842083310405,0.976111407911449
34,4,Elaine Hendrix,Alan Bersten (Rashad Jennings week 9),0.0,0.0,0.0,0.0,0.0,0.0,0.0,0.0,0.0,0.0,0.0,-0.8499891775986328,-1.4528262721353111,1.4551895099627439,0.4970840123427075,0.8302344974446038,-0.4169123816927813,0.5166493376706954,-0.5095272248994838,-0.9050353345198388
34,5,Elaine Hendrix,Alan Bersten (Rashad Jennings week 9),0.0,0.0,0.0,0.0,0.0,0.0,0.0,0.0,0.0,0.0,0.0,-0.8499891775986328,-1.4528262721353111,1.4551895099627439,0.16341336734261466,-0.20307365340182904,-0.4331791604382239,1.2255598136583135,0.24034372539518645,0.3490624937676864
34,6,Elaine Hendrix,Alan Bersten (Rashad Jennings week 9),0.0,0.0,0.0,0.0,0.0,0.0,0.0,0.0,0.0,0.0,0.0,-0.8499891775986328,-1.4528262721353111,1.4551895099627439,0.16341336734261466,0.5290272631897746,-0.2571789935414625,1.2255598136583135,1.2401716591214134,-0.5915108774479575
34,7,Elaine Hendrix,Alan Bersten (Rashad Jennings week 9),0.0,0.0,0.0,0.0,0.0,0.0,0.0,0.0,0.0,0.0,0.0,-0.8499891775986328,-1.4528262721353111,1.4551895099627439,-0.17025727765747814,-0.9303101120758798,-0.4237283144201216,-1.1374751063004138,1.4068096480757846,0.976111407911449
34,8,Elaine Hendrix,Alan Bersten (Rashad Jennings week 9),0.0,0.0,0.0,0.0,0.0,0.0,0.0,0.0,0.0,0.0,0.0,-0.8499891775986328,-1.4528262721353111,1.4551895099627439,-0.503927922657571,0.7434944394788129,0.0671883925137477,1.107408067660377,1.531788139791563,0.3490624937676864
34,9,Elaine Hendrix,Alan Bersten (Rashad Jennings week 9),0.0,0.0,0.0,0.0,0.0,0.0,0.0,0.0,0.0,0.0,0.0,-0.8499891775986328,-1.4528262721353111,1.4551895099627439,-0.8375985676576638,-0.00884279797956782,0.2242396901923775,-0.5467163763107318,1.8650641177003051,0.3490624937676864
34,10,Elaine Hendrix,Alan Bersten (Rashad Jennings week 9),0.0,0.0,0.0,0.0,0.0,0.0,0.0,0.0,0.0,0.0,0.0,-0.8499891775986328,-1.4528262721353111,1.4551895099627439,-1.1712692126577566,0.8800102692070547,0.7918259207240923,-1.964537328285968,1.115193167405635,-0.2779864203760762
34,11,Elaine Hendrix,Alan Bersten (Rashad Jennings week 9),0.0,0.0,0.0,0.0,0.0,0.0,0.0,0.0,0.0,0.0,0.0,-0.8499891775986328,-1.4528262721353111,1.4551895099627439,-1.5049398576578494,0.8845647523233188,1.3300460041584365,-0.07415665301738548,0.5319435422664406,0.03553803669580512
34,1,Hilaria Baldwin,Gleb Savchenko,0.0,0.0,0.0,0.0,0.0,0.0,0.0,0.0,0.0,0.0,0.0,1.1909168462051898,-1.4528262721353111,0.36699293751746537,1.498095947342986,0.6126959393716699,-0.6169849435794716,-0.19226113831692276,-1.9259501310116385,-0.5915108774479575
34,2,Hilaria Baldwin,Gleb Savchenko,0.0,0.0,0.0,0.0,0.0,0.0,0.0,0.0,0.0,0.0,0.0,1.1909168462051898,-1.4528262721353111,0.36699293751746537,1.498095947342986,0.7857379742024134,-0.789312389590531,1.461863305654186,-1.3427171696713396,0.03553803669580512
34,3,Hilaria Baldwin,Gleb Savchenko,0.0,0.0,0.0,0.0,0.0,0.0,0.0,0.0,0.0,0.0,0.0,1.1909168462051898,-1.4528262721353111,0.36699293751746537,0.8307546573428003,0.47673434057608705,-0.6128240356105403,0.04404235367894996,-0.6761652138538549,0.03553803669580512
34,4,Hilaria Baldwin,Gleb Savchenko,0.0,0.0,0.0,0.0,0.0,0.0,0.0,0.0,0.0,0.0,0.0,1.1909168462051898,-1.4528262721353111,0.36699293751746537,0.4970840123427075,0.5039266603352043,-0.48762768373893967,0.04404235367894996,-0.5095272248994838,0.03553803669580512
34,1,Jen Affleck,Jan Ravnik,0.0,0.0,0.0,0.0,0.0,0.0,0.0,0.0,0.0,0.0,0.0,1.508391116574673,-1.4528262721353111,-0.7989319615310473,1.498095947342986,-0.47499685099299566,-0.8308556131824836,-0.19226113831692276,-2.2592261089203807,0.3490624937676864
34,2,Jen Affleck,Jan Ravnik,0.0,0.0,0.0,0.0,0.0,0.0,0.0,0.0,0.0,0.0,0.0,1.508391116574673,-1.4528262721353111,-0.7989319615310473,1.498095947342986,1.156542334554004,-0.726228235247196,2.1707737816418047,-1.426036164148525,-1.2185597915917201
34,3,Jen Affleck,Jan Ravnik,0.0,0.0,0.0,0.0,0.0,0.0,0.0,0.0,0.0,0.0,0.0,1.508391116574673,-1.4528262721353111,-0.7989319615310473,0.8307546573428003,-0.5429776503907879,-0.8175407076819068,-0.9011716143045408,-0.8428032028082261,1.6031603220552115
34,4,Jen Affleck,Jan Ravnik,0.0,0.0,0.0,0.0,0.0,0.0,0.0,0.0,0.0,0.0,0.0,1.508391116574673,-1.4528262721353111,-0.7989319615310473,0.4970840123427075,0.5039266603352043,-0.48762768373893967,0.7529528296665682,-0.7594842083310405,0.03553803669580512
34,5,Jen Affleck,Jan Ravnik,0.0,0.0,0.0,0.0,0.0,0.0,0.0,0.0,0.0,0.0,0.0,1.508391116574673,-1.4528262721353111,-0.7989319615310473,0.16341336734261466,-0.4296763180611347,-0.4892091761169676,1.2255598136583135,0.0737057364408153,0.976111407911449
34,6,Jen Affleck,Jan Ravnik,0.0,0.0,0.0,0.0,0.0,0.0,0.0,0.0,0.0,0.0,0.0,1.508391116574673,-1.4528262721353111,-0.7989319615310473,0.16341336734261466,-0.3076594986292014,-0.46350128657025,0.5166493376706954,0.8235766867354855,0.6625869508395678
34,7,Jen Affleck,Jan Ravnik,0.0,0.0,0.0,0.0,0.0,0.0,0.0,0.0,0.0,0.0,0.0,1.508391116574673,-1.4528262721353111,-0.7989319615310473,-0.17025727765747814,-0.5508823945068103,-0.31808135714634583,0.2803458456748227,1.2401716591214134,0.6625869508395678
34,1,Jordan Chiles,Ezra Sosa (Apolo Anton Ohno week 9),0.0,0.0,0.0,0.0,0.0,0.0,0.0,0.0,0.0,0.0,0.0,-2.029179324685286,3.9052471228989805,-0.9543886147375157,1.498095947342986,-1.562689641357663,-1.0447262827854955,-0.19226113831692276,-2.592502086829123,1.2896358649833304
34,2,Jordan Chiles,Ezra Sosa (Apolo Anton Ohno week 9),0.0,0.0,0.0,0.0,0.0,0.0,0.0,0.0,0.0,0.0,0.0,-2.029179324685286,3.9052471228989805,-0.9543886147375157,1.498095947342986,1.156542334554004,-0.726228235247196,2.64338076563355,-1.5926741531028963,-1.2185597915917201
34,3,Jordan Chiles,Ezra Sosa (Apolo Anton Ohno week 9),0.0,0.0,0.0,0.0,0.0,0.0,0.0,0.0,0.0,0.0,0.0,-2.029179324685286,3.9052471228989805,-0.9543886147375157,0.8307546573428003,1.156542334554004,-0.4763462542296293,0.2803458456748227,-0.42620823042229816,-1.2185597915917201
34,4,Jordan Chiles,Ezra Sosa (Apolo Anton Ohno week 9),0.0,0.0,0.0,0.0,0.0,0.0,0.0,0.0,0.0,0.0,0.0,-2.029179324685286,3.9052471228989805,-0.9543886147375157,0.4970840123427075,0.8302344974446038,-0.4169123816927813,-0.19226113831692276,-0.259570241467927,-0.9050353345198388
34,5,Jordan Chiles,Ezra Sosa (Apolo Anton Ohno week 9),0.0,0.0,0.0,0.0,0.0,0.0,0.0,0.0,0.0,0.0,0.0,-2.029179324685286,3.9052471228989805,-0.9543886147375157,0.16341336734261466,0.25013167591678137,-0.32111912908073464,1.698166797650059,0.4069817143495576,0.03553803669580512
34,6,Jordan Chiles,Ezra Sosa (Apolo Anton Ohno week 9),0.0,0.0,0.0,0.0,0.0,0.0,0.0,0.0,0.0,0.0,0.0,-2.029179324685286,3.9052471228989805,-0.9543886147375157,0.16341336734261466,1.156542334554004,-0.10243727376987137,1.461863305654186,1.6567666315073413,-1.2185597915917201
34,7,Jordan Chiles,Ezra Sosa (Apolo Anton Ohno week 9),0.0,0.0,0.0,0.0,0.0,0.0,0.0,0.0,0.0,0.0,0.0,-2.029179324685286,3.9052471228989805,-0.9543886147375157,-0.17025727765747814,0.2079730406313297,-0.10678744259879042,-0.42856463031279546,2.1566805983704547,-0.2779864203760762
34,8,Jordan Chiles,Ezra Sosa (Apolo Anton Ohno week 9),0.0,0.0,0.0,0.0,0.0,0.0,0.0,0.0,0.0,0.0,0.0,-2.029179324685286,3.9052471228989805,-0.9543886147375157,-0.503927922657571,1.0532803607852068,0.15443911344631922,0.04404235367894996,2.1566805983704547,-0.9050353345198388
34,9,Jordan Chiles,Ezra Sosa (Apolo Anton Ohno week 9),0.0,0.0,0.0,0.0,0.0,0.0,0.0,0.0,0.0,0.0,0.0,-2.029179324685286,3.9052471228989805,-0.9543886147375157,-0.8375985676576638,0.5738497682872186,0.4190996336084551,-0.19226113831692276,2.2399995928476404,0.03553803669580512
34,10,Jordan Chiles,Ezra Sosa (Apolo Anton Ohno week 9),0.0,0.0,0.0,0.0,0.0,0.0,0.0,0.0,0.0,0.0,0.0,-2.029179324685286,3.9052471228989805,-0.9543886147375157,-1.1712692126577566,0.8800102692070547,0.7918259207240923,-2.6734478042735863,1.3651501508371917,-0.2779864203760762
34,11,Jordan Chiles,Ezra Sosa (Apolo Anton Ohno week 9),0.0,0.0,0.0,0.0,0.0,0.0,0.0,0.0,0.0,0.0,0.0,-2.029179324685286,3.9052471228989805,-0.9543886147375157,-1.5049398576578494,1.06588314047711,1.4092376873214458,0.0834105154454629,0.587500647783828,-0.9050353345198388
34,1,Lauren Jauregui,Brandon Armstrong,0.0,0.0,0.0,0.0,0.0,0.0,0.0,0.0,0.0,0.0,0.0,1.582090500767589,-0.7830670977560247,-0.5657469817213447,1.498095947342986,0.06884954418933757,-0.7239202783809766,-0.19226113831692276,-2.0925881199660097,-0.2779864203760762
34,2,Lauren Jauregui,Brandon Armstrong,0.0,0.0,0.0,0.0,0.0,0.0,0.0,0.0,0.0,0.0,0.0,1.582090500767589,-0.7830670977560247,-0.5657469817213447,1.498095947342986,0.7857379742024134,-0.789312389590531,1.698166797650059,-1.426036164148525,0.03553803669580512
34,3,Lauren Jauregui,Brandon Armstrong,0.0,0.0,0.0,0.0,0.0,0.0,0.0,0.0,0.0,0.0,0.0,1.582090500767589,-0.7830670977560247,-0.5657469817213447,0.8307546573428003,-0.8828816473797461,-0.8857795983723623,-0.9011716143045408,-1.0094411917625972,1.916684779127093
34,1,Robert Irwin,Witney Carson (Xoshitl Gomez week 9),0.0,0.0,0.0,0.0,0.0,0.0,0.0,0.0,0.0,0.0,0.0,-3.2083694717719387,3.9052471228989805,-1.109845267943984,1.498095947342986,1.156542334554004,-0.5100496087779647,-0.19226113831692276,-1.7593121420572673,-1.2185597915917201
34,2,Robert Irwin,Witney Carson (Xoshitl Gomez week 9),0.0,0.0,0.0,0.0,0.0,0.0,0.0,0.0,0.0,0.0,0.0,-3.2083694717719387,3.9052471228989805,-1.109845267943984,1.498095947342986,1.156542334554004,-0.726228235247196,1.461863305654186,-1.1760791807169684,-1.2185597915917201
34,3,Robert Irwin,Witney Carson (Xoshitl Gomez week 9),0.0,0.0,0.0,0.0,0.0,0.0,0.0,0.0,0.0,0.0,0.0,-3.2083694717719387,3.9052471228989805,-1.109845267943984,0.8307546573428003,0.47673434057608705,-0.6128240356105403,-0.19226113831692276,-0.5928462193766693,0.03553803669580512
34,4,Robert Irwin,Witney Carson (Xoshitl Gomez week 9),0.0,0.0,0.0,0.0,0.0,0.0,0.0,0.0,0.0,0.0,0.0,-3.2083694717719387,3.9052471228989805,-1.109845267943984,0.4970840123427075,0.17761882322580402,-0.5583429857850963,-0.19226113831692276,-0.5928462193766693,0.976111407911449
34,5,Robert Irwin,Witney Carson (Xoshitl Gomez week 9),0.0,0.0,0.0,0.0,0.0,0.0,0.0,0.0,0.0,0.0,0.0,-3.2083694717719387,3.9052471228989805,-1.109845267943984,0.16341336734261466,0.9299396698946983,-0.15302908204450164,2.879684257629423,0.4903007088267432,-0.9050353345198388
34,6,Robert Irwin,Witney Carson (Xoshitl Gomez week 9),0.0,0.0,0.0,0.0,0.0,0.0,0.0,0.0,0.0,0.0,0.0,-3.2083694717719387,3.9052471228989805,-1.109845267943984,0.16341336734261466,0.5290272631897746,-0.2571789935414625,0.04404235367894996,1.6567666315073413,-0.5915108774479575
34,7,Robert Irwin,Witney Carson (Xoshitl Gomez week 9),0.0,0.0,0.0,0.0,0.0,0.0,0.0,0.0,0.0,0.0,0.0,-3.2083694717719387,3.9052471228989805,-1.109845267943984,-0.17025727765747814,0.7771146169849336,0.051682993311874315,0.9892563216624407,2.1566805983704547,-0.5915108774479575
34,8,Robert Irwin,Witney Carson (Xoshitl Gomez week 9),0.0,0.0,0.0,0.0,0.0,0.0,0.0,0.0,0.0,0.0,0.0,-3.2083694717719387,3.9052471228989805,-1.109845267943984,-0.503927922657571,0.8467564132476117,0.09627196615793755,-0.9011716143045408,2.3233185873248257,-0.2779864203760762
34,9,Robert Irwin,Witney Carson (Xoshitl Gomez week 9),0.0,0.0,0.0,0.0,0.0,0.0,0.0,0.0,0.0,0.0,0.0,-3.2083694717719387,3.9052471228989805,-1.109845267943984,-0.8375985676576638,1.156542334554004,0.6139595770245326,0.7529528296665682,2.4066375818020114,-1.2185597915917201
34,10,Robert Irwin,Witney Carson (Xoshitl Gomez week 9),0.0,0.0,0.0,0.0,0.0,0.0,0.0,0.0,0.0,0.0,0.0,-3.2083694717719387,3.9052471228989805,-1.109845267943984,-1.1712692126577566,1.156542334554004,0.8937875190232025,-3.1460547882653316,1.6984261287459341,-1.2185597915917201
34,11,Robert Irwin,Witney Carson (Xoshitl Gomez week 9),0.0,0.0,0.0,0.0,0.0,0.0,0.0,0.0,0.0,0.0,0.0,-3.2083694717719387,3.9052471228989805,-1.109845267943984,-1.5049398576578494,1.06588314047711,1.4092376873214458,-0.15289297655040976,0.6708196422610136,-0.9050353345198388
34,1,Scott Hoying,Rylee Arnold,0.0,0.0,0.0,1.0,0.0,0.0,0.0,0.0,0.0,0.0,0.0,0.13266927830691153,-1.4528262721353111,-0.1771053487051739,1.498095947342986,-1.562689641357663,-1.0447262827854955,-0.19226113831692276,-2.592502086829123,1.2896358649833304
34,2,Scott Hoying,Rylee Arnold,0.0,0.0,0.0,1.0,0.0,0.0,0.0,0.0,0.0,0.0,0.0,0.13266927830691153,-1.4528262721353111,-0.1771053487051739,1.498095947342986,-0.32667510685235923,-0.9785648526205342,1.698166797650059,-1.9259501310116385,1.916684779127093
34,3,Scott Hoying,Rylee Arnold,0.0,0.0,0.0,1.0,0.0,0.0,0.0,0.0,0.0,0.0,0.0,0.13266927830691153,-1.4528262721353111,-0.1771053487051739,0.8307546573428003,0.47673434057608705,-0.6128240356105403,0.7529528296665682,-0.9261221972854116,0.03553803669580512
34,4,Scott Hoying,Rylee Arnold,0.0,0.0,0.0,1.0,0.0,0.0,0.0,0.0,0.0,0.0,0.0,0.13266927830691153,-1.4528262721353111,-0.1771053487051739,0.4970840123427075,-0.14868901388359626,-0.6290582878312531,-0.42856463031279546,-0.6761652138538549,1.2896358649833304
34,5,Scott Hoying,Rylee Arnold,0.0,0.0,0.0,1.0,0.0,0.0,0.0,0.0,0.0,0.0,0.0,0.13266927830691153,-1.4528262721353111,-0.1771053487051739,0.16341336734261466,-0.20307365340182904,-0.4331791604382239,1.9344702896459318,-0.009613258036370276,0.3490624937676864
34,6,Scott Hoying,Rylee Arnold,0.0,0.0,0.0,1.0,0.0,0.0,0.0,0.0,0.0,0.0,0.0,0.13266927830691153,-1.4528262721353111,-0.1771053487051739,0.16341336734261466,-1.1443462604481756,-0.6698235795990393,-0.6648681223086682,0.5736197033039288,1.2896358649833304
34,1,Whitney Leavitt,Mark Ballas,0.0,0.0,0.0,0.0,0.0,0.0,0.0,0.0,0.0,0.0,0.0,-0.7376853540665704,1.098637249309589,-0.33256200191164226,1.498095947342986,1.156542334554004,-0.5100496087779647,-0.19226113831692276,-1.7593121420572673,-1.2185597915917201
34,2,Whitney Leavitt,Mark Ballas,0.0,0.0,0.0,0.0,0.0,0.0,0.0,0.0,0.0,0.0,0.0,-0.7376853540665704,1.098637249309589,-0.33256200191164226,1.498095947342986,1.156542334554004,-0.726228235247196,1.461863305654186,-1.1760791807169684,-1.2185597915917201
34,3,Whitney Leavitt,Mark Ballas,0.0,0.0,0.0,0.0,0.0,0.0,0.0,0.0,0.0,0.0,0.0,-0.7376853540665704,1.098637249309589,-0.33256200191164226,0.8307546573428003,1.156542334554004,-0.4763462542296293,0.2803458456748227,-0.42620823042229816,-1.2185597915917201
34,4,Whitney Leavitt,Mark Ballas,0.0,0.0,0.0,0.0,0.0,0.0,0.0,0.0,0.0,0.0,0.0,-0.7376853540665704,1.098637249309589,-0.33256200191164226,0.4970840123427075,1.156542334554004,-0.3461970796466243,0.04404235367894996,-0.17625124699074143,-1.2185597915917201
34,5,Whitney Leavitt,Mark Ballas,0.0,0.0,0.0,0.0,0.0,0.0,0.0,0.0,0.0,0.0,0.0,-0.7376853540665704,1.098637249309589,-0.33256200191164226,0.16341336734261466,0.47673434057608705,-0.26508911340199093,1.698166797650059,0.5736197033039288,-0.2779864203760762
34,6,Whitney Leavitt,Mark Ballas,0.0,0.0,0.0,0.0,0.0,0.0,0.0,0.0,0.0,0.0,0.0,-0.7376853540665704,1.098637249309589,-0.33256200191164226,0.16341336734261466,1.156542334554004,-0.10243727376987137,1.2255598136583135,1.7400856259845268,-1.2185597915917201
34,7,Whitney Leavitt,Mark Ballas,0.0,0.0,0.0,0.0,0.0,0.0,0.0,0.0,0.0,0.0,0.0,-0.7376853540665704,1.098637249309589,-0.33256200191164226,-0.17025727765747814,0.9668284757694687,0.1045064719487633,0.5166493376706954,2.489956576279197,-0.9050353345198388
34,8,Whitney Leavitt,Mark Ballas,0.0,0.0,0.0,0.0,0.0,0.0,0.0,0.0,0.0,0.0,0.0,-0.7376853540665704,1.098637249309589,-0.33256200191164226,-0.503927922657571,1.156542334554004,0.18352268709051076,-0.7830198683066045,2.5316160735177897,-1.2185597915917201
34,9,Whitney Leavitt,Mark Ballas,0.0,0.0,0.0,0.0,0.0,0.0,0.0,0.0,0.0,0.0,0.0,-0.7376853540665704,1.098637249309589,-0.33256200191164226,-0.8375985676576638,1.156542334554004,0.6139595770245326,0.39849759167275906,2.5316160735177897,-1.2185597915917201
34,10,Whitney Leavitt,Mark Ballas,0.0,0.0,0.0,0.0,0.0,0.0,0.0,0.0,0.0,0.0,0.0,-0.7376853540665704,1.098637249309589,-0.33256200191164226,-1.1712692126577566,1.0182763018805299,0.8428067198736481,-3.264206534263268,1.6567666315073413,-0.9050353345198388
