celebrity_name,ballroom_partner,celebrity_industry,celebrity_homestate,celebrity_homecountry/region,celebrity_age_during_season,season,results,placement,week1_judge1_score,week1_judge2_score,week1_judge3_score,week1_judge4_score,week2_judge1_score,week2_judge2_score,week2_judge3_score,week2_judge4_score,week3_judge1_score,week3_judge2_score,week3_judge3_score,week3_judge4_score,week4_judge1_score,week4_judge2_score,week4_judge3_score,week4_judge4_score,week5_judge1_score,week5_judge2_score,week5_judge3_score,week5_judge4_score,week6_judge1_score,week6_judge2_score,week6_judge3_score,week6_judge4_score,week7_judge1_score,week7_judge2_score,week7_judge3_score,week7_judge4_score,week8_judge1_score,week8_judge2_score,week8_judge3_score,week8_judge4_score,week9_judge1_score,week9_judge2_score,week9_judge3_score,week9_judge4_score,week10_judge1_score,week10_judge2_score,week10_judge3_score,week10_judge4_score,week11_judge1_score,week11_judge2_score,week11_judge3_score,week11_judge4_score,week1_total_judge_score,week2_total_judge_score,week3_total_judge_score,week4_total_judge_score,week5_total_judge_score,week6_total_judge_score,week7_total_judge_score,week8_total_judge_score,week9_total_judge_score,week10_total_judge_score,week11_total_judge_score,week1_judge_rank,week2_judge_rank,week3_judge_rank,week4_judge_rank,week5_judge_rank,week6_judge_rank,week7_judge_rank,week8_judge_rank,week9_judge_rank,week10_judge_rank,week11_judge_rank
John O'Hurley,Charlotte Jorgensen,Actor/Actress,Maine,United States,50,1,2nd Place,2,7.0,7.0,6.0,,8.0,9.0,9.0,,9.0,8.0,7.0,,7.0,8.0,6.0,,9.0,9.0,9.0,,9.0,9.0,9.0,,,,,,,,,,,,,,,,,,,,,,20.0,26.0,24.0,21.0,27.0,27.0,,,,,,1.0,1.0,2.0,2.0,1.0,2.0,,,,,
Kelly Monaco,Alec Mazo,Actor/Actress,Pennsylvania,United States,29,1,1st Place,1,5.0,4.0,4.0,,5.0,6.0,6.0,,6.0,7.0,8.0,,9.0,9.0,8.0,,8.5,7.5,7.5,,8.5,9.5,9.5,,,,,,,,,,,,,,,,,,,,,,13.0,17.0,21.0,26.0,23.5,27.5,,,,,,6.0,4.0,4.0,1.0,2.0,1.0,,,,,
Evander Holyfield,Edyta Sliwinska,Athlete,Alabama,United States,42,1,Eliminated Week 3,5,5.0,7.0,6.0,,5.0,4.0,5.0,,5.0,4.0,4.0,,0.0,0.0,0.0,,0.0,0.0,0.0,,0.0,0.0,0.0,,,,,,,,,,,,,,,,,,,,,,18.0,14.0,0.0,0.0,0.0,0.0,,,,,,4.0,5.0,Eliminated,Eliminated,Eliminated,Eliminated,,,,,
Rachel Hunter,Jonathan Roberts,Model,,New Zealand,35,1,Eliminated Week 4,4,7.0,6.0,7.0,,8.0,8.0,8.0,,8.0,9.0,9.0,,7.0,9.0,9.0,,0.0,0.0,0.0,,0.0,0.0,0.0,,,,,,,,,,,,,,,,,,,,,,20.0,24.0,26.0,0.0,0.0,0.0,,,,,,1.0,2.0,1.0,Eliminated,Eliminated,Eliminated,,,,,
Joey McIntyre,Ashly DelGrosso,Singer/Rapper,Massachusetts,United States,32,1,3rd Place,3,7.0,7.0,6.0,,8.0,7.0,6.0,,7.0,7.0,8.0,,7.0,6.0,7.0,,8.5,7.0,7.0,,0.0,0.0,0.0,,,,,,,,,,,,,,,,,,,,,,20.0,21.0,22.0,20.0,22.5,0.0,,,,,,1.0,3.0,3.0,3.0,3.0,Eliminated,,,,,
Trista Sutter,Louis van Amstel,TV Personality,Indiana,United States,32,1,Eliminated Week 2,6,6.0,6.0,6.0,,6.0,7.0,6.0,,0.0,0.0,0.0,,0.0,0.0,0.0,,0.0,0.0,0.0,,0.0,0.0,0.0,,,,,,,,,,,,,,,,,,,,,,18.0,0.0,0.0,0.0,0.0,0.0,,,,,,4.0,Eliminated,Eliminated,Eliminated,Eliminated,Eliminated,,,,,
Tatum O'Neal,Nick Kosovich,Actor/Actress,California,United States,42,2,Eliminated Week 2,9,7.0,8.0,8.0,,5.0,6.0,6.0,,0.0,0.0,0.0,,0.0,0.0,0.0,,0.0,0.0,0.0,,0.0,0.0,0.0,,0.0,0.0,0.0,,0.0,0.0,0.0,,,,,,,,,,,,,,23.0,0.0,0.0,0.0,0.0,0.0,0.0,0.0,,,,2.0,Eliminated,Eliminated,Eliminated,Eliminated,Eliminated,Eliminated,Eliminated,,,
Tia Carrere,Maksim Chmerkoskiy,Actor/Actress,Hawaii,United States,39,2,Eliminated Week 5,6,6.0,7.0,7.0,,7.0,8.0,7.0,,9.0,8.0,9.0,,9.0,8.0,8.0,,7.0,7.0,8.0,,0.0,0.0,0.0,,0.0,0.0,0.0,,0.0,0.0,0.0,,,,,,,,,,,,,,20.0,22.0,26.0,25.0,0.0,0.0,0.0,0.0,,,,6.0,5.0,3.0,4.0,Eliminated,Eliminated,Eliminated,Eliminated,,,
George Hamilton,Edyta Sliwinska,Actor/Actress,Tennessee,United States,66,2,Eliminated Week 6,5,7.0,5.0,6.0,,8.0,7.0,7.0,,7.0,7.0,8.0,,7.0,7.0,7.0,,8.0,8.0,8.0,,8.0,7.0,8.0,,0.0,0.0,0.0,,0.0,0.0,0.0,,,,,,,,,,,,,,18.0,22.0,22.0,21.0,24.0,0.0,0.0,0.0,,,,8.0,5.0,5.0,6.0,4.0,Eliminated,Eliminated,Eliminated,,,
Lisa Rinna,Louis van Amstel,Actor/Actress,California,United States,42,2,Eliminated Week 7,4,5.0,7.0,7.0,,6.0,7.0,7.0,,8.0,8.0,9.0,,9.0,9.0,8.0,,7.0,9.0,9.0,,9.0,9.0,9.0,,8.5,9.0,9.0,,0.0,0.0,0.0,,,,,,,,,,,,,,19.0,20.0,25.0,26.0,25.0,27.0,0.0,0.0,,,,7.0,7.0,4.0,2.0,3.0,3.0,Eliminated,Eliminated,,,
Stacy Keibler,Tony Dovolani,Athlete,Maryland,United States,26,2,3rd Place,3,8.0,6.0,8.0,,9.0,10.0,10.0,,9.0,9.0,9.0,,8.0,9.0,9.0,,10.0,10.0,10.0,,10.0,10.0,10.0,,9.0,9.0,9.5,,9.3333,9.6666,9.6666,,,,,,,,,,,,,,22.0,29.0,27.0,26.0,30.0,30.0,27.5,28.6665,,,,4.0,1.0,1.0,2.0,1.0,1.0,1.0,2.0,,,
Jerry Rice,Anna Trebunskaya,Athlete,Mississippi,United States,43,2,2nd Place,2,7.0,7.0,7.0,,7.0,8.0,8.0,,7.0,6.0,6.0,,8.0,8.0,8.0,,7.0,8.0,8.0,,8.0,7.0,8.0,,7.0,7.0,6.5,,9.0,9.0,8.6666,,,,,,,,,,,,,,21.0,23.0,19.0,24.0,23.0,23.0,20.5,26.666600000000003,,,,5.0,4.0,6.0,5.0,5.0,4.0,3.0,3.0,,,
Giselle Fernandez,Jonathan Roberts,News Anchor,,Mexico,44,2,Eliminated Week 3,8,7.0,8.0,8.0,,8.0,8.0,8.0,,7.0,8.0,7.0,,0.0,0.0,0.0,,0.0,0.0,0.0,,0.0,0.0,0.0,,0.0,0.0,0.0,,0.0,0.0,0.0,,,,,,,,,,,,,,23.0,24.0,0.0,0.0,0.0,0.0,0.0,0.0,,,,2.0,3.0,Eliminated,Eliminated,Eliminated,Eliminated,Eliminated,Eliminated,,,
Master P,Ashly DelGrosso,Singer/Rapper,Louisiana,United States,35,2,Eliminated Week 4,7,4.0,4.0,4.0,,6.0,5.0,5.0,,6.0,4.0,4.0,,4.0,2.0,2.0,,0.0,0.0,0.0,,0.0,0.0,0.0,,0.0,0.0,0.0,,0.0,0.0,0.0,,,,,,,,,,,,,,12.0,16.0,14.0,0.0,0.0,0.0,0.0,0.0,,,,9.0,8.0,7.0,Eliminated,Eliminated,Eliminated,Eliminated,Eliminated,,,
Drew Lachey,Cheryl Burke,Singer/Rapper,Ohio,United States,29,2,1st Place,1,8.0,8.0,8.0,,9.0,9.0,9.0,,9.0,9.0,9.0,,9.0,9.0,10.0,,9.0,9.0,9.0,,10.0,10.0,10.0,,9.5,9.0,9.0,,9.6666,9.6666,9.6666,,,,,,,,,,,,,,24.0,27.0,27.0,28.0,27.0,30.0,27.5,28.9998,,,,1.0,2.0,1.0,1.0,2.0,1.0,1.0,1.0,,,
Kenny Mayne,Andrea Hale,Sports Broadcaster,Washington,United States,46,2,Eliminated Week 1,10,4.0,5.0,4.0,,0.0,0.0,0.0,,0.0,0.0,0.0,,0.0,0.0,0.0,,0.0,0.0,0.0,,0.0,0.0,0.0,,0.0,0.0,0.0,,0.0,0.0,0.0,,,,,,,,,,,,,,0.0,0.0,0.0,0.0,0.0,0.0,0.0,0.0,,,,Eliminated,Eliminated,Eliminated,Eliminated,Eliminated,Eliminated,Eliminated,Eliminated,,,
Harry Hamlin,Ashly DelGrosso,Actor/Actress,California,United States,54,3,Eliminated Week 3,9,5.0,6.0,6.0,,7.0,7.0,7.0,,7.0,8.0,7.0,,0.0,0.0,0.0,,0.0,0.0,0.0,,0.0,0.0,0.0,,0.0,0.0,0.0,,0.0,0.0,0.0,,0.0,0.0,0.0,,0.0,0.0,0.0,,,,,,17.0,21.0,0.0,0.0,0.0,0.0,0.0,0.0,0.0,0.0,,8.0,6.0,Eliminated,Eliminated,Eliminated,Eliminated,Eliminated,Eliminated,Eliminated,Eliminated,
Vivica A. Fox,Nick Kosovich,Actor/Actress,Indiana,United States,42,3,Eliminated Week 4,8,6.0,8.0,8.0,,8.0,8.0,8.0,,9.0,9.0,9.0,,8.0,8.0,8.0,,0.0,0.0,0.0,,0.0,0.0,0.0,,0.0,0.0,0.0,,0.0,0.0,0.0,,0.0,0.0,0.0,,0.0,0.0,0.0,,,,,,22.0,24.0,27.0,0.0,0.0,0.0,0.0,0.0,0.0,0.0,,3.0,3.0,1.0,Eliminated,Eliminated,Eliminated,Eliminated,Eliminated,Eliminated,Eliminated,
Monique Coleman,Louis van Amstel,Actor/Actress,South Carolina,United States,25,3,Eliminated Week 8,4,6.0,6.0,7.0,,9.0,8.0,9.0,,9.0,9.0,9.0,,8.0,8.0,8.0,,9.0,9.0,9.0,,9.0,7.0,7.0,,9.0,9.0,9.0,,8.5,9.0,9.0,,0.0,0.0,0.0,,0.0,0.0,0.0,,,,,,19.0,26.0,27.0,24.0,27.0,23.0,27.0,0.0,0.0,0.0,,6.0,2.0,1.0,4.0,1.0,4.0,4.0,Eliminated,Eliminated,Eliminated,
Joey Lawrence,Edyta Sliwinska,Actor/Actress,Pennsylvania,United States,30,3,3rd Place,3,7.0,7.0,7.0,,10.0,9.0,10.0,,8.0,6.0,8.0,,9.0,9.0,9.0,,8.0,8.0,9.0,,8.0,8.0,8.0,,9.5,9.0,10.0,,9.5,8.5,9.0,,9.5,10.0,10.0,,0.0,0.0,0.0,,,,,,21.0,29.0,22.0,27.0,25.0,24.0,28.5,27.0,29.5,0.0,,5.0,1.0,4.0,3.0,4.0,3.0,1.0,2.0,1.0,Eliminated,
Mario Lopez,Karina Smirnoff,Actor/Actress,California,United States,32,3,2nd Place,2,9.0,8.0,9.0,,7.0,6.0,8.0,,8.0,6.0,8.0,,10.0,9.0,10.0,,9.0,9.0,9.0,,9.0,9.0,10.0,,9.5,9.0,9.5,,9.5,9.0,10.0,,10.0,9.5,10.0,,10.0,10.0,9.6666,,,,,,26.0,21.0,22.0,29.0,27.0,28.0,28.0,28.5,29.5,29.666600000000003,,1.0,6.0,4.0,1.0,1.0,1.0,3.0,1.0,1.0,1.0,
Emmitt Smith,Cheryl Burke,Athlete,Florida,United States,37,3,1st Place,1,8.0,8.0,8.0,,8.0,8.0,8.0,,7.0,6.0,6.0,,8.0,8.0,8.0,,9.0,9.0,9.0,,8.0,8.0,9.0,,10.0,9.5,9.0,,8.5,9.0,9.5,,9.5,10.0,10.0,,10.0,9.6666,10.0,,,,,,24.0,24.0,19.0,24.0,27.0,25.0,28.5,27.0,29.5,29.666600000000003,,2.0,3.0,8.0,4.0,1.0,2.0,1.0,2.0,1.0,1.0,
Shanna Moakler,Jesse DeSoto,Model,Rhode Island,United States,31,3,Eliminated Week 2,10,7.0,5.0,6.0,,8.0,7.0,7.0,,0.0,0.0,0.0,,0.0,0.0,0.0,,0.0,0.0,0.0,,0.0,0.0,0.0,,0.0,0.0,0.0,,0.0,0.0,0.0,,0.0,0.0,0.0,,0.0,0.0,0.0,,,,,,18.0,0.0,0.0,0.0,0.0,0.0,0.0,0.0,0.0,0.0,,7.0,Eliminated,Eliminated,Eliminated,Eliminated,Eliminated,Eliminated,Eliminated,Eliminated,Eliminated,
Willa Ford,Maksim Chmerkoskiy,Singer/Rapper,Florida,United States,25,3,Eliminated Week 5,7,7.0,7.0,8.0,,7.0,8.0,8.0,,7.0,7.0,8.0,,9.0,9.0,10.0,,9.0,9.0,9.0,,0.0,0.0,0.0,,0.0,0.0,0.0,,0.0,0.0,0.0,,0.0,0.0,0.0,,0.0,0.0,0.0,,,,,,22.0,23.0,22.0,28.0,0.0,0.0,0.0,0.0,0.0,0.0,,3.0,5.0,4.0,2.0,Eliminated,Eliminated,Eliminated,Eliminated,Eliminated,Eliminated,
Sara Evans,Tony Dovolani,Singer/Rapper,Missouri,United States,35,3,Withdrew,6,5.0,5.0,5.0,,7.0,7.0,7.0,,8.0,9.0,8.0,,6.0,7.0,7.0,,8.0,8.0,8.0,,0.0,0.0,0.0,,0.0,0.0,0.0,,0.0,0.0,0.0,,0.0,0.0,0.0,,0.0,0.0,0.0,,,,,,15.0,21.0,25.0,20.0,24.0,0.0,0.0,0.0,0.0,0.0,,10.0,6.0,3.0,7.0,5.0,Eliminated,Eliminated,Eliminated,Eliminated,Eliminated,
Jerry Springer,Kym Johnson,TV Personality,,England,62,3,Eliminated Week 7,5,5.0,5.0,6.0,,7.0,6.0,6.0,,7.0,7.0,7.0,,7.0,7.0,8.0,,8.0,8.0,8.0,,7.0,6.0,5.0,,7.5,8.0,7.5,,0.0,0.0,0.0,,0.0,0.0,0.0,,0.0,0.0,0.0,,,,,,16.0,19.0,21.0,22.0,24.0,18.0,0.0,0.0,0.0,0.0,,9.0,9.0,7.0,6.0,5.0,5.0,Eliminated,Eliminated,Eliminated,Eliminated,
Tucker Carlson,Elena Grinenko,TV Personality,California,United States,37,3,Eliminated Week 1,11,5.0,4.0,3.0,,0.0,0.0,0.0,,0.0,0.0,0.0,,0.0,0.0,0.0,,0.0,0.0,0.0,,0.0,0.0,0.0,,0.0,0.0,0.0,,0.0,0.0,0.0,,0.0,0.0,0.0,,0.0,0.0,0.0,,,,,,0.0,0.0,0.0,0.0,0.0,0.0,0.0,0.0,0.0,0.0,,Eliminated,Eliminated,Eliminated,Eliminated,Eliminated,Eliminated,Eliminated,Eliminated,Eliminated,Eliminated,
John Ratzenberger,Edyta Sliwinska,Actor/Actress,Connecticut,United States,59,4,Eliminated Week 7,6,6.0,5.0,6.0,,7.0,7.0,7.0,,7.0,6.0,7.0,,6.0,5.0,5.0,,6.0,6.0,6.0,,7.0,6.0,6.0,,7.5,7.5,7.5,,0.0,0.0,0.0,,0.0,0.0,0.0,,0.0,0.0,0.0,,,,,,17.0,21.0,20.0,16.0,18.0,19.0,0.0,0.0,0.0,0.0,,8.0,6.0,8.0,7.0,6.0,6.0,Eliminated,Eliminated,Eliminated,Eliminated,
Ian Ziering,Cheryl Burke,Actor/Actress,New Jersey,United States,42,4,Eliminated Week 9,4,7.0,7.0,7.0,,7.0,8.0,7.0,,8.0,8.0,8.0,,7.0,9.0,8.0,,8.0,8.0,8.0,,8.0,8.0,8.0,,9.0,9.0,9.0,,8.0,7.5,8.0,,9.5,10.0,9.5,,0.0,0.0,0.0,,,,,,21.0,22.0,24.0,24.0,24.0,24.0,27.0,23.5,0.0,0.0,,3.0,5.0,1.0,3.0,4.0,4.0,3.0,4.0,Eliminated,Eliminated,
Clyde Drexler,Elena Grinenko,Athlete,Louisiana,United States,44,4,Eliminated Week 5,8,6.0,5.0,5.0,,6.0,6.0,6.0,,6.0,5.0,5.0,,6.0,4.0,5.0,,4.0,5.0,4.0,,0.0,0.0,0.0,,0.0,0.0,0.0,,0.0,0.0,0.0,,0.0,0.0,0.0,,0.0,0.0,0.0,,,,,,16.0,18.0,16.0,15.0,0.0,0.0,0.0,0.0,0.0,0.0,,9.0,10.0,9.0,8.0,Eliminated,Eliminated,Eliminated,Eliminated,Eliminated,Eliminated,
Laila Ali,Maksim Chmerkoskiy,Athlete,Florida,United States,29,4,3rd Place,3,7.0,8.0,8.0,,9.0,9.0,9.0,,7.0,7.0,7.0,,7.0,7.0,7.0,,9.0,10.0,9.0,,9.0,9.0,10.0,,10.0,9.5,10.0,,9.0,8.5,9.0,,10.0,10.0,10.0,,9.6666,9.0,9.6666,,,,,,23.0,27.0,21.0,21.0,28.0,28.0,29.5,26.5,30.0,28.333200000000005,,2.0,1.0,6.0,5.0,2.0,1.0,1.0,3.0,1.0,3.0,
Apolo Anton Ohno,Julianne Hough,Athlete,Washington,United States,24,4,1st Place,1,7.0,7.0,7.0,,8.0,9.0,9.0,,7.0,8.0,8.0,,9.0,8.0,9.0,,10.0,10.0,10.0,,9.0,9.0,10.0,,9.0,8.5,9.5,,10.0,9.0,10.0,,10.0,9.5,10.0,,9.6666,9.6666,10.0,,,,,,21.0,26.0,23.0,26.0,30.0,28.0,27.0,29.0,29.5,29.3332,,3.0,2.0,5.0,2.0,1.0,1.0,3.0,1.0,3.0,1.0,
Shandi Finnessey,Brian Fortuna,Beauty Pagent,Missouri,United States,28,4,Eliminated Week 3,10,6.0,6.0,7.0,,6.0,7.0,7.0,,7.0,7.0,7.0,,0.0,0.0,0.0,,0.0,0.0,0.0,,0.0,0.0,0.0,,0.0,0.0,0.0,,0.0,0.0,0.0,,0.0,0.0,0.0,,0.0,0.0,0.0,,,,,,19.0,20.0,0.0,0.0,0.0,0.0,0.0,0.0,0.0,0.0,,5.0,9.0,Eliminated,Eliminated,Eliminated,Eliminated,Eliminated,Eliminated,Eliminated,Eliminated,
Paulina Porizkova,Alec Mazo,Model,,Czechoslovakia,41,4,Eliminated Week 2,11,6.0,6.0,7.0,,7.0,7.0,7.0,,0.0,0.0,0.0,,0.0,0.0,0.0,,0.0,0.0,0.0,,0.0,0.0,0.0,,0.0,0.0,0.0,,0.0,0.0,0.0,,0.0,0.0,0.0,,0.0,0.0,0.0,,,,,,19.0,0.0,0.0,0.0,0.0,0.0,0.0,0.0,0.0,0.0,,5.0,Eliminated,Eliminated,Eliminated,Eliminated,Eliminated,Eliminated,Eliminated,Eliminated,Eliminated,
Heather Mills,Jonathan Roberts,Model,,England,39,4,Eliminated Week 6,7,6.0,6.0,6.0,,8.0,8.0,8.0,,8.0,8.0,8.0,,7.0,8.0,8.0,,7.0,7.0,7.0,,7.0,8.0,8.0,,0.0,0.0,0.0,,0.0,0.0,0.0,,0.0,0.0,0.0,,0.0,0.0,0.0,,,,,,18.0,24.0,24.0,23.0,21.0,0.0,0.0,0.0,0.0,0.0,,7.0,3.0,1.0,4.0,5.0,Eliminated,Eliminated,Eliminated,Eliminated,Eliminated,
Billy Ray Cyrus,Karina Smirnoff,Singer/Rapper,Kentucky,United States,45,4,Eliminated Week 8,5,5.0,4.0,4.0,,7.0,7.0,7.0,,7.0,7.0,7.0,,7.0,7.0,7.0,,6.0,6.0,5.0,,7.0,7.0,7.0,,6.0,6.5,6.5,,6.5,6.5,6.0,,0.0,0.0,0.0,,0.0,0.0,0.0,,,,,,13.0,21.0,21.0,21.0,17.0,21.0,19.0,0.0,0.0,0.0,,11.0,6.0,6.0,5.0,7.0,5.0,5.0,Eliminated,Eliminated,Eliminated,
Joey Fatone,Kym Johnson,Singer/Rapper,New York,United States,30,4,2nd Place,2,8.0,8.0,8.0,,8.0,8.0,8.0,,8.0,8.0,8.0,,10.0,9.0,9.0,,8.0,8.0,9.0,,9.0,9.0,9.0,,10.0,9.5,10.0,,9.5,9.0,9.0,,10.0,10.0,10.0,,9.6666,9.3333,9.6666,,,,,,24.0,24.0,24.0,28.0,25.0,27.0,29.5,27.5,30.0,28.6665,,1.0,3.0,1.0,1.0,3.0,3.0,1.0,2.0,1.0,2.0,
Leeza Gibbons,Tony Dovolani,TV Personality,South Carolina,United States,50,4,Eliminated Week 4,9,5.0,5.0,5.0,,7.0,7.0,7.0,,8.0,8.0,8.0,,6.0,5.0,5.0,,0.0,0.0,0.0,,0.0,0.0,0.0,,0.0,0.0,0.0,,0.0,0.0,0.0,,0.0,0.0,0.0,,0.0,0.0,0.0,,,,,,15.0,21.0,24.0,0.0,0.0,0.0,0.0,0.0,0.0,0.0,,10.0,6.0,1.0,Eliminated,Eliminated,Eliminated,Eliminated,Eliminated,Eliminated,Eliminated,
Cameron Mathison,Edyta Sliwinska,Actor/Actress,,Canada,38,5,Eliminated Week 8,5,7.0,7.0,7.0,,7.0,7.0,7.0,,8.0,7.0,8.0,,9.0,9.0,9.0,,8.0,9.0,9.0,,9.0,8.0,8.0,,8.5,8.5,8.5,,8.5,8.5,8.5,,0.0,0.0,0.0,,0.0,0.0,0.0,,,,,,21.0,21.0,23.0,27.0,26.0,25.0,25.5,0.0,0.0,0.0,,5.0,5.0,7.0,2.0,3.0,4.0,5.0,Eliminated,Eliminated,Eliminated,
Jane Seymour,Tony Dovolani,Actor/Actress,,England,56,5,Eliminated Week 7,6,8.0,8.0,8.0,,7.0,7.0,7.0,,9.0,9.0,9.0,,8.0,9.0,9.0,,8.0,9.0,9.0,,8.0,7.0,7.0,,8.0,8.5,8.5,,0.0,0.0,0.0,,0.0,0.0,0.0,,0.0,0.0,0.0,,,,,,24.0,21.0,27.0,26.0,26.0,22.0,0.0,0.0,0.0,0.0,,3.0,5.0,1.0,5.0,3.0,6.0,Eliminated,Eliminated,Eliminated,Eliminated,
Sabrina Bryan,Mark Ballas,Actor/Actress,California,United States,23,5,Eliminated Week 6,7,9.0,8.0,9.0,,9.0,8.0,9.0,,9.0,9.0,9.0,,10.0,10.0,10.0,,9.0,9.0,10.0,,9.0,8.0,8.0,,0.0,0.0,0.0,,0.0,0.0,0.0,,0.0,0.0,0.0,,0.0,0.0,0.0,,,,,,26.0,26.0,27.0,30.0,28.0,0.0,0.0,0.0,0.0,0.0,,1.0,2.0,1.0,1.0,2.0,Eliminated,Eliminated,Eliminated,Eliminated,Eliminated,
Jennie Garth,Derek Hough,Actor/Actress,Illinois,United States,35,5,Eliminated Week 9,4,7.0,7.0,7.0,,7.0,7.0,7.0,,9.0,8.0,9.0,,8.0,10.0,9.0,,8.0,9.0,8.0,,9.0,9.0,9.0,,8.5,8.5,9.5,,8.5,8.5,8.0,,9.5,10.0,9.5,,0.0,0.0,0.0,,,,,,21.0,21.0,26.0,27.0,25.0,27.0,26.5,25.0,0.0,0.0,,5.0,5.0,4.0,2.0,5.0,3.0,2.0,3.0,Eliminated,Eliminated,
Floyd Mayweather Jr. ,Karina Smirnoff,Athlete,Michigan,United States,30,5,Eliminated Week 4,9,6.0,6.0,6.0,,7.0,7.0,7.0,,7.0,7.0,7.0,,7.0,8.0,8.0,,0.0,0.0,0.0,,0.0,0.0,0.0,,0.0,0.0,0.0,,0.0,0.0,0.0,,0.0,0.0,0.0,,0.0,0.0,0.0,,,,,,18.0,21.0,21.0,0.0,0.0,0.0,0.0,0.0,0.0,0.0,,11.0,5.0,8.0,Eliminated,Eliminated,Eliminated,Eliminated,Eliminated,Eliminated,Eliminated,
Josie Maran,Alec Mazo,Model,California,United States,29,5,Eliminated Week 1,12,6.0,5.0,5.0,,0.0,0.0,0.0,,0.0,0.0,0.0,,0.0,0.0,0.0,,0.0,0.0,0.0,,0.0,0.0,0.0,,0.0,0.0,0.0,,0.0,0.0,0.0,,0.0,0.0,0.0,,0.0,0.0,0.0,,,,,,0.0,0.0,0.0,0.0,0.0,0.0,0.0,0.0,0.0,0.0,,Eliminated,Eliminated,Eliminated,Eliminated,Eliminated,Eliminated,Eliminated,Eliminated,Eliminated,Eliminated,
Albert Reed,Anna Trebunskaya,Model,Florida,United States,22,5,Eliminated Week 2,11,7.0,7.0,7.0,,7.0,7.0,7.0,,0.0,0.0,0.0,,0.0,0.0,0.0,,0.0,0.0,0.0,,0.0,0.0,0.0,,0.0,0.0,0.0,,0.0,0.0,0.0,,0.0,0.0,0.0,,0.0,0.0,0.0,,,,,,21.0,0.0,0.0,0.0,0.0,0.0,0.0,0.0,0.0,0.0,,5.0,Eliminated,Eliminated,Eliminated,Eliminated,Eliminated,Eliminated,Eliminated,Eliminated,Eliminated,
Helio Castroneves,Julianne Hough,Racing Driver,,Brazil,32,5,1st Place,1,8.0,9.0,8.0,,9.0,9.0,9.0,,8.0,8.0,8.0,,9.0,9.0,9.0,,8.0,7.0,8.0,,9.0,10.0,9.0,,9.0,8.5,8.5,,9.5,9.5,9.5,,10.0,10.0,10.0,,9.0,9.3333,9.6666,,,,,,25.0,27.0,24.0,27.0,23.0,28.0,26.0,28.5,30.0,27.999900000000004,,2.0,1.0,6.0,2.0,6.0,2.0,3.0,1.0,1.0,2.0,
Mel B,Maksim Chmerkoskiy,Singer/Rapper,,England,32,5,2nd Place,2,8.0,8.0,8.0,,7.0,8.0,8.0,,9.0,9.0,9.0,,8.0,9.0,9.0,,10.0,9.0,10.0,,10.0,10.0,10.0,,9.0,9.0,9.0,,9.0,9.5,9.5,,10.0,10.0,10.0,,9.3333,9.3333,9.6666,,,,,,24.0,23.0,27.0,26.0,29.0,30.0,27.0,28.0,30.0,28.333199999999998,,3.0,4.0,1.0,5.0,1.0,1.0,1.0,2.0,1.0,1.0,
Wayne Newton,Cheryl Burke,Singer/Rapper,Virginia,United States,65,5,Eliminated Week 3,10,6.0,7.0,6.0,,5.0,5.0,5.0,,6.0,6.0,6.0,,0.0,0.0,0.0,,0.0,0.0,0.0,,0.0,0.0,0.0,,0.0,0.0,0.0,,0.0,0.0,0.0,,0.0,0.0,0.0,,0.0,0.0,0.0,,,,,,19.0,15.0,0.0,0.0,0.0,0.0,0.0,0.0,0.0,0.0,,10.0,10.0,Eliminated,Eliminated,Eliminated,Eliminated,Eliminated,Eliminated,Eliminated,Eliminated,
Marie Osmond,Jonathan Roberts,Singer/Rapper,Utah,United States,47,5,3rd Place,3,7.0,7.0,7.0,,8.0,8.0,8.0,,9.0,8.0,9.0,,9.0,9.0,8.0,,7.0,7.0,7.0,,8.0,8.0,7.0,,9.0,8.5,8.5,,8.0,8.5,8.0,,9.5,9.5,9.0,,8.0,7.5,7.5,,,,,,21.0,24.0,26.0,26.0,21.0,23.0,26.0,24.5,28.0,23.0,,5.0,3.0,4.0,5.0,7.0,5.0,3.0,4.0,3.0,3.0,
Mark Cuban,Kym Johnson,TV Personality,Pennsylvania,United States,49,5,Eliminated Week 5,8,7.0,7.0,7.0,,6.0,6.0,6.0,,6.0,7.0,7.0,,7.0,8.0,7.0,,7.0,7.0,7.0,,0.0,0.0,0.0,,0.0,0.0,0.0,,0.0,0.0,0.0,,0.0,0.0,0.0,,0.0,0.0,0.0,,,,,,21.0,18.0,20.0,22.0,0.0,0.0,0.0,0.0,0.0,0.0,,5.0,9.0,9.0,8.0,Eliminated,Eliminated,Eliminated,Eliminated,Eliminated,Eliminated,
Cristian de la Fuente,Cheryl Burke,Actor/Actress,,Chile,34,6,3rd Place,3,7.0,7.0,7.0,,7.0,6.0,7.0,,8.0,8.0,9.0,,9.0,8.0,9.0,,7.0,8.0,8.0,,9.0,9.0,9.0,,7.5,7.5,8.0,,10.0,9.0,9.5,,9.5,9.0,9.5,,9.0,8.0,9.0,,,,,,21.0,20.0,25.0,26.0,23.0,27.0,23.0,28.5,28.0,26.0,,6.0,8.0,3.0,4.0,5.0,3.0,5.0,1.0,2.0,3.0,
Steve Guttenberg,Anna Trebunskaya,Actor/Actress,New York,United States,49,6,Eliminated Week 3,10,6.0,6.0,6.0,,6.0,5.0,5.0,,7.0,7.0,7.0,,0.0,0.0,0.0,,0.0,0.0,0.0,,0.0,0.0,0.0,,0.0,0.0,0.0,,0.0,0.0,0.0,,0.0,0.0,0.0,,0.0,0.0,0.0,,,,,,18.0,16.0,0.0,0.0,0.0,0.0,0.0,0.0,0.0,0.0,,8.0,10.0,Eliminated,Eliminated,Eliminated,Eliminated,Eliminated,Eliminated,Eliminated,Eliminated,
Priscilla Presley,Louis van Amstel,Actor/Actress,New York,United States,62,6,Eliminated Week 5,8,8.0,8.0,8.0,,7.0,7.0,7.0,,8.0,9.0,9.0,,7.0,7.0,8.0,,7.0,7.0,7.0,,0.0,0.0,0.0,,0.0,0.0,0.0,,0.0,0.0,0.0,,0.0,0.0,0.0,,0.0,0.0,0.0,,,,,,24.0,21.0,26.0,22.0,0.0,0.0,0.0,0.0,0.0,0.0,,2.0,6.0,2.0,8.0,Eliminated,Eliminated,Eliminated,Eliminated,Eliminated,Eliminated,
Marlee Matlin,Fabian Sanchez,Actor/Actress,Illinois,United States,42,6,Eliminated Week 6,7,7.0,7.0,8.0,,8.0,8.0,8.0,,7.0,7.0,7.0,,8.0,8.0,8.0,,7.0,7.0,8.0,,7.0,7.0,7.0,,0.0,0.0,0.0,,0.0,0.0,0.0,,0.0,0.0,0.0,,0.0,0.0,0.0,,,,,,22.0,24.0,21.0,24.0,22.0,0.0,0.0,0.0,0.0,0.0,,4.0,4.0,6.0,5.0,7.0,Eliminated,Eliminated,Eliminated,Eliminated,Eliminated,
Shannon Elizabeth,Derek Hough,Actor/Actress,Texas,United States,34,6,Eliminated Week 7,6,7.0,7.0,7.0,,8.0,8.0,8.0,,8.0,8.0,8.0,,9.0,10.0,9.0,,8.0,8.0,7.0,,8.0,8.0,8.0,,8.5,8.5,8.5,,0.0,0.0,0.0,,0.0,0.0,0.0,,0.0,0.0,0.0,,,,,,21.0,24.0,24.0,28.0,23.0,24.0,0.0,0.0,0.0,0.0,,6.0,4.0,4.0,3.0,5.0,5.0,Eliminated,Eliminated,Eliminated,Eliminated,
Marissa Jaret Winokur,Tony Dovolani,Actor/Actress,New York,United States,35,6,Eliminated Week 9,4,6.0,6.0,6.0,,7.0,7.0,7.0,,6.0,7.0,6.0,,8.0,8.0,8.0,,8.0,8.0,8.0,,9.0,8.0,9.0,,9.0,8.5,8.5,,8.5,8.0,8.5,,8.5,9.0,8.5,,0.0,0.0,0.0,,,,,,18.0,21.0,19.0,24.0,24.0,26.0,26.0,25.0,0.0,0.0,,8.0,6.0,9.0,5.0,4.0,4.0,3.0,4.0,Eliminated,Eliminated,
Jason Taylor,Edyta Sliwinska,Athlete,Pennsylvania,United States,33,6,2nd Place,2,7.0,8.0,7.0,,9.0,9.0,9.0,,8.0,7.0,8.0,,10.0,9.0,10.0,,9.0,9.0,9.0,,8.0,8.0,8.0,,9.5,8.5,9.5,,9.0,8.0,9.0,,9.0,9.5,9.0,,9.5,9.5,9.5,,,,,,22.0,27.0,23.0,29.0,27.0,24.0,27.5,26.0,27.5,28.5,,4.0,1.0,5.0,1.0,2.0,5.0,1.0,3.0,3.0,2.0,
Kristi Yamaguchi,Mark Ballas,Athlete,California,United States,36,6,1st Place,1,9.0,9.0,9.0,,9.0,9.0,9.0,,9.0,9.0,9.0,,10.0,9.0,10.0,,9.0,10.0,10.0,,10.0,10.0,10.0,,9.5,8.0,9.5,,8.5,9.5,9.5,,9.5,9.0,10.0,,10.0,10.0,10.0,,,,,,27.0,27.0,27.0,29.0,29.0,30.0,27.0,27.5,28.5,30.0,,1.0,1.0,1.0,1.0,1.0,1.0,2.0,2.0,1.0,1.0,
Monica Seles,Jonathan Roberts,Athlete,,Yugoslavia,34,6,Eliminated Week 2,11,5.0,5.0,5.0,,5.0,5.0,5.0,,0.0,0.0,0.0,,0.0,0.0,0.0,,0.0,0.0,0.0,,0.0,0.0,0.0,,0.0,0.0,0.0,,0.0,0.0,0.0,,0.0,0.0,0.0,,0.0,0.0,0.0,,,,,,15.0,0.0,0.0,0.0,0.0,0.0,0.0,0.0,0.0,0.0,,11.0,Eliminated,Eliminated,Eliminated,Eliminated,Eliminated,Eliminated,Eliminated,Eliminated,Eliminated,
Penn Jillette,Kym Johnson,Magician,Massachusetts,United States,53,6,Eliminated Week 2,12,5.0,6.0,5.0,,6.0,6.0,5.0,,0.0,0.0,0.0,,0.0,0.0,0.0,,0.0,0.0,0.0,,0.0,0.0,0.0,,0.0,0.0,0.0,,0.0,0.0,0.0,,0.0,0.0,0.0,,0.0,0.0,0.0,,,,,,16.0,0.0,0.0,0.0,0.0,0.0,0.0,0.0,0.0,0.0,,10.0,Eliminated,Eliminated,Eliminated,Eliminated,Eliminated,Eliminated,Eliminated,Eliminated,Eliminated,
Adam Carolla,Julianne Hough,Radio Personality,California,United States,43,6,Eliminated Week 4,9,5.0,5.0,5.0,,6.0,7.0,6.0,,7.0,7.0,7.0,,6.0,7.0,6.0,,0.0,0.0,0.0,,0.0,0.0,0.0,,0.0,0.0,0.0,,0.0,0.0,0.0,,0.0,0.0,0.0,,0.0,0.0,0.0,,,,,,15.0,19.0,21.0,0.0,0.0,0.0,0.0,0.0,0.0,0.0,,11.0,9.0,6.0,Eliminated,Eliminated,Eliminated,Eliminated,Eliminated,Eliminated,Eliminated,
Mario,Karina Smirnoff,Singer/Rapper,Maryland,United States,21,6,Eliminated Week 8,5,8.0,8.0,8.0,,9.0,8.0,9.0,,7.0,6.0,8.0,,8.0,7.0,9.0,,9.0,9.0,9.0,,9.0,9.0,10.0,,8.5,8.5,8.5,,9.0,8.5,9.0,,0.0,0.0,0.0,,0.0,0.0,0.0,,,,,,24.0,26.0,21.0,24.0,27.0,28.0,25.5,0.0,0.0,0.0,,2.0,3.0,6.0,5.0,2.0,2.0,4.0,Eliminated,Eliminated,Eliminated,
Ted McGinley,Inna Brayer,Actor/Actress,California,United States,50,7,Eliminated Week 1,12,6.0,6.0,6.5,,0.0,0.0,0.0,,0.0,0.0,0.0,,0.0,0.0,0.0,,0.0,0.0,0.0,,0.0,0.0,0.0,,0.0,0.0,0.0,,0.0,0.0,0.0,,0.0,0.0,0.0,,0.0,0.0,0.0,,,,,,0.0,0.0,0.0,0.0,0.0,0.0,0.0,0.0,0.0,0.0,,Eliminated,Eliminated,Eliminated,Eliminated,Eliminated,Eliminated,Eliminated,Eliminated,Eliminated,Eliminated,
Cloris Leachman,Corky Ballas,Actor/Actress,Iowa,United States,82,7,Eliminated Week 6,7,6.0,5.0,5.0,,5.0,5.0,5.0,,6.0,5.0,5.0,,8.0,7.0,7.0,,7.0,7.0,7.0,,5.0,5.0,5.0,,0.0,0.0,0.0,,0.0,0.0,0.0,,0.0,0.0,0.0,,0.0,0.0,0.0,,,,,,16.0,15.0,16.0,22.0,21.0,0.0,0.0,0.0,0.0,0.0,,11.0,10.0,9.0,5.0,6.0,Eliminated,Eliminated,Eliminated,Eliminated,Eliminated,
Susan Lucci,Tony Dovolani,Actor/Actress,New York,United States,61,7,Eliminated Week 7,6,6.0,6.0,6.5,,7.0,7.0,7.0,,7.0,7.0,7.0,,8.0,8.0,8.0,,7.0,7.0,8.0,,8.0,8.0,7.0,,8.0,8.0,8.0,,0.0,0.0,0.0,,0.0,0.0,0.0,,0.0,0.0,0.0,,,,,,18.5,21.0,21.0,24.0,22.0,23.0,0.0,0.0,0.0,0.0,,8.0,4.0,6.0,3.0,5.0,4.0,Eliminated,Eliminated,Eliminated,Eliminated,
Cody Linley,Julianne Hough,Actor/Actress,Texas,United States,18,7,Eliminated Week 9,4,7.0,6.5,7.0,,7.0,7.0,7.0,,7.0,7.0,7.0,,7.0,8.0,8.0,,10.0,9.0,9.0,,8.0,8.0,7.0,,8.0,7.0,7.0,,8.0,8.0,8.0,,8.0,7.5,7.5,,0.0,0.0,0.0,,,,,,20.5,21.0,21.0,23.0,28.0,23.0,22.0,24.0,0.0,0.0,,6.0,4.0,6.0,4.0,2.0,4.0,4.0,4.0,Eliminated,Eliminated,
Misty May-Treanor,Maksim Chmerkoskiy,Athlete,California,United States,31,7,Withdrew,10,6.5,7.5,7.0,,7.0,7.0,7.0,,0.0,0.0,0.0,,0.0,0.0,0.0,,0.0,0.0,0.0,,0.0,0.0,0.0,,0.0,0.0,0.0,,0.0,0.0,0.0,,0.0,0.0,0.0,,0.0,0.0,0.0,,,,,,21.0,21.0,0.0,0.0,0.0,0.0,0.0,0.0,0.0,0.0,,5.0,4.0,Eliminated,Eliminated,Eliminated,Eliminated,Eliminated,Eliminated,Eliminated,Eliminated,
Maurice Greene,Cheryl Burke,Athlete,Kansas,United States,34,7,Eliminated Week 8,5,6.5,6.5,6.5,,7.0,6.0,6.0,,8.0,8.0,8.0,,6.0,7.0,7.0,,9.0,9.0,9.0,,7.0,7.0,7.0,,8.0,9.0,8.0,,8.0,8.0,8.0,,0.0,0.0,0.0,,0.0,0.0,0.0,,,,,,19.5,19.0,24.0,20.0,27.0,21.0,25.0,0.0,0.0,0.0,,7.0,8.0,3.0,8.0,3.0,6.0,2.0,Eliminated,Eliminated,Eliminated,
Warren Sapp,Kym Johnson,Athlete,Florida,United States,35,7,2nd Place,2,7.0,7.0,7.5,,8.0,8.0,8.0,,9.0,8.0,8.0,,8.0,7.0,7.0,,8.0,8.0,9.0,,8.0,9.0,8.0,,7.0,7.0,7.0,,9.5,8.5,9.0,,8.5,8.0,8.0,,9.0,9.5,9.0,,,,,,21.5,24.0,25.0,22.0,25.0,25.0,21.0,27.0,24.5,27.5,,3.0,1.0,2.0,5.0,4.0,3.0,5.0,2.0,2.0,2.0,
Jeffrey Ross,Edyta Sliwinska,Comedian,New Jersey,United States,43,7,Eliminated Week 1,13,4.0,4.0,4.0,,0.0,0.0,0.0,,0.0,0.0,0.0,,0.0,0.0,0.0,,0.0,0.0,0.0,,0.0,0.0,0.0,,0.0,0.0,0.0,,0.0,0.0,0.0,,0.0,0.0,0.0,,0.0,0.0,0.0,,,,,,0.0,0.0,0.0,0.0,0.0,0.0,0.0,0.0,0.0,0.0,,Eliminated,Eliminated,Eliminated,Eliminated,Eliminated,Eliminated,Eliminated,Eliminated,Eliminated,Eliminated,
Toni Braxton,Alec Mazo,Singer/Rapper,Maryland,United States,40,7,Eliminated Week 5,8,7.5,7.0,8.0,,7.0,8.0,8.0,,8.0,7.0,7.0,,7.0,7.0,8.0,,7.0,7.0,8.0,,0.0,0.0,0.0,,0.0,0.0,0.0,,0.0,0.0,0.0,,0.0,0.0,0.0,,0.0,0.0,0.0,,,,,,22.5,23.0,22.0,22.0,0.0,0.0,0.0,0.0,0.0,0.0,,2.0,3.0,4.0,5.0,Eliminated,Eliminated,Eliminated,Eliminated,Eliminated,Eliminated,
Lance Bass,Lacey Schwimmer,Singer/Rapper,Mississippi,United States,29,7,3rd Place,3,7.5,6.0,8.0,,7.0,6.0,7.0,,8.0,7.0,7.0,,9.0,8.0,9.0,,7.0,7.0,7.0,,9.0,9.0,9.0,,9.0,7.0,9.0,,8.5,7.5,9.0,,10.0,9.0,9.5,,9.0,9.0,9.5,,,,,,21.5,20.0,22.0,26.0,21.0,27.0,25.0,25.0,28.5,27.5,,3.0,7.0,4.0,1.0,6.0,1.0,2.0,3.0,1.0,2.0,
Kim Kardashian,Mark Ballas,TV Personality,California,United States,27,7,Eliminated Week 2,11,6.0,6.5,6.0,,6.0,6.0,5.0,,0.0,0.0,0.0,,0.0,0.0,0.0,,0.0,0.0,0.0,,0.0,0.0,0.0,,0.0,0.0,0.0,,0.0,0.0,0.0,,0.0,0.0,0.0,,0.0,0.0,0.0,,,,,,18.5,0.0,0.0,0.0,0.0,0.0,0.0,0.0,0.0,0.0,,8.0,Eliminated,Eliminated,Eliminated,Eliminated,Eliminated,Eliminated,Eliminated,Eliminated,Eliminated,
Rocco DiSpirito,Karina Smirnoff,TV Personality,New York,United States,41,7,Eliminated Week 4,9,6.0,5.5,6.0,,5.0,6.0,5.0,,7.0,7.0,6.0,,6.0,6.0,6.0,,0.0,0.0,0.0,,0.0,0.0,0.0,,0.0,0.0,0.0,,0.0,0.0,0.0,,0.0,0.0,0.0,,0.0,0.0,0.0,,,,,,17.5,16.0,20.0,0.0,0.0,0.0,0.0,0.0,0.0,0.0,,10.0,9.0,8.0,Eliminated,Eliminated,Eliminated,Eliminated,Eliminated,Eliminated,Eliminated,
Brooke Burke,Derek Hough,TV Personality,Connecticut,United States,37,7,1st Place,1,8.0,8.0,8.5,,8.0,8.0,8.0,,9.0,10.0,9.0,,9.0,8.0,9.0,,10.0,9.0,10.0,,8.0,10.0,8.0,,10.0,10.0,10.0,,9.5,8.5,9.5,,8.0,8.5,8.0,,10.0,10.0,10.0,,,,,,24.5,24.0,28.0,26.0,29.0,26.0,30.0,27.5,24.5,30.0,,1.0,1.0,1.0,1.0,1.0,2.0,1.0,1.0,2.0,1.0,
Gilles Marini,Cheryl Burke,Actor/Actress,,France,33,8,2nd Place,2,8.0,8.0,8.0,,9.0,9.0,9.0,,9.0,9.0,9.0,,10.0,10.0,10.0,,10.0,9.0,10.0,,9.0,8.0,9.0,,9.0,9.0,9.0,,9.0,9.0,9.5,,9.5,9.0,9.5,,10.0,10.0,10.0,,9.5,10.0,9.5,,24.0,27.0,27.0,30.0,29.0,26.0,27.0,27.5,28.0,30.0,29.0,1.0,1.0,1.0,1.0,1.0,3.0,3.0,2.0,2.0,1.0,2.0
Denise Richards,Maksim Chmerkoskiy,Actor/Actress,Illinois,United States,38,8,Eliminated Week 3,12,6.0,6.0,6.0,,7.0,7.0,7.0,,5.0,6.0,5.0,,0.0,0.0,0.0,,0.0,0.0,0.0,,0.0,0.0,0.0,,0.0,0.0,0.0,,0.0,0.0,0.0,,0.0,0.0,0.0,,0.0,0.0,0.0,,0.0,0.0,0.0,,18.0,21.0,0.0,0.0,0.0,0.0,0.0,0.0,0.0,0.0,0.0,7.0,5.0,Eliminated,Eliminated,Eliminated,Eliminated,Eliminated,Eliminated,Eliminated,Eliminated,Eliminated
David Alan Grier,Kym Johnson,Actor/Actress,Michigan,United States,52,8,Eliminated Week 5,9,6.0,7.0,6.0,,6.0,5.0,6.0,,8.0,8.0,8.0,,8.0,7.0,7.0,,7.0,8.0,7.0,,0.0,0.0,0.0,,0.0,0.0,0.0,,0.0,0.0,0.0,,0.0,0.0,0.0,,0.0,0.0,0.0,,0.0,0.0,0.0,,19.0,17.0,24.0,22.0,0.0,0.0,0.0,0.0,0.0,0.0,0.0,6.0,10.0,5.0,6.0,Eliminated,Eliminated,Eliminated,Eliminated,Eliminated,Eliminated,Eliminated
Lawrence Taylor,Edyta Sliwinska,Athlete,Virginia,United States,50,8,Eliminated Week 7,7,6.0,5.0,5.0,,7.0,6.0,7.0,,7.0,6.0,7.0,,7.0,5.0,7.0,,6.0,7.0,7.0,,7.0,7.0,8.0,,7.0,7.0,7.0,,0.0,0.0,0.0,,0.0,0.0,0.0,,0.0,0.0,0.0,,0.0,0.0,0.0,,16.0,20.0,20.0,19.0,20.0,22.0,0.0,0.0,0.0,0.0,0.0,11.0,6.0,8.0,8.0,7.0,6.0,Eliminated,Eliminated,Eliminated,Eliminated,Eliminated
Ty Murray,Chelsie Hightower,Athlete,Arizona,United States,39,8,Eliminated Week 10,4,5.0,4.0,5.0,,7.0,6.0,7.0,,8.0,8.0,7.0,,9.0,8.0,8.0,,7.0,7.0,7.0,,6.0,6.0,6.0,,8.0,8.0,8.0,,9.0,8.0,9.0,,7.5,8.0,7.5,,8.0,8.0,8.0,,0.0,0.0,0.0,,14.0,20.0,23.0,25.0,21.0,18.0,24.0,26.0,23.0,0.0,0.0,12.0,6.0,6.0,4.0,6.0,7.0,6.0,3.0,4.0,Eliminated,Eliminated
Shawn Johnson,Mark Ballas,Athlete,Iowa,United States,17,8,1st Place,1,8.0,8.0,7.0,,8.0,8.0,8.0,,9.0,9.0,9.0,,8.0,8.0,9.0,,9.0,8.0,9.0,,8.0,9.0,9.0,,9.0,9.0,10.0,,9.0,8.0,9.0,,9.5,9.0,9.5,,9.5,9.0,9.5,,10.0,10.0,10.0,,23.0,24.0,27.0,25.0,26.0,26.0,28.0,26.0,28.0,28.0,30.0,2.0,3.0,1.0,4.0,2.0,3.0,2.0,3.0,2.0,2.0,1.0
Steve Wozniak,Karina Smirnoff,Entrepreneur,California,United States,58,8,Eliminated Week 4,10,5.0,4.0,4.0,,6.0,5.0,6.0,,4.0,3.0,3.0,,4.0,4.0,4.0,,0.0,0.0,0.0,,0.0,0.0,0.0,,0.0,0.0,0.0,,0.0,0.0,0.0,,0.0,0.0,0.0,,0.0,0.0,0.0,,0.0,0.0,0.0,,13.0,17.0,10.0,0.0,0.0,0.0,0.0,0.0,0.0,0.0,0.0,13.0,10.0,11.0,Eliminated,Eliminated,Eliminated,Eliminated,Eliminated,Eliminated,Eliminated,Eliminated
Belinda Carlisle,Jonathan Roberts,Singer/Rapper,California,United States,50,8,Eliminated Week 2,13,6.0,6.0,5.0,,6.0,6.0,6.0,,0.0,0.0,0.0,,0.0,0.0,0.0,,0.0,0.0,0.0,,0.0,0.0,0.0,,0.0,0.0,0.0,,0.0,0.0,0.0,,0.0,0.0,0.0,,0.0,0.0,0.0,,0.0,0.0,0.0,,17.0,0.0,0.0,0.0,0.0,0.0,0.0,0.0,0.0,0.0,0.0,9.0,Eliminated,Eliminated,Eliminated,Eliminated,Eliminated,Eliminated,Eliminated,Eliminated,Eliminated,Eliminated
Chuck Wicks,Julianne Hough,Singer/Rapper,Delaware,United States,29,8,Eliminated Week 8,6,6.0,7.0,7.0,,6.0,7.0,7.0,,8.0,7.0,8.0,,8.0,7.0,7.0,,7.0,8.0,8.0,,8.0,7.0,8.0,,9.0,9.0,9.0,,8.5,8.5,8.5,,0.0,0.0,0.0,,0.0,0.0,0.0,,0.0,0.0,0.0,,20.0,20.0,23.0,22.0,23.0,23.0,27.0,0.0,0.0,0.0,0.0,5.0,6.0,6.0,6.0,5.0,5.0,3.0,Eliminated,Eliminated,Eliminated,Eliminated
Lil' Kim,Derek Hough,Singer/Rapper,New York,United States,34,8,Eliminated Week 9,5,7.0,7.0,7.0,,8.0,7.0,8.0,,8.0,8.0,9.0,,9.0,8.0,10.0,,9.0,8.0,9.0,,10.0,8.0,10.0,,9.0,8.0,9.0,,9.0,9.0,10.0,,8.5,9.0,8.5,,0.0,0.0,0.0,,0.0,0.0,0.0,,21.0,23.0,25.0,27.0,26.0,28.0,26.0,28.0,0.0,0.0,0.0,4.0,4.0,4.0,3.0,2.0,1.0,5.0,1.0,Eliminated,Eliminated,Eliminated
Steve-O,Lacey Schwimmer,TV Personality,,England,34,8,Eliminated Week 6,8,6.0,5.0,6.0,,5.0,4.0,5.0,,5.0,5.0,5.0,,5.0,5.0,5.0,,6.0,6.0,6.0,,7.0,4.0,5.0,,0.0,0.0,0.0,,0.0,0.0,0.0,,0.0,0.0,0.0,,0.0,0.0,0.0,,0.0,0.0,0.0,,17.0,14.0,15.0,15.0,18.0,0.0,0.0,0.0,0.0,0.0,0.0,9.0,12.0,10.0,9.0,8.0,Eliminated,Eliminated,Eliminated,Eliminated,Eliminated,Eliminated
Holly Madison,Dmitry Chaplin,TV Personality,Oregon,United States,30,8,Eliminated Week 4,11,6.0,6.0,6.0,,6.0,6.0,6.0,,5.0,6.0,6.0,,5.0,6.0,5.0,,0.0,0.0,0.0,,0.0,0.0,0.0,,0.0,0.0,0.0,,0.0,0.0,0.0,,0.0,0.0,0.0,,0.0,0.0,0.0,,0.0,0.0,0.0,,18.0,18.0,17.0,0.0,0.0,0.0,0.0,0.0,0.0,0.0,0.0,7.0,9.0,9.0,Eliminated,Eliminated,Eliminated,Eliminated,Eliminated,Eliminated,Eliminated,Eliminated
Melissa Rycroft,Tony Dovolani,TV Personality,Texas,United States,26,8,3rd Place,3,8.0,7.0,8.0,,9.0,8.0,9.0,,9.0,9.0,9.0,,10.0,9.0,10.0,,8.0,8.0,9.0,,9.0,9.0,9.0,,10.0,9.0,10.0,,7.5,7.5,8.0,,9.5,9.5,9.5,,9.0,9.5,9.0,,9.5,9.5,9.5,,23.0,26.0,27.0,29.0,25.0,27.0,29.0,23.0,28.5,27.5,28.5,2.0,2.0,1.0,2.0,4.0,2.0,1.0,5.0,1.0,3.0,3.0
Ashley Hamiliton,Edyta Sliwinska,Actor/Actress,California,United States,34,9,Eliminated Week 1,16,6.3333,7.3333,5.3333,,0.0,0.0,0.0,,0.0,0.0,0.0,,0.0,0.0,0.0,,0.0,0.0,0.0,,0.0,0.0,0.0,,0.0,0.0,0.0,,0.0,0.0,0.0,,0.0,0.0,0.0,,0.0,0.0,0.0,,,,,,0.0,0.0,0.0,0.0,0.0,0.0,0.0,0.0,0.0,0.0,,Eliminated,Eliminated,Eliminated,Eliminated,Eliminated,Eliminated,Eliminated,Eliminated,Eliminated,Eliminated,
Debi Mazar,Maksim Chmerkoskiy,Actor/Actress,New York,United States,45,9,Eliminated Week 3,12,8.0,7.0,7.0,,7.0,7.0,7.0,,6.0,5.0,6.0,,0.0,0.0,0.0,,0.0,0.0,0.0,,0.0,0.0,0.0,,0.0,0.0,0.0,,0.0,0.0,0.0,,0.0,0.0,0.0,,0.0,0.0,0.0,,,,,,22.0,21.0,0.0,0.0,0.0,0.0,0.0,0.0,0.0,0.0,,10.0,4.0,Eliminated,Eliminated,Eliminated,Eliminated,Eliminated,Eliminated,Eliminated,Eliminated,
Melissa Joan Hart,Mark Ballas,Actor/Actress,New York,United States,33,9,Eliminated Week 6,9,8.0,8.0,8.0,,7.0,6.0,6.0,,6.0,6.0,7.0,,9.0,9.0,10.0,,8.0,8.0,7.0,,8.3333,8.3333,7.3333,,0.0,0.0,0.0,,0.0,0.0,0.0,,0.0,0.0,0.0,,0.0,0.0,0.0,,,,,,24.0,19.0,19.0,28.0,23.0,0.0,0.0,0.0,0.0,0.0,,9.0,9.0,8.0,1.0,7.0,Eliminated,Eliminated,Eliminated,Eliminated,Eliminated,
Mark Dacascos,Lacey Schwimmer,Actor/Actress,Hawaii,United States,45,9,Eliminated Week 7,6,9.6666,9.6666,9.6666,,7.0,7.0,7.0,,6.0,6.0,6.0,,8.0,7.0,7.0,,9.0,9.0,8.0,,11.0,11.0,10.0,,7.0,7.5,7.0,,0.0,0.0,0.0,,0.0,0.0,0.0,,0.0,0.0,0.0,,,,,,28.9998,21.0,18.0,22.0,26.0,32.0,0.0,0.0,0.0,0.0,,6.0,4.0,9.0,7.0,3.0,4.0,Eliminated,Eliminated,Eliminated,Eliminated,
Chuck Liddell,Anna Trebunskaya,Athlete,California,United States,39,9,Eliminated Week 4,11,8.0,7.0,7.0,,6.0,7.0,6.0,,6.0,5.0,6.0,,6.0,5.0,6.0,,0.0,0.0,0.0,,0.0,0.0,0.0,,0.0,0.0,0.0,,0.0,0.0,0.0,,0.0,0.0,0.0,,0.0,0.0,0.0,,,,,,22.0,19.0,17.0,0.0,0.0,0.0,0.0,0.0,0.0,0.0,,10.0,9.0,10.0,Eliminated,Eliminated,Eliminated,Eliminated,Eliminated,Eliminated,Eliminated,
Natalie Coughlin,Alec Mazo,Athlete,California,United States,27,9,Eliminated Week 5,10,9.6666,8.6666,8.6666,,7.0,7.0,7.0,,9.0,8.0,9.0,,8.0,8.0,8.0,,7.0,8.0,7.0,,0.0,0.0,0.0,,0.0,0.0,0.0,,0.0,0.0,0.0,,0.0,0.0,0.0,,0.0,0.0,0.0,,,,,,26.9998,21.0,26.0,24.0,0.0,0.0,0.0,0.0,0.0,0.0,,7.0,4.0,2.0,4.0,Eliminated,Eliminated,Eliminated,Eliminated,Eliminated,Eliminated,
Louie Vito,Chelsie Hightower,Athlete,Ohio,United States,21,9,Eliminated Week 6,8,8.6666,9.6666,8.6666,,6.0,7.0,6.0,,8.0,5.0,7.0,,5.0,5.0,6.0,,7.0,8.0,7.0,,8.0,8.0,8.0,,0.0,0.0,0.0,,0.0,0.0,0.0,,0.0,0.0,0.0,,0.0,0.0,0.0,,,,,,26.9998,19.0,20.0,16.0,22.0,0.0,0.0,0.0,0.0,0.0,,7.0,9.0,6.0,9.0,8.0,Eliminated,Eliminated,Eliminated,Eliminated,Eliminated,
Michael Irvin,Anna Demidova,Athlete,Florida,United States,43,9,Eliminated Week 7,7,7.0,6.0,6.0,,7.0,7.0,6.0,,5.0,4.0,5.0,,5.0,6.0,5.0,,7.0,7.0,7.0,,6.6666,8.6666,6.6666,,8.0,8.0,7.5,,0.0,0.0,0.0,,0.0,0.0,0.0,,0.0,0.0,0.0,,,,,,19.0,20.0,14.0,16.0,21.0,21.9998,0.0,0.0,0.0,0.0,,14.0,7.0,12.0,9.0,9.0,7.0,Eliminated,Eliminated,Eliminated,Eliminated,
Joanna Krupa,Derek Hough,Model,,Poland,30,9,Eliminated Week 9,4,11.3333,11.3333,11.3333,,6.0,7.0,7.0,,7.0,8.0,8.0,,9.0,8.0,9.0,,8.0,8.0,8.0,,11.3333,12.3333,12.3333,,9.0,9.0,9.5,,8.5,8.5,9.0,,9.0,9.0,9.0,,0.0,0.0,0.0,,,,,,33.9999,20.0,23.0,26.0,24.0,35.9999,27.5,26.0,0.0,0.0,,1.0,7.0,3.0,3.0,4.0,1.0,1.0,2.0,Eliminated,Eliminated,
Kathy Ireland,Tony Dovolani,Model,California,United States,46,9,Eliminated Week 2,14,7.3333,6.3333,6.3333,,6.0,6.0,6.0,,0.0,0.0,0.0,,0.0,0.0,0.0,,0.0,0.0,0.0,,0.0,0.0,0.0,,0.0,0.0,0.0,,0.0,0.0,0.0,,0.0,0.0,0.0,,0.0,0.0,0.0,,,,,,19.9999,0.0,0.0,0.0,0.0,0.0,0.0,0.0,0.0,0.0,,12.0,Eliminated,Eliminated,Eliminated,Eliminated,Eliminated,Eliminated,Eliminated,Eliminated,Eliminated,
Tom DeLay,Cheryl Burke,Politician,Texas,United States,62,9,Withdrew,13,7.3333,6.3333,6.3333,,6.0,6.0,6.0,,6.0,4.0,5.0,,0.0,0.0,0.0,,0.0,0.0,0.0,,0.0,0.0,0.0,,0.0,0.0,0.0,,0.0,0.0,0.0,,0.0,0.0,0.0,,0.0,0.0,0.0,,,,,,19.9999,18.0,15.0,0.0,0.0,0.0,0.0,0.0,0.0,0.0,,12.0,13.0,11.0,Eliminated,Eliminated,Eliminated,Eliminated,Eliminated,Eliminated,Eliminated,
Macy Gray,Jonathan Roberts,Singer/Rapper,Ohio,United States,42,9,Eliminated Week 1,15,7.3333,5.3333,6.3333,,0.0,0.0,0.0,,0.0,0.0,0.0,,0.0,0.0,0.0,,0.0,0.0,0.0,,0.0,0.0,0.0,,0.0,0.0,0.0,,0.0,0.0,0.0,,0.0,0.0,0.0,,0.0,0.0,0.0,,,,,,0.0,0.0,0.0,0.0,0.0,0.0,0.0,0.0,0.0,0.0,,Eliminated,Eliminated,Eliminated,Eliminated,Eliminated,Eliminated,Eliminated,Eliminated,Eliminated,Eliminated,
Aaron Carter,Karina Smirnoff,Singer/Rapper,Florida,United States,21,9,Eliminated Week 8,5,10.3333,11.3333,10.3333,,9.0,9.0,9.0,,8.0,6.0,7.0,,6.0,6.0,6.0,,8.0,8.0,8.0,,10.6666,11.6666,10.6666,,8.5,9.0,9.0,,8.0,8.5,8.5,,0.0,0.0,0.0,,0.0,0.0,0.0,,,,,,31.999899999999997,27.0,21.0,18.0,24.0,32.9998,26.5,0.0,0.0,0.0,,2.0,1.0,4.0,8.0,4.0,3.0,2.0,Eliminated,Eliminated,Eliminated,
Mya,Dmitry Chaplin,Singer/Rapper,Washington D.C.,United States,29,9,2nd Place,2,11.3333,8.3333,11.3333,,9.0,9.0,9.0,,10.0,7.0,10.0,,10.0,8.0,10.0,,9.0,9.0,9.0,,11.0,10.0,12.0,,8.5,7.5,8.5,,9.5,10.0,10.0,,9.3333,9.6666,10.0,,9.4444,9.4444,9.4444,,,,,,30.999899999999997,27.0,27.0,28.0,27.0,33.0,24.5,29.5,28.9999,28.333199999999998,,3.0,1.0,1.0,1.0,2.0,2.0,5.0,1.0,1.0,2.0,
Donny Osmond,Kym Johnson,Singer/Rapper,Utah,United States,51,9,1st Place,1,10.3333,9.3333,10.3333,,8.0,9.0,8.0,,7.0,7.0,7.0,,8.0,8.0,8.0,,10.0,9.0,10.0,,10.3333,10.3333,10.3333,,8.5,8.5,9.0,,8.5,8.0,8.5,,8.0,8.3333,8.3333,,9.6666,9.6666,9.6666,,,,,,29.999899999999997,25.0,21.0,24.0,29.0,30.999899999999997,26.0,25.0,24.666600000000003,28.9998,,5.0,3.0,4.0,4.0,1.0,5.0,3.0,4.0,3.0,1.0,
Kelly Osbourne,Louis van Amstel,TV Personality,,England,24,9,3rd Place,3,9.6666,10.6666,10.6666,,6.0,7.0,6.0,,7.0,6.0,7.0,,8.0,7.0,8.0,,8.0,8.0,8.0,,8.6666,7.6666,8.6666,,8.5,8.5,9.0,,8.0,8.5,9.0,,8.6666,8.6666,8.6666,,8.5,8.5,8.2222,,,,,,30.9998,19.0,20.0,23.0,24.0,24.9998,26.0,25.5,25.9998,25.2222,,4.0,9.0,6.0,6.0,4.0,6.0,3.0,3.0,2.0,3.0,
Aiden Turner,Edyta Sliwinska,Actor/Actress,,England,32,10,Eliminated Week 4,9,5.0,5.0,5.0,,7.0,6.0,6.0,,7.0,6.0,7.0,,5.5,5.5,5.5,,0.0,0.0,0.0,,0.0,0.0,0.0,,0.0,0.0,0.0,,0.0,0.0,0.0,,0.0,0.0,0.0,,0.0,0.0,0.0,,,,,,15.0,19.0,20.0,0.0,0.0,0.0,0.0,0.0,0.0,0.0,,10.0,7.0,7.0,Eliminated,Eliminated,Eliminated,Eliminated,Eliminated,Eliminated,Eliminated,
Shannen Doherty,Mark Ballas,Actor/Actress,Tennessee,United States,38,10,Eliminated Week 2,11,6.0,6.0,6.0,,7.0,6.0,7.0,,0.0,0.0,0.0,,0.0,0.0,0.0,,0.0,0.0,0.0,,0.0,0.0,0.0,,0.0,0.0,0.0,,0.0,0.0,0.0,,0.0,0.0,0.0,,0.0,0.0,0.0,,,,,,18.0,0.0,0.0,0.0,0.0,0.0,0.0,0.0,0.0,0.0,,6.0,Eliminated,Eliminated,Eliminated,Eliminated,Eliminated,Eliminated,Eliminated,Eliminated,Eliminated,
Niecy Nash,Louis van Amstel,Actor/Actress,California,United States,40,10,Eliminated Week 8,5,7.0,5.0,6.0,,7.0,7.0,7.0,,7.0,7.0,7.0,,6.0,6.0,6.0,,6.0,6.0,6.0,,8.6666,8.6666,8.6666,,8.5,8.0,8.0,,7.0,7.0,7.5,,0.0,0.0,0.0,,0.0,0.0,0.0,,,,,,18.0,21.0,21.0,18.0,18.0,25.9998,24.5,0.0,0.0,0.0,,6.0,5.0,4.0,7.0,6.0,6.0,5.0,Eliminated,Eliminated,Eliminated,
Buzz Aldrin,Ashly DelGrosso,Astronaut,New Jersey,United States,80,10,Eliminated Week 3,10,5.0,4.0,5.0,,4.0,4.0,4.0,,5.0,4.0,4.0,,0.0,0.0,0.0,,0.0,0.0,0.0,,0.0,0.0,0.0,,0.0,0.0,0.0,,0.0,0.0,0.0,,0.0,0.0,0.0,,0.0,0.0,0.0,,,,,,14.0,12.0,0.0,0.0,0.0,0.0,0.0,0.0,0.0,0.0,,11.0,10.0,Eliminated,Eliminated,Eliminated,Eliminated,Eliminated,Eliminated,Eliminated,Eliminated,
Chad Ochocinco,Cheryl Burke,Athlete,Florida,United States,32,10,Eliminated Week 9,4,6.0,6.0,6.0,,6.0,5.0,5.0,,7.0,6.0,7.0,,7.5,6.5,8.0,,6.0,6.0,6.0,,10.3333,10.3333,10.3333,,8.5,9.0,8.5,,7.5,7.5,7.5,,8.5,8.5,9.0,,0.0,0.0,0.0,,,,,,18.0,16.0,20.0,22.0,18.0,30.999899999999997,26.0,22.5,0.0,0.0,,6.0,8.0,7.0,4.0,6.0,3.0,3.0,4.0,Eliminated,Eliminated,
Evan Lysacek,Anna Trebunskaya,Athlete,Illinois,United States,24,10,2nd Place,2,8.0,7.0,8.0,,8.0,8.0,8.0,,9.0,8.0,9.0,,9.0,8.0,9.0,,9.0,9.0,9.0,,9.0,9.0,9.0,,9.0,9.0,9.0,,9.0,8.5,9.0,,10.0,9.5,10.0,,9.3333,8.7777,8.7777,,,,,,23.0,24.0,26.0,26.0,27.0,27.0,27.0,26.5,29.5,26.888699999999996,,2.0,2.0,1.0,1.0,2.0,5.0,1.0,2.0,1.0,3.0,
Pamela Anderson,Damian Whitewood,Model,,Canada,42,10,Eliminated Week 7,6,7.0,6.0,8.0,,7.0,7.0,8.0,,7.0,7.0,7.0,,7.5,7.5,8.5,,7.0,6.0,8.0,,9.6666,9.6666,10.6666,,8.5,8.5,8.5,,0.0,0.0,0.0,,0.0,0.0,0.0,,0.0,0.0,0.0,,,,,,21.0,22.0,21.0,23.5,21.0,29.9998,0.0,0.0,0.0,0.0,,3.0,4.0,4.0,3.0,5.0,4.0,Eliminated,Eliminated,Eliminated,Eliminated,
Nicole Scherzinger,Derek Hough,Singer/Rapper,Hawaii,United States,31,10,1st Place,1,9.0,7.0,9.0,,10.0,8.0,10.0,,8.0,6.0,9.0,,8.5,8.0,8.5,,10.0,9.0,10.0,,12.3333,10.3333,13.3333,,9.0,9.0,9.0,,10.0,9.5,10.0,,10.0,9.5,10.0,,9.5,9.5,9.7777,,,,,,25.0,28.0,23.0,25.0,29.0,35.9999,27.0,29.5,29.5,28.7777,,1.0,1.0,2.0,2.0,1.0,1.0,1.0,1.0,1.0,1.0,
Erin Andrews,Maksim Chmerkoskiy,Sports Broadcaster,Maine,United States,32,10,3rd Place,3,7.0,7.0,7.0,,8.0,7.0,8.0,,8.0,7.0,8.0,,6.5,6.5,6.5,,7.0,7.0,8.0,,12.0,10.0,12.0,,8.5,8.5,8.5,,8.5,9.0,9.0,,9.5,9.0,9.5,,9.2222,8.8888,8.8888,,,,,,21.0,23.0,23.0,19.5,22.0,34.0,25.5,26.5,28.0,26.9998,,3.0,3.0,2.0,5.0,4.0,2.0,4.0,2.0,3.0,2.0,
Kate Gosselin,Tony Dovolani,TV Personality,Pennsylvania,United States,35,10,Eliminated Week 5,8,6.0,5.0,5.0,,5.0,5.0,5.0,,5.0,5.0,5.0,,5.0,5.5,5.5,,5.0,5.0,5.0,,0.0,0.0,0.0,,0.0,0.0,0.0,,0.0,0.0,0.0,,0.0,0.0,0.0,,0.0,0.0,0.0,,,,,,16.0,15.0,15.0,16.0,0.0,0.0,0.0,0.0,0.0,0.0,,9.0,9.0,9.0,8.0,Eliminated,Eliminated,Eliminated,Eliminated,Eliminated,Eliminated,
Jake Pavelka,Chelsie Hightower,TV Personality,Texas,United States,32,10,Eliminated Week 6,7,7.0,6.0,7.0,,6.0,7.0,7.0,,7.0,7.0,7.0,,6.5,6.5,6.0,,8.0,7.0,8.0,,8.3333,8.3333,8.3333,,0.0,0.0,0.0,,0.0,0.0,0.0,,0.0,0.0,0.0,,0.0,0.0,0.0,,,,,,20.0,20.0,21.0,19.0,23.0,0.0,0.0,0.0,0.0,0.0,,5.0,6.0,4.0,6.0,3.0,Eliminated,Eliminated,Eliminated,Eliminated,Eliminated,
David Hasselhoff,Kym Johnson,Actor/Actress,Maryland,United States,58,11,Eliminated Week 1,12,5.0,5.0,5.0,,0.0,0.0,0.0,,0.0,0.0,0.0,,0.0,0.0,0.0,,0.0,0.0,0.0,,0.0,0.0,0.0,,0.0,0.0,0.0,0.0,0.0,0.0,0.0,,0.0,0.0,0.0,,0.0,0.0,0.0,,,,,,0.0,0.0,0.0,0.0,0.0,0.0,0.0,0.0,0.0,0.0,,Eliminated,Eliminated,Eliminated,Eliminated,Eliminated,Eliminated,Eliminated,Eliminated,Eliminated,Eliminated,
Florence Henderson,Corky Ballas,Actor/Actress,Indiana,United States,76,11,Eliminated Week 5,8,6.0,6.0,6.0,,7.0,6.0,6.0,,7.0,6.0,7.0,,6.0,6.0,5.5,,7.0,7.0,7.0,,0.0,0.0,0.0,,0.0,0.0,0.0,0.0,0.0,0.0,0.0,,0.0,0.0,0.0,,0.0,0.0,0.0,,,,,,18.0,19.0,20.0,17.5,0.0,0.0,0.0,0.0,0.0,0.0,,7.0,8.0,7.0,6.0,Eliminated,Eliminated,Eliminated,Eliminated,Eliminated,Eliminated,
Kyle Massey,Lacey Schwimmer,Actor/Actress,Georgia,United States,19,11,2nd Place,2,8.0,7.0,8.0,,8.0,7.0,7.0,,8.0,7.0,8.0,,7.0,6.5,6.5,,8.0,5.0,7.0,,10.3333,9.3333,10.3333,,9.0,8.5,8.0,8.0,9.5,9.0,9.5,,10.0,9.0,10.0,,9.3333,8.6666,9.3333,,,,,,23.0,22.0,23.0,20.0,20.0,29.999899999999997,33.5,28.0,29.0,27.333199999999998,,2.0,3.0,5.0,4.0,6.0,3.0,4.0,3.0,2.0,2.0,
Jennifer Grey,Derek Hough,Actor/Actress,New York,United States,50,11,1st Place,1,8.0,8.0,8.0,,8.0,8.0,8.0,,8.0,8.0,8.0,,9.5,9.0,9.5,,8.0,8.0,9.0,,9.0,10.0,10.0,,9.5,9.0,9.0,9.0,9.5,9.5,9.5,,10.0,10.0,10.0,,10.0,10.0,10.0,,,,,,24.0,24.0,24.0,28.0,25.0,29.0,36.5,28.5,30.0,30.0,,1.0,1.0,2.0,1.0,2.0,4.0,1.0,1.0,1.0,1.0,
Rick Fox,Cheryl Burke,Athlete,,Canada,41,11,Eliminated Week 7,6,8.0,7.0,7.0,,7.0,7.0,7.0,,8.0,8.0,8.0,,6.0,7.0,6.5,,8.0,8.0,8.0,,10.0,10.0,10.0,,9.0,8.5,8.5,8.5,0.0,0.0,0.0,,0.0,0.0,0.0,,0.0,0.0,0.0,,,,,,22.0,21.0,24.0,19.5,24.0,30.0,0.0,0.0,0.0,0.0,,4.0,5.0,2.0,5.0,3.0,2.0,Eliminated,Eliminated,Eliminated,Eliminated,
Kurt Warner,Anna Trebunskaya,Athlete,Iowa,United States,39,11,Eliminated Week 8,5,7.0,5.0,7.0,,7.0,7.0,7.0,,8.0,8.0,7.0,,6.0,5.5,5.5,,8.0,8.0,8.0,,7.3333,7.3333,7.3333,,9.5,8.5,8.5,8.5,8.0,8.0,8.0,,0.0,0.0,0.0,,0.0,0.0,0.0,,,,,,19.0,21.0,23.0,17.0,24.0,21.9999,35.0,0.0,0.0,0.0,,5.0,5.0,5.0,7.0,3.0,6.0,3.0,Eliminated,Eliminated,Eliminated,
Margaret Cho,Louis van Amstel,Comedian,California,United States,41,11,Eliminated Week 3,10,5.0,5.0,5.0,,6.0,6.0,6.0,,6.0,6.0,6.0,,0.0,0.0,0.0,,0.0,0.0,0.0,,0.0,0.0,0.0,,0.0,0.0,0.0,0.0,0.0,0.0,0.0,,0.0,0.0,0.0,,0.0,0.0,0.0,,,,,,15.0,18.0,0.0,0.0,0.0,0.0,0.0,0.0,0.0,0.0,,10.0,9.0,Eliminated,Eliminated,Eliminated,Eliminated,Eliminated,Eliminated,Eliminated,Eliminated,
Michael Bolton,Chelsie Hightower,Singer/Rapper,Connecticut,United States,57,11,Eliminated Week 2,11,6.0,5.0,5.0,,4.0,5.0,3.0,,0.0,0.0,0.0,,0.0,0.0,0.0,,0.0,0.0,0.0,,0.0,0.0,0.0,,0.0,0.0,0.0,0.0,0.0,0.0,0.0,,0.0,0.0,0.0,,0.0,0.0,0.0,,,,,,16.0,0.0,0.0,0.0,0.0,0.0,0.0,0.0,0.0,0.0,,9.0,Eliminated,Eliminated,Eliminated,Eliminated,Eliminated,Eliminated,Eliminated,Eliminated,Eliminated,
Brandy,Maksim Chmerkoskiy,Singer/Rapper,Mississippi,United States,31,11,Eliminated Week 9,4,7.0,8.0,8.0,,7.0,7.0,7.0,,8.0,8.0,8.0,,8.0,8.0,8.0,,9.0,9.0,9.0,,11.3333,12.3333,12.3333,,9.0,9.0,9.5,9.0,9.0,9.5,10.0,,9.5,9.5,9.5,,0.0,0.0,0.0,,,,,,23.0,21.0,24.0,24.0,27.0,35.9999,36.5,28.5,0.0,0.0,,2.0,5.0,2.0,2.0,1.0,1.0,1.0,1.0,Eliminated,Eliminated,
The Situation,Karina Smirnoff,TV Personality,New York,United States,28,11,Eliminated Week 4,9,5.0,5.0,5.0,,6.0,6.0,6.0,,7.0,6.0,7.0,,5.0,4.5,4.5,,0.0,0.0,0.0,,0.0,0.0,0.0,,0.0,0.0,0.0,0.0,0.0,0.0,0.0,,0.0,0.0,0.0,,0.0,0.0,0.0,,,,,,15.0,18.0,20.0,0.0,0.0,0.0,0.0,0.0,0.0,0.0,,10.0,9.0,7.0,Eliminated,Eliminated,Eliminated,Eliminated,Eliminated,Eliminated,Eliminated,
Audrina Patridge,Tony Dovolani,TV Personality,California,United States,25,11,Eliminated Week 6,7,6.0,7.0,6.0,,8.0,8.0,7.0,,8.0,9.0,9.0,,8.0,7.5,7.5,,7.0,8.0,8.0,,10.6666,10.6666,10.6666,,0.0,0.0,0.0,0.0,0.0,0.0,0.0,,0.0,0.0,0.0,,0.0,0.0,0.0,,,,,,19.0,23.0,26.0,23.0,23.0,0.0,0.0,0.0,0.0,0.0,,5.0,2.0,1.0,3.0,5.0,Eliminated,Eliminated,Eliminated,Eliminated,Eliminated,
Bristol Palin,Mark Ballas,TV Personality,Alaska,United States,19,11,3rd Place,3,6.0,6.0,6.0,,7.0,8.0,7.0,,6.0,6.0,7.0,,5.0,5.5,5.5,,6.0,6.0,6.0,,9.6666,8.6666,9.6666,,8.5,8.0,8.0,8.0,7.5,8.0,8.0,,8.5,9.0,9.0,,8.3333,9.0,8.3333,,,,,,18.0,22.0,19.0,16.0,18.0,27.9998,32.5,23.5,26.5,25.666600000000003,,7.0,3.0,9.0,8.0,7.0,5.0,5.0,4.0,3.0,3.0,
Ralph Macchio,Karina Smirnoff,Actor/Actress,New York,United States,49,12,Eliminated Week 9,4,8.0,8.0,8.0,,7.0,7.0,7.0,,7.0,7.0,7.0,,8.0,8.0,9.0,,8.0,7.0,7.0,,8.0,8.0,8.0,,9.0,8.5,7.5,8.0,7.5,7.5,8.0,,8.0,8.0,8.0,,0.0,0.0,0.0,,,,,,24.0,21.0,21.0,25.0,22.0,24.0,33.0,23.0,0.0,0.0,,1.0,4.0,5.0,2.0,6.0,6.0,1.0,4.0,Eliminated,Eliminated,
Chelsea Kane,Mark Ballas,Actor/Actress,Arizona,United States,22,12,3rd Place,3,7.0,7.0,7.0,,6.0,5.0,7.0,,7.0,8.0,8.0,,9.0,8.0,9.0,,9.0,8.0,9.0,,10.0,9.0,9.0,,8.0,8.5,7.5,8.0,9.0,9.0,9.5,,12.0,12.0,12.5,,10.0,9.6666,10.0,,,,,,21.0,18.0,23.0,26.0,26.0,28.0,32.0,27.5,36.5,29.666600000000003,,3.0,7.0,3.0,1.0,2.0,1.0,3.0,1.0,1.0,1.0,
Kirstie Alley,Maksim Chmerkoskiy,Actor/Actress,Kansas,United States,60,12,2nd Place,2,8.0,7.0,8.0,,7.0,6.0,7.0,,7.0,7.0,7.0,,7.0,7.0,8.0,,8.0,7.0,8.0,,8.0,9.0,9.0,,8.0,7.0,7.0,8.0,8.5,9.0,9.0,,9.0,9.0,9.0,,9.3333,9.3333,9.3333,,,,,,23.0,20.0,21.0,22.0,23.0,26.0,30.0,26.5,27.0,27.999899999999997,,2.0,5.0,5.0,7.0,5.0,4.0,4.0,3.0,3.0,3.0,
Hines Ward,Kym Johnson,Athlete,,South Korea,35,12,1st Place,1,7.0,7.0,7.0,,8.0,7.0,8.0,,9.0,8.0,8.0,,9.0,8.0,8.0,,9.0,9.0,9.0,,9.0,9.0,9.0,,8.0,8.0,8.0,9.0,9.0,9.0,9.0,,10.0,10.0,10.0,,10.0,9.6666,10.0,,,,,,21.0,23.0,25.0,25.0,27.0,27.0,33.0,27.0,30.0,29.666600000000003,,3.0,1.0,1.0,2.0,1.0,3.0,1.0,2.0,2.0,1.0,
Sugar Ray Leonard,Anna Trebunskaya,Athlete,North Carolina,United States,54,12,Eliminated Week 4,9,6.0,5.0,6.0,,6.0,5.0,6.0,,7.0,6.0,7.0,,7.0,7.0,7.0,,0.0,0.0,0.0,,0.0,0.0,0.0,,0.0,0.0,0.0,0.0,0.0,0.0,0.0,,0.0,0.0,0.0,,0.0,0.0,0.0,,,,,,17.0,17.0,20.0,0.0,0.0,0.0,0.0,0.0,0.0,0.0,,9.0,9.0,8.0,Eliminated,Eliminated,Eliminated,Eliminated,Eliminated,Eliminated,Eliminated,
Chris Jericho,Cheryl Burke,Athlete,New York,United States,40,12,Eliminated Week 6,7,7.0,6.0,6.0,,8.0,7.0,8.0,,7.0,7.0,7.0,,8.0,7.0,8.0,,9.0,8.0,9.0,,7.0,8.0,7.0,,0.0,0.0,0.0,0.0,0.0,0.0,0.0,,0.0,0.0,0.0,,0.0,0.0,0.0,,,,,,19.0,23.0,21.0,23.0,26.0,0.0,0.0,0.0,0.0,0.0,,5.0,1.0,5.0,4.0,2.0,Eliminated,Eliminated,Eliminated,Eliminated,Eliminated,
Petra Nemcova,Dmitry Chaplin,Model,,Czechoslovakia,31,12,Eliminated Week 5,8,6.0,6.0,6.0,,6.0,6.0,6.0,,8.0,9.0,8.0,,8.0,7.0,8.0,,7.0,7.0,8.0,,0.0,0.0,0.0,,0.0,0.0,0.0,0.0,0.0,0.0,0.0,,0.0,0.0,0.0,,0.0,0.0,0.0,,,,,,18.0,18.0,25.0,23.0,0.0,0.0,0.0,0.0,0.0,0.0,,7.0,7.0,1.0,4.0,Eliminated,Eliminated,Eliminated,Eliminated,Eliminated,Eliminated,
Mike Catherwood,Lacey Schwimmer,Radio Personality,California,United States,32,12,Eliminated Week 2,11,5.0,4.0,4.0,,6.0,5.0,6.0,,0.0,0.0,0.0,,0.0,0.0,0.0,,0.0,0.0,0.0,,0.0,0.0,0.0,,0.0,0.0,0.0,0.0,0.0,0.0,0.0,,0.0,0.0,0.0,,0.0,0.0,0.0,,,,,,13.0,0.0,0.0,0.0,0.0,0.0,0.0,0.0,0.0,0.0,,11.0,Eliminated,Eliminated,Eliminated,Eliminated,Eliminated,Eliminated,Eliminated,Eliminated,Eliminated,
Romeo,Chelsie Hightower,Singer/Rapper,Louisiana,United States,21,12,Eliminated Week 8,5,7.0,6.0,6.0,,7.0,8.0,8.0,,7.0,6.0,7.0,,7.0,8.0,8.0,,9.0,8.0,9.0,,10.0,9.0,9.0,,7.5,8.0,7.0,7.5,8.5,9.0,8.5,,0.0,0.0,0.0,,0.0,0.0,0.0,,,,,,19.0,23.0,20.0,23.0,26.0,28.0,30.0,0.0,0.0,0.0,,5.0,1.0,8.0,4.0,2.0,1.0,4.0,Eliminated,Eliminated,Eliminated,
Wendy Williams,Tony Dovolani,TV Personality,New Jersey,United States,46,12,Eliminated Week 3,10,5.0,4.0,5.0,,6.0,5.0,6.0,,5.0,5.0,5.0,,0.0,0.0,0.0,,0.0,0.0,0.0,,0.0,0.0,0.0,,0.0,0.0,0.0,0.0,0.0,0.0,0.0,,0.0,0.0,0.0,,0.0,0.0,0.0,,,,,,14.0,17.0,0.0,0.0,0.0,0.0,0.0,0.0,0.0,0.0,,10.0,9.0,Eliminated,Eliminated,Eliminated,Eliminated,Eliminated,Eliminated,Eliminated,Eliminated,
Kendra Wilkinson,Louis van Amstel,TV Personality,California,United States,25,12,Eliminated Week 7,6,6.0,6.0,6.0,,7.0,6.0,6.0,,8.0,7.0,8.0,,6.0,6.0,6.0,,8.0,7.0,7.0,,8.0,8.0,9.0,,7.5,7.5,7.5,8.0,0.0,0.0,0.0,,0.0,0.0,0.0,,0.0,0.0,0.0,,,,,,18.0,19.0,23.0,18.0,22.0,25.0,0.0,0.0,0.0,0.0,,7.0,6.0,3.0,8.0,6.0,5.0,Eliminated,Eliminated,Eliminated,Eliminated,
Elisabetta Canalis,Valentin Chmerkovskiy,Actor/Actress,,Italy,33,13,Eliminated Week 2,11,5.0,5.0,5.0,,7.0,7.0,7.0,,0.0,0.0,0.0,,0.0,0.0,0.0,,0.0,0.0,0.0,,0.0,0.0,0.0,,0.0,0.0,0.0,,0.0,0.0,0.0,,0.0,0.0,0.0,,0.0,0.0,0.0,,,,,,15.0,0.0,0.0,0.0,0.0,0.0,0.0,0.0,0.0,0.0,,11.0,Eliminated,Eliminated,Eliminated,Eliminated,Eliminated,Eliminated,Eliminated,Eliminated,Eliminated,
David Arquette,Kym Johnson,Actor/Actress,Virginia,United States,40,13,Eliminated Week 7,6,6.0,6.0,6.0,,6.0,6.0,6.0,,8.0,8.0,8.0,,8.0,7.0,8.0,,8.0,9.0,8.0,,8.0,7.0,8.0,,8.0,7.5,8.0,,0.0,0.0,0.0,,0.0,0.0,0.0,,0.0,0.0,0.0,,,,,,18.0,18.0,24.0,23.0,25.0,23.0,0.0,0.0,0.0,0.0,,6.0,8.0,4.0,5.0,2.0,4.0,Eliminated,Eliminated,Eliminated,Eliminated,
Ricki Lake,Derek Hough,Actor/Actress,New York,United States,42,13,3rd Place,3,7.0,6.0,7.0,,8.0,7.0,8.0,,9.0,9.0,9.0,,10.0,9.0,10.0,,8.0,8.0,8.0,,10.0,9.0,10.0,,9.0,8.5,9.0,,8.5,8.5,9.0,,10.8333,11.3333,11.3333,,9.3333,9.3333,9.3333,,,,,,20.0,23.0,27.0,29.0,24.0,29.0,26.5,26.0,33.4999,27.999899999999997,,4.0,1.0,1.0,1.0,4.0,1.0,1.0,2.0,1.0,3.0,
J.R. Martinez,Karina Smirnoff,Actor/Actress,Louisiana,United States,28,13,1st Place,1,8.0,7.0,7.0,,7.0,7.0,8.0,,9.0,8.0,9.0,,8.0,9.0,9.0,,9.0,9.0,10.0,,10.0,9.0,10.0,,8.5,7.5,8.0,,10.0,10.0,10.0,,9.5,9.0,9.5,,9.3333,9.1666,9.6666,,,,,,22.0,22.0,26.0,26.0,28.0,29.0,24.0,30.0,28.0,28.1665,,1.0,2.0,2.0,2.0,1.0,1.0,4.0,1.0,3.0,2.0,
Metta World Peace (Ron),Peta Murgatroyd,Athlete,New York,United States,31,13,Eliminated Week 1,12,5.0,4.0,5.0,,0.0,0.0,0.0,,0.0,0.0,0.0,,0.0,0.0,0.0,,0.0,0.0,0.0,,0.0,0.0,0.0,,0.0,0.0,0.0,,0.0,0.0,0.0,,0.0,0.0,0.0,,0.0,0.0,0.0,,,,,,0.0,0.0,0.0,0.0,0.0,0.0,0.0,0.0,0.0,0.0,,Eliminated,Eliminated,Eliminated,Eliminated,Eliminated,Eliminated,Eliminated,Eliminated,Eliminated,Eliminated,
Hope Solo,Maksim Chmerkoskiy,Athlete,Washington,United States,30,13,Eliminated Week 9,4,7.0,7.0,7.0,,6.0,7.0,6.0,,8.0,8.0,8.0,,8.0,8.0,8.0,,8.0,8.0,8.0,,7.0,6.0,7.0,,8.5,8.0,8.5,,8.5,9.0,8.5,,8.1666,8.1666,8.1666,,0.0,0.0,0.0,,,,,,21.0,19.0,24.0,24.0,24.0,20.0,25.0,26.0,0.0,0.0,,3.0,7.0,4.0,3.0,4.0,6.0,3.0,2.0,Eliminated,Eliminated,
Chynna Phillips,Tony Dovolani,Singer/Rapper,California,United States,43,13,Eliminated Week 4,9,8.0,7.0,7.0,,7.0,7.0,7.0,,8.0,9.0,9.0,,7.0,7.0,7.0,,0.0,0.0,0.0,,0.0,0.0,0.0,,0.0,0.0,0.0,,0.0,0.0,0.0,,0.0,0.0,0.0,,0.0,0.0,0.0,,,,,,22.0,21.0,26.0,0.0,0.0,0.0,0.0,0.0,0.0,0.0,,1.0,4.0,2.0,Eliminated,Eliminated,Eliminated,Eliminated,Eliminated,Eliminated,Eliminated,
Kristin Cavallari,Mark Ballas,TV Personality,Colorado,United States,24,13,Eliminated Week 3,10,7.0,6.0,6.0,,8.0,7.0,7.0,,8.0,8.0,8.0,,0.0,0.0,0.0,,0.0,0.0,0.0,,0.0,0.0,0.0,,0.0,0.0,0.0,,0.0,0.0,0.0,,0.0,0.0,0.0,,0.0,0.0,0.0,,,,,,19.0,22.0,0.0,0.0,0.0,0.0,0.0,0.0,0.0,0.0,,5.0,2.0,Eliminated,Eliminated,Eliminated,Eliminated,Eliminated,Eliminated,Eliminated,Eliminated,
Carson Kressley,Anna Trebunskaya,TV Personality,Pennsylvania,United States,41,13,Eliminated Week 5,8,6.0,5.0,6.0,,6.0,6.0,6.0,,8.0,7.0,8.0,,7.0,6.0,7.0,,6.0,6.0,7.0,,0.0,0.0,0.0,,0.0,0.0,0.0,,0.0,0.0,0.0,,0.0,0.0,0.0,,0.0,0.0,0.0,,,,,,17.0,18.0,23.0,20.0,0.0,0.0,0.0,0.0,0.0,0.0,,7.0,8.0,7.0,8.0,Eliminated,Eliminated,Eliminated,Eliminated,Eliminated,Eliminated,
Chaz Bono,Lacey Schwimmer,TV Personality,California,United States,42,13,Eliminated Week 6,7,6.0,5.0,6.0,,6.0,5.0,6.0,,6.0,6.0,6.0,,7.0,7.0,7.0,,7.0,7.0,7.0,,7.0,6.0,6.0,,0.0,0.0,0.0,,0.0,0.0,0.0,,0.0,0.0,0.0,,0.0,0.0,0.0,,,,,,17.0,17.0,18.0,21.0,21.0,0.0,0.0,0.0,0.0,0.0,,7.0,10.0,9.0,6.0,7.0,Eliminated,Eliminated,Eliminated,Eliminated,Eliminated,
Nancy Grace,Tristan MacManus,TV Personality,Georgia,United States,51,13,Eliminated Week 8,5,5.0,5.0,6.0,,6.0,8.0,7.0,,7.0,7.0,7.0,,7.0,7.0,7.0,,7.0,7.0,8.0,,9.0,7.0,8.0,,7.5,7.0,7.5,,7.5,7.0,7.5,,0.0,0.0,0.0,,0.0,0.0,0.0,,,,,,16.0,21.0,21.0,21.0,22.0,24.0,22.0,0.0,0.0,0.0,,9.0,4.0,8.0,6.0,6.0,3.0,5.0,Eliminated,Eliminated,Eliminated,
Rob Kardashian,Cheryl Burke,TV Personality,California,United States,24,13,2nd Place,2,6.0,5.0,5.0,,7.0,7.0,7.0,,8.0,8.0,8.0,,8.0,8.0,8.0,,9.0,8.0,8.0,,8.0,7.0,7.0,,9.0,8.0,8.5,,8.5,8.5,8.5,,11.1666,10.6666,10.6666,,9.4444,9.4444,9.4444,,,,,,16.0,21.0,24.0,24.0,25.0,22.0,25.5,25.5,32.4998,28.333199999999998,,9.0,4.0,4.0,3.0,2.0,5.0,2.0,4.0,2.0,1.0,
William Levy,Cheryl Burke,Actor/Actress,,Cuba,31,14,3rd Place,3,8.0,8.0,8.0,,9.0,7.0,9.0,,9.0,9.0,10.0,,7.0,7.0,8.0,,10.0,9.0,10.0,,12.0,11.0,13.0,,9.0,8.5,9.0,,9.5,9.5,9.5,,9.5,9.5,10.0,,10.0,9.6666,10.0,,,,,,24.0,25.0,28.0,22.0,29.0,36.0,26.5,28.5,29.0,29.666600000000003,,3.0,3.0,2.0,6.0,1.0,3.0,3.0,1.0,1.0,2.0,
Jack Wagner,Anna Trebunskaya,Actor/Actress,Missouri,United States,52,14,Eliminated Week 3,11,8.0,7.0,8.0,,7.0,7.0,7.0,,8.0,8.0,8.0,,0.0,0.0,0.0,,0.0,0.0,0.0,,0.0,0.0,0.0,,0.0,0.0,0.0,,0.0,0.0,0.0,,0.0,0.0,0.0,,0.0,0.0,0.0,,,,,,23.0,21.0,0.0,0.0,0.0,0.0,0.0,0.0,0.0,0.0,,4.0,8.0,Eliminated,Eliminated,Eliminated,Eliminated,Eliminated,Eliminated,Eliminated,Eliminated,
Sherri Sheperd,Valentin Chmerkovskiy,Actor/Actress,Illinois,United States,44,14,Eliminated Week 4,10,8.0,7.0,8.0,,8.0,7.0,8.0,,8.0,8.0,8.0,,7.0,7.0,7.0,,0.0,0.0,0.0,,0.0,0.0,0.0,,0.0,0.0,0.0,,0.0,0.0,0.0,,0.0,0.0,0.0,,0.0,0.0,0.0,,,,,,23.0,23.0,24.0,0.0,0.0,0.0,0.0,0.0,0.0,0.0,,4.0,6.0,7.0,Eliminated,Eliminated,Eliminated,Eliminated,Eliminated,Eliminated,Eliminated,
Jaleel White,Kym Johnson,Actor/Actress,California,United States,35,14,Eliminated Week 7,7,9.0,8.0,9.0,,7.0,7.0,8.0,,9.0,8.0,8.0,,8.0,7.0,7.0,,8.0,8.0,8.0,,12.6666,11.6666,12.6666,,9.0,8.0,8.5,,0.0,0.0,0.0,,0.0,0.0,0.0,,0.0,0.0,0.0,,,,,,26.0,22.0,25.0,22.0,24.0,36.9998,0.0,0.0,0.0,0.0,,1.0,7.0,5.0,6.0,6.0,2.0,Eliminated,Eliminated,Eliminated,Eliminated,
Roshon Fegan,Chelsie Hightower,Actor/Actress,California,United States,20,14,Eliminated Week 8,6,8.0,7.0,8.0,,9.0,8.0,9.0,,8.0,8.0,9.0,,9.0,8.0,9.0,,9.0,8.0,9.0,,8.6666,9.6666,9.6666,,9.5,8.0,8.5,,9.5,9.0,9.5,,0.0,0.0,0.0,,0.0,0.0,0.0,,,,,,23.0,26.0,25.0,26.0,26.0,27.9998,26.0,0.0,0.0,0.0,,4.0,1.0,5.0,2.0,5.0,7.0,5.0,Eliminated,Eliminated,Eliminated,
Melissa Gilbert,Maksim Chmerkoskiy,Actor/Actress,California,United States,47,14,Eliminated Week 8,5,7.0,6.0,7.0,,7.0,6.0,7.0,,8.0,8.0,8.0,,7.0,8.0,7.0,,7.0,7.0,7.0,,10.0,10.0,10.0,,8.0,7.5,8.0,,8.5,8.5,8.5,,0.0,0.0,0.0,,0.0,0.0,0.0,,,,,,20.0,20.0,24.0,22.0,21.0,30.0,23.5,0.0,0.0,0.0,,10.0,10.0,7.0,6.0,8.0,5.0,6.0,Eliminated,Eliminated,Eliminated,
Martina Navratilova,Tony Dovolani,Athlete,,Czechoslovakia,55,14,Eliminated Week 2,12,7.0,6.0,7.0,,6.0,5.0,6.0,,0.0,0.0,0.0,,0.0,0.0,0.0,,0.0,0.0,0.0,,0.0,0.0,0.0,,0.0,0.0,0.0,,0.0,0.0,0.0,,0.0,0.0,0.0,,0.0,0.0,0.0,,,,,,20.0,0.0,0.0,0.0,0.0,0.0,0.0,0.0,0.0,0.0,,10.0,Eliminated,Eliminated,Eliminated,Eliminated,Eliminated,Eliminated,Eliminated,Eliminated,Eliminated,
Donald Driver,Peta Murgatroyd,Athlete,Texas,United States,37,14,1st Place,1,7.0,7.0,7.0,,8.0,8.0,8.0,,9.0,8.0,9.0,,9.0,9.0,9.0,,10.0,8.0,9.0,,11.3333,11.3333,11.3333,,9.0,8.5,9.0,,9.5,9.0,9.0,,9.5,9.0,10.0,,10.0,9.6666,10.0,,,,,,21.0,24.0,26.0,27.0,27.0,33.9999,26.5,27.5,28.5,29.666600000000003,,8.0,5.0,4.0,1.0,3.0,4.0,3.0,2.0,2.0,2.0,
Gavin DeGraw,Karina Smirnoff,Singer/Rapper,New York,United States,35,14,Eliminated Week 5,9,7.0,6.0,7.0,,7.0,7.0,7.0,,8.0,8.0,8.0,,8.0,8.0,7.0,,6.0,6.0,7.0,,0.0,0.0,0.0,,0.0,0.0,0.0,,0.0,0.0,0.0,,0.0,0.0,0.0,,0.0,0.0,0.0,,,,,,20.0,21.0,24.0,23.0,0.0,0.0,0.0,0.0,0.0,0.0,,10.0,8.0,7.0,5.0,Eliminated,Eliminated,Eliminated,Eliminated,Eliminated,Eliminated,
Gladys Knight,Tristan MacManus,Singer/Rapper,Georgia,United States,67,14,Eliminated Week 6,8,8.0,7.0,8.0,,7.0,5.0,7.0,,8.0,8.0,8.0,,7.0,6.0,7.0,,7.0,7.0,8.0,,8.0,8.0,8.0,,0.0,0.0,0.0,,0.0,0.0,0.0,,0.0,0.0,0.0,,0.0,0.0,0.0,,,,,,23.0,19.0,24.0,20.0,22.0,0.0,0.0,0.0,0.0,0.0,,4.0,11.0,7.0,9.0,7.0,Eliminated,Eliminated,Eliminated,Eliminated,Eliminated,
Katherine Jenkins,Mark Ballas,Singer/Rapper,,Wales,31,14,2nd Place,2,9.0,8.0,9.0,,9.0,8.0,9.0,,10.0,9.0,10.0,,8.0,8.0,8.0,,10.0,9.0,10.0,,13.3333,12.3333,13.3333,,9.5,8.5,9.0,,9.0,9.0,9.5,,9.5,9.0,9.5,,10.0,10.0,10.0,,,,,,26.0,26.0,29.0,24.0,29.0,38.9999,27.0,27.5,28.0,30.0,,1.0,1.0,1.0,4.0,1.0,1.0,2.0,2.0,3.0,1.0,
Maria Menounos,Derek Hough,TV Personality,Massachusetts,United States,33,14,Eliminated Week 9,4,7.0,7.0,7.0,,8.0,8.0,9.0,,9.0,9.0,9.0,,9.0,8.0,9.0,,9.0,9.0,9.0,,9.3333,10.3333,10.3333,,10.0,9.0,9.5,,9.5,7.5,9.5,,10.0,9.5,10.0,,0.0,0.0,0.0,,,,,,21.0,25.0,27.0,26.0,27.0,29.999899999999997,28.5,26.5,0.0,0.0,,8.0,3.0,3.0,2.0,3.0,6.0,1.0,4.0,Eliminated,Eliminated,
Gilles Marini,Peta Murgatroyd,Actor/Actress,,France,36,15,Eliminated Week 8,6,8.0,8.0,8.0,,8.5,8.5,8.5,,8.5,8.5,8.5,,10.0,9.5,10.0,10.0,9.5,9.25,9.5,,9.0,9.0,9.5,,11.1666,11.1666,11.1666,,9.5,10.0,9.7777,,0.0,0.0,0.0,,0.0,0.0,0.0,,,,,,24.0,25.5,25.5,39.5,28.25,27.5,33.4998,0.0,0.0,0.0,,2.0,2.0,4.0,1.0,2.0,4.0,5.0,Eliminated,Eliminated,Eliminated,
Sabrina Bryan,Louis van Amstel,Actor/Actress,California,United States,28,15,Eliminated Week 6,8,7.5,7.5,7.5,,9.0,8.5,8.5,,8.5,8.5,8.5,,9.0,9.0,8.5,9.0,9.75,9.75,9.75,,10.0,10.0,10.0,,0.0,0.0,0.0,,0.0,0.0,0.0,,0.0,0.0,0.0,,0.0,0.0,0.0,,,,,,22.5,26.0,25.5,35.5,29.25,0.0,0.0,0.0,0.0,0.0,,3.0,1.0,4.0,6.0,1.0,Eliminated,Eliminated,Eliminated,Eliminated,Eliminated,
Kirstie Alley,Maksim Chmerkoskiy,Actor/Actress,Kansas,United States,61,15,Eliminated Week 8,7,6.5,6.0,6.5,,7.0,7.0,7.0,,8.0,8.0,8.0,,7.5,7.5,7.5,7.5,8.75,8.75,8.75,,9.5,8.5,9.5,,9.3333,9.3333,9.3333,,8.5,8.5,8.5,,0.0,0.0,0.0,,0.0,0.0,0.0,,,,,,19.0,21.0,24.0,30.0,26.25,27.5,27.999899999999997,0.0,0.0,0.0,,12.0,10.0,8.0,8.0,7.0,4.0,7.0,Eliminated,Eliminated,Eliminated,
Kelly Monaco,Valentin Chmerkovskiy,Actor/Actress,Pennsylvania,United States,36,15,3rd Place,3,7.0,7.0,7.5,,7.5,7.0,7.5,,9.0,9.0,9.0,,9.0,9.5,9.5,9.5,8.5,8.5,8.75,,9.0,9.0,9.0,,12.0,12.0,12.0,,9.5,9.3333,9.5,,8.7777,9.3333,9.0,,9.6666,9.6666,9.7777,,,,,,21.5,22.0,27.0,37.5,25.75,27.0,36.0,28.3333,27.110999999999997,29.1109,,6.0,9.0,1.0,3.0,8.0,6.0,3.0,4.0,3.0,2.0,
Apolo Anton Ohno,Karina Smirnoff,Athlete,Washington,United States,30,15,Eliminated Week 9,5,7.5,7.0,7.5,,8.5,8.0,8.0,,9.0,8.0,8.5,,8.5,9.0,8.5,8.5,9.0,9.75,9.5,,10.0,10.0,10.0,,11.0,11.0,11.0,,9.7777,9.5,10.0,,9.3333,9.5,9.7777,,0.0,0.0,0.0,,,,,,22.0,24.5,25.5,34.5,28.25,30.0,33.0,29.2777,0.0,0.0,,4.0,4.0,4.0,7.0,2.0,1.0,6.0,2.0,Eliminated,Eliminated,
Emmitt Smith,Cheryl Burke,Athlete,Florida,United States,43,15,Eliminated Week 9,4,8.0,8.5,8.0,,7.5,7.5,7.5,,8.5,8.0,8.5,,9.0,9.0,9.0,9.0,9.25,9.25,9.5,,8.5,8.5,9.5,,10.8333,11.8333,11.8333,,9.5,9.7777,9.7777,,9.0,9.0,9.0,,0.0,0.0,0.0,,,,,,24.5,22.5,25.0,36.0,28.0,26.5,34.4999,29.0554,0.0,0.0,,1.0,7.0,7.0,5.0,6.0,7.0,4.0,3.0,Eliminated,Eliminated,
Shawn Johnson,Derek Hough,Athlete,Iowa,United States,20,15,2nd Place,2,8.0,6.5,7.5,,8.5,8.0,8.5,,9.0,8.0,9.5,,10.0,9.5,10.0,10.0,9.25,9.0,10.0,,9.5,8.5,10.0,,12.6666,12.6666,12.6666,,10.0,8.3333,9.5,,9.5,10.0,10.0,,9.6666,9.5,9.7777,,,,,,22.0,25.0,26.5,39.5,28.25,28.0,37.9998,27.8333,29.5,28.944300000000002,,4.0,3.0,3.0,1.0,2.0,3.0,2.0,5.0,1.0,3.0,
Pamela Anderson,Tristan MacManus,Model,,Canada,45,15,Eliminated Week 1,13,5.5,5.5,6.0,,0.0,0.0,0.0,,0.0,0.0,0.0,,0.0,0.0,0.0,0.0,0.0,0.0,0.0,,0.0,0.0,0.0,,0.0,0.0,0.0,,0.0,0.0,0.0,,0.0,0.0,0.0,,0.0,0.0,0.0,,,,,,0.0,0.0,0.0,0.0,0.0,0.0,0.0,0.0,0.0,0.0,,Eliminated,Eliminated,Eliminated,Eliminated,Eliminated,Eliminated,Eliminated,Eliminated,Eliminated,Eliminated,
Helio Castroneves,Chelsie Hightower,Racing Driver,,Brazil,37,15,Eliminated Week 3,10,7.0,7.5,7.0,,8.0,7.5,7.5,,8.5,8.5,8.5,,0.0,0.0,0.0,0.0,0.0,0.0,0.0,,0.0,0.0,0.0,,0.0,0.0,0.0,,0.0,0.0,0.0,,0.0,0.0,0.0,,0.0,0.0,0.0,,,,,,21.5,23.0,0.0,0.0,0.0,0.0,0.0,0.0,0.0,0.0,,6.0,6.0,Eliminated,Eliminated,Eliminated,Eliminated,Eliminated,Eliminated,Eliminated,Eliminated,
Joey Fatone,Kym Johnson,Singer/Rapper,New York,United States,35,15,Eliminated Week 2,12,6.5,7.0,7.0,,7.5,7.5,7.5,,0.0,0.0,0.0,,0.0,0.0,0.0,0.0,0.0,0.0,0.0,,0.0,0.0,0.0,,0.0,0.0,0.0,,0.0,0.0,0.0,,0.0,0.0,0.0,,0.0,0.0,0.0,,,,,,20.5,0.0,0.0,0.0,0.0,0.0,0.0,0.0,0.0,0.0,,10.0,Eliminated,Eliminated,Eliminated,Eliminated,Eliminated,Eliminated,Eliminated,Eliminated,Eliminated,
Drew Lachey,Anna Trebunskaya,Singer/Rapper,Ohio,United States,36,15,Eliminated Week 3,11,7.0,7.0,7.5,,7.5,7.5,7.5,,8.0,8.0,8.0,,0.0,0.0,0.0,0.0,0.0,0.0,0.0,,0.0,0.0,0.0,,0.0,0.0,0.0,,0.0,0.0,0.0,,0.0,0.0,0.0,,0.0,0.0,0.0,,,,,,21.5,22.5,0.0,0.0,0.0,0.0,0.0,0.0,0.0,0.0,,6.0,7.0,Eliminated,Eliminated,Eliminated,Eliminated,Eliminated,Eliminated,Eliminated,Eliminated,
Bristol Palin,Mark Ballas,TV Personality,Alaska,United States,21,15,Eliminated Week 4,9,6.5,6.5,6.5,,6.0,6.0,6.0,,7.5,7.5,7.5,,8.0,8.0,8.0,8.0,0.0,0.0,0.0,,0.0,0.0,0.0,,0.0,0.0,0.0,,0.0,0.0,0.0,,0.0,0.0,0.0,,0.0,0.0,0.0,,,,,,19.5,18.0,22.5,0.0,0.0,0.0,0.0,0.0,0.0,0.0,,11.0,11.0,9.0,Eliminated,Eliminated,Eliminated,Eliminated,Eliminated,Eliminated,Eliminated,
Melissa Rycroft,Tony Dovolani,TV Personality,Texas,United States,29,15,1st Place,1,7.0,7.0,7.0,,8.0,8.0,7.5,,9.0,9.0,9.0,,9.0,9.0,9.5,9.5,9.25,9.5,9.5,,9.5,10.0,10.0,,13.3333,12.8333,12.8333,,10.0,10.0,10.0,,9.5,9.7777,9.5,,9.7777,9.7777,9.7777,,,,,,21.0,23.5,27.0,37.0,28.25,29.5,38.9999,30.0,28.7777,29.333099999999998,,9.0,5.0,1.0,4.0,2.0,2.0,1.0,1.0,2.0,1.0,
Ingo Rademacher,Kym Johnson,Actor/Actress,,Germany,41,16,Eliminated Week 9,5,7.0,6.0,7.0,,6.0,7.0,7.0,,7.0,7.0,7.0,,8.0,7.0,8.0,,7.0,7.0,7.0,,7.5,8.0,7.5,,8.0,9.0,8.0,,8.0,8.0,8.0,,8.5,8.5,8.5,,0.0,0.0,0.0,,,,,,20.0,20.0,21.0,23.0,21.0,23.0,25.0,24.0,0.0,0.0,,5.0,5.0,6.0,5.0,6.0,4.0,5.0,5.0,Eliminated,Eliminated,
Zendaya,Valentin Chmerkovskiy,Actor/Actress,California,United States,16,16,2nd Place,2,8.0,8.0,8.0,,9.0,8.0,9.0,,8.6666,8.6666,8.6666,,9.0,8.0,9.0,,10.0,9.0,10.0,,8.5,8.5,8.5,,10.0,10.0,10.0,,9.5,10.0,9.5,,9.0,9.0,9.5,,10.0,10.0,10.0,,,,,,24.0,26.0,25.9998,26.0,29.0,25.5,30.0,29.0,27.5,30.0,,1.0,1.0,1.0,2.0,1.0,3.0,2.0,1.0,4.0,1.0,
Dorothy Hamill,Tristan MacManus,Athlete,Illinois,United States,56,16,Withdrew,12,7.0,7.0,7.0,,5.0,5.0,5.0,,0.0,0.0,0.0,,0.0,0.0,0.0,,0.0,0.0,0.0,,0.0,0.0,0.0,,0.0,0.0,0.0,,0.0,0.0,0.0,,0.0,0.0,0.0,,0.0,0.0,0.0,,,,,,21.0,15.0,0.0,0.0,0.0,0.0,0.0,0.0,0.0,0.0,,2.0,12.0,Eliminated,Eliminated,Eliminated,Eliminated,Eliminated,Eliminated,Eliminated,Eliminated,
Victor Ortiz,Lindsay Arnold,Athlete,Kansas,United States,26,16,Eliminated Week 6,8,6.0,6.0,6.0,,6.0,6.0,6.0,,8.0,7.0,8.0,,6.0,6.0,6.0,,7.0,7.0,7.0,,6.5,7.0,6.5,,0.0,0.0,0.0,,0.0,0.0,0.0,,0.0,0.0,0.0,,0.0,0.0,0.0,,,,,,18.0,18.0,23.0,18.0,21.0,0.0,0.0,0.0,0.0,0.0,,8.0,8.0,4.0,9.0,6.0,Eliminated,Eliminated,Eliminated,Eliminated,Eliminated,
Alexandra Raisman,Mark Ballas,Athlete,Massachusetts,United States,18,16,Eliminated Week 10,4,7.0,7.0,7.0,,8.0,8.0,8.0,,7.0,8.0,8.0,,9.0,9.0,9.0,,8.0,8.0,9.0,,8.5,9.0,8.5,,11.0,10.0,11.0,,9.0,9.5,9.5,,10.0,9.5,10.0,,9.5,9.5,10.0,,,,,,21.0,24.0,23.0,27.0,25.0,26.0,32.0,28.0,29.5,0.0,,2.0,3.0,4.0,1.0,4.0,2.0,1.0,2.0,1.0,Eliminated,
Jacoby Jones,Karina Smirnoff,Athlete,Louisiana,United States,28,16,3rd Place,3,7.0,6.0,7.0,,8.0,7.0,8.0,,8.6666,8.6666,8.6666,,8.0,8.0,8.0,,9.0,8.0,9.0,,7.5,7.5,7.5,,9.0,9.0,9.0,,8.5,9.0,8.5,,10.0,9.5,10.0,,9.3333,9.3333,9.3333,,,,,,20.0,23.0,25.9998,24.0,26.0,22.5,27.0,26.0,29.5,27.999899999999997,,5.0,4.0,1.0,4.0,3.0,6.0,4.0,4.0,1.0,3.0,
D. L. Hughley,Cheryl Burke,Comedian,Virginia,United States,50,16,Eliminated Week 5,9,4.0,4.0,4.0,,5.0,5.0,6.0,,6.0,5.0,5.0,,7.0,7.0,7.0,,6.0,6.0,6.0,,0.0,0.0,0.0,,0.0,0.0,0.0,,0.0,0.0,0.0,,0.0,0.0,0.0,,0.0,0.0,0.0,,,,,,12.0,16.0,16.0,21.0,0.0,0.0,0.0,0.0,0.0,0.0,,12.0,11.0,10.0,6.0,Eliminated,Eliminated,Eliminated,Eliminated,Eliminated,Eliminated,
Andy Dick,Sharna Burgess,Comedian,South Carolina,United States,47,16,Eliminated Week 7,7,6.0,5.0,6.0,,7.0,6.0,7.0,,6.0,6.0,6.0,,7.0,7.0,7.0,,6.0,6.0,6.0,,7.0,7.5,7.0,,5.0,6.0,6.0,,0.0,0.0,0.0,,0.0,0.0,0.0,,0.0,0.0,0.0,,,,,,17.0,20.0,18.0,21.0,18.0,21.5,0.0,0.0,0.0,0.0,,11.0,5.0,9.0,6.0,8.0,7.0,Eliminated,Eliminated,Eliminated,Eliminated,
Wynonna Judd,Tony Dovolani,Singer/Rapper,Kentucky,United States,48,16,Eliminated Week 3,11,6.0,6.0,6.0,,6.0,6.0,6.0,,5.0,5.0,5.0,,0.0,0.0,0.0,,0.0,0.0,0.0,,0.0,0.0,0.0,,0.0,0.0,0.0,,0.0,0.0,0.0,,0.0,0.0,0.0,,0.0,0.0,0.0,,,,,,18.0,18.0,0.0,0.0,0.0,0.0,0.0,0.0,0.0,0.0,,8.0,8.0,Eliminated,Eliminated,Eliminated,Eliminated,Eliminated,Eliminated,Eliminated,Eliminated,
Kellie Pickler,Derek Hough,Singer/Rapper,North Carolina,United States,26,16,1st Place,1,7.0,7.0,7.0,,9.0,8.0,9.0,,8.0,9.0,8.0,,9.0,8.0,9.0,,9.0,9.0,9.0,,8.5,9.5,9.0,,9.0,10.0,10.0,,9.5,8.0,10.0,,9.5,10.0,9.5,,10.0,10.0,10.0,,,,,,21.0,26.0,25.0,26.0,27.0,27.0,29.0,27.5,29.0,30.0,,2.0,1.0,3.0,2.0,2.0,1.0,3.0,3.0,3.0,1.0,
Lisa Vanderpump,Gleb Savchenko,TV Personality,,England,52,16,Eliminated Week 4,10,6.0,6.0,6.0,,6.0,6.0,6.0,,7.0,7.0,7.0,,6.0,6.0,6.0,,0.0,0.0,0.0,,0.0,0.0,0.0,,0.0,0.0,0.0,,0.0,0.0,0.0,,0.0,0.0,0.0,,0.0,0.0,0.0,,,,,,18.0,18.0,21.0,0.0,0.0,0.0,0.0,0.0,0.0,0.0,,8.0,8.0,6.0,Eliminated,Eliminated,Eliminated,Eliminated,Eliminated,Eliminated,Eliminated,
Sean Lowe,Peta Murgatroyd,TV Personality,Texas,United States,29,16,Eliminated Week 8,6,7.0,6.0,6.0,,7.0,6.0,7.0,,7.0,7.0,7.0,,6.0,7.0,7.0,,8.0,8.0,8.0,,7.5,8.0,7.5,,8.0,8.0,8.0,,7.0,7.0,7.0,,0.0,0.0,0.0,,0.0,0.0,0.0,,,,,,19.0,20.0,21.0,20.0,24.0,23.0,24.0,0.0,0.0,0.0,,7.0,5.0,6.0,8.0,5.0,4.0,6.0,Eliminated,Eliminated,Eliminated,
Valerie Harper,Tristan MacManus,Actor/Actress,New York,United States,74,17,Eliminated Week 4,10,7.0,7.0,7.0,,6.0,6.0,7.0,,6.0,5.0,5.0,,6.0,6.0,6.0,,0.0,0.0,0.0,,0.0,0.0,0.0,,0.0,0.0,0.0,,0.0,0.0,0.0,,0.0,0.0,0.0,,0.0,0.0,0.0,0.0,0.0,0.0,0.0,,21.0,19.0,16.0,0.0,0.0,0.0,0.0,0.0,0.0,0.0,0.0,8.0,10.0,10.0,Eliminated,Eliminated,Eliminated,Eliminated,Eliminated,Eliminated,Eliminated,Eliminated
Brant Daugherty,Peta Murgatroyd,Actor/Actress,Ohio,United States,28,17,Eliminated Week 8,7,7.0,8.0,7.0,,8.0,7.0,8.0,,9.0,9.0,9.0,,7.0,7.0,7.0,,9.0,9.0,9.0,,10.0,11.0,10.0,,9.5,9.5,9.5,,9.0,9.0,9.0,,0.0,0.0,0.0,,0.0,0.0,0.0,0.0,0.0,0.0,0.0,,22.0,23.0,27.0,21.0,27.0,31.0,28.5,0.0,0.0,0.0,0.0,6.0,7.0,1.0,8.0,2.0,3.0,3.0,Eliminated,Eliminated,Eliminated,Eliminated
Elizabeth Berkley Lauren,Valentin Chmerkovskiy,Actor/Actress,Michigan,United States,39,17,Eliminated Week 9,6,8.0,8.0,8.0,,8.0,9.0,8.0,,8.0,9.0,8.0,,9.0,9.0,9.0,,8.0,9.0,9.0,,10.6666,10.6666,10.6666,,9.0,9.0,9.0,,8.0,9.0,8.0,,9.5,9.0,9.5,,0.0,0.0,0.0,0.0,0.0,0.0,0.0,,24.0,25.0,25.0,27.0,26.0,31.9998,27.0,25.0,0.0,0.0,0.0,2.0,2.0,4.0,1.0,5.0,2.0,5.0,5.0,Eliminated,Eliminated,Eliminated
Leah Remini,Tony Dovolani,Actor/Actress,New York,United States,43,17,Eliminated Week 10,5,7.0,7.0,7.0,,8.0,8.0,8.0,,8.0,8.0,8.0,,8.0,8.0,8.0,,7.0,7.0,8.0,,9.3333,9.3333,9.3333,,9.0,8.5,9.0,,9.0,10.0,9.0,,9.0,9.0,9.0,,8.0,8.0,8.0,8.5,0.0,0.0,0.0,,21.0,24.0,24.0,24.0,22.0,27.999899999999997,26.5,28.0,27.0,0.0,0.0,8.0,4.0,6.0,4.0,8.0,5.0,6.0,3.0,2.0,Eliminated,Eliminated
Corbin Bleu,Karina Smirnoff,Actor/Actress,New York,United States,24,17,2nd Place,2,8.0,8.0,8.0,,9.0,8.0,9.0,,9.0,8.0,9.0,,9.0,9.0,9.0,,9.0,9.0,10.0,,9.3333,8.3333,9.3333,,10.0,9.5,10.0,,10.0,10.0,10.0,,9.5,9.5,10.0,,9.5,9.0,9.5,9.5,9.8888,9.8888,9.8888,,24.0,26.0,26.0,27.0,28.0,26.999899999999997,29.5,30.0,29.0,37.5,29.6664,2.0,1.0,2.0,1.0,1.0,6.0,1.0,1.0,1.0,2.0,2.0
Amber Riley,Derek Hough,Actor/Actress,California,United States,27,17,1st Place,1,9.0,9.0,9.0,,8.0,8.0,8.0,,8.0,8.0,8.0,,9.0,9.0,9.0,,9.0,7.0,10.0,,11.3333,9.3333,11.3333,,10.0,10.0,9.5,,9.0,9.0,10.0,,8.5,8.5,8.5,,10.0,10.0,9.5,10.0,10.4444,10.4444,10.4444,,27.0,24.0,24.0,27.0,26.0,31.999899999999997,29.5,28.0,25.5,39.5,31.333199999999998,1.0,4.0,6.0,1.0,5.0,1.0,1.0,3.0,4.0,1.0,1.0
Keyshawn Johnson,Sharna Burgess,Athlete,California,United States,41,17,Eliminated Week 2,12,6.0,5.0,6.0,,6.0,6.0,6.0,,0.0,0.0,0.0,,0.0,0.0,0.0,,0.0,0.0,0.0,,0.0,0.0,0.0,,0.0,0.0,0.0,,0.0,0.0,0.0,,0.0,0.0,0.0,,0.0,0.0,0.0,0.0,0.0,0.0,0.0,,17.0,0.0,0.0,0.0,0.0,0.0,0.0,0.0,0.0,0.0,0.0,11.0,Eliminated,Eliminated,Eliminated,Eliminated,Eliminated,Eliminated,Eliminated,Eliminated,Eliminated,Eliminated
Bill Engvall,Emma Slater,Comedian,Texas,United States,56,17,Eliminated Week 11,4,6.0,6.0,6.0,,7.0,7.0,7.0,,8.0,8.0,8.0,,7.0,7.0,7.0,,8.0,8.0,8.0,,8.3333,8.3333,7.3333,,8.5,8.0,8.5,,8.0,8.0,8.0,,7.0,7.0,7.0,,7.5,7.5,7.5,7.5,8.3333,8.8333,8.3333,,18.0,21.0,24.0,21.0,24.0,23.9999,25.0,24.0,21.0,30.0,0.0,10.0,8.0,6.0,8.0,7.0,8.0,7.0,6.0,5.0,4.0,Eliminated
Christina Milian,Mark Ballas,Singer/Rapper,New Jersey,United States,31,17,Eliminated Week 5,9,7.0,7.0,8.0,,9.0,8.0,8.0,,9.0,8.0,9.0,,8.0,8.0,8.0,,9.0,10.0,9.0,,0.0,0.0,0.0,,0.0,0.0,0.0,,0.0,0.0,0.0,,0.0,0.0,0.0,,0.0,0.0,0.0,0.0,0.0,0.0,0.0,,22.0,25.0,26.0,24.0,0.0,0.0,0.0,0.0,0.0,0.0,0.0,6.0,2.0,2.0,4.0,Eliminated,Eliminated,Eliminated,Eliminated,Eliminated,Eliminated,Eliminated
"Nicole ""Snooki"" Polizzi",Sasha Farber,TV Personality,,Chile,25,17,Eliminated Week 7,8,8.0,8.0,7.0,,6.0,7.0,7.0,,9.0,8.0,8.0,,8.0,8.0,8.0,,9.0,9.0,9.0,,10.0,10.0,10.0,,9.0,9.0,9.0,,0.0,0.0,0.0,,0.0,0.0,0.0,,0.0,0.0,0.0,0.0,0.0,0.0,0.0,,23.0,20.0,25.0,24.0,27.0,30.0,0.0,0.0,0.0,0.0,0.0,4.0,9.0,4.0,4.0,2.0,4.0,Eliminated,Eliminated,Eliminated,Eliminated,Eliminated
Jack Osbourne,Cheryl Burke,TV Personality,,England,27,17,3rd Place,3,8.0,8.0,7.0,,8.0,8.0,8.0,,7.0,7.0,8.0,,8.0,8.0,8.0,,9.0,9.0,9.0,,8.6666,9.6666,8.6666,,10.0,9.0,9.5,,10.0,10.0,10.0,,9.0,9.0,9.0,,9.0,8.5,9.0,9.0,9.3333,9.3333,9.3333,,23.0,24.0,22.0,24.0,27.0,26.9998,28.5,30.0,27.0,35.5,27.999899999999997,4.0,4.0,9.0,4.0,2.0,7.0,3.0,1.0,2.0,3.0,3.0
Bill Nye,Tyne Stecklein,TV Personality,Washington D.C.,United States,57,17,Eliminated Week 3,11,5.0,4.0,5.0,,6.0,5.0,6.0,,6.0,5.0,5.0,,0.0,0.0,0.0,,0.0,0.0,0.0,,0.0,0.0,0.0,,0.0,0.0,0.0,,0.0,0.0,0.0,,0.0,0.0,0.0,,0.0,0.0,0.0,0.0,0.0,0.0,0.0,,14.0,17.0,0.0,0.0,0.0,0.0,0.0,0.0,0.0,0.0,0.0,12.0,11.0,Eliminated,Eliminated,Eliminated,Eliminated,Eliminated,Eliminated,Eliminated,Eliminated,Eliminated
Billy Dee Williams,Emma Slater,Actor/Actress,New York,United States,76,18,Withdrew,10,5.0,5.0,5.0,,5.0,5.0,5.0,,0.0,0.0,0.0,0.0,0.0,0.0,0.0,0.0,0.0,0.0,0.0,0.0,0.0,0.0,0.0,0.0,0.0,0.0,0.0,0.0,0.0,0.0,0.0,0.0,0.0,0.0,0.0,0.0,0.0,0.0,0.0,,,,,,15.0,15.0,0.0,0.0,0.0,0.0,0.0,0.0,0.0,0.0,,12.0,10.0,Eliminated,Eliminated,Eliminated,Eliminated,Eliminated,Eliminated,Eliminated,Eliminated,
Danica McKellar,Valentin Chmerkovskiy,Actor/Actress,California,United States,39,18,Eliminated Week 8,6,8.0,8.0,8.0,,8.0,8.0,8.0,,9.0,9.0,9.0,9.0,8.0,8.0,8.0,8.0,10.0,9.0,10.0,10.0,9.0,9.0,9.0,9.0,9.0,9.5,8.5,9.0,10.0,9.0,9.0,10.0,0.0,0.0,0.0,0.0,0.0,0.0,0.0,,,,,,24.0,24.0,36.0,32.0,39.0,36.0,36.0,0.0,0.0,0.0,,3.0,4.0,2.0,6.0,2.0,3.0,4.0,Eliminated,Eliminated,Eliminated,
James Maslow,Peta Murgatroyd,Actor/Actress,New York,United States,23,18,Eliminated Week 10,4,7.0,7.0,7.0,,9.0,8.0,8.0,,9.0,9.0,9.0,9.0,9.0,8.0,9.0,9.0,10.0,10.0,10.0,10.0,9.0,9.0,8.0,9.0,8.5,9.5,8.0,9.0,8.0,9.0,10.0,9.0,9.5,9.5,9.5,9.5,9.5,9.5,10.0,,,,,,21.0,25.0,36.0,35.0,40.0,35.0,35.0,36.0,38.0,0.0,,7.0,1.0,2.0,2.0,1.0,5.0,6.0,3.0,3.0,Eliminated,
Candace Cameron Bure,Mark Ballas,Actor/Actress,California,United States,37,18,3rd Place,3,9.0,8.0,8.0,,7.0,7.0,7.0,,8.0,8.0,8.0,8.0,7.0,7.0,7.0,7.0,8.0,9.0,9.0,9.0,8.0,8.0,8.0,8.0,9.0,9.5,9.0,9.5,9.0,9.0,9.0,9.0,8.5,9.5,9.5,8.5,8.6666,8.6666,8.6666,,,,,,25.0,21.0,32.0,28.0,35.0,32.0,37.0,36.0,36.0,25.9998,,2.0,7.0,7.0,9.0,7.0,7.0,3.0,3.0,4.0,3.0,
Sean Avery,Karina Smirnoff,Athlete,,Canada,33,18,Eliminated Week 2,11,7.0,6.0,7.0,,7.0,7.0,7.0,,0.0,0.0,0.0,0.0,0.0,0.0,0.0,0.0,0.0,0.0,0.0,0.0,0.0,0.0,0.0,0.0,0.0,0.0,0.0,0.0,0.0,0.0,0.0,0.0,0.0,0.0,0.0,0.0,0.0,0.0,0.0,,,,,,20.0,0.0,0.0,0.0,0.0,0.0,0.0,0.0,0.0,0.0,,10.0,Eliminated,Eliminated,Eliminated,Eliminated,Eliminated,Eliminated,Eliminated,Eliminated,Eliminated,
Diana Nyad,Henry Byalikov,Athlete,New York,United States,64,18,Eliminated Week 2,12,6.0,6.0,6.0,,0.0,0.0,0.0,,0.0,0.0,0.0,0.0,0.0,0.0,0.0,0.0,0.0,0.0,0.0,0.0,0.0,0.0,0.0,0.0,0.0,0.0,0.0,0.0,0.0,0.0,0.0,0.0,0.0,0.0,0.0,0.0,0.0,0.0,0.0,,,,,,18.0,0.0,0.0,0.0,0.0,0.0,0.0,0.0,0.0,0.0,,11.0,Eliminated,Eliminated,Eliminated,Eliminated,Eliminated,Eliminated,Eliminated,Eliminated,Eliminated,
Charlie White,Sharna Burgess,Athlete,Michigan,United States,26,18,Eliminated Week 9,5,9.0,9.0,9.0,,9.0,7.0,9.0,,9.0,9.0,9.0,9.0,7.0,8.0,9.0,9.0,9.0,10.0,9.0,9.0,9.0,9.0,9.0,9.0,8.5,10.0,8.0,9.0,10.0,10.0,10.0,10.0,9.5,9.5,9.5,9.5,0.0,0.0,0.0,,,,,,27.0,25.0,36.0,33.0,37.0,36.0,35.5,40.0,0.0,0.0,,1.0,1.0,2.0,4.0,3.0,3.0,5.0,1.0,Eliminated,Eliminated,
Amy Purdy,Derek Hough,Athlete,Nevada,United States,34,18,2nd Place,2,8.0,8.0,8.0,,8.0,8.0,8.0,,9.0,9.0,9.0,9.0,9.0,8.0,8.0,9.0,9.0,9.0,10.0,9.0,9.0,10.0,9.0,10.0,9.5,9.5,9.0,9.5,10.0,10.0,10.0,10.0,9.5,9.5,10.0,10.0,10.0,9.6666,10.0,,,,,,24.0,24.0,36.0,34.0,37.0,38.0,37.5,40.0,39.0,29.666600000000003,,3.0,4.0,2.0,3.0,3.0,2.0,2.0,1.0,2.0,2.0,
Meryl Davis,Maksim Chmerkoskiy,Athlete,Michigan,United States,27,18,1st Place,1,8.0,8.0,8.0,,8.0,9.0,8.0,,10.0,9.0,10.0,10.0,10.0,9.0,10.0,10.0,9.0,9.0,9.0,9.0,10.0,10.0,10.0,10.0,10.0,10.0,9.0,10.0,9.0,9.0,8.0,10.0,10.0,10.0,10.0,10.0,10.0,10.0,10.0,,,,,,24.0,25.0,39.0,39.0,36.0,40.0,39.0,36.0,40.0,30.0,,3.0,1.0,1.0,1.0,5.0,1.0,1.0,3.0,1.0,1.0,
Drew Carey,Cheryl Burke,Comedian,Ohio,United States,55,18,Eliminated Week 6,8,7.0,7.0,7.0,,7.0,7.0,7.0,,7.0,7.0,8.0,8.0,8.0,8.0,9.0,8.0,7.0,7.0,7.0,7.0,8.0,9.0,7.0,8.0,0.0,0.0,0.0,0.0,0.0,0.0,0.0,0.0,0.0,0.0,0.0,0.0,0.0,0.0,0.0,,,,,,21.0,21.0,30.0,33.0,28.0,0.0,0.0,0.0,0.0,0.0,,7.0,7.0,9.0,4.0,8.0,Eliminated,Eliminated,Eliminated,Eliminated,Eliminated,
Cody Simpson,Witney Carson,Singer/Rapper,,Australia,17,18,Eliminated Week 5,9,7.0,7.0,8.0,,7.0,7.0,8.0,,9.0,8.0,9.0,9.0,8.0,7.0,8.0,8.0,9.0,8.0,8.0,9.0,0.0,0.0,0.0,0.0,0.0,0.0,0.0,0.0,0.0,0.0,0.0,0.0,0.0,0.0,0.0,0.0,0.0,0.0,0.0,,,,,,22.0,22.0,35.0,31.0,0.0,0.0,0.0,0.0,0.0,0.0,,6.0,6.0,6.0,8.0,Eliminated,Eliminated,Eliminated,Eliminated,Eliminated,Eliminated,
NeNe Leakes,Tony Dovolani,TV Personality,New York,United States,46,18,Eliminated Week 7,7,7.0,7.0,7.0,,7.0,7.0,7.0,,8.0,7.0,8.0,8.0,8.0,8.0,8.0,8.0,9.0,9.0,9.0,9.0,8.0,9.0,8.0,8.0,8.0,9.0,7.5,8.5,0.0,0.0,0.0,0.0,0.0,0.0,0.0,0.0,0.0,0.0,0.0,,,,,,21.0,21.0,31.0,32.0,36.0,33.0,0.0,0.0,0.0,0.0,,7.0,7.0,8.0,6.0,5.0,6.0,Eliminated,Eliminated,Eliminated,Eliminated,
Antonio Sabato Jr.,Cheryl Burke,Actor/Actress,,Italy,42,19,Eliminated Week 7,8,6.0,6.0,6.0,7.0,8.0,7.0,8.0,8.0,7.0,7.0,7.0,8.0,7.0,7.0,7.0,8.0,8.0,6.0,7.0,7.0,7.0,7.0,7.0,7.0,7.0,7.5,7.5,7.5,0.0,0.0,0.0,0.0,0.0,0.0,0.0,0.0,0.0,0.0,0.0,0.0,0.0,0.0,0.0,0.0,25.0,31.0,29.0,29.0,28.0,28.0,0.0,0.0,0.0,0.0,0.0,10.0,5.0,8.0,6.0,6.0,7.0,Eliminated,Eliminated,Eliminated,Eliminated,Eliminated
Jonathan Bennett,Allison Holker,Actor/Actress,Ohio,United States,33,19,Eliminated Week 6,9,8.0,7.0,7.0,8.0,7.0,7.0,8.0,8.0,8.0,8.0,8.0,8.0,6.0,6.0,6.0,6.0,6.0,6.0,6.0,6.0,8.0,8.0,8.0,8.0,0.0,0.0,0.0,0.0,0.0,0.0,0.0,0.0,0.0,0.0,0.0,0.0,0.0,0.0,0.0,0.0,0.0,0.0,0.0,0.0,30.0,30.0,32.0,24.0,24.0,0.0,0.0,0.0,0.0,0.0,0.0,6.0,7.0,4.0,9.0,7.0,Eliminated,Eliminated,Eliminated,Eliminated,Eliminated,Eliminated
Lea Thompson,Artem Chigvintsev,Actor/Actress,Minnesota,United States,53,19,Eliminated Week 9,6,8.0,8.0,8.0,8.0,9.0,8.0,9.0,9.0,7.0,8.0,8.0,8.0,10.0,10.0,10.0,9.0,9.0,8.0,8.0,9.0,8.0,8.0,8.0,8.0,8.5,8.5,9.0,9.0,8.0,8.0,8.0,8.0,8.5,9.0,8.5,9.0,0.0,0.0,0.0,0.0,0.0,0.0,0.0,0.0,32.0,35.0,31.0,39.0,34.0,32.0,35.0,32.0,0.0,0.0,0.0,3.0,1.0,7.0,2.0,2.0,5.0,2.0,5.0,Eliminated,Eliminated,Eliminated
Janel Parrish,Valentin Chmerkovskiy,Actor/Actress,Hawaii,United States,25,19,3rd Place,3,7.0,7.0,7.0,8.0,9.0,8.0,8.0,9.0,10.0,10.0,10.0,10.0,9.0,9.0,9.0,9.0,8.0,8.0,8.0,9.0,8.0,7.0,9.0,9.0,8.5,8.0,8.5,8.5,10.75,10.75,10.75,10.75,9.5,9.5,10.0,9.5,9.5,9.5,10.0,10.0,9.6666,10.0,9.6666,9.6666,29.0,34.0,40.0,36.0,33.0,33.0,33.5,43.0,38.5,39.0,38.99980000000001,7.0,2.0,1.0,4.0,4.0,4.0,4.0,1.0,1.0,1.0,3.0
Alfonso Ribeiro,Witney Carson,Actor/Actress,New York,United States,42,19,1st Place,1,9.0,9.0,9.0,9.0,8.0,8.0,8.0,8.0,8.0,8.0,8.0,8.0,10.0,10.0,10.0,10.0,8.0,9.0,9.0,8.0,10.0,10.0,9.0,10.0,8.5,8.5,8.5,8.5,10.75,9.75,9.75,10.75,9.5,9.5,9.5,10.0,9.5,9.0,9.5,9.5,10.0,10.0,10.0,10.0,36.0,32.0,32.0,40.0,34.0,39.0,34.0,41.0,38.5,37.5,40.0,1.0,4.0,4.0,1.0,2.0,1.0,3.0,2.0,1.0,3.0,1.0
Lolo Jones,Keo Motsepe,Athlete,Iowa,United States,32,19,Eliminated Week 1,13,6.0,6.0,5.0,5.0,0.0,0.0,0.0,0.0,0.0,0.0,0.0,0.0,0.0,0.0,0.0,0.0,0.0,0.0,0.0,0.0,0.0,0.0,0.0,0.0,0.0,0.0,0.0,0.0,0.0,0.0,0.0,0.0,0.0,0.0,0.0,0.0,0.0,0.0,0.0,0.0,0.0,0.0,0.0,0.0,0.0,0.0,0.0,0.0,0.0,0.0,0.0,0.0,0.0,0.0,0.0,Eliminated,Eliminated,Eliminated,Eliminated,Eliminated,Eliminated,Eliminated,Eliminated,Eliminated,Eliminated,Eliminated
Randy Couture,Karina Smirnoff,Athlete,Washington,United States,51,19,Eliminated Week 3,11,8.0,7.0,8.0,8.0,7.0,7.0,7.0,7.0,7.0,7.0,6.0,6.0,0.0,0.0,0.0,0.0,0.0,0.0,0.0,0.0,0.0,0.0,0.0,0.0,0.0,0.0,0.0,0.0,0.0,0.0,0.0,0.0,0.0,0.0,0.0,0.0,0.0,0.0,0.0,0.0,0.0,0.0,0.0,0.0,31.0,28.0,0.0,0.0,0.0,0.0,0.0,0.0,0.0,0.0,0.0,5.0,8.0,Eliminated,Eliminated,Eliminated,Eliminated,Eliminated,Eliminated,Eliminated,Eliminated,Eliminated
Tommy Chong,Peta Murgatroyd,Comedian,,Canada,76,19,Eliminated Week 10,5,7.0,6.0,7.0,7.0,7.0,7.0,7.0,7.0,8.0,10.0,8.0,8.0,7.0,7.0,7.0,7.0,6.0,6.0,5.0,6.0,7.0,7.0,7.0,7.0,7.5,7.5,7.5,7.5,6.75,7.75,7.75,6.75,7.0,7.5,7.0,7.0,8.0,7.5,8.0,7.5,0.0,0.0,0.0,0.0,27.0,28.0,34.0,28.0,23.0,28.0,30.0,29.0,28.5,0.0,0.0,9.0,8.0,3.0,7.0,8.0,7.0,6.0,6.0,5.0,Eliminated,Eliminated
Betsey Johnson,Tony Dovolani,Fashion Designer,Connecticut,United States,72,19,Eliminated Week 4,10,5.0,5.0,5.0,5.0,7.0,7.0,7.0,7.0,7.0,9.0,6.0,7.0,8.0,7.0,7.0,7.0,0.0,0.0,0.0,0.0,0.0,0.0,0.0,0.0,0.0,0.0,0.0,0.0,0.0,0.0,0.0,0.0,0.0,0.0,0.0,0.0,0.0,0.0,0.0,0.0,0.0,0.0,0.0,0.0,20.0,28.0,29.0,0.0,0.0,0.0,0.0,0.0,0.0,0.0,0.0,12.0,8.0,8.0,Eliminated,Eliminated,Eliminated,Eliminated,Eliminated,Eliminated,Eliminated,Eliminated
Michael Waltrip,Emma Slater,Racing Driver,Kentucky,United States,51,19,Eliminated Week 8,7,7.0,6.0,6.0,6.0,6.0,6.0,6.0,6.0,7.0,7.0,7.0,7.0,6.0,6.0,6.0,7.0,5.0,5.0,5.0,5.0,8.0,7.0,8.0,7.0,7.0,7.0,7.0,7.0,6.0,7.0,6.0,6.0,0.0,0.0,0.0,0.0,0.0,0.0,0.0,0.0,0.0,0.0,0.0,0.0,25.0,24.0,28.0,25.0,20.0,30.0,28.0,0.0,0.0,0.0,0.0,10.0,11.0,10.0,8.0,9.0,6.0,7.0,Eliminated,Eliminated,Eliminated,Eliminated
Tavis Smiley,Sharna Burgess,Radio Personality,Mississippi,United States,50,19,Eliminated Week 2,12,7.0,7.0,8.0,7.0,7.0,7.0,7.0,7.0,0.0,0.0,0.0,0.0,0.0,0.0,0.0,0.0,0.0,0.0,0.0,0.0,0.0,0.0,0.0,0.0,0.0,0.0,0.0,0.0,0.0,0.0,0.0,0.0,0.0,0.0,0.0,0.0,0.0,0.0,0.0,0.0,0.0,0.0,0.0,0.0,29.0,0.0,0.0,0.0,0.0,0.0,0.0,0.0,0.0,0.0,0.0,7.0,Eliminated,Eliminated,Eliminated,Eliminated,Eliminated,Eliminated,Eliminated,Eliminated,Eliminated,Eliminated
Bethany Mota,Derek Hough,Social Media Personality,California,United States,18,19,Eliminated Week 11,4,8.0,8.0,8.0,8.0,8.0,9.0,8.0,8.0,10.0,10.0,10.0,10.0,8.0,8.0,8.0,9.0,8.0,8.0,8.0,8.0,9.0,9.0,9.0,9.0,9.5,9.0,9.5,9.5,9.75,9.75,9.75,10.75,9.0,9.5,9.5,9.0,9.5,9.5,9.5,9.5,9.5,9.5,9.5,9.5,32.0,33.0,40.0,33.0,32.0,36.0,37.5,40.0,37.0,38.0,0.0,3.0,3.0,1.0,5.0,5.0,2.0,1.0,3.0,3.0,2.0,Eliminated
Sadie Robertson,Mark Ballas,TV Personality,Louisiana,United States,17,19,2nd Place,2,8.0,8.0,9.0,9.0,8.0,7.0,8.0,8.0,8.0,8.0,8.0,8.0,9.0,10.0,9.0,9.0,9.0,9.0,9.0,9.0,9.0,10.0,8.0,8.0,7.5,7.5,8.0,8.0,9.0,9.0,10.0,10.0,9.0,9.5,9.0,9.0,9.0,9.5,9.5,9.0,10.0,9.6666,10.0,9.6666,34.0,31.0,32.0,37.0,36.0,35.0,31.0,38.0,36.5,37.0,39.333200000000005,2.0,5.0,4.0,3.0,1.0,3.0,5.0,4.0,4.0,4.0,2.0
Suzanne Somers,Tony Dovolani,Actor/Actress,California,United States,68,20,Eliminated Week 5,9,6.0,6.0,6.0,7.0,7.0,7.0,7.0,7.0,6.0,6.0,6.0,7.0,7.0,7.0,7.0,7.0,7.0,7.0,7.0,7.0,0.0,0.0,0.0,0.0,0.0,0.0,0.0,0.0,0.0,0.0,0.0,0.0,0.0,0.0,0.0,0.0,0.0,0.0,0.0,0.0,,,,,25.0,28.0,25.0,28.0,0.0,0.0,0.0,0.0,0.0,0.0,,8.0,5.0,8.0,8.0,Eliminated,Eliminated,Eliminated,Eliminated,Eliminated,Eliminated,
Willow Shields,Mark Ballas,Actor/Actress,New Mexico,United States,14,20,Eliminated Week 7,7,6.0,6.0,6.0,7.0,8.0,8.0,8.0,8.0,8.0,8.0,8.0,8.0,10.0,9.0,10.0,10.0,8.0,8.0,9.0,9.0,9.5,8.5,9.0,9.5,9.5,9.5,9.5,10.5,0.0,0.0,0.0,0.0,0.0,0.0,0.0,0.0,0.0,0.0,0.0,0.0,,,,,25.0,32.0,32.0,39.0,34.0,36.5,0.0,0.0,0.0,0.0,,8.0,2.0,4.0,1.0,4.0,2.0,Eliminated,Eliminated,Eliminated,Eliminated,
Riker Lynch,Allison Holker,Actor/Actress,Colorado,United States,23,20,2nd Place,2,8.0,7.0,8.0,8.0,8.0,8.0,8.0,8.0,9.0,7.0,9.0,9.0,8.0,8.0,9.0,9.0,10.0,9.0,9.0,10.0,10.0,8.5,9.5,10.0,9.0,10.0,9.0,9.0,10.0,9.0,10.0,10.0,10.0,10.0,10.0,10.0,10.0,10.0,10.0,10.0,,,,,31.0,32.0,34.0,34.0,38.0,38.0,37.0,39.0,40.0,40.0,,2.0,2.0,1.0,4.0,2.0,1.0,3.0,2.0,1.0,1.0,
Rumer Willis,Valentin Chmerkovskiy,Actor/Actress,Kentucky,United States,26,20,1st Place,1,8.0,8.0,8.0,8.0,8.0,8.0,8.0,8.0,8.0,9.0,8.0,8.0,9.0,8.0,9.0,9.0,10.0,9.0,10.0,10.0,9.0,8.5,8.5,9.5,8.5,9.5,9.5,9.5,10.0,10.0,10.0,10.0,10.0,9.5,9.5,10.0,10.0,10.0,10.0,10.0,,,,,32.0,32.0,33.0,35.0,39.0,35.5,37.0,40.0,39.0,40.0,,1.0,2.0,3.0,3.0,1.0,4.0,3.0,1.0,2.0,1.0,
Nastia Liukin,Derek Hough,Athlete,,Russia,25,20,Eliminated Week 9,4,7.0,7.0,8.0,8.0,9.0,8.0,8.0,9.0,9.0,8.0,9.0,8.0,9.0,8.0,9.0,10.0,9.0,9.0,10.0,10.0,9.5,8.5,9.0,9.5,10.75,9.75,9.75,10.75,9.5,9.5,9.5,9.5,10.0,10.0,10.0,10.0,0.0,0.0,0.0,0.0,,,,,30.0,34.0,34.0,36.0,38.0,36.5,41.0,38.0,0.0,0.0,,3.0,1.0,1.0,2.0,2.0,2.0,1.0,3.0,Eliminated,Eliminated,
Michael Sam,Peta Murgatroyd,Athlete,Texas,United States,25,20,Eliminated Week 4,10,6.0,6.0,7.0,7.0,7.0,7.0,7.0,7.0,6.0,6.0,6.0,6.0,7.0,7.0,8.0,8.0,0.0,0.0,0.0,0.0,0.0,0.0,0.0,0.0,0.0,0.0,0.0,0.0,0.0,0.0,0.0,0.0,0.0,0.0,0.0,0.0,0.0,0.0,0.0,0.0,,,,,26.0,28.0,24.0,0.0,0.0,0.0,0.0,0.0,0.0,0.0,,5.0,5.0,9.0,Eliminated,Eliminated,Eliminated,Eliminated,Eliminated,Eliminated,Eliminated,
Robert Herjavec,Kym Johnson,Entrepreneur,,Croatia,52,20,Eliminated Week 8,6,7.0,7.0,7.0,7.0,7.0,7.0,7.0,7.0,7.0,7.0,8.0,7.0,8.0,9.0,8.0,9.0,6.0,6.0,6.0,6.0,8.5,8.0,8.5,8.5,7.0,8.0,8.0,8.0,7.5,7.5,8.5,7.5,0.0,0.0,0.0,0.0,0.0,0.0,0.0,0.0,,,,,28.0,28.0,29.0,34.0,24.0,33.5,31.0,0.0,0.0,0.0,,4.0,5.0,6.0,4.0,8.0,7.0,5.0,Eliminated,Eliminated,Eliminated,
Charlotte McKinney,Keo Motsepe,Model,Florida,United States,21,20,Eliminated Week 3,11,6.0,5.0,5.0,6.0,7.0,6.0,7.0,6.0,6.0,5.0,5.0,6.0,0.0,0.0,0.0,0.0,0.0,0.0,0.0,0.0,0.0,0.0,0.0,0.0,0.0,0.0,0.0,0.0,0.0,0.0,0.0,0.0,0.0,0.0,0.0,0.0,0.0,0.0,0.0,0.0,,,,,22.0,26.0,0.0,0.0,0.0,0.0,0.0,0.0,0.0,0.0,,11.0,10.0,Eliminated,Eliminated,Eliminated,Eliminated,Eliminated,Eliminated,Eliminated,Eliminated,
Noah Galloway,Sharna Burgess,Motivational Speaker,Alabama,United States,33,20,3rd Place,3,7.0,6.0,6.0,7.0,7.0,6.0,7.0,7.0,7.0,7.0,8.0,8.0,8.0,8.0,8.0,8.0,7.0,7.0,7.0,7.0,8.5,8.0,8.5,9.0,10.5,8.5,9.5,9.5,8.0,7.5,8.0,8.0,9.5,9.5,9.5,9.5,9.0,9.0,9.0,9.0,,,,,26.0,27.0,30.0,32.0,28.0,34.0,38.0,31.5,38.0,36.0,,5.0,9.0,5.0,6.0,5.0,6.0,2.0,4.0,3.0,3.0,
Redfoo,Emma Slater,Singer/Rapper,California,United States,39,20,Eliminated Week 2,12,6.0,5.0,5.0,6.0,8.0,7.0,8.0,8.0,0.0,0.0,0.0,0.0,0.0,0.0,0.0,0.0,0.0,0.0,0.0,0.0,0.0,0.0,0.0,0.0,0.0,0.0,0.0,0.0,0.0,0.0,0.0,0.0,0.0,0.0,0.0,0.0,0.0,0.0,0.0,0.0,,,,,22.0,0.0,0.0,0.0,0.0,0.0,0.0,0.0,0.0,0.0,,11.0,Eliminated,Eliminated,Eliminated,Eliminated,Eliminated,Eliminated,Eliminated,Eliminated,Eliminated,
Patti LaBelle,Artem Chigvintsev,Singer/Rapper,Pennsylvania,United States,70,20,Eliminated Week 6,8,7.0,6.0,6.0,6.0,7.0,7.0,7.0,7.0,6.0,5.0,5.0,6.0,8.0,7.0,7.0,8.0,7.0,6.0,7.0,7.0,9.0,8.0,8.5,8.5,0.0,0.0,0.0,0.0,0.0,0.0,0.0,0.0,0.0,0.0,0.0,0.0,0.0,0.0,0.0,0.0,,,,,25.0,28.0,22.0,30.0,27.0,0.0,0.0,0.0,0.0,0.0,,8.0,5.0,10.0,7.0,6.0,Eliminated,Eliminated,Eliminated,Eliminated,Eliminated,
Chris Soules,Witney Carson,TV Personality,Iowa,United States,33,20,Eliminated Week 8,5,7.0,6.0,6.0,7.0,5.0,6.0,5.0,5.0,7.0,7.0,7.0,7.0,7.0,6.0,7.0,7.0,7.0,6.0,7.0,7.0,9.0,8.0,9.0,9.0,8.0,7.0,8.0,8.0,8.0,7.5,8.5,8.0,0.0,0.0,0.0,0.0,0.0,0.0,0.0,0.0,,,,,26.0,21.0,28.0,27.0,27.0,35.0,31.0,0.0,0.0,0.0,,5.0,11.0,7.0,9.0,6.0,5.0,5.0,Eliminated,Eliminated,Eliminated,
Gary Busey,Anna Trebunskaya,Actor/Actress,Texas,United States,71,21,Eliminated Week 4,10,5.0,5.0,5.0,,5.5,5.5,5.5,,6.0,7.0,6.0,6.0,5.0,6.0,5.0,,0.0,0.0,0.0,0.0,0.0,0.0,0.0,0.0,0.0,0.0,0.0,,0.0,0.0,0.0,,0.0,0.0,0.0,,0.0,0.0,0.0,,0.0,0.0,0.0,,15.0,16.5,25.0,0.0,0.0,0.0,0.0,0.0,0.0,0.0,0.0,9.0,11.0,9.0,Eliminated,Eliminated,Eliminated,Eliminated,Eliminated,Eliminated,Eliminated,Eliminated
Alexa PenaVega,Mark Ballas,Actor/Actress,Florida,United States,27,21,Eliminated Week 9,6,7.0,7.0,8.0,,7.5,7.5,8.0,,9.0,9.0,9.0,9.0,7.0,7.0,7.0,,10.0,10.0,10.0,10.0,8.0,7.0,7.0,8.0,9.0,9.5,9.0,,9.6666,8.6666,8.6666,,10.0,10.0,10.0,,0.0,0.0,0.0,,0.0,0.0,0.0,,22.0,23.0,36.0,21.0,40.0,30.0,27.5,26.9998,0.0,0.0,0.0,5.0,3.0,1.0,8.0,1.0,7.0,4.0,5.0,Eliminated,Eliminated,Eliminated
Carlos PenaVega,Witney Carson,Actor/Actress,Missouri,United States,26,21,Eliminated Week 11,4,8.0,8.0,7.0,,7.5,7.5,7.5,,7.0,8.0,8.0,8.0,9.0,8.0,8.0,,10.0,10.0,9.0,10.0,10.0,9.0,9.0,10.0,9.0,10.0,9.0,,9.6666,9.6666,9.6666,,9.0,9.0,9.0,,10.0,10.5,11.0,,10.0,10.0,10.0,,23.0,22.5,31.0,25.0,39.0,38.0,28.0,28.9998,27.0,31.5,0.0,3.0,4.0,6.0,5.0,2.0,5.0,2.0,2.0,3.0,1.0,Eliminated
Victor Espinoza,Karina Smirnoff,Athlete,,Mexico,43,21,Eliminated Week 2,12,5.0,5.0,5.0,,6.5,5.5,6.5,,0.0,0.0,0.0,0.0,0.0,0.0,0.0,,0.0,0.0,0.0,0.0,0.0,0.0,0.0,0.0,0.0,0.0,0.0,,0.0,0.0,0.0,,0.0,0.0,0.0,,0.0,0.0,0.0,,0.0,0.0,0.0,,15.0,0.0,0.0,0.0,0.0,0.0,0.0,0.0,0.0,0.0,0.0,9.0,Eliminated,Eliminated,Eliminated,Eliminated,Eliminated,Eliminated,Eliminated,Eliminated,Eliminated,Eliminated
Alek Skarlatos,Lindsay Arnold,Military,California,United States,22,21,3rd Place,3,8.0,7.0,7.0,,7.5,7.0,8.0,,8.0,8.0,9.0,8.0,8.0,8.0,8.0,,8.0,7.0,7.0,7.0,8.0,8.0,7.0,7.0,9.0,9.0,8.5,,9.0,8.0,8.0,,8.5,8.5,8.5,,9.5,9.5,9.5,,9.3333,9.3333,9.3333,,22.0,22.5,33.0,24.0,29.0,30.0,26.5,25.0,25.5,28.5,27.999899999999997,5.0,4.0,3.0,6.0,7.0,7.0,7.0,6.0,4.0,3.0,3.0
Chaka Khan,Keo Motsepe,Singer/Rapper,Illinois,United States,62,21,Eliminated Week 2,13,5.0,4.0,4.0,,5.0,5.0,5.0,,0.0,0.0,0.0,0.0,0.0,0.0,0.0,,0.0,0.0,0.0,0.0,0.0,0.0,0.0,0.0,0.0,0.0,0.0,,0.0,0.0,0.0,,0.0,0.0,0.0,,0.0,0.0,0.0,,0.0,0.0,0.0,,13.0,0.0,0.0,0.0,0.0,0.0,0.0,0.0,0.0,0.0,0.0,12.0,Eliminated,Eliminated,Eliminated,Eliminated,Eliminated,Eliminated,Eliminated,Eliminated,Eliminated,Eliminated
Andy Grammer,Allison Holker,Singer/Rapper,California,United States,31,21,Eliminated Week 8,7,7.0,7.0,7.0,,7.5,7.5,7.0,,7.0,7.0,8.0,7.0,7.0,8.0,8.0,,9.0,9.0,9.0,9.0,10.0,10.0,10.0,10.0,9.5,9.5,9.0,,8.6666,7.6666,7.6666,,0.0,0.0,0.0,,0.0,0.0,0.0,,0.0,0.0,0.0,,21.0,22.0,29.0,23.0,36.0,40.0,28.0,0.0,0.0,0.0,0.0,7.0,8.0,8.0,7.0,4.0,1.0,2.0,Eliminated,Eliminated,Eliminated,Eliminated
Tamar Braxton,Valentin Chmerkovskiy,Singer/Rapper,Maryland,United States,38,21,Withdrew,5,8.0,7.0,8.0,,8.0,8.0,8.5,,8.0,9.0,8.0,8.0,9.0,9.0,9.0,,7.0,7.0,8.0,7.0,10.0,10.0,10.0,10.0,9.0,9.0,9.0,,9.0,9.0,10.0,,8.5,8.0,8.0,,0.0,0.0,0.0,,0.0,0.0,0.0,,23.0,24.5,33.0,27.0,29.0,40.0,27.0,28.0,24.5,0.0,0.0,3.0,1.0,3.0,2.0,7.0,1.0,5.0,3.0,5.0,Eliminated,Eliminated
Nick Carter,Sharna Burgess,Singer/Rapper,New York,United States,35,21,2nd Place,2,8.0,8.0,8.0,,7.5,7.5,7.5,,9.0,9.0,9.0,9.0,9.0,9.0,9.0,,9.0,9.0,8.0,9.0,9.0,10.0,10.0,10.0,9.0,9.0,9.0,,11.0,11.0,11.0,,9.0,9.0,9.5,,9.0,9.0,9.0,,10.0,10.0,10.0,,24.0,22.5,36.0,27.0,35.0,39.0,27.0,33.0,27.5,27.0,30.0,1.0,4.0,1.0,2.0,5.0,4.0,5.0,1.0,2.0,4.0,1.0
Hayes Grier,Emma Slater,Social Media Personality,North Carolina,United States,15,21,Eliminated Week 7,8,7.0,7.0,7.0,,8.0,7.0,7.5,,7.0,8.0,7.0,8.0,9.0,9.0,9.0,,8.0,8.0,7.0,7.0,8.0,8.0,8.0,8.0,9.0,9.5,9.5,,0.0,0.0,0.0,,0.0,0.0,0.0,,0.0,0.0,0.0,,0.0,0.0,0.0,,21.0,22.5,30.0,27.0,30.0,32.0,0.0,0.0,0.0,0.0,0.0,7.0,4.0,7.0,2.0,6.0,6.0,Eliminated,Eliminated,Eliminated,Eliminated,Eliminated
Bindi Irwin,Derek Hough,TV Personality,,Australia,17,21,1st Place,1,8.0,8.0,8.0,,8.0,8.0,8.0,,8.0,8.0,8.0,8.0,9.0,9.0,10.0,,9.0,9.0,10.0,9.0,10.0,10.0,10.0,10.0,9.5,10.0,9.5,,10.0,9.0,9.0,,10.0,10.0,10.0,,10.5,10.5,10.5,,10.0,10.0,10.0,,24.0,24.0,32.0,28.0,37.0,40.0,29.0,28.0,30.0,31.5,30.0,1.0,2.0,5.0,1.0,3.0,1.0,1.0,3.0,1.0,1.0,1.0
Kim Zolciak-Biermann,Tony Dovolani,TV Personality,Florida,United States,37,21,Withdrew,11,4.0,4.0,4.0,,6.5,6.0,6.0,,0.0,0.0,0.0,0.0,0.0,0.0,0.0,,0.0,0.0,0.0,0.0,0.0,0.0,0.0,0.0,0.0,0.0,0.0,,0.0,0.0,0.0,,0.0,0.0,0.0,,0.0,0.0,0.0,,0.0,0.0,0.0,,12.0,18.5,0.0,0.0,0.0,0.0,0.0,0.0,0.0,0.0,0.0,13.0,9.0,Eliminated,Eliminated,Eliminated,Eliminated,Eliminated,Eliminated,Eliminated,Eliminated,Eliminated
Paula Deen,Louis van Amstel,TV Personality,Georgia,United States,68,21,Eliminated Week 6,9,5.0,5.0,5.0,,6.5,6.0,6.0,,5.0,5.0,5.0,5.0,6.0,6.0,6.0,,7.0,7.0,6.0,6.0,6.0,6.0,6.0,6.0,0.0,0.0,0.0,,0.0,0.0,0.0,,0.0,0.0,0.0,,0.0,0.0,0.0,,0.0,0.0,0.0,,15.0,18.5,20.0,18.0,26.0,0.0,0.0,0.0,0.0,0.0,0.0,9.0,9.0,10.0,9.0,9.0,Eliminated,Eliminated,Eliminated,Eliminated,Eliminated,Eliminated
Mischa Barton,Artem Chigvintsev,Actor/Actress,,England,30,22,Eliminated Week 3,11,5.0,5.0,6.0,,5.0,5.0,5.0,,6.0,6.0,6.0,,0.0,0.0,0.0,0.0,0.0,0.0,0.0,0.0,0.0,0.0,0.0,,0.0,0.0,0.0,,0.0,0.0,0.0,,0.0,0.0,0.0,,0.0,0.0,0.0,,,,,,16.0,15.0,0.0,0.0,0.0,0.0,0.0,0.0,0.0,0.0,,10.0,11.0,Eliminated,Eliminated,Eliminated,Eliminated,Eliminated,Eliminated,Eliminated,Eliminated,
Kim Fields,Sasha Farber,Actor/Actress,New York,United States,46,22,Eliminated Week 7,8,7.0,6.0,7.0,,7.0,6.0,6.0,,8.0,7.0,7.0,,8.0,8.0,8.0,8.0,8.0,6.0,6.0,8.0,8.0,8.0,8.0,,8.5,8.5,9.0,,0.0,0.0,0.0,,0.0,0.0,0.0,,0.0,0.0,0.0,,,,,,20.0,19.0,22.0,32.0,28.0,24.0,0.0,0.0,0.0,0.0,,8.0,9.0,5.0,6.0,7.0,6.0,Eliminated,Eliminated,Eliminated,Eliminated,
Jodie Sweetin,Keo Motsepe,Actor/Actress,California,United States,34,22,Eliminated Week 8,6,7.0,6.0,7.0,,7.0,7.0,7.0,,8.0,7.0,8.0,,7.0,6.0,7.0,7.0,9.0,8.0,9.0,9.0,9.0,8.0,8.0,,8.0,8.5,9.0,,10.0,10.0,10.0,,0.0,0.0,0.0,,0.0,0.0,0.0,,,,,,20.0,21.0,23.0,27.0,35.0,25.0,25.5,0.0,0.0,0.0,,8.0,3.0,3.0,8.0,2.0,4.0,6.0,Eliminated,Eliminated,Eliminated,
Doug Flutie,Karina Smirnoff,Athlete,Maryland,United States,53,22,Eliminated Week 6,9,5.0,5.0,5.0,,7.0,6.0,7.0,,7.0,6.0,7.0,,6.0,6.0,6.0,6.0,7.0,7.0,7.0,7.0,7.0,7.0,7.0,,0.0,0.0,0.0,,0.0,0.0,0.0,,0.0,0.0,0.0,,0.0,0.0,0.0,,,,,,15.0,20.0,20.0,24.0,28.0,0.0,0.0,0.0,0.0,0.0,,11.0,5.0,8.0,9.0,7.0,Eliminated,Eliminated,Eliminated,Eliminated,Eliminated,
Von Miller,Witney Carson,Athlete,Texas,United States,27,22,Eliminated Week 7,7,8.0,6.0,7.0,,7.0,6.0,7.0,,7.0,6.0,7.0,,8.0,8.0,8.0,8.0,8.0,7.0,7.0,7.0,8.0,8.0,8.0,,8.5,8.5,9.0,,0.0,0.0,0.0,,0.0,0.0,0.0,,0.0,0.0,0.0,,,,,,21.0,20.0,20.0,32.0,29.0,24.0,0.0,0.0,0.0,0.0,,4.0,5.0,8.0,6.0,6.0,6.0,Eliminated,Eliminated,Eliminated,Eliminated,
Antonio Brown,Sharna Burgess,Athlete,Florida,United States,27,22,Eliminated Week 9,5,8.0,6.0,7.0,,6.0,6.0,7.0,,7.0,6.0,7.0,,9.0,8.0,9.0,9.0,7.0,6.0,6.0,7.0,9.0,9.0,9.0,,8.5,8.5,9.0,,9.0,9.0,9.0,,9.0,9.0,9.5,,0.0,0.0,0.0,,,,,,21.0,19.0,20.0,35.0,26.0,27.0,26.0,27.0,0.0,0.0,,4.0,9.0,8.0,3.0,9.0,3.0,5.0,4.0,Eliminated,Eliminated,
Paige VanZant,Mark Ballas,Athlete,Oregon,United States,22,22,2nd Place,2,7.0,7.0,7.0,,8.0,8.0,8.0,,8.0,7.0,8.0,,9.0,9.0,9.0,9.0,8.0,8.0,7.0,8.0,9.0,10.0,9.0,,9.0,9.0,9.5,,10.0,9.0,9.0,,10.0,9.5,10.0,,10.0,9.6666,10.0,,,,,,21.0,24.0,23.0,36.0,31.0,28.0,27.5,28.0,29.5,29.666600000000003,,4.0,1.0,3.0,1.0,4.0,2.0,2.0,3.0,1.0,1.0,
Geraldo Rivera,Edyta Sliwinska,Journalist,New York,United States,72,22,Eliminated Week 2,12,5.0,4.0,4.0,,5.0,4.0,4.0,,0.0,0.0,0.0,,0.0,0.0,0.0,0.0,0.0,0.0,0.0,0.0,0.0,0.0,0.0,,0.0,0.0,0.0,,0.0,0.0,0.0,,0.0,0.0,0.0,,0.0,0.0,0.0,,,,,,13.0,0.0,0.0,0.0,0.0,0.0,0.0,0.0,0.0,0.0,,12.0,Eliminated,Eliminated,Eliminated,Eliminated,Eliminated,Eliminated,Eliminated,Eliminated,Eliminated,
Nyle DiMarco,Peta Murgatroyd,Model,New York,United States,26,22,1st Place,1,8.0,7.0,8.0,,7.0,6.0,7.0,,8.0,8.0,9.0,,8.0,8.0,9.0,9.0,9.0,10.0,9.0,9.0,8.0,8.0,9.0,,9.5,9.0,9.5,,10.0,9.0,10.0,,9.5,9.5,9.5,,9.6666,9.6666,9.6666,,,,,,23.0,20.0,25.0,34.0,37.0,25.0,28.0,29.0,28.5,28.9998,,1.0,5.0,1.0,5.0,1.0,4.0,1.0,2.0,2.0,2.0,
Ginger Zee,Valentin Chmerkovskiy,News Anchor,California,United States,35,22,3rd Place,3,8.0,7.0,8.0,,7.0,7.0,7.0,,7.0,7.0,7.0,,9.0,9.0,9.0,9.0,8.0,8.0,8.0,8.0,8.0,8.0,8.0,,9.0,9.0,9.5,,10.0,10.0,10.0,,9.0,9.5,9.5,,9.3333,9.6666,9.3333,,,,,,23.0,21.0,21.0,36.0,32.0,24.0,27.5,30.0,28.0,28.333199999999998,,1.0,3.0,6.0,1.0,3.0,6.0,2.0,1.0,3.0,3.0,
Wanya Morris,Lindsay Arnold,Singer/Rapper,Pennsylvania,United States,42,22,Eliminated Week 9,4,8.0,7.0,8.0,,8.0,8.0,8.0,,8.0,8.0,8.0,,8.0,9.0,9.0,9.0,8.0,7.0,7.0,8.0,10.0,9.0,10.0,,9.0,9.0,9.5,,8.0,8.0,9.0,,10.0,10.0,10.0,,0.0,0.0,0.0,,,,,,23.0,24.0,24.0,35.0,30.0,29.0,27.5,25.0,0.0,0.0,,1.0,1.0,2.0,3.0,5.0,1.0,2.0,5.0,Eliminated,Eliminated,
Marla Maples,Tony Dovolani,TV Personality,Georgia,United States,52,22,Eliminated Week 4,10,7.0,7.0,7.0,,7.0,6.0,7.0,,7.0,7.0,7.0,,7.0,7.0,7.0,7.0,0.0,0.0,0.0,0.0,0.0,0.0,0.0,,0.0,0.0,0.0,,0.0,0.0,0.0,,0.0,0.0,0.0,,0.0,0.0,0.0,,,,,,21.0,20.0,21.0,0.0,0.0,0.0,0.0,0.0,0.0,0.0,,4.0,5.0,6.0,Eliminated,Eliminated,Eliminated,Eliminated,Eliminated,Eliminated,Eliminated,
Jake T. Austin,Jenna Johnson,Actor/Actress,New York,United States,21,23,Eliminated Week 2,13,5.0,6.0,5.0,6.0,6.0,6.0,6.0,6.0,0.0,0.0,0.0,0.0,0.0,0.0,0.0,,0.0,0.0,0.0,,0.0,0.0,0.0,0.0,0.0,0.0,0.0,0.0,0.0,0.0,0.0,,0.0,0.0,0.0,0.0,0.0,0.0,0.0,,0.0,0.0,0.0,0.0,22.0,0.0,0.0,0.0,0.0,0.0,0.0,0.0,0.0,0.0,0.0,11.0,Eliminated,Eliminated,Eliminated,Eliminated,Eliminated,Eliminated,Eliminated,Eliminated,Eliminated,Eliminated
Maureen McCormick,Artem Chigvintsev,Actor/Actress,California,United States,60,23,Eliminated Week 7,8,6.0,5.0,5.0,6.0,7.0,6.0,6.0,7.0,7.0,7.0,7.0,7.0,8.0,8.0,8.0,,8.0,8.0,8.0,,8.0,7.0,8.0,8.0,8.5,8.0,8.0,8.5,0.0,0.0,0.0,,0.0,0.0,0.0,0.0,0.0,0.0,0.0,,0.0,0.0,0.0,0.0,22.0,26.0,28.0,24.0,24.0,31.0,0.0,0.0,0.0,0.0,0.0,11.0,8.0,5.0,4.0,6.0,6.0,Eliminated,Eliminated,Eliminated,Eliminated,Eliminated
Marilu Henner,Derek Hough,Actor/Actress,Illinois,United States,64,23,Eliminated Week 9,6,7.0,7.0,6.0,7.0,7.0,6.0,7.0,7.0,7.0,7.0,7.0,7.0,7.0,7.0,7.0,,9.0,9.0,9.0,,8.0,9.0,9.0,8.0,7.5,8.0,8.5,8.0,7.0,8.0,8.0,,9.0,9.0,9.0,9.0,0.0,0.0,0.0,,0.0,0.0,0.0,0.0,27.0,27.0,28.0,21.0,27.0,34.0,32.0,23.0,0.0,0.0,0.0,3.0,7.0,5.0,9.0,2.0,5.0,7.0,6.0,Eliminated,Eliminated,Eliminated
Ryan Lochte,Cheryl Burke,Athlete,New York,United States,32,23,Eliminated Week 8,7,6.0,6.0,6.0,6.0,6.0,6.0,6.0,6.0,6.0,7.0,6.0,6.0,7.0,7.0,8.0,,8.0,8.0,8.0,,7.0,8.0,8.0,7.0,8.5,8.0,8.0,8.5,8.0,9.0,9.0,,0.0,0.0,0.0,0.0,0.0,0.0,0.0,,0.0,0.0,0.0,0.0,24.0,24.0,25.0,22.0,24.0,30.0,33.0,0.0,0.0,0.0,0.0,9.0,10.0,8.0,8.0,6.0,7.0,6.0,Eliminated,Eliminated,Eliminated,Eliminated
Calvin Johnson Jr.,Lindsay Arnold,Athlete,Georgia,United States,30,23,3rd Place,3,7.0,6.0,6.0,7.0,7.0,7.0,7.0,7.0,8.0,8.0,8.0,8.0,8.0,7.0,8.0,,8.0,8.0,8.0,,9.0,10.0,9.0,9.0,9.5,9.0,9.0,9.5,10.0,10.0,10.0,,9.0,9.0,10.0,9.0,9.0,9.5,9.5,,9.3333,9.6666,9.6666,9.6666,26.0,28.0,32.0,23.0,24.0,37.0,37.0,30.0,37.0,28.0,38.3331,5.0,6.0,1.0,6.0,6.0,3.0,1.0,3.0,4.0,4.0,3.0
Laurie Hernandez,Valentin Chmerkovskiy,Athlete,New Jersey,United States,16,23,1st Place,1,8.0,8.0,7.0,8.0,8.0,8.0,8.0,8.0,7.0,8.0,8.0,8.0,10.0,10.0,10.0,,8.0,9.0,8.0,,9.0,9.0,9.0,10.0,8.0,8.5,9.0,9.0,11.0,11.0,11.0,,10.0,10.0,10.0,10.0,10.0,10.0,10.0,,9.6666,10.0,9.6666,10.0,31.0,32.0,31.0,30.0,25.0,37.0,34.5,33.0,40.0,30.0,39.333200000000005,1.0,1.0,2.0,1.0,5.0,3.0,3.0,2.0,1.0,1.0,1.0
Amber Rose,Maksim Chmerkoskiy,Model,Pennsylvania,United States,32,23,Eliminated Week 6,9,6.0,6.0,6.0,6.0,6.0,6.0,6.0,6.0,7.0,6.0,6.0,6.0,8.0,8.0,8.0,,8.0,8.0,8.0,,7.0,7.0,7.0,7.0,0.0,0.0,0.0,0.0,0.0,0.0,0.0,,0.0,0.0,0.0,0.0,0.0,0.0,0.0,,0.0,0.0,0.0,0.0,24.0,24.0,25.0,24.0,24.0,0.0,0.0,0.0,0.0,0.0,0.0,9.0,10.0,8.0,4.0,6.0,Eliminated,Eliminated,Eliminated,Eliminated,Eliminated,Eliminated
Rick Perry,Emma Slater,Politician,Texas,United States,66,23,Eliminated Week 3,12,5.0,5.0,5.0,5.0,6.0,5.0,6.0,5.0,6.0,5.0,6.0,6.0,0.0,0.0,0.0,,0.0,0.0,0.0,,0.0,0.0,0.0,0.0,0.0,0.0,0.0,0.0,0.0,0.0,0.0,,0.0,0.0,0.0,0.0,0.0,0.0,0.0,,0.0,0.0,0.0,0.0,20.0,22.0,0.0,0.0,0.0,0.0,0.0,0.0,0.0,0.0,0.0,13.0,12.0,Eliminated,Eliminated,Eliminated,Eliminated,Eliminated,Eliminated,Eliminated,Eliminated,Eliminated
James Hinchcliffe,Sharna Burgess,Racing Driver,,Canada,29,23,2nd Place,2,8.0,8.0,7.0,8.0,7.0,7.0,7.0,8.0,7.0,7.0,8.0,7.0,9.0,9.0,10.0,,10.0,9.0,10.0,,10.0,9.0,9.0,10.0,9.5,9.0,9.0,9.5,11.6666,11.6666,11.6666,,9.0,9.0,9.0,9.0,9.5,10.0,10.0,,9.6666,9.6666,9.6666,10.0,31.0,29.0,29.0,28.0,29.0,38.0,37.0,34.9998,36.0,29.5,38.9998,1.0,4.0,4.0,2.0,1.0,2.0,1.0,1.0,5.0,2.0,2.0
Babyface,Allison Holker,Singer/Rapper,Indiana,United States,57,23,Eliminated Week 4,11,7.0,6.0,6.0,7.0,8.0,7.0,7.0,8.0,7.0,6.0,6.0,6.0,6.0,6.0,6.0,,0.0,0.0,0.0,,0.0,0.0,0.0,0.0,0.0,0.0,0.0,0.0,0.0,0.0,0.0,,0.0,0.0,0.0,0.0,0.0,0.0,0.0,,0.0,0.0,0.0,0.0,26.0,30.0,25.0,0.0,0.0,0.0,0.0,0.0,0.0,0.0,0.0,5.0,3.0,8.0,Eliminated,Eliminated,Eliminated,Eliminated,Eliminated,Eliminated,Eliminated,Eliminated
Vanilla Ice,Witney Carson,Singer/Rapper,Texas,United States,48,23,Eliminated Week 4,10,7.0,5.0,6.0,7.0,6.0,7.0,6.0,7.0,6.0,6.0,5.0,6.0,8.0,7.0,8.0,,0.0,0.0,0.0,,0.0,0.0,0.0,0.0,0.0,0.0,0.0,0.0,0.0,0.0,0.0,,0.0,0.0,0.0,0.0,0.0,0.0,0.0,,0.0,0.0,0.0,0.0,25.0,26.0,23.0,0.0,0.0,0.0,0.0,0.0,0.0,0.0,0.0,7.0,8.0,11.0,Eliminated,Eliminated,Eliminated,Eliminated,Eliminated,Eliminated,Eliminated,Eliminated
Jana Kramer,Gleb Savchenko,Singer/Rapper,Michigan,United States,32,23,Eliminated Week 11,4,7.0,6.0,6.0,8.0,7.0,8.0,7.0,7.0,6.0,7.0,6.0,7.0,8.0,7.0,8.0,,9.0,8.0,9.0,,10.0,10.0,10.0,10.0,8.0,8.5,9.0,9.0,10.0,10.0,10.0,,10.0,10.0,10.0,10.0,9.5,9.5,10.0,,8.5,9.0,9.0,9.0,27.0,29.0,26.0,23.0,26.0,40.0,34.5,30.0,40.0,29.0,0.0,3.0,4.0,7.0,6.0,4.0,1.0,3.0,3.0,1.0,3.0,Eliminated
Terra Jole,Sasha Farber,TV Personality,Texas,United States,36,23,Eliminated Week 10,5,7.0,6.0,6.0,6.0,8.0,7.0,8.0,8.0,8.0,7.0,8.0,7.0,9.0,8.0,8.0,,9.0,9.0,9.0,,7.0,8.0,8.0,7.0,8.5,8.5,9.0,8.5,8.0,8.0,8.0,,10.0,10.0,9.0,9.0,10.0,10.0,10.0,,0.0,0.0,0.0,0.0,25.0,31.0,30.0,25.0,27.0,30.0,34.5,24.0,38.0,0.0,0.0,7.0,2.0,3.0,3.0,2.0,7.0,3.0,5.0,3.0,Eliminated,Eliminated
Charo,Keo Motsepe,Actor/Actress,,Spain,66,24,Eliminated Week 3,11,6.0,5.0,5.0,5.0,6.0,6.0,7.0,6.0,6.0,6.0,6.0,6.0,0.0,0.0,0.0,0.0,0.0,0.0,0.0,0.0,0.0,0.0,0.0,0.0,0.0,0.0,0.0,0.0,0.0,0.0,0.0,0.0,0.0,0.0,0.0,0.0,0.0,0.0,0.0,0.0,,,,,21.0,25.0,0.0,0.0,0.0,0.0,0.0,0.0,0.0,0.0,,10.0,9.0,Eliminated,Eliminated,Eliminated,Eliminated,Eliminated,Eliminated,Eliminated,Eliminated,
Mr. T,Kym Herjavec,Actor/Actress,Illinois,United States,64,24,Eliminated Week 4,10,5.0,5.0,5.0,5.0,6.0,5.0,6.0,5.0,6.0,6.0,6.0,6.0,7.0,7.0,7.0,7.0,0.0,0.0,0.0,0.0,0.0,0.0,0.0,0.0,0.0,0.0,0.0,0.0,0.0,0.0,0.0,0.0,0.0,0.0,0.0,0.0,0.0,0.0,0.0,0.0,,,,,20.0,22.0,24.0,0.0,0.0,0.0,0.0,0.0,0.0,0.0,,11.0,11.0,9.0,Eliminated,Eliminated,Eliminated,Eliminated,Eliminated,Eliminated,Eliminated,
Heather Morris,Maksim Chmerkoskiy,Actor/Actress,California,United States,30,24,Eliminated Week 6,8,7.0,7.0,7.0,7.0,8.0,6.0,8.0,8.0,9.0,8.0,8.0,8.0,8.0,9.0,9.0,9.0,8.0,8.0,9.0,9.0,9.0,9.5,9.0,9.5,0.0,0.0,0.0,0.0,0.0,0.0,0.0,0.0,0.0,0.0,0.0,0.0,0.0,0.0,0.0,0.0,,,,,28.0,30.0,33.0,35.0,34.0,0.0,0.0,0.0,0.0,0.0,,3.0,3.0,2.0,3.0,4.0,Eliminated,Eliminated,Eliminated,Eliminated,Eliminated,
Nancy Kerrigan,Artem Chigvintsev,Athlete,Massachusetts,United States,47,24,Eliminated Week 7,7,7.0,7.0,7.0,7.0,7.0,7.0,7.0,7.0,8.0,9.0,8.0,8.0,8.0,9.0,8.0,8.0,9.0,9.0,9.0,9.0,8.5,8.5,8.0,8.5,9.0,9.0,9.0,9.0,0.0,0.0,0.0,0.0,0.0,0.0,0.0,0.0,0.0,0.0,0.0,0.0,,,,,28.0,28.0,33.0,33.0,36.0,33.5,0.0,0.0,0.0,0.0,,3.0,5.0,2.0,4.0,3.0,4.0,Eliminated,Eliminated,Eliminated,Eliminated,
Bonner Bolton,Sharna Burgess,Athlete,Texas,United States,29,24,Eliminated Week 8,5,6.0,5.0,5.0,6.0,8.0,5.0,8.0,7.0,6.0,6.0,6.0,6.0,8.0,8.0,8.0,8.0,7.0,8.0,8.0,7.0,8.0,8.5,7.5,7.5,7.5,7.5,8.5,7.5,7.5,7.0,7.5,7.0,0.0,0.0,0.0,0.0,0.0,0.0,0.0,0.0,,,,,22.0,28.0,24.0,32.0,30.0,31.5,31.0,0.0,0.0,0.0,,9.0,5.0,9.0,5.0,7.0,5.0,5.0,Eliminated,Eliminated,Eliminated,
Simone Biles,Sasha Farber,Athlete,Ohio,United States,20,24,Eliminated Week 9,4,8.0,8.0,8.0,8.0,7.0,7.0,7.0,8.0,7.0,8.0,9.0,8.0,9.0,9.0,9.0,9.0,9.0,9.0,10.0,10.0,8.5,8.5,8.5,9.0,10.5,9.5,9.5,9.5,9.0,9.0,9.0,9.0,10.0,10.0,10.0,10.0,0.0,0.0,0.0,0.0,,,,,32.0,29.0,32.0,36.0,38.0,34.5,39.0,36.0,0.0,0.0,,1.0,4.0,4.0,2.0,2.0,3.0,2.0,3.0,Eliminated,Eliminated,
David Ross,Lindsay Arnold,Athlete,Georgia,United States,40,24,2nd Place,2,7.0,7.0,7.0,7.0,7.0,6.0,7.0,7.0,8.0,7.0,8.0,8.0,7.0,8.0,8.0,8.0,7.0,7.0,8.0,7.0,7.5,8.5,7.5,7.5,8.0,8.0,8.0,8.0,8.0,8.0,8.5,8.0,9.0,8.5,9.0,8.5,9.0,9.0,9.3333,9.0,,,,,28.0,27.0,31.0,31.0,29.0,31.0,32.0,32.5,35.0,36.3333,,3.0,8.0,5.0,7.0,8.0,6.0,4.0,4.0,3.0,3.0,
Rashad Jennings,Emma Slater,Athlete,Virginia,United States,32,24,1st Place,1,8.0,7.0,8.0,8.0,8.0,8.0,8.0,8.0,7.0,7.0,7.0,7.0,10.0,9.0,10.0,10.0,7.0,8.0,9.0,8.0,8.5,9.5,8.5,8.5,9.5,9.5,10.5,9.5,9.5,9.0,9.5,9.5,9.5,9.0,10.0,10.0,10.0,9.6666,10.0,10.0,,,,,31.0,32.0,28.0,39.0,32.0,35.0,39.0,37.5,38.5,39.6666,,2.0,1.0,6.0,1.0,6.0,2.0,2.0,2.0,1.0,1.0,
Chris Kattan,Witney Carson,Comedian,California,United States,46,24,Eliminated Week 2,12,5.0,4.0,4.0,4.0,6.0,5.0,6.0,5.0,0.0,0.0,0.0,0.0,0.0,0.0,0.0,0.0,0.0,0.0,0.0,0.0,0.0,0.0,0.0,0.0,0.0,0.0,0.0,0.0,0.0,0.0,0.0,0.0,0.0,0.0,0.0,0.0,0.0,0.0,0.0,0.0,,,,,17.0,0.0,0.0,0.0,0.0,0.0,0.0,0.0,0.0,0.0,,12.0,Eliminated,Eliminated,Eliminated,Eliminated,Eliminated,Eliminated,Eliminated,Eliminated,Eliminated,
Erika Jayne,Gleb Savchenko,Singer/Rapper,Georgia,United States,45,24,Eliminated Week 5,9,6.0,6.0,6.0,6.0,7.0,7.0,7.0,7.0,6.0,7.0,7.0,6.0,8.0,7.0,7.0,8.0,8.0,8.0,8.0,8.0,0.0,0.0,0.0,0.0,0.0,0.0,0.0,0.0,0.0,0.0,0.0,0.0,0.0,0.0,0.0,0.0,0.0,0.0,0.0,0.0,,,,,24.0,28.0,26.0,30.0,0.0,0.0,0.0,0.0,0.0,0.0,,7.0,5.0,7.0,8.0,Eliminated,Eliminated,Eliminated,Eliminated,Eliminated,Eliminated,
Normani,Valentin Chmerkovskiy,Singer/Rapper,Georgia,United States,20,24,3rd Place,3,7.0,6.0,7.0,7.0,8.0,8.0,8.0,8.0,8.0,8.0,9.0,9.0,8.0,7.0,8.0,9.0,10.0,9.0,10.0,10.0,9.0,9.5,8.0,9.5,10.5,10.5,10.5,10.5,10.0,9.5,10.0,10.0,9.5,9.5,9.5,9.5,10.0,9.6666,9.6666,10.0,,,,,27.0,32.0,34.0,32.0,39.0,36.0,42.0,39.5,38.0,39.333200000000005,,6.0,1.0,1.0,5.0,1.0,1.0,1.0,1.0,2.0,2.0,
Nick Viall,Peta Murgatroyd,TV Personality,Wisconsin,United States,36,24,Eliminated Week 7,6,6.0,6.0,6.0,6.0,7.0,5.0,7.0,6.0,7.0,6.0,7.0,6.0,8.0,7.0,8.0,7.0,9.0,8.0,9.0,8.0,7.5,8.0,7.5,7.5,8.0,8.0,9.0,9.0,0.0,0.0,0.0,0.0,0.0,0.0,0.0,0.0,0.0,0.0,0.0,0.0,,,,,24.0,25.0,26.0,30.0,34.0,30.5,0.0,0.0,0.0,0.0,,7.0,9.0,7.0,8.0,4.0,7.0,Eliminated,Eliminated,Eliminated,Eliminated,
Sasha Pieterse,Gleb Savchenko,Actor/Actress,,South Africa,21,25,Eliminated Week 5,10,6.0,6.0,6.0,,8.0,7.5,7.0,,7.0,6.0,6.0,,8.0,8.0,8.0,,8.0,8.0,8.0,,0.0,0.0,0.0,0.0,0.0,0.0,0.0,,0.0,0.0,0.0,,0.0,0.0,0.0,,0.0,0.0,0.0,0.0,,,,,18.0,22.5,19.0,24.0,0.0,0.0,0.0,0.0,0.0,0.0,,7.0,4.0,11.0,4.0,Eliminated,Eliminated,Eliminated,Eliminated,Eliminated,Eliminated,
Frankie Muniz,Witney Carson,Actor/Actress,New Jersey,United States,31,25,3rd Place,3,7.0,6.0,6.0,,8.0,7.5,8.5,,7.0,7.0,7.0,,8.0,8.0,8.0,,10.0,9.0,10.0,,7.0,8.0,8.0,8.0,10.0,10.0,10.0,,9.0,8.5,9.0,,8.5,8.0,9.0,,9.7777,9.3333,9.7777,10.0,,,,,19.0,24.0,21.0,24.0,29.0,31.0,30.0,26.5,25.5,38.8887,,5.0,1.0,6.0,4.0,2.0,6.0,1.0,3.0,3.0,3.0,
Jordan Fisher,Lindsay Arnold,Actor/Actress,Alabama,United States,23,25,1st Place,1,8.0,7.0,7.0,,8.0,8.0,8.0,,9.0,7.0,9.0,,10.0,9.0,10.0,,10.0,10.0,10.0,,10.0,9.0,10.0,10.0,9.0,9.0,9.0,,10.0,10.0,10.0,,9.5,9.5,10.0,,10.0,10.0,10.0,10.0,,,,,22.0,24.0,25.0,29.0,30.0,39.0,27.0,30.0,29.0,40.0,,1.0,1.0,2.0,1.0,1.0,2.0,4.0,1.0,1.0,1.0,
Derek Fisher,Sharna Burgess,Athlete,Arkansas,United States,43,25,Eliminated Week 4,11,6.0,6.0,6.0,,6.5,6.0,6.5,,7.0,7.0,7.0,,7.0,8.0,8.0,,0.0,0.0,0.0,,0.0,0.0,0.0,0.0,0.0,0.0,0.0,,0.0,0.0,0.0,,0.0,0.0,0.0,,0.0,0.0,0.0,0.0,,,,,18.0,19.0,21.0,0.0,0.0,0.0,0.0,0.0,0.0,0.0,,7.0,10.0,6.0,Eliminated,Eliminated,Eliminated,Eliminated,Eliminated,Eliminated,Eliminated,
Nikki Bella,Artem Chigvintsev,Athlete,California,United States,33,25,Eliminated Week 7,8,7.0,7.0,6.0,,6.5,6.5,6.5,,7.0,7.0,7.0,,8.0,8.0,8.0,,9.0,9.0,9.0,,9.0,9.0,9.0,9.0,8.0,8.0,8.0,,0.0,0.0,0.0,,0.0,0.0,0.0,,0.0,0.0,0.0,0.0,,,,,20.0,19.5,21.0,24.0,27.0,36.0,0.0,0.0,0.0,0.0,,4.0,8.0,6.0,4.0,4.0,4.0,Eliminated,Eliminated,Eliminated,Eliminated,
Terrell Owens,Cheryl Burke,Athlete,Alabama,United States,43,25,Eliminated Week 8,6,5.0,5.0,5.0,,6.5,6.0,7.0,,7.0,7.0,7.0,,8.0,8.0,8.0,,9.0,8.0,8.0,,9.0,9.0,10.0,9.0,8.0,8.0,8.5,,8.5,8.5,8.5,,0.0,0.0,0.0,,0.0,0.0,0.0,0.0,,,,,15.0,19.5,21.0,24.0,25.0,37.0,24.5,0.0,0.0,0.0,,12.0,8.0,6.0,4.0,6.0,3.0,6.0,Eliminated,Eliminated,Eliminated,
Victoria Arlen,Valentin Chmerkovskiy,Athlete,New Hamshire,United States,22,25,Eliminated Week 9,5,7.0,6.0,6.0,,7.5,7.0,7.5,,8.0,7.0,7.0,,9.0,9.0,9.0,,9.0,9.0,9.0,,8.0,8.0,7.0,8.0,9.5,9.5,9.5,,8.0,8.0,8.0,,9.0,9.5,9.5,,0.0,0.0,0.0,0.0,,,,,19.0,22.0,22.0,27.0,27.0,31.0,28.5,24.0,0.0,0.0,,5.0,6.0,5.0,2.0,4.0,6.0,2.0,4.0,Eliminated,Eliminated,
Barbara Corcoran,Keo Motsepe,Entrepreneur,New Jersey,United States,68,25,Eliminated Week 2,13,5.0,4.0,5.0,,6.0,5.0,6.0,,0.0,0.0,0.0,,0.0,0.0,0.0,,0.0,0.0,0.0,,0.0,0.0,0.0,0.0,0.0,0.0,0.0,,0.0,0.0,0.0,,0.0,0.0,0.0,,0.0,0.0,0.0,0.0,,,,,14.0,0.0,0.0,0.0,0.0,0.0,0.0,0.0,0.0,0.0,,13.0,Eliminated,Eliminated,Eliminated,Eliminated,Eliminated,Eliminated,Eliminated,Eliminated,Eliminated,
Lindsey Stirling,Mark Ballas,Musician,California,United States,31,25,2nd Place,2,7.0,8.0,7.0,,7.5,7.5,7.5,,9.0,9.0,9.0,,9.0,8.0,9.0,,9.0,10.0,9.0,,10.0,10.0,10.0,10.0,8.5,8.5,8.5,,9.5,8.5,9.0,,9.5,9.0,10.0,,10.0,10.0,10.0,10.0,,,,,22.0,22.5,27.0,26.0,28.0,40.0,25.5,27.0,28.5,40.0,,1.0,4.0,1.0,3.0,3.0,1.0,5.0,2.0,2.0,1.0,
Debbie Gibson,Alan Bersten,Singer/Rapper,New York,United States,47,25,Eliminated Week 2,12,6.0,5.0,6.0,,7.0,6.5,7.0,,0.0,0.0,0.0,,0.0,0.0,0.0,,0.0,0.0,0.0,,0.0,0.0,0.0,0.0,0.0,0.0,0.0,,0.0,0.0,0.0,,0.0,0.0,0.0,,0.0,0.0,0.0,0.0,,,,,17.0,0.0,0.0,0.0,0.0,0.0,0.0,0.0,0.0,0.0,,10.0,Eliminated,Eliminated,Eliminated,Eliminated,Eliminated,Eliminated,Eliminated,Eliminated,Eliminated,
Nick Lachey,Peta Murgatroyd,Singer/Rapper,Kentucky,United States,43,25,Eliminated Week 6,9,6.0,6.0,6.0,,7.0,6.0,6.0,,7.0,7.0,7.0,,8.0,7.0,7.0,,7.0,8.0,7.0,,7.0,6.0,7.0,6.0,0.0,0.0,0.0,,0.0,0.0,0.0,,0.0,0.0,0.0,,0.0,0.0,0.0,0.0,,,,,18.0,19.0,21.0,22.0,22.0,0.0,0.0,0.0,0.0,0.0,,7.0,10.0,6.0,10.0,9.0,Eliminated,Eliminated,Eliminated,Eliminated,Eliminated,
Drew Scott,Emma Slater,TV Personality,,Canada,39,25,Eliminated Week 10,4,6.0,5.0,5.0,,7.0,6.5,7.0,,8.0,7.0,8.0,,8.0,8.0,8.0,,9.0,8.0,8.0,,7.0,7.0,9.0,7.0,9.5,9.5,9.5,,8.0,7.5,8.0,,8.0,8.0,8.0,,9.0,9.5,9.5,9.5,,,,,16.0,20.5,23.0,24.0,25.0,30.0,28.5,23.5,24.0,0.0,,11.0,7.0,3.0,4.0,6.0,8.0,2.0,5.0,4.0,Eliminated,
Vanessa Lachey,Maksim Chmerkoskiy,TV Personality,,Philippines,36,25,Eliminated Week 7,7,7.0,7.0,7.0,,8.0,8.0,7.5,,7.0,8.0,8.0,,8.0,8.0,8.0,,8.0,8.0,8.0,,9.0,9.0,9.0,9.0,9.0,9.0,9.0,,0.0,0.0,0.0,,0.0,0.0,0.0,,0.0,0.0,0.0,0.0,,,,,21.0,23.5,23.0,24.0,24.0,36.0,0.0,0.0,0.0,0.0,,3.0,3.0,3.0,4.0,8.0,4.0,Eliminated,Eliminated,Eliminated,Eliminated,
Jamie Anderson,Artem Chigvintsev,Athlete,California,United States,27,26,Eliminated Week 1,10,6.0,7.0,6.0,,0.0,0.0,0.0,0.0,0.0,0.0,0.0,0.0,0.0,0.0,0.0,,,,,,,,,,,,,,,,,,,,,,,,,,,,,,0.0,0.0,0.0,0.0,,,,,,,,Eliminated,Eliminated,Eliminated,Eliminated,,,,,,,
Johnny Damon,Emma Slater,Athlete,Kansas,United States,44,26,Eliminated Week 1,9,6.0,6.0,6.0,,0.0,0.0,0.0,0.0,0.0,0.0,0.0,0.0,0.0,0.0,0.0,,,,,,,,,,,,,,,,,,,,,,,,,,,,,,0.0,0.0,0.0,0.0,,,,,,,,Eliminated,Eliminated,Eliminated,Eliminated,,,,,,,
Kareem Abdul-Jabbar,Lindsay Arnold,Athlete,New York,United States,71,26,Eliminated Week 2,8,6.0,5.0,6.0,,7.5,8.0,7.0,7.0,0.0,0.0,0.0,0.0,0.0,0.0,0.0,,,,,,,,,,,,,,,,,,,,,,,,,,,,,,17.0,0.0,0.0,0.0,,,,,,,,8.0,Eliminated,Eliminated,Eliminated,,,,,,,
Arike Ogunbowale,Gleb Savchenko,Athlete,Wisconsin,United States,21,26,Eliminated Week 2,7,7.0,6.0,7.0,,8.5,9.5,8.5,8.5,0.0,0.0,0.0,0.0,0.0,0.0,0.0,,,,,,,,,,,,,,,,,,,,,,,,,,,,,,20.0,0.0,0.0,0.0,,,,,,,,7.0,Eliminated,Eliminated,Eliminated,,,,,,,
Jennie Finch Daigle,Keo Motsepe,Athlete,California,United States,37,26,Eliminated Week 3,6,7.0,7.0,7.0,,7.5,8.5,8.0,7.5,7.0,8.0,7.0,7.0,0.0,0.0,0.0,,,,,,,,,,,,,,,,,,,,,,,,,,,,,,21.0,31.5,0.0,0.0,,,,,,,,5.0,5.0,Eliminated,Eliminated,,,,,,,
Chris Mazdzer,Witney Carson,Athlete,Massachusetts,United States,29,26,Eliminated Week 3,5,7.0,7.0,7.0,,8.5,8.5,8.0,8.0,8.0,9.0,7.0,9.0,0.0,0.0,0.0,,,,,,,,,,,,,,,,,,,,,,,,,,,,,,21.0,33.0,0.0,0.0,,,,,,,,5.0,3.0,Eliminated,Eliminated,,,,,,,
Mirai Nagasu,Alan Bersten,Athlete,California,United States,25,26,Eliminated Week 3,4,7.0,8.0,8.0,,9.0,10.0,9.0,9.0,9.0,9.0,8.0,9.0,0.0,0.0,0.0,,,,,,,,,,,,,,,,,,,,,,,,,,,,,,23.0,37.0,0.0,0.0,,,,,,,,3.0,1.0,Eliminated,Eliminated,,,,,,,
Tonya Harding,Sasha Farber,Athlete,Oregon,United States,47,26,3rd Place,3,8.0,8.0,7.0,,8.0,9.0,8.0,8.0,8.5,9.5,8.5,8.5,9.0,9.5,9.5,,,,,,,,,,,,,,,,,,,,,,,,,,,,,,23.0,33.0,35.0,28.0,,,,,,,,3.0,3.0,3.0,3.0,,,,,,,
Josh Norman,Sharna Burgess,Athlete,South Carolina,United States,30,26,2nd Place,2,8.0,8.0,8.0,,7.5,8.0,8.0,8.0,9.5,9.5,9.5,9.5,9.5,9.5,9.5,,,,,,,,,,,,,,,,,,,,,,,,,,,,,,24.0,31.5,38.0,28.5,,,,,,,,1.0,5.0,2.0,2.0,,,,,,,
Adam Rippon,Jenna Johnson,Athlete,Pennsylvania,United States,28,26,1st Place,1,8.0,8.0,8.0,,9.0,9.5,9.0,9.5,10.5,10.5,9.5,10.5,9.5,9.5,10.0,,,,,,,,,,,,,,,,,,,,,,,,,,,,,,24.0,37.0,41.0,29.0,,,,,,,,1.0,1.0,1.0,1.0,,,,,,,
Juan Pablo Di Pace,Cheryl Burke,Actor/Actress,,Argentina,39,27,Eliminated Week 8,5,7.0,7.0,8.0,,9.0,8.0,9.0,,10.0,10.0,10.0,,8.0,8.0,8.0,,10.0,9.0,10.0,,10.0,10.0,10.0,,9.5,9.0,9.5,,10.0,10.0,10.0,,0.0,0.0,0.0,,,,,,,,,,22.0,26.0,30.0,24.0,29.0,30.0,28.0,0.0,0.0,,,3.0,1.0,1.0,4.0,1.0,1.0,3.0,Eliminated,Eliminated,,
Evanna Lynch,Keo Motsepe,Actor/Actress,,Ireland,27,27,3rd Place,3,7.0,5.0,6.0,,8.0,8.0,8.0,,9.0,9.0,9.0,,8.0,8.0,8.0,,8.0,8.0,8.0,,10.0,9.0,10.0,,10.0,9.5,10.0,,10.0,9.5,9.5,,10.0,10.0,10.0,,,,,,,,,,18.0,24.0,27.0,24.0,24.0,29.0,29.5,29.0,30.0,,,9.0,5.0,2.0,4.0,6.0,3.0,1.0,1.0,1.0,,
Nancy McKeon,Valentin Chmerkovskiy,Actor/Actress,New York,United States,52,27,Eliminated Week 3,11,6.5,6.5,6.5,,7.0,6.5,7.0,,8.0,7.0,7.0,,0.0,0.0,0.0,,0.0,0.0,0.0,,0.0,0.0,0.0,,0.0,0.0,0.0,,0.0,0.0,0.0,,0.0,0.0,0.0,,,,,,,,,,19.5,20.5,0.0,0.0,0.0,0.0,0.0,0.0,0.0,,,8.0,9.0,Eliminated,Eliminated,Eliminated,Eliminated,Eliminated,Eliminated,Eliminated,,
John Schneider,Emma Slater,Actor/Actress,New York,United States,58,27,Eliminated Week 7,8,7.0,5.0,6.0,,7.5,6.5,7.5,,7.0,7.0,7.0,,7.0,7.0,7.0,,8.0,8.0,8.0,,6.0,7.0,6.0,,9.0,9.0,9.0,,0.0,0.0,0.0,,0.0,0.0,0.0,,,,,,,,,,18.0,21.5,21.0,21.0,24.0,19.0,0.0,0.0,0.0,,,9.0,8.0,9.0,7.0,6.0,8.0,Eliminated,Eliminated,Eliminated,,
Milo Manheim,Witney Carson,Actor/Actress,California,United States,17,27,2nd Place,2,7.0,6.0,7.0,,9.0,8.0,9.0,,9.0,9.0,9.0,,10.0,9.0,10.0,,9.0,8.0,10.0,,10.0,10.0,10.0,,10.0,9.0,10.0,,9.0,9.0,9.5,,10.0,10.0,10.0,,,,,,,,,,20.0,26.0,27.0,29.0,27.0,30.0,29.0,27.5,30.0,,,5.0,1.0,2.0,1.0,3.0,1.0,2.0,3.0,1.0,,
Danelle Umstead,Artem Chigvintsev,Athlete,New Mexico,United States,46,27,Eliminated Week 2,12,6.0,6.0,6.0,,6.5,6.0,6.0,,0.0,0.0,0.0,,0.0,0.0,0.0,,0.0,0.0,0.0,,0.0,0.0,0.0,,0.0,0.0,0.0,,0.0,0.0,0.0,,0.0,0.0,0.0,,,,,,,,,,18.0,0.0,0.0,0.0,0.0,0.0,0.0,0.0,0.0,,,9.0,Eliminated,Eliminated,Eliminated,Eliminated,Eliminated,Eliminated,Eliminated,Eliminated,,
Mary Lou Retton,Sasha Farber,Athlete,West Virginia,United States,50,27,Eliminated Week 6,9,6.5,7.0,6.5,,8.0,7.5,7.5,,8.0,8.0,8.0,,9.0,8.0,9.0,,9.0,8.0,8.0,,8.0,8.0,8.0,,0.0,0.0,0.0,,0.0,0.0,0.0,,0.0,0.0,0.0,,,,,,,,,,20.0,23.0,24.0,26.0,25.0,0.0,0.0,0.0,0.0,,,5.0,7.0,7.0,2.0,5.0,Eliminated,Eliminated,Eliminated,Eliminated,,
DeMarcus Ware,Lindsay Arnold,Athlete,Alabama,United States,36,27,Eliminated Week 7,7,8.0,7.0,8.0,,8.0,7.5,8.0,,9.0,8.0,9.0,,7.0,7.0,8.0,,9.0,8.0,9.0,,8.0,9.0,9.0,,9.0,8.5,9.0,,0.0,0.0,0.0,,0.0,0.0,0.0,,,,,,,,,,23.0,23.5,26.0,22.0,26.0,26.0,0.0,0.0,0.0,,,1.0,6.0,5.0,6.0,4.0,5.0,Eliminated,Eliminated,Eliminated,,
Nikki Glaser,Gleb Savchenko,Comedian,Ohio,United States,34,27,Eliminated Week 1,13,6.0,5.5,6.0,,0.0,0.0,0.0,,0.0,0.0,0.0,,0.0,0.0,0.0,,0.0,0.0,0.0,,0.0,0.0,0.0,,0.0,0.0,0.0,,0.0,0.0,0.0,,0.0,0.0,0.0,,,,,,,,,,0.0,0.0,0.0,0.0,0.0,0.0,0.0,0.0,0.0,,,Eliminated,Eliminated,Eliminated,Eliminated,Eliminated,Eliminated,Eliminated,Eliminated,Eliminated,,
Bobby Bones,Sharna Burgess,Radio Personality,Arkansas,United States,38,27,1st Place,1,7.0,6.0,7.0,,7.0,6.0,6.5,,8.0,7.0,8.0,,7.0,6.0,7.0,,7.0,7.0,7.0,,8.0,7.0,7.0,,9.0,8.5,9.0,,7.5,7.5,7.5,,9.0,9.0,9.0,,,,,,,,,,20.0,19.5,23.0,20.0,21.0,22.0,26.5,22.5,27.0,,,5.0,10.0,8.0,8.0,8.0,6.0,5.0,4.0,4.0,,
Tinashe,Brandon Armstrong,Singer/Rapper,Kentucky,United States,25,27,Eliminated Week 4,10,8.0,7.0,8.0,,9.0,8.0,9.0,,9.0,9.0,9.0,,9.0,8.0,9.0,,0.0,0.0,0.0,,0.0,0.0,0.0,,0.0,0.0,0.0,,0.0,0.0,0.0,,0.0,0.0,0.0,,,,,,,,,,23.0,26.0,27.0,0.0,0.0,0.0,0.0,0.0,0.0,,,1.0,1.0,2.0,Eliminated,Eliminated,Eliminated,Eliminated,Eliminated,Eliminated,,
Alexis Ren,Alan Bersten,Social Media Personality,California,United States,21,27,4th Place,4,7.0,7.5,7.5,,8.0,8.5,8.0,,9.0,8.0,9.0,,8.0,8.0,9.0,,10.0,9.0,10.0,,9.0,9.0,9.0,,9.0,9.0,9.5,,9.5,9.5,10.0,,9.5,9.5,9.5,,,,,,,,,,22.0,24.5,26.0,25.0,29.0,27.0,27.5,29.0,28.5,,,3.0,4.0,5.0,3.0,1.0,4.0,4.0,1.0,3.0,,
Joe Amabile,Jenna Johnson,TV Personality,Illinois,United States,32,27,Eliminated Week 8,6,5.0,4.0,5.0,,5.5,6.0,6.0,,6.0,6.0,6.0,,5.0,5.0,5.0,,6.0,5.0,6.0,,8.0,7.0,7.0,,8.0,7.5,8.0,,8.0,7.5,7.5,,0.0,0.0,0.0,,,,,,,,,,14.0,17.5,18.0,15.0,17.0,22.0,23.5,0.0,0.0,,,12.0,11.0,10.0,9.0,9.0,6.0,6.0,Eliminated,Eliminated,,
Kate Flannery,Pasha Pashkov,Actor/Actress,Pennsylvania,United States,55,28,Eliminated Week 8,7,5.0,5.0,5.0,,7.0,7.0,7.0,,8.0,8.0,8.0,,7.0,7.0,6.0,6.0,8.0,8.0,8.0,,9.0,9.0,9.0,,8.0,8.0,8.0,,8.6666,8.6666,8.6666,,0.0,0.0,0.0,0.0,0.0,0.0,0.0,,0.0,0.0,0.0,,15.0,21.0,24.0,26.0,24.0,27.0,24.0,0.0,0.0,0.0,0.0,9.0,2.0,1.0,8.0,5.0,1.0,6.0,Eliminated,Eliminated,Eliminated,Eliminated
James Van Der Beek,Emma Slater,Actor/Actress,Connecticut,United States,42,28,Eliminated Week 10,5,7.0,7.0,7.0,,7.0,6.0,7.0,,8.0,7.0,8.0,,7.0,7.0,7.0,7.0,9.0,8.0,9.0,,9.0,9.0,9.0,,9.0,9.0,9.0,,10.6666,10.6666,10.6666,,9.0,8.5,9.5,9.0,8.5,8.5,8.5,,0.0,0.0,0.0,,21.0,20.0,23.0,28.0,26.0,27.0,27.0,31.9998,36.0,0.0,0.0,1.0,3.0,3.0,6.0,2.0,1.0,1.0,1.0,3.0,Eliminated,Eliminated
Kel Mitchell,Witney Carson,Actor/Actress,Illinois,United States,41,28,2nd Place,2,6.0,5.0,5.0,,7.0,6.0,7.0,,7.0,6.0,7.0,,8.0,8.0,8.0,8.0,9.0,8.0,9.0,,9.0,8.0,9.0,,8.5,8.5,8.5,,9.6666,9.6666,10.6666,,9.0,9.0,9.5,9.5,9.5,9.5,9.5,,10.0,9.5,10.0,,16.0,20.0,20.0,32.0,26.0,26.0,25.5,29.9998,37.0,28.5,29.5,7.0,3.0,6.0,1.0,2.0,3.0,5.0,4.0,2.0,2.0,2.0
Ray Lewis,Cheryl Burke,Athlete,Florida,United States,44,28,Withdrew,11,5.0,5.0,5.0,,5.0,5.0,5.0,,0.0,0.0,0.0,,0.0,0.0,0.0,0.0,0.0,0.0,0.0,,0.0,0.0,0.0,,0.0,0.0,0.0,,0.0,0.0,0.0,,0.0,0.0,0.0,0.0,0.0,0.0,0.0,,0.0,0.0,0.0,,15.0,15.0,0.0,0.0,0.0,0.0,0.0,0.0,0.0,0.0,0.0,9.0,10.0,Eliminated,Eliminated,Eliminated,Eliminated,Eliminated,Eliminated,Eliminated,Eliminated,Eliminated
Lamar Odom,Peta Murgatroyd,Athlete,New York,United States,39,28,Eliminated Week 4,10,5.0,3.0,3.0,,4.0,4.0,4.0,,4.0,4.0,4.0,,5.0,7.0,4.0,4.0,0.0,0.0,0.0,,0.0,0.0,0.0,,0.0,0.0,0.0,,0.0,0.0,0.0,,0.0,0.0,0.0,0.0,0.0,0.0,0.0,,0.0,0.0,0.0,,11.0,12.0,12.0,0.0,0.0,0.0,0.0,0.0,0.0,0.0,0.0,12.0,11.0,10.0,Eliminated,Eliminated,Eliminated,Eliminated,Eliminated,Eliminated,Eliminated,Eliminated
Sailor Brinkley-Cook,Valentin Chmerkovskiy,Model,New York,United States,21,28,Eliminated Week 6,9,6.0,6.0,6.0,,6.0,6.0,6.0,,7.0,8.0,8.0,,7.0,8.0,8.0,8.0,8.0,8.0,8.0,,9.0,9.0,9.0,,0.0,0.0,0.0,,0.0,0.0,0.0,,0.0,0.0,0.0,0.0,0.0,0.0,0.0,,0.0,0.0,0.0,,18.0,18.0,23.0,31.0,24.0,0.0,0.0,0.0,0.0,0.0,0.0,4.0,8.0,3.0,5.0,5.0,Eliminated,Eliminated,Eliminated,Eliminated,Eliminated,Eliminated
Sean Spicer,Lindsay Arnold,Politician,New York,United States,48,28,Eliminated Week 9,6,4.0,4.0,4.0,,6.0,5.0,5.0,,5.0,5.0,5.0,,5.0,6.0,5.0,5.0,7.0,6.0,6.0,,7.0,7.0,7.0,,7.0,7.0,7.0,,7.0,7.0,6.0,,6.5,6.0,6.5,6.0,0.0,0.0,0.0,,0.0,0.0,0.0,,12.0,16.0,15.0,21.0,19.0,21.0,21.0,20.0,0.0,0.0,0.0,11.0,9.0,9.0,9.0,9.0,8.0,7.0,6.0,Eliminated,Eliminated,Eliminated
Mary Wilson,Brandon Armstrong,Singer/Rapper,Nevada,United States,75,28,Eliminated Week 2,12,6.0,5.0,6.0,,5.0,5.0,5.0,,0.0,0.0,0.0,,0.0,0.0,0.0,0.0,0.0,0.0,0.0,,0.0,0.0,0.0,,0.0,0.0,0.0,,0.0,0.0,0.0,,0.0,0.0,0.0,0.0,0.0,0.0,0.0,,0.0,0.0,0.0,,17.0,0.0,0.0,0.0,0.0,0.0,0.0,0.0,0.0,0.0,0.0,5.0,Eliminated,Eliminated,Eliminated,Eliminated,Eliminated,Eliminated,Eliminated,Eliminated,Eliminated,Eliminated
Lauren Alaina,Gleb Savchenko,Singer/Rapper,Georgia,United States,24,28,4th Place,4,7.0,6.0,6.0,,6.0,6.0,7.0,,6.0,7.0,7.0,,8.0,8.0,8.0,8.0,8.0,7.0,8.0,,9.0,8.0,9.0,,9.0,9.0,9.0,,8.0,8.0,8.0,,9.0,9.0,8.5,8.5,9.0,9.0,9.0,,9.5,9.5,9.5,,19.0,19.0,20.0,32.0,23.0,26.0,27.0,24.0,35.0,27.0,28.5,3.0,6.0,6.0,1.0,7.0,3.0,1.0,5.0,5.0,3.0,4.0
Ally Brooke,Sasha Farber,Singer/Rapper,Texas,United States,26,28,3rd Place,3,5.0,5.0,6.0,,7.0,6.0,7.0,,8.0,8.0,8.0,,8.0,8.0,8.0,8.0,9.0,9.0,9.0,,8.0,9.0,8.0,,9.0,9.0,9.0,,10.0,10.0,10.0,,10.0,10.0,10.0,10.0,10.0,9.5,10.0,,10.0,10.0,10.0,,16.0,20.0,24.0,32.0,27.0,25.0,27.0,30.0,40.0,29.5,30.0,7.0,3.0,1.0,1.0,1.0,5.0,1.0,3.0,1.0,1.0,1.0
Karamo Brown,Jenna Johnson,TV Personality,Texas,United States,38,28,Eliminated Week 7,8,6.0,5.0,6.0,,7.0,5.0,7.0,,5.0,5.0,6.0,,7.0,7.0,7.0,7.0,7.0,7.0,7.0,,9.0,8.0,8.0,,8.5,8.0,8.0,,0.0,0.0,0.0,,0.0,0.0,0.0,0.0,0.0,0.0,0.0,,0.0,0.0,0.0,,17.0,19.0,16.0,28.0,21.0,25.0,0.0,0.0,0.0,0.0,0.0,5.0,6.0,8.0,6.0,8.0,5.0,Eliminated,Eliminated,Eliminated,Eliminated,Eliminated
Hannah Brown,Alan Bersten,TV Personality,Alabama,United States,24,28,1st Place,1,7.0,7.0,6.0,,8.0,8.0,8.0,,7.0,7.0,7.0,,8.0,8.0,8.0,8.0,9.0,7.0,9.0,,8.0,8.0,8.0,,8.5,9.0,8.5,,10.6666,9.6666,10.6666,,9.0,8.5,9.0,9.0,9.0,9.0,9.0,,10.0,9.5,9.5,,20.0,24.0,21.0,32.0,25.0,24.0,26.0,30.9998,35.5,27.0,29.0,2.0,1.0,5.0,1.0,4.0,7.0,4.0,2.0,4.0,3.0,3.0
Anne Heche,Keo Motsepe,Actor/Actress,Ohio,United States,51,29,Eliminated Week 4,13,6.0,6.0,6.0,,6.0,6.0,6.0,,5.0,5.0,5.0,,7.0,7.0,7.0,,0.0,0.0,0.0,,0.0,0.0,0.0,,0.0,0.0,0.0,,0.0,0.0,0.0,,0.0,0.0,0.0,,0.0,0.0,0.0,,0.0,0.0,0.0,,18.0,18.0,15.0,0.0,0.0,0.0,0.0,0.0,0.0,0.0,0.0,6.0,6.0,13.0,Eliminated,Eliminated,Eliminated,Eliminated,Eliminated,Eliminated,Eliminated,Eliminated
Jesse Metcalfe,Sharna Burgess,Actor/Actress,California,United States,41,29,Eliminated Week 5,12,6.0,6.0,6.0,,7.0,7.0,6.0,,7.0,6.0,7.0,,7.0,7.0,7.0,,7.0,6.0,6.0,,0.0,0.0,0.0,,0.0,0.0,0.0,,0.0,0.0,0.0,,0.0,0.0,0.0,,0.0,0.0,0.0,,0.0,0.0,0.0,,18.0,20.0,20.0,21.0,0.0,0.0,0.0,0.0,0.0,0.0,0.0,6.0,4.0,9.0,10.0,Eliminated,Eliminated,Eliminated,Eliminated,Eliminated,Eliminated,Eliminated
Chrishell Stause,Gleb Savchenko,Actor/Actress,Kentucky,United States,39,29,Eliminated Week 8,8,4.0,5.0,4.0,,6.0,6.0,6.0,,7.0,7.0,8.0,,7.0,8.0,7.0,,6.0,6.0,7.0,,8.0,8.0,8.0,,9.0,9.0,8.0,,9.0,9.0,9.0,,0.0,0.0,0.0,,0.0,0.0,0.0,,0.0,0.0,0.0,,13.0,18.0,22.0,22.0,19.0,24.0,26.0,0.0,0.0,0.0,0.0,13.0,6.0,4.0,8.0,11.0,7.0,5.0,Eliminated,Eliminated,Eliminated,Eliminated
Skai Jackson,Alan Bersten,Actor/Actress,New York,United States,18,29,Eliminated Week 10,5,7.0,7.0,7.0,,5.0,5.0,5.0,,6.0,6.0,6.0,,10.0,9.0,9.0,,8.0,8.0,8.0,,6.0,6.0,6.0,,9.0,9.0,9.0,,8.6666,9.6666,8.6666,,9.6666,9.6666,9.6666,,9.5,9.5,9.5,,0.0,0.0,0.0,,21.0,15.0,18.0,28.0,24.0,18.0,27.0,26.9998,28.9998,0.0,0.0,1.0,14.0,11.0,1.0,5.0,10.0,2.0,6.0,3.0,Eliminated,Eliminated
Justina Machado,Sasha Farber,Actor/Actress,Illinois,United States,48,29,4th Place,4,7.0,7.0,7.0,,7.0,7.0,7.0,,7.0,6.0,6.0,,8.0,8.0,8.0,,8.0,8.0,8.0,,9.0,9.0,9.0,,9.0,9.0,8.0,,9.6666,9.6666,9.6666,,8.6666,8.6666,8.6666,,9.5,10.0,9.5,,10.0,10.0,10.0,,21.0,21.0,19.0,24.0,24.0,27.0,26.0,28.9998,25.9998,29.0,30.0,1.0,2.0,10.0,3.0,5.0,1.0,5.0,3.0,5.0,3.0,1.0
Charles Oakley,Emma Slater,Athlete,Ohio,United States,56,29,Eliminated Week 2,15,4.0,4.0,4.0,,5.0,5.0,5.0,,0.0,0.0,0.0,,0.0,0.0,0.0,,0.0,0.0,0.0,,0.0,0.0,0.0,,0.0,0.0,0.0,,0.0,0.0,0.0,,0.0,0.0,0.0,,0.0,0.0,0.0,,0.0,0.0,0.0,,12.0,0.0,0.0,0.0,0.0,0.0,0.0,0.0,0.0,0.0,0.0,14.0,Eliminated,Eliminated,Eliminated,Eliminated,Eliminated,Eliminated,Eliminated,Eliminated,Eliminated,Eliminated
Veron Davis,Peta Murgatroyd,Athlete,Washington D.C.,United States,36,29,Eliminated Week 6,11,5.0,6.0,6.0,,6.0,6.0,6.0,,8.0,7.0,7.0,,8.0,7.0,7.0,,7.0,7.0,7.0,,7.0,7.0,7.0,,0.0,0.0,0.0,,0.0,0.0,0.0,,0.0,0.0,0.0,,0.0,0.0,0.0,,0.0,0.0,0.0,,17.0,18.0,22.0,22.0,21.0,0.0,0.0,0.0,0.0,0.0,0.0,11.0,6.0,4.0,8.0,10.0,Eliminated,Eliminated,Eliminated,Eliminated,Eliminated,Eliminated
Johnny Weir,Britt Stewart,Athlete,Pennsylvania,United States,36,29,Eliminated Week 10,6,6.0,6.0,6.0,,6.0,6.0,6.0,,8.0,8.0,8.0,,8.0,8.0,8.0,,10.0,10.0,9.0,,7.0,8.0,7.0,,9.0,9.0,9.0,,10.0,10.0,10.0,,10.0,10.0,10.0,,9.5,9.5,9.5,,0.0,0.0,0.0,,18.0,18.0,24.0,24.0,29.0,22.0,27.0,30.0,30.0,0.0,0.0,6.0,6.0,1.0,3.0,1.0,9.0,2.0,1.0,1.0,Eliminated,Eliminated
Nev Schulman,Jenna Johnson,Producer,New York,United States,35,29,2nd Place,2,7.0,7.0,6.0,,7.0,7.0,7.0,,8.0,8.0,8.0,,8.0,8.0,8.0,,8.0,9.0,9.0,,9.0,9.0,8.0,,10.0,10.0,10.0,,10.0,10.0,10.0,,9.6666,9.6666,9.6666,,10.0,10.0,10.0,,10.0,10.0,10.0,,20.0,21.0,24.0,24.0,26.0,26.0,30.0,30.0,28.9998,30.0,30.0,3.0,2.0,1.0,3.0,3.0,5.0,1.0,1.0,3.0,1.0,1.0
AJ McLean,Cheryl Burke,Singer/Rapper,Florida,United States,42,29,Eliminated Week 9,7,6.0,6.0,6.0,,7.0,6.0,6.0,,7.0,7.0,7.0,,8.0,8.0,8.0,,8.0,8.0,8.0,,9.0,9.0,9.0,,9.0,8.0,9.0,,9.0,9.0,9.0,,7.6666,8.6666,8.6666,,0.0,0.0,0.0,,0.0,0.0,0.0,,18.0,19.0,21.0,24.0,24.0,27.0,26.0,27.0,0.0,0.0,0.0,6.0,5.0,7.0,3.0,5.0,1.0,5.0,5.0,Eliminated,Eliminated,Eliminated
Nelly,Daniella Karagach,Singer/Rapper,Texas,United States,45,29,3rd Place,3,5.0,5.0,6.0,,6.0,6.0,6.0,,6.0,6.0,6.0,,7.0,7.0,7.0,,8.0,8.0,8.0,,8.0,8.0,8.0,,9.0,9.0,9.0,,8.0,8.0,8.0,,8.0,8.0,8.0,,9.5,9.0,9.5,,9.5,9.5,9.5,,16.0,18.0,18.0,21.0,24.0,24.0,27.0,24.0,24.0,28.0,28.5,12.0,6.0,11.0,10.0,5.0,7.0,2.0,7.0,6.0,4.0,4.0
Kaitlyn Bristowe,Artem Chigvintsev,TV Personality,,Canada,35,29,1st Place,1,6.0,7.0,7.0,,7.0,8.0,7.0,,8.0,7.0,8.0,,9.0,8.0,8.0,,9.0,9.0,9.0,,9.0,9.0,9.0,,7.0,9.0,8.0,,9.0,10.0,9.0,,10.0,10.0,10.0,,10.0,10.0,10.0,,10.0,10.0,10.0,,20.0,22.0,23.0,25.0,27.0,27.0,24.0,28.0,30.0,30.0,30.0,3.0,1.0,3.0,2.0,2.0,1.0,9.0,4.0,1.0,1.0,1.0
Carole Baskin,Pasha Pashkov,TV Personality,Texas,United States,59,29,Eliminated Week 3,14,4.0,4.0,3.0,,6.0,5.0,5.0,,5.0,4.0,3.0,,0.0,0.0,0.0,,0.0,0.0,0.0,,0.0,0.0,0.0,,0.0,0.0,0.0,,0.0,0.0,0.0,,0.0,0.0,0.0,,0.0,0.0,0.0,,0.0,0.0,0.0,,11.0,16.0,0.0,0.0,0.0,0.0,0.0,0.0,0.0,0.0,0.0,15.0,12.0,Eliminated,Eliminated,Eliminated,Eliminated,Eliminated,Eliminated,Eliminated,Eliminated,Eliminated
Monica Aldama,Valentin Chmerkovskiy,TV Personality,Alabama,United States,48,29,Eliminated Week 7,10,6.0,7.0,6.0,,5.0,6.0,5.0,,7.0,7.0,7.0,,8.0,8.0,8.0,,9.0,9.0,8.0,,9.0,9.0,9.0,,7.0,8.0,7.0,,0.0,0.0,0.0,,0.0,0.0,0.0,,0.0,0.0,0.0,,0.0,0.0,0.0,,19.0,16.0,21.0,24.0,26.0,27.0,0.0,0.0,0.0,0.0,0.0,5.0,12.0,7.0,3.0,3.0,1.0,Eliminated,Eliminated,Eliminated,Eliminated,Eliminated
Jeannie Mai,Brandon Armstrong,TV Personality,California,United States,41,29,Withdrew,9,6.0,6.0,6.0,,6.0,6.0,6.0,,7.0,7.0,8.0,,7.0,7.0,7.0,,8.0,8.0,8.0,,8.0,8.0,9.0,,8.0,9.0,8.0,,0.0,0.0,0.0,,0.0,0.0,0.0,,0.0,0.0,0.0,,0.0,0.0,0.0,,18.0,18.0,22.0,21.0,24.0,25.0,25.0,0.0,0.0,0.0,0.0,6.0,6.0,4.0,10.0,5.0,6.0,8.0,Eliminated,Eliminated,Eliminated,Eliminated
Martin Kove,Britt Stewart,Actor/Actress,New York,United States,75,30,Eliminated Week 2,15,4.0,3.0,3.0,3.0,4.0,3.0,4.0,4.0,0.0,0.0,0.0,,0.0,0.0,0.0,0.0,0.0,0.0,0.0,0.0,0.0,0.0,0.0,0.0,0.0,0.0,0.0,0.0,0.0,0.0,0.0,0.0,0.0,0.0,0.0,0.0,0.0,0.0,0.0,0.0,,,,,13.0,0.0,0.0,0.0,0.0,0.0,0.0,0.0,0.0,0.0,,15.0,Eliminated,Eliminated,Eliminated,Eliminated,Eliminated,Eliminated,Eliminated,Eliminated,Eliminated,
Brian Austin Green,Sharna Burgess,Actor/Actress,California,United States,48,30,Eliminated Week 4,13,6.0,6.0,6.0,6.0,6.0,5.0,6.0,6.0,7.0,6.0,6.0,,6.5,6.0,7.0,6.5,0.0,0.0,0.0,0.0,0.0,0.0,0.0,0.0,0.0,0.0,0.0,0.0,0.0,0.0,0.0,0.0,0.0,0.0,0.0,0.0,0.0,0.0,0.0,0.0,,,,,24.0,23.0,19.0,0.0,0.0,0.0,0.0,0.0,0.0,0.0,,9.0,13.0,11.0,Eliminated,Eliminated,Eliminated,Eliminated,Eliminated,Eliminated,Eliminated,
Melora Hardin,Artem Chigvintsev,Actor/Actress,Texas,United States,54,30,Eliminated Week 9,6,7.0,6.0,7.0,6.0,7.0,6.0,7.0,7.0,8.0,7.0,8.0,,9.0,9.5,9.0,9.0,9.0,9.0,9.0,9.0,8.0,9.0,8.0,9.0,9.5,9.5,9.5,9.5,10.5,10.5,10.5,10.5,8.5,9.5,9.0,9.0,0.0,0.0,0.0,0.0,,,,,26.0,27.0,23.0,36.5,36.0,34.0,38.0,42.0,0.0,0.0,,5.0,5.0,4.0,1.0,3.0,8.0,3.0,1.0,Eliminated,Eliminated,
Matt James,Lindsay Arnold,Athlete,North Carolina,United States,29,30,Eliminated Week 4,12,6.0,6.0,6.0,6.0,5.0,5.0,6.0,6.0,7.0,6.0,7.0,,7.0,6.5,7.5,7.5,0.0,0.0,0.0,0.0,0.0,0.0,0.0,0.0,0.0,0.0,0.0,0.0,0.0,0.0,0.0,0.0,0.0,0.0,0.0,0.0,0.0,0.0,0.0,0.0,,,,,24.0,22.0,20.0,0.0,0.0,0.0,0.0,0.0,0.0,0.0,,9.0,14.0,9.0,Eliminated,Eliminated,Eliminated,Eliminated,Eliminated,Eliminated,Eliminated,
"Mike ""The Miz"" Mizanin",Witney Carson,Athlete,Ohio,United States,40,30,Eliminated Week 7,9,6.0,6.0,6.0,6.0,7.0,5.0,7.0,7.0,7.0,7.0,8.0,,8.5,7.5,8.5,8.0,8.0,8.0,8.0,8.0,9.0,8.0,9.0,8.0,8.0,8.0,8.0,8.0,0.0,0.0,0.0,0.0,0.0,0.0,0.0,0.0,0.0,0.0,0.0,0.0,,,,,24.0,26.0,22.0,32.5,32.0,34.0,0.0,0.0,0.0,0.0,,9.0,8.0,5.0,7.0,8.0,8.0,Eliminated,Eliminated,Eliminated,Eliminated,
Suni Lee,Sasha Farber,Athlete,Minnesota,United States,18,30,Eliminated Week 9,5,7.0,7.0,7.0,7.0,7.0,7.0,7.0,7.0,7.0,7.0,7.0,,8.5,8.0,9.0,8.5,9.0,9.0,9.0,9.0,9.0,9.0,9.0,9.0,8.25,8.25,8.25,9.25,10.5,10.5,10.5,10.5,10.0,9.0,9.5,9.0,0.0,0.0,0.0,0.0,,,,,28.0,28.0,21.0,34.0,36.0,36.0,34.0,42.0,0.0,0.0,,2.0,4.0,7.0,4.0,3.0,5.0,6.0,1.0,Eliminated,Eliminated,
Iman Shumpert,Daniella Karagach,Athlete,Illinois,United States,31,30,1st Place,1,7.0,4.0,5.0,5.0,7.0,6.0,6.0,6.0,7.0,6.0,6.0,,8.5,6.5,8.5,8.0,7.0,7.0,7.0,7.0,10.0,10.0,10.0,10.0,9.5,7.5,8.5,8.5,9.0,8.0,9.0,9.0,9.5,9.0,10.0,9.0,10.0,10.0,10.0,10.0,,,,,21.0,25.0,19.0,31.5,28.0,40.0,34.0,35.0,37.5,40.0,,14.0,9.0,11.0,9.0,10.0,1.0,6.0,6.0,3.0,1.0,
Cody Rigsby,Cheryl Burke,Fitness Instructor,California,United States,34,30,3rd Place,3,6.0,6.0,6.0,6.0,6.0,6.0,6.0,6.0,6.0,6.0,6.0,,7.5,6.5,7.5,7.5,8.0,8.0,8.0,8.0,9.0,9.0,9.0,9.0,8.5,8.5,9.5,9.5,10.0,10.0,9.0,9.0,9.0,9.0,8.5,9.0,9.5,9.5,9.5,9.5,,,,,24.0,24.0,18.0,29.0,32.0,36.0,36.0,38.0,35.5,38.0,,9.0,10.0,13.0,11.0,8.0,5.0,5.0,5.0,4.0,4.0,
Melanie C,Gleb Savchenko,Singer/Rapper,,England,47,30,Eliminated Week 5,11,7.0,7.0,6.0,7.0,7.0,7.0,8.0,8.0,7.0,7.0,8.0,,8.0,8.0,8.5,8.5,9.0,9.0,9.0,9.0,0.0,0.0,0.0,0.0,0.0,0.0,0.0,0.0,0.0,0.0,0.0,0.0,0.0,0.0,0.0,0.0,0.0,0.0,0.0,0.0,,,,,27.0,30.0,22.0,33.0,0.0,0.0,0.0,0.0,0.0,0.0,,4.0,3.0,5.0,6.0,Eliminated,Eliminated,Eliminated,Eliminated,Eliminated,Eliminated,
Jimmie Allen,Emma Slater,Singer/Rapper,Delaware,United States,36,30,Eliminated Week 8,7,6.0,5.0,6.0,5.0,7.0,6.0,7.0,7.0,6.0,6.0,8.0,,8.5,7.5,8.5,8.0,8.0,8.0,9.0,9.0,10.0,9.0,10.0,9.0,9.0,9.0,10.0,10.0,8.0,8.0,8.0,8.0,0.0,0.0,0.0,0.0,0.0,0.0,0.0,0.0,,,,,22.0,27.0,20.0,32.5,34.0,38.0,38.0,0.0,0.0,0.0,,13.0,5.0,9.0,7.0,7.0,3.0,3.0,Eliminated,Eliminated,Eliminated,
Olivia Jade,Valentin Chmerkovskiy,Social Media Personality,California,United States,21,30,Eliminated Week 8,8,7.0,6.0,6.0,6.0,7.0,6.0,7.0,7.0,8.0,8.0,8.0,,8.0,9.0,9.0,9.0,9.0,9.0,9.0,9.0,9.0,9.0,9.0,9.0,11.0,9.0,11.0,11.0,9.0,9.0,9.0,9.0,0.0,0.0,0.0,0.0,0.0,0.0,0.0,0.0,,,,,25.0,27.0,24.0,35.0,36.0,36.0,42.0,0.0,0.0,0.0,,7.0,5.0,1.0,2.0,3.0,5.0,1.0,Eliminated,Eliminated,Eliminated,
JoJo Siwa,Jenna Johnson,Social Media Personality,Nebraska,United States,18,30,2nd Place,2,8.0,7.0,7.0,7.0,8.0,8.0,7.0,8.0,8.0,8.0,8.0,,8.5,8.5,9.0,9.0,10.0,10.0,10.0,10.0,10.0,10.0,10.0,10.0,10.0,9.0,10.0,10.0,10.5,9.5,10.5,10.5,10.0,10.0,10.0,10.0,10.0,10.0,10.0,10.0,,,,,29.0,31.0,24.0,35.0,40.0,40.0,39.0,41.0,40.0,40.0,,1.0,2.0,1.0,2.0,1.0,1.0,2.0,4.0,1.0,1.0,
Christine Chiu,Pasha Pashkov,TV Personality,,Taiwan China,38,30,Eliminated Week 3,14,6.0,7.0,6.0,6.0,6.0,6.0,6.0,6.0,7.0,7.0,7.0,,0.0,0.0,0.0,0.0,0.0,0.0,0.0,0.0,0.0,0.0,0.0,0.0,0.0,0.0,0.0,0.0,0.0,0.0,0.0,0.0,0.0,0.0,0.0,0.0,0.0,0.0,0.0,0.0,,,,,25.0,24.0,0.0,0.0,0.0,0.0,0.0,0.0,0.0,0.0,,7.0,10.0,Eliminated,Eliminated,Eliminated,Eliminated,Eliminated,Eliminated,Eliminated,Eliminated,
Kenya Moore,Brandon Armstrong,TV Personality,Michigan,United States,50,30,Eliminated Week 6,10,7.0,6.0,6.0,7.0,6.0,6.0,6.0,6.0,7.0,7.0,7.0,,7.0,7.0,8.0,7.5,9.0,9.0,9.0,9.0,8.0,8.0,8.0,8.0,0.0,0.0,0.0,0.0,0.0,0.0,0.0,0.0,0.0,0.0,0.0,0.0,0.0,0.0,0.0,0.0,,,,,26.0,24.0,21.0,29.5,36.0,0.0,0.0,0.0,0.0,0.0,,5.0,10.0,7.0,10.0,3.0,Eliminated,Eliminated,Eliminated,Eliminated,Eliminated,
Amanda Kloots,Alan Bersten,TV Personality,Ohio,United States,39,30,4th Place,4,7.0,7.0,7.0,7.0,8.0,8.0,8.0,8.0,8.0,8.0,8.0,,8.5,8.5,8.5,8.5,10.0,10.0,9.0,10.0,9.0,9.0,10.0,10.0,8.25,8.25,8.25,9.25,10.5,10.5,10.5,10.5,9.5,10.0,10.0,10.0,9.5,10.0,9.5,10.0,,,,,28.0,32.0,24.0,34.0,39.0,38.0,34.0,42.0,39.5,39.0,,2.0,1.0,1.0,4.0,2.0,3.0,6.0,1.0,2.0,3.0,
Jason Lewis,Peta Murgatroyd,Actor/Actress,California,United States,51,31,Eliminated Week 1,16,5.0,4.0,4.0,5.0,0.0,0.0,0.0,0.0,0.0,0.0,0.0,0.0,0.0,0.0,0.0,0.0,0.0,0.0,0.0,0.0,0.0,0.0,0.0,0.0,0.0,0.0,0.0,0.0,0.0,0.0,0.0,0.0,0.0,0.0,0.0,0.0,0.0,0.0,0.0,0.0,,,,,0.0,0.0,0.0,0.0,0.0,0.0,0.0,0.0,0.0,0.0,,Eliminated,Eliminated,Eliminated,Eliminated,Eliminated,Eliminated,Eliminated,Eliminated,Eliminated,Eliminated,
Cheryl Ladd,Louis van Amstel,Actor/Actress,South Dakota,United States,71,31,Eliminated Week 3,14,6.0,5.0,5.0,5.0,5.0,6.0,5.0,5.0,6.0,6.0,6.0,6.0,0.0,0.0,0.0,0.0,0.0,0.0,0.0,0.0,0.0,0.0,0.0,0.0,0.0,0.0,0.0,0.0,0.0,0.0,0.0,0.0,0.0,0.0,0.0,0.0,0.0,0.0,0.0,0.0,,,,,21.0,21.0,0.0,0.0,0.0,0.0,0.0,0.0,0.0,0.0,,10.0,14.0,Eliminated,Eliminated,Eliminated,Eliminated,Eliminated,Eliminated,Eliminated,Eliminated,
Selma Blair,Sasha Farber,Actor/Actress,Michigan,United States,50,31,Withdrew,12,7.0,7.0,7.0,7.0,7.0,7.0,7.0,7.0,7.0,7.0,7.0,7.0,8.0,8.0,8.0,8.0,10.0,10.0,10.0,10.0,0.0,0.0,0.0,0.0,0.0,0.0,0.0,0.0,0.0,0.0,0.0,0.0,0.0,0.0,0.0,0.0,0.0,0.0,0.0,0.0,,,,,28.0,28.0,28.0,32.0,40.0,0.0,0.0,0.0,0.0,0.0,,3.0,6.0,9.0,6.0,4.0,Eliminated,Eliminated,Eliminated,Eliminated,Eliminated,
Joseph Baena,Daniella Karagach,Actor/Actress,California,United States,24,31,Eliminated Week 5,11,6.0,5.0,6.0,6.0,6.0,6.0,6.0,6.0,8.0,7.0,7.0,7.0,7.0,7.0,7.0,7.0,9.0,8.5,9.0,8.5,0.0,0.0,0.0,0.0,0.0,0.0,0.0,0.0,0.0,0.0,0.0,0.0,0.0,0.0,0.0,0.0,0.0,0.0,0.0,0.0,,,,,23.0,24.0,29.0,28.0,0.0,0.0,0.0,0.0,0.0,0.0,,9.0,13.0,7.0,11.0,Eliminated,Eliminated,Eliminated,Eliminated,Eliminated,Eliminated,
Trevor Donovan,Emma Slater,Actor/Actress,California,United States,39,31,Eliminated Week 9,6,5.0,5.0,5.0,6.0,7.0,7.0,8.0,8.0,7.0,6.0,7.0,7.0,7.0,7.0,7.0,7.0,9.0,9.0,9.0,9.0,9.0,8.0,8.0,9.0,10.0,9.0,10.0,10.0,9.25,10.25,9.25,10.25,8.5,8.0,8.0,8.0,0.0,0.0,0.0,0.0,,,,,21.0,30.0,27.0,28.0,36.0,34.0,39.0,39.0,0.0,0.0,,10.0,4.0,10.0,11.0,7.0,5.0,1.0,5.0,Eliminated,Eliminated,
Daniel Durant,Britt Stewart,Actor/Actress,Michigan,United States,32,31,Eliminated Week 9,5,7.0,6.0,7.0,7.0,7.0,7.0,7.0,8.0,8.0,7.0,8.0,8.0,7.0,7.0,7.0,8.0,8.125,8.125,8.625,8.625,9.0,8.0,8.0,9.0,9.0,8.5,9.5,9.5,10.0,9.0,10.0,10.0,9.0,8.0,9.0,8.5,0.0,0.0,0.0,0.0,,,,,27.0,29.0,31.0,29.0,33.5,34.0,36.5,39.0,0.0,0.0,,6.0,5.0,5.0,9.0,10.0,5.0,4.0,5.0,Eliminated,Eliminated,
Wayne Brady,Witney Carson,Comedian,Georgia,United States,50,31,3rd Place,3,7.0,7.0,7.0,8.0,8.0,8.0,8.0,8.0,8.0,8.0,8.0,9.0,9.0,9.0,9.0,9.0,10.125,10.125,10.125,10.625,8.0,9.0,8.0,9.0,9.5,9.0,9.5,10.0,11.25,11.25,11.25,11.25,9.5,9.0,9.0,9.0,9.5,9.5,9.5,9.5,,,,,29.0,32.0,33.0,36.0,41.0,34.0,38.0,45.0,36.5,38.0,,2.0,1.0,1.0,1.0,2.0,5.0,3.0,1.0,3.0,3.0,
Sam Champion,Cheryl Burke,News Anchor,Kentucky,United States,61,31,Eliminated Week 4,13,5.0,5.0,5.0,5.0,6.0,6.0,7.0,7.0,6.0,6.0,6.0,7.0,7.0,6.0,6.0,6.0,0.0,0.0,0.0,0.0,0.0,0.0,0.0,0.0,0.0,0.0,0.0,0.0,0.0,0.0,0.0,0.0,0.0,0.0,0.0,0.0,0.0,0.0,0.0,0.0,,,,,20.0,26.0,25.0,0.0,0.0,0.0,0.0,0.0,0.0,0.0,,12.0,11.0,12.0,Eliminated,Eliminated,Eliminated,Eliminated,Eliminated,Eliminated,Eliminated,
Jessie James Decker,Alan Bersten,Singer/Rapper,,Italy,34,31,Eliminated Week 6,10,5.0,5.0,5.0,5.0,7.0,6.0,6.0,6.0,6.0,6.0,7.0,7.0,8.0,7.0,8.0,8.0,8.875,8.875,9.375,8.875,8.0,8.0,8.0,8.0,0.0,0.0,0.0,0.0,0.0,0.0,0.0,0.0,0.0,0.0,0.0,0.0,0.0,0.0,0.0,0.0,,,,,20.0,25.0,26.0,31.0,36.0,0.0,0.0,0.0,0.0,0.0,,12.0,12.0,11.0,8.0,7.0,Eliminated,Eliminated,Eliminated,Eliminated,Eliminated,
Jordin Sparks,Brandon Armstrong,Singer/Rapper,Arizona,United States,32,31,Eliminated Week 7,9,7.0,6.0,6.0,7.0,7.0,6.0,7.0,7.0,7.0,7.0,7.0,8.0,9.0,8.0,8.0,9.0,8.875,8.375,8.875,9.375,9.0,8.0,8.0,9.0,8.5,9.0,8.5,8.5,0.0,0.0,0.0,0.0,0.0,0.0,0.0,0.0,0.0,0.0,0.0,0.0,,,,,26.0,27.0,29.0,34.0,35.5,34.0,0.0,0.0,0.0,0.0,,7.0,9.0,7.0,4.0,9.0,5.0,Eliminated,Eliminated,Eliminated,Eliminated,
Heidi D'Amelio,Artem Chigvintsev,Social Media Personality,Louisiana,United States,50,31,Eliminated Week 8,8,6.0,6.0,6.0,6.0,7.0,7.0,7.0,7.0,8.0,8.0,8.0,8.0,9.0,8.0,8.0,9.0,9.625,10.125,9.625,9.625,9.0,9.0,9.0,9.0,8.5,9.0,9.0,8.5,9.0,8.0,9.0,9.0,0.0,0.0,0.0,0.0,0.0,0.0,0.0,0.0,,,,,24.0,28.0,32.0,34.0,39.0,36.0,35.0,0.0,0.0,0.0,,8.0,6.0,4.0,4.0,5.0,3.0,7.0,Eliminated,Eliminated,Eliminated,
Charli D'Amelio,Mark Ballas,Social Media Personality,Connecticut,United States,18,31,1st Place,1,8.0,8.0,8.0,8.0,8.0,8.0,8.0,8.0,8.0,8.0,8.0,9.0,9.0,9.0,9.0,9.0,10.375,10.375,10.375,10.875,10.0,10.0,10.0,10.0,9.5,9.5,10.0,10.0,11.25,11.25,11.25,11.25,10.0,10.0,10.0,10.0,10.0,10.0,10.0,10.0,,,,,32.0,32.0,33.0,36.0,42.0,40.0,39.0,45.0,40.0,40.0,,1.0,1.0,1.0,1.0,1.0,1.0,1.0,1.0,1.0,1.0,
Teresa Giudice,Pasha Pashkov,TV Personality,New Jersey,United States,50,31,Eliminated Week 2,15,5.0,5.0,5.0,5.0,6.0,5.0,6.0,6.0,0.0,0.0,0.0,0.0,0.0,0.0,0.0,0.0,0.0,0.0,0.0,0.0,0.0,0.0,0.0,0.0,0.0,0.0,0.0,0.0,0.0,0.0,0.0,0.0,0.0,0.0,0.0,0.0,0.0,0.0,0.0,0.0,,,,,20.0,0.0,0.0,0.0,0.0,0.0,0.0,0.0,0.0,0.0,,12.0,Eliminated,Eliminated,Eliminated,Eliminated,Eliminated,Eliminated,Eliminated,Eliminated,Eliminated,
Vinny Guadagnino,Koko Iwasaki,TV Personality,New York,United States,34,31,Eliminated Week 8,7,4.0,4.0,5.0,4.0,7.0,6.0,7.0,7.0,6.0,5.0,6.0,6.0,8.0,7.0,7.0,7.0,7.75,7.75,7.75,7.75,7.0,7.0,7.0,7.0,7.5,8.0,8.0,8.0,8.0,7.0,7.0,7.0,0.0,0.0,0.0,0.0,0.0,0.0,0.0,0.0,,,,,17.0,27.0,23.0,29.0,31.0,28.0,31.5,0.0,0.0,0.0,,15.0,9.0,13.0,9.0,11.0,9.0,8.0,Eliminated,Eliminated,Eliminated,
Shangela,Gleb Savchenko,TV Personality,Texas,United States,40,31,4th Place,4,7.0,7.0,7.0,7.0,7.0,7.0,7.0,7.0,8.0,7.0,7.0,8.0,8.0,8.0,8.0,8.0,9.75,9.25,9.75,9.75,9.0,9.0,9.0,9.0,9.0,9.5,9.0,9.0,11.25,10.25,10.25,10.25,9.5,9.0,9.0,9.0,9.5,9.5,9.5,9.5,,,,,28.0,28.0,30.0,32.0,38.5,36.0,36.5,42.0,36.5,38.0,,3.0,6.0,6.0,6.0,6.0,3.0,4.0,3.0,3.0,3.0,
Gabby Windey,Valentin Chmerkovskiy,TV Personality,Illinois,United States,31,31,2nd Place,2,7.0,7.0,7.0,7.0,8.0,8.0,8.0,8.0,8.0,8.0,8.0,9.0,9.0,9.0,9.0,9.0,10.25,10.25,10.25,10.25,9.0,9.0,9.0,10.0,9.0,9.0,8.5,9.0,10.0,10.0,10.0,10.0,10.0,10.0,10.0,10.0,10.0,10.0,10.0,10.0,,,,,28.0,32.0,33.0,36.0,41.0,37.0,35.5,40.0,40.0,40.0,,3.0,1.0,1.0,1.0,2.0,2.0,6.0,4.0,1.0,1.0,
Jamie Lynn Spears,Alan Bersten,Actor/Actress,Mississippi,United States,32,32,Eliminated Week 2,13,5.0,5.0,5.0,,6.0,5.0,5.0,,0.0,0.0,0.0,0.0,0.0,0.0,0.0,,0.0,0.0,0.0,,0.0,0.0,0.0,0.0,0.0,0.0,0.0,0.0,0.0,0.0,0.0,0.0,0.0,0.0,0.0,0.0,0.0,0.0,0.0,,0.0,0.0,0.0,,15.0,0.0,0.0,0.0,0.0,0.0,0.0,0.0,0.0,0.0,0.0,9.0,Eliminated,Eliminated,Eliminated,Eliminated,Eliminated,Eliminated,Eliminated,Eliminated,Eliminated,Eliminated
Mira Sorvino,Gleb Savchenko,Actor/Actress,New York,United States,55,32,Eliminated Week 5,10,6.0,5.0,6.0,,6.0,6.0,6.0,,6.0,6.0,7.0,7.0,7.0,7.0,7.0,,7.0,8.0,7.0,,0.0,0.0,0.0,0.0,0.0,0.0,0.0,0.0,0.0,0.0,0.0,0.0,0.0,0.0,0.0,0.0,0.0,0.0,0.0,,0.0,0.0,0.0,,17.0,18.0,26.0,21.0,0.0,0.0,0.0,0.0,0.0,0.0,0.0,7.0,7.0,6.0,6.0,Eliminated,Eliminated,Eliminated,Eliminated,Eliminated,Eliminated,Eliminated
Barry Williams,Peta Murgatroyd,Actor/Actress,California,United States,68,32,Eliminated Week 8,7,6.0,5.0,5.0,,5.0,5.0,5.0,,6.0,6.0,7.0,6.0,6.0,6.0,6.0,,8.0,8.0,8.0,,8.25,7.25,8.25,8.25,8.0,8.0,8.5,8.0,8.75,8.75,8.75,8.75,0.0,0.0,0.0,0.0,0.0,0.0,0.0,,0.0,0.0,0.0,,16.0,15.0,25.0,18.0,24.0,32.0,32.5,0.0,0.0,0.0,0.0,8.0,9.0,7.0,9.0,4.0,6.0,6.0,Eliminated,Eliminated,Eliminated,Eliminated
Alyson Hannigan,Sasha Farber,Actor/Actress,Washington D.C.,United States,49,32,5th Place,5,5.0,4.0,4.0,,7.0,6.0,6.0,,6.0,6.0,6.0,6.0,6.0,6.0,6.0,,7.0,7.0,7.0,,7.5,7.5,7.5,8.5,8.5,8.5,9.5,8.5,8.75,8.75,9.75,8.75,7.75,7.75,8.75,7.75,8.5,8.5,8.5,,9.0,8.5,9.0,,13.0,19.0,24.0,18.0,21.0,31.0,35.0,36.0,32.0,25.5,26.5,11.0,6.0,8.0,9.0,8.0,7.0,5.0,4.0,5.0,5.0,5.0
Xochitl Gomez,Valentin Chmerkovskiy,Actor/Actress,California,United States,17,32,1st Place,1,6.0,6.0,6.0,,8.0,8.0,8.0,,8.0,8.0,8.0,8.0,9.0,9.0,9.0,,9.0,10.0,9.0,,10.25,10.25,11.25,10.25,9.5,9.0,9.5,9.0,10.0,10.0,10.0,10.0,9.75,9.75,10.75,10.75,10.0,10.0,10.0,,10.0,10.0,10.0,,18.0,24.0,32.0,27.0,28.0,42.0,37.0,40.0,41.0,30.0,30.0,5.0,1.0,3.0,1.0,1.0,1.0,1.0,2.0,2.0,1.0,1.0
Adrian Peterson,Britt Stewart,Athlete,Texas,United States,38,32,Eliminated Week 4,11,6.0,6.0,6.0,,5.0,5.0,5.0,,5.0,5.0,6.0,6.0,7.0,7.0,7.0,,0.0,0.0,0.0,,0.0,0.0,0.0,0.0,0.0,0.0,0.0,0.0,0.0,0.0,0.0,0.0,0.0,0.0,0.0,0.0,0.0,0.0,0.0,,0.0,0.0,0.0,,18.0,15.0,22.0,0.0,0.0,0.0,0.0,0.0,0.0,0.0,0.0,5.0,9.0,11.0,Eliminated,Eliminated,Eliminated,Eliminated,Eliminated,Eliminated,Eliminated,Eliminated
Matt Walsh,Koko Iwasaki,Comedian,Illinois,United States,58,32,Eliminated Week 1,14,4.0,4.0,4.0,,0.0,0.0,0.0,,0.0,0.0,0.0,0.0,0.0,0.0,0.0,,0.0,0.0,0.0,,0.0,0.0,0.0,0.0,0.0,0.0,0.0,0.0,0.0,0.0,0.0,0.0,0.0,0.0,0.0,0.0,0.0,0.0,0.0,,0.0,0.0,0.0,,0.0,0.0,0.0,0.0,0.0,0.0,0.0,0.0,0.0,0.0,0.0,Eliminated,Eliminated,Eliminated,Eliminated,Eliminated,Eliminated,Eliminated,Eliminated,Eliminated,Eliminated,Eliminated
Tyson Beckford,Jenna Johnson,Model,New York,United States,52,32,Eliminated Week 3,12,4.0,4.0,4.0,,6.0,6.0,6.0,,5.0,5.0,5.0,5.0,0.0,0.0,0.0,,0.0,0.0,0.0,,0.0,0.0,0.0,0.0,0.0,0.0,0.0,0.0,0.0,0.0,0.0,0.0,0.0,0.0,0.0,0.0,0.0,0.0,0.0,,0.0,0.0,0.0,,12.0,18.0,0.0,0.0,0.0,0.0,0.0,0.0,0.0,0.0,0.0,12.0,7.0,Eliminated,Eliminated,Eliminated,Eliminated,Eliminated,Eliminated,Eliminated,Eliminated,Eliminated
Jason Mraz,Daniella Karagach,Singer/Rapper,Virginia,United States,46,32,2nd Place,2,7.0,7.0,7.0,,8.0,8.0,8.0,,9.0,8.0,9.0,8.0,8.0,8.0,8.0,,9.0,9.0,9.0,,9.75,9.75,9.75,9.75,8.5,8.5,10.0,9.0,8.0,9.0,8.0,8.0,10.75,10.75,10.75,10.75,9.5,9.5,9.5,,10.0,10.0,10.0,,21.0,24.0,34.0,24.0,27.0,39.0,36.0,33.0,43.0,28.5,30.0,2.0,1.0,1.0,3.0,3.0,3.0,3.0,5.0,1.0,4.0,1.0
Lele Pons,Brandon Armstrong,Social Media Personality,,Venezuela,27,32,Eliminated Week 7,8,6.0,7.0,6.0,,7.0,7.0,7.0,,7.0,6.0,7.0,7.0,7.0,7.0,8.0,,8.0,8.0,8.0,,9.0,9.0,9.0,10.0,9.5,9.0,9.0,9.0,0.0,0.0,0.0,0.0,0.0,0.0,0.0,0.0,0.0,0.0,0.0,,0.0,0.0,0.0,,19.0,21.0,27.0,22.0,24.0,37.0,0.0,0.0,0.0,0.0,0.0,4.0,3.0,5.0,5.0,4.0,5.0,Eliminated,Eliminated,Eliminated,Eliminated,Eliminated
Harry Jowsey,Rylee Arnold,TV Personality,,Australia,26,32,Eliminated Week 9,6,4.0,4.0,4.0,,5.0,5.0,5.0,,6.0,5.0,7.0,6.0,7.0,7.0,7.0,,6.0,6.0,6.0,,7.25,7.25,7.25,7.25,8.0,8.0,8.0,8.0,7.0,7.0,7.0,7.0,8.0,7.0,8.0,7.0,0.0,0.0,0.0,,0.0,0.0,0.0,,12.0,15.0,24.0,21.0,18.0,29.0,32.0,28.0,0.0,0.0,0.0,12.0,9.0,8.0,6.0,9.0,8.0,7.0,6.0,Eliminated,Eliminated,Eliminated
Mauricio Umansky,Emma Slater,TV Personality,,Mexico,53,32,Eliminated Week 6,9,5.0,5.0,5.0,,4.0,4.0,4.0,,7.0,5.0,6.0,5.0,7.0,6.0,6.0,,8.0,8.0,8.0,,8.5,8.5,7.5,8.5,0.0,0.0,0.0,0.0,0.0,0.0,0.0,0.0,0.0,0.0,0.0,0.0,0.0,0.0,0.0,,0.0,0.0,0.0,,15.0,12.0,23.0,19.0,24.0,0.0,0.0,0.0,0.0,0.0,0.0,9.0,12.0,10.0,8.0,4.0,Eliminated,Eliminated,Eliminated,Eliminated,Eliminated,Eliminated
Charity Lawson,Artem Chigvintsev,TV Personality,Georgia,United States,27,32,4th Place,4,7.0,7.0,8.0,,7.0,7.0,7.0,,8.0,8.0,8.0,8.0,8.0,8.0,8.0,,10.0,9.0,9.0,,9.75,9.75,8.75,9.75,9.0,9.0,9.0,9.0,9.75,9.75,9.75,9.75,9.0,10.0,9.0,10.0,10.0,9.5,10.0,,9.5,10.0,10.0,,22.0,21.0,32.0,24.0,28.0,38.0,36.0,39.0,38.0,29.5,29.5,1.0,3.0,3.0,3.0,1.0,4.0,3.0,3.0,3.0,2.0,3.0
Ariana Madix,Pasha Pashkov,TV Personality,Florida,United States,38,32,3rd Place,3,7.0,7.0,7.0,,6.0,7.0,7.0,,9.0,8.0,9.0,8.0,8.0,9.0,8.0,,8.0,8.0,8.0,,10.0,10.0,10.0,11.0,9.0,9.0,10.0,9.0,9.75,10.75,10.75,10.75,9.0,9.0,9.0,10.0,9.5,9.5,10.0,,9.5,10.0,10.0,,21.0,20.0,34.0,25.0,24.0,41.0,37.0,42.0,37.0,29.0,29.5,2.0,5.0,1.0,2.0,4.0,2.0,1.0,1.0,4.0,3.0,3.0
Tori Spelling,Pasha Pashkov,Actor/Actress,California,United States,51,33,Eliminated Week 2,12,6.0,6.0,5.0,,7.0,6.0,6.0,,0.0,0.0,0.0,0.0,0.0,0.0,0.0,0.0,0.0,0.0,0.0,,0.0,0.0,0.0,,0.0,0.0,0.0,,0.0,0.0,0.0,,0.0,0.0,0.0,,,,,,,,,,17.0,0.0,0.0,0.0,0.0,0.0,0.0,0.0,0.0,,,11.0,Eliminated,Eliminated,Eliminated,Eliminated,Eliminated,Eliminated,Eliminated,Eliminated,,
Eric Roberts,Britt Stewart,Actor/Actress,California,United States,68,33,Eliminated Week 3,10,5.0,5.0,5.0,,6.0,4.0,5.0,,6.5,5.5,5.5,5.5,0.0,0.0,0.0,0.0,0.0,0.0,0.0,,0.0,0.0,0.0,,0.0,0.0,0.0,,0.0,0.0,0.0,,0.0,0.0,0.0,,,,,,,,,,15.0,15.0,0.0,0.0,0.0,0.0,0.0,0.0,0.0,,,13.0,10.0,Eliminated,Eliminated,Eliminated,Eliminated,Eliminated,Eliminated,Eliminated,,
Reginald VelJohnson,Emma Slater,Actor/Actress,New York,United States,74,33,Eliminated Week 3,10,6.0,5.0,5.0,,6.0,4.0,5.0,,6.0,5.0,5.0,5.0,0.0,0.0,0.0,0.0,0.0,0.0,0.0,,0.0,0.0,0.0,,0.0,0.0,0.0,,0.0,0.0,0.0,,0.0,0.0,0.0,,,,,,,,,,16.0,15.0,0.0,0.0,0.0,0.0,0.0,0.0,0.0,,,12.0,10.0,Eliminated,Eliminated,Eliminated,Eliminated,Eliminated,Eliminated,Eliminated,,
Chandler Kinney,Brandon Armstrong,Actor/Actress,California,United States,24,33,3rd Place,3,8.0,7.0,8.0,,8.0,8.0,8.0,,8.5,8.5,9.0,8.5,8.0,8.0,8.0,8.0,9.0,9.0,9.0,,10.0,11.0,11.0,,10.0,10.0,10.0,,9.5,9.5,10.0,,10.0,10.0,10.0,,,,,,,,,,23.0,24.0,34.5,32.0,27.0,32.0,30.0,29.0,30.0,,,1.0,1.0,2.0,4.0,1.0,1.0,1.0,1.0,1.0,,
Dwight Howard ,Daniella Karagach,Athlete,Georgia,United States,38,33,Eliminated Week 7,6,8.0,7.0,7.0,,8.0,7.0,7.0,,7.0,6.5,6.0,6.5,7.0,8.0,7.0,7.0,8.0,8.0,8.0,,11.0,10.0,10.0,,8.0,8.0,8.0,,0.0,0.0,0.0,,0.0,0.0,0.0,,,,,,,,,,22.0,22.0,26.0,29.0,24.0,31.0,0.0,0.0,0.0,,,2.0,2.0,9.0,8.0,6.0,3.0,Eliminated,Eliminated,Eliminated,,
Danny Amendola,Witney Carson,Athlete,Texas,United States,39,33,5th Place,5,7.0,6.0,7.0,,7.0,7.0,7.0,,7.5,7.5,8.0,7.0,9.0,9.0,9.0,9.0,8.5,8.5,8.5,,10.0,9.0,9.0,,8.5,8.5,8.5,,9.0,9.0,9.0,,9.0,9.5,9.5,,,,,,,,,,20.0,21.0,30.0,36.0,25.5,28.0,25.5,27.0,28.0,,,5.0,5.0,6.0,1.0,4.0,4.0,5.0,4.0,5.0,,
Stephen Nedoroscik,Rylee Arnold,Athlete,Florida,United States,26,33,4th Place,4,7.0,7.0,7.0,,8.0,7.0,7.0,,8.0,8.0,7.5,7.5,8.0,9.0,8.0,8.0,8.0,8.0,8.0,,10.0,9.0,9.0,,9.5,9.0,8.5,,9.0,8.5,9.0,,10.0,9.5,10.0,,,,,,,,,,21.0,22.0,31.0,33.0,24.0,28.0,27.0,26.5,29.5,,,3.0,2.0,3.0,3.0,6.0,4.0,3.0,5.0,2.0,,
Ilona Maher,Alan Bersten,Athlete,California,United States,28,33,2nd Place,2,6.0,6.0,6.0,,7.0,7.0,7.0,,7.5,7.0,7.0,6.5,8.0,8.0,8.0,8.0,9.0,8.5,8.5,,8.0,8.0,8.0,,9.0,8.5,8.5,,9.5,9.5,9.5,,9.5,9.5,9.5,,,,,,,,,,18.0,21.0,28.0,32.0,26.0,24.0,26.0,28.5,28.5,,,8.0,5.0,7.0,4.0,2.0,6.0,4.0,3.0,4.0,,
Anna Delvey,Ezra Sosa,Con artist,,Russia,33,33,Eliminated Week 2,12,6.0,6.0,6.0,,6.0,5.0,6.0,,0.0,0.0,0.0,0.0,0.0,0.0,0.0,0.0,0.0,0.0,0.0,,0.0,0.0,0.0,,0.0,0.0,0.0,,0.0,0.0,0.0,,0.0,0.0,0.0,,,,,,,,,,18.0,0.0,0.0,0.0,0.0,0.0,0.0,0.0,0.0,,,8.0,Eliminated,Eliminated,Eliminated,Eliminated,Eliminated,Eliminated,Eliminated,Eliminated,,
Brooks Nader,Gleb Savchenko,Model,New York,United States,27,33,Eliminated Week 4,9,6.0,6.0,6.0,,7.0,6.0,7.0,,7.5,7.5,8.0,7.5,8.0,8.0,8.0,8.0,0.0,0.0,0.0,,0.0,0.0,0.0,,0.0,0.0,0.0,,0.0,0.0,0.0,,0.0,0.0,0.0,,,,,,,,,,18.0,20.0,30.5,0.0,0.0,0.0,0.0,0.0,0.0,,,8.0,8.0,5.0,Eliminated,Eliminated,Eliminated,Eliminated,Eliminated,Eliminated,,
Phaedra Parks,Val Chmerkovskiy,TV Personality,Georgia,United States,51,33,Eliminated Week 5,8,7.0,6.0,6.0,,7.0,7.0,7.0,,7.5,7.5,6.0,7.0,8.0,8.0,8.0,8.0,8.0,8.0,8.0,,0.0,0.0,0.0,,0.0,0.0,0.0,,0.0,0.0,0.0,,0.0,0.0,0.0,,,,,,,,,,19.0,21.0,28.0,32.0,0.0,0.0,0.0,0.0,0.0,,,6.0,5.0,7.0,4.0,Eliminated,Eliminated,Eliminated,Eliminated,Eliminated,,
Jenn Tran,Sasha Farber,TV Personality,Florida,United States,26,33,Eliminated Week 6,7,7.0,6.0,6.0,,6.0,6.0,7.0,,8.0,8.0,7.0,8.0,8.0,8.0,8.0,8.0,8.5,8.5,8.5,,11.0,10.0,10.0,,0.0,0.0,0.0,,0.0,0.0,0.0,,0.0,0.0,0.0,,,,,,,,,,19.0,19.0,31.0,32.0,25.5,0.0,0.0,0.0,0.0,,,6.0,9.0,3.0,4.0,4.0,Eliminated,Eliminated,Eliminated,Eliminated,,
Joey Graziadei,Jenna Johnson,TV Personality,Louisiana,United States,29,33,1st Place,1,7.0,7.0,7.0,,8.0,7.0,7.0,,9.0,9.0,8.5,8.5,9.0,9.0,9.0,9.0,8.5,8.5,9.0,,11.0,10.0,11.0,,9.0,9.5,9.0,,9.5,10.0,9.5,,9.5,10.0,10.0,,,,,,,,,,21.0,22.0,35.0,36.0,26.0,32.0,27.5,29.0,29.5,,,3.0,2.0,1.0,1.0,2.0,1.0,2.0,1.0,2.0,,
Corey Feldman,Jenna Johnson,Actor/Actress,California,United States,54,34,Eliminated Week 2,13,4.0,5.0,,,5.0,5.0,5.0,,0.0,0.0,0.0,,0.0,0.0,0.0,,0.0,0.0,0.0,0.0,0.0,0.0,0.0,0.0,0.0,0.0,0.0,0.0,0.0,0.0,0.0,0.0,0.0,0.0,0.0,0.0,0.0,0.0,0.0,,0.0,0.0,0.0,,9.0,0.0,0.0,0.0,0.0,0.0,0.0,0.0,0.0,0.0,0.0,13.0,Eliminated,Eliminated,Eliminated,Eliminated,Eliminated,Eliminated,Eliminated,Eliminated,Eliminated,Eliminated
Danielle Fishel,Pasha Pashkov,Actor/Actress,California,United States,44,34,Eliminated Week 8,8,6.0,6.0,,,7.0,6.0,6.0,,7.0,7.0,7.0,,7.0,7.0,7.0,,7.0,7.0,7.0,8.0,9.0,9.0,9.0,9.0,8.5,8.5,8.5,9.5,9.5,9.0,9.5,9.0,0.0,0.0,0.0,0.0,0.0,0.0,0.0,,0.0,0.0,0.0,,12.0,19.0,21.0,21.0,29.0,36.0,35.0,0.0,0.0,0.0,0.0,6.0,10.0,8.0,8.0,8.0,3.0,6.0,Eliminated,Eliminated,Eliminated,Eliminated
Elaine Hendrix,Alan Bersten (Rashad Jennings week 9),Actor/Actress,Georgia,United States,55,34,5th Place,5,6.0,6.0,,,7.0,7.0,7.0,,7.0,7.0,7.0,,8.0,8.0,8.0,,8.0,7.0,7.0,8.0,9.0,9.0,9.0,9.0,8.0,8.0,8.0,8.0,9.0,9.5,10.0,9.0,9.0,9.0,9.0,9.0,9.5,9.5,9.5,,9.6666,9.6666,9.6666,,12.0,21.0,21.0,24.0,30.0,36.0,32.0,37.5,36.0,28.5,28.9998,6.0,5.0,8.0,2.0,6.0,3.0,7.0,6.0,6.0,3.0,5.0
Baron Davis,Britt Stewart,Athlete,California,United States,46,34,Eliminated Week 2,13,5.0,5.0,,,6.0,6.0,6.0,,0.0,0.0,0.0,,0.0,0.0,0.0,,0.0,0.0,0.0,0.0,0.0,0.0,0.0,0.0,0.0,0.0,0.0,0.0,0.0,0.0,0.0,0.0,0.0,0.0,0.0,0.0,0.0,0.0,0.0,,0.0,0.0,0.0,,10.0,0.0,0.0,0.0,0.0,0.0,0.0,0.0,0.0,0.0,0.0,9.0,Eliminated,Eliminated,Eliminated,Eliminated,Eliminated,Eliminated,Eliminated,Eliminated,Eliminated,Eliminated
Jordan Chiles,Ezra Sosa (Apolo Anton Ohno week 9),Athlete,Texas,United States,24,34,3rd Place,3,5.0,5.0,,,8.0,7.0,7.0,,8.0,8.0,8.0,,8.0,8.0,8.0,,8.0,8.0,8.0,8.0,10.0,9.0,10.0,10.0,10.0,9.0,9.0,10.0,10.0,9.5,10.0,9.5,9.5,10.5,9.5,9.5,9.5,9.5,9.5,,9.6666,10.0,10.0,,10.0,22.0,24.0,24.0,32.0,39.0,38.0,39.0,39.0,28.5,29.666600000000003,9.0,1.0,1.0,2.0,5.0,1.0,4.0,2.0,5.0,3.0,2.0
Andy Richter,Emma Slater/Kaitlyn Bristowe (week 9),Comedian,California,United States,59,34,Eliminated Week 9,7,5.0,4.0,,,6.0,5.0,5.0,,6.0,6.0,6.0,,6.0,6.0,6.0,,6.0,6.0,6.0,6.0,7.0,6.0,7.0,7.0,7.25,7.25,7.25,7.25,8.0,8.5,9.5,8.0,8.0,7.0,7.0,7.0,0.0,0.0,0.0,,0.0,0.0,0.0,,9.0,16.0,18.0,18.0,24.0,27.0,29.0,34.0,0.0,0.0,0.0,13.0,12.0,11.0,10.0,10.0,9.0,8.0,7.0,Eliminated,Eliminated,Eliminated
Robert Irwin,Witney Carson (Xoshitl Gomez week 9),Conservationist,,Australia,22,34,1st Place,1,8.0,7.0,,,8.0,7.0,7.0,,8.0,7.0,7.0,,7.0,7.0,8.0,,8.0,9.0,9.0,9.0,9.0,9.0,9.0,9.0,10.75,9.75,9.75,10.75,9.0,9.5,10.0,9.5,10.5,10.5,10.5,10.5,10.0,9.5,10.0,,9.6666,10.0,10.0,,15.0,22.0,22.0,22.0,35.0,36.0,41.0,38.0,42.0,29.5,29.666600000000003,1.0,1.0,5.0,7.0,2.0,3.0,3.0,4.0,1.0,1.0,2.0
Hilaria Baldwin,Gleb Savchenko,Entrepreneur,New York,United States,41,34,Eliminated Week 4,11,7.0,7.0,,,7.0,7.0,7.0,,7.0,8.0,7.0,,8.0,7.0,8.0,,0.0,0.0,0.0,0.0,0.0,0.0,0.0,0.0,0.0,0.0,0.0,0.0,0.0,0.0,0.0,0.0,0.0,0.0,0.0,0.0,0.0,0.0,0.0,,0.0,0.0,0.0,,14.0,21.0,22.0,0.0,0.0,0.0,0.0,0.0,0.0,0.0,0.0,3.0,5.0,5.0,Eliminated,Eliminated,Eliminated,Eliminated,Eliminated,Eliminated,Eliminated,Eliminated
Lauren Jauregui,Brandon Armstrong,Singer/Rapper,Florida,United States,29,34,Eliminated Week 3,12,7.0,6.0,,,7.0,7.0,7.0,,6.0,6.0,6.0,,0.0,0.0,0.0,,0.0,0.0,0.0,0.0,0.0,0.0,0.0,0.0,0.0,0.0,0.0,0.0,0.0,0.0,0.0,0.0,0.0,0.0,0.0,0.0,0.0,0.0,0.0,,0.0,0.0,0.0,,13.0,21.0,0.0,0.0,0.0,0.0,0.0,0.0,0.0,0.0,0.0,4.0,5.0,Eliminated,Eliminated,Eliminated,Eliminated,Eliminated,Eliminated,Eliminated,Eliminated,Eliminated
Scott Hoying,Rylee Arnold,Singer/Rapper,California,United States,34,34,Eliminated Week 6,10,5.0,5.0,,,6.0,6.0,6.0,,8.0,7.0,7.0,,7.0,7.0,7.0,,7.0,8.0,7.0,8.0,7.0,7.0,7.0,7.0,0.0,0.0,0.0,0.0,0.0,0.0,0.0,0.0,0.0,0.0,0.0,0.0,0.0,0.0,0.0,,0.0,0.0,0.0,,10.0,18.0,22.0,21.0,30.0,0.0,0.0,0.0,0.0,0.0,0.0,9.0,11.0,5.0,8.0,6.0,Eliminated,Eliminated,Eliminated,Eliminated,Eliminated,Eliminated
Alix Earle,Val Chmerkovskiy (Joey Graziadei week 9),Social media personality,Florida,United States,24,34,2nd Place,2,7.0,6.0,,,7.0,7.0,7.0,,8.0,7.0,8.0,,8.0,8.0,8.0,,8.0,9.0,9.0,9.0,9.0,9.0,8.0,9.0,11.0,11.0,10.0,11.0,9.5,10.0,9.5,9.5,10.0,10.0,10.0,10.0,9.5,10.0,9.5,,10.0,10.0,10.0,,13.0,21.0,23.0,24.0,35.0,35.0,43.0,38.5,40.0,29.0,30.0,4.0,5.0,3.0,2.0,2.0,6.0,1.0,3.0,4.0,2.0,1.0
Jen Affleck,Jan Ravnik,TV Personality,Utah,United States,26,34,Eliminated Week 7,9,6.0,6.0,,,8.0,7.0,7.0,,7.0,6.0,6.0,,7.0,8.0,8.0,,8.0,7.0,7.0,7.0,8.0,8.0,8.0,8.0,8.5,8.5,8.5,8.5,0.0,0.0,0.0,0.0,0.0,0.0,0.0,0.0,0.0,0.0,0.0,,0.0,0.0,0.0,,12.0,22.0,19.0,23.0,29.0,32.0,0.0,0.0,0.0,0.0,0.0,6.0,1.0,10.0,5.0,8.0,7.0,Eliminated,Eliminated,Eliminated,Eliminated,Eliminated
Whitney Leavitt,Mark Ballas,TV Personality,Utah,United States,32,34,Eliminated Week 10,6,7.0,8.0,,,7.0,7.0,8.0,,8.0,8.0,8.0,,9.0,8.0,8.0,,9.0,8.0,8.0,8.0,10.0,9.0,10.0,10.0,10.25,10.25,10.25,11.25,9.5,10.0,10.0,10.0,10.5,10.5,10.5,10.5,9.0,10.0,10.0,,0.0,0.0,0.0,,15.0,22.0,24.0,25.0,33.0,39.0,42.0,39.5,42.0,0.0,0.0,1.0,1.0,1.0,1.0,4.0,1.0,2.0,1.0,1.0,Eliminated,Eliminated
Dylan Efron,Daniella Karagach (Rumer Willis week 9),TV Personality,California,United States,33,34,4th Place,4,5.0,5.0,,,7.0,6.0,7.0,,7.0,8.0,8.0,,7.0,8.0,8.0,,9.0,9.0,9.0,9.0,8.0,8.0,8.0,8.0,9.75,9.75,8.75,9.75,9.0,9.5,10.0,9.5,10.5,10.5,10.5,10.5,9.0,9.0,9.5,,9.6666,9.6666,10.0,,10.0,20.0,23.0,23.0,36.0,32.0,38.0,38.0,42.0,27.5,29.3332,9.0,9.0,3.0,5.0,1.0,7.0,4.0,4.0,1.0,5.0,4.0
