season,week,celebrity_name,ballroom_partner,partner_total_seasons,partner_avg_placement,partner_final_rate,celebrity_industry,celebrity_homestate,celebrity_homecountry/region,celebrity_age_during_season,age_group,results,placement,week_total_judge,season_total_weeks,weekly_contestant_count,judge_pct,rank_pct,popularity_deviation,cumulative_weeks,relative_cumulative_weeks,survival_advantage,weekly_judge_rank,weekly_judge_rank_pct
1,1,Evander Holyfield,Edyta Sliwinska,11,7.545454545454546,0.18181818181818182,Athlete,Alabama,United States,42,35-44,Eliminated Week 3,5,18.0,6,6,0.9,0.5,-0.4,1,0.16666666666666666,0.0,4,0.6666666666666666
1,2,Evander Holyfield,Edyta Sliwinska,11,7.545454545454546,0.18181818181818182,Athlete,Alabama,United States,42,35-44,Eliminated Week 3,5,14.0,6,6,0.5384615384615384,0.16666666666666663,-0.3717948717948718,2,0.3333333333333333,0.0,6,1.0
1,3,Evander Holyfield,Edyta Sliwinska,11,7.545454545454546,0.18181818181818182,Athlete,Alabama,United States,42,35-44,Eliminated Week 3,5,13.0,6,5,0.5,0.19999999999999996,-0.30000000000000004,3,0.5,0.0,5,1.0
1,1,Joey McIntyre,Ashly DelGrosso,4,7.25,0.25,Singer/Rapper,Massachusetts,United States,32,25-34,3rd Place,3,20.0,6,6,1.0,1.0,0.0,1,0.16666666666666666,0.0,1,0.16666666666666666
1,2,Joey McIntyre,Ashly DelGrosso,4,7.25,0.25,Singer/Rapper,Massachusetts,United States,32,25-34,3rd Place,3,21.0,6,6,0.8076923076923077,0.6666666666666667,-0.14102564102564097,2,0.3333333333333333,0.0,3,0.5
1,3,Joey McIntyre,Ashly DelGrosso,4,7.25,0.25,Singer/Rapper,Massachusetts,United States,32,25-34,3rd Place,3,22.0,6,5,0.8461538461538461,0.6,-0.24615384615384617,3,0.5,0.0,3,0.6
1,4,Joey McIntyre,Ashly DelGrosso,4,7.25,0.25,Singer/Rapper,Massachusetts,United States,32,25-34,3rd Place,3,20.0,6,4,0.7692307692307693,0.25,-0.5192307692307693,4,0.6666666666666666,0.0,4,1.0
1,5,Joey McIntyre,Ashly DelGrosso,4,7.25,0.25,Singer/Rapper,Massachusetts,United States,32,25-34,3rd Place,3,22.5,6,3,0.8333333333333334,0.33333333333333337,-0.5,5,0.8333333333333334,0.0,3,1.0
1,6,Joey McIntyre,Ashly DelGrosso,4,7.25,0.25,Singer/Rapper,Massachusetts,United States,32,25-34,3rd Place,3,0.0,6,3,0.0,0.33333333333333337,0.33333333333333337,6,1.0,0.0,3,1.0
1,1,John O'Hurley,Charlotte Jorgensen,1,2.0,1.0,Actor/Actress,Maine,United States,50,45-54,2nd Place,2,20.0,6,6,1.0,1.0,0.0,1,0.16666666666666666,0.0,1,0.16666666666666666
1,2,John O'Hurley,Charlotte Jorgensen,1,2.0,1.0,Actor/Actress,Maine,United States,50,45-54,2nd Place,2,26.0,6,6,1.0,1.0,0.0,2,0.3333333333333333,0.0,1,0.16666666666666666
1,3,John O'Hurley,Charlotte Jorgensen,1,2.0,1.0,Actor/Actress,Maine,United States,50,45-54,2nd Place,2,24.0,6,5,0.9230769230769231,0.8,-0.12307692307692308,3,0.5,0.0,2,0.4
1,4,John O'Hurley,Charlotte Jorgensen,1,2.0,1.0,Actor/Actress,Maine,United States,50,45-54,2nd Place,2,21.0,6,4,0.8076923076923077,0.5,-0.3076923076923077,4,0.6666666666666666,0.0,3,0.75
1,5,John O'Hurley,Charlotte Jorgensen,1,2.0,1.0,Actor/Actress,Maine,United States,50,45-54,2nd Place,2,27.0,6,3,1.0,1.0,0.0,5,0.8333333333333334,0.0,1,0.3333333333333333
1,6,John O'Hurley,Charlotte Jorgensen,1,2.0,1.0,Actor/Actress,Maine,United States,50,45-54,2nd Place,2,27.0,6,3,0.9818181818181818,0.6666666666666667,-0.31515151515151507,6,1.0,0.0,2,0.6666666666666666
1,1,Kelly Monaco,Alec Mazo,5,8.4,0.2,Actor/Actress,Pennsylvania,United States,29,25-34,1st Place,1,13.0,6,6,0.65,0.16666666666666663,-0.4833333333333334,1,0.16666666666666666,0.0,6,1.0
1,2,Kelly Monaco,Alec Mazo,5,8.4,0.2,Actor/Actress,Pennsylvania,United States,29,25-34,1st Place,1,17.0,6,6,0.6538461538461539,0.33333333333333337,-0.3205128205128205,2,0.3333333333333333,0.0,5,0.8333333333333334
1,3,Kelly Monaco,Alec Mazo,5,8.4,0.2,Actor/Actress,Pennsylvania,United States,29,25-34,1st Place,1,21.0,6,5,0.8076923076923077,0.4,-0.4076923076923077,3,0.5,0.0,4,0.8
1,4,Kelly Monaco,Alec Mazo,5,8.4,0.2,Actor/Actress,Pennsylvania,United States,29,25-34,1st Place,1,26.0,6,4,1.0,1.0,0.0,4,0.6666666666666666,0.0,1,0.25
1,5,Kelly Monaco,Alec Mazo,5,8.4,0.2,Actor/Actress,Pennsylvania,United States,29,25-34,1st Place,1,23.5,6,3,0.8703703703703703,0.6666666666666667,-0.2037037037037036,5,0.8333333333333334,0.0,2,0.6666666666666666
1,6,Kelly Monaco,Alec Mazo,5,8.4,0.2,Actor/Actress,Pennsylvania,United States,29,25-34,1st Place,1,27.5,6,3,1.0,1.0,0.0,6,1.0,0.0,1,0.3333333333333333
1,1,Rachel Hunter,Jonathan Roberts,7,8.714285714285714,0.14285714285714285,Model,Unknown,New Zealand,35,35-44,Eliminated Week 4,4,20.0,6,6,1.0,1.0,0.0,1,0.16666666666666666,0.0,1,0.16666666666666666
1,2,Rachel Hunter,Jonathan Roberts,7,8.714285714285714,0.14285714285714285,Model,Unknown,New Zealand,35,35-44,Eliminated Week 4,4,24.0,6,6,0.9230769230769231,0.8333333333333334,-0.08974358974358976,2,0.3333333333333333,0.0,2,0.3333333333333333
1,3,Rachel Hunter,Jonathan Roberts,7,8.714285714285714,0.14285714285714285,Model,Unknown,New Zealand,35,35-44,Eliminated Week 4,4,26.0,6,5,1.0,1.0,0.0,3,0.5,0.0,1,0.2
1,4,Rachel Hunter,Jonathan Roberts,7,8.714285714285714,0.14285714285714285,Model,Unknown,New Zealand,35,35-44,Eliminated Week 4,4,25.0,6,4,0.9615384615384616,0.75,-0.21153846153846156,4,0.6666666666666666,0.0,2,0.5
1,1,Trista Sutter,Louis van Amstel,11,7.0,0.09090909090909091,TV Personality,Indiana,United States,32,25-34,Eliminated Week 2,6,18.0,6,6,0.9,0.5,-0.4,1,0.16666666666666666,0.0,4,0.6666666666666666
1,2,Trista Sutter,Louis van Amstel,11,7.0,0.09090909090909091,TV Personality,Indiana,United States,32,25-34,Eliminated Week 2,6,19.0,6,6,0.7307692307692307,0.5,-0.23076923076923073,2,0.3333333333333333,0.0,4,0.6666666666666666
2,1,Drew Lachey,Cheryl Burke,25,5.8,0.32,Singer/Rapper,Ohio,United States,29,25-34,1st Place,1,24.0,8,10,1.0,1.0,0.0,1,0.125,0.0,1,0.1
2,2,Drew Lachey,Cheryl Burke,25,5.8,0.32,Singer/Rapper,Ohio,United States,29,25-34,1st Place,1,27.0,8,9,0.9310344827586207,0.8888888888888888,-0.04214559386973182,2,0.25,0.0,2,0.2222222222222222
2,3,Drew Lachey,Cheryl Burke,25,5.8,0.32,Singer/Rapper,Ohio,United States,29,25-34,1st Place,1,27.0,8,8,1.0,1.0,0.0,3,0.375,0.0,1,0.125
2,4,Drew Lachey,Cheryl Burke,25,5.8,0.32,Singer/Rapper,Ohio,United States,29,25-34,1st Place,1,28.0,8,7,1.0,1.0,0.0,4,0.5,0.0,1,0.14285714285714285
2,5,Drew Lachey,Cheryl Burke,25,5.8,0.32,Singer/Rapper,Ohio,United States,29,25-34,1st Place,1,27.0,8,6,0.9,0.8333333333333334,-0.06666666666666665,5,0.625,0.0,2,0.3333333333333333
2,6,Drew Lachey,Cheryl Burke,25,5.8,0.32,Singer/Rapper,Ohio,United States,29,25-34,1st Place,1,30.0,8,5,1.0,1.0,0.0,6,0.75,0.0,1,0.2
2,7,Drew Lachey,Cheryl Burke,25,5.8,0.32,Singer/Rapper,Ohio,United States,29,25-34,1st Place,1,27.5,8,4,1.0,1.0,0.0,7,0.875,0.0,1,0.25
2,8,Drew Lachey,Cheryl Burke,25,5.8,0.32,Singer/Rapper,Ohio,United States,29,25-34,1st Place,1,28.9998,8,3,1.0,1.0,0.0,8,1.0,0.0,1,0.3333333333333333
2,1,George Hamilton,Edyta Sliwinska,11,7.545454545454546,0.18181818181818182,Actor/Actress,Tennessee,United States,66,65+,Eliminated Week 6,5,18.0,8,10,0.75,0.30000000000000004,-0.44999999999999996,1,0.125,0.0,8,0.8
2,2,George Hamilton,Edyta Sliwinska,11,7.545454545454546,0.18181818181818182,Actor/Actress,Tennessee,United States,66,65+,Eliminated Week 6,5,22.0,8,9,0.7586206896551724,0.5555555555555556,-0.2030651340996168,2,0.25,0.0,5,0.5555555555555556
2,3,George Hamilton,Edyta Sliwinska,11,7.545454545454546,0.18181818181818182,Actor/Actress,Tennessee,United States,66,65+,Eliminated Week 6,5,22.0,8,8,0.8148148148148148,0.5,-0.31481481481481477,3,0.375,0.0,5,0.625
2,4,George Hamilton,Edyta Sliwinska,11,7.545454545454546,0.18181818181818182,Actor/Actress,Tennessee,United States,66,65+,Eliminated Week 6,5,21.0,8,7,0.75,0.2857142857142857,-0.4642857142857143,4,0.5,0.0,6,0.8571428571428571
2,5,George Hamilton,Edyta Sliwinska,11,7.545454545454546,0.18181818181818182,Actor/Actress,Tennessee,United States,66,65+,Eliminated Week 6,5,24.0,8,6,0.8,0.5,-0.30000000000000004,5,0.625,0.0,4,0.6666666666666666
2,6,George Hamilton,Edyta Sliwinska,11,7.545454545454546,0.18181818181818182,Actor/Actress,Tennessee,United States,66,65+,Eliminated Week 6,5,23.0,8,5,0.7666666666666667,0.4,-0.3666666666666667,6,0.75,0.0,4,0.8
2,1,Giselle Fernandez,Jonathan Roberts,7,8.714285714285714,0.14285714285714285,News Anchor,Unknown,Mexico,44,35-44,Eliminated Week 3,8,23.0,8,10,0.9583333333333334,0.9,-0.05833333333333335,1,0.125,0.0,2,0.2
2,2,Giselle Fernandez,Jonathan Roberts,7,8.714285714285714,0.14285714285714285,News Anchor,Unknown,Mexico,44,35-44,Eliminated Week 3,8,24.0,8,9,0.8275862068965517,0.7777777777777778,-0.04980842911877392,2,0.25,0.0,3,0.3333333333333333
2,3,Giselle Fernandez,Jonathan Roberts,7,8.714285714285714,0.14285714285714285,News Anchor,Unknown,Mexico,44,35-44,Eliminated Week 3,8,22.0,8,8,0.8148148148148148,0.5,-0.31481481481481477,3,0.375,0.0,5,0.625
2,1,Jerry Rice,Anna Trebunskaya,11,8.181818181818182,0.18181818181818182,Athlete,Mississippi,United States,43,35-44,2nd Place,2,21.0,8,10,0.875,0.6,-0.275,1,0.125,0.0,5,0.5
2,2,Jerry Rice,Anna Trebunskaya,11,8.181818181818182,0.18181818181818182,Athlete,Mississippi,United States,43,35-44,2nd Place,2,23.0,8,9,0.7931034482758621,0.6666666666666667,-0.12643678160919536,2,0.25,0.0,4,0.4444444444444444
2,3,Jerry Rice,Anna Trebunskaya,11,8.181818181818182,0.18181818181818182,Athlete,Mississippi,United States,43,35-44,2nd Place,2,19.0,8,8,0.7037037037037037,0.25,-0.4537037037037037,3,0.375,0.0,7,0.875
2,4,Jerry Rice,Anna Trebunskaya,11,8.181818181818182,0.18181818181818182,Athlete,Mississippi,United States,43,35-44,2nd Place,2,24.0,8,7,0.8571428571428571,0.4285714285714286,-0.4285714285714285,4,0.5,0.0,5,0.7142857142857143
2,5,Jerry Rice,Anna Trebunskaya,11,8.181818181818182,0.18181818181818182,Athlete,Mississippi,United States,43,35-44,2nd Place,2,23.0,8,6,0.7666666666666667,0.33333333333333337,-0.43333333333333335,5,0.625,0.0,5,0.8333333333333334
2,6,Jerry Rice,Anna Trebunskaya,11,8.181818181818182,0.18181818181818182,Athlete,Mississippi,United States,43,35-44,2nd Place,2,23.0,8,5,0.7666666666666667,0.4,-0.3666666666666667,6,0.75,0.0,4,0.8
2,7,Jerry Rice,Anna Trebunskaya,11,8.181818181818182,0.18181818181818182,Athlete,Mississippi,United States,43,35-44,2nd Place,2,20.5,8,4,0.7454545454545455,0.25,-0.4954545454545455,7,0.875,0.0,4,1.0
2,8,Jerry Rice,Anna Trebunskaya,11,8.181818181818182,0.18181818181818182,Athlete,Mississippi,United States,43,35-44,2nd Place,2,26.666600000000003,8,3,0.9195442727191223,0.33333333333333337,-0.5862109393857889,8,1.0,0.0,3,1.0
2,1,Kenny Mayne,Andrea Hale,1,10.0,0.0,Sports Broadcaster,Washington,United States,46,45-54,Eliminated Week 1,10,13.0,8,10,0.5416666666666666,0.19999999999999996,-0.3416666666666667,1,0.125,0.0,9,0.9
2,1,Lisa Rinna,Louis van Amstel,11,7.0,0.09090909090909091,Actor/Actress,California,United States,42,35-44,Eliminated Week 7,4,19.0,8,10,0.7916666666666666,0.4,-0.3916666666666666,1,0.125,0.0,7,0.7
2,2,Lisa Rinna,Louis van Amstel,11,7.0,0.09090909090909091,Actor/Actress,California,United States,42,35-44,Eliminated Week 7,4,20.0,8,9,0.6896551724137931,0.33333333333333337,-0.3563218390804598,2,0.25,0.0,7,0.7777777777777778
2,3,Lisa Rinna,Louis van Amstel,11,7.0,0.09090909090909091,Actor/Actress,California,United States,42,35-44,Eliminated Week 7,4,25.0,8,8,0.9259259259259259,0.625,-0.30092592592592593,3,0.375,0.0,4,0.5
2,4,Lisa Rinna,Louis van Amstel,11,7.0,0.09090909090909091,Actor/Actress,California,United States,42,35-44,Eliminated Week 7,4,26.0,8,7,0.9285714285714286,0.8571428571428572,-0.0714285714285714,4,0.5,0.0,2,0.2857142857142857
2,5,Lisa Rinna,Louis van Amstel,11,7.0,0.09090909090909091,Actor/Actress,California,United States,42,35-44,Eliminated Week 7,4,25.0,8,6,0.8333333333333334,0.6666666666666667,-0.16666666666666663,5,0.625,0.0,3,0.5
2,6,Lisa Rinna,Louis van Amstel,11,7.0,0.09090909090909091,Actor/Actress,California,United States,42,35-44,Eliminated Week 7,4,27.0,8,5,0.9,0.6,-0.30000000000000004,6,0.75,0.0,3,0.6
2,7,Lisa Rinna,Louis van Amstel,11,7.0,0.09090909090909091,Actor/Actress,California,United States,42,35-44,Eliminated Week 7,4,26.5,8,4,0.9636363636363636,0.5,-0.4636363636363636,7,0.875,0.0,3,0.75
2,1,Master P,Ashly DelGrosso,4,7.25,0.25,Singer/Rapper,Louisiana,United States,35,35-44,Eliminated Week 4,7,12.0,8,10,0.5,0.09999999999999998,-0.4,1,0.125,0.0,10,1.0
2,2,Master P,Ashly DelGrosso,4,7.25,0.25,Singer/Rapper,Louisiana,United States,35,35-44,Eliminated Week 4,7,16.0,8,9,0.5517241379310345,0.11111111111111116,-0.4406130268199233,2,0.25,0.0,9,1.0
2,3,Master P,Ashly DelGrosso,4,7.25,0.25,Singer/Rapper,Louisiana,United States,35,35-44,Eliminated Week 4,7,14.0,8,8,0.5185185185185185,0.125,-0.3935185185185185,3,0.375,0.0,8,1.0
2,4,Master P,Ashly DelGrosso,4,7.25,0.25,Singer/Rapper,Louisiana,United States,35,35-44,Eliminated Week 4,7,8.0,8,7,0.2857142857142857,0.1428571428571429,-0.1428571428571428,4,0.5,0.0,7,1.0
2,1,Stacy Keibler,Tony Dovolani,21,7.666666666666667,0.14285714285714285,Athlete,Maryland,United States,26,25-34,3rd Place,3,22.0,8,10,0.9166666666666666,0.7,-0.21666666666666667,1,0.125,0.0,4,0.4
2,2,Stacy Keibler,Tony Dovolani,21,7.666666666666667,0.14285714285714285,Athlete,Maryland,United States,26,25-34,3rd Place,3,29.0,8,9,1.0,1.0,0.0,2,0.25,0.0,1,0.1111111111111111
2,3,Stacy Keibler,Tony Dovolani,21,7.666666666666667,0.14285714285714285,Athlete,Maryland,United States,26,25-34,3rd Place,3,27.0,8,8,1.0,1.0,0.0,3,0.375,0.0,1,0.125
2,4,Stacy Keibler,Tony Dovolani,21,7.666666666666667,0.14285714285714285,Athlete,Maryland,United States,26,25-34,3rd Place,3,26.0,8,7,0.9285714285714286,0.8571428571428572,-0.0714285714285714,4,0.5,0.0,2,0.2857142857142857
2,5,Stacy Keibler,Tony Dovolani,21,7.666666666666667,0.14285714285714285,Athlete,Maryland,United States,26,25-34,3rd Place,3,30.0,8,6,1.0,1.0,0.0,5,0.625,0.0,1,0.16666666666666666
2,6,Stacy Keibler,Tony Dovolani,21,7.666666666666667,0.14285714285714285,Athlete,Maryland,United States,26,25-34,3rd Place,3,30.0,8,5,1.0,1.0,0.0,6,0.75,0.0,1,0.2
2,7,Stacy Keibler,Tony Dovolani,21,7.666666666666667,0.14285714285714285,Athlete,Maryland,United States,26,25-34,3rd Place,3,27.5,8,4,1.0,1.0,0.0,7,0.875,0.0,1,0.25
2,8,Stacy Keibler,Tony Dovolani,21,7.666666666666667,0.14285714285714285,Athlete,Maryland,United States,26,25-34,3rd Place,3,28.6665,8,3,0.9885068172883951,0.6666666666666667,-0.3218401506217283,8,1.0,0.0,2,0.6666666666666666
2,1,Tatum O'Neal,Nick Kosovich,2,8.5,0.0,Actor/Actress,California,United States,42,35-44,Eliminated Week 2,9,23.0,8,10,0.9583333333333334,0.9,-0.05833333333333335,1,0.125,0.0,2,0.2
2,2,Tatum O'Neal,Nick Kosovich,2,8.5,0.0,Actor/Actress,California,United States,42,35-44,Eliminated Week 2,9,17.0,8,9,0.5862068965517241,0.2222222222222222,-0.3639846743295019,2,0.25,0.0,8,0.8888888888888888
2,1,Tia Carrere,Maksim Chmerkoskiy,17,6.0,0.29411764705882354,Actor/Actress,Hawaii,United States,39,35-44,Eliminated Week 5,6,20.0,8,10,0.8333333333333334,0.5,-0.33333333333333337,1,0.125,0.0,6,0.6
2,2,Tia Carrere,Maksim Chmerkoskiy,17,6.0,0.29411764705882354,Actor/Actress,Hawaii,United States,39,35-44,Eliminated Week 5,6,22.0,8,9,0.7586206896551724,0.5555555555555556,-0.2030651340996168,2,0.25,0.0,5,0.5555555555555556
2,3,Tia Carrere,Maksim Chmerkoskiy,17,6.0,0.29411764705882354,Actor/Actress,Hawaii,United States,39,35-44,Eliminated Week 5,6,26.0,8,8,0.9629629629629629,0.75,-0.2129629629629629,3,0.375,0.0,3,0.375
2,4,Tia Carrere,Maksim Chmerkoskiy,17,6.0,0.29411764705882354,Actor/Actress,Hawaii,United States,39,35-44,Eliminated Week 5,6,25.0,8,7,0.8928571428571429,0.5714285714285714,-0.3214285714285715,4,0.5,0.0,4,0.5714285714285714
2,5,Tia Carrere,Maksim Chmerkoskiy,17,6.0,0.29411764705882354,Actor/Actress,Hawaii,United States,39,35-44,Eliminated Week 5,6,22.0,8,6,0.7333333333333333,0.16666666666666663,-0.5666666666666667,5,0.625,0.0,6,1.0
3,1,Emmitt Smith,Cheryl Burke,25,5.8,0.32,Athlete,Florida,United States,37,35-44,1st Place,1,24.0,10,11,0.9230769230769231,0.9090909090909091,-0.013986013986014068,1,0.1,0.0,2,0.18181818181818182
3,2,Emmitt Smith,Cheryl Burke,25,5.8,0.32,Athlete,Florida,United States,37,35-44,1st Place,1,24.0,10,10,0.8275862068965517,0.8,-0.027586206896551668,2,0.2,0.0,3,0.3
3,3,Emmitt Smith,Cheryl Burke,25,5.8,0.32,Athlete,Florida,United States,37,35-44,1st Place,1,19.0,10,9,0.7037037037037037,0.11111111111111116,-0.5925925925925926,3,0.3,0.0,9,1.0
3,4,Emmitt Smith,Cheryl Burke,25,5.8,0.32,Athlete,Florida,United States,37,35-44,1st Place,1,24.0,10,8,0.8275862068965517,0.625,-0.2025862068965517,4,0.4,0.0,4,0.5
3,5,Emmitt Smith,Cheryl Burke,25,5.8,0.32,Athlete,Florida,United States,37,35-44,1st Place,1,27.0,10,7,1.0,1.0,0.0,5,0.5,0.0,1,0.14285714285714285
3,6,Emmitt Smith,Cheryl Burke,25,5.8,0.32,Athlete,Florida,United States,37,35-44,1st Place,1,25.0,10,5,0.8928571428571429,0.8,-0.09285714285714286,6,0.6,0.0,2,0.4
3,7,Emmitt Smith,Cheryl Burke,25,5.8,0.32,Athlete,Florida,United States,37,35-44,1st Place,1,28.5,10,5,1.0,1.0,0.0,7,0.7,0.0,1,0.2
3,8,Emmitt Smith,Cheryl Burke,25,5.8,0.32,Athlete,Florida,United States,37,35-44,1st Place,1,27.0,10,4,0.9473684210526315,0.75,-0.19736842105263153,8,0.8,0.0,2,0.5
3,9,Emmitt Smith,Cheryl Burke,25,5.8,0.32,Athlete,Florida,United States,37,35-44,1st Place,1,29.5,10,3,1.0,1.0,0.0,9,0.9,0.0,1,0.3333333333333333
3,10,Emmitt Smith,Cheryl Burke,25,5.8,0.32,Athlete,Florida,United States,37,35-44,1st Place,1,29.666600000000003,10,3,1.0,1.0,0.0,10,1.0,0.0,1,0.3333333333333333
3,1,Harry Hamlin,Ashly DelGrosso,4,7.25,0.25,Actor/Actress,California,United States,54,45-54,Eliminated Week 3,9,17.0,10,11,0.6538461538461539,0.36363636363636365,-0.2902097902097902,1,0.1,0.0,8,0.7272727272727273
3,2,Harry Hamlin,Ashly DelGrosso,4,7.25,0.25,Actor/Actress,California,United States,54,45-54,Eliminated Week 3,9,21.0,10,10,0.7241379310344828,0.4,-0.32413793103448274,2,0.2,0.0,7,0.7
3,3,Harry Hamlin,Ashly DelGrosso,4,7.25,0.25,Actor/Actress,California,United States,54,45-54,Eliminated Week 3,9,22.0,10,9,0.8148148148148148,0.6666666666666667,-0.14814814814814803,3,0.3,0.0,4,0.4444444444444444
3,1,Jerry Springer,Kym Johnson,14,6.285714285714286,0.2857142857142857,TV Personality,Unknown,England,62,55-64,Eliminated Week 7,5,16.0,10,11,0.6153846153846154,0.2727272727272727,-0.3426573426573427,1,0.1,0.0,9,0.8181818181818182
3,2,Jerry Springer,Kym Johnson,14,6.285714285714286,0.2857142857142857,TV Personality,Unknown,England,62,55-64,Eliminated Week 7,5,19.0,10,10,0.6551724137931034,0.09999999999999998,-0.5551724137931034,2,0.2,0.0,10,1.0
3,3,Jerry Springer,Kym Johnson,14,6.285714285714286,0.2857142857142857,TV Personality,Unknown,England,62,55-64,Eliminated Week 7,5,21.0,10,9,0.7777777777777778,0.2222222222222222,-0.5555555555555556,3,0.3,0.0,8,0.8888888888888888
3,4,Jerry Springer,Kym Johnson,14,6.285714285714286,0.2857142857142857,TV Personality,Unknown,England,62,55-64,Eliminated Week 7,5,22.0,10,8,0.7586206896551724,0.25,-0.5086206896551724,4,0.4,0.0,7,0.875
3,5,Jerry Springer,Kym Johnson,14,6.285714285714286,0.2857142857142857,TV Personality,Unknown,England,62,55-64,Eliminated Week 7,5,24.0,10,7,0.8888888888888888,0.2857142857142857,-0.6031746031746031,5,0.5,0.0,6,0.8571428571428571
3,6,Jerry Springer,Kym Johnson,14,6.285714285714286,0.2857142857142857,TV Personality,Unknown,England,62,55-64,Eliminated Week 7,5,18.0,10,5,0.6428571428571429,0.19999999999999996,-0.44285714285714295,6,0.6,0.0,5,1.0
3,7,Jerry Springer,Kym Johnson,14,6.285714285714286,0.2857142857142857,TV Personality,Unknown,England,62,55-64,Eliminated Week 7,5,23.0,10,5,0.8070175438596491,0.19999999999999996,-0.6070175438596491,7,0.7,0.0,5,1.0
3,1,Joey Lawrence,Edyta Sliwinska,11,7.545454545454546,0.18181818181818182,Actor/Actress,Pennsylvania,United States,30,25-34,3rd Place,3,21.0,10,11,0.8076923076923077,0.6363636363636364,-0.17132867132867136,1,0.1,0.0,5,0.45454545454545453
3,2,Joey Lawrence,Edyta Sliwinska,11,7.545454545454546,0.18181818181818182,Actor/Actress,Pennsylvania,United States,30,25-34,3rd Place,3,29.0,10,10,1.0,1.0,0.0,2,0.2,0.0,1,0.1
3,3,Joey Lawrence,Edyta Sliwinska,11,7.545454545454546,0.18181818181818182,Actor/Actress,Pennsylvania,United States,30,25-34,3rd Place,3,22.0,10,9,0.8148148148148148,0.6666666666666667,-0.14814814814814803,3,0.3,0.0,4,0.4444444444444444
3,4,Joey Lawrence,Edyta Sliwinska,11,7.545454545454546,0.18181818181818182,Actor/Actress,Pennsylvania,United States,30,25-34,3rd Place,3,27.0,10,8,0.9310344827586207,0.75,-0.18103448275862066,4,0.4,0.0,3,0.375
3,5,Joey Lawrence,Edyta Sliwinska,11,7.545454545454546,0.18181818181818182,Actor/Actress,Pennsylvania,United States,30,25-34,3rd Place,3,25.0,10,7,0.9259259259259259,0.4285714285714286,-0.4973544973544973,5,0.5,0.0,5,0.7142857142857143
3,6,Joey Lawrence,Edyta Sliwinska,11,7.545454545454546,0.18181818181818182,Actor/Actress,Pennsylvania,United States,30,25-34,3rd Place,3,24.0,10,5,0.8571428571428571,0.6,-0.2571428571428571,6,0.6,0.0,3,0.6
3,7,Joey Lawrence,Edyta Sliwinska,11,7.545454545454546,0.18181818181818182,Actor/Actress,Pennsylvania,United States,30,25-34,3rd Place,3,28.5,10,5,1.0,1.0,0.0,7,0.7,0.0,1,0.2
3,8,Joey Lawrence,Edyta Sliwinska,11,7.545454545454546,0.18181818181818182,Actor/Actress,Pennsylvania,United States,30,25-34,3rd Place,3,27.0,10,4,0.9473684210526315,0.75,-0.19736842105263153,8,0.8,0.0,2,0.5
3,9,Joey Lawrence,Edyta Sliwinska,11,7.545454545454546,0.18181818181818182,Actor/Actress,Pennsylvania,United States,30,25-34,3rd Place,3,29.5,10,3,1.0,1.0,0.0,9,0.9,0.0,1,0.3333333333333333
3,10,Joey Lawrence,Edyta Sliwinska,11,7.545454545454546,0.18181818181818182,Actor/Actress,Pennsylvania,United States,30,25-34,3rd Place,3,0.0,10,3,0.0,0.33333333333333337,0.33333333333333337,10,1.0,0.0,3,1.0
3,1,Mario Lopez,Karina Smirnoff,18,6.722222222222222,0.2222222222222222,Actor/Actress,California,United States,32,25-34,2nd Place,2,26.0,10,11,1.0,1.0,0.0,1,0.1,0.0,1,0.09090909090909091
3,2,Mario Lopez,Karina Smirnoff,18,6.722222222222222,0.2222222222222222,Actor/Actress,California,United States,32,25-34,2nd Place,2,21.0,10,10,0.7241379310344828,0.4,-0.32413793103448274,2,0.2,0.0,7,0.7
3,3,Mario Lopez,Karina Smirnoff,18,6.722222222222222,0.2222222222222222,Actor/Actress,California,United States,32,25-34,2nd Place,2,22.0,10,9,0.8148148148148148,0.6666666666666667,-0.14814814814814803,3,0.3,0.0,4,0.4444444444444444
3,4,Mario Lopez,Karina Smirnoff,18,6.722222222222222,0.2222222222222222,Actor/Actress,California,United States,32,25-34,2nd Place,2,29.0,10,8,1.0,1.0,0.0,4,0.4,0.0,1,0.125
3,5,Mario Lopez,Karina Smirnoff,18,6.722222222222222,0.2222222222222222,Actor/Actress,California,United States,32,25-34,2nd Place,2,27.0,10,7,1.0,1.0,0.0,5,0.5,0.0,1,0.14285714285714285
3,6,Mario Lopez,Karina Smirnoff,18,6.722222222222222,0.2222222222222222,Actor/Actress,California,United States,32,25-34,2nd Place,2,28.0,10,5,1.0,1.0,0.0,6,0.6,0.0,1,0.2
3,7,Mario Lopez,Karina Smirnoff,18,6.722222222222222,0.2222222222222222,Actor/Actress,California,United States,32,25-34,2nd Place,2,28.0,10,5,0.9824561403508771,0.6,-0.38245614035087716,7,0.7,0.0,3,0.6
3,8,Mario Lopez,Karina Smirnoff,18,6.722222222222222,0.2222222222222222,Actor/Actress,California,United States,32,25-34,2nd Place,2,28.5,10,4,1.0,1.0,0.0,8,0.8,0.0,1,0.25
3,9,Mario Lopez,Karina Smirnoff,18,6.722222222222222,0.2222222222222222,Actor/Actress,California,United States,32,25-34,2nd Place,2,29.5,10,3,1.0,1.0,0.0,9,0.9,0.0,1,0.3333333333333333
3,10,Mario Lopez,Karina Smirnoff,18,6.722222222222222,0.2222222222222222,Actor/Actress,California,United States,32,25-34,2nd Place,2,29.666600000000003,10,3,1.0,1.0,0.0,10,1.0,0.0,1,0.3333333333333333
3,1,Monique Coleman,Louis van Amstel,11,7.0,0.09090909090909091,Actor/Actress,South Carolina,United States,25,25-34,Eliminated Week 8,4,19.0,10,11,0.7307692307692307,0.5454545454545454,-0.1853146853146853,1,0.1,0.0,6,0.5454545454545454
3,2,Monique Coleman,Louis van Amstel,11,7.0,0.09090909090909091,Actor/Actress,South Carolina,United States,25,25-34,Eliminated Week 8,4,26.0,10,10,0.896551724137931,0.9,0.0034482758620689724,2,0.2,0.0,2,0.2
3,3,Monique Coleman,Louis van Amstel,11,7.0,0.09090909090909091,Actor/Actress,South Carolina,United States,25,25-34,Eliminated Week 8,4,27.0,10,9,1.0,1.0,0.0,3,0.3,0.0,1,0.1111111111111111
3,4,Monique Coleman,Louis van Amstel,11,7.0,0.09090909090909091,Actor/Actress,South Carolina,United States,25,25-34,Eliminated Week 8,4,24.0,10,8,0.8275862068965517,0.625,-0.2025862068965517,4,0.4,0.0,4,0.5
3,5,Monique Coleman,Louis van Amstel,11,7.0,0.09090909090909091,Actor/Actress,South Carolina,United States,25,25-34,Eliminated Week 8,4,27.0,10,7,1.0,1.0,0.0,5,0.5,0.0,1,0.14285714285714285
3,6,Monique Coleman,Louis van Amstel,11,7.0,0.09090909090909091,Actor/Actress,South Carolina,United States,25,25-34,Eliminated Week 8,4,23.0,10,5,0.8214285714285714,0.4,-0.4214285714285714,6,0.6,0.0,4,0.8
3,7,Monique Coleman,Louis van Amstel,11,7.0,0.09090909090909091,Actor/Actress,South Carolina,United States,25,25-34,Eliminated Week 8,4,27.0,10,5,0.9473684210526315,0.4,-0.5473684210526315,7,0.7,0.0,4,0.8
3,8,Monique Coleman,Louis van Amstel,11,7.0,0.09090909090909091,Actor/Actress,South Carolina,United States,25,25-34,Eliminated Week 8,4,26.5,10,4,0.9298245614035088,0.25,-0.6798245614035088,8,0.8,0.0,4,1.0
3,1,Sara Evans,Tony Dovolani,21,7.666666666666667,0.14285714285714285,Singer/Rapper,Missouri,United States,35,35-44,Withdrew,6,15.0,10,11,0.5769230769230769,0.18181818181818177,-0.3951048951048951,1,0.1,0.0,10,0.9090909090909091
3,2,Sara Evans,Tony Dovolani,21,7.666666666666667,0.14285714285714285,Singer/Rapper,Missouri,United States,35,35-44,Withdrew,6,21.0,10,10,0.7241379310344828,0.4,-0.32413793103448274,2,0.2,0.0,7,0.7
3,3,Sara Evans,Tony Dovolani,21,7.666666666666667,0.14285714285714285,Singer/Rapper,Missouri,United States,35,35-44,Withdrew,6,25.0,10,9,0.9259259259259259,0.7777777777777778,-0.14814814814814814,3,0.3,0.0,3,0.3333333333333333
3,4,Sara Evans,Tony Dovolani,21,7.666666666666667,0.14285714285714285,Singer/Rapper,Missouri,United States,35,35-44,Withdrew,6,20.0,10,8,0.6896551724137931,0.125,-0.5646551724137931,4,0.4,0.0,8,1.0
3,5,Sara Evans,Tony Dovolani,21,7.666666666666667,0.14285714285714285,Singer/Rapper,Missouri,United States,35,35-44,Withdrew,6,24.0,10,7,0.8888888888888888,0.2857142857142857,-0.6031746031746031,5,0.5,0.0,6,0.8571428571428571
3,1,Shanna Moakler,Jesse DeSoto,1,10.0,0.0,Model,Rhode Island,United States,31,25-34,Eliminated Week 2,10,18.0,10,11,0.6923076923076923,0.4545454545454546,-0.2377622377622377,1,0.1,0.0,7,0.6363636363636364
3,2,Shanna Moakler,Jesse DeSoto,1,10.0,0.0,Model,Rhode Island,United States,31,25-34,Eliminated Week 2,10,22.0,10,10,0.7586206896551724,0.5,-0.2586206896551724,2,0.2,0.0,6,0.6
3,1,Tucker Carlson,Elena Grinenko,2,9.5,0.0,TV Personality,California,United States,37,35-44,Eliminated Week 1,11,12.0,10,11,0.46153846153846156,0.09090909090909094,-0.3706293706293706,1,0.1,0.0,11,1.0
3,1,Vivica A. Fox,Nick Kosovich,2,8.5,0.0,Actor/Actress,Indiana,United States,42,35-44,Eliminated Week 4,8,22.0,10,11,0.8461538461538461,0.8181818181818181,-0.027972027972028024,1,0.1,0.0,3,0.2727272727272727
3,2,Vivica A. Fox,Nick Kosovich,2,8.5,0.0,Actor/Actress,Indiana,United States,42,35-44,Eliminated Week 4,8,24.0,10,10,0.8275862068965517,0.8,-0.027586206896551668,2,0.2,0.0,3,0.3
3,3,Vivica A. Fox,Nick Kosovich,2,8.5,0.0,Actor/Actress,Indiana,United States,42,35-44,Eliminated Week 4,8,27.0,10,9,1.0,1.0,0.0,3,0.3,0.0,1,0.1111111111111111
3,4,Vivica A. Fox,Nick Kosovich,2,8.5,0.0,Actor/Actress,Indiana,United States,42,35-44,Eliminated Week 4,8,24.0,10,8,0.8275862068965517,0.625,-0.2025862068965517,4,0.4,0.0,4,0.5
3,1,Willa Ford,Maksim Chmerkoskiy,17,6.0,0.29411764705882354,Singer/Rapper,Florida,United States,25,25-34,Eliminated Week 5,7,22.0,10,11,0.8461538461538461,0.8181818181818181,-0.027972027972028024,1,0.1,0.0,3,0.2727272727272727
3,2,Willa Ford,Maksim Chmerkoskiy,17,6.0,0.29411764705882354,Singer/Rapper,Florida,United States,25,25-34,Eliminated Week 5,7,23.0,10,10,0.7931034482758621,0.6,-0.19310344827586212,2,0.2,0.0,5,0.5
3,3,Willa Ford,Maksim Chmerkoskiy,17,6.0,0.29411764705882354,Singer/Rapper,Florida,United States,25,25-34,Eliminated Week 5,7,22.0,10,9,0.8148148148148148,0.6666666666666667,-0.14814814814814803,3,0.3,0.0,4,0.4444444444444444
3,4,Willa Ford,Maksim Chmerkoskiy,17,6.0,0.29411764705882354,Singer/Rapper,Florida,United States,25,25-34,Eliminated Week 5,7,28.0,10,8,0.9655172413793104,0.875,-0.09051724137931039,4,0.4,0.0,2,0.25
3,5,Willa Ford,Maksim Chmerkoskiy,17,6.0,0.29411764705882354,Singer/Rapper,Florida,United States,25,25-34,Eliminated Week 5,7,27.0,10,7,1.0,1.0,0.0,5,0.5,0.0,1,0.14285714285714285
4,1,Apolo Anton Ohno,Julianne Hough,5,4.2,0.4,Athlete,Washington,United States,24,<25,1st Place,1,21.0,10,11,0.875,0.8181818181818181,-0.05681818181818188,1,0.1,0.0,3,0.2727272727272727
4,2,Apolo Anton Ohno,Julianne Hough,5,4.2,0.4,Athlete,Washington,United States,24,<25,1st Place,1,26.0,10,11,0.9629629629629629,0.9090909090909091,-0.05387205387205385,2,0.2,0.0,2,0.18181818181818182
4,3,Apolo Anton Ohno,Julianne Hough,5,4.2,0.4,Athlete,Washington,United States,24,<25,1st Place,1,23.0,10,10,0.9583333333333334,0.6,-0.3583333333333334,3,0.3,0.0,5,0.5
4,4,Apolo Anton Ohno,Julianne Hough,5,4.2,0.4,Athlete,Washington,United States,24,<25,1st Place,1,26.0,10,9,0.9285714285714286,0.8888888888888888,-0.039682539682539764,4,0.4,0.0,2,0.2222222222222222
4,5,Apolo Anton Ohno,Julianne Hough,5,4.2,0.4,Athlete,Washington,United States,24,<25,1st Place,1,30.0,10,8,1.0,1.0,0.0,5,0.5,0.0,1,0.125
4,6,Apolo Anton Ohno,Julianne Hough,5,4.2,0.4,Athlete,Washington,United States,24,<25,1st Place,1,28.0,10,7,1.0,1.0,0.0,6,0.6,0.0,1,0.14285714285714285
4,7,Apolo Anton Ohno,Julianne Hough,5,4.2,0.4,Athlete,Washington,United States,24,<25,1st Place,1,27.0,10,6,0.9152542372881356,0.6666666666666667,-0.24858757062146886,7,0.7,0.0,3,0.5
4,8,Apolo Anton Ohno,Julianne Hough,5,4.2,0.4,Athlete,Washington,United States,24,<25,1st Place,1,29.0,10,5,1.0,1.0,0.0,8,0.8,0.0,1,0.2
4,9,Apolo Anton Ohno,Julianne Hough,5,4.2,0.4,Athlete,Washington,United States,24,<25,1st Place,1,29.5,10,4,0.9833333333333333,0.5,-0.4833333333333333,9,0.9,0.0,3,0.75
4,10,Apolo Anton Ohno,Julianne Hough,5,4.2,0.4,Athlete,Washington,United States,24,<25,1st Place,1,29.3332,10,3,1.0,1.0,0.0,10,1.0,0.0,1,0.3333333333333333
4,1,Billy Ray Cyrus,Karina Smirnoff,18,6.722222222222222,0.2222222222222222,Singer/Rapper,Kentucky,United States,45,45-54,Eliminated Week 8,5,13.0,10,11,0.5416666666666666,0.09090909090909094,-0.4507575757575757,1,0.1,0.0,11,1.0
4,2,Billy Ray Cyrus,Karina Smirnoff,18,6.722222222222222,0.2222222222222222,Singer/Rapper,Kentucky,United States,45,45-54,Eliminated Week 8,5,21.0,10,11,0.7777777777777778,0.5454545454545454,-0.23232323232323238,2,0.2,0.0,6,0.5454545454545454
4,3,Billy Ray Cyrus,Karina Smirnoff,18,6.722222222222222,0.2222222222222222,Singer/Rapper,Kentucky,United States,45,45-54,Eliminated Week 8,5,21.0,10,10,0.875,0.5,-0.375,3,0.3,0.0,6,0.6
4,4,Billy Ray Cyrus,Karina Smirnoff,18,6.722222222222222,0.2222222222222222,Singer/Rapper,Kentucky,United States,45,45-54,Eliminated Week 8,5,21.0,10,9,0.75,0.5555555555555556,-0.19444444444444442,4,0.4,0.0,5,0.5555555555555556
4,5,Billy Ray Cyrus,Karina Smirnoff,18,6.722222222222222,0.2222222222222222,Singer/Rapper,Kentucky,United States,45,45-54,Eliminated Week 8,5,17.0,10,8,0.5666666666666667,0.25,-0.31666666666666665,5,0.5,0.0,7,0.875
4,6,Billy Ray Cyrus,Karina Smirnoff,18,6.722222222222222,0.2222222222222222,Singer/Rapper,Kentucky,United States,45,45-54,Eliminated Week 8,5,21.0,10,7,0.75,0.2857142857142857,-0.4642857142857143,6,0.6,0.0,6,0.8571428571428571
4,7,Billy Ray Cyrus,Karina Smirnoff,18,6.722222222222222,0.2222222222222222,Singer/Rapper,Kentucky,United States,45,45-54,Eliminated Week 8,5,19.0,10,6,0.6440677966101694,0.16666666666666663,-0.4774011299435028,7,0.7,0.0,6,1.0
4,8,Billy Ray Cyrus,Karina Smirnoff,18,6.722222222222222,0.2222222222222222,Singer/Rapper,Kentucky,United States,45,45-54,Eliminated Week 8,5,19.0,10,5,0.6551724137931034,0.19999999999999996,-0.45517241379310347,8,0.8,0.0,5,1.0
4,1,Clyde Drexler,Elena Grinenko,2,9.5,0.0,Athlete,Louisiana,United States,44,35-44,Eliminated Week 5,8,16.0,10,11,0.6666666666666666,0.2727272727272727,-0.3939393939393939,1,0.1,0.0,9,0.8181818181818182
4,2,Clyde Drexler,Elena Grinenko,2,9.5,0.0,Athlete,Louisiana,United States,44,35-44,Eliminated Week 5,8,18.0,10,11,0.6666666666666666,0.09090909090909094,-0.5757575757575757,2,0.2,0.0,11,1.0
4,3,Clyde Drexler,Elena Grinenko,2,9.5,0.0,Athlete,Louisiana,United States,44,35-44,Eliminated Week 5,8,16.0,10,10,0.6666666666666666,0.09999999999999998,-0.5666666666666667,3,0.3,0.0,10,1.0
4,4,Clyde Drexler,Elena Grinenko,2,9.5,0.0,Athlete,Louisiana,United States,44,35-44,Eliminated Week 5,8,15.0,10,9,0.5357142857142857,0.11111111111111116,-0.42460317460317454,4,0.4,0.0,9,1.0
4,5,Clyde Drexler,Elena Grinenko,2,9.5,0.0,Athlete,Louisiana,United States,44,35-44,Eliminated Week 5,8,13.0,10,8,0.43333333333333335,0.125,-0.30833333333333335,5,0.5,0.0,8,1.0
4,1,Heather Mills,Jonathan Roberts,7,8.714285714285714,0.14285714285714285,Model,Unknown,England,39,35-44,Eliminated Week 6,7,18.0,10,11,0.75,0.4545454545454546,-0.2954545454545454,1,0.1,0.0,7,0.6363636363636364
4,2,Heather Mills,Jonathan Roberts,7,8.714285714285714,0.14285714285714285,Model,Unknown,England,39,35-44,Eliminated Week 6,7,24.0,10,11,0.8888888888888888,0.8181818181818181,-0.07070707070707072,2,0.2,0.0,3,0.2727272727272727
4,3,Heather Mills,Jonathan Roberts,7,8.714285714285714,0.14285714285714285,Model,Unknown,England,39,35-44,Eliminated Week 6,7,24.0,10,10,1.0,1.0,0.0,3,0.3,0.0,1,0.1
4,4,Heather Mills,Jonathan Roberts,7,8.714285714285714,0.14285714285714285,Model,Unknown,England,39,35-44,Eliminated Week 6,7,23.0,10,9,0.8214285714285714,0.6666666666666667,-0.15476190476190466,4,0.4,0.0,4,0.4444444444444444
4,5,Heather Mills,Jonathan Roberts,7,8.714285714285714,0.14285714285714285,Model,Unknown,England,39,35-44,Eliminated Week 6,7,21.0,10,8,0.7,0.5,-0.19999999999999996,5,0.5,0.0,5,0.625
4,6,Heather Mills,Jonathan Roberts,7,8.714285714285714,0.14285714285714285,Model,Unknown,England,39,35-44,Eliminated Week 6,7,23.0,10,7,0.8214285714285714,0.4285714285714286,-0.3928571428571428,6,0.6,0.0,5,0.7142857142857143
4,1,Ian Ziering,Cheryl Burke,25,5.8,0.32,Actor/Actress,New Jersey,United States,42,35-44,Eliminated Week 9,4,21.0,10,11,0.875,0.8181818181818181,-0.05681818181818188,1,0.1,0.0,3,0.2727272727272727
4,2,Ian Ziering,Cheryl Burke,25,5.8,0.32,Actor/Actress,New Jersey,United States,42,35-44,Eliminated Week 9,4,22.0,10,11,0.8148148148148148,0.6363636363636364,-0.17845117845117842,2,0.2,0.0,5,0.45454545454545453
4,3,Ian Ziering,Cheryl Burke,25,5.8,0.32,Actor/Actress,New Jersey,United States,42,35-44,Eliminated Week 9,4,24.0,10,10,1.0,1.0,0.0,3,0.3,0.0,1,0.1
4,4,Ian Ziering,Cheryl Burke,25,5.8,0.32,Actor/Actress,New Jersey,United States,42,35-44,Eliminated Week 9,4,24.0,10,9,0.8571428571428571,0.7777777777777778,-0.0793650793650793,4,0.4,0.0,3,0.3333333333333333
4,5,Ian Ziering,Cheryl Burke,25,5.8,0.32,Actor/Actress,New Jersey,United States,42,35-44,Eliminated Week 9,4,24.0,10,8,0.8,0.625,-0.17500000000000004,5,0.5,0.0,4,0.5
4,6,Ian Ziering,Cheryl Burke,25,5.8,0.32,Actor/Actress,New Jersey,United States,42,35-44,Eliminated Week 9,4,24.0,10,7,0.8571428571428571,0.5714285714285714,-0.2857142857142857,6,0.6,0.0,4,0.5714285714285714
4,7,Ian Ziering,Cheryl Burke,25,5.8,0.32,Actor/Actress,New Jersey,United States,42,35-44,Eliminated Week 9,4,27.0,10,6,0.9152542372881356,0.6666666666666667,-0.24858757062146886,7,0.7,0.0,3,0.5
4,8,Ian Ziering,Cheryl Burke,25,5.8,0.32,Actor/Actress,New Jersey,United States,42,35-44,Eliminated Week 9,4,23.5,10,5,0.8103448275862069,0.4,-0.41034482758620683,8,0.8,0.0,4,0.8
4,9,Ian Ziering,Cheryl Burke,25,5.8,0.32,Actor/Actress,New Jersey,United States,42,35-44,Eliminated Week 9,4,29.0,10,4,0.9666666666666667,0.25,-0.7166666666666667,9,0.9,0.0,4,1.0
4,1,Joey Fatone,Kym Johnson,14,6.285714285714286,0.2857142857142857,Singer/Rapper,New York,United States,30,25-34,2nd Place,2,24.0,10,11,1.0,1.0,0.0,1,0.1,0.0,1,0.09090909090909091
4,2,Joey Fatone,Kym Johnson,14,6.285714285714286,0.2857142857142857,Singer/Rapper,New York,United States,30,25-34,2nd Place,2,24.0,10,11,0.8888888888888888,0.8181818181818181,-0.07070707070707072,2,0.2,0.0,3,0.2727272727272727
4,3,Joey Fatone,Kym Johnson,14,6.285714285714286,0.2857142857142857,Singer/Rapper,New York,United States,30,25-34,2nd Place,2,24.0,10,10,1.0,1.0,0.0,3,0.3,0.0,1,0.1
4,4,Joey Fatone,Kym Johnson,14,6.285714285714286,0.2857142857142857,Singer/Rapper,New York,United States,30,25-34,2nd Place,2,28.0,10,9,1.0,1.0,0.0,4,0.4,0.0,1,0.1111111111111111
4,5,Joey Fatone,Kym Johnson,14,6.285714285714286,0.2857142857142857,Singer/Rapper,New York,United States,30,25-34,2nd Place,2,25.0,10,8,0.8333333333333334,0.75,-0.08333333333333337,5,0.5,0.0,3,0.375
4,6,Joey Fatone,Kym Johnson,14,6.285714285714286,0.2857142857142857,Singer/Rapper,New York,United States,30,25-34,2nd Place,2,27.0,10,7,0.9642857142857143,0.7142857142857143,-0.25,6,0.6,0.0,3,0.42857142857142855
4,7,Joey Fatone,Kym Johnson,14,6.285714285714286,0.2857142857142857,Singer/Rapper,New York,United States,30,25-34,2nd Place,2,29.5,10,6,1.0,1.0,0.0,7,0.7,0.0,1,0.16666666666666666
4,8,Joey Fatone,Kym Johnson,14,6.285714285714286,0.2857142857142857,Singer/Rapper,New York,United States,30,25-34,2nd Place,2,27.5,10,5,0.9482758620689655,0.8,-0.14827586206896548,8,0.8,0.0,2,0.4
4,9,Joey Fatone,Kym Johnson,14,6.285714285714286,0.2857142857142857,Singer/Rapper,New York,United States,30,25-34,2nd Place,2,30.0,10,4,1.0,1.0,0.0,9,0.9,0.0,1,0.25
4,10,Joey Fatone,Kym Johnson,14,6.285714285714286,0.2857142857142857,Singer/Rapper,New York,United States,30,25-34,2nd Place,2,28.6665,10,3,0.9772714875976708,0.6666666666666667,-0.31060482093100406,10,1.0,0.0,2,0.6666666666666666
4,1,John Ratzenberger,Edyta Sliwinska,11,7.545454545454546,0.18181818181818182,Actor/Actress,Connecticut,United States,59,55-64,Eliminated Week 7,6,17.0,10,11,0.7083333333333334,0.36363636363636365,-0.3446969696969697,1,0.1,0.0,8,0.7272727272727273
4,2,John Ratzenberger,Edyta Sliwinska,11,7.545454545454546,0.18181818181818182,Actor/Actress,Connecticut,United States,59,55-64,Eliminated Week 7,6,21.0,10,11,0.7777777777777778,0.5454545454545454,-0.23232323232323238,2,0.2,0.0,6,0.5454545454545454
4,3,John Ratzenberger,Edyta Sliwinska,11,7.545454545454546,0.18181818181818182,Actor/Actress,Connecticut,United States,59,55-64,Eliminated Week 7,6,20.0,10,10,0.8333333333333334,0.19999999999999996,-0.6333333333333334,3,0.3,0.0,9,0.9
4,4,John Ratzenberger,Edyta Sliwinska,11,7.545454545454546,0.18181818181818182,Actor/Actress,Connecticut,United States,59,55-64,Eliminated Week 7,6,16.0,10,9,0.5714285714285714,0.33333333333333337,-0.23809523809523803,4,0.4,0.0,7,0.7777777777777778
4,5,John Ratzenberger,Edyta Sliwinska,11,7.545454545454546,0.18181818181818182,Actor/Actress,Connecticut,United States,59,55-64,Eliminated Week 7,6,18.0,10,8,0.6,0.375,-0.22499999999999998,5,0.5,0.0,6,0.75
4,6,John Ratzenberger,Edyta Sliwinska,11,7.545454545454546,0.18181818181818182,Actor/Actress,Connecticut,United States,59,55-64,Eliminated Week 7,6,19.0,10,7,0.6785714285714286,0.1428571428571429,-0.5357142857142857,6,0.6,0.0,7,1.0
4,7,John Ratzenberger,Edyta Sliwinska,11,7.545454545454546,0.18181818181818182,Actor/Actress,Connecticut,United States,59,55-64,Eliminated Week 7,6,22.5,10,6,0.7627118644067796,0.33333333333333337,-0.42937853107344626,7,0.7,0.0,5,0.8333333333333334
4,1,Laila Ali,Maksim Chmerkoskiy,17,6.0,0.29411764705882354,Athlete,Florida,United States,29,25-34,3rd Place,3,23.0,10,11,0.9583333333333334,0.9090909090909091,-0.04924242424242431,1,0.1,0.0,2,0.18181818181818182
4,2,Laila Ali,Maksim Chmerkoskiy,17,6.0,0.29411764705882354,Athlete,Florida,United States,29,25-34,3rd Place,3,27.0,10,11,1.0,1.0,0.0,2,0.2,0.0,1,0.09090909090909091
4,3,Laila Ali,Maksim Chmerkoskiy,17,6.0,0.29411764705882354,Athlete,Florida,United States,29,25-34,3rd Place,3,21.0,10,10,0.875,0.5,-0.375,3,0.3,0.0,6,0.6
4,4,Laila Ali,Maksim Chmerkoskiy,17,6.0,0.29411764705882354,Athlete,Florida,United States,29,25-34,3rd Place,3,21.0,10,9,0.75,0.5555555555555556,-0.19444444444444442,4,0.4,0.0,5,0.5555555555555556
4,5,Laila Ali,Maksim Chmerkoskiy,17,6.0,0.29411764705882354,Athlete,Florida,United States,29,25-34,3rd Place,3,28.0,10,8,0.9333333333333333,0.875,-0.05833333333333335,5,0.5,0.0,2,0.25
4,6,Laila Ali,Maksim Chmerkoskiy,17,6.0,0.29411764705882354,Athlete,Florida,United States,29,25-34,3rd Place,3,28.0,10,7,1.0,1.0,0.0,6,0.6,0.0,1,0.14285714285714285
4,7,Laila Ali,Maksim Chmerkoskiy,17,6.0,0.29411764705882354,Athlete,Florida,United States,29,25-34,3rd Place,3,29.5,10,6,1.0,1.0,0.0,7,0.7,0.0,1,0.16666666666666666
4,8,Laila Ali,Maksim Chmerkoskiy,17,6.0,0.29411764705882354,Athlete,Florida,United States,29,25-34,3rd Place,3,26.5,10,5,0.9137931034482759,0.6,-0.31379310344827593,8,0.8,0.0,3,0.6
4,9,Laila Ali,Maksim Chmerkoskiy,17,6.0,0.29411764705882354,Athlete,Florida,United States,29,25-34,3rd Place,3,30.0,10,4,1.0,1.0,0.0,9,0.9,0.0,1,0.25
4,10,Laila Ali,Maksim Chmerkoskiy,17,6.0,0.29411764705882354,Athlete,Florida,United States,29,25-34,3rd Place,3,28.333200000000005,10,3,0.965908935949709,0.33333333333333337,-0.6325756026163756,10,1.0,0.0,3,1.0
4,1,Leeza Gibbons,Tony Dovolani,21,7.666666666666667,0.14285714285714285,TV Personality,South Carolina,United States,50,45-54,Eliminated Week 4,9,15.0,10,11,0.625,0.18181818181818177,-0.44318181818181823,1,0.1,0.0,10,0.9090909090909091
4,2,Leeza Gibbons,Tony Dovolani,21,7.666666666666667,0.14285714285714285,TV Personality,South Carolina,United States,50,45-54,Eliminated Week 4,9,21.0,10,11,0.7777777777777778,0.5454545454545454,-0.23232323232323238,2,0.2,0.0,6,0.5454545454545454
4,3,Leeza Gibbons,Tony Dovolani,21,7.666666666666667,0.14285714285714285,TV Personality,South Carolina,United States,50,45-54,Eliminated Week 4,9,24.0,10,10,1.0,1.0,0.0,3,0.3,0.0,1,0.1
4,4,Leeza Gibbons,Tony Dovolani,21,7.666666666666667,0.14285714285714285,TV Personality,South Carolina,United States,50,45-54,Eliminated Week 4,9,16.0,10,9,0.5714285714285714,0.33333333333333337,-0.23809523809523803,4,0.4,0.0,7,0.7777777777777778
4,1,Paulina Porizkova,Alec Mazo,5,8.4,0.2,Model,Unknown,Czechoslovakia,41,35-44,Eliminated Week 2,11,19.0,10,11,0.7916666666666666,0.6363636363636364,-0.15530303030303028,1,0.1,0.0,5,0.45454545454545453
4,2,Paulina Porizkova,Alec Mazo,5,8.4,0.2,Model,Unknown,Czechoslovakia,41,35-44,Eliminated Week 2,11,21.0,10,11,0.7777777777777778,0.5454545454545454,-0.23232323232323238,2,0.2,0.0,6,0.5454545454545454
4,1,Shandi Finnessey,Brian Fortuna,1,10.0,0.0,Beauty Pagent,Missouri,United States,28,25-34,Eliminated Week 3,10,19.0,10,11,0.7916666666666666,0.6363636363636364,-0.15530303030303028,1,0.1,0.0,5,0.45454545454545453
4,2,Shandi Finnessey,Brian Fortuna,1,10.0,0.0,Beauty Pagent,Missouri,United States,28,25-34,Eliminated Week 3,10,20.0,10,11,0.7407407407407407,0.18181818181818177,-0.5589225589225589,2,0.2,0.0,10,0.9090909090909091
4,3,Shandi Finnessey,Brian Fortuna,1,10.0,0.0,Beauty Pagent,Missouri,United States,28,25-34,Eliminated Week 3,10,21.0,10,10,0.875,0.5,-0.375,3,0.3,0.0,6,0.6
5,1,Albert Reed,Anna Trebunskaya,11,8.181818181818182,0.18181818181818182,Model,Florida,United States,22,<25,Eliminated Week 2,11,21.0,10,12,0.8076923076923077,0.6666666666666667,-0.14102564102564097,1,0.1,0.0,5,0.4166666666666667
5,2,Albert Reed,Anna Trebunskaya,11,8.181818181818182,0.18181818181818182,Model,Florida,United States,22,<25,Eliminated Week 2,11,21.0,10,11,0.7777777777777778,0.6363636363636364,-0.14141414141414144,2,0.2,0.0,5,0.45454545454545453
5,1,Cameron Mathison,Edyta Sliwinska,11,7.545454545454546,0.18181818181818182,Actor/Actress,Unknown,Canada,38,35-44,Eliminated Week 8,5,21.0,10,12,0.8076923076923077,0.6666666666666667,-0.14102564102564097,1,0.1,0.0,5,0.4166666666666667
5,2,Cameron Mathison,Edyta Sliwinska,11,7.545454545454546,0.18181818181818182,Actor/Actress,Unknown,Canada,38,35-44,Eliminated Week 8,5,21.0,10,11,0.7777777777777778,0.6363636363636364,-0.14141414141414144,2,0.2,0.0,5,0.45454545454545453
5,3,Cameron Mathison,Edyta Sliwinska,11,7.545454545454546,0.18181818181818182,Actor/Actress,Unknown,Canada,38,35-44,Eliminated Week 8,5,23.0,10,10,0.8518518518518519,0.4,-0.45185185185185184,3,0.3,0.0,7,0.7
5,4,Cameron Mathison,Edyta Sliwinska,11,7.545454545454546,0.18181818181818182,Actor/Actress,Unknown,Canada,38,35-44,Eliminated Week 8,5,27.0,10,9,0.9,0.8888888888888888,-0.011111111111111183,4,0.4,0.0,2,0.2222222222222222
5,5,Cameron Mathison,Edyta Sliwinska,11,7.545454545454546,0.18181818181818182,Actor/Actress,Unknown,Canada,38,35-44,Eliminated Week 8,5,26.0,10,8,0.896551724137931,0.75,-0.14655172413793105,5,0.5,0.0,3,0.375
5,6,Cameron Mathison,Edyta Sliwinska,11,7.545454545454546,0.18181818181818182,Actor/Actress,Unknown,Canada,38,35-44,Eliminated Week 8,5,25.0,10,7,0.8333333333333334,0.5714285714285714,-0.261904761904762,6,0.6,0.0,4,0.5714285714285714
5,7,Cameron Mathison,Edyta Sliwinska,11,7.545454545454546,0.18181818181818182,Actor/Actress,Unknown,Canada,38,35-44,Eliminated Week 8,5,25.5,10,6,0.9444444444444444,0.33333333333333337,-0.611111111111111,7,0.7,0.0,5,0.8333333333333334
5,8,Cameron Mathison,Edyta Sliwinska,11,7.545454545454546,0.18181818181818182,Actor/Actress,Unknown,Canada,38,35-44,Eliminated Week 8,5,25.5,10,5,0.8947368421052632,0.6,-0.2947368421052632,8,0.8,0.0,3,0.6
5,1,Floyd Mayweather Jr. ,Karina Smirnoff,18,6.722222222222222,0.2222222222222222,Athlete,Michigan,United States,30,25-34,Eliminated Week 4,9,18.0,10,12,0.6923076923076923,0.16666666666666663,-0.5256410256410257,1,0.1,0.0,11,0.9166666666666666
5,2,Floyd Mayweather Jr. ,Karina Smirnoff,18,6.722222222222222,0.2222222222222222,Athlete,Michigan,United States,30,25-34,Eliminated Week 4,9,21.0,10,11,0.7777777777777778,0.6363636363636364,-0.14141414141414144,2,0.2,0.0,5,0.45454545454545453
5,3,Floyd Mayweather Jr. ,Karina Smirnoff,18,6.722222222222222,0.2222222222222222,Athlete,Michigan,United States,30,25-34,Eliminated Week 4,9,21.0,10,10,0.7777777777777778,0.30000000000000004,-0.47777777777777775,3,0.3,0.0,8,0.8
5,4,Floyd Mayweather Jr. ,Karina Smirnoff,18,6.722222222222222,0.2222222222222222,Athlete,Michigan,United States,30,25-34,Eliminated Week 4,9,23.0,10,9,0.7666666666666667,0.2222222222222222,-0.5444444444444445,4,0.4,0.0,8,0.8888888888888888
5,1,Helio Castroneves,Julianne Hough,5,4.2,0.4,Racing Driver,Unknown,Brazil,32,25-34,1st Place,1,25.0,10,12,0.9615384615384616,0.9166666666666666,-0.044871794871794934,1,0.1,0.0,2,0.16666666666666666
5,2,Helio Castroneves,Julianne Hough,5,4.2,0.4,Racing Driver,Unknown,Brazil,32,25-34,1st Place,1,27.0,10,11,1.0,1.0,0.0,2,0.2,0.0,1,0.09090909090909091
5,3,Helio Castroneves,Julianne Hough,5,4.2,0.4,Racing Driver,Unknown,Brazil,32,25-34,1st Place,1,24.0,10,10,0.8888888888888888,0.5,-0.38888888888888884,3,0.3,0.0,6,0.6
5,4,Helio Castroneves,Julianne Hough,5,4.2,0.4,Racing Driver,Unknown,Brazil,32,25-34,1st Place,1,27.0,10,9,0.9,0.8888888888888888,-0.011111111111111183,4,0.4,0.0,2,0.2222222222222222
5,5,Helio Castroneves,Julianne Hough,5,4.2,0.4,Racing Driver,Unknown,Brazil,32,25-34,1st Place,1,23.0,10,8,0.7931034482758621,0.375,-0.4181034482758621,5,0.5,0.0,6,0.75
5,6,Helio Castroneves,Julianne Hough,5,4.2,0.4,Racing Driver,Unknown,Brazil,32,25-34,1st Place,1,28.0,10,7,0.9333333333333333,0.8571428571428572,-0.07619047619047614,6,0.6,0.0,2,0.2857142857142857
5,7,Helio Castroneves,Julianne Hough,5,4.2,0.4,Racing Driver,Unknown,Brazil,32,25-34,1st Place,1,26.0,10,6,0.9629629629629629,0.6666666666666667,-0.29629629629629617,7,0.7,0.0,3,0.5
5,8,Helio Castroneves,Julianne Hough,5,4.2,0.4,Racing Driver,Unknown,Brazil,32,25-34,1st Place,1,28.5,10,5,1.0,1.0,0.0,8,0.8,0.0,1,0.2
5,9,Helio Castroneves,Julianne Hough,5,4.2,0.4,Racing Driver,Unknown,Brazil,32,25-34,1st Place,1,30.0,10,4,1.0,1.0,0.0,9,0.9,0.0,1,0.25
5,10,Helio Castroneves,Julianne Hough,5,4.2,0.4,Racing Driver,Unknown,Brazil,32,25-34,1st Place,1,27.999900000000004,10,3,0.9882364152301896,0.6666666666666667,-0.32156974856352283,10,1.0,0.0,2,0.6666666666666666
5,1,Jane Seymour,Tony Dovolani,21,7.666666666666667,0.14285714285714285,Actor/Actress,Unknown,England,56,55-64,Eliminated Week 7,6,24.0,10,12,0.9230769230769231,0.8333333333333334,-0.08974358974358976,1,0.1,0.0,3,0.25
5,2,Jane Seymour,Tony Dovolani,21,7.666666666666667,0.14285714285714285,Actor/Actress,Unknown,England,56,55-64,Eliminated Week 7,6,21.0,10,11,0.7777777777777778,0.6363636363636364,-0.14141414141414144,2,0.2,0.0,5,0.45454545454545453
5,3,Jane Seymour,Tony Dovolani,21,7.666666666666667,0.14285714285714285,Actor/Actress,Unknown,England,56,55-64,Eliminated Week 7,6,27.0,10,10,1.0,1.0,0.0,3,0.3,0.0,1,0.1
5,4,Jane Seymour,Tony Dovolani,21,7.666666666666667,0.14285714285714285,Actor/Actress,Unknown,England,56,55-64,Eliminated Week 7,6,26.0,10,9,0.8666666666666667,0.5555555555555556,-0.3111111111111111,4,0.4,0.0,5,0.5555555555555556
5,5,Jane Seymour,Tony Dovolani,21,7.666666666666667,0.14285714285714285,Actor/Actress,Unknown,England,56,55-64,Eliminated Week 7,6,26.0,10,8,0.896551724137931,0.75,-0.14655172413793105,5,0.5,0.0,3,0.375
5,6,Jane Seymour,Tony Dovolani,21,7.666666666666667,0.14285714285714285,Actor/Actress,Unknown,England,56,55-64,Eliminated Week 7,6,22.0,10,7,0.7333333333333333,0.1428571428571429,-0.5904761904761904,6,0.6,0.0,7,1.0
5,7,Jane Seymour,Tony Dovolani,21,7.666666666666667,0.14285714285714285,Actor/Actress,Unknown,England,56,55-64,Eliminated Week 7,6,25.0,10,6,0.9259259259259259,0.16666666666666663,-0.7592592592592593,7,0.7,0.0,6,1.0
5,1,Jennie Garth,Derek Hough,17,2.9411764705882355,0.5294117647058824,Actor/Actress,Illinois,United States,35,35-44,Eliminated Week 9,4,21.0,10,12,0.8076923076923077,0.6666666666666667,-0.14102564102564097,1,0.1,0.0,5,0.4166666666666667
5,2,Jennie Garth,Derek Hough,17,2.9411764705882355,0.5294117647058824,Actor/Actress,Illinois,United States,35,35-44,Eliminated Week 9,4,21.0,10,11,0.7777777777777778,0.6363636363636364,-0.14141414141414144,2,0.2,0.0,5,0.45454545454545453
5,3,Jennie Garth,Derek Hough,17,2.9411764705882355,0.5294117647058824,Actor/Actress,Illinois,United States,35,35-44,Eliminated Week 9,4,26.0,10,10,0.9629629629629629,0.7,-0.26296296296296295,3,0.3,0.0,4,0.4
5,4,Jennie Garth,Derek Hough,17,2.9411764705882355,0.5294117647058824,Actor/Actress,Illinois,United States,35,35-44,Eliminated Week 9,4,27.0,10,9,0.9,0.8888888888888888,-0.011111111111111183,4,0.4,0.0,2,0.2222222222222222
5,5,Jennie Garth,Derek Hough,17,2.9411764705882355,0.5294117647058824,Actor/Actress,Illinois,United States,35,35-44,Eliminated Week 9,4,25.0,10,8,0.8620689655172413,0.5,-0.3620689655172413,5,0.5,0.0,5,0.625
5,6,Jennie Garth,Derek Hough,17,2.9411764705882355,0.5294117647058824,Actor/Actress,Illinois,United States,35,35-44,Eliminated Week 9,4,27.0,10,7,0.9,0.7142857142857143,-0.18571428571428572,6,0.6,0.0,3,0.42857142857142855
5,7,Jennie Garth,Derek Hough,17,2.9411764705882355,0.5294117647058824,Actor/Actress,Illinois,United States,35,35-44,Eliminated Week 9,4,26.5,10,6,0.9814814814814815,0.8333333333333334,-0.14814814814814814,7,0.7,0.0,2,0.3333333333333333
5,8,Jennie Garth,Derek Hough,17,2.9411764705882355,0.5294117647058824,Actor/Actress,Illinois,United States,35,35-44,Eliminated Week 9,4,25.0,10,5,0.8771929824561403,0.4,-0.4771929824561403,8,0.8,0.0,4,0.8
5,9,Jennie Garth,Derek Hough,17,2.9411764705882355,0.5294117647058824,Actor/Actress,Illinois,United States,35,35-44,Eliminated Week 9,4,29.0,10,4,0.9666666666666667,0.5,-0.4666666666666667,9,0.9,0.0,3,0.75
5,1,Josie Maran,Alec Mazo,5,8.4,0.2,Model,California,United States,29,25-34,Eliminated Week 1,12,16.0,10,12,0.6153846153846154,0.08333333333333337,-0.532051282051282,1,0.1,0.0,12,1.0
5,1,Marie Osmond,Jonathan Roberts,7,8.714285714285714,0.14285714285714285,Singer/Rapper,Utah,United States,47,45-54,3rd Place,3,21.0,10,12,0.8076923076923077,0.6666666666666667,-0.14102564102564097,1,0.1,0.0,5,0.4166666666666667
5,2,Marie Osmond,Jonathan Roberts,7,8.714285714285714,0.14285714285714285,Singer/Rapper,Utah,United States,47,45-54,3rd Place,3,24.0,10,11,0.8888888888888888,0.8181818181818181,-0.07070707070707072,2,0.2,0.0,3,0.2727272727272727
5,3,Marie Osmond,Jonathan Roberts,7,8.714285714285714,0.14285714285714285,Singer/Rapper,Utah,United States,47,45-54,3rd Place,3,26.0,10,10,0.9629629629629629,0.7,-0.26296296296296295,3,0.3,0.0,4,0.4
5,4,Marie Osmond,Jonathan Roberts,7,8.714285714285714,0.14285714285714285,Singer/Rapper,Utah,United States,47,45-54,3rd Place,3,26.0,10,9,0.8666666666666667,0.5555555555555556,-0.3111111111111111,4,0.4,0.0,5,0.5555555555555556
5,5,Marie Osmond,Jonathan Roberts,7,8.714285714285714,0.14285714285714285,Singer/Rapper,Utah,United States,47,45-54,3rd Place,3,21.0,10,8,0.7241379310344828,0.25,-0.47413793103448276,5,0.5,0.0,7,0.875
5,6,Marie Osmond,Jonathan Roberts,7,8.714285714285714,0.14285714285714285,Singer/Rapper,Utah,United States,47,45-54,3rd Place,3,23.0,10,7,0.7666666666666667,0.2857142857142857,-0.480952380952381,6,0.6,0.0,6,0.8571428571428571
5,7,Marie Osmond,Jonathan Roberts,7,8.714285714285714,0.14285714285714285,Singer/Rapper,Utah,United States,47,45-54,3rd Place,3,26.0,10,6,0.9629629629629629,0.6666666666666667,-0.29629629629629617,7,0.7,0.0,3,0.5
5,8,Marie Osmond,Jonathan Roberts,7,8.714285714285714,0.14285714285714285,Singer/Rapper,Utah,United States,47,45-54,3rd Place,3,24.5,10,5,0.8596491228070176,0.19999999999999996,-0.6596491228070176,8,0.8,0.0,5,1.0
5,9,Marie Osmond,Jonathan Roberts,7,8.714285714285714,0.14285714285714285,Singer/Rapper,Utah,United States,47,45-54,3rd Place,3,28.0,10,4,0.9333333333333333,0.25,-0.6833333333333333,9,0.9,0.0,4,1.0
5,10,Marie Osmond,Jonathan Roberts,7,8.714285714285714,0.14285714285714285,Singer/Rapper,Utah,United States,47,45-54,3rd Place,3,23.0,10,3,0.8117685259695341,0.33333333333333337,-0.4784351926362007,10,1.0,0.0,3,1.0
5,1,Mark Cuban,Kym Johnson,14,6.285714285714286,0.2857142857142857,TV Personality,Pennsylvania,United States,49,45-54,Eliminated Week 5,8,21.0,10,12,0.8076923076923077,0.6666666666666667,-0.14102564102564097,1,0.1,0.0,5,0.4166666666666667
5,2,Mark Cuban,Kym Johnson,14,6.285714285714286,0.2857142857142857,TV Personality,Pennsylvania,United States,49,45-54,Eliminated Week 5,8,18.0,10,11,0.6666666666666666,0.18181818181818177,-0.48484848484848486,2,0.2,0.0,10,0.9090909090909091
5,3,Mark Cuban,Kym Johnson,14,6.285714285714286,0.2857142857142857,TV Personality,Pennsylvania,United States,49,45-54,Eliminated Week 5,8,20.0,10,10,0.7407407407407407,0.19999999999999996,-0.5407407407407407,3,0.3,0.0,9,0.9
5,4,Mark Cuban,Kym Johnson,14,6.285714285714286,0.2857142857142857,TV Personality,Pennsylvania,United States,49,45-54,Eliminated Week 5,8,22.0,10,9,0.7333333333333333,0.11111111111111116,-0.6222222222222221,4,0.4,0.0,9,1.0
5,5,Mark Cuban,Kym Johnson,14,6.285714285714286,0.2857142857142857,TV Personality,Pennsylvania,United States,49,45-54,Eliminated Week 5,8,21.0,10,8,0.7241379310344828,0.25,-0.47413793103448276,5,0.5,0.0,7,0.875
5,1,Mel B,Maksim Chmerkoskiy,17,6.0,0.29411764705882354,Singer/Rapper,Unknown,England,32,25-34,2nd Place,2,24.0,10,12,0.9230769230769231,0.8333333333333334,-0.08974358974358976,1,0.1,0.0,3,0.25
5,2,Mel B,Maksim Chmerkoskiy,17,6.0,0.29411764705882354,Singer/Rapper,Unknown,England,32,25-34,2nd Place,2,23.0,10,11,0.8518518518518519,0.7272727272727273,-0.12457912457912457,2,0.2,0.0,4,0.36363636363636365
5,3,Mel B,Maksim Chmerkoskiy,17,6.0,0.29411764705882354,Singer/Rapper,Unknown,England,32,25-34,2nd Place,2,27.0,10,10,1.0,1.0,0.0,3,0.3,0.0,1,0.1
5,4,Mel B,Maksim Chmerkoskiy,17,6.0,0.29411764705882354,Singer/Rapper,Unknown,England,32,25-34,2nd Place,2,26.0,10,9,0.8666666666666667,0.5555555555555556,-0.3111111111111111,4,0.4,0.0,5,0.5555555555555556
5,5,Mel B,Maksim Chmerkoskiy,17,6.0,0.29411764705882354,Singer/Rapper,Unknown,England,32,25-34,2nd Place,2,29.0,10,8,1.0,1.0,0.0,5,0.5,0.0,1,0.125
5,6,Mel B,Maksim Chmerkoskiy,17,6.0,0.29411764705882354,Singer/Rapper,Unknown,England,32,25-34,2nd Place,2,30.0,10,7,1.0,1.0,0.0,6,0.6,0.0,1,0.14285714285714285
5,7,Mel B,Maksim Chmerkoskiy,17,6.0,0.29411764705882354,Singer/Rapper,Unknown,England,32,25-34,2nd Place,2,27.0,10,6,1.0,1.0,0.0,7,0.7,0.0,1,0.16666666666666666
5,8,Mel B,Maksim Chmerkoskiy,17,6.0,0.29411764705882354,Singer/Rapper,Unknown,England,32,25-34,2nd Place,2,28.0,10,5,0.9824561403508771,0.8,-0.1824561403508771,8,0.8,0.0,2,0.4
5,9,Mel B,Maksim Chmerkoskiy,17,6.0,0.29411764705882354,Singer/Rapper,Unknown,England,32,25-34,2nd Place,2,30.0,10,4,1.0,1.0,0.0,9,0.9,0.0,1,0.25
5,10,Mel B,Maksim Chmerkoskiy,17,6.0,0.29411764705882354,Singer/Rapper,Unknown,England,32,25-34,2nd Place,2,28.333199999999998,10,3,1.0,1.0,0.0,10,1.0,0.0,1,0.3333333333333333
5,1,Sabrina Bryan,Mark Ballas,21,5.190476190476191,0.47619047619047616,Actor/Actress,California,United States,23,<25,Eliminated Week 6,7,26.0,10,12,1.0,1.0,0.0,1,0.1,0.0,1,0.08333333333333333
5,2,Sabrina Bryan,Mark Ballas,21,5.190476190476191,0.47619047619047616,Actor/Actress,California,United States,23,<25,Eliminated Week 6,7,26.0,10,11,0.9629629629629629,0.9090909090909091,-0.05387205387205385,2,0.2,0.0,2,0.18181818181818182
5,3,Sabrina Bryan,Mark Ballas,21,5.190476190476191,0.47619047619047616,Actor/Actress,California,United States,23,<25,Eliminated Week 6,7,27.0,10,10,1.0,1.0,0.0,3,0.3,0.0,1,0.1
5,4,Sabrina Bryan,Mark Ballas,21,5.190476190476191,0.47619047619047616,Actor/Actress,California,United States,23,<25,Eliminated Week 6,7,30.0,10,9,1.0,1.0,0.0,4,0.4,0.0,1,0.1111111111111111
5,5,Sabrina Bryan,Mark Ballas,21,5.190476190476191,0.47619047619047616,Actor/Actress,California,United States,23,<25,Eliminated Week 6,7,28.0,10,8,0.9655172413793104,0.875,-0.09051724137931039,5,0.5,0.0,2,0.25
5,6,Sabrina Bryan,Mark Ballas,21,5.190476190476191,0.47619047619047616,Actor/Actress,California,United States,23,<25,Eliminated Week 6,7,25.0,10,7,0.8333333333333334,0.5714285714285714,-0.261904761904762,6,0.6,0.0,4,0.5714285714285714
5,1,Wayne Newton,Cheryl Burke,25,5.8,0.32,Singer/Rapper,Virginia,United States,65,65+,Eliminated Week 3,10,19.0,10,12,0.7307692307692307,0.25,-0.4807692307692307,1,0.1,0.0,10,0.8333333333333334
5,2,Wayne Newton,Cheryl Burke,25,5.8,0.32,Singer/Rapper,Virginia,United States,65,65+,Eliminated Week 3,10,15.0,10,11,0.5555555555555556,0.09090909090909094,-0.46464646464646464,2,0.2,0.0,11,1.0
5,3,Wayne Newton,Cheryl Burke,25,5.8,0.32,Singer/Rapper,Virginia,United States,65,65+,Eliminated Week 3,10,18.0,10,10,0.6666666666666666,0.09999999999999998,-0.5666666666666667,3,0.3,0.0,10,1.0
6,1,Adam Carolla,Julianne Hough,5,4.2,0.4,Radio Personality,California,United States,43,35-44,Eliminated Week 4,9,15.0,10,12,0.5555555555555556,0.16666666666666663,-0.38888888888888895,1,0.1,0.0,11,0.9166666666666666
6,2,Adam Carolla,Julianne Hough,5,4.2,0.4,Radio Personality,California,United States,43,35-44,Eliminated Week 4,9,19.0,10,12,0.7037037037037037,0.33333333333333337,-0.37037037037037035,2,0.2,0.0,9,0.75
6,3,Adam Carolla,Julianne Hough,5,4.2,0.4,Radio Personality,California,United States,43,35-44,Eliminated Week 4,9,21.0,10,10,0.7777777777777778,0.5,-0.2777777777777778,3,0.3,0.0,6,0.6
6,4,Adam Carolla,Julianne Hough,5,4.2,0.4,Radio Personality,California,United States,43,35-44,Eliminated Week 4,9,19.0,10,9,0.6551724137931034,0.11111111111111116,-0.5440613026819923,4,0.4,0.0,9,1.0
6,1,Cristian de la Fuente,Cheryl Burke,25,5.8,0.32,Actor/Actress,Unknown,Chile,34,25-34,3rd Place,3,21.0,10,12,0.7777777777777778,0.5833333333333333,-0.19444444444444453,1,0.1,0.0,6,0.5
6,2,Cristian de la Fuente,Cheryl Burke,25,5.8,0.32,Actor/Actress,Unknown,Chile,34,25-34,3rd Place,3,20.0,10,12,0.7407407407407407,0.41666666666666663,-0.32407407407407407,2,0.2,0.0,8,0.6666666666666666
6,3,Cristian de la Fuente,Cheryl Burke,25,5.8,0.32,Actor/Actress,Unknown,Chile,34,25-34,3rd Place,3,25.0,10,10,0.9259259259259259,0.8,-0.12592592592592589,3,0.3,0.0,3,0.3
6,4,Cristian de la Fuente,Cheryl Burke,25,5.8,0.32,Actor/Actress,Unknown,Chile,34,25-34,3rd Place,3,26.0,10,9,0.896551724137931,0.6666666666666667,-0.2298850574712643,4,0.4,0.0,4,0.4444444444444444
6,5,Cristian de la Fuente,Cheryl Burke,25,5.8,0.32,Actor/Actress,Unknown,Chile,34,25-34,3rd Place,3,23.0,10,8,0.7931034482758621,0.5,-0.2931034482758621,5,0.5,0.0,5,0.625
6,6,Cristian de la Fuente,Cheryl Burke,25,5.8,0.32,Actor/Actress,Unknown,Chile,34,25-34,3rd Place,3,27.0,10,7,0.9,0.7142857142857143,-0.18571428571428572,6,0.6,0.0,3,0.42857142857142855
6,7,Cristian de la Fuente,Cheryl Burke,25,5.8,0.32,Actor/Actress,Unknown,Chile,34,25-34,3rd Place,3,23.0,10,6,0.8363636363636363,0.16666666666666663,-0.6696969696969697,7,0.7,0.0,6,1.0
6,8,Cristian de la Fuente,Cheryl Burke,25,5.8,0.32,Actor/Actress,Unknown,Chile,34,25-34,3rd Place,3,28.5,10,5,1.0,1.0,0.0,8,0.8,0.0,1,0.2
6,9,Cristian de la Fuente,Cheryl Burke,25,5.8,0.32,Actor/Actress,Unknown,Chile,34,25-34,3rd Place,3,28.0,10,4,0.9824561403508771,0.75,-0.23245614035087714,9,0.9,0.0,2,0.5
6,10,Cristian de la Fuente,Cheryl Burke,25,5.8,0.32,Actor/Actress,Unknown,Chile,34,25-34,3rd Place,3,26.0,10,3,0.8666666666666667,0.33333333333333337,-0.5333333333333333,10,1.0,0.0,3,1.0
6,1,Jason Taylor,Edyta Sliwinska,11,7.545454545454546,0.18181818181818182,Athlete,Pennsylvania,United States,33,25-34,2nd Place,2,22.0,10,12,0.8148148148148148,0.75,-0.06481481481481477,1,0.1,0.0,4,0.3333333333333333
6,2,Jason Taylor,Edyta Sliwinska,11,7.545454545454546,0.18181818181818182,Athlete,Pennsylvania,United States,33,25-34,2nd Place,2,27.0,10,12,1.0,1.0,0.0,2,0.2,0.0,1,0.08333333333333333
6,3,Jason Taylor,Edyta Sliwinska,11,7.545454545454546,0.18181818181818182,Athlete,Pennsylvania,United States,33,25-34,2nd Place,2,23.0,10,10,0.8518518518518519,0.6,-0.2518518518518519,3,0.3,0.0,5,0.5
6,4,Jason Taylor,Edyta Sliwinska,11,7.545454545454546,0.18181818181818182,Athlete,Pennsylvania,United States,33,25-34,2nd Place,2,29.0,10,9,1.0,1.0,0.0,4,0.4,0.0,1,0.1111111111111111
6,5,Jason Taylor,Edyta Sliwinska,11,7.545454545454546,0.18181818181818182,Athlete,Pennsylvania,United States,33,25-34,2nd Place,2,27.0,10,8,0.9310344827586207,0.875,-0.05603448275862066,5,0.5,0.0,2,0.25
6,6,Jason Taylor,Edyta Sliwinska,11,7.545454545454546,0.18181818181818182,Athlete,Pennsylvania,United States,33,25-34,2nd Place,2,24.0,10,7,0.8,0.4285714285714286,-0.37142857142857144,6,0.6,0.0,5,0.7142857142857143
6,7,Jason Taylor,Edyta Sliwinska,11,7.545454545454546,0.18181818181818182,Athlete,Pennsylvania,United States,33,25-34,2nd Place,2,27.5,10,6,1.0,1.0,0.0,7,0.7,0.0,1,0.16666666666666666
6,8,Jason Taylor,Edyta Sliwinska,11,7.545454545454546,0.18181818181818182,Athlete,Pennsylvania,United States,33,25-34,2nd Place,2,26.0,10,5,0.9122807017543859,0.4,-0.5122807017543859,8,0.8,0.0,4,0.8
6,9,Jason Taylor,Edyta Sliwinska,11,7.545454545454546,0.18181818181818182,Athlete,Pennsylvania,United States,33,25-34,2nd Place,2,27.5,10,4,0.9649122807017544,0.5,-0.4649122807017544,9,0.9,0.0,3,0.75
6,10,Jason Taylor,Edyta Sliwinska,11,7.545454545454546,0.18181818181818182,Athlete,Pennsylvania,United States,33,25-34,2nd Place,2,28.5,10,3,0.95,0.6666666666666667,-0.2833333333333332,10,1.0,0.0,2,0.6666666666666666
6,1,Kristi Yamaguchi,Mark Ballas,21,5.190476190476191,0.47619047619047616,Athlete,California,United States,36,35-44,1st Place,1,27.0,10,12,1.0,1.0,0.0,1,0.1,0.0,1,0.08333333333333333
6,2,Kristi Yamaguchi,Mark Ballas,21,5.190476190476191,0.47619047619047616,Athlete,California,United States,36,35-44,1st Place,1,27.0,10,12,1.0,1.0,0.0,2,0.2,0.0,1,0.08333333333333333
6,3,Kristi Yamaguchi,Mark Ballas,21,5.190476190476191,0.47619047619047616,Athlete,California,United States,36,35-44,1st Place,1,27.0,10,10,1.0,1.0,0.0,3,0.3,0.0,1,0.1
6,4,Kristi Yamaguchi,Mark Ballas,21,5.190476190476191,0.47619047619047616,Athlete,California,United States,36,35-44,1st Place,1,29.0,10,9,1.0,1.0,0.0,4,0.4,0.0,1,0.1111111111111111
6,5,Kristi Yamaguchi,Mark Ballas,21,5.190476190476191,0.47619047619047616,Athlete,California,United States,36,35-44,1st Place,1,29.0,10,8,1.0,1.0,0.0,5,0.5,0.0,1,0.125
6,6,Kristi Yamaguchi,Mark Ballas,21,5.190476190476191,0.47619047619047616,Athlete,California,United States,36,35-44,1st Place,1,30.0,10,7,1.0,1.0,0.0,6,0.6,0.0,1,0.14285714285714285
6,7,Kristi Yamaguchi,Mark Ballas,21,5.190476190476191,0.47619047619047616,Athlete,California,United States,36,35-44,1st Place,1,27.0,10,6,0.9818181818181818,0.8333333333333334,-0.14848484848484844,7,0.7,0.0,2,0.3333333333333333
6,8,Kristi Yamaguchi,Mark Ballas,21,5.190476190476191,0.47619047619047616,Athlete,California,United States,36,35-44,1st Place,1,27.5,10,5,0.9649122807017544,0.8,-0.16491228070175434,8,0.8,0.0,2,0.4
6,9,Kristi Yamaguchi,Mark Ballas,21,5.190476190476191,0.47619047619047616,Athlete,California,United States,36,35-44,1st Place,1,28.5,10,4,1.0,1.0,0.0,9,0.9,0.0,1,0.25
6,10,Kristi Yamaguchi,Mark Ballas,21,5.190476190476191,0.47619047619047616,Athlete,California,United States,36,35-44,1st Place,1,30.0,10,3,1.0,1.0,0.0,10,1.0,0.0,1,0.3333333333333333
6,1,Mario,Karina Smirnoff,18,6.722222222222222,0.2222222222222222,Singer/Rapper,Maryland,United States,21,<25,Eliminated Week 8,5,24.0,10,12,0.8888888888888888,0.9166666666666666,0.02777777777777779,1,0.1,0.0,2,0.16666666666666666
6,2,Mario,Karina Smirnoff,18,6.722222222222222,0.2222222222222222,Singer/Rapper,Maryland,United States,21,<25,Eliminated Week 8,5,26.0,10,12,0.9629629629629629,0.8333333333333334,-0.12962962962962954,2,0.2,0.0,3,0.25
6,3,Mario,Karina Smirnoff,18,6.722222222222222,0.2222222222222222,Singer/Rapper,Maryland,United States,21,<25,Eliminated Week 8,5,21.0,10,10,0.7777777777777778,0.5,-0.2777777777777778,3,0.3,0.0,6,0.6
6,4,Mario,Karina Smirnoff,18,6.722222222222222,0.2222222222222222,Singer/Rapper,Maryland,United States,21,<25,Eliminated Week 8,5,24.0,10,9,0.8275862068965517,0.5555555555555556,-0.27203065134099613,4,0.4,0.0,5,0.5555555555555556
6,5,Mario,Karina Smirnoff,18,6.722222222222222,0.2222222222222222,Singer/Rapper,Maryland,United States,21,<25,Eliminated Week 8,5,27.0,10,8,0.9310344827586207,0.875,-0.05603448275862066,5,0.5,0.0,2,0.25
6,6,Mario,Karina Smirnoff,18,6.722222222222222,0.2222222222222222,Singer/Rapper,Maryland,United States,21,<25,Eliminated Week 8,5,28.0,10,7,0.9333333333333333,0.8571428571428572,-0.07619047619047614,6,0.6,0.0,2,0.2857142857142857
6,7,Mario,Karina Smirnoff,18,6.722222222222222,0.2222222222222222,Singer/Rapper,Maryland,United States,21,<25,Eliminated Week 8,5,25.5,10,6,0.9272727272727272,0.5,-0.42727272727272725,7,0.7,0.0,4,0.6666666666666666
6,8,Mario,Karina Smirnoff,18,6.722222222222222,0.2222222222222222,Singer/Rapper,Maryland,United States,21,<25,Eliminated Week 8,5,26.5,10,5,0.9298245614035088,0.6,-0.3298245614035088,8,0.8,0.0,3,0.6
6,1,Marissa Jaret Winokur,Tony Dovolani,21,7.666666666666667,0.14285714285714285,Actor/Actress,New York,United States,35,35-44,Eliminated Week 9,4,18.0,10,12,0.6666666666666666,0.41666666666666663,-0.25,1,0.1,0.0,8,0.6666666666666666
6,2,Marissa Jaret Winokur,Tony Dovolani,21,7.666666666666667,0.14285714285714285,Actor/Actress,New York,United States,35,35-44,Eliminated Week 9,4,21.0,10,12,0.7777777777777778,0.5833333333333333,-0.19444444444444453,2,0.2,0.0,6,0.5
6,3,Marissa Jaret Winokur,Tony Dovolani,21,7.666666666666667,0.14285714285714285,Actor/Actress,New York,United States,35,35-44,Eliminated Week 9,4,19.0,10,10,0.7037037037037037,0.09999999999999998,-0.6037037037037037,3,0.3,0.0,10,1.0
6,4,Marissa Jaret Winokur,Tony Dovolani,21,7.666666666666667,0.14285714285714285,Actor/Actress,New York,United States,35,35-44,Eliminated Week 9,4,24.0,10,9,0.8275862068965517,0.5555555555555556,-0.27203065134099613,4,0.4,0.0,5,0.5555555555555556
6,5,Marissa Jaret Winokur,Tony Dovolani,21,7.666666666666667,0.14285714285714285,Actor/Actress,New York,United States,35,35-44,Eliminated Week 9,4,24.0,10,8,0.8275862068965517,0.625,-0.2025862068965517,5,0.5,0.0,4,0.5
6,6,Marissa Jaret Winokur,Tony Dovolani,21,7.666666666666667,0.14285714285714285,Actor/Actress,New York,United States,35,35-44,Eliminated Week 9,4,26.0,10,7,0.8666666666666667,0.5714285714285714,-0.2952380952380953,6,0.6,0.0,4,0.5714285714285714
6,7,Marissa Jaret Winokur,Tony Dovolani,21,7.666666666666667,0.14285714285714285,Actor/Actress,New York,United States,35,35-44,Eliminated Week 9,4,26.0,10,6,0.9454545454545454,0.6666666666666667,-0.2787878787878787,7,0.7,0.0,3,0.5
6,8,Marissa Jaret Winokur,Tony Dovolani,21,7.666666666666667,0.14285714285714285,Actor/Actress,New York,United States,35,35-44,Eliminated Week 9,4,25.0,10,5,0.8771929824561403,0.19999999999999996,-0.6771929824561403,8,0.8,0.0,5,1.0
6,9,Marissa Jaret Winokur,Tony Dovolani,21,7.666666666666667,0.14285714285714285,Actor/Actress,New York,United States,35,35-44,Eliminated Week 9,4,26.0,10,4,0.9122807017543859,0.25,-0.6622807017543859,9,0.9,0.0,4,1.0
6,1,Marlee Matlin,Fabian Sanchez,1,7.0,0.0,Actor/Actress,Illinois,United States,42,35-44,Eliminated Week 6,7,22.0,10,12,0.8148148148148148,0.75,-0.06481481481481477,1,0.1,0.0,4,0.3333333333333333
6,2,Marlee Matlin,Fabian Sanchez,1,7.0,0.0,Actor/Actress,Illinois,United States,42,35-44,Eliminated Week 6,7,24.0,10,12,0.8888888888888888,0.75,-0.13888888888888884,2,0.2,0.0,4,0.3333333333333333
6,3,Marlee Matlin,Fabian Sanchez,1,7.0,0.0,Actor/Actress,Illinois,United States,42,35-44,Eliminated Week 6,7,21.0,10,10,0.7777777777777778,0.5,-0.2777777777777778,3,0.3,0.0,6,0.6
6,4,Marlee Matlin,Fabian Sanchez,1,7.0,0.0,Actor/Actress,Illinois,United States,42,35-44,Eliminated Week 6,7,24.0,10,9,0.8275862068965517,0.5555555555555556,-0.27203065134099613,4,0.4,0.0,5,0.5555555555555556
6,5,Marlee Matlin,Fabian Sanchez,1,7.0,0.0,Actor/Actress,Illinois,United States,42,35-44,Eliminated Week 6,7,22.0,10,8,0.7586206896551724,0.25,-0.5086206896551724,5,0.5,0.0,7,0.875
6,6,Marlee Matlin,Fabian Sanchez,1,7.0,0.0,Actor/Actress,Illinois,United States,42,35-44,Eliminated Week 6,7,21.0,10,7,0.7,0.1428571428571429,-0.557142857142857,6,0.6,0.0,7,1.0
6,1,Monica Seles,Jonathan Roberts,7,8.714285714285714,0.14285714285714285,Athlete,Unknown,Yugoslavia,34,25-34,Eliminated Week 2,11,15.0,10,12,0.5555555555555556,0.16666666666666663,-0.38888888888888895,1,0.1,0.0,11,0.9166666666666666
6,2,Monica Seles,Jonathan Roberts,7,8.714285714285714,0.14285714285714285,Athlete,Unknown,Yugoslavia,34,25-34,Eliminated Week 2,11,15.0,10,12,0.5555555555555556,0.08333333333333337,-0.4722222222222222,2,0.2,0.0,12,1.0
6,1,Penn Jillette,Kym Johnson,14,6.285714285714286,0.2857142857142857,Magician,Massachusetts,United States,53,45-54,Eliminated Week 2,12,16.0,10,12,0.5925925925925926,0.25,-0.34259259259259256,1,0.1,0.0,10,0.8333333333333334
6,2,Penn Jillette,Kym Johnson,14,6.285714285714286,0.2857142857142857,Magician,Massachusetts,United States,53,45-54,Eliminated Week 2,12,17.0,10,12,0.6296296296296297,0.25,-0.37962962962962965,2,0.2,0.0,10,0.8333333333333334
6,1,Priscilla Presley,Louis van Amstel,11,7.0,0.09090909090909091,Actor/Actress,New York,United States,62,55-64,Eliminated Week 5,8,24.0,10,12,0.8888888888888888,0.9166666666666666,0.02777777777777779,1,0.1,0.0,2,0.16666666666666666
6,2,Priscilla Presley,Louis van Amstel,11,7.0,0.09090909090909091,Actor/Actress,New York,United States,62,55-64,Eliminated Week 5,8,21.0,10,12,0.7777777777777778,0.5833333333333333,-0.19444444444444453,2,0.2,0.0,6,0.5
6,3,Priscilla Presley,Louis van Amstel,11,7.0,0.09090909090909091,Actor/Actress,New York,United States,62,55-64,Eliminated Week 5,8,26.0,10,10,0.9629629629629629,0.9,-0.06296296296296289,3,0.3,0.0,2,0.2
6,4,Priscilla Presley,Louis van Amstel,11,7.0,0.09090909090909091,Actor/Actress,New York,United States,62,55-64,Eliminated Week 5,8,22.0,10,9,0.7586206896551724,0.2222222222222222,-0.5363984674329502,4,0.4,0.0,8,0.8888888888888888
6,5,Priscilla Presley,Louis van Amstel,11,7.0,0.09090909090909091,Actor/Actress,New York,United States,62,55-64,Eliminated Week 5,8,21.0,10,8,0.7241379310344828,0.125,-0.5991379310344828,5,0.5,0.0,8,1.0
6,1,Shannon Elizabeth,Derek Hough,17,2.9411764705882355,0.5294117647058824,Actor/Actress,Texas,United States,34,25-34,Eliminated Week 7,6,21.0,10,12,0.7777777777777778,0.5833333333333333,-0.19444444444444453,1,0.1,0.0,6,0.5
6,2,Shannon Elizabeth,Derek Hough,17,2.9411764705882355,0.5294117647058824,Actor/Actress,Texas,United States,34,25-34,Eliminated Week 7,6,24.0,10,12,0.8888888888888888,0.75,-0.13888888888888884,2,0.2,0.0,4,0.3333333333333333
6,3,Shannon Elizabeth,Derek Hough,17,2.9411764705882355,0.5294117647058824,Actor/Actress,Texas,United States,34,25-34,Eliminated Week 7,6,24.0,10,10,0.8888888888888888,0.7,-0.18888888888888888,3,0.3,0.0,4,0.4
6,4,Shannon Elizabeth,Derek Hough,17,2.9411764705882355,0.5294117647058824,Actor/Actress,Texas,United States,34,25-34,Eliminated Week 7,6,28.0,10,9,0.9655172413793104,0.7777777777777778,-0.1877394636015326,4,0.4,0.0,3,0.3333333333333333
6,5,Shannon Elizabeth,Derek Hough,17,2.9411764705882355,0.5294117647058824,Actor/Actress,Texas,United States,34,25-34,Eliminated Week 7,6,23.0,10,8,0.7931034482758621,0.5,-0.2931034482758621,5,0.5,0.0,5,0.625
6,6,Shannon Elizabeth,Derek Hough,17,2.9411764705882355,0.5294117647058824,Actor/Actress,Texas,United States,34,25-34,Eliminated Week 7,6,24.0,10,7,0.8,0.4285714285714286,-0.37142857142857144,6,0.6,0.0,5,0.7142857142857143
6,7,Shannon Elizabeth,Derek Hough,17,2.9411764705882355,0.5294117647058824,Actor/Actress,Texas,United States,34,25-34,Eliminated Week 7,6,25.5,10,6,0.9272727272727272,0.5,-0.42727272727272725,7,0.7,0.0,4,0.6666666666666666
6,1,Steve Guttenberg,Anna Trebunskaya,11,8.181818181818182,0.18181818181818182,Actor/Actress,New York,United States,49,45-54,Eliminated Week 3,10,18.0,10,12,0.6666666666666666,0.41666666666666663,-0.25,1,0.1,0.0,8,0.6666666666666666
6,2,Steve Guttenberg,Anna Trebunskaya,11,8.181818181818182,0.18181818181818182,Actor/Actress,New York,United States,49,45-54,Eliminated Week 3,10,16.0,10,12,0.5925925925925926,0.16666666666666663,-0.42592592592592593,2,0.2,0.0,11,0.9166666666666666
6,3,Steve Guttenberg,Anna Trebunskaya,11,8.181818181818182,0.18181818181818182,Actor/Actress,New York,United States,49,45-54,Eliminated Week 3,10,21.0,10,10,0.7777777777777778,0.5,-0.2777777777777778,3,0.3,0.0,6,0.6
7,1,Brooke Burke,Derek Hough,17,2.9411764705882355,0.5294117647058824,TV Personality,Connecticut,United States,37,35-44,1st Place,1,24.5,10,13,1.0,1.0,0.0,1,0.1,0.0,1,0.07692307692307693
7,2,Brooke Burke,Derek Hough,17,2.9411764705882355,0.5294117647058824,TV Personality,Connecticut,United States,37,35-44,1st Place,1,24.0,10,11,1.0,1.0,0.0,2,0.2,0.0,1,0.09090909090909091
7,3,Brooke Burke,Derek Hough,17,2.9411764705882355,0.5294117647058824,TV Personality,Connecticut,United States,37,35-44,1st Place,1,28.0,10,9,1.0,1.0,0.0,3,0.3,0.0,1,0.1111111111111111
7,4,Brooke Burke,Derek Hough,17,2.9411764705882355,0.5294117647058824,TV Personality,Connecticut,United States,37,35-44,1st Place,1,26.0,10,9,1.0,1.0,0.0,4,0.4,0.0,1,0.1111111111111111
7,5,Brooke Burke,Derek Hough,17,2.9411764705882355,0.5294117647058824,TV Personality,Connecticut,United States,37,35-44,1st Place,1,29.0,10,8,1.0,1.0,0.0,5,0.5,0.0,1,0.125
7,6,Brooke Burke,Derek Hough,17,2.9411764705882355,0.5294117647058824,TV Personality,Connecticut,United States,37,35-44,1st Place,1,26.0,10,7,0.9629629629629629,0.8571428571428572,-0.1058201058201057,6,0.6,0.0,2,0.2857142857142857
7,7,Brooke Burke,Derek Hough,17,2.9411764705882355,0.5294117647058824,TV Personality,Connecticut,United States,37,35-44,1st Place,1,30.0,10,6,1.0,1.0,0.0,7,0.7,0.0,1,0.16666666666666666
7,8,Brooke Burke,Derek Hough,17,2.9411764705882355,0.5294117647058824,TV Personality,Connecticut,United States,37,35-44,1st Place,1,27.5,10,5,1.0,1.0,0.0,8,0.8,0.0,1,0.2
7,9,Brooke Burke,Derek Hough,17,2.9411764705882355,0.5294117647058824,TV Personality,Connecticut,United States,37,35-44,1st Place,1,24.5,10,4,0.8596491228070176,0.75,-0.10964912280701755,9,0.9,0.0,2,0.5
7,10,Brooke Burke,Derek Hough,17,2.9411764705882355,0.5294117647058824,TV Personality,Connecticut,United States,37,35-44,1st Place,1,30.0,10,3,1.0,1.0,0.0,10,1.0,0.0,1,0.3333333333333333
7,1,Cloris Leachman,Corky Ballas,2,7.5,0.0,Actor/Actress,Iowa,United States,82,65+,Eliminated Week 6,7,16.0,10,13,0.6530612244897959,0.15384615384615385,-0.499215070643642,1,0.1,0.0,12,0.9230769230769231
7,2,Cloris Leachman,Corky Ballas,2,7.5,0.0,Actor/Actress,Iowa,United States,82,65+,Eliminated Week 6,7,15.0,10,11,0.625,0.09090909090909094,-0.5340909090909091,2,0.2,0.0,11,1.0
7,3,Cloris Leachman,Corky Ballas,2,7.5,0.0,Actor/Actress,Iowa,United States,82,65+,Eliminated Week 6,7,16.0,10,9,0.5714285714285714,0.11111111111111116,-0.46031746031746024,3,0.3,0.0,9,1.0
7,4,Cloris Leachman,Corky Ballas,2,7.5,0.0,Actor/Actress,Iowa,United States,82,65+,Eliminated Week 6,7,22.0,10,9,0.8461538461538461,0.5555555555555556,-0.29059829059829057,4,0.4,0.0,5,0.5555555555555556
7,5,Cloris Leachman,Corky Ballas,2,7.5,0.0,Actor/Actress,Iowa,United States,82,65+,Eliminated Week 6,7,21.0,10,8,0.7241379310344828,0.25,-0.47413793103448276,5,0.5,0.0,7,0.875
7,6,Cloris Leachman,Corky Ballas,2,7.5,0.0,Actor/Actress,Iowa,United States,82,65+,Eliminated Week 6,7,15.0,10,7,0.5555555555555556,0.1428571428571429,-0.4126984126984127,6,0.6,0.0,7,1.0
7,1,Cody Linley,Julianne Hough,5,4.2,0.4,Actor/Actress,Texas,United States,18,<25,Eliminated Week 9,4,20.5,10,13,0.8367346938775511,0.6153846153846154,-0.22135007849293564,1,0.1,0.0,6,0.46153846153846156
7,2,Cody Linley,Julianne Hough,5,4.2,0.4,Actor/Actress,Texas,United States,18,<25,Eliminated Week 9,4,21.0,10,11,0.875,0.7272727272727273,-0.1477272727272727,2,0.2,0.0,4,0.36363636363636365
7,3,Cody Linley,Julianne Hough,5,4.2,0.4,Actor/Actress,Texas,United States,18,<25,Eliminated Week 9,4,21.0,10,9,0.75,0.4444444444444444,-0.3055555555555556,3,0.3,0.0,6,0.6666666666666666
7,4,Cody Linley,Julianne Hough,5,4.2,0.4,Actor/Actress,Texas,United States,18,<25,Eliminated Week 9,4,23.0,10,9,0.8846153846153846,0.6666666666666667,-0.21794871794871784,4,0.4,0.0,4,0.4444444444444444
7,5,Cody Linley,Julianne Hough,5,4.2,0.4,Actor/Actress,Texas,United States,18,<25,Eliminated Week 9,4,28.0,10,8,0.9655172413793104,0.875,-0.09051724137931039,5,0.5,0.0,2,0.25
7,6,Cody Linley,Julianne Hough,5,4.2,0.4,Actor/Actress,Texas,United States,18,<25,Eliminated Week 9,4,23.0,10,7,0.8518518518518519,0.5714285714285714,-0.28042328042328046,6,0.6,0.0,4,0.5714285714285714
7,7,Cody Linley,Julianne Hough,5,4.2,0.4,Actor/Actress,Texas,United States,18,<25,Eliminated Week 9,4,22.0,10,6,0.7333333333333333,0.33333333333333337,-0.3999999999999999,7,0.7,0.0,5,0.8333333333333334
7,8,Cody Linley,Julianne Hough,5,4.2,0.4,Actor/Actress,Texas,United States,18,<25,Eliminated Week 9,4,24.0,10,5,0.8727272727272727,0.4,-0.47272727272727266,8,0.8,0.0,4,0.8
7,9,Cody Linley,Julianne Hough,5,4.2,0.4,Actor/Actress,Texas,United States,18,<25,Eliminated Week 9,4,23.0,10,4,0.8070175438596491,0.25,-0.5570175438596491,9,0.9,0.0,4,1.0
7,1,Jeffrey Ross,Edyta Sliwinska,11,7.545454545454546,0.18181818181818182,Comedian,New Jersey,United States,43,35-44,Eliminated Week 1,13,12.0,10,13,0.4897959183673469,0.07692307692307687,-0.41287284144427006,1,0.1,0.0,13,1.0
7,1,Kim Kardashian,Mark Ballas,21,5.190476190476191,0.47619047619047616,TV Personality,California,United States,27,25-34,Eliminated Week 2,11,18.5,10,13,0.7551020408163265,0.46153846153846156,-0.2935635792778649,1,0.1,0.0,8,0.6153846153846154
7,2,Kim Kardashian,Mark Ballas,21,5.190476190476191,0.47619047619047616,TV Personality,California,United States,27,25-34,Eliminated Week 2,11,17.0,10,11,0.7083333333333334,0.2727272727272727,-0.43560606060606066,2,0.2,0.0,9,0.8181818181818182
7,1,Lance Bass,Lacey Schwimmer,6,6.166666666666667,0.3333333333333333,Singer/Rapper,Mississippi,United States,29,25-34,3rd Place,3,21.5,10,13,0.8775510204081632,0.8461538461538461,-0.031397174254317095,1,0.1,0.0,3,0.23076923076923078
7,2,Lance Bass,Lacey Schwimmer,6,6.166666666666667,0.3333333333333333,Singer/Rapper,Mississippi,United States,29,25-34,3rd Place,3,20.0,10,11,0.8333333333333334,0.4545454545454546,-0.3787878787878788,2,0.2,0.0,7,0.6363636363636364
7,3,Lance Bass,Lacey Schwimmer,6,6.166666666666667,0.3333333333333333,Singer/Rapper,Mississippi,United States,29,25-34,3rd Place,3,22.0,10,9,0.7857142857142857,0.6666666666666667,-0.11904761904761896,3,0.3,0.0,4,0.4444444444444444
7,4,Lance Bass,Lacey Schwimmer,6,6.166666666666667,0.3333333333333333,Singer/Rapper,Mississippi,United States,29,25-34,3rd Place,3,26.0,10,9,1.0,1.0,0.0,4,0.4,0.0,1,0.1111111111111111
7,5,Lance Bass,Lacey Schwimmer,6,6.166666666666667,0.3333333333333333,Singer/Rapper,Mississippi,United States,29,25-34,3rd Place,3,21.0,10,8,0.7241379310344828,0.25,-0.47413793103448276,5,0.5,0.0,7,0.875
7,6,Lance Bass,Lacey Schwimmer,6,6.166666666666667,0.3333333333333333,Singer/Rapper,Mississippi,United States,29,25-34,3rd Place,3,27.0,10,7,1.0,1.0,0.0,6,0.6,0.0,1,0.14285714285714285
7,7,Lance Bass,Lacey Schwimmer,6,6.166666666666667,0.3333333333333333,Singer/Rapper,Mississippi,United States,29,25-34,3rd Place,3,25.0,10,6,0.8333333333333334,0.8333333333333334,0.0,7,0.7,0.0,2,0.3333333333333333
7,8,Lance Bass,Lacey Schwimmer,6,6.166666666666667,0.3333333333333333,Singer/Rapper,Mississippi,United States,29,25-34,3rd Place,3,25.0,10,5,0.9090909090909091,0.6,-0.3090909090909091,8,0.8,0.0,3,0.6
7,9,Lance Bass,Lacey Schwimmer,6,6.166666666666667,0.3333333333333333,Singer/Rapper,Mississippi,United States,29,25-34,3rd Place,3,28.5,10,4,1.0,1.0,0.0,9,0.9,0.0,1,0.25
7,10,Lance Bass,Lacey Schwimmer,6,6.166666666666667,0.3333333333333333,Singer/Rapper,Mississippi,United States,29,25-34,3rd Place,3,27.5,10,3,0.9166666666666666,0.6666666666666667,-0.2499999999999999,10,1.0,0.0,2,0.6666666666666666
7,1,Maurice Greene,Cheryl Burke,25,5.8,0.32,Athlete,Kansas,United States,34,25-34,Eliminated Week 8,5,19.5,10,13,0.7959183673469388,0.5384615384615384,-0.25745682888540034,1,0.1,0.0,7,0.5384615384615384
7,2,Maurice Greene,Cheryl Burke,25,5.8,0.32,Athlete,Kansas,United States,34,25-34,Eliminated Week 8,5,19.0,10,11,0.7916666666666666,0.36363636363636365,-0.428030303030303,2,0.2,0.0,8,0.7272727272727273
7,3,Maurice Greene,Cheryl Burke,25,5.8,0.32,Athlete,Kansas,United States,34,25-34,Eliminated Week 8,5,24.0,10,9,0.8571428571428571,0.7777777777777778,-0.0793650793650793,3,0.3,0.0,3,0.3333333333333333
7,4,Maurice Greene,Cheryl Burke,25,5.8,0.32,Athlete,Kansas,United States,34,25-34,Eliminated Week 8,5,20.0,10,9,0.7692307692307693,0.2222222222222222,-0.5470085470085471,4,0.4,0.0,8,0.8888888888888888
7,5,Maurice Greene,Cheryl Burke,25,5.8,0.32,Athlete,Kansas,United States,34,25-34,Eliminated Week 8,5,27.0,10,8,0.9310344827586207,0.75,-0.18103448275862066,5,0.5,0.0,3,0.375
7,6,Maurice Greene,Cheryl Burke,25,5.8,0.32,Athlete,Kansas,United States,34,25-34,Eliminated Week 8,5,21.0,10,7,0.7777777777777778,0.2857142857142857,-0.4920634920634921,6,0.6,0.0,6,0.8571428571428571
7,7,Maurice Greene,Cheryl Burke,25,5.8,0.32,Athlete,Kansas,United States,34,25-34,Eliminated Week 8,5,25.0,10,6,0.8333333333333334,0.8333333333333334,0.0,7,0.7,0.0,2,0.3333333333333333
7,8,Maurice Greene,Cheryl Burke,25,5.8,0.32,Athlete,Kansas,United States,34,25-34,Eliminated Week 8,5,24.0,10,5,0.8727272727272727,0.4,-0.47272727272727266,8,0.8,0.0,4,0.8
7,1,Misty May-Treanor,Maksim Chmerkoskiy,17,6.0,0.29411764705882354,Athlete,California,United States,31,25-34,Withdrew,10,21.0,10,13,0.8571428571428571,0.6923076923076923,-0.1648351648351648,1,0.1,0.0,5,0.38461538461538464
7,2,Misty May-Treanor,Maksim Chmerkoskiy,17,6.0,0.29411764705882354,Athlete,California,United States,31,25-34,Withdrew,10,21.0,10,11,0.875,0.7272727272727273,-0.1477272727272727,2,0.2,0.0,4,0.36363636363636365
7,1,Rocco DiSpirito,Karina Smirnoff,18,6.722222222222222,0.2222222222222222,TV Personality,New York,United States,41,35-44,Eliminated Week 4,9,17.5,10,13,0.7142857142857143,0.23076923076923073,-0.4835164835164836,1,0.1,0.0,11,0.8461538461538461
7,2,Rocco DiSpirito,Karina Smirnoff,18,6.722222222222222,0.2222222222222222,TV Personality,New York,United States,41,35-44,Eliminated Week 4,9,16.0,10,11,0.6666666666666666,0.18181818181818177,-0.48484848484848486,2,0.2,0.0,10,0.9090909090909091
7,3,Rocco DiSpirito,Karina Smirnoff,18,6.722222222222222,0.2222222222222222,TV Personality,New York,United States,41,35-44,Eliminated Week 4,9,20.0,10,9,0.7142857142857143,0.2222222222222222,-0.4920634920634921,3,0.3,0.0,8,0.8888888888888888
7,4,Rocco DiSpirito,Karina Smirnoff,18,6.722222222222222,0.2222222222222222,TV Personality,New York,United States,41,35-44,Eliminated Week 4,9,18.0,10,9,0.6923076923076923,0.11111111111111116,-0.5811965811965811,4,0.4,0.0,9,1.0
7,1,Susan Lucci,Tony Dovolani,21,7.666666666666667,0.14285714285714285,Actor/Actress,New York,United States,61,55-64,Eliminated Week 7,6,18.5,10,13,0.7551020408163265,0.46153846153846156,-0.2935635792778649,1,0.1,0.0,8,0.6153846153846154
7,2,Susan Lucci,Tony Dovolani,21,7.666666666666667,0.14285714285714285,Actor/Actress,New York,United States,61,55-64,Eliminated Week 7,6,21.0,10,11,0.875,0.7272727272727273,-0.1477272727272727,2,0.2,0.0,4,0.36363636363636365
7,3,Susan Lucci,Tony Dovolani,21,7.666666666666667,0.14285714285714285,Actor/Actress,New York,United States,61,55-64,Eliminated Week 7,6,21.0,10,9,0.75,0.4444444444444444,-0.3055555555555556,3,0.3,0.0,6,0.6666666666666666
7,4,Susan Lucci,Tony Dovolani,21,7.666666666666667,0.14285714285714285,Actor/Actress,New York,United States,61,55-64,Eliminated Week 7,6,24.0,10,9,0.9230769230769231,0.7777777777777778,-0.14529914529914534,4,0.4,0.0,3,0.3333333333333333
7,5,Susan Lucci,Tony Dovolani,21,7.666666666666667,0.14285714285714285,Actor/Actress,New York,United States,61,55-64,Eliminated Week 7,6,22.0,10,8,0.7586206896551724,0.5,-0.2586206896551724,5,0.5,0.0,5,0.625
7,6,Susan Lucci,Tony Dovolani,21,7.666666666666667,0.14285714285714285,Actor/Actress,New York,United States,61,55-64,Eliminated Week 7,6,23.0,10,7,0.8518518518518519,0.5714285714285714,-0.28042328042328046,6,0.6,0.0,4,0.5714285714285714
7,7,Susan Lucci,Tony Dovolani,21,7.666666666666667,0.14285714285714285,Actor/Actress,New York,United States,61,55-64,Eliminated Week 7,6,24.0,10,6,0.8,0.5,-0.30000000000000004,7,0.7,0.0,4,0.6666666666666666
7,1,Ted McGinley,Inna Brayer,1,12.0,0.0,Actor/Actress,California,United States,50,45-54,Eliminated Week 1,12,18.5,10,13,0.7551020408163265,0.46153846153846156,-0.2935635792778649,1,0.1,0.0,8,0.6153846153846154
7,1,Toni Braxton,Alec Mazo,5,8.4,0.2,Singer/Rapper,Maryland,United States,40,35-44,Eliminated Week 5,8,22.5,10,13,0.9183673469387755,0.9230769230769231,0.004709576138147598,1,0.1,0.0,2,0.15384615384615385
7,2,Toni Braxton,Alec Mazo,5,8.4,0.2,Singer/Rapper,Maryland,United States,40,35-44,Eliminated Week 5,8,23.0,10,11,0.9583333333333334,0.8181818181818181,-0.14015151515151525,2,0.2,0.0,3,0.2727272727272727
7,3,Toni Braxton,Alec Mazo,5,8.4,0.2,Singer/Rapper,Maryland,United States,40,35-44,Eliminated Week 5,8,22.0,10,9,0.7857142857142857,0.6666666666666667,-0.11904761904761896,3,0.3,0.0,4,0.4444444444444444
7,4,Toni Braxton,Alec Mazo,5,8.4,0.2,Singer/Rapper,Maryland,United States,40,35-44,Eliminated Week 5,8,22.0,10,9,0.8461538461538461,0.5555555555555556,-0.29059829059829057,4,0.4,0.0,5,0.5555555555555556
7,5,Toni Braxton,Alec Mazo,5,8.4,0.2,Singer/Rapper,Maryland,United States,40,35-44,Eliminated Week 5,8,22.0,10,8,0.7586206896551724,0.5,-0.2586206896551724,5,0.5,0.0,5,0.625
7,1,Warren Sapp,Kym Johnson,14,6.285714285714286,0.2857142857142857,Athlete,Florida,United States,35,35-44,2nd Place,2,21.5,10,13,0.8775510204081632,0.8461538461538461,-0.031397174254317095,1,0.1,0.0,3,0.23076923076923078
7,2,Warren Sapp,Kym Johnson,14,6.285714285714286,0.2857142857142857,Athlete,Florida,United States,35,35-44,2nd Place,2,24.0,10,11,1.0,1.0,0.0,2,0.2,0.0,1,0.09090909090909091
7,3,Warren Sapp,Kym Johnson,14,6.285714285714286,0.2857142857142857,Athlete,Florida,United States,35,35-44,2nd Place,2,25.0,10,9,0.8928571428571429,0.8888888888888888,-0.003968253968254065,3,0.3,0.0,2,0.2222222222222222
7,4,Warren Sapp,Kym Johnson,14,6.285714285714286,0.2857142857142857,Athlete,Florida,United States,35,35-44,2nd Place,2,22.0,10,9,0.8461538461538461,0.5555555555555556,-0.29059829059829057,4,0.4,0.0,5,0.5555555555555556
7,5,Warren Sapp,Kym Johnson,14,6.285714285714286,0.2857142857142857,Athlete,Florida,United States,35,35-44,2nd Place,2,25.0,10,8,0.8620689655172413,0.625,-0.23706896551724133,5,0.5,0.0,4,0.5
7,6,Warren Sapp,Kym Johnson,14,6.285714285714286,0.2857142857142857,Athlete,Florida,United States,35,35-44,2nd Place,2,25.0,10,7,0.9259259259259259,0.7142857142857143,-0.21164021164021163,6,0.6,0.0,3,0.42857142857142855
7,7,Warren Sapp,Kym Johnson,14,6.285714285714286,0.2857142857142857,Athlete,Florida,United States,35,35-44,2nd Place,2,21.0,10,6,0.7,0.16666666666666663,-0.5333333333333333,7,0.7,0.0,6,1.0
7,8,Warren Sapp,Kym Johnson,14,6.285714285714286,0.2857142857142857,Athlete,Florida,United States,35,35-44,2nd Place,2,27.0,10,5,0.9818181818181818,0.8,-0.18181818181818177,8,0.8,0.0,2,0.4
7,9,Warren Sapp,Kym Johnson,14,6.285714285714286,0.2857142857142857,Athlete,Florida,United States,35,35-44,2nd Place,2,24.5,10,4,0.8596491228070176,0.75,-0.10964912280701755,9,0.9,0.0,2,0.5
7,10,Warren Sapp,Kym Johnson,14,6.285714285714286,0.2857142857142857,Athlete,Florida,United States,35,35-44,2nd Place,2,27.5,10,3,0.9166666666666666,0.6666666666666667,-0.2499999999999999,10,1.0,0.0,2,0.6666666666666666
8,1,Belinda Carlisle,Jonathan Roberts,7,8.714285714285714,0.14285714285714285,Singer/Rapper,California,United States,50,45-54,Eliminated Week 2,13,17.0,11,13,0.7083333333333334,0.3846153846153846,-0.3237179487179488,1,0.09090909090909091,0.0,9,0.6923076923076923
8,2,Belinda Carlisle,Jonathan Roberts,7,8.714285714285714,0.14285714285714285,Singer/Rapper,California,United States,50,45-54,Eliminated Week 2,13,18.0,11,13,0.6666666666666666,0.3846153846153846,-0.28205128205128205,2,0.18181818181818182,0.0,9,0.6923076923076923
8,1,Chuck Wicks,Julianne Hough,5,4.2,0.4,Singer/Rapper,Delaware,United States,29,25-34,Eliminated Week 8,6,20.0,11,13,0.8333333333333334,0.6923076923076923,-0.14102564102564108,1,0.09090909090909091,0.0,5,0.38461538461538464
8,2,Chuck Wicks,Julianne Hough,5,4.2,0.4,Singer/Rapper,Delaware,United States,29,25-34,Eliminated Week 8,6,20.0,11,13,0.7407407407407407,0.6153846153846154,-0.12535612535612528,2,0.18181818181818182,0.0,6,0.46153846153846156
8,3,Chuck Wicks,Julianne Hough,5,4.2,0.4,Singer/Rapper,Delaware,United States,29,25-34,Eliminated Week 8,6,23.0,11,12,0.8518518518518519,0.5833333333333333,-0.2685185185185186,3,0.2727272727272727,0.0,6,0.5
8,4,Chuck Wicks,Julianne Hough,5,4.2,0.4,Singer/Rapper,Delaware,United States,29,25-34,Eliminated Week 8,6,22.0,11,11,0.7333333333333333,0.5454545454545454,-0.18787878787878787,4,0.36363636363636365,0.0,6,0.5454545454545454
8,5,Chuck Wicks,Julianne Hough,5,4.2,0.4,Singer/Rapper,Delaware,United States,29,25-34,Eliminated Week 8,6,23.0,11,9,0.7931034482758621,0.5555555555555556,-0.23754789272030652,5,0.45454545454545453,0.0,5,0.5555555555555556
8,6,Chuck Wicks,Julianne Hough,5,4.2,0.4,Singer/Rapper,Delaware,United States,29,25-34,Eliminated Week 8,6,23.0,11,8,0.8214285714285714,0.5,-0.3214285714285714,6,0.5454545454545454,0.0,5,0.625
8,7,Chuck Wicks,Julianne Hough,5,4.2,0.4,Singer/Rapper,Delaware,United States,29,25-34,Eliminated Week 8,6,27.0,11,7,0.9310344827586207,0.7142857142857143,-0.21674876847290636,7,0.6363636363636364,0.0,3,0.42857142857142855
8,8,Chuck Wicks,Julianne Hough,5,4.2,0.4,Singer/Rapper,Delaware,United States,29,25-34,Eliminated Week 8,6,25.5,11,6,0.9107142857142857,0.33333333333333337,-0.5773809523809523,8,0.7272727272727273,0.0,5,0.8333333333333334
8,1,David Alan Grier,Kym Johnson,14,6.285714285714286,0.2857142857142857,Actor/Actress,Michigan,United States,52,45-54,Eliminated Week 5,9,19.0,11,13,0.7916666666666666,0.6153846153846154,-0.1762820512820512,1,0.09090909090909091,0.0,6,0.46153846153846156
8,2,David Alan Grier,Kym Johnson,14,6.285714285714286,0.2857142857142857,Actor/Actress,Michigan,United States,52,45-54,Eliminated Week 5,9,17.0,11,13,0.6296296296296297,0.23076923076923073,-0.3988603988603989,2,0.18181818181818182,0.0,11,0.8461538461538461
8,3,David Alan Grier,Kym Johnson,14,6.285714285714286,0.2857142857142857,Actor/Actress,Michigan,United States,52,45-54,Eliminated Week 5,9,24.0,11,12,0.8888888888888888,0.6666666666666667,-0.2222222222222221,3,0.2727272727272727,0.0,5,0.4166666666666667
8,4,David Alan Grier,Kym Johnson,14,6.285714285714286,0.2857142857142857,Actor/Actress,Michigan,United States,52,45-54,Eliminated Week 5,9,22.0,11,11,0.7333333333333333,0.5454545454545454,-0.18787878787878787,4,0.36363636363636365,0.0,6,0.5454545454545454
8,5,David Alan Grier,Kym Johnson,14,6.285714285714286,0.2857142857142857,Actor/Actress,Michigan,United States,52,45-54,Eliminated Week 5,9,22.0,11,9,0.7586206896551724,0.4444444444444444,-0.31417624521072796,5,0.45454545454545453,0.0,6,0.6666666666666666
8,1,Denise Richards,Maksim Chmerkoskiy,17,6.0,0.29411764705882354,Actor/Actress,Illinois,United States,38,35-44,Eliminated Week 3,12,18.0,11,13,0.75,0.5384615384615384,-0.21153846153846156,1,0.09090909090909091,0.0,7,0.5384615384615384
8,2,Denise Richards,Maksim Chmerkoskiy,17,6.0,0.29411764705882354,Actor/Actress,Illinois,United States,38,35-44,Eliminated Week 3,12,21.0,11,13,0.7777777777777778,0.6923076923076923,-0.0854700854700855,2,0.18181818181818182,0.0,5,0.38461538461538464
8,3,Denise Richards,Maksim Chmerkoskiy,17,6.0,0.29411764705882354,Actor/Actress,Illinois,United States,38,35-44,Eliminated Week 3,12,16.0,11,12,0.5925925925925926,0.25,-0.34259259259259256,3,0.2727272727272727,0.0,10,0.8333333333333334
8,1,Gilles Marini,Cheryl Burke,25,5.8,0.32,Actor/Actress,Unknown,France,33,25-34,2nd Place,2,24.0,11,13,1.0,1.0,0.0,1,0.09090909090909091,0.0,1,0.07692307692307693
8,2,Gilles Marini,Cheryl Burke,25,5.8,0.32,Actor/Actress,Unknown,France,33,25-34,2nd Place,2,27.0,11,13,1.0,1.0,0.0,2,0.18181818181818182,0.0,1,0.07692307692307693
8,3,Gilles Marini,Cheryl Burke,25,5.8,0.32,Actor/Actress,Unknown,France,33,25-34,2nd Place,2,27.0,11,12,1.0,1.0,0.0,3,0.2727272727272727,0.0,1,0.08333333333333333
8,4,Gilles Marini,Cheryl Burke,25,5.8,0.32,Actor/Actress,Unknown,France,33,25-34,2nd Place,2,30.0,11,11,1.0,1.0,0.0,4,0.36363636363636365,0.0,1,0.09090909090909091
8,5,Gilles Marini,Cheryl Burke,25,5.8,0.32,Actor/Actress,Unknown,France,33,25-34,2nd Place,2,29.0,11,9,1.0,1.0,0.0,5,0.45454545454545453,0.0,1,0.1111111111111111
8,6,Gilles Marini,Cheryl Burke,25,5.8,0.32,Actor/Actress,Unknown,France,33,25-34,2nd Place,2,26.0,11,8,0.9285714285714286,0.75,-0.1785714285714286,6,0.5454545454545454,0.0,3,0.375
8,7,Gilles Marini,Cheryl Burke,25,5.8,0.32,Actor/Actress,Unknown,France,33,25-34,2nd Place,2,27.0,11,7,0.9310344827586207,0.7142857142857143,-0.21674876847290636,7,0.6363636363636364,0.0,3,0.42857142857142855
8,8,Gilles Marini,Cheryl Burke,25,5.8,0.32,Actor/Actress,Unknown,France,33,25-34,2nd Place,2,27.5,11,6,0.9821428571428571,0.8333333333333334,-0.14880952380952372,8,0.7272727272727273,0.0,2,0.3333333333333333
8,9,Gilles Marini,Cheryl Burke,25,5.8,0.32,Actor/Actress,Unknown,France,33,25-34,2nd Place,2,28.0,11,5,0.9824561403508771,0.8,-0.1824561403508771,9,0.8181818181818182,0.0,2,0.4
8,10,Gilles Marini,Cheryl Burke,25,5.8,0.32,Actor/Actress,Unknown,France,33,25-34,2nd Place,2,30.0,11,4,1.0,1.0,0.0,10,0.9090909090909091,0.0,1,0.25
8,11,Gilles Marini,Cheryl Burke,25,5.8,0.32,Actor/Actress,Unknown,France,33,25-34,2nd Place,2,29.0,11,3,0.9666666666666667,0.6666666666666667,-0.29999999999999993,11,1.0,0.0,2,0.6666666666666666
8,1,Holly Madison,Dmitry Chaplin,3,7.0,0.3333333333333333,TV Personality,Oregon,United States,30,25-34,Eliminated Week 4,11,18.0,11,13,0.75,0.5384615384615384,-0.21153846153846156,1,0.09090909090909091,0.0,7,0.5384615384615384
8,2,Holly Madison,Dmitry Chaplin,3,7.0,0.3333333333333333,TV Personality,Oregon,United States,30,25-34,Eliminated Week 4,11,18.0,11,13,0.6666666666666666,0.3846153846153846,-0.28205128205128205,2,0.18181818181818182,0.0,9,0.6923076923076923
8,3,Holly Madison,Dmitry Chaplin,3,7.0,0.3333333333333333,TV Personality,Oregon,United States,30,25-34,Eliminated Week 4,11,17.0,11,12,0.6296296296296297,0.33333333333333337,-0.2962962962962963,3,0.2727272727272727,0.0,9,0.75
8,4,Holly Madison,Dmitry Chaplin,3,7.0,0.3333333333333333,TV Personality,Oregon,United States,30,25-34,Eliminated Week 4,11,16.0,11,11,0.5333333333333333,0.2727272727272727,-0.2606060606060606,4,0.36363636363636365,0.0,9,0.8181818181818182
8,1,Lawrence Taylor,Edyta Sliwinska,11,7.545454545454546,0.18181818181818182,Athlete,Virginia,United States,50,45-54,Eliminated Week 7,7,16.0,11,13,0.6666666666666666,0.23076923076923073,-0.4358974358974359,1,0.09090909090909091,0.0,11,0.8461538461538461
8,2,Lawrence Taylor,Edyta Sliwinska,11,7.545454545454546,0.18181818181818182,Athlete,Virginia,United States,50,45-54,Eliminated Week 7,7,20.0,11,13,0.7407407407407407,0.6153846153846154,-0.12535612535612528,2,0.18181818181818182,0.0,6,0.46153846153846156
8,3,Lawrence Taylor,Edyta Sliwinska,11,7.545454545454546,0.18181818181818182,Athlete,Virginia,United States,50,45-54,Eliminated Week 7,7,20.0,11,12,0.7407407407407407,0.41666666666666663,-0.32407407407407407,3,0.2727272727272727,0.0,8,0.6666666666666666
8,4,Lawrence Taylor,Edyta Sliwinska,11,7.545454545454546,0.18181818181818182,Athlete,Virginia,United States,50,45-54,Eliminated Week 7,7,19.0,11,11,0.6333333333333333,0.36363636363636365,-0.26969696969696966,4,0.36363636363636365,0.0,8,0.7272727272727273
8,5,Lawrence Taylor,Edyta Sliwinska,11,7.545454545454546,0.18181818181818182,Athlete,Virginia,United States,50,45-54,Eliminated Week 7,7,20.0,11,9,0.6896551724137931,0.2222222222222222,-0.46743295019157094,5,0.45454545454545453,0.0,8,0.8888888888888888
8,6,Lawrence Taylor,Edyta Sliwinska,11,7.545454545454546,0.18181818181818182,Athlete,Virginia,United States,50,45-54,Eliminated Week 7,7,22.0,11,8,0.7857142857142857,0.375,-0.4107142857142857,6,0.5454545454545454,0.0,6,0.75
8,7,Lawrence Taylor,Edyta Sliwinska,11,7.545454545454546,0.18181818181818182,Athlete,Virginia,United States,50,45-54,Eliminated Week 7,7,21.0,11,7,0.7241379310344828,0.1428571428571429,-0.5812807881773399,7,0.6363636363636364,0.0,7,1.0
8,1,Lil' Kim,Derek Hough,17,2.9411764705882355,0.5294117647058824,Singer/Rapper,New York,United States,34,25-34,Eliminated Week 9,5,21.0,11,13,0.875,0.7692307692307692,-0.10576923076923084,1,0.09090909090909091,0.0,4,0.3076923076923077
8,2,Lil' Kim,Derek Hough,17,2.9411764705882355,0.5294117647058824,Singer/Rapper,New York,United States,34,25-34,Eliminated Week 9,5,23.0,11,13,0.8518518518518519,0.7692307692307692,-0.0826210826210827,2,0.18181818181818182,0.0,4,0.3076923076923077
8,3,Lil' Kim,Derek Hough,17,2.9411764705882355,0.5294117647058824,Singer/Rapper,New York,United States,34,25-34,Eliminated Week 9,5,25.0,11,12,0.9259259259259259,0.75,-0.17592592592592593,3,0.2727272727272727,0.0,4,0.3333333333333333
8,4,Lil' Kim,Derek Hough,17,2.9411764705882355,0.5294117647058824,Singer/Rapper,New York,United States,34,25-34,Eliminated Week 9,5,27.0,11,11,0.9,0.8181818181818181,-0.0818181818181819,4,0.36363636363636365,0.0,3,0.2727272727272727
8,5,Lil' Kim,Derek Hough,17,2.9411764705882355,0.5294117647058824,Singer/Rapper,New York,United States,34,25-34,Eliminated Week 9,5,26.0,11,9,0.896551724137931,0.8888888888888888,-0.00766283524904221,5,0.45454545454545453,0.0,2,0.2222222222222222
8,6,Lil' Kim,Derek Hough,17,2.9411764705882355,0.5294117647058824,Singer/Rapper,New York,United States,34,25-34,Eliminated Week 9,5,28.0,11,8,1.0,1.0,0.0,6,0.5454545454545454,0.0,1,0.125
8,7,Lil' Kim,Derek Hough,17,2.9411764705882355,0.5294117647058824,Singer/Rapper,New York,United States,34,25-34,Eliminated Week 9,5,26.0,11,7,0.896551724137931,0.4285714285714286,-0.46798029556650245,7,0.6363636363636364,0.0,5,0.7142857142857143
8,8,Lil' Kim,Derek Hough,17,2.9411764705882355,0.5294117647058824,Singer/Rapper,New York,United States,34,25-34,Eliminated Week 9,5,28.0,11,6,1.0,1.0,0.0,8,0.7272727272727273,0.0,1,0.16666666666666666
8,9,Lil' Kim,Derek Hough,17,2.9411764705882355,0.5294117647058824,Singer/Rapper,New York,United States,34,25-34,Eliminated Week 9,5,26.0,11,5,0.9122807017543859,0.4,-0.5122807017543859,9,0.8181818181818182,0.0,4,0.8
8,1,Melissa Rycroft,Tony Dovolani,21,7.666666666666667,0.14285714285714285,TV Personality,Texas,United States,26,25-34,3rd Place,3,23.0,11,13,0.9583333333333334,0.9230769230769231,-0.03525641025641024,1,0.09090909090909091,0.0,2,0.15384615384615385
8,2,Melissa Rycroft,Tony Dovolani,21,7.666666666666667,0.14285714285714285,TV Personality,Texas,United States,26,25-34,3rd Place,3,26.0,11,13,0.9629629629629629,0.9230769230769231,-0.03988603988603978,2,0.18181818181818182,0.0,2,0.15384615384615385
8,3,Melissa Rycroft,Tony Dovolani,21,7.666666666666667,0.14285714285714285,TV Personality,Texas,United States,26,25-34,3rd Place,3,27.0,11,12,1.0,1.0,0.0,3,0.2727272727272727,0.0,1,0.08333333333333333
8,4,Melissa Rycroft,Tony Dovolani,21,7.666666666666667,0.14285714285714285,TV Personality,Texas,United States,26,25-34,3rd Place,3,29.0,11,11,0.9666666666666667,0.9090909090909091,-0.05757575757575761,4,0.36363636363636365,0.0,2,0.18181818181818182
8,5,Melissa Rycroft,Tony Dovolani,21,7.666666666666667,0.14285714285714285,TV Personality,Texas,United States,26,25-34,3rd Place,3,25.0,11,9,0.8620689655172413,0.6666666666666667,-0.19540229885057459,5,0.45454545454545453,0.0,4,0.4444444444444444
8,6,Melissa Rycroft,Tony Dovolani,21,7.666666666666667,0.14285714285714285,TV Personality,Texas,United States,26,25-34,3rd Place,3,27.0,11,8,0.9642857142857143,0.875,-0.0892857142857143,6,0.5454545454545454,0.0,2,0.25
8,7,Melissa Rycroft,Tony Dovolani,21,7.666666666666667,0.14285714285714285,TV Personality,Texas,United States,26,25-34,3rd Place,3,29.0,11,7,1.0,1.0,0.0,7,0.6363636363636364,0.0,1,0.14285714285714285
8,8,Melissa Rycroft,Tony Dovolani,21,7.666666666666667,0.14285714285714285,TV Personality,Texas,United States,26,25-34,3rd Place,3,23.0,11,6,0.8214285714285714,0.16666666666666663,-0.6547619047619048,8,0.7272727272727273,0.0,6,1.0
8,9,Melissa Rycroft,Tony Dovolani,21,7.666666666666667,0.14285714285714285,TV Personality,Texas,United States,26,25-34,3rd Place,3,28.5,11,5,1.0,1.0,0.0,9,0.8181818181818182,0.0,1,0.2
8,10,Melissa Rycroft,Tony Dovolani,21,7.666666666666667,0.14285714285714285,TV Personality,Texas,United States,26,25-34,3rd Place,3,27.5,11,4,0.9166666666666666,0.5,-0.41666666666666663,10,0.9090909090909091,0.0,3,0.75
8,11,Melissa Rycroft,Tony Dovolani,21,7.666666666666667,0.14285714285714285,TV Personality,Texas,United States,26,25-34,3rd Place,3,28.5,11,3,0.95,0.33333333333333337,-0.6166666666666666,11,1.0,0.0,3,1.0
8,1,Shawn Johnson,Mark Ballas,21,5.190476190476191,0.47619047619047616,Athlete,Iowa,United States,17,<25,1st Place,1,23.0,11,13,0.9583333333333334,0.9230769230769231,-0.03525641025641024,1,0.09090909090909091,0.0,2,0.15384615384615385
8,2,Shawn Johnson,Mark Ballas,21,5.190476190476191,0.47619047619047616,Athlete,Iowa,United States,17,<25,1st Place,1,24.0,11,13,0.8888888888888888,0.8461538461538461,-0.042735042735042694,2,0.18181818181818182,0.0,3,0.23076923076923078
8,3,Shawn Johnson,Mark Ballas,21,5.190476190476191,0.47619047619047616,Athlete,Iowa,United States,17,<25,1st Place,1,27.0,11,12,1.0,1.0,0.0,3,0.2727272727272727,0.0,1,0.08333333333333333
8,4,Shawn Johnson,Mark Ballas,21,5.190476190476191,0.47619047619047616,Athlete,Iowa,United States,17,<25,1st Place,1,25.0,11,11,0.8333333333333334,0.7272727272727273,-0.10606060606060608,4,0.36363636363636365,0.0,4,0.36363636363636365
8,5,Shawn Johnson,Mark Ballas,21,5.190476190476191,0.47619047619047616,Athlete,Iowa,United States,17,<25,1st Place,1,26.0,11,9,0.896551724137931,0.8888888888888888,-0.00766283524904221,5,0.45454545454545453,0.0,2,0.2222222222222222
8,6,Shawn Johnson,Mark Ballas,21,5.190476190476191,0.47619047619047616,Athlete,Iowa,United States,17,<25,1st Place,1,26.0,11,8,0.9285714285714286,0.75,-0.1785714285714286,6,0.5454545454545454,0.0,3,0.375
8,7,Shawn Johnson,Mark Ballas,21,5.190476190476191,0.47619047619047616,Athlete,Iowa,United States,17,<25,1st Place,1,28.0,11,7,0.9655172413793104,0.8571428571428572,-0.10837438423645318,7,0.6363636363636364,0.0,2,0.2857142857142857
8,8,Shawn Johnson,Mark Ballas,21,5.190476190476191,0.47619047619047616,Athlete,Iowa,United States,17,<25,1st Place,1,26.0,11,6,0.9285714285714286,0.6666666666666667,-0.26190476190476186,8,0.7272727272727273,0.0,3,0.5
8,9,Shawn Johnson,Mark Ballas,21,5.190476190476191,0.47619047619047616,Athlete,Iowa,United States,17,<25,1st Place,1,28.0,11,5,0.9824561403508771,0.8,-0.1824561403508771,9,0.8181818181818182,0.0,2,0.4
8,10,Shawn Johnson,Mark Ballas,21,5.190476190476191,0.47619047619047616,Athlete,Iowa,United States,17,<25,1st Place,1,28.0,11,4,0.9333333333333333,0.75,-0.18333333333333335,10,0.9090909090909091,0.0,2,0.5
8,11,Shawn Johnson,Mark Ballas,21,5.190476190476191,0.47619047619047616,Athlete,Iowa,United States,17,<25,1st Place,1,30.0,11,3,1.0,1.0,0.0,11,1.0,0.0,1,0.3333333333333333
8,1,Steve Wozniak,Karina Smirnoff,18,6.722222222222222,0.2222222222222222,Entrepreneur,California,United States,58,55-64,Eliminated Week 4,10,13.0,11,13,0.5416666666666666,0.07692307692307687,-0.46474358974358976,1,0.09090909090909091,0.0,13,1.0
8,2,Steve Wozniak,Karina Smirnoff,18,6.722222222222222,0.2222222222222222,Entrepreneur,California,United States,58,55-64,Eliminated Week 4,10,17.0,11,13,0.6296296296296297,0.23076923076923073,-0.3988603988603989,2,0.18181818181818182,0.0,11,0.8461538461538461
8,3,Steve Wozniak,Karina Smirnoff,18,6.722222222222222,0.2222222222222222,Entrepreneur,California,United States,58,55-64,Eliminated Week 4,10,10.0,11,12,0.37037037037037035,0.08333333333333337,-0.287037037037037,3,0.2727272727272727,0.0,12,1.0
8,4,Steve Wozniak,Karina Smirnoff,18,6.722222222222222,0.2222222222222222,Entrepreneur,California,United States,58,55-64,Eliminated Week 4,10,12.0,11,11,0.4,0.09090909090909094,-0.3090909090909091,4,0.36363636363636365,0.0,11,1.0
8,1,Steve-O,Lacey Schwimmer,6,6.166666666666667,0.3333333333333333,TV Personality,Unknown,England,34,25-34,Eliminated Week 6,8,17.0,11,13,0.7083333333333334,0.3846153846153846,-0.3237179487179488,1,0.09090909090909091,0.0,9,0.6923076923076923
8,2,Steve-O,Lacey Schwimmer,6,6.166666666666667,0.3333333333333333,TV Personality,Unknown,England,34,25-34,Eliminated Week 6,8,14.0,11,13,0.5185185185185185,0.07692307692307687,-0.4415954415954416,2,0.18181818181818182,0.0,13,1.0
8,3,Steve-O,Lacey Schwimmer,6,6.166666666666667,0.3333333333333333,TV Personality,Unknown,England,34,25-34,Eliminated Week 6,8,15.0,11,12,0.5555555555555556,0.16666666666666663,-0.38888888888888895,3,0.2727272727272727,0.0,11,0.9166666666666666
8,4,Steve-O,Lacey Schwimmer,6,6.166666666666667,0.3333333333333333,TV Personality,Unknown,England,34,25-34,Eliminated Week 6,8,15.0,11,11,0.5,0.18181818181818177,-0.31818181818181823,4,0.36363636363636365,0.0,10,0.9090909090909091
8,5,Steve-O,Lacey Schwimmer,6,6.166666666666667,0.3333333333333333,TV Personality,Unknown,England,34,25-34,Eliminated Week 6,8,18.0,11,9,0.6206896551724138,0.11111111111111116,-0.5095785440613027,5,0.45454545454545453,0.0,9,1.0
8,6,Steve-O,Lacey Schwimmer,6,6.166666666666667,0.3333333333333333,TV Personality,Unknown,England,34,25-34,Eliminated Week 6,8,16.0,11,8,0.5714285714285714,0.125,-0.4464285714285714,6,0.5454545454545454,0.0,8,1.0
8,1,Ty Murray,Chelsie Hightower,7,7.285714285714286,0.0,Athlete,Arizona,United States,39,35-44,Eliminated Week 10,4,14.0,11,13,0.5833333333333334,0.15384615384615385,-0.4294871794871795,1,0.09090909090909091,0.0,12,0.9230769230769231
8,2,Ty Murray,Chelsie Hightower,7,7.285714285714286,0.0,Athlete,Arizona,United States,39,35-44,Eliminated Week 10,4,20.0,11,13,0.7407407407407407,0.6153846153846154,-0.12535612535612528,2,0.18181818181818182,0.0,6,0.46153846153846156
8,3,Ty Murray,Chelsie Hightower,7,7.285714285714286,0.0,Athlete,Arizona,United States,39,35-44,Eliminated Week 10,4,23.0,11,12,0.8518518518518519,0.5833333333333333,-0.2685185185185186,3,0.2727272727272727,0.0,6,0.5
8,4,Ty Murray,Chelsie Hightower,7,7.285714285714286,0.0,Athlete,Arizona,United States,39,35-44,Eliminated Week 10,4,25.0,11,11,0.8333333333333334,0.7272727272727273,-0.10606060606060608,4,0.36363636363636365,0.0,4,0.36363636363636365
8,5,Ty Murray,Chelsie Hightower,7,7.285714285714286,0.0,Athlete,Arizona,United States,39,35-44,Eliminated Week 10,4,21.0,11,9,0.7241379310344828,0.33333333333333337,-0.3908045977011494,5,0.45454545454545453,0.0,7,0.7777777777777778
8,6,Ty Murray,Chelsie Hightower,7,7.285714285714286,0.0,Athlete,Arizona,United States,39,35-44,Eliminated Week 10,4,18.0,11,8,0.6428571428571429,0.25,-0.3928571428571429,6,0.5454545454545454,0.0,7,0.875
8,7,Ty Murray,Chelsie Hightower,7,7.285714285714286,0.0,Athlete,Arizona,United States,39,35-44,Eliminated Week 10,4,24.0,11,7,0.8275862068965517,0.2857142857142857,-0.541871921182266,7,0.6363636363636364,0.0,6,0.8571428571428571
8,8,Ty Murray,Chelsie Hightower,7,7.285714285714286,0.0,Athlete,Arizona,United States,39,35-44,Eliminated Week 10,4,26.0,11,6,0.9285714285714286,0.6666666666666667,-0.26190476190476186,8,0.7272727272727273,0.0,3,0.5
8,9,Ty Murray,Chelsie Hightower,7,7.285714285714286,0.0,Athlete,Arizona,United States,39,35-44,Eliminated Week 10,4,23.0,11,5,0.8070175438596491,0.19999999999999996,-0.6070175438596491,9,0.8181818181818182,0.0,5,1.0
8,10,Ty Murray,Chelsie Hightower,7,7.285714285714286,0.0,Athlete,Arizona,United States,39,35-44,Eliminated Week 10,4,24.0,11,4,0.8,0.25,-0.55,10,0.9090909090909091,0.0,4,1.0
9,1,Aaron Carter,Karina Smirnoff,18,6.722222222222222,0.2222222222222222,Singer/Rapper,Florida,United States,21,<25,Eliminated Week 8,5,31.999899999999997,10,16,0.9411762975773458,0.9375,-0.0036762975773457773,1,0.1,0.0,2,0.125
9,2,Aaron Carter,Karina Smirnoff,18,6.722222222222222,0.2222222222222222,Singer/Rapper,Florida,United States,21,<25,Eliminated Week 8,5,27.0,10,14,1.0,1.0,0.0,2,0.2,0.0,1,0.07142857142857142
9,3,Aaron Carter,Karina Smirnoff,18,6.722222222222222,0.2222222222222222,Singer/Rapper,Florida,United States,21,<25,Eliminated Week 8,5,21.0,10,13,0.7777777777777778,0.7692307692307692,-0.008547008547008628,3,0.3,0.0,4,0.3076923076923077
9,4,Aaron Carter,Karina Smirnoff,18,6.722222222222222,0.2222222222222222,Singer/Rapper,Florida,United States,21,<25,Eliminated Week 8,5,18.0,10,11,0.6428571428571429,0.36363636363636365,-0.27922077922077926,4,0.4,0.0,8,0.7272727272727273
9,5,Aaron Carter,Karina Smirnoff,18,6.722222222222222,0.2222222222222222,Singer/Rapper,Florida,United States,21,<25,Eliminated Week 8,5,24.0,10,10,0.8275862068965517,0.7,-0.12758620689655176,5,0.5,0.0,4,0.4
9,6,Aaron Carter,Karina Smirnoff,18,6.722222222222222,0.2222222222222222,Singer/Rapper,Florida,United States,21,<25,Eliminated Week 8,5,32.9998,10,9,0.9166636573990484,0.7777777777777778,-0.13888587962127064,6,0.6,0.0,3,0.3333333333333333
9,7,Aaron Carter,Karina Smirnoff,18,6.722222222222222,0.2222222222222222,Singer/Rapper,Florida,United States,21,<25,Eliminated Week 8,5,26.5,10,7,0.9636363636363636,0.8571428571428572,-0.10649350649350642,7,0.7,0.0,2,0.2857142857142857
9,8,Aaron Carter,Karina Smirnoff,18,6.722222222222222,0.2222222222222222,Singer/Rapper,Florida,United States,21,<25,Eliminated Week 8,5,25.0,10,5,0.847457627118644,0.4,-0.447457627118644,8,0.8,0.0,4,0.8
9,1,Ashley Hamiliton,Edyta Sliwinska,11,7.545454545454546,0.18181818181818182,Actor/Actress,California,United States,34,25-34,Eliminated Week 1,16,18.9999,10,16,0.5588222318300937,0.125,-0.4338222318300937,1,0.1,0.0,15,0.9375
9,1,Chuck Liddell,Anna Trebunskaya,11,8.181818181818182,0.18181818181818182,Athlete,California,United States,39,35-44,Eliminated Week 4,11,22.0,10,16,0.6470607266491961,0.4375,-0.20956072664919612,1,0.1,0.0,10,0.625
9,2,Chuck Liddell,Anna Trebunskaya,11,8.181818181818182,0.18181818181818182,Athlete,California,United States,39,35-44,Eliminated Week 4,11,19.0,10,14,0.7037037037037037,0.4285714285714286,-0.2751322751322751,2,0.2,0.0,9,0.6428571428571429
9,3,Chuck Liddell,Anna Trebunskaya,11,8.181818181818182,0.18181818181818182,Athlete,California,United States,39,35-44,Eliminated Week 4,11,17.0,10,13,0.6296296296296297,0.3076923076923077,-0.32193732193732194,3,0.3,0.0,10,0.7692307692307693
9,4,Chuck Liddell,Anna Trebunskaya,11,8.181818181818182,0.18181818181818182,Athlete,California,United States,39,35-44,Eliminated Week 4,11,17.0,10,11,0.6071428571428571,0.2727272727272727,-0.3344155844155844,4,0.4,0.0,9,0.8181818181818182
9,1,Debi Mazar,Maksim Chmerkoskiy,17,6.0,0.29411764705882354,Actor/Actress,New York,United States,45,45-54,Eliminated Week 3,12,22.0,10,16,0.6470607266491961,0.4375,-0.20956072664919612,1,0.1,0.0,10,0.625
9,2,Debi Mazar,Maksim Chmerkoskiy,17,6.0,0.29411764705882354,Actor/Actress,New York,United States,45,45-54,Eliminated Week 3,12,21.0,10,14,0.7777777777777778,0.7857142857142857,0.007936507936507908,2,0.2,0.0,4,0.2857142857142857
9,3,Debi Mazar,Maksim Chmerkoskiy,17,6.0,0.29411764705882354,Actor/Actress,New York,United States,45,45-54,Eliminated Week 3,12,17.0,10,13,0.6296296296296297,0.3076923076923077,-0.32193732193732194,3,0.3,0.0,10,0.7692307692307693
9,1,Donny Osmond,Kym Johnson,14,6.285714285714286,0.2857142857142857,Singer/Rapper,Utah,United States,51,45-54,1st Place,1,29.999899999999997,10,16,0.8823525951546917,0.75,-0.13235259515469167,1,0.1,0.0,5,0.3125
9,2,Donny Osmond,Kym Johnson,14,6.285714285714286,0.2857142857142857,Singer/Rapper,Utah,United States,51,45-54,1st Place,1,25.0,10,14,0.9259259259259259,0.8571428571428572,-0.06878306878306872,2,0.2,0.0,3,0.21428571428571427
9,3,Donny Osmond,Kym Johnson,14,6.285714285714286,0.2857142857142857,Singer/Rapper,Utah,United States,51,45-54,1st Place,1,21.0,10,13,0.7777777777777778,0.7692307692307692,-0.008547008547008628,3,0.3,0.0,4,0.3076923076923077
9,4,Donny Osmond,Kym Johnson,14,6.285714285714286,0.2857142857142857,Singer/Rapper,Utah,United States,51,45-54,1st Place,1,24.0,10,11,0.8571428571428571,0.7272727272727273,-0.1298701298701298,4,0.4,0.0,4,0.36363636363636365
9,5,Donny Osmond,Kym Johnson,14,6.285714285714286,0.2857142857142857,Singer/Rapper,Utah,United States,51,45-54,1st Place,1,29.0,10,10,1.0,1.0,0.0,5,0.5,0.0,1,0.1
9,6,Donny Osmond,Kym Johnson,14,6.285714285714286,0.2857142857142857,Singer/Rapper,Utah,United States,51,45-54,1st Place,1,30.999899999999997,10,9,0.8611107253075703,0.5555555555555556,-0.3055551697520147,6,0.6,0.0,5,0.5555555555555556
9,7,Donny Osmond,Kym Johnson,14,6.285714285714286,0.2857142857142857,Singer/Rapper,Utah,United States,51,45-54,1st Place,1,26.0,10,7,0.9454545454545454,0.7142857142857143,-0.23116883116883113,7,0.7,0.0,3,0.42857142857142855
9,8,Donny Osmond,Kym Johnson,14,6.285714285714286,0.2857142857142857,Singer/Rapper,Utah,United States,51,45-54,1st Place,1,25.0,10,5,0.847457627118644,0.4,-0.447457627118644,8,0.8,0.0,4,0.8
9,9,Donny Osmond,Kym Johnson,14,6.285714285714286,0.2857142857142857,Singer/Rapper,Utah,United States,51,45-54,1st Place,1,24.666600000000003,10,4,0.8505753468115408,0.25,-0.6005753468115408,9,0.9,0.0,4,1.0
9,10,Donny Osmond,Kym Johnson,14,6.285714285714286,0.2857142857142857,Singer/Rapper,Utah,United States,51,45-54,1st Place,1,28.9998,10,3,1.0,1.0,0.0,10,1.0,0.0,1,0.3333333333333333
9,1,Joanna Krupa,Derek Hough,17,2.9411764705882355,0.5294117647058824,Model,Unknown,Poland,30,25-34,Eliminated Week 9,4,33.9999,10,16,1.0,1.0,0.0,1,0.1,0.0,1,0.0625
9,2,Joanna Krupa,Derek Hough,17,2.9411764705882355,0.5294117647058824,Model,Unknown,Poland,30,25-34,Eliminated Week 9,4,20.0,10,14,0.7407407407407407,0.5714285714285714,-0.1693121693121693,2,0.2,0.0,7,0.5
9,3,Joanna Krupa,Derek Hough,17,2.9411764705882355,0.5294117647058824,Model,Unknown,Poland,30,25-34,Eliminated Week 9,4,23.0,10,13,0.8518518518518519,0.8461538461538461,-0.005698005698005715,3,0.3,0.0,3,0.23076923076923078
9,4,Joanna Krupa,Derek Hough,17,2.9411764705882355,0.5294117647058824,Model,Unknown,Poland,30,25-34,Eliminated Week 9,4,26.0,10,11,0.9285714285714286,0.8181818181818181,-0.11038961038961048,4,0.4,0.0,3,0.2727272727272727
9,5,Joanna Krupa,Derek Hough,17,2.9411764705882355,0.5294117647058824,Model,Unknown,Poland,30,25-34,Eliminated Week 9,4,24.0,10,10,0.8275862068965517,0.7,-0.12758620689655176,5,0.5,0.0,4,0.4
9,6,Joanna Krupa,Derek Hough,17,2.9411764705882355,0.5294117647058824,Model,Unknown,Poland,30,25-34,Eliminated Week 9,4,35.9999,10,9,1.0,1.0,0.0,6,0.6,0.0,1,0.1111111111111111
9,7,Joanna Krupa,Derek Hough,17,2.9411764705882355,0.5294117647058824,Model,Unknown,Poland,30,25-34,Eliminated Week 9,4,27.5,10,7,1.0,1.0,0.0,7,0.7,0.0,1,0.14285714285714285
9,8,Joanna Krupa,Derek Hough,17,2.9411764705882355,0.5294117647058824,Model,Unknown,Poland,30,25-34,Eliminated Week 9,4,26.0,10,5,0.8813559322033898,0.8,-0.08135593220338977,8,0.8,0.0,2,0.4
9,9,Joanna Krupa,Derek Hough,17,2.9411764705882355,0.5294117647058824,Model,Unknown,Poland,30,25-34,Eliminated Week 9,4,27.0,10,4,0.9310376932334249,0.75,-0.1810376932334249,9,0.9,0.0,2,0.5
9,1,Kathy Ireland,Tony Dovolani,21,7.666666666666667,0.14285714285714285,Model,California,United States,46,45-54,Eliminated Week 2,14,19.9999,10,16,0.5882340830414208,0.3125,-0.2757340830414208,1,0.1,0.0,12,0.75
9,2,Kathy Ireland,Tony Dovolani,21,7.666666666666667,0.14285714285714285,Model,California,United States,46,45-54,Eliminated Week 2,14,18.0,10,14,0.6666666666666666,0.1428571428571429,-0.5238095238095237,2,0.2,0.0,13,0.9285714285714286
9,1,Kelly Osbourne,Louis van Amstel,11,7.0,0.09090909090909091,TV Personality,Unknown,England,24,<25,3rd Place,3,30.9998,10,16,0.9117615051808977,0.8125,-0.09926150518089771,1,0.1,0.0,4,0.25
9,2,Kelly Osbourne,Louis van Amstel,11,7.0,0.09090909090909091,TV Personality,Unknown,England,24,<25,3rd Place,3,19.0,10,14,0.7037037037037037,0.4285714285714286,-0.2751322751322751,2,0.2,0.0,9,0.6428571428571429
9,3,Kelly Osbourne,Louis van Amstel,11,7.0,0.09090909090909091,TV Personality,Unknown,England,24,<25,3rd Place,3,20.0,10,13,0.7407407407407407,0.6153846153846154,-0.12535612535612528,3,0.3,0.0,6,0.46153846153846156
9,4,Kelly Osbourne,Louis van Amstel,11,7.0,0.09090909090909091,TV Personality,Unknown,England,24,<25,3rd Place,3,23.0,10,11,0.8214285714285714,0.5454545454545454,-0.275974025974026,4,0.4,0.0,6,0.5454545454545454
9,5,Kelly Osbourne,Louis van Amstel,11,7.0,0.09090909090909091,TV Personality,Unknown,England,24,<25,3rd Place,3,24.0,10,10,0.8275862068965517,0.7,-0.12758620689655176,5,0.5,0.0,4,0.4
9,6,Kelly Osbourne,Louis van Amstel,11,7.0,0.09090909090909091,TV Personality,Unknown,England,24,<25,3rd Place,3,24.9998,10,9,0.6944408178911609,0.4444444444444444,-0.24999637344671644,6,0.6,0.0,6,0.6666666666666666
9,7,Kelly Osbourne,Louis van Amstel,11,7.0,0.09090909090909091,TV Personality,Unknown,England,24,<25,3rd Place,3,26.0,10,7,0.9454545454545454,0.7142857142857143,-0.23116883116883113,7,0.7,0.0,3,0.42857142857142855
9,8,Kelly Osbourne,Louis van Amstel,11,7.0,0.09090909090909091,TV Personality,Unknown,England,24,<25,3rd Place,3,25.5,10,5,0.864406779661017,0.6,-0.264406779661017,8,0.8,0.0,3,0.6
9,9,Kelly Osbourne,Louis van Amstel,11,7.0,0.09090909090909091,TV Personality,Unknown,England,24,<25,3rd Place,3,25.9998,10,4,0.8965479191307556,0.5,-0.3965479191307556,9,0.9,0.0,3,0.75
9,10,Kelly Osbourne,Louis van Amstel,11,7.0,0.09090909090909091,TV Personality,Unknown,England,24,<25,3rd Place,3,25.2222,10,3,0.8697370326691909,0.33333333333333337,-0.5364036993358575,10,1.0,0.0,3,1.0
9,1,Louie Vito,Chelsie Hightower,7,7.285714285714286,0.0,Athlete,Ohio,United States,21,<25,Eliminated Week 6,8,26.9998,10,16,0.7941141003355893,0.625,-0.16911410033558927,1,0.1,0.0,7,0.4375
9,2,Louie Vito,Chelsie Hightower,7,7.285714285714286,0.0,Athlete,Ohio,United States,21,<25,Eliminated Week 6,8,19.0,10,14,0.7037037037037037,0.4285714285714286,-0.2751322751322751,2,0.2,0.0,9,0.6428571428571429
9,3,Louie Vito,Chelsie Hightower,7,7.285714285714286,0.0,Athlete,Ohio,United States,21,<25,Eliminated Week 6,8,20.0,10,13,0.7407407407407407,0.6153846153846154,-0.12535612535612528,3,0.3,0.0,6,0.46153846153846156
9,4,Louie Vito,Chelsie Hightower,7,7.285714285714286,0.0,Athlete,Ohio,United States,21,<25,Eliminated Week 6,8,16.0,10,11,0.5714285714285714,0.18181818181818177,-0.38961038961038963,4,0.4,0.0,10,0.9090909090909091
9,5,Louie Vito,Chelsie Hightower,7,7.285714285714286,0.0,Athlete,Ohio,United States,21,<25,Eliminated Week 6,8,22.0,10,10,0.7586206896551724,0.30000000000000004,-0.45862068965517233,5,0.5,0.0,8,0.8
9,6,Louie Vito,Chelsie Hightower,7,7.285714285714286,0.0,Athlete,Ohio,United States,21,<25,Eliminated Week 6,8,24.0,10,9,0.6666685185236626,0.33333333333333337,-0.33333518519032923,6,0.6,0.0,7,0.7777777777777778
9,1,Macy Gray,Jonathan Roberts,7,8.714285714285714,0.14285714285714285,Singer/Rapper,Ohio,United States,42,35-44,Eliminated Week 1,15,18.9999,10,16,0.5588222318300937,0.125,-0.4338222318300937,1,0.1,0.0,15,0.9375
9,1,Mark Dacascos,Lacey Schwimmer,6,6.166666666666667,0.3333333333333333,Actor/Actress,Hawaii,United States,45,45-54,Eliminated Week 7,6,28.9998,10,16,0.8529378027582435,0.6875,-0.1654378027582435,1,0.1,0.0,6,0.375
9,2,Mark Dacascos,Lacey Schwimmer,6,6.166666666666667,0.3333333333333333,Actor/Actress,Hawaii,United States,45,45-54,Eliminated Week 7,6,21.0,10,14,0.7777777777777778,0.7857142857142857,0.007936507936507908,2,0.2,0.0,4,0.2857142857142857
9,3,Mark Dacascos,Lacey Schwimmer,6,6.166666666666667,0.3333333333333333,Actor/Actress,Hawaii,United States,45,45-54,Eliminated Week 7,6,18.0,10,13,0.6666666666666666,0.3846153846153846,-0.28205128205128205,3,0.3,0.0,9,0.6923076923076923
9,4,Mark Dacascos,Lacey Schwimmer,6,6.166666666666667,0.3333333333333333,Actor/Actress,Hawaii,United States,45,45-54,Eliminated Week 7,6,22.0,10,11,0.7857142857142857,0.4545454545454546,-0.3311688311688311,4,0.4,0.0,7,0.6363636363636364
9,5,Mark Dacascos,Lacey Schwimmer,6,6.166666666666667,0.3333333333333333,Actor/Actress,Hawaii,United States,45,45-54,Eliminated Week 7,6,26.0,10,10,0.896551724137931,0.8,-0.096551724137931,5,0.5,0.0,3,0.3
9,6,Mark Dacascos,Lacey Schwimmer,6,6.166666666666667,0.3333333333333333,Actor/Actress,Hawaii,United States,45,45-54,Eliminated Week 7,6,32.0,10,9,0.8888913580315502,0.6666666666666667,-0.22222469136488343,6,0.6,0.0,4,0.4444444444444444
9,7,Mark Dacascos,Lacey Schwimmer,6,6.166666666666667,0.3333333333333333,Actor/Actress,Hawaii,United States,45,45-54,Eliminated Week 7,6,21.5,10,7,0.7818181818181819,0.1428571428571429,-0.638961038961039,7,0.7,0.0,7,1.0
9,1,Melissa Joan Hart,Mark Ballas,21,5.190476190476191,0.47619047619047616,Actor/Actress,New York,United States,33,25-34,Eliminated Week 6,9,24.0,10,16,0.7058844290718502,0.5,-0.20588442907185023,1,0.1,0.0,9,0.5625
9,2,Melissa Joan Hart,Mark Ballas,21,5.190476190476191,0.47619047619047616,Actor/Actress,New York,United States,33,25-34,Eliminated Week 6,9,19.0,10,14,0.7037037037037037,0.4285714285714286,-0.2751322751322751,2,0.2,0.0,9,0.6428571428571429
9,3,Melissa Joan Hart,Mark Ballas,21,5.190476190476191,0.47619047619047616,Actor/Actress,New York,United States,33,25-34,Eliminated Week 6,9,19.0,10,13,0.7037037037037037,0.46153846153846156,-0.24216524216524216,3,0.3,0.0,8,0.6153846153846154
9,4,Melissa Joan Hart,Mark Ballas,21,5.190476190476191,0.47619047619047616,Actor/Actress,New York,United States,33,25-34,Eliminated Week 6,9,28.0,10,11,1.0,1.0,0.0,4,0.4,0.0,1,0.09090909090909091
9,5,Melissa Joan Hart,Mark Ballas,21,5.190476190476191,0.47619047619047616,Actor/Actress,New York,United States,33,25-34,Eliminated Week 6,9,23.0,10,10,0.7931034482758621,0.4,-0.3931034482758621,5,0.5,0.0,7,0.7
9,6,Melissa Joan Hart,Mark Ballas,21,5.190476190476191,0.47619047619047616,Actor/Actress,New York,United States,33,25-34,Eliminated Week 6,9,23.9999,10,9,0.6666657407381688,0.2222222222222222,-0.44444351851594655,6,0.6,0.0,8,0.8888888888888888
9,1,Michael Irvin,Anna Demidova,1,7.0,0.0,Athlete,Florida,United States,43,35-44,Eliminated Week 7,7,19.0,10,16,0.5588251730152148,0.1875,-0.37132517301521484,1,0.1,0.0,14,0.875
9,2,Michael Irvin,Anna Demidova,1,7.0,0.0,Athlete,Florida,United States,43,35-44,Eliminated Week 7,7,20.0,10,14,0.7407407407407407,0.5714285714285714,-0.1693121693121693,2,0.2,0.0,7,0.5
9,3,Michael Irvin,Anna Demidova,1,7.0,0.0,Athlete,Florida,United States,43,35-44,Eliminated Week 7,7,14.0,10,13,0.5185185185185185,0.07692307692307687,-0.4415954415954416,3,0.3,0.0,13,1.0
9,4,Michael Irvin,Anna Demidova,1,7.0,0.0,Athlete,Florida,United States,43,35-44,Eliminated Week 7,7,16.0,10,11,0.5714285714285714,0.18181818181818177,-0.38961038961038963,4,0.4,0.0,10,0.9090909090909091
9,5,Michael Irvin,Anna Demidova,1,7.0,0.0,Athlete,Florida,United States,43,35-44,Eliminated Week 7,7,21.0,10,10,0.7241379310344828,0.09999999999999998,-0.6241379310344828,5,0.5,0.0,10,1.0
9,6,Michael Irvin,Anna Demidova,1,7.0,0.0,Athlete,Florida,United States,43,35-44,Eliminated Week 7,7,21.9998,10,9,0.611107253075703,0.11111111111111116,-0.49999614196459186,6,0.6,0.0,9,1.0
9,7,Michael Irvin,Anna Demidova,1,7.0,0.0,Athlete,Florida,United States,43,35-44,Eliminated Week 7,7,23.5,10,7,0.8545454545454545,0.2857142857142857,-0.5688311688311688,7,0.7,0.0,6,0.8571428571428571
9,1,Mya,Dmitry Chaplin,3,7.0,0.3333333333333333,Singer/Rapper,Washington D.C.,United States,29,25-34,2nd Place,2,30.999899999999997,10,16,0.9117644463660187,0.875,-0.03676444636601872,1,0.1,0.0,3,0.1875
9,2,Mya,Dmitry Chaplin,3,7.0,0.3333333333333333,Singer/Rapper,Washington D.C.,United States,29,25-34,2nd Place,2,27.0,10,14,1.0,1.0,0.0,2,0.2,0.0,1,0.07142857142857142
9,3,Mya,Dmitry Chaplin,3,7.0,0.3333333333333333,Singer/Rapper,Washington D.C.,United States,29,25-34,2nd Place,2,27.0,10,13,1.0,1.0,0.0,3,0.3,0.0,1,0.07692307692307693
9,4,Mya,Dmitry Chaplin,3,7.0,0.3333333333333333,Singer/Rapper,Washington D.C.,United States,29,25-34,2nd Place,2,28.0,10,11,1.0,1.0,0.0,4,0.4,0.0,1,0.09090909090909091
9,5,Mya,Dmitry Chaplin,3,7.0,0.3333333333333333,Singer/Rapper,Washington D.C.,United States,29,25-34,2nd Place,2,27.0,10,10,0.9310344827586207,0.9,-0.03103448275862064,5,0.5,0.0,2,0.2
9,6,Mya,Dmitry Chaplin,3,7.0,0.3333333333333333,Singer/Rapper,Washington D.C.,United States,29,25-34,2nd Place,2,33.0,10,9,0.9166692129700361,0.8888888888888888,-0.02778032408114728,6,0.6,0.0,2,0.2222222222222222
9,7,Mya,Dmitry Chaplin,3,7.0,0.3333333333333333,Singer/Rapper,Washington D.C.,United States,29,25-34,2nd Place,2,24.5,10,7,0.8909090909090909,0.4285714285714286,-0.46233766233766227,7,0.7,0.0,5,0.7142857142857143
9,8,Mya,Dmitry Chaplin,3,7.0,0.3333333333333333,Singer/Rapper,Washington D.C.,United States,29,25-34,2nd Place,2,29.5,10,5,1.0,1.0,0.0,8,0.8,0.0,1,0.2
9,9,Mya,Dmitry Chaplin,3,7.0,0.3333333333333333,Singer/Rapper,Washington D.C.,United States,29,25-34,2nd Place,2,28.9999,10,4,1.0,1.0,0.0,9,0.9,0.0,1,0.25
9,10,Mya,Dmitry Chaplin,3,7.0,0.3333333333333333,Singer/Rapper,Washington D.C.,United States,29,25-34,2nd Place,2,28.333199999999998,10,3,0.9770136345767901,0.6666666666666667,-0.3103469679101234,10,1.0,0.0,2,0.6666666666666666
9,1,Natalie Coughlin,Alec Mazo,5,8.4,0.2,Athlete,California,United States,27,25-34,Eliminated Week 5,10,26.9998,10,16,0.7941141003355893,0.625,-0.16911410033558927,1,0.1,0.0,7,0.4375
9,2,Natalie Coughlin,Alec Mazo,5,8.4,0.2,Athlete,California,United States,27,25-34,Eliminated Week 5,10,21.0,10,14,0.7777777777777778,0.7857142857142857,0.007936507936507908,2,0.2,0.0,4,0.2857142857142857
9,3,Natalie Coughlin,Alec Mazo,5,8.4,0.2,Athlete,California,United States,27,25-34,Eliminated Week 5,10,26.0,10,13,0.9629629629629629,0.9230769230769231,-0.03988603988603978,3,0.3,0.0,2,0.15384615384615385
9,4,Natalie Coughlin,Alec Mazo,5,8.4,0.2,Athlete,California,United States,27,25-34,Eliminated Week 5,10,24.0,10,11,0.8571428571428571,0.7272727272727273,-0.1298701298701298,4,0.4,0.0,4,0.36363636363636365
9,5,Natalie Coughlin,Alec Mazo,5,8.4,0.2,Athlete,California,United States,27,25-34,Eliminated Week 5,10,22.0,10,10,0.7586206896551724,0.30000000000000004,-0.45862068965517233,5,0.5,0.0,8,0.8
9,1,Tom DeLay,Cheryl Burke,25,5.8,0.32,Politician,Texas,United States,62,55-64,Withdrew,13,19.9999,10,16,0.5882340830414208,0.3125,-0.2757340830414208,1,0.1,0.0,12,0.75
9,2,Tom DeLay,Cheryl Burke,25,5.8,0.32,Politician,Texas,United States,62,55-64,Withdrew,13,18.0,10,14,0.6666666666666666,0.1428571428571429,-0.5238095238095237,2,0.2,0.0,13,0.9285714285714286
9,3,Tom DeLay,Cheryl Burke,25,5.8,0.32,Politician,Texas,United States,62,55-64,Withdrew,13,15.0,10,13,0.5555555555555556,0.15384615384615385,-0.4017094017094017,3,0.3,0.0,12,0.9230769230769231
10,1,Aiden Turner,Edyta Sliwinska,11,7.545454545454546,0.18181818181818182,Actor/Actress,Unknown,England,32,25-34,Eliminated Week 4,9,15.0,10,11,0.6,0.18181818181818177,-0.4181818181818182,1,0.1,0.0,10,0.9090909090909091
10,2,Aiden Turner,Edyta Sliwinska,11,7.545454545454546,0.18181818181818182,Actor/Actress,Unknown,England,32,25-34,Eliminated Week 4,9,19.0,10,11,0.6785714285714286,0.36363636363636365,-0.31493506493506496,2,0.2,0.0,8,0.7272727272727273
10,3,Aiden Turner,Edyta Sliwinska,11,7.545454545454546,0.18181818181818182,Actor/Actress,Unknown,England,32,25-34,Eliminated Week 4,9,20.0,10,10,0.7692307692307693,0.4,-0.36923076923076925,3,0.3,0.0,7,0.7
10,4,Aiden Turner,Edyta Sliwinska,11,7.545454545454546,0.18181818181818182,Actor/Actress,Unknown,England,32,25-34,Eliminated Week 4,9,16.5,10,9,0.6346153846153846,0.2222222222222222,-0.41239316239316237,4,0.4,0.0,8,0.8888888888888888
10,1,Buzz Aldrin,Ashly DelGrosso,4,7.25,0.25,Astronaut,New Jersey,United States,80,65+,Eliminated Week 3,10,14.0,10,11,0.56,0.09090909090909094,-0.4690909090909091,1,0.1,0.0,11,1.0
10,2,Buzz Aldrin,Ashly DelGrosso,4,7.25,0.25,Astronaut,New Jersey,United States,80,65+,Eliminated Week 3,10,12.0,10,11,0.42857142857142855,0.09090909090909094,-0.3376623376623376,2,0.2,0.0,11,1.0
10,3,Buzz Aldrin,Ashly DelGrosso,4,7.25,0.25,Astronaut,New Jersey,United States,80,65+,Eliminated Week 3,10,13.0,10,10,0.5,0.09999999999999998,-0.4,3,0.3,0.0,10,1.0
10,1,Chad Ochocinco,Cheryl Burke,25,5.8,0.32,Athlete,Florida,United States,32,25-34,Eliminated Week 9,4,18.0,10,11,0.72,0.5454545454545454,-0.17454545454545456,1,0.1,0.0,6,0.5454545454545454
10,2,Chad Ochocinco,Cheryl Burke,25,5.8,0.32,Athlete,Florida,United States,32,25-34,Eliminated Week 9,4,16.0,10,11,0.5714285714285714,0.2727272727272727,-0.2987012987012987,2,0.2,0.0,9,0.8181818181818182
10,3,Chad Ochocinco,Cheryl Burke,25,5.8,0.32,Athlete,Florida,United States,32,25-34,Eliminated Week 9,4,20.0,10,10,0.7692307692307693,0.4,-0.36923076923076925,3,0.3,0.0,7,0.7
10,4,Chad Ochocinco,Cheryl Burke,25,5.8,0.32,Athlete,Florida,United States,32,25-34,Eliminated Week 9,4,22.0,10,9,0.8461538461538461,0.6666666666666667,-0.1794871794871794,4,0.4,0.0,4,0.4444444444444444
10,5,Chad Ochocinco,Cheryl Burke,25,5.8,0.32,Athlete,Florida,United States,32,25-34,Eliminated Week 9,4,18.0,10,8,0.6206896551724138,0.375,-0.2456896551724138,5,0.5,0.0,6,0.75
10,6,Chad Ochocinco,Cheryl Burke,25,5.8,0.32,Athlete,Florida,United States,32,25-34,Eliminated Week 9,4,30.999899999999997,10,7,0.8611107253075703,0.7142857142857143,-0.14682501102185597,6,0.6,0.0,3,0.42857142857142855
10,7,Chad Ochocinco,Cheryl Burke,25,5.8,0.32,Athlete,Florida,United States,32,25-34,Eliminated Week 9,4,26.0,10,6,0.9629629629629629,0.6666666666666667,-0.29629629629629617,7,0.7,0.0,3,0.5
10,8,Chad Ochocinco,Cheryl Burke,25,5.8,0.32,Athlete,Florida,United States,32,25-34,Eliminated Week 9,4,22.5,10,5,0.7627118644067796,0.4,-0.3627118644067796,8,0.8,0.0,4,0.8
10,9,Chad Ochocinco,Cheryl Burke,25,5.8,0.32,Athlete,Florida,United States,32,25-34,Eliminated Week 9,4,26.0,10,4,0.8813559322033898,0.25,-0.6313559322033898,9,0.9,0.0,4,1.0
10,1,Erin Andrews,Maksim Chmerkoskiy,17,6.0,0.29411764705882354,Sports Broadcaster,Maine,United States,32,25-34,3rd Place,3,21.0,10,11,0.84,0.8181818181818181,-0.021818181818181848,1,0.1,0.0,3,0.2727272727272727
10,2,Erin Andrews,Maksim Chmerkoskiy,17,6.0,0.29411764705882354,Sports Broadcaster,Maine,United States,32,25-34,3rd Place,3,23.0,10,11,0.8214285714285714,0.8181818181818181,-0.0032467532467532756,2,0.2,0.0,3,0.2727272727272727
10,3,Erin Andrews,Maksim Chmerkoskiy,17,6.0,0.29411764705882354,Sports Broadcaster,Maine,United States,32,25-34,3rd Place,3,23.0,10,10,0.8846153846153846,0.9,0.015384615384615441,3,0.3,0.0,2,0.2
10,4,Erin Andrews,Maksim Chmerkoskiy,17,6.0,0.29411764705882354,Sports Broadcaster,Maine,United States,32,25-34,3rd Place,3,19.5,10,9,0.75,0.5555555555555556,-0.19444444444444442,4,0.4,0.0,5,0.5555555555555556
10,5,Erin Andrews,Maksim Chmerkoskiy,17,6.0,0.29411764705882354,Sports Broadcaster,Maine,United States,32,25-34,3rd Place,3,22.0,10,8,0.7586206896551724,0.625,-0.13362068965517238,5,0.5,0.0,4,0.5
10,6,Erin Andrews,Maksim Chmerkoskiy,17,6.0,0.29411764705882354,Sports Broadcaster,Maine,United States,32,25-34,3rd Place,3,34.0,10,7,0.9444470679085221,0.8571428571428572,-0.08730421076566486,6,0.6,0.0,2,0.2857142857142857
10,7,Erin Andrews,Maksim Chmerkoskiy,17,6.0,0.29411764705882354,Sports Broadcaster,Maine,United States,32,25-34,3rd Place,3,25.5,10,6,0.9444444444444444,0.5,-0.4444444444444444,7,0.7,0.0,4,0.6666666666666666
10,8,Erin Andrews,Maksim Chmerkoskiy,17,6.0,0.29411764705882354,Sports Broadcaster,Maine,United States,32,25-34,3rd Place,3,26.5,10,5,0.8983050847457628,0.8,-0.09830508474576272,8,0.8,0.0,2,0.4
10,9,Erin Andrews,Maksim Chmerkoskiy,17,6.0,0.29411764705882354,Sports Broadcaster,Maine,United States,32,25-34,3rd Place,3,28.0,10,4,0.9491525423728814,0.5,-0.4491525423728814,9,0.9,0.0,3,0.75
10,10,Erin Andrews,Maksim Chmerkoskiy,17,6.0,0.29411764705882354,Sports Broadcaster,Maine,United States,32,25-34,3rd Place,3,26.9998,10,3,0.9382195241454321,0.6666666666666667,-0.27155285747876534,10,1.0,0.0,2,0.6666666666666666
10,1,Evan Lysacek,Anna Trebunskaya,11,8.181818181818182,0.18181818181818182,Athlete,Illinois,United States,24,<25,2nd Place,2,23.0,10,11,0.92,0.9090909090909091,-0.01090909090909098,1,0.1,0.0,2,0.18181818181818182
10,2,Evan Lysacek,Anna Trebunskaya,11,8.181818181818182,0.18181818181818182,Athlete,Illinois,United States,24,<25,2nd Place,2,24.0,10,11,0.8571428571428571,0.9090909090909091,0.051948051948051965,2,0.2,0.0,2,0.18181818181818182
10,3,Evan Lysacek,Anna Trebunskaya,11,8.181818181818182,0.18181818181818182,Athlete,Illinois,United States,24,<25,2nd Place,2,26.0,10,10,1.0,1.0,0.0,3,0.3,0.0,1,0.1
10,4,Evan Lysacek,Anna Trebunskaya,11,8.181818181818182,0.18181818181818182,Athlete,Illinois,United States,24,<25,2nd Place,2,26.0,10,9,1.0,1.0,0.0,4,0.4,0.0,1,0.1111111111111111
10,5,Evan Lysacek,Anna Trebunskaya,11,8.181818181818182,0.18181818181818182,Athlete,Illinois,United States,24,<25,2nd Place,2,27.0,10,8,0.9310344827586207,0.875,-0.05603448275862066,5,0.5,0.0,2,0.25
10,6,Evan Lysacek,Anna Trebunskaya,11,8.181818181818182,0.18181818181818182,Athlete,Illinois,United States,24,<25,2nd Place,2,27.0,10,7,0.7500020833391204,0.4285714285714286,-0.32143065476769184,6,0.6,0.0,5,0.7142857142857143
10,7,Evan Lysacek,Anna Trebunskaya,11,8.181818181818182,0.18181818181818182,Athlete,Illinois,United States,24,<25,2nd Place,2,27.0,10,6,1.0,1.0,0.0,7,0.7,0.0,1,0.16666666666666666
10,8,Evan Lysacek,Anna Trebunskaya,11,8.181818181818182,0.18181818181818182,Athlete,Illinois,United States,24,<25,2nd Place,2,26.5,10,5,0.8983050847457628,0.8,-0.09830508474576272,8,0.8,0.0,2,0.4
10,9,Evan Lysacek,Anna Trebunskaya,11,8.181818181818182,0.18181818181818182,Athlete,Illinois,United States,24,<25,2nd Place,2,29.5,10,4,1.0,1.0,0.0,9,0.9,0.0,1,0.25
10,10,Evan Lysacek,Anna Trebunskaya,11,8.181818181818182,0.18181818181818182,Athlete,Illinois,United States,24,<25,2nd Place,2,26.888699999999996,10,3,0.9343588959506839,0.33333333333333337,-0.6010255626173505,10,1.0,0.0,3,1.0
10,1,Jake Pavelka,Chelsie Hightower,7,7.285714285714286,0.0,TV Personality,Texas,United States,32,25-34,Eliminated Week 6,7,20.0,10,11,0.8,0.6363636363636364,-0.1636363636363637,1,0.1,0.0,5,0.45454545454545453
10,2,Jake Pavelka,Chelsie Hightower,7,7.285714285714286,0.0,TV Personality,Texas,United States,32,25-34,Eliminated Week 6,7,20.0,10,11,0.7142857142857143,0.5454545454545454,-0.1688311688311689,2,0.2,0.0,6,0.5454545454545454
10,3,Jake Pavelka,Chelsie Hightower,7,7.285714285714286,0.0,TV Personality,Texas,United States,32,25-34,Eliminated Week 6,7,21.0,10,10,0.8076923076923077,0.7,-0.10769230769230775,3,0.3,0.0,4,0.4
10,4,Jake Pavelka,Chelsie Hightower,7,7.285714285714286,0.0,TV Personality,Texas,United States,32,25-34,Eliminated Week 6,7,19.0,10,9,0.7307692307692307,0.4444444444444444,-0.2863247863247863,4,0.4,0.0,6,0.6666666666666666
10,5,Jake Pavelka,Chelsie Hightower,7,7.285714285714286,0.0,TV Personality,Texas,United States,32,25-34,Eliminated Week 6,7,23.0,10,8,0.7931034482758621,0.75,-0.0431034482758621,5,0.5,0.0,3,0.375
10,6,Jake Pavelka,Chelsie Hightower,7,7.285714285714286,0.0,TV Personality,Texas,United States,32,25-34,Eliminated Week 6,7,24.999899999999997,10,7,0.6944435956766546,0.1428571428571429,-0.5515864528195117,6,0.6,0.0,7,1.0
10,1,Kate Gosselin,Tony Dovolani,21,7.666666666666667,0.14285714285714285,TV Personality,Pennsylvania,United States,35,35-44,Eliminated Week 5,8,16.0,10,11,0.64,0.2727272727272727,-0.3672727272727273,1,0.1,0.0,9,0.8181818181818182
10,2,Kate Gosselin,Tony Dovolani,21,7.666666666666667,0.14285714285714285,TV Personality,Pennsylvania,United States,35,35-44,Eliminated Week 5,8,15.0,10,11,0.5357142857142857,0.18181818181818177,-0.35389610389610393,2,0.2,0.0,10,0.9090909090909091
10,3,Kate Gosselin,Tony Dovolani,21,7.666666666666667,0.14285714285714285,TV Personality,Pennsylvania,United States,35,35-44,Eliminated Week 5,8,15.0,10,10,0.5769230769230769,0.19999999999999996,-0.3769230769230769,3,0.3,0.0,9,0.9
10,4,Kate Gosselin,Tony Dovolani,21,7.666666666666667,0.14285714285714285,TV Personality,Pennsylvania,United States,35,35-44,Eliminated Week 5,8,16.0,10,9,0.6153846153846154,0.11111111111111116,-0.5042735042735043,4,0.4,0.0,9,1.0
10,5,Kate Gosselin,Tony Dovolani,21,7.666666666666667,0.14285714285714285,TV Personality,Pennsylvania,United States,35,35-44,Eliminated Week 5,8,15.0,10,8,0.5172413793103449,0.125,-0.39224137931034486,5,0.5,0.0,8,1.0
10,1,Nicole Scherzinger,Derek Hough,17,2.9411764705882355,0.5294117647058824,Singer/Rapper,Hawaii,United States,31,25-34,1st Place,1,25.0,10,11,1.0,1.0,0.0,1,0.1,0.0,1,0.09090909090909091
10,2,Nicole Scherzinger,Derek Hough,17,2.9411764705882355,0.5294117647058824,Singer/Rapper,Hawaii,United States,31,25-34,1st Place,1,28.0,10,11,1.0,1.0,0.0,2,0.2,0.0,1,0.09090909090909091
10,3,Nicole Scherzinger,Derek Hough,17,2.9411764705882355,0.5294117647058824,Singer/Rapper,Hawaii,United States,31,25-34,1st Place,1,23.0,10,10,0.8846153846153846,0.9,0.015384615384615441,3,0.3,0.0,2,0.2
10,4,Nicole Scherzinger,Derek Hough,17,2.9411764705882355,0.5294117647058824,Singer/Rapper,Hawaii,United States,31,25-34,1st Place,1,25.0,10,9,0.9615384615384616,0.8888888888888888,-0.07264957264957272,4,0.4,0.0,2,0.2222222222222222
10,5,Nicole Scherzinger,Derek Hough,17,2.9411764705882355,0.5294117647058824,Singer/Rapper,Hawaii,United States,31,25-34,1st Place,1,29.0,10,8,1.0,1.0,0.0,5,0.5,0.0,1,0.125
10,6,Nicole Scherzinger,Derek Hough,17,2.9411764705882355,0.5294117647058824,Singer/Rapper,Hawaii,United States,31,25-34,1st Place,1,35.9999,10,7,1.0,1.0,0.0,6,0.6,0.0,1,0.14285714285714285
10,7,Nicole Scherzinger,Derek Hough,17,2.9411764705882355,0.5294117647058824,Singer/Rapper,Hawaii,United States,31,25-34,1st Place,1,27.0,10,6,1.0,1.0,0.0,7,0.7,0.0,1,0.16666666666666666
10,8,Nicole Scherzinger,Derek Hough,17,2.9411764705882355,0.5294117647058824,Singer/Rapper,Hawaii,United States,31,25-34,1st Place,1,29.5,10,5,1.0,1.0,0.0,8,0.8,0.0,1,0.2
10,9,Nicole Scherzinger,Derek Hough,17,2.9411764705882355,0.5294117647058824,Singer/Rapper,Hawaii,United States,31,25-34,1st Place,1,29.5,10,4,1.0,1.0,0.0,9,0.9,0.0,1,0.25
10,10,Nicole Scherzinger,Derek Hough,17,2.9411764705882355,0.5294117647058824,Singer/Rapper,Hawaii,United States,31,25-34,1st Place,1,28.7777,10,3,1.0,1.0,0.0,10,1.0,0.0,1,0.3333333333333333
10,1,Niecy Nash,Louis van Amstel,11,7.0,0.09090909090909091,Actor/Actress,California,United States,40,35-44,Eliminated Week 8,5,18.0,10,11,0.72,0.5454545454545454,-0.17454545454545456,1,0.1,0.0,6,0.5454545454545454
10,2,Niecy Nash,Louis van Amstel,11,7.0,0.09090909090909091,Actor/Actress,California,United States,40,35-44,Eliminated Week 8,5,21.0,10,11,0.75,0.6363636363636364,-0.11363636363636365,2,0.2,0.0,5,0.45454545454545453
10,3,Niecy Nash,Louis van Amstel,11,7.0,0.09090909090909091,Actor/Actress,California,United States,40,35-44,Eliminated Week 8,5,21.0,10,10,0.8076923076923077,0.7,-0.10769230769230775,3,0.3,0.0,4,0.4
10,4,Niecy Nash,Louis van Amstel,11,7.0,0.09090909090909091,Actor/Actress,California,United States,40,35-44,Eliminated Week 8,5,18.0,10,9,0.6923076923076923,0.33333333333333337,-0.3589743589743589,4,0.4,0.0,7,0.7777777777777778
10,5,Niecy Nash,Louis van Amstel,11,7.0,0.09090909090909091,Actor/Actress,California,United States,40,35-44,Eliminated Week 8,5,18.0,10,8,0.6206896551724138,0.375,-0.2456896551724138,5,0.5,0.0,6,0.75
10,6,Niecy Nash,Louis van Amstel,11,7.0,0.09090909090909091,Actor/Actress,California,United States,40,35-44,Eliminated Week 8,5,25.9998,10,7,0.7222186728296468,0.2857142857142857,-0.4365043871153611,6,0.6,0.0,6,0.8571428571428571
10,7,Niecy Nash,Louis van Amstel,11,7.0,0.09090909090909091,Actor/Actress,California,United States,40,35-44,Eliminated Week 8,5,24.5,10,6,0.9074074074074074,0.16666666666666663,-0.7407407407407408,7,0.7,0.0,6,1.0
10,8,Niecy Nash,Louis van Amstel,11,7.0,0.09090909090909091,Actor/Actress,California,United States,40,35-44,Eliminated Week 8,5,21.5,10,5,0.7288135593220338,0.19999999999999996,-0.5288135593220339,8,0.8,0.0,5,1.0
10,1,Pamela Anderson,Damian Whitewood,1,6.0,0.0,Model,Unknown,Canada,42,35-44,Eliminated Week 7,6,21.0,10,11,0.84,0.8181818181818181,-0.021818181818181848,1,0.1,0.0,3,0.2727272727272727
10,2,Pamela Anderson,Damian Whitewood,1,6.0,0.0,Model,Unknown,Canada,42,35-44,Eliminated Week 7,6,22.0,10,11,0.7857142857142857,0.7272727272727273,-0.058441558441558406,2,0.2,0.0,4,0.36363636363636365
10,3,Pamela Anderson,Damian Whitewood,1,6.0,0.0,Model,Unknown,Canada,42,35-44,Eliminated Week 7,6,21.0,10,10,0.8076923076923077,0.7,-0.10769230769230775,3,0.3,0.0,4,0.4
10,4,Pamela Anderson,Damian Whitewood,1,6.0,0.0,Model,Unknown,Canada,42,35-44,Eliminated Week 7,6,23.5,10,9,0.9038461538461539,0.7777777777777778,-0.12606837606837606,4,0.4,0.0,3,0.3333333333333333
10,5,Pamela Anderson,Damian Whitewood,1,6.0,0.0,Model,Unknown,Canada,42,35-44,Eliminated Week 7,6,21.0,10,8,0.7241379310344828,0.5,-0.22413793103448276,5,0.5,0.0,5,0.625
10,6,Pamela Anderson,Damian Whitewood,1,6.0,0.0,Model,Unknown,Canada,42,35-44,Eliminated Week 7,6,29.9998,10,7,0.8333300925835906,0.5714285714285714,-0.2619015211550192,6,0.6,0.0,4,0.5714285714285714
10,7,Pamela Anderson,Damian Whitewood,1,6.0,0.0,Model,Unknown,Canada,42,35-44,Eliminated Week 7,6,25.5,10,6,0.9444444444444444,0.5,-0.4444444444444444,7,0.7,0.0,4,0.6666666666666666
10,1,Shannen Doherty,Mark Ballas,21,5.190476190476191,0.47619047619047616,Actor/Actress,Tennessee,United States,38,35-44,Eliminated Week 2,11,18.0,10,11,0.72,0.5454545454545454,-0.17454545454545456,1,0.1,0.0,6,0.5454545454545454
10,2,Shannen Doherty,Mark Ballas,21,5.190476190476191,0.47619047619047616,Actor/Actress,Tennessee,United States,38,35-44,Eliminated Week 2,11,20.0,10,11,0.7142857142857143,0.5454545454545454,-0.1688311688311689,2,0.2,0.0,6,0.5454545454545454
11,1,Audrina Patridge,Tony Dovolani,21,7.666666666666667,0.14285714285714285,TV Personality,California,United States,25,25-34,Eliminated Week 6,7,19.0,10,12,0.7916666666666666,0.6666666666666667,-0.12499999999999989,1,0.1,0.0,5,0.4166666666666667
11,2,Audrina Patridge,Tony Dovolani,21,7.666666666666667,0.14285714285714285,TV Personality,California,United States,25,25-34,Eliminated Week 6,7,23.0,10,11,0.9583333333333334,0.9090909090909091,-0.04924242424242431,2,0.2,0.0,2,0.18181818181818182
11,3,Audrina Patridge,Tony Dovolani,21,7.666666666666667,0.14285714285714285,TV Personality,California,United States,25,25-34,Eliminated Week 6,7,26.0,10,10,1.0,1.0,0.0,3,0.3,0.0,1,0.1
11,4,Audrina Patridge,Tony Dovolani,21,7.666666666666667,0.14285714285714285,TV Personality,California,United States,25,25-34,Eliminated Week 6,7,23.0,10,9,0.8214285714285714,0.7777777777777778,-0.04365079365079361,4,0.4,0.0,3,0.3333333333333333
11,5,Audrina Patridge,Tony Dovolani,21,7.666666666666667,0.14285714285714285,TV Personality,California,United States,25,25-34,Eliminated Week 6,7,23.0,10,8,0.8518518518518519,0.5,-0.35185185185185186,5,0.5,0.0,5,0.625
11,6,Audrina Patridge,Tony Dovolani,21,7.666666666666667,0.14285714285714285,TV Personality,California,United States,25,25-34,Eliminated Week 6,7,31.9998,10,7,0.8888858024605625,0.8571428571428572,-0.03174294531770527,6,0.6,0.0,2,0.2857142857142857
11,1,Brandy,Maksim Chmerkoskiy,17,6.0,0.29411764705882354,Singer/Rapper,Mississippi,United States,31,25-34,Eliminated Week 9,4,23.0,10,12,0.9583333333333334,0.9166666666666666,-0.04166666666666674,1,0.1,0.0,2,0.16666666666666666
11,2,Brandy,Maksim Chmerkoskiy,17,6.0,0.29411764705882354,Singer/Rapper,Mississippi,United States,31,25-34,Eliminated Week 9,4,21.0,10,11,0.875,0.6363636363636364,-0.23863636363636365,2,0.2,0.0,5,0.45454545454545453
11,3,Brandy,Maksim Chmerkoskiy,17,6.0,0.29411764705882354,Singer/Rapper,Mississippi,United States,31,25-34,Eliminated Week 9,4,24.0,10,10,0.9230769230769231,0.9,-0.023076923076923106,3,0.3,0.0,2,0.2
11,4,Brandy,Maksim Chmerkoskiy,17,6.0,0.29411764705882354,Singer/Rapper,Mississippi,United States,31,25-34,Eliminated Week 9,4,24.0,10,9,0.8571428571428571,0.8888888888888888,0.031746031746031744,4,0.4,0.0,2,0.2222222222222222
11,5,Brandy,Maksim Chmerkoskiy,17,6.0,0.29411764705882354,Singer/Rapper,Mississippi,United States,31,25-34,Eliminated Week 9,4,27.0,10,8,1.0,1.0,0.0,5,0.5,0.0,1,0.125
11,6,Brandy,Maksim Chmerkoskiy,17,6.0,0.29411764705882354,Singer/Rapper,Mississippi,United States,31,25-34,Eliminated Week 9,4,35.9999,10,7,1.0,1.0,0.0,6,0.6,0.0,1,0.14285714285714285
11,7,Brandy,Maksim Chmerkoskiy,17,6.0,0.29411764705882354,Singer/Rapper,Mississippi,United States,31,25-34,Eliminated Week 9,4,36.5,10,6,1.0,1.0,0.0,7,0.7,0.0,1,0.16666666666666666
11,8,Brandy,Maksim Chmerkoskiy,17,6.0,0.29411764705882354,Singer/Rapper,Mississippi,United States,31,25-34,Eliminated Week 9,4,28.5,10,5,1.0,1.0,0.0,8,0.8,0.0,1,0.2
11,9,Brandy,Maksim Chmerkoskiy,17,6.0,0.29411764705882354,Singer/Rapper,Mississippi,United States,31,25-34,Eliminated Week 9,4,28.5,10,4,0.95,0.5,-0.44999999999999996,9,0.9,0.0,3,0.75
11,1,Bristol Palin,Mark Ballas,21,5.190476190476191,0.47619047619047616,TV Personality,Alaska,United States,19,<25,3rd Place,3,18.0,10,12,0.75,0.5,-0.25,1,0.1,0.0,7,0.5833333333333334
11,2,Bristol Palin,Mark Ballas,21,5.190476190476191,0.47619047619047616,TV Personality,Alaska,United States,19,<25,3rd Place,3,22.0,10,11,0.9166666666666666,0.8181818181818181,-0.09848484848484851,2,0.2,0.0,3,0.2727272727272727
11,3,Bristol Palin,Mark Ballas,21,5.190476190476191,0.47619047619047616,TV Personality,Alaska,United States,19,<25,3rd Place,3,19.0,10,10,0.7307692307692307,0.19999999999999996,-0.5307692307692308,3,0.3,0.0,9,0.9
11,4,Bristol Palin,Mark Ballas,21,5.190476190476191,0.47619047619047616,TV Personality,Alaska,United States,19,<25,3rd Place,3,16.0,10,9,0.5714285714285714,0.2222222222222222,-0.3492063492063492,4,0.4,0.0,8,0.8888888888888888
11,5,Bristol Palin,Mark Ballas,21,5.190476190476191,0.47619047619047616,TV Personality,Alaska,United States,19,<25,3rd Place,3,18.0,10,8,0.6666666666666666,0.125,-0.5416666666666666,5,0.5,0.0,8,1.0
11,6,Bristol Palin,Mark Ballas,21,5.190476190476191,0.47619047619047616,TV Personality,Alaska,United States,19,<25,3rd Place,3,27.9998,10,7,0.7777743827066187,0.2857142857142857,-0.492060096992333,6,0.6,0.0,6,0.8571428571428571
11,7,Bristol Palin,Mark Ballas,21,5.190476190476191,0.47619047619047616,TV Personality,Alaska,United States,19,<25,3rd Place,3,32.5,10,6,0.8904109589041096,0.16666666666666663,-0.723744292237443,7,0.7,0.0,6,1.0
11,8,Bristol Palin,Mark Ballas,21,5.190476190476191,0.47619047619047616,TV Personality,Alaska,United States,19,<25,3rd Place,3,23.5,10,5,0.8245614035087719,0.19999999999999996,-0.624561403508772,8,0.8,0.0,5,1.0
11,9,Bristol Palin,Mark Ballas,21,5.190476190476191,0.47619047619047616,TV Personality,Alaska,United States,19,<25,3rd Place,3,26.5,10,4,0.8833333333333333,0.25,-0.6333333333333333,9,0.9,0.0,4,1.0
11,10,Bristol Palin,Mark Ballas,21,5.190476190476191,0.47619047619047616,TV Personality,Alaska,United States,19,<25,3rd Place,3,25.666600000000003,10,3,0.8555533333333334,0.33333333333333337,-0.52222,10,1.0,0.0,3,1.0
11,1,David Hasselhoff,Kym Johnson,14,6.285714285714286,0.2857142857142857,Actor/Actress,Maryland,United States,58,55-64,Eliminated Week 1,12,15.0,10,12,0.625,0.25,-0.375,1,0.1,0.0,10,0.8333333333333334
11,1,Florence Henderson,Corky Ballas,2,7.5,0.0,Actor/Actress,Indiana,United States,76,65+,Eliminated Week 5,8,18.0,10,12,0.75,0.5,-0.25,1,0.1,0.0,7,0.5833333333333334
11,2,Florence Henderson,Corky Ballas,2,7.5,0.0,Actor/Actress,Indiana,United States,76,65+,Eliminated Week 5,8,19.0,10,11,0.7916666666666666,0.36363636363636365,-0.428030303030303,2,0.2,0.0,8,0.7272727272727273
11,3,Florence Henderson,Corky Ballas,2,7.5,0.0,Actor/Actress,Indiana,United States,76,65+,Eliminated Week 5,8,20.0,10,10,0.7692307692307693,0.4,-0.36923076923076925,3,0.3,0.0,7,0.7
11,4,Florence Henderson,Corky Ballas,2,7.5,0.0,Actor/Actress,Indiana,United States,76,65+,Eliminated Week 5,8,17.5,10,9,0.625,0.4444444444444444,-0.18055555555555558,4,0.4,0.0,6,0.6666666666666666
11,5,Florence Henderson,Corky Ballas,2,7.5,0.0,Actor/Actress,Indiana,United States,76,65+,Eliminated Week 5,8,21.0,10,8,0.7777777777777778,0.375,-0.4027777777777778,5,0.5,0.0,6,0.75
11,1,Jennifer Grey,Derek Hough,17,2.9411764705882355,0.5294117647058824,Actor/Actress,New York,United States,50,45-54,1st Place,1,24.0,10,12,1.0,1.0,0.0,1,0.1,0.0,1,0.08333333333333333
11,2,Jennifer Grey,Derek Hough,17,2.9411764705882355,0.5294117647058824,Actor/Actress,New York,United States,50,45-54,1st Place,1,24.0,10,11,1.0,1.0,0.0,2,0.2,0.0,1,0.09090909090909091
11,3,Jennifer Grey,Derek Hough,17,2.9411764705882355,0.5294117647058824,Actor/Actress,New York,United States,50,45-54,1st Place,1,24.0,10,10,0.9230769230769231,0.9,-0.023076923076923106,3,0.3,0.0,2,0.2
11,4,Jennifer Grey,Derek Hough,17,2.9411764705882355,0.5294117647058824,Actor/Actress,New York,United States,50,45-54,1st Place,1,28.0,10,9,1.0,1.0,0.0,4,0.4,0.0,1,0.1111111111111111
11,5,Jennifer Grey,Derek Hough,17,2.9411764705882355,0.5294117647058824,Actor/Actress,New York,United States,50,45-54,1st Place,1,25.0,10,8,0.9259259259259259,0.875,-0.05092592592592593,5,0.5,0.0,2,0.25
11,6,Jennifer Grey,Derek Hough,17,2.9411764705882355,0.5294117647058824,Actor/Actress,New York,United States,50,45-54,1st Place,1,29.0,10,7,0.8055577932160923,0.4285714285714286,-0.37698636464466373,6,0.6,0.0,5,0.7142857142857143
11,7,Jennifer Grey,Derek Hough,17,2.9411764705882355,0.5294117647058824,Actor/Actress,New York,United States,50,45-54,1st Place,1,36.5,10,6,1.0,1.0,0.0,7,0.7,0.0,1,0.16666666666666666
11,8,Jennifer Grey,Derek Hough,17,2.9411764705882355,0.5294117647058824,Actor/Actress,New York,United States,50,45-54,1st Place,1,28.5,10,5,1.0,1.0,0.0,8,0.8,0.0,1,0.2
11,9,Jennifer Grey,Derek Hough,17,2.9411764705882355,0.5294117647058824,Actor/Actress,New York,United States,50,45-54,1st Place,1,30.0,10,4,1.0,1.0,0.0,9,0.9,0.0,1,0.25
11,10,Jennifer Grey,Derek Hough,17,2.9411764705882355,0.5294117647058824,Actor/Actress,New York,United States,50,45-54,1st Place,1,30.0,10,3,1.0,1.0,0.0,10,1.0,0.0,1,0.3333333333333333
11,1,Kurt Warner,Anna Trebunskaya,11,8.181818181818182,0.18181818181818182,Athlete,Iowa,United States,39,35-44,Eliminated Week 8,5,19.0,10,12,0.7916666666666666,0.6666666666666667,-0.12499999999999989,1,0.1,0.0,5,0.4166666666666667
11,2,Kurt Warner,Anna Trebunskaya,11,8.181818181818182,0.18181818181818182,Athlete,Iowa,United States,39,35-44,Eliminated Week 8,5,21.0,10,11,0.875,0.6363636363636364,-0.23863636363636365,2,0.2,0.0,5,0.45454545454545453
11,3,Kurt Warner,Anna Trebunskaya,11,8.181818181818182,0.18181818181818182,Athlete,Iowa,United States,39,35-44,Eliminated Week 8,5,23.0,10,10,0.8846153846153846,0.6,-0.2846153846153846,3,0.3,0.0,5,0.5
11,4,Kurt Warner,Anna Trebunskaya,11,8.181818181818182,0.18181818181818182,Athlete,Iowa,United States,39,35-44,Eliminated Week 8,5,17.0,10,9,0.6071428571428571,0.33333333333333337,-0.2738095238095237,4,0.4,0.0,7,0.7777777777777778
11,5,Kurt Warner,Anna Trebunskaya,11,8.181818181818182,0.18181818181818182,Athlete,Iowa,United States,39,35-44,Eliminated Week 8,5,24.0,10,8,0.8888888888888888,0.75,-0.13888888888888884,5,0.5,0.0,3,0.375
11,6,Kurt Warner,Anna Trebunskaya,11,8.181818181818182,0.18181818181818182,Athlete,Iowa,United States,39,35-44,Eliminated Week 8,5,21.9999,10,7,0.6111100308611969,0.1428571428571429,-0.46825288800405396,6,0.6,0.0,7,1.0
11,7,Kurt Warner,Anna Trebunskaya,11,8.181818181818182,0.18181818181818182,Athlete,Iowa,United States,39,35-44,Eliminated Week 8,5,35.0,10,6,0.958904109589041,0.6666666666666667,-0.2922374429223743,7,0.7,0.0,3,0.5
11,8,Kurt Warner,Anna Trebunskaya,11,8.181818181818182,0.18181818181818182,Athlete,Iowa,United States,39,35-44,Eliminated Week 8,5,24.0,10,5,0.8421052631578947,0.4,-0.44210526315789467,8,0.8,0.0,4,0.8
11,1,Kyle Massey,Lacey Schwimmer,6,6.166666666666667,0.3333333333333333,Actor/Actress,Georgia,United States,19,<25,2nd Place,2,23.0,10,12,0.9583333333333334,0.9166666666666666,-0.04166666666666674,1,0.1,0.0,2,0.16666666666666666
11,2,Kyle Massey,Lacey Schwimmer,6,6.166666666666667,0.3333333333333333,Actor/Actress,Georgia,United States,19,<25,2nd Place,2,22.0,10,11,0.9166666666666666,0.8181818181818181,-0.09848484848484851,2,0.2,0.0,3,0.2727272727272727
11,3,Kyle Massey,Lacey Schwimmer,6,6.166666666666667,0.3333333333333333,Actor/Actress,Georgia,United States,19,<25,2nd Place,2,23.0,10,10,0.8846153846153846,0.6,-0.2846153846153846,3,0.3,0.0,5,0.5
11,4,Kyle Massey,Lacey Schwimmer,6,6.166666666666667,0.3333333333333333,Actor/Actress,Georgia,United States,19,<25,2nd Place,2,20.0,10,9,0.7142857142857143,0.6666666666666667,-0.04761904761904756,4,0.4,0.0,4,0.4444444444444444
11,5,Kyle Massey,Lacey Schwimmer,6,6.166666666666667,0.3333333333333333,Actor/Actress,Georgia,United States,19,<25,2nd Place,2,20.0,10,8,0.7407407407407407,0.25,-0.4907407407407407,5,0.5,0.0,7,0.875
11,6,Kyle Massey,Lacey Schwimmer,6,6.166666666666667,0.3333333333333333,Actor/Actress,Georgia,United States,19,<25,2nd Place,2,29.999899999999997,10,7,0.8333328703690843,0.5714285714285714,-0.2619042989405129,6,0.6,0.0,4,0.5714285714285714
11,7,Kyle Massey,Lacey Schwimmer,6,6.166666666666667,0.3333333333333333,Actor/Actress,Georgia,United States,19,<25,2nd Place,2,33.5,10,6,0.9178082191780822,0.33333333333333337,-0.5844748858447488,7,0.7,0.0,5,0.8333333333333334
11,8,Kyle Massey,Lacey Schwimmer,6,6.166666666666667,0.3333333333333333,Actor/Actress,Georgia,United States,19,<25,2nd Place,2,28.0,10,5,0.9824561403508771,0.6,-0.38245614035087716,8,0.8,0.0,3,0.6
11,9,Kyle Massey,Lacey Schwimmer,6,6.166666666666667,0.3333333333333333,Actor/Actress,Georgia,United States,19,<25,2nd Place,2,29.0,10,4,0.9666666666666667,0.75,-0.21666666666666667,9,0.9,0.0,2,0.5
11,10,Kyle Massey,Lacey Schwimmer,6,6.166666666666667,0.3333333333333333,Actor/Actress,Georgia,United States,19,<25,2nd Place,2,27.333199999999998,10,3,0.9111066666666666,0.6666666666666667,-0.24443999999999988,10,1.0,0.0,2,0.6666666666666666
11,1,Margaret Cho,Louis van Amstel,11,7.0,0.09090909090909091,Comedian,California,United States,41,35-44,Eliminated Week 3,10,15.0,10,12,0.625,0.25,-0.375,1,0.1,0.0,10,0.8333333333333334
11,2,Margaret Cho,Louis van Amstel,11,7.0,0.09090909090909091,Comedian,California,United States,41,35-44,Eliminated Week 3,10,18.0,10,11,0.75,0.2727272727272727,-0.4772727272727273,2,0.2,0.0,9,0.8181818181818182
11,3,Margaret Cho,Louis van Amstel,11,7.0,0.09090909090909091,Comedian,California,United States,41,35-44,Eliminated Week 3,10,18.0,10,10,0.6923076923076923,0.09999999999999998,-0.5923076923076923,3,0.3,0.0,10,1.0
11,1,Michael Bolton,Chelsie Hightower,7,7.285714285714286,0.0,Singer/Rapper,Connecticut,United States,57,55-64,Eliminated Week 2,11,16.0,10,12,0.6666666666666666,0.33333333333333337,-0.33333333333333326,1,0.1,0.0,9,0.75
11,2,Michael Bolton,Chelsie Hightower,7,7.285714285714286,0.0,Singer/Rapper,Connecticut,United States,57,55-64,Eliminated Week 2,11,12.0,10,11,0.5,0.09090909090909094,-0.40909090909090906,2,0.2,0.0,11,1.0
11,1,Rick Fox,Cheryl Burke,25,5.8,0.32,Athlete,Unknown,Canada,41,35-44,Eliminated Week 7,6,22.0,10,12,0.9166666666666666,0.75,-0.16666666666666663,1,0.1,0.0,4,0.3333333333333333
11,2,Rick Fox,Cheryl Burke,25,5.8,0.32,Athlete,Unknown,Canada,41,35-44,Eliminated Week 7,6,21.0,10,11,0.875,0.6363636363636364,-0.23863636363636365,2,0.2,0.0,5,0.45454545454545453
11,3,Rick Fox,Cheryl Burke,25,5.8,0.32,Athlete,Unknown,Canada,41,35-44,Eliminated Week 7,6,24.0,10,10,0.9230769230769231,0.9,-0.023076923076923106,3,0.3,0.0,2,0.2
11,4,Rick Fox,Cheryl Burke,25,5.8,0.32,Athlete,Unknown,Canada,41,35-44,Eliminated Week 7,6,19.5,10,9,0.6964285714285714,0.5555555555555556,-0.14087301587301582,4,0.4,0.0,5,0.5555555555555556
11,5,Rick Fox,Cheryl Burke,25,5.8,0.32,Athlete,Unknown,Canada,41,35-44,Eliminated Week 7,6,24.0,10,8,0.8888888888888888,0.75,-0.13888888888888884,5,0.5,0.0,3,0.375
11,6,Rick Fox,Cheryl Burke,25,5.8,0.32,Athlete,Unknown,Canada,41,35-44,Eliminated Week 7,6,30.0,10,7,0.8333356481545783,0.7142857142857143,-0.11904993386886398,6,0.6,0.0,3,0.42857142857142855
11,7,Rick Fox,Cheryl Burke,25,5.8,0.32,Athlete,Unknown,Canada,41,35-44,Eliminated Week 7,6,34.5,10,6,0.9452054794520548,0.5,-0.4452054794520548,7,0.7,0.0,4,0.6666666666666666
11,1,The Situation,Karina Smirnoff,18,6.722222222222222,0.2222222222222222,TV Personality,New York,United States,28,25-34,Eliminated Week 4,9,15.0,10,12,0.625,0.25,-0.375,1,0.1,0.0,10,0.8333333333333334
11,2,The Situation,Karina Smirnoff,18,6.722222222222222,0.2222222222222222,TV Personality,New York,United States,28,25-34,Eliminated Week 4,9,18.0,10,11,0.75,0.2727272727272727,-0.4772727272727273,2,0.2,0.0,9,0.8181818181818182
11,3,The Situation,Karina Smirnoff,18,6.722222222222222,0.2222222222222222,TV Personality,New York,United States,28,25-34,Eliminated Week 4,9,20.0,10,10,0.7692307692307693,0.4,-0.36923076923076925,3,0.3,0.0,7,0.7
11,4,The Situation,Karina Smirnoff,18,6.722222222222222,0.2222222222222222,TV Personality,New York,United States,28,25-34,Eliminated Week 4,9,14.0,10,9,0.5,0.11111111111111116,-0.38888888888888884,4,0.4,0.0,9,1.0
12,1,Chelsea Kane,Mark Ballas,21,5.190476190476191,0.47619047619047616,Actor/Actress,Arizona,United States,22,<25,3rd Place,3,21.0,10,11,0.875,0.8181818181818181,-0.05681818181818188,1,0.1,0.0,3,0.2727272727272727
12,2,Chelsea Kane,Mark Ballas,21,5.190476190476191,0.47619047619047616,Actor/Actress,Arizona,United States,22,<25,3rd Place,3,18.0,10,11,0.782608695652174,0.4545454545454546,-0.32806324110671936,2,0.2,0.0,7,0.6363636363636364
12,3,Chelsea Kane,Mark Ballas,21,5.190476190476191,0.47619047619047616,Actor/Actress,Arizona,United States,22,<25,3rd Place,3,23.0,10,10,0.92,0.8,-0.12,3,0.3,0.0,3,0.3
12,4,Chelsea Kane,Mark Ballas,21,5.190476190476191,0.47619047619047616,Actor/Actress,Arizona,United States,22,<25,3rd Place,3,26.0,10,9,1.0,1.0,0.0,4,0.4,0.0,1,0.1111111111111111
12,5,Chelsea Kane,Mark Ballas,21,5.190476190476191,0.47619047619047616,Actor/Actress,Arizona,United States,22,<25,3rd Place,3,26.0,10,8,0.9629629629629629,0.875,-0.08796296296296291,5,0.5,0.0,2,0.25
12,6,Chelsea Kane,Mark Ballas,21,5.190476190476191,0.47619047619047616,Actor/Actress,Arizona,United States,22,<25,3rd Place,3,28.0,10,7,1.0,1.0,0.0,6,0.6,0.0,1,0.14285714285714285
12,7,Chelsea Kane,Mark Ballas,21,5.190476190476191,0.47619047619047616,Actor/Actress,Arizona,United States,22,<25,3rd Place,3,32.0,10,6,0.9696969696969697,0.6666666666666667,-0.303030303030303,7,0.7,0.0,3,0.5
12,8,Chelsea Kane,Mark Ballas,21,5.190476190476191,0.47619047619047616,Actor/Actress,Arizona,United States,22,<25,3rd Place,3,27.5,10,5,1.0,1.0,0.0,8,0.8,0.0,1,0.2
12,9,Chelsea Kane,Mark Ballas,21,5.190476190476191,0.47619047619047616,Actor/Actress,Arizona,United States,22,<25,3rd Place,3,36.5,10,4,1.0,1.0,0.0,9,0.9,0.0,1,0.25
12,10,Chelsea Kane,Mark Ballas,21,5.190476190476191,0.47619047619047616,Actor/Actress,Arizona,United States,22,<25,3rd Place,3,29.666600000000003,10,3,1.0,1.0,0.0,10,1.0,0.0,1,0.3333333333333333
12,1,Chris Jericho,Cheryl Burke,25,5.8,0.32,Athlete,New York,United States,40,35-44,Eliminated Week 6,7,19.0,10,11,0.7916666666666666,0.6363636363636364,-0.15530303030303028,1,0.1,0.0,5,0.45454545454545453
12,2,Chris Jericho,Cheryl Burke,25,5.8,0.32,Athlete,New York,United States,40,35-44,Eliminated Week 6,7,23.0,10,11,1.0,1.0,0.0,2,0.2,0.0,1,0.09090909090909091
12,3,Chris Jericho,Cheryl Burke,25,5.8,0.32,Athlete,New York,United States,40,35-44,Eliminated Week 6,7,21.0,10,10,0.84,0.6,-0.24,3,0.3,0.0,5,0.5
12,4,Chris Jericho,Cheryl Burke,25,5.8,0.32,Athlete,New York,United States,40,35-44,Eliminated Week 6,7,23.0,10,9,0.8846153846153846,0.6666666666666667,-0.21794871794871784,4,0.4,0.0,4,0.4444444444444444
12,5,Chris Jericho,Cheryl Burke,25,5.8,0.32,Athlete,New York,United States,40,35-44,Eliminated Week 6,7,26.0,10,8,0.9629629629629629,0.875,-0.08796296296296291,5,0.5,0.0,2,0.25
12,6,Chris Jericho,Cheryl Burke,25,5.8,0.32,Athlete,New York,United States,40,35-44,Eliminated Week 6,7,22.0,10,7,0.7857142857142857,0.1428571428571429,-0.6428571428571428,6,0.6,0.0,7,1.0
12,1,Hines Ward,Kym Johnson,14,6.285714285714286,0.2857142857142857,Athlete,Unknown,South Korea,35,35-44,1st Place,1,21.0,10,11,0.875,0.8181818181818181,-0.05681818181818188,1,0.1,0.0,3,0.2727272727272727
12,2,Hines Ward,Kym Johnson,14,6.285714285714286,0.2857142857142857,Athlete,Unknown,South Korea,35,35-44,1st Place,1,23.0,10,11,1.0,1.0,0.0,2,0.2,0.0,1,0.09090909090909091
12,3,Hines Ward,Kym Johnson,14,6.285714285714286,0.2857142857142857,Athlete,Unknown,South Korea,35,35-44,1st Place,1,25.0,10,10,1.0,1.0,0.0,3,0.3,0.0,1,0.1
12,4,Hines Ward,Kym Johnson,14,6.285714285714286,0.2857142857142857,Athlete,Unknown,South Korea,35,35-44,1st Place,1,25.0,10,9,0.9615384615384616,0.8888888888888888,-0.07264957264957272,4,0.4,0.0,2,0.2222222222222222
12,5,Hines Ward,Kym Johnson,14,6.285714285714286,0.2857142857142857,Athlete,Unknown,South Korea,35,35-44,1st Place,1,27.0,10,8,1.0,1.0,0.0,5,0.5,0.0,1,0.125
12,6,Hines Ward,Kym Johnson,14,6.285714285714286,0.2857142857142857,Athlete,Unknown,South Korea,35,35-44,1st Place,1,27.0,10,7,0.9642857142857143,0.7142857142857143,-0.25,6,0.6,0.0,3,0.42857142857142855
12,7,Hines Ward,Kym Johnson,14,6.285714285714286,0.2857142857142857,Athlete,Unknown,South Korea,35,35-44,1st Place,1,33.0,10,6,1.0,1.0,0.0,7,0.7,0.0,1,0.16666666666666666
12,8,Hines Ward,Kym Johnson,14,6.285714285714286,0.2857142857142857,Athlete,Unknown,South Korea,35,35-44,1st Place,1,27.0,10,5,0.9818181818181818,0.8,-0.18181818181818177,8,0.8,0.0,2,0.4
12,9,Hines Ward,Kym Johnson,14,6.285714285714286,0.2857142857142857,Athlete,Unknown,South Korea,35,35-44,1st Place,1,30.0,10,4,0.821917808219178,0.75,-0.07191780821917804,9,0.9,0.0,2,0.5
12,10,Hines Ward,Kym Johnson,14,6.285714285714286,0.2857142857142857,Athlete,Unknown,South Korea,35,35-44,1st Place,1,29.666600000000003,10,3,1.0,1.0,0.0,10,1.0,0.0,1,0.3333333333333333
12,1,Kendra Wilkinson,Louis van Amstel,11,7.0,0.09090909090909091,TV Personality,California,United States,25,25-34,Eliminated Week 7,6,18.0,10,11,0.75,0.4545454545454546,-0.2954545454545454,1,0.1,0.0,7,0.6363636363636364
12,2,Kendra Wilkinson,Louis van Amstel,11,7.0,0.09090909090909091,TV Personality,California,United States,25,25-34,Eliminated Week 7,6,19.0,10,11,0.8260869565217391,0.5454545454545454,-0.2806324110671937,2,0.2,0.0,6,0.5454545454545454
12,3,Kendra Wilkinson,Louis van Amstel,11,7.0,0.09090909090909091,TV Personality,California,United States,25,25-34,Eliminated Week 7,6,23.0,10,10,0.92,0.8,-0.12,3,0.3,0.0,3,0.3
12,4,Kendra Wilkinson,Louis van Amstel,11,7.0,0.09090909090909091,TV Personality,California,United States,25,25-34,Eliminated Week 7,6,18.0,10,9,0.6923076923076923,0.11111111111111116,-0.5811965811965811,4,0.4,0.0,9,1.0
12,5,Kendra Wilkinson,Louis van Amstel,11,7.0,0.09090909090909091,TV Personality,California,United States,25,25-34,Eliminated Week 7,6,22.0,10,8,0.8148148148148148,0.375,-0.43981481481481477,5,0.5,0.0,6,0.75
12,6,Kendra Wilkinson,Louis van Amstel,11,7.0,0.09090909090909091,TV Personality,California,United States,25,25-34,Eliminated Week 7,6,25.0,10,7,0.8928571428571429,0.4285714285714286,-0.4642857142857143,6,0.6,0.0,5,0.7142857142857143
12,7,Kendra Wilkinson,Louis van Amstel,11,7.0,0.09090909090909091,TV Personality,California,United States,25,25-34,Eliminated Week 7,6,30.5,10,6,0.9242424242424242,0.5,-0.4242424242424242,7,0.7,0.0,4,0.6666666666666666
12,1,Kirstie Alley,Maksim Chmerkoskiy,17,6.0,0.29411764705882354,Actor/Actress,Kansas,United States,60,55-64,2nd Place,2,23.0,10,11,0.9583333333333334,0.9090909090909091,-0.04924242424242431,1,0.1,0.0,2,0.18181818181818182
12,2,Kirstie Alley,Maksim Chmerkoskiy,17,6.0,0.29411764705882354,Actor/Actress,Kansas,United States,60,55-64,2nd Place,2,20.0,10,11,0.8695652173913043,0.6363636363636364,-0.23320158102766797,2,0.2,0.0,5,0.45454545454545453
12,3,Kirstie Alley,Maksim Chmerkoskiy,17,6.0,0.29411764705882354,Actor/Actress,Kansas,United States,60,55-64,2nd Place,2,21.0,10,10,0.84,0.6,-0.24,3,0.3,0.0,5,0.5
12,4,Kirstie Alley,Maksim Chmerkoskiy,17,6.0,0.29411764705882354,Actor/Actress,Kansas,United States,60,55-64,2nd Place,2,22.0,10,9,0.8461538461538461,0.33333333333333337,-0.5128205128205128,4,0.4,0.0,7,0.7777777777777778
12,5,Kirstie Alley,Maksim Chmerkoskiy,17,6.0,0.29411764705882354,Actor/Actress,Kansas,United States,60,55-64,2nd Place,2,23.0,10,8,0.8518518518518519,0.5,-0.35185185185185186,5,0.5,0.0,5,0.625
12,6,Kirstie Alley,Maksim Chmerkoskiy,17,6.0,0.29411764705882354,Actor/Actress,Kansas,United States,60,55-64,2nd Place,2,26.0,10,7,0.9285714285714286,0.5714285714285714,-0.3571428571428572,6,0.6,0.0,4,0.5714285714285714
12,7,Kirstie Alley,Maksim Chmerkoskiy,17,6.0,0.29411764705882354,Actor/Actress,Kansas,United States,60,55-64,2nd Place,2,30.0,10,6,0.9090909090909091,0.33333333333333337,-0.5757575757575757,7,0.7,0.0,5,0.8333333333333334
12,8,Kirstie Alley,Maksim Chmerkoskiy,17,6.0,0.29411764705882354,Actor/Actress,Kansas,United States,60,55-64,2nd Place,2,26.5,10,5,0.9636363636363636,0.6,-0.36363636363636365,8,0.8,0.0,3,0.6
12,9,Kirstie Alley,Maksim Chmerkoskiy,17,6.0,0.29411764705882354,Actor/Actress,Kansas,United States,60,55-64,2nd Place,2,27.0,10,4,0.7397260273972602,0.5,-0.23972602739726023,9,0.9,0.0,3,0.75
12,10,Kirstie Alley,Maksim Chmerkoskiy,17,6.0,0.29411764705882354,Actor/Actress,Kansas,United States,60,55-64,2nd Place,2,27.999899999999997,10,3,0.9438189748741006,0.33333333333333337,-0.6104856415407672,10,1.0,0.0,3,1.0
12,1,Mike Catherwood,Lacey Schwimmer,6,6.166666666666667,0.3333333333333333,Radio Personality,California,United States,32,25-34,Eliminated Week 2,11,13.0,10,11,0.5416666666666666,0.09090909090909094,-0.4507575757575757,1,0.1,0.0,11,1.0
12,2,Mike Catherwood,Lacey Schwimmer,6,6.166666666666667,0.3333333333333333,Radio Personality,California,United States,32,25-34,Eliminated Week 2,11,17.0,10,11,0.7391304347826086,0.2727272727272727,-0.46640316205533594,2,0.2,0.0,9,0.8181818181818182
12,1,Petra Nemcova,Dmitry Chaplin,3,7.0,0.3333333333333333,Model,Unknown,Czechoslovakia,31,25-34,Eliminated Week 5,8,18.0,10,11,0.75,0.4545454545454546,-0.2954545454545454,1,0.1,0.0,7,0.6363636363636364
12,2,Petra Nemcova,Dmitry Chaplin,3,7.0,0.3333333333333333,Model,Unknown,Czechoslovakia,31,25-34,Eliminated Week 5,8,18.0,10,11,0.782608695652174,0.4545454545454546,-0.32806324110671936,2,0.2,0.0,7,0.6363636363636364
12,3,Petra Nemcova,Dmitry Chaplin,3,7.0,0.3333333333333333,Model,Unknown,Czechoslovakia,31,25-34,Eliminated Week 5,8,25.0,10,10,1.0,1.0,0.0,3,0.3,0.0,1,0.1
12,4,Petra Nemcova,Dmitry Chaplin,3,7.0,0.3333333333333333,Model,Unknown,Czechoslovakia,31,25-34,Eliminated Week 5,8,23.0,10,9,0.8846153846153846,0.6666666666666667,-0.21794871794871784,4,0.4,0.0,4,0.4444444444444444
12,5,Petra Nemcova,Dmitry Chaplin,3,7.0,0.3333333333333333,Model,Unknown,Czechoslovakia,31,25-34,Eliminated Week 5,8,22.0,10,8,0.8148148148148148,0.375,-0.43981481481481477,5,0.5,0.0,6,0.75
12,1,Ralph Macchio,Karina Smirnoff,18,6.722222222222222,0.2222222222222222,Actor/Actress,New York,United States,49,45-54,Eliminated Week 9,4,24.0,10,11,1.0,1.0,0.0,1,0.1,0.0,1,0.09090909090909091
12,2,Ralph Macchio,Karina Smirnoff,18,6.722222222222222,0.2222222222222222,Actor/Actress,New York,United States,49,45-54,Eliminated Week 9,4,21.0,10,11,0.9130434782608695,0.7272727272727273,-0.18577075098814222,2,0.2,0.0,4,0.36363636363636365
12,3,Ralph Macchio,Karina Smirnoff,18,6.722222222222222,0.2222222222222222,Actor/Actress,New York,United States,49,45-54,Eliminated Week 9,4,21.0,10,10,0.84,0.6,-0.24,3,0.3,0.0,5,0.5
12,4,Ralph Macchio,Karina Smirnoff,18,6.722222222222222,0.2222222222222222,Actor/Actress,New York,United States,49,45-54,Eliminated Week 9,4,25.0,10,9,0.9615384615384616,0.8888888888888888,-0.07264957264957272,4,0.4,0.0,2,0.2222222222222222
12,5,Ralph Macchio,Karina Smirnoff,18,6.722222222222222,0.2222222222222222,Actor/Actress,New York,United States,49,45-54,Eliminated Week 9,4,22.0,10,8,0.8148148148148148,0.375,-0.43981481481481477,5,0.5,0.0,6,0.75
12,6,Ralph Macchio,Karina Smirnoff,18,6.722222222222222,0.2222222222222222,Actor/Actress,New York,United States,49,45-54,Eliminated Week 9,4,24.0,10,7,0.8571428571428571,0.2857142857142857,-0.5714285714285714,6,0.6,0.0,6,0.8571428571428571
12,7,Ralph Macchio,Karina Smirnoff,18,6.722222222222222,0.2222222222222222,Actor/Actress,New York,United States,49,45-54,Eliminated Week 9,4,33.0,10,6,1.0,1.0,0.0,7,0.7,0.0,1,0.16666666666666666
12,8,Ralph Macchio,Karina Smirnoff,18,6.722222222222222,0.2222222222222222,Actor/Actress,New York,United States,49,45-54,Eliminated Week 9,4,23.0,10,5,0.8363636363636363,0.19999999999999996,-0.6363636363636364,8,0.8,0.0,5,1.0
12,9,Ralph Macchio,Karina Smirnoff,18,6.722222222222222,0.2222222222222222,Actor/Actress,New York,United States,49,45-54,Eliminated Week 9,4,24.0,10,4,0.6575342465753424,0.25,-0.40753424657534243,9,0.9,0.0,4,1.0
12,1,Romeo,Chelsie Hightower,7,7.285714285714286,0.0,Singer/Rapper,Louisiana,United States,21,<25,Eliminated Week 8,5,19.0,10,11,0.7916666666666666,0.6363636363636364,-0.15530303030303028,1,0.1,0.0,5,0.45454545454545453
12,2,Romeo,Chelsie Hightower,7,7.285714285714286,0.0,Singer/Rapper,Louisiana,United States,21,<25,Eliminated Week 8,5,23.0,10,11,1.0,1.0,0.0,2,0.2,0.0,1,0.09090909090909091
12,3,Romeo,Chelsie Hightower,7,7.285714285714286,0.0,Singer/Rapper,Louisiana,United States,21,<25,Eliminated Week 8,5,20.0,10,10,0.8,0.30000000000000004,-0.5,3,0.3,0.0,8,0.8
12,4,Romeo,Chelsie Hightower,7,7.285714285714286,0.0,Singer/Rapper,Louisiana,United States,21,<25,Eliminated Week 8,5,23.0,10,9,0.8846153846153846,0.6666666666666667,-0.21794871794871784,4,0.4,0.0,4,0.4444444444444444
12,5,Romeo,Chelsie Hightower,7,7.285714285714286,0.0,Singer/Rapper,Louisiana,United States,21,<25,Eliminated Week 8,5,26.0,10,8,0.9629629629629629,0.875,-0.08796296296296291,5,0.5,0.0,2,0.25
12,6,Romeo,Chelsie Hightower,7,7.285714285714286,0.0,Singer/Rapper,Louisiana,United States,21,<25,Eliminated Week 8,5,28.0,10,7,1.0,1.0,0.0,6,0.6,0.0,1,0.14285714285714285
12,7,Romeo,Chelsie Hightower,7,7.285714285714286,0.0,Singer/Rapper,Louisiana,United States,21,<25,Eliminated Week 8,5,30.0,10,6,0.9090909090909091,0.33333333333333337,-0.5757575757575757,7,0.7,0.0,5,0.8333333333333334
12,8,Romeo,Chelsie Hightower,7,7.285714285714286,0.0,Singer/Rapper,Louisiana,United States,21,<25,Eliminated Week 8,5,26.0,10,5,0.9454545454545454,0.4,-0.5454545454545454,8,0.8,0.0,4,0.8
12,1,Sugar Ray Leonard,Anna Trebunskaya,11,8.181818181818182,0.18181818181818182,Athlete,North Carolina,United States,54,45-54,Eliminated Week 4,9,17.0,10,11,0.7083333333333334,0.2727272727272727,-0.43560606060606066,1,0.1,0.0,9,0.8181818181818182
12,2,Sugar Ray Leonard,Anna Trebunskaya,11,8.181818181818182,0.18181818181818182,Athlete,North Carolina,United States,54,45-54,Eliminated Week 4,9,17.0,10,11,0.7391304347826086,0.2727272727272727,-0.46640316205533594,2,0.2,0.0,9,0.8181818181818182
12,3,Sugar Ray Leonard,Anna Trebunskaya,11,8.181818181818182,0.18181818181818182,Athlete,North Carolina,United States,54,45-54,Eliminated Week 4,9,20.0,10,10,0.8,0.30000000000000004,-0.5,3,0.3,0.0,8,0.8
12,4,Sugar Ray Leonard,Anna Trebunskaya,11,8.181818181818182,0.18181818181818182,Athlete,North Carolina,United States,54,45-54,Eliminated Week 4,9,21.0,10,9,0.8076923076923077,0.2222222222222222,-0.5854700854700855,4,0.4,0.0,8,0.8888888888888888
12,1,Wendy Williams,Tony Dovolani,21,7.666666666666667,0.14285714285714285,TV Personality,New Jersey,United States,46,45-54,Eliminated Week 3,10,14.0,10,11,0.5833333333333334,0.18181818181818177,-0.4015151515151516,1,0.1,0.0,10,0.9090909090909091
12,2,Wendy Williams,Tony Dovolani,21,7.666666666666667,0.14285714285714285,TV Personality,New Jersey,United States,46,45-54,Eliminated Week 3,10,17.0,10,11,0.7391304347826086,0.2727272727272727,-0.46640316205533594,2,0.2,0.0,9,0.8181818181818182
12,3,Wendy Williams,Tony Dovolani,21,7.666666666666667,0.14285714285714285,TV Personality,New Jersey,United States,46,45-54,Eliminated Week 3,10,15.0,10,10,0.6,0.09999999999999998,-0.5,3,0.3,0.0,10,1.0
13,1,Carson Kressley,Anna Trebunskaya,11,8.181818181818182,0.18181818181818182,TV Personality,Pennsylvania,United States,41,35-44,Eliminated Week 5,8,17.0,10,12,0.7727272727272727,0.5,-0.2727272727272727,1,0.1,0.0,7,0.5833333333333334
13,2,Carson Kressley,Anna Trebunskaya,11,8.181818181818182,0.18181818181818182,TV Personality,Pennsylvania,United States,41,35-44,Eliminated Week 5,8,18.0,10,11,0.782608695652174,0.2727272727272727,-0.5098814229249012,2,0.2,0.0,9,0.8181818181818182
13,3,Carson Kressley,Anna Trebunskaya,11,8.181818181818182,0.18181818181818182,TV Personality,Pennsylvania,United States,41,35-44,Eliminated Week 5,8,23.0,10,10,0.8518518518518519,0.30000000000000004,-0.5518518518518518,3,0.3,0.0,8,0.8
13,4,Carson Kressley,Anna Trebunskaya,11,8.181818181818182,0.18181818181818182,TV Personality,Pennsylvania,United States,41,35-44,Eliminated Week 5,8,20.0,10,9,0.6896551724137931,0.11111111111111116,-0.578544061302682,4,0.4,0.0,9,1.0
13,5,Carson Kressley,Anna Trebunskaya,11,8.181818181818182,0.18181818181818182,TV Personality,Pennsylvania,United States,41,35-44,Eliminated Week 5,8,19.0,10,8,0.6785714285714286,0.125,-0.5535714285714286,5,0.5,0.0,8,1.0
13,1,Chaz Bono,Lacey Schwimmer,6,6.166666666666667,0.3333333333333333,TV Personality,California,United States,42,35-44,Eliminated Week 6,7,17.0,10,12,0.7727272727272727,0.5,-0.2727272727272727,1,0.1,0.0,7,0.5833333333333334
13,2,Chaz Bono,Lacey Schwimmer,6,6.166666666666667,0.3333333333333333,TV Personality,California,United States,42,35-44,Eliminated Week 6,7,17.0,10,11,0.7391304347826086,0.09090909090909094,-0.6482213438735177,2,0.2,0.0,11,1.0
13,3,Chaz Bono,Lacey Schwimmer,6,6.166666666666667,0.3333333333333333,TV Personality,California,United States,42,35-44,Eliminated Week 6,7,18.0,10,10,0.6666666666666666,0.09999999999999998,-0.5666666666666667,3,0.3,0.0,10,1.0
13,4,Chaz Bono,Lacey Schwimmer,6,6.166666666666667,0.3333333333333333,TV Personality,California,United States,42,35-44,Eliminated Week 6,7,21.0,10,9,0.7241379310344828,0.4444444444444444,-0.27969348659003834,4,0.4,0.0,6,0.6666666666666666
13,5,Chaz Bono,Lacey Schwimmer,6,6.166666666666667,0.3333333333333333,TV Personality,California,United States,42,35-44,Eliminated Week 6,7,21.0,10,8,0.75,0.25,-0.5,5,0.5,0.0,7,0.875
13,6,Chaz Bono,Lacey Schwimmer,6,6.166666666666667,0.3333333333333333,TV Personality,California,United States,42,35-44,Eliminated Week 6,7,19.0,10,7,0.6551724137931034,0.1428571428571429,-0.5123152709359605,6,0.6,0.0,7,1.0
13,1,Chynna Phillips,Tony Dovolani,21,7.666666666666667,0.14285714285714285,Singer/Rapper,California,United States,43,35-44,Eliminated Week 4,9,22.0,10,12,1.0,1.0,0.0,1,0.1,0.0,1,0.08333333333333333
13,2,Chynna Phillips,Tony Dovolani,21,7.666666666666667,0.14285714285714285,Singer/Rapper,California,United States,43,35-44,Eliminated Week 4,9,21.0,10,11,0.9130434782608695,0.7272727272727273,-0.18577075098814222,2,0.2,0.0,4,0.36363636363636365
13,3,Chynna Phillips,Tony Dovolani,21,7.666666666666667,0.14285714285714285,Singer/Rapper,California,United States,43,35-44,Eliminated Week 4,9,26.0,10,10,0.9629629629629629,0.9,-0.06296296296296289,3,0.3,0.0,2,0.2
13,4,Chynna Phillips,Tony Dovolani,21,7.666666666666667,0.14285714285714285,Singer/Rapper,California,United States,43,35-44,Eliminated Week 4,9,21.0,10,9,0.7241379310344828,0.4444444444444444,-0.27969348659003834,4,0.4,0.0,6,0.6666666666666666
13,1,David Arquette,Kym Johnson,14,6.285714285714286,0.2857142857142857,Actor/Actress,Virginia,United States,40,35-44,Eliminated Week 7,6,18.0,10,12,0.8181818181818182,0.5833333333333333,-0.23484848484848497,1,0.1,0.0,6,0.5
13,2,David Arquette,Kym Johnson,14,6.285714285714286,0.2857142857142857,Actor/Actress,Virginia,United States,40,35-44,Eliminated Week 7,6,18.0,10,11,0.782608695652174,0.2727272727272727,-0.5098814229249012,2,0.2,0.0,9,0.8181818181818182
13,3,David Arquette,Kym Johnson,14,6.285714285714286,0.2857142857142857,Actor/Actress,Virginia,United States,40,35-44,Eliminated Week 7,6,24.0,10,10,0.8888888888888888,0.7,-0.18888888888888888,3,0.3,0.0,4,0.4
13,4,David Arquette,Kym Johnson,14,6.285714285714286,0.2857142857142857,Actor/Actress,Virginia,United States,40,35-44,Eliminated Week 7,6,23.0,10,9,0.7931034482758621,0.5555555555555556,-0.23754789272030652,4,0.4,0.0,5,0.5555555555555556
13,5,David Arquette,Kym Johnson,14,6.285714285714286,0.2857142857142857,Actor/Actress,Virginia,United States,40,35-44,Eliminated Week 7,6,25.0,10,8,0.8928571428571429,0.875,-0.017857142857142905,5,0.5,0.0,2,0.25
13,6,David Arquette,Kym Johnson,14,6.285714285714286,0.2857142857142857,Actor/Actress,Virginia,United States,40,35-44,Eliminated Week 7,6,23.0,10,7,0.7931034482758621,0.5714285714285714,-0.2216748768472907,6,0.6,0.0,4,0.5714285714285714
13,7,David Arquette,Kym Johnson,14,6.285714285714286,0.2857142857142857,Actor/Actress,Virginia,United States,40,35-44,Eliminated Week 7,6,23.5,10,6,0.8867924528301887,0.33333333333333337,-0.5534591194968553,7,0.7,0.0,5,0.8333333333333334
13,1,Elisabetta Canalis,Valentin Chmerkovskiy,19,5.2631578947368425,0.47368421052631576,Actor/Actress,Unknown,Italy,33,25-34,Eliminated Week 2,11,15.0,10,12,0.6818181818181818,0.16666666666666663,-0.5151515151515151,1,0.1,0.0,11,0.9166666666666666
13,2,Elisabetta Canalis,Valentin Chmerkovskiy,19,5.2631578947368425,0.47368421052631576,Actor/Actress,Unknown,Italy,33,25-34,Eliminated Week 2,11,21.0,10,11,0.9130434782608695,0.7272727272727273,-0.18577075098814222,2,0.2,0.0,4,0.36363636363636365
13,1,Hope Solo,Maksim Chmerkoskiy,17,6.0,0.29411764705882354,Athlete,Washington,United States,30,25-34,Eliminated Week 9,4,21.0,10,12,0.9545454545454546,0.8333333333333334,-0.12121212121212122,1,0.1,0.0,3,0.25
13,2,Hope Solo,Maksim Chmerkoskiy,17,6.0,0.29411764705882354,Athlete,Washington,United States,30,25-34,Eliminated Week 9,4,19.0,10,11,0.8260869565217391,0.36363636363636365,-0.4624505928853755,2,0.2,0.0,8,0.7272727272727273
13,3,Hope Solo,Maksim Chmerkoskiy,17,6.0,0.29411764705882354,Athlete,Washington,United States,30,25-34,Eliminated Week 9,4,24.0,10,10,0.8888888888888888,0.7,-0.18888888888888888,3,0.3,0.0,4,0.4
13,4,Hope Solo,Maksim Chmerkoskiy,17,6.0,0.29411764705882354,Athlete,Washington,United States,30,25-34,Eliminated Week 9,4,24.0,10,9,0.8275862068965517,0.7777777777777778,-0.04980842911877392,4,0.4,0.0,3,0.3333333333333333
13,5,Hope Solo,Maksim Chmerkoskiy,17,6.0,0.29411764705882354,Athlete,Washington,United States,30,25-34,Eliminated Week 9,4,24.0,10,8,0.8571428571428571,0.625,-0.2321428571428571,5,0.5,0.0,4,0.5
13,6,Hope Solo,Maksim Chmerkoskiy,17,6.0,0.29411764705882354,Athlete,Washington,United States,30,25-34,Eliminated Week 9,4,20.0,10,7,0.6896551724137931,0.2857142857142857,-0.40394088669950745,6,0.6,0.0,6,0.8571428571428571
13,7,Hope Solo,Maksim Chmerkoskiy,17,6.0,0.29411764705882354,Athlete,Washington,United States,30,25-34,Eliminated Week 9,4,25.0,10,6,0.9433962264150944,0.6666666666666667,-0.2767295597484276,7,0.7,0.0,3,0.5
13,8,Hope Solo,Maksim Chmerkoskiy,17,6.0,0.29411764705882354,Athlete,Washington,United States,30,25-34,Eliminated Week 9,4,26.0,10,5,0.8666666666666667,0.8,-0.06666666666666665,8,0.8,0.0,2,0.4
13,9,Hope Solo,Maksim Chmerkoskiy,17,6.0,0.29411764705882354,Athlete,Washington,United States,30,25-34,Eliminated Week 9,4,24.4998,10,4,0.7313394965358107,0.25,-0.48133949653581065,9,0.9,0.0,4,1.0
13,1,J.R. Martinez,Karina Smirnoff,18,6.722222222222222,0.2222222222222222,Actor/Actress,Louisiana,United States,28,25-34,1st Place,1,22.0,10,12,1.0,1.0,0.0,1,0.1,0.0,1,0.08333333333333333
13,2,J.R. Martinez,Karina Smirnoff,18,6.722222222222222,0.2222222222222222,Actor/Actress,Louisiana,United States,28,25-34,1st Place,1,22.0,10,11,0.9565217391304348,0.9090909090909091,-0.04743083003952575,2,0.2,0.0,2,0.18181818181818182
13,3,J.R. Martinez,Karina Smirnoff,18,6.722222222222222,0.2222222222222222,Actor/Actress,Louisiana,United States,28,25-34,1st Place,1,26.0,10,10,0.9629629629629629,0.9,-0.06296296296296289,3,0.3,0.0,2,0.2
13,4,J.R. Martinez,Karina Smirnoff,18,6.722222222222222,0.2222222222222222,Actor/Actress,Louisiana,United States,28,25-34,1st Place,1,26.0,10,9,0.896551724137931,0.8888888888888888,-0.00766283524904221,4,0.4,0.0,2,0.2222222222222222
13,5,J.R. Martinez,Karina Smirnoff,18,6.722222222222222,0.2222222222222222,Actor/Actress,Louisiana,United States,28,25-34,1st Place,1,28.0,10,8,1.0,1.0,0.0,5,0.5,0.0,1,0.125
13,6,J.R. Martinez,Karina Smirnoff,18,6.722222222222222,0.2222222222222222,Actor/Actress,Louisiana,United States,28,25-34,1st Place,1,29.0,10,7,1.0,1.0,0.0,6,0.6,0.0,1,0.14285714285714285
13,7,J.R. Martinez,Karina Smirnoff,18,6.722222222222222,0.2222222222222222,Actor/Actress,Louisiana,United States,28,25-34,1st Place,1,24.0,10,6,0.9056603773584906,0.5,-0.4056603773584906,7,0.7,0.0,4,0.6666666666666666
13,8,J.R. Martinez,Karina Smirnoff,18,6.722222222222222,0.2222222222222222,Actor/Actress,Louisiana,United States,28,25-34,1st Place,1,30.0,10,5,1.0,1.0,0.0,8,0.8,0.0,1,0.2
13,9,J.R. Martinez,Karina Smirnoff,18,6.722222222222222,0.2222222222222222,Actor/Actress,Louisiana,United States,28,25-34,1st Place,1,28.0,10,4,0.8358233905175837,0.5,-0.3358233905175837,9,0.9,0.0,3,0.75
13,10,J.R. Martinez,Karina Smirnoff,18,6.722222222222222,0.2222222222222222,Actor/Actress,Louisiana,United States,28,25-34,1st Place,1,28.1665,10,3,0.9941164429009078,0.6666666666666667,-0.3274497762342411,10,1.0,0.0,2,0.6666666666666666
13,1,Kristin Cavallari,Mark Ballas,21,5.190476190476191,0.47619047619047616,TV Personality,Colorado,United States,24,<25,Eliminated Week 3,10,19.0,10,12,0.8636363636363636,0.6666666666666667,-0.1969696969696969,1,0.1,0.0,5,0.4166666666666667
13,2,Kristin Cavallari,Mark Ballas,21,5.190476190476191,0.47619047619047616,TV Personality,Colorado,United States,24,<25,Eliminated Week 3,10,22.0,10,11,0.9565217391304348,0.9090909090909091,-0.04743083003952575,2,0.2,0.0,2,0.18181818181818182
13,3,Kristin Cavallari,Mark Ballas,21,5.190476190476191,0.47619047619047616,TV Personality,Colorado,United States,24,<25,Eliminated Week 3,10,24.0,10,10,0.8888888888888888,0.7,-0.18888888888888888,3,0.3,0.0,4,0.4
13,1,Metta World Peace (Ron),Peta Murgatroyd,15,7.4,0.13333333333333333,Athlete,New York,United States,31,25-34,Eliminated Week 1,12,14.0,10,12,0.6363636363636364,0.08333333333333337,-0.553030303030303,1,0.1,0.0,12,1.0
13,1,Nancy Grace,Tristan MacManus,5,9.6,0.0,TV Personality,Georgia,United States,51,45-54,Eliminated Week 8,5,16.0,10,12,0.7272727272727273,0.33333333333333337,-0.3939393939393939,1,0.1,0.0,9,0.75
13,2,Nancy Grace,Tristan MacManus,5,9.6,0.0,TV Personality,Georgia,United States,51,45-54,Eliminated Week 8,5,21.0,10,11,0.9130434782608695,0.7272727272727273,-0.18577075098814222,2,0.2,0.0,4,0.36363636363636365
13,3,Nancy Grace,Tristan MacManus,5,9.6,0.0,TV Personality,Georgia,United States,51,45-54,Eliminated Week 8,5,21.0,10,10,0.7777777777777778,0.19999999999999996,-0.5777777777777778,3,0.3,0.0,9,0.9
13,4,Nancy Grace,Tristan MacManus,5,9.6,0.0,TV Personality,Georgia,United States,51,45-54,Eliminated Week 8,5,21.0,10,9,0.7241379310344828,0.4444444444444444,-0.27969348659003834,4,0.4,0.0,6,0.6666666666666666
13,5,Nancy Grace,Tristan MacManus,5,9.6,0.0,TV Personality,Georgia,United States,51,45-54,Eliminated Week 8,5,22.0,10,8,0.7857142857142857,0.375,-0.4107142857142857,5,0.5,0.0,6,0.75
13,6,Nancy Grace,Tristan MacManus,5,9.6,0.0,TV Personality,Georgia,United States,51,45-54,Eliminated Week 8,5,24.0,10,7,0.8275862068965517,0.7142857142857143,-0.11330049261083741,6,0.6,0.0,3,0.42857142857142855
13,7,Nancy Grace,Tristan MacManus,5,9.6,0.0,TV Personality,Georgia,United States,51,45-54,Eliminated Week 8,5,22.0,10,6,0.8301886792452831,0.16666666666666663,-0.6635220125786164,7,0.7,0.0,6,1.0
13,8,Nancy Grace,Tristan MacManus,5,9.6,0.0,TV Personality,Georgia,United States,51,45-54,Eliminated Week 8,5,22.0,10,5,0.7333333333333333,0.19999999999999996,-0.5333333333333333,8,0.8,0.0,5,1.0
13,1,Ricki Lake,Derek Hough,17,2.9411764705882355,0.5294117647058824,Actor/Actress,New York,United States,42,35-44,3rd Place,3,20.0,10,12,0.9090909090909091,0.75,-0.15909090909090906,1,0.1,0.0,4,0.3333333333333333
13,2,Ricki Lake,Derek Hough,17,2.9411764705882355,0.5294117647058824,Actor/Actress,New York,United States,42,35-44,3rd Place,3,23.0,10,11,1.0,1.0,0.0,2,0.2,0.0,1,0.09090909090909091
13,3,Ricki Lake,Derek Hough,17,2.9411764705882355,0.5294117647058824,Actor/Actress,New York,United States,42,35-44,3rd Place,3,27.0,10,10,1.0,1.0,0.0,3,0.3,0.0,1,0.1
13,4,Ricki Lake,Derek Hough,17,2.9411764705882355,0.5294117647058824,Actor/Actress,New York,United States,42,35-44,3rd Place,3,29.0,10,9,1.0,1.0,0.0,4,0.4,0.0,1,0.1111111111111111
13,5,Ricki Lake,Derek Hough,17,2.9411764705882355,0.5294117647058824,Actor/Actress,New York,United States,42,35-44,3rd Place,3,24.0,10,8,0.8571428571428571,0.625,-0.2321428571428571,5,0.5,0.0,4,0.5
13,6,Ricki Lake,Derek Hough,17,2.9411764705882355,0.5294117647058824,Actor/Actress,New York,United States,42,35-44,3rd Place,3,29.0,10,7,1.0,1.0,0.0,6,0.6,0.0,1,0.14285714285714285
13,7,Ricki Lake,Derek Hough,17,2.9411764705882355,0.5294117647058824,Actor/Actress,New York,United States,42,35-44,3rd Place,3,26.5,10,6,1.0,1.0,0.0,7,0.7,0.0,1,0.16666666666666666
13,8,Ricki Lake,Derek Hough,17,2.9411764705882355,0.5294117647058824,Actor/Actress,New York,United States,42,35-44,3rd Place,3,26.0,10,5,0.8666666666666667,0.8,-0.06666666666666665,8,0.8,0.0,2,0.4
13,9,Ricki Lake,Derek Hough,17,2.9411764705882355,0.5294117647058824,Actor/Actress,New York,United States,42,35-44,3rd Place,3,33.4999,10,4,1.0,1.0,0.0,9,0.9,0.0,1,0.25
13,10,Ricki Lake,Derek Hough,17,2.9411764705882355,0.5294117647058824,Actor/Actress,New York,United States,42,35-44,3rd Place,3,27.999899999999997,10,3,0.9882364152301892,0.33333333333333337,-0.6549030818968559,10,1.0,0.0,3,1.0
13,1,Rob Kardashian,Cheryl Burke,25,5.8,0.32,TV Personality,California,United States,24,<25,2nd Place,2,16.0,10,12,0.7272727272727273,0.33333333333333337,-0.3939393939393939,1,0.1,0.0,9,0.75
13,2,Rob Kardashian,Cheryl Burke,25,5.8,0.32,TV Personality,California,United States,24,<25,2nd Place,2,21.0,10,11,0.9130434782608695,0.7272727272727273,-0.18577075098814222,2,0.2,0.0,4,0.36363636363636365
13,3,Rob Kardashian,Cheryl Burke,25,5.8,0.32,TV Personality,California,United States,24,<25,2nd Place,2,24.0,10,10,0.8888888888888888,0.7,-0.18888888888888888,3,0.3,0.0,4,0.4
13,4,Rob Kardashian,Cheryl Burke,25,5.8,0.32,TV Personality,California,United States,24,<25,2nd Place,2,24.0,10,9,0.8275862068965517,0.7777777777777778,-0.04980842911877392,4,0.4,0.0,3,0.3333333333333333
13,5,Rob Kardashian,Cheryl Burke,25,5.8,0.32,TV Personality,California,United States,24,<25,2nd Place,2,25.0,10,8,0.8928571428571429,0.875,-0.017857142857142905,5,0.5,0.0,2,0.25
13,6,Rob Kardashian,Cheryl Burke,25,5.8,0.32,TV Personality,California,United States,24,<25,2nd Place,2,22.0,10,7,0.7586206896551724,0.4285714285714286,-0.3300492610837438,6,0.6,0.0,5,0.7142857142857143
13,7,Rob Kardashian,Cheryl Burke,25,5.8,0.32,TV Personality,California,United States,24,<25,2nd Place,2,25.5,10,6,0.9622641509433962,0.8333333333333334,-0.12893081761006286,7,0.7,0.0,2,0.3333333333333333
13,8,Rob Kardashian,Cheryl Burke,25,5.8,0.32,TV Personality,California,United States,24,<25,2nd Place,2,25.5,10,5,0.85,0.4,-0.44999999999999996,8,0.8,0.0,4,0.8
13,9,Rob Kardashian,Cheryl Burke,25,5.8,0.32,TV Personality,California,United States,24,<25,2nd Place,2,32.4998,10,4,0.9701461795408346,0.75,-0.2201461795408346,9,0.9,0.0,2,0.5
13,10,Rob Kardashian,Cheryl Burke,25,5.8,0.32,TV Personality,California,United States,24,<25,2nd Place,2,28.333199999999998,10,3,1.0,1.0,0.0,10,1.0,0.0,1,0.3333333333333333
14,1,Donald Driver,Peta Murgatroyd,15,7.4,0.13333333333333333,Athlete,Texas,United States,37,35-44,1st Place,1,21.0,10,12,0.8076923076923077,0.41666666666666663,-0.3910256410256411,1,0.1,0.0,8,0.6666666666666666
14,2,Donald Driver,Peta Murgatroyd,15,7.4,0.13333333333333333,Athlete,Texas,United States,37,35-44,1st Place,1,24.0,10,12,0.9230769230769231,0.6666666666666667,-0.2564102564102564,2,0.2,0.0,5,0.4166666666666667
14,3,Donald Driver,Peta Murgatroyd,15,7.4,0.13333333333333333,Athlete,Texas,United States,37,35-44,1st Place,1,26.0,10,11,0.896551724137931,0.7272727272727273,-0.16927899686520376,3,0.3,0.0,4,0.36363636363636365
14,4,Donald Driver,Peta Murgatroyd,15,7.4,0.13333333333333333,Athlete,Texas,United States,37,35-44,1st Place,1,27.0,10,10,1.0,1.0,0.0,4,0.4,0.0,1,0.1
14,5,Donald Driver,Peta Murgatroyd,15,7.4,0.13333333333333333,Athlete,Texas,United States,37,35-44,1st Place,1,27.0,10,9,0.9310344827586207,0.7777777777777778,-0.15325670498084287,5,0.5,0.0,3,0.3333333333333333
14,6,Donald Driver,Peta Murgatroyd,15,7.4,0.13333333333333333,Athlete,Texas,United States,37,35-44,1st Place,1,33.9999,10,8,0.8717945430629309,0.625,-0.24679454306293092,6,0.6,0.0,4,0.5
14,7,Donald Driver,Peta Murgatroyd,15,7.4,0.13333333333333333,Athlete,Texas,United States,37,35-44,1st Place,1,26.5,10,7,0.9298245614035088,0.7142857142857143,-0.21553884711779447,7,0.7,0.0,3,0.42857142857142855
14,8,Donald Driver,Peta Murgatroyd,15,7.4,0.13333333333333333,Athlete,Texas,United States,37,35-44,1st Place,1,27.5,10,6,0.9649122807017544,0.6666666666666667,-0.29824561403508765,8,0.8,0.0,3,0.5
14,9,Donald Driver,Peta Murgatroyd,15,7.4,0.13333333333333333,Athlete,Texas,United States,37,35-44,1st Place,1,28.5,10,4,0.9661016949152542,0.5,-0.4661016949152542,9,0.9,0.0,3,0.75
14,10,Donald Driver,Peta Murgatroyd,15,7.4,0.13333333333333333,Athlete,Texas,United States,37,35-44,1st Place,1,29.666600000000003,10,3,0.9888866666666668,0.6666666666666667,-0.32222000000000006,10,1.0,0.0,2,0.6666666666666666
14,1,Gavin DeGraw,Karina Smirnoff,18,6.722222222222222,0.2222222222222222,Singer/Rapper,New York,United States,35,35-44,Eliminated Week 5,9,20.0,10,12,0.7692307692307693,0.25,-0.5192307692307693,1,0.1,0.0,10,0.8333333333333334
14,2,Gavin DeGraw,Karina Smirnoff,18,6.722222222222222,0.2222222222222222,Singer/Rapper,New York,United States,35,35-44,Eliminated Week 5,9,21.0,10,12,0.8076923076923077,0.41666666666666663,-0.3910256410256411,2,0.2,0.0,8,0.6666666666666666
14,3,Gavin DeGraw,Karina Smirnoff,18,6.722222222222222,0.2222222222222222,Singer/Rapper,New York,United States,35,35-44,Eliminated Week 5,9,24.0,10,11,0.8275862068965517,0.4545454545454546,-0.3730407523510971,3,0.3,0.0,7,0.6363636363636364
14,4,Gavin DeGraw,Karina Smirnoff,18,6.722222222222222,0.2222222222222222,Singer/Rapper,New York,United States,35,35-44,Eliminated Week 5,9,23.0,10,10,0.8518518518518519,0.6,-0.2518518518518519,4,0.4,0.0,5,0.5
14,5,Gavin DeGraw,Karina Smirnoff,18,6.722222222222222,0.2222222222222222,Singer/Rapper,New York,United States,35,35-44,Eliminated Week 5,9,19.0,10,9,0.6551724137931034,0.11111111111111116,-0.5440613026819923,5,0.5,0.0,9,1.0
14,1,Gladys Knight,Tristan MacManus,5,9.6,0.0,Singer/Rapper,Georgia,United States,67,65+,Eliminated Week 6,8,23.0,10,12,0.8846153846153846,0.75,-0.13461538461538458,1,0.1,0.0,4,0.3333333333333333
14,2,Gladys Knight,Tristan MacManus,5,9.6,0.0,Singer/Rapper,Georgia,United States,67,65+,Eliminated Week 6,8,19.0,10,12,0.7307692307692307,0.16666666666666663,-0.5641025641025641,2,0.2,0.0,11,0.9166666666666666
14,3,Gladys Knight,Tristan MacManus,5,9.6,0.0,Singer/Rapper,Georgia,United States,67,65+,Eliminated Week 6,8,24.0,10,11,0.8275862068965517,0.4545454545454546,-0.3730407523510971,3,0.3,0.0,7,0.6363636363636364
14,4,Gladys Knight,Tristan MacManus,5,9.6,0.0,Singer/Rapper,Georgia,United States,67,65+,Eliminated Week 6,8,20.0,10,10,0.7407407407407407,0.09999999999999998,-0.6407407407407407,4,0.4,0.0,10,1.0
14,5,Gladys Knight,Tristan MacManus,5,9.6,0.0,Singer/Rapper,Georgia,United States,67,65+,Eliminated Week 6,8,22.0,10,9,0.7586206896551724,0.33333333333333337,-0.425287356321839,5,0.5,0.0,7,0.7777777777777778
14,6,Gladys Knight,Tristan MacManus,5,9.6,0.0,Singer/Rapper,Georgia,United States,67,65+,Eliminated Week 6,8,24.0,10,8,0.6153861932979315,0.125,-0.49038619329793154,6,0.6,0.0,8,1.0
14,1,Jack Wagner,Anna Trebunskaya,11,8.181818181818182,0.18181818181818182,Actor/Actress,Missouri,United States,52,45-54,Eliminated Week 3,11,23.0,10,12,0.8846153846153846,0.75,-0.13461538461538458,1,0.1,0.0,4,0.3333333333333333
14,2,Jack Wagner,Anna Trebunskaya,11,8.181818181818182,0.18181818181818182,Actor/Actress,Missouri,United States,52,45-54,Eliminated Week 3,11,21.0,10,12,0.8076923076923077,0.41666666666666663,-0.3910256410256411,2,0.2,0.0,8,0.6666666666666666
14,3,Jack Wagner,Anna Trebunskaya,11,8.181818181818182,0.18181818181818182,Actor/Actress,Missouri,United States,52,45-54,Eliminated Week 3,11,24.0,10,11,0.8275862068965517,0.4545454545454546,-0.3730407523510971,3,0.3,0.0,7,0.6363636363636364
14,1,Jaleel White,Kym Johnson,14,6.285714285714286,0.2857142857142857,Actor/Actress,California,United States,35,35-44,Eliminated Week 7,7,26.0,10,12,1.0,1.0,0.0,1,0.1,0.0,1,0.08333333333333333
14,2,Jaleel White,Kym Johnson,14,6.285714285714286,0.2857142857142857,Actor/Actress,California,United States,35,35-44,Eliminated Week 7,7,22.0,10,12,0.8461538461538461,0.5,-0.34615384615384615,2,0.2,0.0,7,0.5833333333333334
14,3,Jaleel White,Kym Johnson,14,6.285714285714286,0.2857142857142857,Actor/Actress,California,United States,35,35-44,Eliminated Week 7,7,25.0,10,11,0.8620689655172413,0.6363636363636364,-0.22570532915360497,3,0.3,0.0,5,0.45454545454545453
14,4,Jaleel White,Kym Johnson,14,6.285714285714286,0.2857142857142857,Actor/Actress,California,United States,35,35-44,Eliminated Week 7,7,22.0,10,10,0.8148148148148148,0.5,-0.31481481481481477,4,0.4,0.0,6,0.6
14,5,Jaleel White,Kym Johnson,14,6.285714285714286,0.2857142857142857,Actor/Actress,California,United States,35,35-44,Eliminated Week 7,7,24.0,10,9,0.8275862068965517,0.4444444444444444,-0.3831417624521073,5,0.5,0.0,6,0.6666666666666666
14,6,Jaleel White,Kym Johnson,14,6.285714285714286,0.2857142857142857,Actor/Actress,California,United States,35,35-44,Eliminated Week 7,7,36.9998,10,8,0.9487152531160338,0.875,-0.07371525311603377,6,0.6,0.0,2,0.25
14,7,Jaleel White,Kym Johnson,14,6.285714285714286,0.2857142857142857,Actor/Actress,California,United States,35,35-44,Eliminated Week 7,7,25.5,10,7,0.8947368421052632,0.2857142857142857,-0.6090225563909775,7,0.7,0.0,6,0.8571428571428571
14,1,Katherine Jenkins,Mark Ballas,21,5.190476190476191,0.47619047619047616,Singer/Rapper,Unknown,Wales,31,25-34,2nd Place,2,26.0,10,12,1.0,1.0,0.0,1,0.1,0.0,1,0.08333333333333333
14,2,Katherine Jenkins,Mark Ballas,21,5.190476190476191,0.47619047619047616,Singer/Rapper,Unknown,Wales,31,25-34,2nd Place,2,26.0,10,12,1.0,1.0,0.0,2,0.2,0.0,1,0.08333333333333333
14,3,Katherine Jenkins,Mark Ballas,21,5.190476190476191,0.47619047619047616,Singer/Rapper,Unknown,Wales,31,25-34,2nd Place,2,29.0,10,11,1.0,1.0,0.0,3,0.3,0.0,1,0.09090909090909091
14,4,Katherine Jenkins,Mark Ballas,21,5.190476190476191,0.47619047619047616,Singer/Rapper,Unknown,Wales,31,25-34,2nd Place,2,24.0,10,10,0.8888888888888888,0.7,-0.18888888888888888,4,0.4,0.0,4,0.4
14,5,Katherine Jenkins,Mark Ballas,21,5.190476190476191,0.47619047619047616,Singer/Rapper,Unknown,Wales,31,25-34,2nd Place,2,29.0,10,9,1.0,1.0,0.0,5,0.5,0.0,1,0.1111111111111111
14,6,Katherine Jenkins,Mark Ballas,21,5.190476190476191,0.47619047619047616,Singer/Rapper,Unknown,Wales,31,25-34,2nd Place,2,38.9999,10,8,1.0,1.0,0.0,6,0.6,0.0,1,0.125
14,7,Katherine Jenkins,Mark Ballas,21,5.190476190476191,0.47619047619047616,Singer/Rapper,Unknown,Wales,31,25-34,2nd Place,2,27.0,10,7,0.9473684210526315,0.8571428571428572,-0.09022556390977432,7,0.7,0.0,2,0.2857142857142857
14,8,Katherine Jenkins,Mark Ballas,21,5.190476190476191,0.47619047619047616,Singer/Rapper,Unknown,Wales,31,25-34,2nd Place,2,27.5,10,6,0.9649122807017544,0.6666666666666667,-0.29824561403508765,8,0.8,0.0,3,0.5
14,9,Katherine Jenkins,Mark Ballas,21,5.190476190476191,0.47619047619047616,Singer/Rapper,Unknown,Wales,31,25-34,2nd Place,2,28.0,10,4,0.9491525423728814,0.25,-0.6991525423728814,9,0.9,0.0,4,1.0
14,10,Katherine Jenkins,Mark Ballas,21,5.190476190476191,0.47619047619047616,Singer/Rapper,Unknown,Wales,31,25-34,2nd Place,2,30.0,10,3,1.0,1.0,0.0,10,1.0,0.0,1,0.3333333333333333
14,1,Maria Menounos,Derek Hough,17,2.9411764705882355,0.5294117647058824,TV Personality,Massachusetts,United States,33,25-34,Eliminated Week 9,4,21.0,10,12,0.8076923076923077,0.41666666666666663,-0.3910256410256411,1,0.1,0.0,8,0.6666666666666666
14,2,Maria Menounos,Derek Hough,17,2.9411764705882355,0.5294117647058824,TV Personality,Massachusetts,United States,33,25-34,Eliminated Week 9,4,25.0,10,12,0.9615384615384616,0.8333333333333334,-0.1282051282051282,2,0.2,0.0,3,0.25
14,3,Maria Menounos,Derek Hough,17,2.9411764705882355,0.5294117647058824,TV Personality,Massachusetts,United States,33,25-34,Eliminated Week 9,4,27.0,10,11,0.9310344827586207,0.8181818181818181,-0.11285266457680254,3,0.3,0.0,3,0.2727272727272727
14,4,Maria Menounos,Derek Hough,17,2.9411764705882355,0.5294117647058824,TV Personality,Massachusetts,United States,33,25-34,Eliminated Week 9,4,26.0,10,10,0.9629629629629629,0.9,-0.06296296296296289,4,0.4,0.0,2,0.2
14,5,Maria Menounos,Derek Hough,17,2.9411764705882355,0.5294117647058824,TV Personality,Massachusetts,United States,33,25-34,Eliminated Week 9,4,27.0,10,9,0.9310344827586207,0.7777777777777778,-0.15325670498084287,5,0.5,0.0,3,0.3333333333333333
14,6,Maria Menounos,Derek Hough,17,2.9411764705882355,0.5294117647058824,TV Personality,Massachusetts,United States,33,25-34,Eliminated Week 9,4,29.999899999999997,10,8,0.7692301775132756,0.375,-0.3942301775132756,6,0.6,0.0,6,0.75
14,7,Maria Menounos,Derek Hough,17,2.9411764705882355,0.5294117647058824,TV Personality,Massachusetts,United States,33,25-34,Eliminated Week 9,4,28.5,10,7,1.0,1.0,0.0,7,0.7,0.0,1,0.14285714285714285
14,8,Maria Menounos,Derek Hough,17,2.9411764705882355,0.5294117647058824,TV Personality,Massachusetts,United States,33,25-34,Eliminated Week 9,4,26.5,10,6,0.9298245614035088,0.33333333333333337,-0.5964912280701754,8,0.8,0.0,5,0.8333333333333334
14,9,Maria Menounos,Derek Hough,17,2.9411764705882355,0.5294117647058824,TV Personality,Massachusetts,United States,33,25-34,Eliminated Week 9,4,29.5,10,4,1.0,1.0,0.0,9,0.9,0.0,1,0.25
14,1,Martina Navratilova,Tony Dovolani,21,7.666666666666667,0.14285714285714285,Athlete,Unknown,Czechoslovakia,55,55-64,Eliminated Week 2,12,20.0,10,12,0.7692307692307693,0.25,-0.5192307692307693,1,0.1,0.0,10,0.8333333333333334
14,2,Martina Navratilova,Tony Dovolani,21,7.666666666666667,0.14285714285714285,Athlete,Unknown,Czechoslovakia,55,55-64,Eliminated Week 2,12,17.0,10,12,0.6538461538461539,0.08333333333333337,-0.5705128205128205,2,0.2,0.0,12,1.0
14,1,Melissa Gilbert,Maksim Chmerkoskiy,17,6.0,0.29411764705882354,Actor/Actress,California,United States,47,45-54,Eliminated Week 8,5,20.0,10,12,0.7692307692307693,0.25,-0.5192307692307693,1,0.1,0.0,10,0.8333333333333334
14,2,Melissa Gilbert,Maksim Chmerkoskiy,17,6.0,0.29411764705882354,Actor/Actress,California,United States,47,45-54,Eliminated Week 8,5,20.0,10,12,0.7692307692307693,0.25,-0.5192307692307693,2,0.2,0.0,10,0.8333333333333334
14,3,Melissa Gilbert,Maksim Chmerkoskiy,17,6.0,0.29411764705882354,Actor/Actress,California,United States,47,45-54,Eliminated Week 8,5,24.0,10,11,0.8275862068965517,0.4545454545454546,-0.3730407523510971,3,0.3,0.0,7,0.6363636363636364
14,4,Melissa Gilbert,Maksim Chmerkoskiy,17,6.0,0.29411764705882354,Actor/Actress,California,United States,47,45-54,Eliminated Week 8,5,22.0,10,10,0.8148148148148148,0.5,-0.31481481481481477,4,0.4,0.0,6,0.6
14,5,Melissa Gilbert,Maksim Chmerkoskiy,17,6.0,0.29411764705882354,Actor/Actress,California,United States,47,45-54,Eliminated Week 8,5,21.0,10,9,0.7241379310344828,0.2222222222222222,-0.5019157088122606,5,0.5,0.0,8,0.8888888888888888
14,6,Melissa Gilbert,Maksim Chmerkoskiy,17,6.0,0.29411764705882354,Actor/Actress,California,United States,47,45-54,Eliminated Week 8,5,30.0,10,8,0.7692327416224145,0.5,-0.2692327416224145,6,0.6,0.0,5,0.625
14,7,Melissa Gilbert,Maksim Chmerkoskiy,17,6.0,0.29411764705882354,Actor/Actress,California,United States,47,45-54,Eliminated Week 8,5,23.5,10,7,0.8245614035087719,0.1428571428571429,-0.681704260651629,7,0.7,0.0,7,1.0
14,8,Melissa Gilbert,Maksim Chmerkoskiy,17,6.0,0.29411764705882354,Actor/Actress,California,United States,47,45-54,Eliminated Week 8,5,25.5,10,6,0.8947368421052632,0.16666666666666663,-0.7280701754385965,8,0.8,0.0,6,1.0
14,1,Roshon Fegan,Chelsie Hightower,7,7.285714285714286,0.0,Actor/Actress,California,United States,20,<25,Eliminated Week 8,6,23.0,10,12,0.8846153846153846,0.75,-0.13461538461538458,1,0.1,0.0,4,0.3333333333333333
14,2,Roshon Fegan,Chelsie Hightower,7,7.285714285714286,0.0,Actor/Actress,California,United States,20,<25,Eliminated Week 8,6,26.0,10,12,1.0,1.0,0.0,2,0.2,0.0,1,0.08333333333333333
14,3,Roshon Fegan,Chelsie Hightower,7,7.285714285714286,0.0,Actor/Actress,California,United States,20,<25,Eliminated Week 8,6,25.0,10,11,0.8620689655172413,0.6363636363636364,-0.22570532915360497,3,0.3,0.0,5,0.45454545454545453
14,4,Roshon Fegan,Chelsie Hightower,7,7.285714285714286,0.0,Actor/Actress,California,United States,20,<25,Eliminated Week 8,6,26.0,10,10,0.9629629629629629,0.9,-0.06296296296296289,4,0.4,0.0,2,0.2
14,5,Roshon Fegan,Chelsie Hightower,7,7.285714285714286,0.0,Actor/Actress,California,United States,20,<25,Eliminated Week 8,6,26.0,10,9,0.896551724137931,0.5555555555555556,-0.34099616858237547,5,0.5,0.0,5,0.5555555555555556
14,6,Roshon Fegan,Chelsie Hightower,7,7.285714285714286,0.0,Actor/Actress,California,United States,20,<25,Eliminated Week 8,6,27.9998,10,8,0.7179454306293094,0.25,-0.4679454306293094,6,0.6,0.0,7,0.875
14,7,Roshon Fegan,Chelsie Hightower,7,7.285714285714286,0.0,Actor/Actress,California,United States,20,<25,Eliminated Week 8,6,26.0,10,7,0.9122807017543859,0.4285714285714286,-0.4837092731829573,7,0.7,0.0,5,0.7142857142857143
14,8,Roshon Fegan,Chelsie Hightower,7,7.285714285714286,0.0,Actor/Actress,California,United States,20,<25,Eliminated Week 8,6,28.0,10,6,0.9824561403508771,0.8333333333333334,-0.14912280701754377,8,0.8,0.0,2,0.3333333333333333
14,1,Sherri Sheperd,Valentin Chmerkovskiy,19,5.2631578947368425,0.47368421052631576,Actor/Actress,Illinois,United States,44,35-44,Eliminated Week 4,10,23.0,10,12,0.8846153846153846,0.75,-0.13461538461538458,1,0.1,0.0,4,0.3333333333333333
14,2,Sherri Sheperd,Valentin Chmerkovskiy,19,5.2631578947368425,0.47368421052631576,Actor/Actress,Illinois,United States,44,35-44,Eliminated Week 4,10,23.0,10,12,0.8846153846153846,0.5833333333333333,-0.3012820512820513,2,0.2,0.0,6,0.5
14,3,Sherri Sheperd,Valentin Chmerkovskiy,19,5.2631578947368425,0.47368421052631576,Actor/Actress,Illinois,United States,44,35-44,Eliminated Week 4,10,24.0,10,11,0.8275862068965517,0.4545454545454546,-0.3730407523510971,3,0.3,0.0,7,0.6363636363636364
14,4,Sherri Sheperd,Valentin Chmerkovskiy,19,5.2631578947368425,0.47368421052631576,Actor/Actress,Illinois,United States,44,35-44,Eliminated Week 4,10,21.0,10,10,0.7777777777777778,0.19999999999999996,-0.5777777777777778,4,0.4,0.0,9,0.9
14,1,William Levy,Cheryl Burke,25,5.8,0.32,Actor/Actress,Unknown,Cuba,31,25-34,3rd Place,3,24.0,10,12,0.9230769230769231,0.8333333333333334,-0.08974358974358976,1,0.1,0.0,3,0.25
14,2,William Levy,Cheryl Burke,25,5.8,0.32,Actor/Actress,Unknown,Cuba,31,25-34,3rd Place,3,25.0,10,12,0.9615384615384616,0.8333333333333334,-0.1282051282051282,2,0.2,0.0,3,0.25
14,3,William Levy,Cheryl Burke,25,5.8,0.32,Actor/Actress,Unknown,Cuba,31,25-34,3rd Place,3,28.0,10,11,0.9655172413793104,0.9090909090909091,-0.056426332288401326,3,0.3,0.0,2,0.18181818181818182
14,4,William Levy,Cheryl Burke,25,5.8,0.32,Actor/Actress,Unknown,Cuba,31,25-34,3rd Place,3,22.0,10,10,0.8148148148148148,0.5,-0.31481481481481477,4,0.4,0.0,6,0.6
14,5,William Levy,Cheryl Burke,25,5.8,0.32,Actor/Actress,Unknown,Cuba,31,25-34,3rd Place,3,29.0,10,9,1.0,1.0,0.0,5,0.5,0.0,1,0.1111111111111111
14,6,William Levy,Cheryl Burke,25,5.8,0.32,Actor/Actress,Unknown,Cuba,31,25-34,3rd Place,3,36.0,10,8,0.9230792899468974,0.75,-0.17307928994689736,6,0.6,0.0,3,0.375
14,7,William Levy,Cheryl Burke,25,5.8,0.32,Actor/Actress,Unknown,Cuba,31,25-34,3rd Place,3,26.5,10,7,0.9298245614035088,0.7142857142857143,-0.21553884711779447,7,0.7,0.0,3,0.42857142857142855
14,8,William Levy,Cheryl Burke,25,5.8,0.32,Actor/Actress,Unknown,Cuba,31,25-34,3rd Place,3,28.5,10,6,1.0,1.0,0.0,8,0.8,0.0,1,0.16666666666666666
14,9,William Levy,Cheryl Burke,25,5.8,0.32,Actor/Actress,Unknown,Cuba,31,25-34,3rd Place,3,29.0,10,4,0.9830508474576272,0.75,-0.23305084745762716,9,0.9,0.0,2,0.5
14,10,William Levy,Cheryl Burke,25,5.8,0.32,Actor/Actress,Unknown,Cuba,31,25-34,3rd Place,3,29.666600000000003,10,3,0.9888866666666668,0.6666666666666667,-0.32222000000000006,10,1.0,0.0,2,0.6666666666666666
15,1,Apolo Anton Ohno,Karina Smirnoff,18,6.722222222222222,0.2222222222222222,Athlete,Washington,United States,30,25-34,Eliminated Week 9,5,22.0,10,13,0.8979591836734694,0.7692307692307692,-0.12872841444270022,1,0.1,0.0,4,0.3076923076923077
15,2,Apolo Anton Ohno,Karina Smirnoff,18,6.722222222222222,0.2222222222222222,Athlete,Washington,United States,30,25-34,Eliminated Week 9,5,24.5,10,12,0.9423076923076923,0.75,-0.1923076923076923,2,0.2,0.0,4,0.3333333333333333
15,3,Apolo Anton Ohno,Karina Smirnoff,18,6.722222222222222,0.2222222222222222,Athlete,Washington,United States,30,25-34,Eliminated Week 9,5,25.5,10,11,0.9444444444444444,0.7272727272727273,-0.21717171717171713,3,0.3,0.0,4,0.36363636363636365
15,4,Apolo Anton Ohno,Karina Smirnoff,18,6.722222222222222,0.2222222222222222,Athlete,Washington,United States,30,25-34,Eliminated Week 9,5,34.5,10,9,0.8734177215189873,0.33333333333333337,-0.540084388185654,4,0.4,0.0,7,0.7777777777777778
15,5,Apolo Anton Ohno,Karina Smirnoff,18,6.722222222222222,0.2222222222222222,Athlete,Washington,United States,30,25-34,Eliminated Week 9,5,28.25,10,8,0.9658119658119658,0.875,-0.09081196581196582,5,0.5,0.0,2,0.25
15,6,Apolo Anton Ohno,Karina Smirnoff,18,6.722222222222222,0.2222222222222222,Athlete,Washington,United States,30,25-34,Eliminated Week 9,5,30.0,10,8,1.0,1.0,0.0,6,0.6,0.0,1,0.125
15,7,Apolo Anton Ohno,Karina Smirnoff,18,6.722222222222222,0.2222222222222222,Athlete,Washington,United States,30,25-34,Eliminated Week 9,5,33.0,10,7,0.8461560157846559,0.2857142857142857,-0.5604417300703702,7,0.7,0.0,6,0.8571428571428571
15,8,Apolo Anton Ohno,Karina Smirnoff,18,6.722222222222222,0.2222222222222222,Athlete,Washington,United States,30,25-34,Eliminated Week 9,5,29.2777,10,7,0.9759233333333334,0.8571428571428572,-0.11878047619047616,8,0.8,0.0,2,0.2857142857142857
15,9,Apolo Anton Ohno,Karina Smirnoff,18,6.722222222222222,0.2222222222222222,Athlete,Washington,United States,30,25-34,Eliminated Week 9,5,28.611,10,5,0.969864406779661,0.6,-0.36986440677966104,9,0.9,0.0,3,0.6
15,1,Bristol Palin,Mark Ballas,21,5.190476190476191,0.47619047619047616,TV Personality,Alaska,United States,21,<25,Eliminated Week 4,9,19.5,10,13,0.7959183673469388,0.23076923076923073,-0.565149136577708,1,0.1,0.0,11,0.8461538461538461
15,2,Bristol Palin,Mark Ballas,21,5.190476190476191,0.47619047619047616,TV Personality,Alaska,United States,21,<25,Eliminated Week 4,9,18.0,10,12,0.6923076923076923,0.08333333333333337,-0.6089743589743589,2,0.2,0.0,12,1.0
15,3,Bristol Palin,Mark Ballas,21,5.190476190476191,0.47619047619047616,TV Personality,Alaska,United States,21,<25,Eliminated Week 4,9,22.5,10,11,0.8333333333333334,0.09090909090909094,-0.7424242424242424,3,0.3,0.0,11,1.0
15,4,Bristol Palin,Mark Ballas,21,5.190476190476191,0.47619047619047616,TV Personality,Alaska,United States,21,<25,Eliminated Week 4,9,32.0,10,9,0.810126582278481,0.2222222222222222,-0.5879043600562588,4,0.4,0.0,8,0.8888888888888888
15,1,Drew Lachey,Anna Trebunskaya,11,8.181818181818182,0.18181818181818182,Singer/Rapper,Ohio,United States,36,35-44,Eliminated Week 3,11,21.5,10,13,0.8775510204081632,0.6153846153846154,-0.2621664050235478,1,0.1,0.0,6,0.46153846153846156
15,2,Drew Lachey,Anna Trebunskaya,11,8.181818181818182,0.18181818181818182,Singer/Rapper,Ohio,United States,36,35-44,Eliminated Week 3,11,22.5,10,12,0.8653846153846154,0.5,-0.3653846153846154,2,0.2,0.0,7,0.5833333333333334
15,3,Drew Lachey,Anna Trebunskaya,11,8.181818181818182,0.18181818181818182,Singer/Rapper,Ohio,United States,36,35-44,Eliminated Week 3,11,24.0,10,11,0.8888888888888888,0.2727272727272727,-0.6161616161616161,3,0.3,0.0,9,0.8181818181818182
15,1,Emmitt Smith,Cheryl Burke,25,5.8,0.32,Athlete,Florida,United States,43,35-44,Eliminated Week 9,4,24.5,10,13,1.0,1.0,0.0,1,0.1,0.0,1,0.07692307692307693
15,2,Emmitt Smith,Cheryl Burke,25,5.8,0.32,Athlete,Florida,United States,43,35-44,Eliminated Week 9,4,22.5,10,12,0.8653846153846154,0.5,-0.3653846153846154,2,0.2,0.0,7,0.5833333333333334
15,3,Emmitt Smith,Cheryl Burke,25,5.8,0.32,Athlete,Florida,United States,43,35-44,Eliminated Week 9,4,25.0,10,11,0.9259259259259259,0.36363636363636365,-0.5622895622895623,3,0.3,0.0,8,0.7272727272727273
15,4,Emmitt Smith,Cheryl Burke,25,5.8,0.32,Athlete,Florida,United States,43,35-44,Eliminated Week 9,4,36.0,10,9,0.9113924050632911,0.5555555555555556,-0.35583684950773553,4,0.4,0.0,5,0.5555555555555556
15,5,Emmitt Smith,Cheryl Burke,25,5.8,0.32,Athlete,Florida,United States,43,35-44,Eliminated Week 9,4,28.0,10,8,0.9572649572649573,0.375,-0.5822649572649573,5,0.5,0.0,6,0.75
15,6,Emmitt Smith,Cheryl Burke,25,5.8,0.32,Athlete,Florida,United States,43,35-44,Eliminated Week 9,4,26.5,10,8,0.8833333333333333,0.125,-0.7583333333333333,6,0.6,0.0,8,1.0
15,7,Emmitt Smith,Cheryl Burke,25,5.8,0.32,Athlete,Florida,United States,43,35-44,Eliminated Week 9,4,34.4999,10,7,0.8846150887566379,0.5714285714285714,-0.31318651732806646,7,0.7,0.0,4,0.5714285714285714
15,8,Emmitt Smith,Cheryl Burke,25,5.8,0.32,Athlete,Florida,United States,43,35-44,Eliminated Week 9,4,29.0554,10,7,0.9685133333333333,0.5714285714285714,-0.39708476190476194,8,0.8,0.0,4,0.5714285714285714
15,9,Emmitt Smith,Cheryl Burke,25,5.8,0.32,Athlete,Florida,United States,43,35-44,Eliminated Week 9,4,27.0,10,5,0.9152542372881356,0.19999999999999996,-0.7152542372881356,9,0.9,0.0,5,1.0
15,1,Gilles Marini,Peta Murgatroyd,15,7.4,0.13333333333333333,Actor/Actress,Unknown,France,36,35-44,Eliminated Week 8,6,24.0,10,13,0.9795918367346939,0.9230769230769231,-0.05651491365777073,1,0.1,0.0,2,0.15384615384615385
15,2,Gilles Marini,Peta Murgatroyd,15,7.4,0.13333333333333333,Actor/Actress,Unknown,France,36,35-44,Eliminated Week 8,6,25.5,10,12,0.9807692307692307,0.9166666666666666,-0.0641025641025641,2,0.2,0.0,2,0.16666666666666666
15,3,Gilles Marini,Peta Murgatroyd,15,7.4,0.13333333333333333,Actor/Actress,Unknown,France,36,35-44,Eliminated Week 8,6,25.5,10,11,0.9444444444444444,0.7272727272727273,-0.21717171717171713,3,0.3,0.0,4,0.36363636363636365
15,4,Gilles Marini,Peta Murgatroyd,15,7.4,0.13333333333333333,Actor/Actress,Unknown,France,36,35-44,Eliminated Week 8,6,39.5,10,9,1.0,1.0,0.0,4,0.4,0.0,1,0.1111111111111111
15,5,Gilles Marini,Peta Murgatroyd,15,7.4,0.13333333333333333,Actor/Actress,Unknown,France,36,35-44,Eliminated Week 8,6,28.25,10,8,0.9658119658119658,0.875,-0.09081196581196582,5,0.5,0.0,2,0.25
15,6,Gilles Marini,Peta Murgatroyd,15,7.4,0.13333333333333333,Actor/Actress,Unknown,France,36,35-44,Eliminated Week 8,6,27.5,10,8,0.9166666666666666,0.5,-0.41666666666666663,6,0.6,0.0,5,0.625
15,7,Gilles Marini,Peta Murgatroyd,15,7.4,0.13333333333333333,Actor/Actress,Unknown,France,36,35-44,Eliminated Week 8,6,33.4998,10,7,0.8589714332600854,0.4285714285714286,-0.4304000046886568,7,0.7,0.0,5,0.7142857142857143
15,8,Gilles Marini,Peta Murgatroyd,15,7.4,0.13333333333333333,Actor/Actress,Unknown,France,36,35-44,Eliminated Week 8,6,29.2777,10,7,0.9759233333333334,0.8571428571428572,-0.11878047619047616,8,0.8,0.0,2,0.2857142857142857
15,1,Helio Castroneves,Chelsie Hightower,7,7.285714285714286,0.0,Racing Driver,Unknown,Brazil,37,35-44,Eliminated Week 3,10,21.5,10,13,0.8775510204081632,0.6153846153846154,-0.2621664050235478,1,0.1,0.0,6,0.46153846153846156
15,2,Helio Castroneves,Chelsie Hightower,7,7.285714285714286,0.0,Racing Driver,Unknown,Brazil,37,35-44,Eliminated Week 3,10,23.0,10,12,0.8846153846153846,0.5833333333333333,-0.3012820512820513,2,0.2,0.0,6,0.5
15,3,Helio Castroneves,Chelsie Hightower,7,7.285714285714286,0.0,Racing Driver,Unknown,Brazil,37,35-44,Eliminated Week 3,10,25.5,10,11,0.9444444444444444,0.7272727272727273,-0.21717171717171713,3,0.3,0.0,4,0.36363636363636365
15,1,Joey Fatone,Kym Johnson,14,6.285714285714286,0.2857142857142857,Singer/Rapper,New York,United States,35,35-44,Eliminated Week 2,12,20.5,10,13,0.8367346938775511,0.3076923076923077,-0.5290423861852434,1,0.1,0.0,10,0.7692307692307693
15,2,Joey Fatone,Kym Johnson,14,6.285714285714286,0.2857142857142857,Singer/Rapper,New York,United States,35,35-44,Eliminated Week 2,12,22.5,10,12,0.8653846153846154,0.5,-0.3653846153846154,2,0.2,0.0,7,0.5833333333333334
15,1,Kelly Monaco,Valentin Chmerkovskiy,19,5.2631578947368425,0.47368421052631576,Actor/Actress,Pennsylvania,United States,36,35-44,3rd Place,3,21.5,10,13,0.8775510204081632,0.6153846153846154,-0.2621664050235478,1,0.1,0.0,6,0.46153846153846156
15,2,Kelly Monaco,Valentin Chmerkovskiy,19,5.2631578947368425,0.47368421052631576,Actor/Actress,Pennsylvania,United States,36,35-44,3rd Place,3,22.0,10,12,0.8461538461538461,0.25,-0.5961538461538461,2,0.2,0.0,10,0.8333333333333334
15,3,Kelly Monaco,Valentin Chmerkovskiy,19,5.2631578947368425,0.47368421052631576,Actor/Actress,Pennsylvania,United States,36,35-44,3rd Place,3,27.0,10,11,1.0,1.0,0.0,3,0.3,0.0,1,0.09090909090909091
15,4,Kelly Monaco,Valentin Chmerkovskiy,19,5.2631578947368425,0.47368421052631576,Actor/Actress,Pennsylvania,United States,36,35-44,3rd Place,3,37.5,10,9,0.9493670886075949,0.7777777777777778,-0.1715893108298171,4,0.4,0.0,3,0.3333333333333333
15,5,Kelly Monaco,Valentin Chmerkovskiy,19,5.2631578947368425,0.47368421052631576,Actor/Actress,Pennsylvania,United States,36,35-44,3rd Place,3,25.75,10,8,0.8803418803418803,0.125,-0.7553418803418803,5,0.5,0.0,8,1.0
15,6,Kelly Monaco,Valentin Chmerkovskiy,19,5.2631578947368425,0.47368421052631576,Actor/Actress,Pennsylvania,United States,36,35-44,3rd Place,3,27.0,10,8,0.9,0.25,-0.65,6,0.6,0.0,7,0.875
15,7,Kelly Monaco,Valentin Chmerkovskiy,19,5.2631578947368425,0.47368421052631576,Actor/Actress,Pennsylvania,United States,36,35-44,3rd Place,3,36.0,10,7,0.9230792899468974,0.7142857142857143,-0.20879357566118306,7,0.7,0.0,3,0.42857142857142855
15,8,Kelly Monaco,Valentin Chmerkovskiy,19,5.2631578947368425,0.47368421052631576,Actor/Actress,Pennsylvania,United States,36,35-44,3rd Place,3,28.3333,10,7,0.9444433333333334,0.4285714285714286,-0.5158719047619048,8,0.8,0.0,5,0.7142857142857143
15,9,Kelly Monaco,Valentin Chmerkovskiy,19,5.2631578947368425,0.47368421052631576,Actor/Actress,Pennsylvania,United States,36,35-44,3rd Place,3,27.110999999999997,10,5,0.9190169491525423,0.4,-0.5190169491525423,9,0.9,0.0,4,0.8
15,10,Kelly Monaco,Valentin Chmerkovskiy,19,5.2631578947368425,0.47368421052631576,Actor/Actress,Pennsylvania,United States,36,35-44,3rd Place,3,29.1109,10,3,0.9924249397438389,0.6666666666666667,-0.3257582730771722,10,1.0,0.0,2,0.6666666666666666
15,1,Kirstie Alley,Maksim Chmerkoskiy,17,6.0,0.29411764705882354,Actor/Actress,Kansas,United States,61,55-64,Eliminated Week 8,7,19.0,10,13,0.7755102040816326,0.15384615384615385,-0.6216640502354788,1,0.1,0.0,12,0.9230769230769231
15,2,Kirstie Alley,Maksim Chmerkoskiy,17,6.0,0.29411764705882354,Actor/Actress,Kansas,United States,61,55-64,Eliminated Week 8,7,21.0,10,12,0.8076923076923077,0.16666666666666663,-0.6410256410256411,2,0.2,0.0,11,0.9166666666666666
15,3,Kirstie Alley,Maksim Chmerkoskiy,17,6.0,0.29411764705882354,Actor/Actress,Kansas,United States,61,55-64,Eliminated Week 8,7,24.0,10,11,0.8888888888888888,0.2727272727272727,-0.6161616161616161,3,0.3,0.0,9,0.8181818181818182
15,4,Kirstie Alley,Maksim Chmerkoskiy,17,6.0,0.29411764705882354,Actor/Actress,Kansas,United States,61,55-64,Eliminated Week 8,7,30.0,10,9,0.759493670886076,0.11111111111111116,-0.6483825597749648,4,0.4,0.0,9,1.0
15,5,Kirstie Alley,Maksim Chmerkoskiy,17,6.0,0.29411764705882354,Actor/Actress,Kansas,United States,61,55-64,Eliminated Week 8,7,26.25,10,8,0.8974358974358975,0.25,-0.6474358974358975,5,0.5,0.0,7,0.875
15,6,Kirstie Alley,Maksim Chmerkoskiy,17,6.0,0.29411764705882354,Actor/Actress,Kansas,United States,61,55-64,Eliminated Week 8,7,27.5,10,8,0.9166666666666666,0.5,-0.41666666666666663,6,0.6,0.0,5,0.625
15,7,Kirstie Alley,Maksim Chmerkoskiy,17,6.0,0.29411764705882354,Actor/Actress,Kansas,United States,61,55-64,Eliminated Week 8,7,27.999899999999997,10,7,0.7179479947384481,0.1428571428571429,-0.5750908518813052,7,0.7,0.0,7,1.0
15,8,Kirstie Alley,Maksim Chmerkoskiy,17,6.0,0.29411764705882354,Actor/Actress,Kansas,United States,61,55-64,Eliminated Week 8,7,25.5,10,7,0.85,0.1428571428571429,-0.7071428571428571,8,0.8,0.0,7,1.0
15,1,Melissa Rycroft,Tony Dovolani,21,7.666666666666667,0.14285714285714285,TV Personality,Texas,United States,29,25-34,1st Place,1,21.0,10,13,0.8571428571428571,0.3846153846153846,-0.4725274725274725,1,0.1,0.0,9,0.6923076923076923
15,2,Melissa Rycroft,Tony Dovolani,21,7.666666666666667,0.14285714285714285,TV Personality,Texas,United States,29,25-34,1st Place,1,23.5,10,12,0.9038461538461539,0.6666666666666667,-0.23717948717948711,2,0.2,0.0,5,0.4166666666666667
15,3,Melissa Rycroft,Tony Dovolani,21,7.666666666666667,0.14285714285714285,TV Personality,Texas,United States,29,25-34,1st Place,1,27.0,10,11,1.0,1.0,0.0,3,0.3,0.0,1,0.09090909090909091
15,4,Melissa Rycroft,Tony Dovolani,21,7.666666666666667,0.14285714285714285,TV Personality,Texas,United States,29,25-34,1st Place,1,37.0,10,9,0.9367088607594937,0.6666666666666667,-0.2700421940928269,4,0.4,0.0,4,0.4444444444444444
15,5,Melissa Rycroft,Tony Dovolani,21,7.666666666666667,0.14285714285714285,TV Personality,Texas,United States,29,25-34,1st Place,1,28.25,10,8,0.9658119658119658,0.875,-0.09081196581196582,5,0.5,0.0,2,0.25
15,6,Melissa Rycroft,Tony Dovolani,21,7.666666666666667,0.14285714285714285,TV Personality,Texas,United States,29,25-34,1st Place,1,29.5,10,8,0.9833333333333333,0.75,-0.23333333333333328,6,0.6,0.0,3,0.375
15,7,Melissa Rycroft,Tony Dovolani,21,7.666666666666667,0.14285714285714285,TV Personality,Texas,United States,29,25-34,1st Place,1,38.9999,10,7,1.0,1.0,0.0,7,0.7,0.0,1,0.14285714285714285
15,8,Melissa Rycroft,Tony Dovolani,21,7.666666666666667,0.14285714285714285,TV Personality,Texas,United States,29,25-34,1st Place,1,30.0,10,7,1.0,1.0,0.0,8,0.8,0.0,1,0.14285714285714285
15,9,Melissa Rycroft,Tony Dovolani,21,7.666666666666667,0.14285714285714285,TV Personality,Texas,United States,29,25-34,1st Place,1,28.7777,10,5,0.9755152542372881,0.8,-0.1755152542372881,9,0.9,0.0,2,0.4
15,10,Melissa Rycroft,Tony Dovolani,21,7.666666666666667,0.14285714285714285,TV Personality,Texas,United States,29,25-34,1st Place,1,29.333099999999998,10,3,1.0,1.0,0.0,10,1.0,0.0,1,0.3333333333333333
15,1,Pamela Anderson,Tristan MacManus,5,9.6,0.0,Model,Unknown,Canada,45,45-54,Eliminated Week 1,13,17.0,10,13,0.6938775510204082,0.07692307692307687,-0.6169544740973313,1,0.1,0.0,13,1.0
15,1,Sabrina Bryan,Louis van Amstel,11,7.0,0.09090909090909091,Actor/Actress,California,United States,28,25-34,Eliminated Week 6,8,22.5,10,13,0.9183673469387755,0.8461538461538461,-0.07221350078492939,1,0.1,0.0,3,0.23076923076923078
15,2,Sabrina Bryan,Louis van Amstel,11,7.0,0.09090909090909091,Actor/Actress,California,United States,28,25-34,Eliminated Week 6,8,26.0,10,12,1.0,1.0,0.0,2,0.2,0.0,1,0.08333333333333333
15,3,Sabrina Bryan,Louis van Amstel,11,7.0,0.09090909090909091,Actor/Actress,California,United States,28,25-34,Eliminated Week 6,8,25.5,10,11,0.9444444444444444,0.7272727272727273,-0.21717171717171713,3,0.3,0.0,4,0.36363636363636365
15,4,Sabrina Bryan,Louis van Amstel,11,7.0,0.09090909090909091,Actor/Actress,California,United States,28,25-34,Eliminated Week 6,8,35.5,10,9,0.8987341772151899,0.4444444444444444,-0.45428973277074547,4,0.4,0.0,6,0.6666666666666666
15,5,Sabrina Bryan,Louis van Amstel,11,7.0,0.09090909090909091,Actor/Actress,California,United States,28,25-34,Eliminated Week 6,8,29.25,10,8,1.0,1.0,0.0,5,0.5,0.0,1,0.125
15,6,Sabrina Bryan,Louis van Amstel,11,7.0,0.09090909090909091,Actor/Actress,California,United States,28,25-34,Eliminated Week 6,8,30.0,10,8,1.0,1.0,0.0,6,0.6,0.0,1,0.125
15,1,Shawn Johnson,Derek Hough,17,2.9411764705882355,0.5294117647058824,Athlete,Iowa,United States,20,<25,2nd Place,2,22.0,10,13,0.8979591836734694,0.7692307692307692,-0.12872841444270022,1,0.1,0.0,4,0.3076923076923077
15,2,Shawn Johnson,Derek Hough,17,2.9411764705882355,0.5294117647058824,Athlete,Iowa,United States,20,<25,2nd Place,2,25.0,10,12,0.9615384615384616,0.8333333333333334,-0.1282051282051282,2,0.2,0.0,3,0.25
15,3,Shawn Johnson,Derek Hough,17,2.9411764705882355,0.5294117647058824,Athlete,Iowa,United States,20,<25,2nd Place,2,26.5,10,11,0.9814814814814815,0.8181818181818181,-0.1632996632996634,3,0.3,0.0,3,0.2727272727272727
15,4,Shawn Johnson,Derek Hough,17,2.9411764705882355,0.5294117647058824,Athlete,Iowa,United States,20,<25,2nd Place,2,39.5,10,9,1.0,1.0,0.0,4,0.4,0.0,1,0.1111111111111111
15,5,Shawn Johnson,Derek Hough,17,2.9411764705882355,0.5294117647058824,Athlete,Iowa,United States,20,<25,2nd Place,2,28.25,10,8,0.9658119658119658,0.875,-0.09081196581196582,5,0.5,0.0,2,0.25
15,6,Shawn Johnson,Derek Hough,17,2.9411764705882355,0.5294117647058824,Athlete,Iowa,United States,20,<25,2nd Place,2,28.0,10,8,0.9333333333333333,0.625,-0.30833333333333335,6,0.6,0.0,4,0.5
15,7,Shawn Johnson,Derek Hough,17,2.9411764705882355,0.5294117647058824,Athlete,Iowa,United States,20,<25,2nd Place,2,37.9998,10,7,0.9743563445034475,0.8571428571428572,-0.11721348736059034,7,0.7,0.0,2,0.2857142857142857
15,8,Shawn Johnson,Derek Hough,17,2.9411764705882355,0.5294117647058824,Athlete,Iowa,United States,20,<25,2nd Place,2,27.8333,10,7,0.9277766666666667,0.2857142857142857,-0.642062380952381,8,0.8,0.0,6,0.8571428571428571
15,9,Shawn Johnson,Derek Hough,17,2.9411764705882355,0.5294117647058824,Athlete,Iowa,United States,20,<25,2nd Place,2,29.5,10,5,1.0,1.0,0.0,9,0.9,0.0,1,0.2
15,10,Shawn Johnson,Derek Hough,17,2.9411764705882355,0.5294117647058824,Athlete,Iowa,United States,20,<25,2nd Place,2,28.944300000000002,10,3,0.9867453491107316,0.33333333333333337,-0.6534120157773983,10,1.0,0.0,3,1.0
16,1,Alexandra Raisman,Mark Ballas,21,5.190476190476191,0.47619047619047616,Athlete,Massachusetts,United States,18,<25,Eliminated Week 10,4,21.0,10,12,0.875,0.9166666666666666,0.04166666666666663,1,0.1,0.0,2,0.16666666666666666
16,2,Alexandra Raisman,Mark Ballas,21,5.190476190476191,0.47619047619047616,Athlete,Massachusetts,United States,18,<25,Eliminated Week 10,4,24.0,10,12,0.9230769230769231,0.8333333333333334,-0.08974358974358976,2,0.2,0.0,3,0.25
16,3,Alexandra Raisman,Mark Ballas,21,5.190476190476191,0.47619047619047616,Athlete,Massachusetts,United States,18,<25,Eliminated Week 10,4,23.0,10,11,0.8846221894014569,0.7272727272727273,-0.15734946212872958,3,0.3,0.0,4,0.36363636363636365
16,4,Alexandra Raisman,Mark Ballas,21,5.190476190476191,0.47619047619047616,Athlete,Massachusetts,United States,18,<25,Eliminated Week 10,4,27.0,10,10,1.0,1.0,0.0,4,0.4,0.0,1,0.1
16,5,Alexandra Raisman,Mark Ballas,21,5.190476190476191,0.47619047619047616,Athlete,Massachusetts,United States,18,<25,Eliminated Week 10,4,25.0,10,9,0.8620689655172413,0.6666666666666667,-0.19540229885057459,5,0.5,0.0,4,0.4444444444444444
16,6,Alexandra Raisman,Mark Ballas,21,5.190476190476191,0.47619047619047616,Athlete,Massachusetts,United States,18,<25,Eliminated Week 10,4,26.0,10,8,0.9629629629629629,0.875,-0.08796296296296291,6,0.6,0.0,2,0.25
16,7,Alexandra Raisman,Mark Ballas,21,5.190476190476191,0.47619047619047616,Athlete,Massachusetts,United States,18,<25,Eliminated Week 10,4,32.0,10,7,1.0,1.0,0.0,7,0.7,0.0,1,0.14285714285714285
16,8,Alexandra Raisman,Mark Ballas,21,5.190476190476191,0.47619047619047616,Athlete,Massachusetts,United States,18,<25,Eliminated Week 10,4,28.0,10,6,0.9655172413793104,0.8333333333333334,-0.13218390804597702,8,0.8,0.0,2,0.3333333333333333
16,9,Alexandra Raisman,Mark Ballas,21,5.190476190476191,0.47619047619047616,Athlete,Massachusetts,United States,18,<25,Eliminated Week 10,4,29.5,10,5,1.0,1.0,0.0,9,0.9,0.0,1,0.2
16,10,Alexandra Raisman,Mark Ballas,21,5.190476190476191,0.47619047619047616,Athlete,Massachusetts,United States,18,<25,Eliminated Week 10,4,29.0,10,4,0.9666666666666667,0.5,-0.4666666666666667,10,1.0,0.0,3,0.75
16,1,Andy Dick,Sharna Burgess,14,6.571428571428571,0.35714285714285715,Comedian,South Carolina,United States,47,45-54,Eliminated Week 7,7,17.0,10,12,0.7083333333333334,0.16666666666666663,-0.5416666666666667,1,0.1,0.0,11,0.9166666666666666
16,2,Andy Dick,Sharna Burgess,14,6.571428571428571,0.35714285714285715,Comedian,South Carolina,United States,47,45-54,Eliminated Week 7,7,20.0,10,12,0.7692307692307693,0.6666666666666667,-0.10256410256410253,2,0.2,0.0,5,0.4166666666666667
16,3,Andy Dick,Sharna Burgess,14,6.571428571428571,0.35714285714285715,Comedian,South Carolina,United States,47,45-54,Eliminated Week 7,7,18.0,10,11,0.6923130177924446,0.2727272727272727,-0.4195857450651719,3,0.3,0.0,9,0.8181818181818182
16,4,Andy Dick,Sharna Burgess,14,6.571428571428571,0.35714285714285715,Comedian,South Carolina,United States,47,45-54,Eliminated Week 7,7,21.0,10,10,0.7777777777777778,0.5,-0.2777777777777778,4,0.4,0.0,6,0.6
16,5,Andy Dick,Sharna Burgess,14,6.571428571428571,0.35714285714285715,Comedian,South Carolina,United States,47,45-54,Eliminated Week 7,7,18.0,10,9,0.6206896551724138,0.2222222222222222,-0.3984674329501916,5,0.5,0.0,8,0.8888888888888888
16,6,Andy Dick,Sharna Burgess,14,6.571428571428571,0.35714285714285715,Comedian,South Carolina,United States,47,45-54,Eliminated Week 7,7,21.5,10,8,0.7962962962962963,0.25,-0.5462962962962963,6,0.6,0.0,7,0.875
16,7,Andy Dick,Sharna Burgess,14,6.571428571428571,0.35714285714285715,Comedian,South Carolina,United States,47,45-54,Eliminated Week 7,7,17.0,10,7,0.53125,0.1428571428571429,-0.3883928571428571,7,0.7,0.0,7,1.0
16,1,D. L. Hughley,Cheryl Burke,25,5.8,0.32,Comedian,Virginia,United States,50,45-54,Eliminated Week 5,9,12.0,10,12,0.5,0.08333333333333337,-0.41666666666666663,1,0.1,0.0,12,1.0
16,2,D. L. Hughley,Cheryl Burke,25,5.8,0.32,Comedian,Virginia,United States,50,45-54,Eliminated Week 5,9,16.0,10,12,0.6153846153846154,0.16666666666666663,-0.4487179487179488,2,0.2,0.0,11,0.9166666666666666
16,3,D. L. Hughley,Cheryl Burke,25,5.8,0.32,Comedian,Virginia,United States,50,45-54,Eliminated Week 5,9,16.0,10,11,0.6153893491488396,0.18181818181818177,-0.4335711673306578,3,0.3,0.0,10,0.9090909090909091
16,4,D. L. Hughley,Cheryl Burke,25,5.8,0.32,Comedian,Virginia,United States,50,45-54,Eliminated Week 5,9,21.0,10,10,0.7777777777777778,0.5,-0.2777777777777778,4,0.4,0.0,6,0.6
16,5,D. L. Hughley,Cheryl Burke,25,5.8,0.32,Comedian,Virginia,United States,50,45-54,Eliminated Week 5,9,18.0,10,9,0.6206896551724138,0.2222222222222222,-0.3984674329501916,5,0.5,0.0,8,0.8888888888888888
16,1,Dorothy Hamill,Tristan MacManus,5,9.6,0.0,Athlete,Illinois,United States,56,55-64,Withdrew,12,21.0,10,12,0.875,0.9166666666666666,0.04166666666666663,1,0.1,0.0,2,0.16666666666666666
16,2,Dorothy Hamill,Tristan MacManus,5,9.6,0.0,Athlete,Illinois,United States,56,55-64,Withdrew,12,15.0,10,12,0.5769230769230769,0.08333333333333337,-0.4935897435897435,2,0.2,0.0,12,1.0
16,1,Ingo Rademacher,Kym Johnson,14,6.285714285714286,0.2857142857142857,Actor/Actress,Unknown,Germany,41,35-44,Eliminated Week 9,5,20.0,10,12,0.8333333333333334,0.6666666666666667,-0.16666666666666663,1,0.1,0.0,5,0.4166666666666667
16,2,Ingo Rademacher,Kym Johnson,14,6.285714285714286,0.2857142857142857,Actor/Actress,Unknown,Germany,41,35-44,Eliminated Week 9,5,20.0,10,12,0.7692307692307693,0.6666666666666667,-0.10256410256410253,2,0.2,0.0,5,0.4166666666666667
16,3,Ingo Rademacher,Kym Johnson,14,6.285714285714286,0.2857142857142857,Actor/Actress,Unknown,Germany,41,35-44,Eliminated Week 9,5,21.0,10,11,0.807698520757852,0.5454545454545454,-0.26224397530330656,3,0.3,0.0,6,0.5454545454545454
16,4,Ingo Rademacher,Kym Johnson,14,6.285714285714286,0.2857142857142857,Actor/Actress,Unknown,Germany,41,35-44,Eliminated Week 9,5,23.0,10,10,0.8518518518518519,0.6,-0.2518518518518519,4,0.4,0.0,5,0.5
16,5,Ingo Rademacher,Kym Johnson,14,6.285714285714286,0.2857142857142857,Actor/Actress,Unknown,Germany,41,35-44,Eliminated Week 9,5,21.0,10,9,0.7241379310344828,0.4444444444444444,-0.27969348659003834,5,0.5,0.0,6,0.6666666666666666
16,6,Ingo Rademacher,Kym Johnson,14,6.285714285714286,0.2857142857142857,Actor/Actress,Unknown,Germany,41,35-44,Eliminated Week 9,5,23.0,10,8,0.8518518518518519,0.625,-0.22685185185185186,6,0.6,0.0,4,0.5
16,7,Ingo Rademacher,Kym Johnson,14,6.285714285714286,0.2857142857142857,Actor/Actress,Unknown,Germany,41,35-44,Eliminated Week 9,5,25.0,10,7,0.78125,0.4285714285714286,-0.3526785714285714,7,0.7,0.0,5,0.7142857142857143
16,8,Ingo Rademacher,Kym Johnson,14,6.285714285714286,0.2857142857142857,Actor/Actress,Unknown,Germany,41,35-44,Eliminated Week 9,5,24.0,10,6,0.8275862068965517,0.33333333333333337,-0.49425287356321834,8,0.8,0.0,5,0.8333333333333334
16,9,Ingo Rademacher,Kym Johnson,14,6.285714285714286,0.2857142857142857,Actor/Actress,Unknown,Germany,41,35-44,Eliminated Week 9,5,25.5,10,5,0.864406779661017,0.19999999999999996,-0.664406779661017,9,0.9,0.0,5,1.0
16,1,Jacoby Jones,Karina Smirnoff,18,6.722222222222222,0.2222222222222222,Athlete,Louisiana,United States,28,25-34,3rd Place,3,20.0,10,12,0.8333333333333334,0.6666666666666667,-0.16666666666666663,1,0.1,0.0,5,0.4166666666666667
16,2,Jacoby Jones,Karina Smirnoff,18,6.722222222222222,0.2222222222222222,Athlete,Louisiana,United States,28,25-34,3rd Place,3,23.0,10,12,0.8846153846153846,0.75,-0.13461538461538458,2,0.2,0.0,4,0.3333333333333333
16,3,Jacoby Jones,Karina Smirnoff,18,6.722222222222222,0.2222222222222222,Athlete,Louisiana,United States,28,25-34,3rd Place,3,25.9998,10,11,1.0,1.0,0.0,3,0.3,0.0,1,0.09090909090909091
16,4,Jacoby Jones,Karina Smirnoff,18,6.722222222222222,0.2222222222222222,Athlete,Louisiana,United States,28,25-34,3rd Place,3,24.0,10,10,0.8888888888888888,0.7,-0.18888888888888888,4,0.4,0.0,4,0.4
16,5,Jacoby Jones,Karina Smirnoff,18,6.722222222222222,0.2222222222222222,Athlete,Louisiana,United States,28,25-34,3rd Place,3,26.0,10,9,0.896551724137931,0.7777777777777778,-0.11877394636015326,5,0.5,0.0,3,0.3333333333333333
16,6,Jacoby Jones,Karina Smirnoff,18,6.722222222222222,0.2222222222222222,Athlete,Louisiana,United States,28,25-34,3rd Place,3,22.5,10,8,0.8333333333333334,0.375,-0.45833333333333337,6,0.6,0.0,6,0.75
16,7,Jacoby Jones,Karina Smirnoff,18,6.722222222222222,0.2222222222222222,Athlete,Louisiana,United States,28,25-34,3rd Place,3,27.0,10,7,0.84375,0.5714285714285714,-0.2723214285714286,7,0.7,0.0,4,0.5714285714285714
16,8,Jacoby Jones,Karina Smirnoff,18,6.722222222222222,0.2222222222222222,Athlete,Louisiana,United States,28,25-34,3rd Place,3,26.0,10,6,0.896551724137931,0.5,-0.39655172413793105,8,0.8,0.0,4,0.6666666666666666
16,9,Jacoby Jones,Karina Smirnoff,18,6.722222222222222,0.2222222222222222,Athlete,Louisiana,United States,28,25-34,3rd Place,3,29.5,10,5,1.0,1.0,0.0,9,0.9,0.0,1,0.2
16,10,Jacoby Jones,Karina Smirnoff,18,6.722222222222222,0.2222222222222222,Athlete,Louisiana,United States,28,25-34,3rd Place,3,27.999899999999997,10,4,0.9333299999999999,0.25,-0.6833299999999999,10,1.0,0.0,4,1.0
16,1,Kellie Pickler,Derek Hough,17,2.9411764705882355,0.5294117647058824,Singer/Rapper,North Carolina,United States,26,25-34,1st Place,1,21.0,10,12,0.875,0.9166666666666666,0.04166666666666663,1,0.1,0.0,2,0.16666666666666666
16,2,Kellie Pickler,Derek Hough,17,2.9411764705882355,0.5294117647058824,Singer/Rapper,North Carolina,United States,26,25-34,1st Place,1,26.0,10,12,1.0,1.0,0.0,2,0.2,0.0,1,0.08333333333333333
16,3,Kellie Pickler,Derek Hough,17,2.9411764705882355,0.5294117647058824,Singer/Rapper,North Carolina,United States,26,25-34,1st Place,1,25.0,10,11,0.9615458580450619,0.8181818181818181,-0.14336403986324375,3,0.3,0.0,3,0.2727272727272727
16,4,Kellie Pickler,Derek Hough,17,2.9411764705882355,0.5294117647058824,Singer/Rapper,North Carolina,United States,26,25-34,1st Place,1,26.0,10,10,0.9629629629629629,0.9,-0.06296296296296289,4,0.4,0.0,2,0.2
16,5,Kellie Pickler,Derek Hough,17,2.9411764705882355,0.5294117647058824,Singer/Rapper,North Carolina,United States,26,25-34,1st Place,1,27.0,10,9,0.9310344827586207,0.8888888888888888,-0.04214559386973182,5,0.5,0.0,2,0.2222222222222222
16,6,Kellie Pickler,Derek Hough,17,2.9411764705882355,0.5294117647058824,Singer/Rapper,North Carolina,United States,26,25-34,1st Place,1,27.0,10,8,1.0,1.0,0.0,6,0.6,0.0,1,0.125
16,7,Kellie Pickler,Derek Hough,17,2.9411764705882355,0.5294117647058824,Singer/Rapper,North Carolina,United States,26,25-34,1st Place,1,29.0,10,7,0.90625,0.7142857142857143,-0.1919642857142857,7,0.7,0.0,3,0.42857142857142855
16,8,Kellie Pickler,Derek Hough,17,2.9411764705882355,0.5294117647058824,Singer/Rapper,North Carolina,United States,26,25-34,1st Place,1,27.5,10,6,0.9482758620689655,0.6666666666666667,-0.2816091954022988,8,0.8,0.0,3,0.5
16,9,Kellie Pickler,Derek Hough,17,2.9411764705882355,0.5294117647058824,Singer/Rapper,North Carolina,United States,26,25-34,1st Place,1,29.0,10,5,0.9830508474576272,0.6,-0.3830508474576272,9,0.9,0.0,3,0.6
16,10,Kellie Pickler,Derek Hough,17,2.9411764705882355,0.5294117647058824,Singer/Rapper,North Carolina,United States,26,25-34,1st Place,1,30.0,10,4,1.0,1.0,0.0,10,1.0,0.0,1,0.25
16,1,Lisa Vanderpump,Gleb Savchenko,13,8.461538461538462,0.0,TV Personality,Unknown,England,52,45-54,Eliminated Week 4,10,18.0,10,12,0.75,0.41666666666666663,-0.33333333333333337,1,0.1,0.0,8,0.6666666666666666
16,2,Lisa Vanderpump,Gleb Savchenko,13,8.461538461538462,0.0,TV Personality,Unknown,England,52,45-54,Eliminated Week 4,10,18.0,10,12,0.6923076923076923,0.41666666666666663,-0.27564102564102566,2,0.2,0.0,8,0.6666666666666666
16,3,Lisa Vanderpump,Gleb Savchenko,13,8.461538461538462,0.0,TV Personality,Unknown,England,52,45-54,Eliminated Week 4,10,21.0,10,11,0.807698520757852,0.5454545454545454,-0.26224397530330656,3,0.3,0.0,6,0.5454545454545454
16,4,Lisa Vanderpump,Gleb Savchenko,13,8.461538461538462,0.0,TV Personality,Unknown,England,52,45-54,Eliminated Week 4,10,18.0,10,10,0.6666666666666666,0.19999999999999996,-0.4666666666666667,4,0.4,0.0,9,0.9
16,1,Sean Lowe,Peta Murgatroyd,15,7.4,0.13333333333333333,TV Personality,Texas,United States,29,25-34,Eliminated Week 8,6,19.0,10,12,0.7916666666666666,0.5,-0.29166666666666663,1,0.1,0.0,7,0.5833333333333334
16,2,Sean Lowe,Peta Murgatroyd,15,7.4,0.13333333333333333,TV Personality,Texas,United States,29,25-34,Eliminated Week 8,6,20.0,10,12,0.7692307692307693,0.6666666666666667,-0.10256410256410253,2,0.2,0.0,5,0.4166666666666667
16,3,Sean Lowe,Peta Murgatroyd,15,7.4,0.13333333333333333,TV Personality,Texas,United States,29,25-34,Eliminated Week 8,6,21.0,10,11,0.807698520757852,0.5454545454545454,-0.26224397530330656,3,0.3,0.0,6,0.5454545454545454
16,4,Sean Lowe,Peta Murgatroyd,15,7.4,0.13333333333333333,TV Personality,Texas,United States,29,25-34,Eliminated Week 8,6,20.0,10,10,0.7407407407407407,0.30000000000000004,-0.44074074074074066,4,0.4,0.0,8,0.8
16,5,Sean Lowe,Peta Murgatroyd,15,7.4,0.13333333333333333,TV Personality,Texas,United States,29,25-34,Eliminated Week 8,6,24.0,10,9,0.8275862068965517,0.5555555555555556,-0.27203065134099613,5,0.5,0.0,5,0.5555555555555556
16,6,Sean Lowe,Peta Murgatroyd,15,7.4,0.13333333333333333,TV Personality,Texas,United States,29,25-34,Eliminated Week 8,6,23.0,10,8,0.8518518518518519,0.625,-0.22685185185185186,6,0.6,0.0,4,0.5
16,7,Sean Lowe,Peta Murgatroyd,15,7.4,0.13333333333333333,TV Personality,Texas,United States,29,25-34,Eliminated Week 8,6,24.0,10,7,0.75,0.2857142857142857,-0.4642857142857143,7,0.7,0.0,6,0.8571428571428571
16,8,Sean Lowe,Peta Murgatroyd,15,7.4,0.13333333333333333,TV Personality,Texas,United States,29,25-34,Eliminated Week 8,6,21.0,10,6,0.7241379310344828,0.16666666666666663,-0.5574712643678161,8,0.8,0.0,6,1.0
16,1,Victor Ortiz,Lindsay Arnold,10,5.4,0.4,Athlete,Kansas,United States,26,25-34,Eliminated Week 6,8,18.0,10,12,0.75,0.41666666666666663,-0.33333333333333337,1,0.1,0.0,8,0.6666666666666666
16,2,Victor Ortiz,Lindsay Arnold,10,5.4,0.4,Athlete,Kansas,United States,26,25-34,Eliminated Week 6,8,18.0,10,12,0.6923076923076923,0.41666666666666663,-0.27564102564102566,2,0.2,0.0,8,0.6666666666666666
16,3,Victor Ortiz,Lindsay Arnold,10,5.4,0.4,Athlete,Kansas,United States,26,25-34,Eliminated Week 6,8,23.0,10,11,0.8846221894014569,0.7272727272727273,-0.15734946212872958,3,0.3,0.0,4,0.36363636363636365
16,4,Victor Ortiz,Lindsay Arnold,10,5.4,0.4,Athlete,Kansas,United States,26,25-34,Eliminated Week 6,8,18.0,10,10,0.6666666666666666,0.19999999999999996,-0.4666666666666667,4,0.4,0.0,9,0.9
16,5,Victor Ortiz,Lindsay Arnold,10,5.4,0.4,Athlete,Kansas,United States,26,25-34,Eliminated Week 6,8,21.0,10,9,0.7241379310344828,0.4444444444444444,-0.27969348659003834,5,0.5,0.0,6,0.6666666666666666
16,6,Victor Ortiz,Lindsay Arnold,10,5.4,0.4,Athlete,Kansas,United States,26,25-34,Eliminated Week 6,8,20.0,10,8,0.7407407407407407,0.125,-0.6157407407407407,6,0.6,0.0,8,1.0
16,1,Wynonna Judd,Tony Dovolani,21,7.666666666666667,0.14285714285714285,Singer/Rapper,Kentucky,United States,48,45-54,Eliminated Week 3,11,18.0,10,12,0.75,0.41666666666666663,-0.33333333333333337,1,0.1,0.0,8,0.6666666666666666
16,2,Wynonna Judd,Tony Dovolani,21,7.666666666666667,0.14285714285714285,Singer/Rapper,Kentucky,United States,48,45-54,Eliminated Week 3,11,18.0,10,12,0.6923076923076923,0.41666666666666663,-0.27564102564102566,2,0.2,0.0,8,0.6666666666666666
16,3,Wynonna Judd,Tony Dovolani,21,7.666666666666667,0.14285714285714285,Singer/Rapper,Kentucky,United States,48,45-54,Eliminated Week 3,11,15.0,10,11,0.5769275148270371,0.09090909090909094,-0.48601842391794614,3,0.3,0.0,11,1.0
16,1,Zendaya,Valentin Chmerkovskiy,19,5.2631578947368425,0.47368421052631576,Actor/Actress,California,United States,16,<25,2nd Place,2,24.0,10,12,1.0,1.0,0.0,1,0.1,0.0,1,0.08333333333333333
16,2,Zendaya,Valentin Chmerkovskiy,19,5.2631578947368425,0.47368421052631576,Actor/Actress,California,United States,16,<25,2nd Place,2,26.0,10,12,1.0,1.0,0.0,2,0.2,0.0,1,0.08333333333333333
16,3,Zendaya,Valentin Chmerkovskiy,19,5.2631578947368425,0.47368421052631576,Actor/Actress,California,United States,16,<25,2nd Place,2,25.9998,10,11,1.0,1.0,0.0,3,0.3,0.0,1,0.09090909090909091
16,4,Zendaya,Valentin Chmerkovskiy,19,5.2631578947368425,0.47368421052631576,Actor/Actress,California,United States,16,<25,2nd Place,2,26.0,10,10,0.9629629629629629,0.9,-0.06296296296296289,4,0.4,0.0,2,0.2
16,5,Zendaya,Valentin Chmerkovskiy,19,5.2631578947368425,0.47368421052631576,Actor/Actress,California,United States,16,<25,2nd Place,2,29.0,10,9,1.0,1.0,0.0,5,0.5,0.0,1,0.1111111111111111
16,6,Zendaya,Valentin Chmerkovskiy,19,5.2631578947368425,0.47368421052631576,Actor/Actress,California,United States,16,<25,2nd Place,2,25.5,10,8,0.9444444444444444,0.75,-0.19444444444444442,6,0.6,0.0,3,0.375
16,7,Zendaya,Valentin Chmerkovskiy,19,5.2631578947368425,0.47368421052631576,Actor/Actress,California,United States,16,<25,2nd Place,2,30.0,10,7,0.9375,0.8571428571428572,-0.0803571428571428,7,0.7,0.0,2,0.2857142857142857
16,8,Zendaya,Valentin Chmerkovskiy,19,5.2631578947368425,0.47368421052631576,Actor/Actress,California,United States,16,<25,2nd Place,2,29.0,10,6,1.0,1.0,0.0,8,0.8,0.0,1,0.16666666666666666
16,9,Zendaya,Valentin Chmerkovskiy,19,5.2631578947368425,0.47368421052631576,Actor/Actress,California,United States,16,<25,2nd Place,2,27.5,10,5,0.9322033898305084,0.4,-0.5322033898305084,9,0.9,0.0,4,0.8
16,10,Zendaya,Valentin Chmerkovskiy,19,5.2631578947368425,0.47368421052631576,Actor/Actress,California,United States,16,<25,2nd Place,2,30.0,10,4,1.0,1.0,0.0,10,1.0,0.0,1,0.25
17,1,Amber Riley,Derek Hough,17,2.9411764705882355,0.5294117647058824,Actor/Actress,California,United States,27,25-34,1st Place,1,27.0,11,12,1.0,1.0,0.0,1,0.09090909090909091,0.0,1,0.08333333333333333
17,2,Amber Riley,Derek Hough,17,2.9411764705882355,0.5294117647058824,Actor/Actress,California,United States,27,25-34,1st Place,1,24.0,11,12,0.9230769230769231,0.75,-0.17307692307692313,2,0.18181818181818182,0.0,4,0.3333333333333333
17,3,Amber Riley,Derek Hough,17,2.9411764705882355,0.5294117647058824,Actor/Actress,California,United States,27,25-34,1st Place,1,24.0,11,11,0.8888888888888888,0.5454545454545454,-0.3434343434343434,3,0.2727272727272727,0.0,6,0.5454545454545454
17,4,Amber Riley,Derek Hough,17,2.9411764705882355,0.5294117647058824,Actor/Actress,California,United States,27,25-34,1st Place,1,27.0,11,10,1.0,1.0,0.0,4,0.36363636363636365,0.0,1,0.1
17,5,Amber Riley,Derek Hough,17,2.9411764705882355,0.5294117647058824,Actor/Actress,California,United States,27,25-34,1st Place,1,26.0,11,9,0.9285714285714286,0.4444444444444444,-0.4841269841269842,5,0.45454545454545453,0.0,6,0.6666666666666666
17,6,Amber Riley,Derek Hough,17,2.9411764705882355,0.5294117647058824,Actor/Actress,California,United States,27,25-34,1st Place,1,31.999899999999997,11,8,1.0,1.0,0.0,6,0.5454545454545454,0.0,1,0.125
17,7,Amber Riley,Derek Hough,17,2.9411764705882355,0.5294117647058824,Actor/Actress,California,United States,27,25-34,1st Place,1,29.5,11,8,1.0,1.0,0.0,7,0.6363636363636364,0.0,1,0.125
17,8,Amber Riley,Derek Hough,17,2.9411764705882355,0.5294117647058824,Actor/Actress,California,United States,27,25-34,1st Place,1,28.0,11,7,0.9333333333333333,0.7142857142857143,-0.21904761904761905,8,0.7272727272727273,0.0,3,0.42857142857142855
17,9,Amber Riley,Derek Hough,17,2.9411764705882355,0.5294117647058824,Actor/Actress,California,United States,27,25-34,1st Place,1,25.5,11,6,0.8793103448275862,0.33333333333333337,-0.5459770114942528,9,0.8181818181818182,0.0,5,0.8333333333333334
17,10,Amber Riley,Derek Hough,17,2.9411764705882355,0.5294117647058824,Actor/Actress,California,United States,27,25-34,1st Place,1,39.5,11,5,1.0,1.0,0.0,10,0.9090909090909091,0.0,1,0.2
17,11,Amber Riley,Derek Hough,17,2.9411764705882355,0.5294117647058824,Actor/Actress,California,United States,27,25-34,1st Place,1,31.333199999999998,11,4,1.0,1.0,0.0,11,1.0,0.0,1,0.25
17,1,Bill Engvall,Emma Slater,16,7.9375,0.0625,Comedian,Texas,United States,56,55-64,Eliminated Week 11,4,18.0,11,12,0.6666666666666666,0.25,-0.41666666666666663,1,0.09090909090909091,0.0,10,0.8333333333333334
17,2,Bill Engvall,Emma Slater,16,7.9375,0.0625,Comedian,Texas,United States,56,55-64,Eliminated Week 11,4,21.0,11,12,0.8076923076923077,0.41666666666666663,-0.3910256410256411,2,0.18181818181818182,0.0,8,0.6666666666666666
17,3,Bill Engvall,Emma Slater,16,7.9375,0.0625,Comedian,Texas,United States,56,55-64,Eliminated Week 11,4,24.0,11,11,0.8888888888888888,0.5454545454545454,-0.3434343434343434,3,0.2727272727272727,0.0,6,0.5454545454545454
17,4,Bill Engvall,Emma Slater,16,7.9375,0.0625,Comedian,Texas,United States,56,55-64,Eliminated Week 11,4,21.0,11,10,0.7777777777777778,0.30000000000000004,-0.47777777777777775,4,0.36363636363636365,0.0,8,0.8
17,5,Bill Engvall,Emma Slater,16,7.9375,0.0625,Comedian,Texas,United States,56,55-64,Eliminated Week 11,4,24.0,11,9,0.8571428571428571,0.2222222222222222,-0.6349206349206349,5,0.45454545454545453,0.0,8,0.8888888888888888
17,6,Bill Engvall,Emma Slater,16,7.9375,0.0625,Comedian,Texas,United States,56,55-64,Eliminated Week 11,4,23.9999,11,8,0.7499992187475587,0.125,-0.6249992187475587,6,0.5454545454545454,0.0,8,1.0
17,7,Bill Engvall,Emma Slater,16,7.9375,0.0625,Comedian,Texas,United States,56,55-64,Eliminated Week 11,4,25.0,11,8,0.847457627118644,0.125,-0.722457627118644,7,0.6363636363636364,0.0,8,1.0
17,8,Bill Engvall,Emma Slater,16,7.9375,0.0625,Comedian,Texas,United States,56,55-64,Eliminated Week 11,4,24.0,11,7,0.8,0.1428571428571429,-0.6571428571428571,8,0.7272727272727273,0.0,7,1.0
17,9,Bill Engvall,Emma Slater,16,7.9375,0.0625,Comedian,Texas,United States,56,55-64,Eliminated Week 11,4,21.0,11,6,0.7241379310344828,0.16666666666666663,-0.5574712643678161,9,0.8181818181818182,0.0,6,1.0
17,10,Bill Engvall,Emma Slater,16,7.9375,0.0625,Comedian,Texas,United States,56,55-64,Eliminated Week 11,4,30.0,11,5,0.759493670886076,0.19999999999999996,-0.559493670886076,10,0.9090909090909091,0.0,5,1.0
17,11,Bill Engvall,Emma Slater,16,7.9375,0.0625,Comedian,Texas,United States,56,55-64,Eliminated Week 11,4,25.499899999999997,11,4,0.8138300588513142,0.25,-0.5638300588513142,11,1.0,0.0,4,1.0
17,1,Bill Nye,Tyne Stecklein,1,11.0,0.0,TV Personality,Washington D.C.,United States,57,55-64,Eliminated Week 3,11,14.0,11,12,0.5185185185185185,0.08333333333333337,-0.4351851851851851,1,0.09090909090909091,0.0,12,1.0
17,2,Bill Nye,Tyne Stecklein,1,11.0,0.0,TV Personality,Washington D.C.,United States,57,55-64,Eliminated Week 3,11,17.0,11,12,0.6538461538461539,0.08333333333333337,-0.5705128205128205,2,0.18181818181818182,0.0,12,1.0
17,3,Bill Nye,Tyne Stecklein,1,11.0,0.0,TV Personality,Washington D.C.,United States,57,55-64,Eliminated Week 3,11,16.0,11,11,0.5925925925925926,0.18181818181818177,-0.4107744107744108,3,0.2727272727272727,0.0,10,0.9090909090909091
17,1,Brant Daugherty,Peta Murgatroyd,15,7.4,0.13333333333333333,Actor/Actress,Ohio,United States,28,25-34,Eliminated Week 8,7,22.0,11,12,0.8148148148148148,0.5833333333333333,-0.2314814814814815,1,0.09090909090909091,0.0,6,0.5
17,2,Brant Daugherty,Peta Murgatroyd,15,7.4,0.13333333333333333,Actor/Actress,Ohio,United States,28,25-34,Eliminated Week 8,7,23.0,11,12,0.8846153846153846,0.5,-0.3846153846153846,2,0.18181818181818182,0.0,7,0.5833333333333334
17,3,Brant Daugherty,Peta Murgatroyd,15,7.4,0.13333333333333333,Actor/Actress,Ohio,United States,28,25-34,Eliminated Week 8,7,27.0,11,11,1.0,1.0,0.0,3,0.2727272727272727,0.0,1,0.09090909090909091
17,4,Brant Daugherty,Peta Murgatroyd,15,7.4,0.13333333333333333,Actor/Actress,Ohio,United States,28,25-34,Eliminated Week 8,7,21.0,11,10,0.7777777777777778,0.30000000000000004,-0.47777777777777775,4,0.36363636363636365,0.0,8,0.8
17,5,Brant Daugherty,Peta Murgatroyd,15,7.4,0.13333333333333333,Actor/Actress,Ohio,United States,28,25-34,Eliminated Week 8,7,27.0,11,9,0.9642857142857143,0.7777777777777778,-0.1865079365079365,5,0.45454545454545453,0.0,3,0.3333333333333333
17,6,Brant Daugherty,Peta Murgatroyd,15,7.4,0.13333333333333333,Actor/Actress,Ohio,United States,28,25-34,Eliminated Week 8,7,31.0,11,8,0.9687530273532106,0.75,-0.21875302735321056,6,0.5454545454545454,0.0,3,0.375
17,7,Brant Daugherty,Peta Murgatroyd,15,7.4,0.13333333333333333,Actor/Actress,Ohio,United States,28,25-34,Eliminated Week 8,7,28.5,11,8,0.9661016949152542,0.75,-0.21610169491525422,7,0.6363636363636364,0.0,3,0.375
17,8,Brant Daugherty,Peta Murgatroyd,15,7.4,0.13333333333333333,Actor/Actress,Ohio,United States,28,25-34,Eliminated Week 8,7,27.0,11,7,0.9,0.4285714285714286,-0.4714285714285714,8,0.7272727272727273,0.0,5,0.7142857142857143
17,1,Christina Milian,Mark Ballas,21,5.190476190476191,0.47619047619047616,Singer/Rapper,New Jersey,United States,31,25-34,Eliminated Week 5,9,22.0,11,12,0.8148148148148148,0.5833333333333333,-0.2314814814814815,1,0.09090909090909091,0.0,6,0.5
17,2,Christina Milian,Mark Ballas,21,5.190476190476191,0.47619047619047616,Singer/Rapper,New Jersey,United States,31,25-34,Eliminated Week 5,9,25.0,11,12,0.9615384615384616,0.9166666666666666,-0.044871794871794934,2,0.18181818181818182,0.0,2,0.16666666666666666
17,3,Christina Milian,Mark Ballas,21,5.190476190476191,0.47619047619047616,Singer/Rapper,New Jersey,United States,31,25-34,Eliminated Week 5,9,26.0,11,11,0.9629629629629629,0.9090909090909091,-0.05387205387205385,3,0.2727272727272727,0.0,2,0.18181818181818182
17,4,Christina Milian,Mark Ballas,21,5.190476190476191,0.47619047619047616,Singer/Rapper,New Jersey,United States,31,25-34,Eliminated Week 5,9,24.0,11,10,0.8888888888888888,0.7,-0.18888888888888888,4,0.36363636363636365,0.0,4,0.4
17,5,Christina Milian,Mark Ballas,21,5.190476190476191,0.47619047619047616,Singer/Rapper,New Jersey,United States,31,25-34,Eliminated Week 5,9,28.0,11,9,1.0,1.0,0.0,5,0.45454545454545453,0.0,1,0.1111111111111111
17,1,Corbin Bleu,Karina Smirnoff,18,6.722222222222222,0.2222222222222222,Actor/Actress,New York,United States,24,<25,2nd Place,2,24.0,11,12,0.8888888888888888,0.9166666666666666,0.02777777777777779,1,0.09090909090909091,0.0,2,0.16666666666666666
17,2,Corbin Bleu,Karina Smirnoff,18,6.722222222222222,0.2222222222222222,Actor/Actress,New York,United States,24,<25,2nd Place,2,26.0,11,12,1.0,1.0,0.0,2,0.18181818181818182,0.0,1,0.08333333333333333
17,3,Corbin Bleu,Karina Smirnoff,18,6.722222222222222,0.2222222222222222,Actor/Actress,New York,United States,24,<25,2nd Place,2,26.0,11,11,0.9629629629629629,0.9090909090909091,-0.05387205387205385,3,0.2727272727272727,0.0,2,0.18181818181818182
17,4,Corbin Bleu,Karina Smirnoff,18,6.722222222222222,0.2222222222222222,Actor/Actress,New York,United States,24,<25,2nd Place,2,27.0,11,10,1.0,1.0,0.0,4,0.36363636363636365,0.0,1,0.1
17,5,Corbin Bleu,Karina Smirnoff,18,6.722222222222222,0.2222222222222222,Actor/Actress,New York,United States,24,<25,2nd Place,2,28.0,11,9,1.0,1.0,0.0,5,0.45454545454545453,0.0,1,0.1111111111111111
17,6,Corbin Bleu,Karina Smirnoff,18,6.722222222222222,0.2222222222222222,Actor/Actress,New York,United States,24,<25,2nd Place,2,26.999899999999997,11,8,0.8437495117172241,0.375,-0.4687495117172241,6,0.5454545454545454,0.0,6,0.75
17,7,Corbin Bleu,Karina Smirnoff,18,6.722222222222222,0.2222222222222222,Actor/Actress,New York,United States,24,<25,2nd Place,2,29.5,11,8,1.0,1.0,0.0,7,0.6363636363636364,0.0,1,0.125
17,8,Corbin Bleu,Karina Smirnoff,18,6.722222222222222,0.2222222222222222,Actor/Actress,New York,United States,24,<25,2nd Place,2,30.0,11,7,1.0,1.0,0.0,8,0.7272727272727273,0.0,1,0.14285714285714285
17,9,Corbin Bleu,Karina Smirnoff,18,6.722222222222222,0.2222222222222222,Actor/Actress,New York,United States,24,<25,2nd Place,2,29.0,11,6,1.0,1.0,0.0,9,0.8181818181818182,0.0,1,0.16666666666666666
17,10,Corbin Bleu,Karina Smirnoff,18,6.722222222222222,0.2222222222222222,Actor/Actress,New York,United States,24,<25,2nd Place,2,37.5,11,5,0.9493670886075949,0.8,-0.14936708860759484,10,0.9090909090909091,0.0,2,0.4
17,11,Corbin Bleu,Karina Smirnoff,18,6.722222222222222,0.2222222222222222,Actor/Actress,New York,United States,24,<25,2nd Place,2,29.6664,11,4,0.9468040289533147,0.75,-0.19680402895331472,11,1.0,0.0,2,0.5
17,1,Elizabeth Berkley Lauren,Valentin Chmerkovskiy,19,5.2631578947368425,0.47368421052631576,Actor/Actress,Michigan,United States,39,35-44,Eliminated Week 9,6,24.0,11,12,0.8888888888888888,0.9166666666666666,0.02777777777777779,1,0.09090909090909091,0.0,2,0.16666666666666666
17,2,Elizabeth Berkley Lauren,Valentin Chmerkovskiy,19,5.2631578947368425,0.47368421052631576,Actor/Actress,Michigan,United States,39,35-44,Eliminated Week 9,6,25.0,11,12,0.9615384615384616,0.9166666666666666,-0.044871794871794934,2,0.18181818181818182,0.0,2,0.16666666666666666
17,3,Elizabeth Berkley Lauren,Valentin Chmerkovskiy,19,5.2631578947368425,0.47368421052631576,Actor/Actress,Michigan,United States,39,35-44,Eliminated Week 9,6,25.0,11,11,0.9259259259259259,0.7272727272727273,-0.19865319865319864,3,0.2727272727272727,0.0,4,0.36363636363636365
17,4,Elizabeth Berkley Lauren,Valentin Chmerkovskiy,19,5.2631578947368425,0.47368421052631576,Actor/Actress,Michigan,United States,39,35-44,Eliminated Week 9,6,27.0,11,10,1.0,1.0,0.0,4,0.36363636363636365,0.0,1,0.1
17,5,Elizabeth Berkley Lauren,Valentin Chmerkovskiy,19,5.2631578947368425,0.47368421052631576,Actor/Actress,Michigan,United States,39,35-44,Eliminated Week 9,6,26.0,11,9,0.9285714285714286,0.4444444444444444,-0.4841269841269842,5,0.45454545454545453,0.0,6,0.6666666666666666
17,6,Elizabeth Berkley Lauren,Valentin Chmerkovskiy,19,5.2631578947368425,0.47368421052631576,Actor/Actress,Michigan,United States,39,35-44,Eliminated Week 9,6,31.9998,11,8,0.9999968749902345,0.875,-0.12499687499023449,6,0.5454545454545454,0.0,2,0.25
17,7,Elizabeth Berkley Lauren,Valentin Chmerkovskiy,19,5.2631578947368425,0.47368421052631576,Actor/Actress,Michigan,United States,39,35-44,Eliminated Week 9,6,27.0,11,8,0.9152542372881356,0.5,-0.4152542372881356,7,0.6363636363636364,0.0,5,0.625
17,8,Elizabeth Berkley Lauren,Valentin Chmerkovskiy,19,5.2631578947368425,0.47368421052631576,Actor/Actress,Michigan,United States,39,35-44,Eliminated Week 9,6,25.0,11,7,0.8333333333333334,0.2857142857142857,-0.5476190476190477,8,0.7272727272727273,0.0,6,0.8571428571428571
17,9,Elizabeth Berkley Lauren,Valentin Chmerkovskiy,19,5.2631578947368425,0.47368421052631576,Actor/Actress,Michigan,United States,39,35-44,Eliminated Week 9,6,28.0,11,6,0.9655172413793104,0.8333333333333334,-0.13218390804597702,9,0.8181818181818182,0.0,2,0.3333333333333333
17,1,Jack Osbourne,Cheryl Burke,25,5.8,0.32,TV Personality,Unknown,England,27,25-34,3rd Place,3,23.0,11,12,0.8518518518518519,0.75,-0.10185185185185186,1,0.09090909090909091,0.0,4,0.3333333333333333
17,2,Jack Osbourne,Cheryl Burke,25,5.8,0.32,TV Personality,Unknown,England,27,25-34,3rd Place,3,24.0,11,12,0.9230769230769231,0.75,-0.17307692307692313,2,0.18181818181818182,0.0,4,0.3333333333333333
17,3,Jack Osbourne,Cheryl Burke,25,5.8,0.32,TV Personality,Unknown,England,27,25-34,3rd Place,3,22.0,11,11,0.8148148148148148,0.2727272727272727,-0.5420875420875421,3,0.2727272727272727,0.0,9,0.8181818181818182
17,4,Jack Osbourne,Cheryl Burke,25,5.8,0.32,TV Personality,Unknown,England,27,25-34,3rd Place,3,24.0,11,10,0.8888888888888888,0.7,-0.18888888888888888,4,0.36363636363636365,0.0,4,0.4
17,5,Jack Osbourne,Cheryl Burke,25,5.8,0.32,TV Personality,Unknown,England,27,25-34,3rd Place,3,27.0,11,9,0.9642857142857143,0.7777777777777778,-0.1865079365079365,5,0.45454545454545453,0.0,3,0.3333333333333333
17,6,Jack Osbourne,Cheryl Burke,25,5.8,0.32,TV Personality,Unknown,England,27,25-34,3rd Place,3,26.9998,11,8,0.8437463867074586,0.25,-0.5937463867074586,6,0.5454545454545454,0.0,7,0.875
17,7,Jack Osbourne,Cheryl Burke,25,5.8,0.32,TV Personality,Unknown,England,27,25-34,3rd Place,3,28.5,11,8,0.9661016949152542,0.75,-0.21610169491525422,7,0.6363636363636364,0.0,3,0.375
17,8,Jack Osbourne,Cheryl Burke,25,5.8,0.32,TV Personality,Unknown,England,27,25-34,3rd Place,3,30.0,11,7,1.0,1.0,0.0,8,0.7272727272727273,0.0,1,0.14285714285714285
17,9,Jack Osbourne,Cheryl Burke,25,5.8,0.32,TV Personality,Unknown,England,27,25-34,3rd Place,3,27.0,11,6,0.9310344827586207,0.6666666666666667,-0.2643678160919539,9,0.8181818181818182,0.0,3,0.5
17,10,Jack Osbourne,Cheryl Burke,25,5.8,0.32,TV Personality,Unknown,England,27,25-34,3rd Place,3,35.5,11,5,0.8987341772151899,0.6,-0.2987341772151899,10,0.9090909090909091,0.0,3,0.6
17,11,Jack Osbourne,Cheryl Burke,25,5.8,0.32,TV Personality,Unknown,England,27,25-34,3rd Place,3,27.999899999999997,11,4,0.893617632415457,0.5,-0.393617632415457,11,1.0,0.0,3,0.75
17,1,Keyshawn Johnson,Sharna Burgess,14,6.571428571428571,0.35714285714285715,Athlete,California,United States,41,35-44,Eliminated Week 2,12,17.0,11,12,0.6296296296296297,0.16666666666666663,-0.462962962962963,1,0.09090909090909091,0.0,11,0.9166666666666666
17,2,Keyshawn Johnson,Sharna Burgess,14,6.571428571428571,0.35714285714285715,Athlete,California,United States,41,35-44,Eliminated Week 2,12,18.0,11,12,0.6923076923076923,0.16666666666666663,-0.5256410256410257,2,0.18181818181818182,0.0,11,0.9166666666666666
17,1,Leah Remini,Tony Dovolani,21,7.666666666666667,0.14285714285714285,Actor/Actress,New York,United States,43,35-44,Eliminated Week 10,5,21.0,11,12,0.7777777777777778,0.41666666666666663,-0.36111111111111116,1,0.09090909090909091,0.0,8,0.6666666666666666
17,2,Leah Remini,Tony Dovolani,21,7.666666666666667,0.14285714285714285,Actor/Actress,New York,United States,43,35-44,Eliminated Week 10,5,24.0,11,12,0.9230769230769231,0.75,-0.17307692307692313,2,0.18181818181818182,0.0,4,0.3333333333333333
17,3,Leah Remini,Tony Dovolani,21,7.666666666666667,0.14285714285714285,Actor/Actress,New York,United States,43,35-44,Eliminated Week 10,5,24.0,11,11,0.8888888888888888,0.5454545454545454,-0.3434343434343434,3,0.2727272727272727,0.0,6,0.5454545454545454
17,4,Leah Remini,Tony Dovolani,21,7.666666666666667,0.14285714285714285,Actor/Actress,New York,United States,43,35-44,Eliminated Week 10,5,24.0,11,10,0.8888888888888888,0.7,-0.18888888888888888,4,0.36363636363636365,0.0,4,0.4
17,5,Leah Remini,Tony Dovolani,21,7.666666666666667,0.14285714285714285,Actor/Actress,New York,United States,43,35-44,Eliminated Week 10,5,22.0,11,9,0.7857142857142857,0.11111111111111116,-0.6746031746031745,5,0.45454545454545453,0.0,9,1.0
17,6,Leah Remini,Tony Dovolani,21,7.666666666666667,0.14285714285714285,Actor/Actress,New York,United States,43,35-44,Eliminated Week 10,5,27.999899999999997,11,8,0.8749996093737793,0.5,-0.3749996093737793,6,0.5454545454545454,0.0,5,0.625
17,7,Leah Remini,Tony Dovolani,21,7.666666666666667,0.14285714285714285,Actor/Actress,New York,United States,43,35-44,Eliminated Week 10,5,26.5,11,8,0.8983050847457628,0.25,-0.6483050847457628,7,0.6363636363636364,0.0,7,0.875
17,8,Leah Remini,Tony Dovolani,21,7.666666666666667,0.14285714285714285,Actor/Actress,New York,United States,43,35-44,Eliminated Week 10,5,28.0,11,7,0.9333333333333333,0.7142857142857143,-0.21904761904761905,8,0.7272727272727273,0.0,3,0.42857142857142855
17,9,Leah Remini,Tony Dovolani,21,7.666666666666667,0.14285714285714285,Actor/Actress,New York,United States,43,35-44,Eliminated Week 10,5,27.0,11,6,0.9310344827586207,0.6666666666666667,-0.2643678160919539,9,0.8181818181818182,0.0,3,0.5
17,10,Leah Remini,Tony Dovolani,21,7.666666666666667,0.14285714285714285,Actor/Actress,New York,United States,43,35-44,Eliminated Week 10,5,32.5,11,5,0.8227848101265823,0.4,-0.4227848101265823,10,0.9090909090909091,0.0,4,0.8
17,1,"Nicole ""Snooki"" Polizzi",Sasha Farber,12,6.083333333333333,0.16666666666666666,TV Personality,Unknown,Chile,25,25-34,Eliminated Week 7,8,23.0,11,12,0.8518518518518519,0.75,-0.10185185185185186,1,0.09090909090909091,0.0,4,0.3333333333333333
17,2,"Nicole ""Snooki"" Polizzi",Sasha Farber,12,6.083333333333333,0.16666666666666666,TV Personality,Unknown,Chile,25,25-34,Eliminated Week 7,8,20.0,11,12,0.7692307692307693,0.33333333333333337,-0.4358974358974359,2,0.18181818181818182,0.0,9,0.75
17,3,"Nicole ""Snooki"" Polizzi",Sasha Farber,12,6.083333333333333,0.16666666666666666,TV Personality,Unknown,Chile,25,25-34,Eliminated Week 7,8,25.0,11,11,0.9259259259259259,0.7272727272727273,-0.19865319865319864,3,0.2727272727272727,0.0,4,0.36363636363636365
17,4,"Nicole ""Snooki"" Polizzi",Sasha Farber,12,6.083333333333333,0.16666666666666666,TV Personality,Unknown,Chile,25,25-34,Eliminated Week 7,8,24.0,11,10,0.8888888888888888,0.7,-0.18888888888888888,4,0.36363636363636365,0.0,4,0.4
17,5,"Nicole ""Snooki"" Polizzi",Sasha Farber,12,6.083333333333333,0.16666666666666666,TV Personality,Unknown,Chile,25,25-34,Eliminated Week 7,8,27.0,11,9,0.9642857142857143,0.7777777777777778,-0.1865079365079365,5,0.45454545454545453,0.0,3,0.3333333333333333
17,6,"Nicole ""Snooki"" Polizzi",Sasha Farber,12,6.083333333333333,0.16666666666666666,TV Personality,Unknown,Chile,25,25-34,Eliminated Week 7,8,30.0,11,8,0.9375029296966554,0.625,-0.3125029296966554,6,0.5454545454545454,0.0,4,0.5
17,7,"Nicole ""Snooki"" Polizzi",Sasha Farber,12,6.083333333333333,0.16666666666666666,TV Personality,Unknown,Chile,25,25-34,Eliminated Week 7,8,27.0,11,8,0.9152542372881356,0.5,-0.4152542372881356,7,0.6363636363636364,0.0,5,0.625
17,1,Valerie Harper,Tristan MacManus,5,9.6,0.0,Actor/Actress,New York,United States,74,65+,Eliminated Week 4,10,21.0,11,12,0.7777777777777778,0.41666666666666663,-0.36111111111111116,1,0.09090909090909091,0.0,8,0.6666666666666666
17,2,Valerie Harper,Tristan MacManus,5,9.6,0.0,Actor/Actress,New York,United States,74,65+,Eliminated Week 4,10,19.0,11,12,0.7307692307692307,0.25,-0.4807692307692307,2,0.18181818181818182,0.0,10,0.8333333333333334
17,3,Valerie Harper,Tristan MacManus,5,9.6,0.0,Actor/Actress,New York,United States,74,65+,Eliminated Week 4,10,16.0,11,11,0.5925925925925926,0.18181818181818177,-0.4107744107744108,3,0.2727272727272727,0.0,10,0.9090909090909091
17,4,Valerie Harper,Tristan MacManus,5,9.6,0.0,Actor/Actress,New York,United States,74,65+,Eliminated Week 4,10,18.0,11,10,0.6666666666666666,0.09999999999999998,-0.5666666666666667,4,0.36363636363636365,0.0,10,1.0
18,1,Amy Purdy,Derek Hough,17,2.9411764705882355,0.5294117647058824,Athlete,Nevada,United States,34,25-34,2nd Place,2,24.0,10,12,0.8888888888888888,0.8333333333333334,-0.05555555555555547,1,0.1,0.0,3,0.25
18,2,Amy Purdy,Derek Hough,17,2.9411764705882355,0.5294117647058824,Athlete,Nevada,United States,34,25-34,2nd Place,2,24.0,10,11,0.96,0.7272727272727273,-0.23272727272727267,2,0.2,0.0,4,0.36363636363636365
18,3,Amy Purdy,Derek Hough,17,2.9411764705882355,0.5294117647058824,Athlete,Nevada,United States,34,25-34,2nd Place,2,36.0,10,9,0.9230769230769231,0.8888888888888888,-0.03418803418803429,3,0.3,0.0,2,0.2222222222222222
18,4,Amy Purdy,Derek Hough,17,2.9411764705882355,0.5294117647058824,Athlete,Nevada,United States,34,25-34,2nd Place,2,34.0,10,9,0.8717948717948718,0.7777777777777778,-0.09401709401709402,4,0.4,0.0,3,0.3333333333333333
18,5,Amy Purdy,Derek Hough,17,2.9411764705882355,0.5294117647058824,Athlete,Nevada,United States,34,25-34,2nd Place,2,37.0,10,9,0.925,0.7777777777777778,-0.14722222222222225,5,0.5,0.0,3,0.3333333333333333
18,6,Amy Purdy,Derek Hough,17,2.9411764705882355,0.5294117647058824,Athlete,Nevada,United States,34,25-34,2nd Place,2,38.0,10,8,0.95,0.875,-0.07499999999999996,6,0.6,0.0,2,0.25
18,7,Amy Purdy,Derek Hough,17,2.9411764705882355,0.5294117647058824,Athlete,Nevada,United States,34,25-34,2nd Place,2,37.5,10,7,0.9615384615384616,0.8571428571428572,-0.10439560439560436,7,0.7,0.0,2,0.2857142857142857
18,8,Amy Purdy,Derek Hough,17,2.9411764705882355,0.5294117647058824,Athlete,Nevada,United States,34,25-34,2nd Place,2,40.0,10,6,1.0,1.0,0.0,8,0.8,0.0,1,0.16666666666666666
18,9,Amy Purdy,Derek Hough,17,2.9411764705882355,0.5294117647058824,Athlete,Nevada,United States,34,25-34,2nd Place,2,39.0,10,5,0.975,0.8,-0.17499999999999993,9,0.9,0.0,2,0.4
18,10,Amy Purdy,Derek Hough,17,2.9411764705882355,0.5294117647058824,Athlete,Nevada,United States,34,25-34,2nd Place,2,29.666600000000003,10,4,0.9888866666666668,0.75,-0.2388866666666668,10,1.0,0.0,2,0.5
18,1,Billy Dee Williams,Emma Slater,16,7.9375,0.0625,Actor/Actress,New York,United States,76,65+,Withdrew,10,15.0,10,12,0.5555555555555556,0.08333333333333337,-0.4722222222222222,1,0.1,0.0,12,1.0
18,2,Billy Dee Williams,Emma Slater,16,7.9375,0.0625,Actor/Actress,New York,United States,76,65+,Withdrew,10,15.0,10,11,0.6,0.09090909090909094,-0.509090909090909,2,0.2,0.0,11,1.0
18,1,Candace Cameron Bure,Mark Ballas,21,5.190476190476191,0.47619047619047616,Actor/Actress,California,United States,37,35-44,3rd Place,3,25.0,10,12,0.9259259259259259,0.9166666666666666,-0.0092592592592593,1,0.1,0.0,2,0.16666666666666666
18,2,Candace Cameron Bure,Mark Ballas,21,5.190476190476191,0.47619047619047616,Actor/Actress,California,United States,37,35-44,3rd Place,3,21.0,10,11,0.84,0.4545454545454546,-0.3854545454545454,2,0.2,0.0,7,0.6363636363636364
18,3,Candace Cameron Bure,Mark Ballas,21,5.190476190476191,0.47619047619047616,Actor/Actress,California,United States,37,35-44,3rd Place,3,32.0,10,9,0.8205128205128205,0.33333333333333337,-0.4871794871794871,3,0.3,0.0,7,0.7777777777777778
18,4,Candace Cameron Bure,Mark Ballas,21,5.190476190476191,0.47619047619047616,Actor/Actress,California,United States,37,35-44,3rd Place,3,28.0,10,9,0.717948717948718,0.11111111111111116,-0.6068376068376068,4,0.4,0.0,9,1.0
18,5,Candace Cameron Bure,Mark Ballas,21,5.190476190476191,0.47619047619047616,Actor/Actress,California,United States,37,35-44,3rd Place,3,35.0,10,9,0.875,0.33333333333333337,-0.5416666666666666,5,0.5,0.0,7,0.7777777777777778
18,6,Candace Cameron Bure,Mark Ballas,21,5.190476190476191,0.47619047619047616,Actor/Actress,California,United States,37,35-44,3rd Place,3,32.0,10,8,0.8,0.25,-0.55,6,0.6,0.0,7,0.875
18,7,Candace Cameron Bure,Mark Ballas,21,5.190476190476191,0.47619047619047616,Actor/Actress,California,United States,37,35-44,3rd Place,3,37.0,10,7,0.9487179487179487,0.7142857142857143,-0.23443223443223438,7,0.7,0.0,3,0.42857142857142855
18,8,Candace Cameron Bure,Mark Ballas,21,5.190476190476191,0.47619047619047616,Actor/Actress,California,United States,37,35-44,3rd Place,3,36.0,10,6,0.9,0.5,-0.4,8,0.8,0.0,4,0.6666666666666666
18,9,Candace Cameron Bure,Mark Ballas,21,5.190476190476191,0.47619047619047616,Actor/Actress,California,United States,37,35-44,3rd Place,3,36.0,10,5,0.9,0.19999999999999996,-0.7000000000000001,9,0.9,0.0,5,1.0
18,10,Candace Cameron Bure,Mark Ballas,21,5.190476190476191,0.47619047619047616,Actor/Actress,California,United States,37,35-44,3rd Place,3,25.9998,10,4,0.86666,0.25,-0.61666,10,1.0,0.0,4,1.0
18,1,Charlie White,Sharna Burgess,14,6.571428571428571,0.35714285714285715,Athlete,Michigan,United States,26,25-34,Eliminated Week 9,5,27.0,10,12,1.0,1.0,0.0,1,0.1,0.0,1,0.08333333333333333
18,2,Charlie White,Sharna Burgess,14,6.571428571428571,0.35714285714285715,Athlete,Michigan,United States,26,25-34,Eliminated Week 9,5,25.0,10,11,1.0,1.0,0.0,2,0.2,0.0,1,0.09090909090909091
18,3,Charlie White,Sharna Burgess,14,6.571428571428571,0.35714285714285715,Athlete,Michigan,United States,26,25-34,Eliminated Week 9,5,36.0,10,9,0.9230769230769231,0.8888888888888888,-0.03418803418803429,3,0.3,0.0,2,0.2222222222222222
18,4,Charlie White,Sharna Burgess,14,6.571428571428571,0.35714285714285715,Athlete,Michigan,United States,26,25-34,Eliminated Week 9,5,33.0,10,9,0.8461538461538461,0.6666666666666667,-0.1794871794871794,4,0.4,0.0,4,0.4444444444444444
18,5,Charlie White,Sharna Burgess,14,6.571428571428571,0.35714285714285715,Athlete,Michigan,United States,26,25-34,Eliminated Week 9,5,37.0,10,9,0.925,0.7777777777777778,-0.14722222222222225,5,0.5,0.0,3,0.3333333333333333
18,6,Charlie White,Sharna Burgess,14,6.571428571428571,0.35714285714285715,Athlete,Michigan,United States,26,25-34,Eliminated Week 9,5,36.0,10,8,0.9,0.75,-0.15000000000000002,6,0.6,0.0,3,0.375
18,7,Charlie White,Sharna Burgess,14,6.571428571428571,0.35714285714285715,Athlete,Michigan,United States,26,25-34,Eliminated Week 9,5,35.5,10,7,0.9102564102564102,0.4285714285714286,-0.48168498168498164,7,0.7,0.0,5,0.7142857142857143
18,8,Charlie White,Sharna Burgess,14,6.571428571428571,0.35714285714285715,Athlete,Michigan,United States,26,25-34,Eliminated Week 9,5,40.0,10,6,1.0,1.0,0.0,8,0.8,0.0,1,0.16666666666666666
18,9,Charlie White,Sharna Burgess,14,6.571428571428571,0.35714285714285715,Athlete,Michigan,United States,26,25-34,Eliminated Week 9,5,38.0,10,5,0.95,0.6,-0.35,9,0.9,0.0,3,0.6
18,1,Cody Simpson,Witney Carson,14,5.5,0.35714285714285715,Singer/Rapper,Unknown,Australia,17,<25,Eliminated Week 5,9,22.0,10,12,0.8148148148148148,0.5833333333333333,-0.2314814814814815,1,0.1,0.0,6,0.5
18,2,Cody Simpson,Witney Carson,14,5.5,0.35714285714285715,Singer/Rapper,Unknown,Australia,17,<25,Eliminated Week 5,9,22.0,10,11,0.88,0.5454545454545454,-0.3345454545454546,2,0.2,0.0,6,0.5454545454545454
18,3,Cody Simpson,Witney Carson,14,5.5,0.35714285714285715,Singer/Rapper,Unknown,Australia,17,<25,Eliminated Week 5,9,35.0,10,9,0.8974358974358975,0.4444444444444444,-0.45299145299145305,3,0.3,0.0,6,0.6666666666666666
18,4,Cody Simpson,Witney Carson,14,5.5,0.35714285714285715,Singer/Rapper,Unknown,Australia,17,<25,Eliminated Week 5,9,31.0,10,9,0.7948717948717948,0.2222222222222222,-0.5726495726495726,4,0.4,0.0,8,0.8888888888888888
18,5,Cody Simpson,Witney Carson,14,5.5,0.35714285714285715,Singer/Rapper,Unknown,Australia,17,<25,Eliminated Week 5,9,34.0,10,9,0.85,0.2222222222222222,-0.6277777777777778,5,0.5,0.0,8,0.8888888888888888
18,1,Danica McKellar,Valentin Chmerkovskiy,19,5.2631578947368425,0.47368421052631576,Actor/Actress,California,United States,39,35-44,Eliminated Week 8,6,24.0,10,12,0.8888888888888888,0.8333333333333334,-0.05555555555555547,1,0.1,0.0,3,0.25
18,2,Danica McKellar,Valentin Chmerkovskiy,19,5.2631578947368425,0.47368421052631576,Actor/Actress,California,United States,39,35-44,Eliminated Week 8,6,24.0,10,11,0.96,0.7272727272727273,-0.23272727272727267,2,0.2,0.0,4,0.36363636363636365
18,3,Danica McKellar,Valentin Chmerkovskiy,19,5.2631578947368425,0.47368421052631576,Actor/Actress,California,United States,39,35-44,Eliminated Week 8,6,36.0,10,9,0.9230769230769231,0.8888888888888888,-0.03418803418803429,3,0.3,0.0,2,0.2222222222222222
18,4,Danica McKellar,Valentin Chmerkovskiy,19,5.2631578947368425,0.47368421052631576,Actor/Actress,California,United States,39,35-44,Eliminated Week 8,6,32.0,10,9,0.8205128205128205,0.4444444444444444,-0.37606837606837606,4,0.4,0.0,6,0.6666666666666666
18,5,Danica McKellar,Valentin Chmerkovskiy,19,5.2631578947368425,0.47368421052631576,Actor/Actress,California,United States,39,35-44,Eliminated Week 8,6,39.0,10,9,0.975,0.8888888888888888,-0.08611111111111114,5,0.5,0.0,2,0.2222222222222222
18,6,Danica McKellar,Valentin Chmerkovskiy,19,5.2631578947368425,0.47368421052631576,Actor/Actress,California,United States,39,35-44,Eliminated Week 8,6,36.0,10,8,0.9,0.75,-0.15000000000000002,6,0.6,0.0,3,0.375
18,7,Danica McKellar,Valentin Chmerkovskiy,19,5.2631578947368425,0.47368421052631576,Actor/Actress,California,United States,39,35-44,Eliminated Week 8,6,36.0,10,7,0.9230769230769231,0.5714285714285714,-0.35164835164835173,7,0.7,0.0,4,0.5714285714285714
18,8,Danica McKellar,Valentin Chmerkovskiy,19,5.2631578947368425,0.47368421052631576,Actor/Actress,California,United States,39,35-44,Eliminated Week 8,6,38.0,10,6,0.95,0.6666666666666667,-0.2833333333333332,8,0.8,0.0,3,0.5
18,1,Diana Nyad,Henry Byalikov,1,12.0,0.0,Athlete,New York,United States,64,55-64,Eliminated Week 2,12,18.0,10,12,0.6666666666666666,0.16666666666666663,-0.5,1,0.1,0.0,11,0.9166666666666666
18,1,Drew Carey,Cheryl Burke,25,5.8,0.32,Comedian,Ohio,United States,55,55-64,Eliminated Week 6,8,21.0,10,12,0.7777777777777778,0.5,-0.2777777777777778,1,0.1,0.0,7,0.5833333333333334
18,2,Drew Carey,Cheryl Burke,25,5.8,0.32,Comedian,Ohio,United States,55,55-64,Eliminated Week 6,8,21.0,10,11,0.84,0.4545454545454546,-0.3854545454545454,2,0.2,0.0,7,0.6363636363636364
18,3,Drew Carey,Cheryl Burke,25,5.8,0.32,Comedian,Ohio,United States,55,55-64,Eliminated Week 6,8,30.0,10,9,0.7692307692307693,0.11111111111111116,-0.6581196581196581,3,0.3,0.0,9,1.0
18,4,Drew Carey,Cheryl Burke,25,5.8,0.32,Comedian,Ohio,United States,55,55-64,Eliminated Week 6,8,33.0,10,9,0.8461538461538461,0.6666666666666667,-0.1794871794871794,4,0.4,0.0,4,0.4444444444444444
18,5,Drew Carey,Cheryl Burke,25,5.8,0.32,Comedian,Ohio,United States,55,55-64,Eliminated Week 6,8,28.0,10,9,0.7,0.11111111111111116,-0.5888888888888888,5,0.5,0.0,9,1.0
18,6,Drew Carey,Cheryl Burke,25,5.8,0.32,Comedian,Ohio,United States,55,55-64,Eliminated Week 6,8,32.0,10,8,0.8,0.25,-0.55,6,0.6,0.0,7,0.875
18,1,James Maslow,Peta Murgatroyd,15,7.4,0.13333333333333333,Actor/Actress,New York,United States,23,<25,Eliminated Week 10,4,21.0,10,12,0.7777777777777778,0.5,-0.2777777777777778,1,0.1,0.0,7,0.5833333333333334
18,2,James Maslow,Peta Murgatroyd,15,7.4,0.13333333333333333,Actor/Actress,New York,United States,23,<25,Eliminated Week 10,4,25.0,10,11,1.0,1.0,0.0,2,0.2,0.0,1,0.09090909090909091
18,3,James Maslow,Peta Murgatroyd,15,7.4,0.13333333333333333,Actor/Actress,New York,United States,23,<25,Eliminated Week 10,4,36.0,10,9,0.9230769230769231,0.8888888888888888,-0.03418803418803429,3,0.3,0.0,2,0.2222222222222222
18,4,James Maslow,Peta Murgatroyd,15,7.4,0.13333333333333333,Actor/Actress,New York,United States,23,<25,Eliminated Week 10,4,35.0,10,9,0.8974358974358975,0.8888888888888888,-0.008547008547008628,4,0.4,0.0,2,0.2222222222222222
18,5,James Maslow,Peta Murgatroyd,15,7.4,0.13333333333333333,Actor/Actress,New York,United States,23,<25,Eliminated Week 10,4,40.0,10,9,1.0,1.0,0.0,5,0.5,0.0,1,0.1111111111111111
18,6,James Maslow,Peta Murgatroyd,15,7.4,0.13333333333333333,Actor/Actress,New York,United States,23,<25,Eliminated Week 10,4,35.0,10,8,0.875,0.5,-0.375,6,0.6,0.0,5,0.625
18,7,James Maslow,Peta Murgatroyd,15,7.4,0.13333333333333333,Actor/Actress,New York,United States,23,<25,Eliminated Week 10,4,35.0,10,7,0.8974358974358975,0.2857142857142857,-0.6117216117216118,7,0.7,0.0,6,0.8571428571428571
18,8,James Maslow,Peta Murgatroyd,15,7.4,0.13333333333333333,Actor/Actress,New York,United States,23,<25,Eliminated Week 10,4,36.0,10,6,0.9,0.5,-0.4,8,0.8,0.0,4,0.6666666666666666
18,9,James Maslow,Peta Murgatroyd,15,7.4,0.13333333333333333,Actor/Actress,New York,United States,23,<25,Eliminated Week 10,4,38.0,10,5,0.95,0.6,-0.35,9,0.9,0.0,3,0.6
18,10,James Maslow,Peta Murgatroyd,15,7.4,0.13333333333333333,Actor/Actress,New York,United States,23,<25,Eliminated Week 10,4,29.0,10,4,0.9666666666666667,0.5,-0.4666666666666667,10,1.0,0.0,3,0.75
18,1,Meryl Davis,Maksim Chmerkoskiy,17,6.0,0.29411764705882354,Athlete,Michigan,United States,27,25-34,1st Place,1,24.0,10,12,0.8888888888888888,0.8333333333333334,-0.05555555555555547,1,0.1,0.0,3,0.25
18,2,Meryl Davis,Maksim Chmerkoskiy,17,6.0,0.29411764705882354,Athlete,Michigan,United States,27,25-34,1st Place,1,25.0,10,11,1.0,1.0,0.0,2,0.2,0.0,1,0.09090909090909091
18,3,Meryl Davis,Maksim Chmerkoskiy,17,6.0,0.29411764705882354,Athlete,Michigan,United States,27,25-34,1st Place,1,39.0,10,9,1.0,1.0,0.0,3,0.3,0.0,1,0.1111111111111111
18,4,Meryl Davis,Maksim Chmerkoskiy,17,6.0,0.29411764705882354,Athlete,Michigan,United States,27,25-34,1st Place,1,39.0,10,9,1.0,1.0,0.0,4,0.4,0.0,1,0.1111111111111111
18,5,Meryl Davis,Maksim Chmerkoskiy,17,6.0,0.29411764705882354,Athlete,Michigan,United States,27,25-34,1st Place,1,36.0,10,9,0.9,0.5555555555555556,-0.34444444444444444,5,0.5,0.0,5,0.5555555555555556
18,6,Meryl Davis,Maksim Chmerkoskiy,17,6.0,0.29411764705882354,Athlete,Michigan,United States,27,25-34,1st Place,1,40.0,10,8,1.0,1.0,0.0,6,0.6,0.0,1,0.125
18,7,Meryl Davis,Maksim Chmerkoskiy,17,6.0,0.29411764705882354,Athlete,Michigan,United States,27,25-34,1st Place,1,39.0,10,7,1.0,1.0,0.0,7,0.7,0.0,1,0.14285714285714285
18,8,Meryl Davis,Maksim Chmerkoskiy,17,6.0,0.29411764705882354,Athlete,Michigan,United States,27,25-34,1st Place,1,36.0,10,6,0.9,0.5,-0.4,8,0.8,0.0,4,0.6666666666666666
18,9,Meryl Davis,Maksim Chmerkoskiy,17,6.0,0.29411764705882354,Athlete,Michigan,United States,27,25-34,1st Place,1,40.0,10,5,1.0,1.0,0.0,9,0.9,0.0,1,0.2
18,10,Meryl Davis,Maksim Chmerkoskiy,17,6.0,0.29411764705882354,Athlete,Michigan,United States,27,25-34,1st Place,1,30.0,10,4,1.0,1.0,0.0,10,1.0,0.0,1,0.25
18,1,NeNe Leakes,Tony Dovolani,21,7.666666666666667,0.14285714285714285,TV Personality,New York,United States,46,45-54,Eliminated Week 7,7,21.0,10,12,0.7777777777777778,0.5,-0.2777777777777778,1,0.1,0.0,7,0.5833333333333334
18,2,NeNe Leakes,Tony Dovolani,21,7.666666666666667,0.14285714285714285,TV Personality,New York,United States,46,45-54,Eliminated Week 7,7,21.0,10,11,0.84,0.4545454545454546,-0.3854545454545454,2,0.2,0.0,7,0.6363636363636364
18,3,NeNe Leakes,Tony Dovolani,21,7.666666666666667,0.14285714285714285,TV Personality,New York,United States,46,45-54,Eliminated Week 7,7,31.0,10,9,0.7948717948717948,0.2222222222222222,-0.5726495726495726,3,0.3,0.0,8,0.8888888888888888
18,4,NeNe Leakes,Tony Dovolani,21,7.666666666666667,0.14285714285714285,TV Personality,New York,United States,46,45-54,Eliminated Week 7,7,32.0,10,9,0.8205128205128205,0.4444444444444444,-0.37606837606837606,4,0.4,0.0,6,0.6666666666666666
18,5,NeNe Leakes,Tony Dovolani,21,7.666666666666667,0.14285714285714285,TV Personality,New York,United States,46,45-54,Eliminated Week 7,7,36.0,10,9,0.9,0.5555555555555556,-0.34444444444444444,5,0.5,0.0,5,0.5555555555555556
18,6,NeNe Leakes,Tony Dovolani,21,7.666666666666667,0.14285714285714285,TV Personality,New York,United States,46,45-54,Eliminated Week 7,7,33.0,10,8,0.825,0.375,-0.44999999999999996,6,0.6,0.0,6,0.75
18,7,NeNe Leakes,Tony Dovolani,21,7.666666666666667,0.14285714285714285,TV Personality,New York,United States,46,45-54,Eliminated Week 7,7,33.0,10,7,0.8461538461538461,0.1428571428571429,-0.7032967032967032,7,0.7,0.0,7,1.0
18,1,Sean Avery,Karina Smirnoff,18,6.722222222222222,0.2222222222222222,Athlete,Unknown,Canada,33,25-34,Eliminated Week 2,11,20.0,10,12,0.7407407407407407,0.25,-0.4907407407407407,1,0.1,0.0,10,0.8333333333333334
18,2,Sean Avery,Karina Smirnoff,18,6.722222222222222,0.2222222222222222,Athlete,Unknown,Canada,33,25-34,Eliminated Week 2,11,21.0,10,11,0.84,0.4545454545454546,-0.3854545454545454,2,0.2,0.0,7,0.6363636363636364
19,1,Alfonso Ribeiro,Witney Carson,14,5.5,0.35714285714285715,Actor/Actress,New York,United States,42,35-44,1st Place,1,36.0,11,13,1.0,1.0,0.0,1,0.09090909090909091,0.0,1,0.07692307692307693
19,2,Alfonso Ribeiro,Witney Carson,14,5.5,0.35714285714285715,Actor/Actress,New York,United States,42,35-44,1st Place,1,32.0,11,12,0.9142857142857143,0.75,-0.16428571428571426,2,0.18181818181818182,0.0,4,0.3333333333333333
19,3,Alfonso Ribeiro,Witney Carson,14,5.5,0.35714285714285715,Actor/Actress,New York,United States,42,35-44,1st Place,1,32.0,11,11,0.8,0.7272727272727273,-0.07272727272727275,3,0.2727272727272727,0.0,4,0.36363636363636365
19,4,Alfonso Ribeiro,Witney Carson,14,5.5,0.35714285714285715,Actor/Actress,New York,United States,42,35-44,1st Place,1,40.0,11,10,1.0,1.0,0.0,4,0.36363636363636365,0.0,1,0.1
19,5,Alfonso Ribeiro,Witney Carson,14,5.5,0.35714285714285715,Actor/Actress,New York,United States,42,35-44,1st Place,1,34.0,11,9,0.9444444444444444,0.8888888888888888,-0.05555555555555558,5,0.45454545454545453,0.0,2,0.2222222222222222
19,6,Alfonso Ribeiro,Witney Carson,14,5.5,0.35714285714285715,Actor/Actress,New York,United States,42,35-44,1st Place,1,39.0,11,9,1.0,1.0,0.0,6,0.5454545454545454,0.0,1,0.1111111111111111
19,7,Alfonso Ribeiro,Witney Carson,14,5.5,0.35714285714285715,Actor/Actress,New York,United States,42,35-44,1st Place,1,34.0,11,8,0.9066666666666666,0.75,-0.15666666666666662,7,0.6363636363636364,0.0,3,0.375
19,8,Alfonso Ribeiro,Witney Carson,14,5.5,0.35714285714285715,Actor/Actress,New York,United States,42,35-44,1st Place,1,41.0,11,7,0.9534883720930233,0.8571428571428572,-0.09634551495016608,8,0.7272727272727273,0.0,2,0.2857142857142857
19,9,Alfonso Ribeiro,Witney Carson,14,5.5,0.35714285714285715,Actor/Actress,New York,United States,42,35-44,1st Place,1,38.5,11,6,1.0,1.0,0.0,9,0.8181818181818182,0.0,1,0.16666666666666666
19,10,Alfonso Ribeiro,Witney Carson,14,5.5,0.35714285714285715,Actor/Actress,New York,United States,42,35-44,1st Place,1,37.5,11,5,0.9615384615384616,0.6,-0.3615384615384616,10,0.9090909090909091,0.0,3,0.6
19,11,Alfonso Ribeiro,Witney Carson,14,5.5,0.35714285714285715,Actor/Actress,New York,United States,42,35-44,1st Place,1,40.0,11,4,1.0,1.0,0.0,11,1.0,0.0,1,0.25
19,1,Antonio Sabato Jr.,Cheryl Burke,25,5.8,0.32,Actor/Actress,Unknown,Italy,42,35-44,Eliminated Week 7,8,25.0,11,13,0.6944444444444444,0.3076923076923077,-0.3867521367521367,1,0.09090909090909091,0.0,10,0.7692307692307693
19,2,Antonio Sabato Jr.,Cheryl Burke,25,5.8,0.32,Actor/Actress,Unknown,Italy,42,35-44,Eliminated Week 7,8,31.0,11,12,0.8857142857142857,0.6666666666666667,-0.21904761904761894,2,0.18181818181818182,0.0,5,0.4166666666666667
19,3,Antonio Sabato Jr.,Cheryl Burke,25,5.8,0.32,Actor/Actress,Unknown,Italy,42,35-44,Eliminated Week 7,8,29.0,11,11,0.725,0.36363636363636365,-0.36136363636363633,3,0.2727272727272727,0.0,8,0.7272727272727273
19,4,Antonio Sabato Jr.,Cheryl Burke,25,5.8,0.32,Actor/Actress,Unknown,Italy,42,35-44,Eliminated Week 7,8,29.0,11,10,0.725,0.5,-0.22499999999999998,4,0.36363636363636365,0.0,6,0.6
19,5,Antonio Sabato Jr.,Cheryl Burke,25,5.8,0.32,Actor/Actress,Unknown,Italy,42,35-44,Eliminated Week 7,8,28.0,11,9,0.7777777777777778,0.4444444444444444,-0.33333333333333337,5,0.45454545454545453,0.0,6,0.6666666666666666
19,6,Antonio Sabato Jr.,Cheryl Burke,25,5.8,0.32,Actor/Actress,Unknown,Italy,42,35-44,Eliminated Week 7,8,28.0,11,9,0.717948717948718,0.2222222222222222,-0.49572649572649574,6,0.5454545454545454,0.0,8,0.8888888888888888
19,7,Antonio Sabato Jr.,Cheryl Burke,25,5.8,0.32,Actor/Actress,Unknown,Italy,42,35-44,Eliminated Week 7,8,29.5,11,8,0.7866666666666666,0.25,-0.5366666666666666,7,0.6363636363636364,0.0,7,0.875
19,1,Bethany Mota,Derek Hough,17,2.9411764705882355,0.5294117647058824,Social Media Personality,California,United States,18,<25,Eliminated Week 11,4,32.0,11,13,0.8888888888888888,0.8461538461538461,-0.042735042735042694,1,0.09090909090909091,0.0,3,0.23076923076923078
19,2,Bethany Mota,Derek Hough,17,2.9411764705882355,0.5294117647058824,Social Media Personality,California,United States,18,<25,Eliminated Week 11,4,33.0,11,12,0.9428571428571428,0.8333333333333334,-0.10952380952380947,2,0.18181818181818182,0.0,3,0.25
19,3,Bethany Mota,Derek Hough,17,2.9411764705882355,0.5294117647058824,Social Media Personality,California,United States,18,<25,Eliminated Week 11,4,40.0,11,11,1.0,1.0,0.0,3,0.2727272727272727,0.0,1,0.09090909090909091
19,4,Bethany Mota,Derek Hough,17,2.9411764705882355,0.5294117647058824,Social Media Personality,California,United States,18,<25,Eliminated Week 11,4,33.0,11,10,0.825,0.6,-0.22499999999999998,4,0.36363636363636365,0.0,5,0.5
19,5,Bethany Mota,Derek Hough,17,2.9411764705882355,0.5294117647058824,Social Media Personality,California,United States,18,<25,Eliminated Week 11,4,32.0,11,9,0.8888888888888888,0.5555555555555556,-0.33333333333333326,5,0.45454545454545453,0.0,5,0.5555555555555556
19,6,Bethany Mota,Derek Hough,17,2.9411764705882355,0.5294117647058824,Social Media Personality,California,United States,18,<25,Eliminated Week 11,4,36.0,11,9,0.9230769230769231,0.8888888888888888,-0.03418803418803429,6,0.5454545454545454,0.0,2,0.2222222222222222
19,7,Bethany Mota,Derek Hough,17,2.9411764705882355,0.5294117647058824,Social Media Personality,California,United States,18,<25,Eliminated Week 11,4,37.5,11,8,1.0,1.0,0.0,7,0.6363636363636364,0.0,1,0.125
19,8,Bethany Mota,Derek Hough,17,2.9411764705882355,0.5294117647058824,Social Media Personality,California,United States,18,<25,Eliminated Week 11,4,40.0,11,7,0.9302325581395349,0.7142857142857143,-0.21594684385382057,8,0.7272727272727273,0.0,3,0.42857142857142855
19,9,Bethany Mota,Derek Hough,17,2.9411764705882355,0.5294117647058824,Social Media Personality,California,United States,18,<25,Eliminated Week 11,4,37.0,11,6,0.961038961038961,0.6666666666666667,-0.2943722943722943,9,0.8181818181818182,0.0,3,0.5
19,10,Bethany Mota,Derek Hough,17,2.9411764705882355,0.5294117647058824,Social Media Personality,California,United States,18,<25,Eliminated Week 11,4,38.0,11,5,0.9743589743589743,0.8,-0.1743589743589743,10,0.9090909090909091,0.0,2,0.4
19,11,Bethany Mota,Derek Hough,17,2.9411764705882355,0.5294117647058824,Social Media Personality,California,United States,18,<25,Eliminated Week 11,4,38.0,11,4,0.95,0.25,-0.7,11,1.0,0.0,4,1.0
19,1,Betsey Johnson,Tony Dovolani,21,7.666666666666667,0.14285714285714285,Fashion Designer,Connecticut,United States,72,65+,Eliminated Week 4,10,20.0,11,13,0.5555555555555556,0.07692307692307687,-0.4786324786324787,1,0.09090909090909091,0.0,13,1.0
19,2,Betsey Johnson,Tony Dovolani,21,7.666666666666667,0.14285714285714285,Fashion Designer,Connecticut,United States,72,65+,Eliminated Week 4,10,28.0,11,12,0.8,0.41666666666666663,-0.3833333333333334,2,0.18181818181818182,0.0,8,0.6666666666666666
19,3,Betsey Johnson,Tony Dovolani,21,7.666666666666667,0.14285714285714285,Fashion Designer,Connecticut,United States,72,65+,Eliminated Week 4,10,29.0,11,11,0.725,0.36363636363636365,-0.36136363636363633,3,0.2727272727272727,0.0,8,0.7272727272727273
19,4,Betsey Johnson,Tony Dovolani,21,7.666666666666667,0.14285714285714285,Fashion Designer,Connecticut,United States,72,65+,Eliminated Week 4,10,29.0,11,10,0.725,0.5,-0.22499999999999998,4,0.36363636363636365,0.0,6,0.6
19,1,Janel Parrish,Valentin Chmerkovskiy,19,5.2631578947368425,0.47368421052631576,Actor/Actress,Hawaii,United States,25,25-34,3rd Place,3,29.0,11,13,0.8055555555555556,0.5384615384615384,-0.26709401709401714,1,0.09090909090909091,0.0,7,0.5384615384615384
19,2,Janel Parrish,Valentin Chmerkovskiy,19,5.2631578947368425,0.47368421052631576,Actor/Actress,Hawaii,United States,25,25-34,3rd Place,3,34.0,11,12,0.9714285714285714,0.9166666666666666,-0.05476190476190479,2,0.18181818181818182,0.0,2,0.16666666666666666
19,3,Janel Parrish,Valentin Chmerkovskiy,19,5.2631578947368425,0.47368421052631576,Actor/Actress,Hawaii,United States,25,25-34,3rd Place,3,40.0,11,11,1.0,1.0,0.0,3,0.2727272727272727,0.0,1,0.09090909090909091
19,4,Janel Parrish,Valentin Chmerkovskiy,19,5.2631578947368425,0.47368421052631576,Actor/Actress,Hawaii,United States,25,25-34,3rd Place,3,36.0,11,10,0.9,0.7,-0.20000000000000007,4,0.36363636363636365,0.0,4,0.4
19,5,Janel Parrish,Valentin Chmerkovskiy,19,5.2631578947368425,0.47368421052631576,Actor/Actress,Hawaii,United States,25,25-34,3rd Place,3,33.0,11,9,0.9166666666666666,0.6666666666666667,-0.2499999999999999,5,0.45454545454545453,0.0,4,0.4444444444444444
19,6,Janel Parrish,Valentin Chmerkovskiy,19,5.2631578947368425,0.47368421052631576,Actor/Actress,Hawaii,United States,25,25-34,3rd Place,3,33.0,11,9,0.8461538461538461,0.6666666666666667,-0.1794871794871794,6,0.5454545454545454,0.0,4,0.4444444444444444
19,7,Janel Parrish,Valentin Chmerkovskiy,19,5.2631578947368425,0.47368421052631576,Actor/Actress,Hawaii,United States,25,25-34,3rd Place,3,33.5,11,8,0.8933333333333333,0.625,-0.2683333333333333,7,0.6363636363636364,0.0,4,0.5
19,8,Janel Parrish,Valentin Chmerkovskiy,19,5.2631578947368425,0.47368421052631576,Actor/Actress,Hawaii,United States,25,25-34,3rd Place,3,43.0,11,7,1.0,1.0,0.0,8,0.7272727272727273,0.0,1,0.14285714285714285
19,9,Janel Parrish,Valentin Chmerkovskiy,19,5.2631578947368425,0.47368421052631576,Actor/Actress,Hawaii,United States,25,25-34,3rd Place,3,38.5,11,6,1.0,1.0,0.0,9,0.8181818181818182,0.0,1,0.16666666666666666
19,10,Janel Parrish,Valentin Chmerkovskiy,19,5.2631578947368425,0.47368421052631576,Actor/Actress,Hawaii,United States,25,25-34,3rd Place,3,39.0,11,5,1.0,1.0,0.0,10,0.9090909090909091,0.0,1,0.2
19,11,Janel Parrish,Valentin Chmerkovskiy,19,5.2631578947368425,0.47368421052631576,Actor/Actress,Hawaii,United States,25,25-34,3rd Place,3,38.99980000000001,11,4,0.9749950000000002,0.5,-0.47499500000000017,11,1.0,0.0,3,0.75
19,1,Jonathan Bennett,Allison Holker,4,7.25,0.25,Actor/Actress,Ohio,United States,33,25-34,Eliminated Week 6,9,30.0,11,13,0.8333333333333334,0.6153846153846154,-0.21794871794871795,1,0.09090909090909091,0.0,6,0.46153846153846156
19,2,Jonathan Bennett,Allison Holker,4,7.25,0.25,Actor/Actress,Ohio,United States,33,25-34,Eliminated Week 6,9,30.0,11,12,0.8571428571428571,0.5,-0.3571428571428571,2,0.18181818181818182,0.0,7,0.5833333333333334
19,3,Jonathan Bennett,Allison Holker,4,7.25,0.25,Actor/Actress,Ohio,United States,33,25-34,Eliminated Week 6,9,32.0,11,11,0.8,0.7272727272727273,-0.07272727272727275,3,0.2727272727272727,0.0,4,0.36363636363636365
19,4,Jonathan Bennett,Allison Holker,4,7.25,0.25,Actor/Actress,Ohio,United States,33,25-34,Eliminated Week 6,9,24.0,11,10,0.6,0.09999999999999998,-0.5,4,0.36363636363636365,0.0,10,1.0
19,5,Jonathan Bennett,Allison Holker,4,7.25,0.25,Actor/Actress,Ohio,United States,33,25-34,Eliminated Week 6,9,24.0,11,9,0.6666666666666666,0.33333333333333337,-0.33333333333333326,5,0.45454545454545453,0.0,7,0.7777777777777778
19,6,Jonathan Bennett,Allison Holker,4,7.25,0.25,Actor/Actress,Ohio,United States,33,25-34,Eliminated Week 6,9,32.0,11,9,0.8205128205128205,0.5555555555555556,-0.2649572649572649,6,0.5454545454545454,0.0,5,0.5555555555555556
19,1,Lea Thompson,Artem Chigvintsev,12,7.416666666666667,0.08333333333333333,Actor/Actress,Minnesota,United States,53,45-54,Eliminated Week 9,6,32.0,11,13,0.8888888888888888,0.8461538461538461,-0.042735042735042694,1,0.09090909090909091,0.0,3,0.23076923076923078
19,2,Lea Thompson,Artem Chigvintsev,12,7.416666666666667,0.08333333333333333,Actor/Actress,Minnesota,United States,53,45-54,Eliminated Week 9,6,35.0,11,12,1.0,1.0,0.0,2,0.18181818181818182,0.0,1,0.08333333333333333
19,3,Lea Thompson,Artem Chigvintsev,12,7.416666666666667,0.08333333333333333,Actor/Actress,Minnesota,United States,53,45-54,Eliminated Week 9,6,31.0,11,11,0.775,0.4545454545454546,-0.32045454545454544,3,0.2727272727272727,0.0,7,0.6363636363636364
19,4,Lea Thompson,Artem Chigvintsev,12,7.416666666666667,0.08333333333333333,Actor/Actress,Minnesota,United States,53,45-54,Eliminated Week 9,6,39.0,11,10,0.975,0.9,-0.07499999999999996,4,0.36363636363636365,0.0,2,0.2
19,5,Lea Thompson,Artem Chigvintsev,12,7.416666666666667,0.08333333333333333,Actor/Actress,Minnesota,United States,53,45-54,Eliminated Week 9,6,34.0,11,9,0.9444444444444444,0.8888888888888888,-0.05555555555555558,5,0.45454545454545453,0.0,2,0.2222222222222222
19,6,Lea Thompson,Artem Chigvintsev,12,7.416666666666667,0.08333333333333333,Actor/Actress,Minnesota,United States,53,45-54,Eliminated Week 9,6,32.0,11,9,0.8205128205128205,0.5555555555555556,-0.2649572649572649,6,0.5454545454545454,0.0,5,0.5555555555555556
19,7,Lea Thompson,Artem Chigvintsev,12,7.416666666666667,0.08333333333333333,Actor/Actress,Minnesota,United States,53,45-54,Eliminated Week 9,6,35.0,11,8,0.9333333333333333,0.875,-0.05833333333333335,7,0.6363636363636364,0.0,2,0.25
19,8,Lea Thompson,Artem Chigvintsev,12,7.416666666666667,0.08333333333333333,Actor/Actress,Minnesota,United States,53,45-54,Eliminated Week 9,6,32.0,11,7,0.7441860465116279,0.4285714285714286,-0.3156146179401993,8,0.7272727272727273,0.0,5,0.7142857142857143
19,9,Lea Thompson,Artem Chigvintsev,12,7.416666666666667,0.08333333333333333,Actor/Actress,Minnesota,United States,53,45-54,Eliminated Week 9,6,35.0,11,6,0.9090909090909091,0.33333333333333337,-0.5757575757575757,9,0.8181818181818182,0.0,5,0.8333333333333334
19,1,Lolo Jones,Keo Motsepe,9,9.88888888888889,0.1111111111111111,Athlete,Iowa,United States,32,25-34,Eliminated Week 1,13,22.0,11,13,0.6111111111111112,0.15384615384615385,-0.4572649572649573,1,0.09090909090909091,0.0,12,0.9230769230769231
19,1,Michael Waltrip,Emma Slater,16,7.9375,0.0625,Racing Driver,Kentucky,United States,51,45-54,Eliminated Week 8,7,25.0,11,13,0.6944444444444444,0.3076923076923077,-0.3867521367521367,1,0.09090909090909091,0.0,10,0.7692307692307693
19,2,Michael Waltrip,Emma Slater,16,7.9375,0.0625,Racing Driver,Kentucky,United States,51,45-54,Eliminated Week 8,7,24.0,11,12,0.6857142857142857,0.08333333333333337,-0.6023809523809524,2,0.18181818181818182,0.0,12,1.0
19,3,Michael Waltrip,Emma Slater,16,7.9375,0.0625,Racing Driver,Kentucky,United States,51,45-54,Eliminated Week 8,7,28.0,11,11,0.7,0.18181818181818177,-0.5181818181818182,3,0.2727272727272727,0.0,10,0.9090909090909091
19,4,Michael Waltrip,Emma Slater,16,7.9375,0.0625,Racing Driver,Kentucky,United States,51,45-54,Eliminated Week 8,7,25.0,11,10,0.625,0.19999999999999996,-0.42500000000000004,4,0.36363636363636365,0.0,9,0.9
19,5,Michael Waltrip,Emma Slater,16,7.9375,0.0625,Racing Driver,Kentucky,United States,51,45-54,Eliminated Week 8,7,20.0,11,9,0.5555555555555556,0.11111111111111116,-0.4444444444444444,5,0.45454545454545453,0.0,9,1.0
19,6,Michael Waltrip,Emma Slater,16,7.9375,0.0625,Racing Driver,Kentucky,United States,51,45-54,Eliminated Week 8,7,30.0,11,9,0.7692307692307693,0.33333333333333337,-0.4358974358974359,6,0.5454545454545454,0.0,7,0.7777777777777778
19,7,Michael Waltrip,Emma Slater,16,7.9375,0.0625,Racing Driver,Kentucky,United States,51,45-54,Eliminated Week 8,7,28.0,11,8,0.7466666666666667,0.125,-0.6216666666666667,7,0.6363636363636364,0.0,8,1.0
19,8,Michael Waltrip,Emma Slater,16,7.9375,0.0625,Racing Driver,Kentucky,United States,51,45-54,Eliminated Week 8,7,25.0,11,7,0.5813953488372093,0.1428571428571429,-0.43853820598006643,8,0.7272727272727273,0.0,7,1.0
19,1,Randy Couture,Karina Smirnoff,18,6.722222222222222,0.2222222222222222,Athlete,Washington,United States,51,45-54,Eliminated Week 3,11,31.0,11,13,0.8611111111111112,0.6923076923076923,-0.16880341880341887,1,0.09090909090909091,0.0,5,0.38461538461538464
19,2,Randy Couture,Karina Smirnoff,18,6.722222222222222,0.2222222222222222,Athlete,Washington,United States,51,45-54,Eliminated Week 3,11,28.0,11,12,0.8,0.41666666666666663,-0.3833333333333334,2,0.18181818181818182,0.0,8,0.6666666666666666
19,3,Randy Couture,Karina Smirnoff,18,6.722222222222222,0.2222222222222222,Athlete,Washington,United States,51,45-54,Eliminated Week 3,11,26.0,11,11,0.65,0.09090909090909094,-0.5590909090909091,3,0.2727272727272727,0.0,11,1.0
19,1,Sadie Robertson,Mark Ballas,21,5.190476190476191,0.47619047619047616,TV Personality,Louisiana,United States,17,<25,2nd Place,2,34.0,11,13,0.9444444444444444,0.9230769230769231,-0.02136752136752129,1,0.09090909090909091,0.0,2,0.15384615384615385
19,2,Sadie Robertson,Mark Ballas,21,5.190476190476191,0.47619047619047616,TV Personality,Louisiana,United States,17,<25,2nd Place,2,31.0,11,12,0.8857142857142857,0.6666666666666667,-0.21904761904761894,2,0.18181818181818182,0.0,5,0.4166666666666667
19,3,Sadie Robertson,Mark Ballas,21,5.190476190476191,0.47619047619047616,TV Personality,Louisiana,United States,17,<25,2nd Place,2,32.0,11,11,0.8,0.7272727272727273,-0.07272727272727275,3,0.2727272727272727,0.0,4,0.36363636363636365
19,4,Sadie Robertson,Mark Ballas,21,5.190476190476191,0.47619047619047616,TV Personality,Louisiana,United States,17,<25,2nd Place,2,37.0,11,10,0.925,0.8,-0.125,4,0.36363636363636365,0.0,3,0.3
19,5,Sadie Robertson,Mark Ballas,21,5.190476190476191,0.47619047619047616,TV Personality,Louisiana,United States,17,<25,2nd Place,2,36.0,11,9,1.0,1.0,0.0,5,0.45454545454545453,0.0,1,0.1111111111111111
19,6,Sadie Robertson,Mark Ballas,21,5.190476190476191,0.47619047619047616,TV Personality,Louisiana,United States,17,<25,2nd Place,2,35.0,11,9,0.8974358974358975,0.7777777777777778,-0.11965811965811968,6,0.5454545454545454,0.0,3,0.3333333333333333
19,7,Sadie Robertson,Mark Ballas,21,5.190476190476191,0.47619047619047616,TV Personality,Louisiana,United States,17,<25,2nd Place,2,31.0,11,8,0.8266666666666667,0.5,-0.32666666666666666,7,0.6363636363636364,0.0,5,0.625
19,8,Sadie Robertson,Mark Ballas,21,5.190476190476191,0.47619047619047616,TV Personality,Louisiana,United States,17,<25,2nd Place,2,38.0,11,7,0.8837209302325582,0.5714285714285714,-0.31229235880398676,8,0.7272727272727273,0.0,4,0.5714285714285714
19,9,Sadie Robertson,Mark Ballas,21,5.190476190476191,0.47619047619047616,TV Personality,Louisiana,United States,17,<25,2nd Place,2,36.5,11,6,0.948051948051948,0.5,-0.44805194805194803,9,0.8181818181818182,0.0,4,0.6666666666666666
19,10,Sadie Robertson,Mark Ballas,21,5.190476190476191,0.47619047619047616,TV Personality,Louisiana,United States,17,<25,2nd Place,2,37.0,11,5,0.9487179487179487,0.4,-0.5487179487179487,10,0.9090909090909091,0.0,4,0.8
19,11,Sadie Robertson,Mark Ballas,21,5.190476190476191,0.47619047619047616,TV Personality,Louisiana,United States,17,<25,2nd Place,2,39.333200000000005,11,4,0.9833300000000001,0.75,-0.23333000000000015,11,1.0,0.0,2,0.5
19,1,Tavis Smiley,Sharna Burgess,14,6.571428571428571,0.35714285714285715,Radio Personality,Mississippi,United States,50,45-54,Eliminated Week 2,12,29.0,11,13,0.8055555555555556,0.5384615384615384,-0.26709401709401714,1,0.09090909090909091,0.0,7,0.5384615384615384
19,2,Tavis Smiley,Sharna Burgess,14,6.571428571428571,0.35714285714285715,Radio Personality,Mississippi,United States,50,45-54,Eliminated Week 2,12,28.0,11,12,0.8,0.41666666666666663,-0.3833333333333334,2,0.18181818181818182,0.0,8,0.6666666666666666
19,1,Tommy Chong,Peta Murgatroyd,15,7.4,0.13333333333333333,Comedian,Unknown,Canada,76,65+,Eliminated Week 10,5,27.0,11,13,0.75,0.3846153846153846,-0.3653846153846154,1,0.09090909090909091,0.0,9,0.6923076923076923
19,2,Tommy Chong,Peta Murgatroyd,15,7.4,0.13333333333333333,Comedian,Unknown,Canada,76,65+,Eliminated Week 10,5,28.0,11,12,0.8,0.41666666666666663,-0.3833333333333334,2,0.18181818181818182,0.0,8,0.6666666666666666
19,3,Tommy Chong,Peta Murgatroyd,15,7.4,0.13333333333333333,Comedian,Unknown,Canada,76,65+,Eliminated Week 10,5,34.0,11,11,0.85,0.8181818181818181,-0.03181818181818186,3,0.2727272727272727,0.0,3,0.2727272727272727
19,4,Tommy Chong,Peta Murgatroyd,15,7.4,0.13333333333333333,Comedian,Unknown,Canada,76,65+,Eliminated Week 10,5,28.0,11,10,0.7,0.30000000000000004,-0.3999999999999999,4,0.36363636363636365,0.0,8,0.8
19,5,Tommy Chong,Peta Murgatroyd,15,7.4,0.13333333333333333,Comedian,Unknown,Canada,76,65+,Eliminated Week 10,5,23.0,11,9,0.6388888888888888,0.2222222222222222,-0.41666666666666663,5,0.45454545454545453,0.0,8,0.8888888888888888
19,6,Tommy Chong,Peta Murgatroyd,15,7.4,0.13333333333333333,Comedian,Unknown,Canada,76,65+,Eliminated Week 10,5,28.0,11,9,0.717948717948718,0.2222222222222222,-0.49572649572649574,6,0.5454545454545454,0.0,8,0.8888888888888888
19,7,Tommy Chong,Peta Murgatroyd,15,7.4,0.13333333333333333,Comedian,Unknown,Canada,76,65+,Eliminated Week 10,5,30.0,11,8,0.8,0.375,-0.42500000000000004,7,0.6363636363636364,0.0,6,0.75
19,8,Tommy Chong,Peta Murgatroyd,15,7.4,0.13333333333333333,Comedian,Unknown,Canada,76,65+,Eliminated Week 10,5,29.0,11,7,0.6744186046511628,0.2857142857142857,-0.38870431893687707,8,0.7272727272727273,0.0,6,0.8571428571428571
19,9,Tommy Chong,Peta Murgatroyd,15,7.4,0.13333333333333333,Comedian,Unknown,Canada,76,65+,Eliminated Week 10,5,28.5,11,6,0.7402597402597403,0.16666666666666663,-0.5735930735930737,9,0.8181818181818182,0.0,6,1.0
19,10,Tommy Chong,Peta Murgatroyd,15,7.4,0.13333333333333333,Comedian,Unknown,Canada,76,65+,Eliminated Week 10,5,31.0,11,5,0.7948717948717948,0.19999999999999996,-0.5948717948717949,10,0.9090909090909091,0.0,5,1.0
20,1,Charlotte McKinney,Keo Motsepe,9,9.88888888888889,0.1111111111111111,Model,Florida,United States,21,<25,Eliminated Week 3,11,22.0,10,12,0.6875,0.16666666666666663,-0.5208333333333334,1,0.1,0.0,11,0.9166666666666666
20,2,Charlotte McKinney,Keo Motsepe,9,9.88888888888889,0.1111111111111111,Model,Florida,United States,21,<25,Eliminated Week 3,11,26.0,10,12,0.7647058823529411,0.16666666666666663,-0.5980392156862745,2,0.2,0.0,11,0.9166666666666666
20,3,Charlotte McKinney,Keo Motsepe,9,9.88888888888889,0.1111111111111111,Model,Florida,United States,21,<25,Eliminated Week 3,11,22.0,10,11,0.6470588235294118,0.18181818181818177,-0.46524064171123003,3,0.3,0.0,10,0.9090909090909091
20,1,Chris Soules,Witney Carson,14,5.5,0.35714285714285715,TV Personality,Iowa,United States,33,25-34,Eliminated Week 8,5,26.0,10,12,0.8125,0.6666666666666667,-0.14583333333333326,1,0.1,0.0,5,0.4166666666666667
20,2,Chris Soules,Witney Carson,14,5.5,0.35714285714285715,TV Personality,Iowa,United States,33,25-34,Eliminated Week 8,5,21.0,10,12,0.6176470588235294,0.08333333333333337,-0.5343137254901961,2,0.2,0.0,12,1.0
20,3,Chris Soules,Witney Carson,14,5.5,0.35714285714285715,TV Personality,Iowa,United States,33,25-34,Eliminated Week 8,5,28.0,10,11,0.8235294117647058,0.4545454545454546,-0.36898395721925126,3,0.3,0.0,7,0.6363636363636364
20,4,Chris Soules,Witney Carson,14,5.5,0.35714285714285715,TV Personality,Iowa,United States,33,25-34,Eliminated Week 8,5,27.0,10,10,0.6923076923076923,0.09999999999999998,-0.5923076923076923,4,0.4,0.0,10,1.0
20,5,Chris Soules,Witney Carson,14,5.5,0.35714285714285715,TV Personality,Iowa,United States,33,25-34,Eliminated Week 8,5,27.0,10,9,0.6923076923076923,0.33333333333333337,-0.3589743589743589,5,0.5,0.0,7,0.7777777777777778
20,6,Chris Soules,Witney Carson,14,5.5,0.35714285714285715,TV Personality,Iowa,United States,33,25-34,Eliminated Week 8,5,35.0,10,8,0.9210526315789473,0.5,-0.42105263157894735,6,0.6,0.0,5,0.625
20,7,Chris Soules,Witney Carson,14,5.5,0.35714285714285715,TV Personality,Iowa,United States,33,25-34,Eliminated Week 8,5,31.0,10,7,0.7560975609756098,0.2857142857142857,-0.47038327526132406,7,0.7,0.0,6,0.8571428571428571
20,8,Chris Soules,Witney Carson,14,5.5,0.35714285714285715,TV Personality,Iowa,United States,33,25-34,Eliminated Week 8,5,32.0,10,6,0.8,0.5,-0.30000000000000004,8,0.8,0.0,4,0.6666666666666666
20,1,Michael Sam,Peta Murgatroyd,15,7.4,0.13333333333333333,Athlete,Texas,United States,25,25-34,Eliminated Week 4,10,26.0,10,12,0.8125,0.6666666666666667,-0.14583333333333326,1,0.1,0.0,5,0.4166666666666667
20,2,Michael Sam,Peta Murgatroyd,15,7.4,0.13333333333333333,Athlete,Texas,United States,25,25-34,Eliminated Week 4,10,28.0,10,12,0.8235294117647058,0.5833333333333333,-0.24019607843137258,2,0.2,0.0,6,0.5
20,3,Michael Sam,Peta Murgatroyd,15,7.4,0.13333333333333333,Athlete,Texas,United States,25,25-34,Eliminated Week 4,10,24.0,10,11,0.7058823529411765,0.2727272727272727,-0.4331550802139038,3,0.3,0.0,9,0.8181818181818182
20,4,Michael Sam,Peta Murgatroyd,15,7.4,0.13333333333333333,Athlete,Texas,United States,25,25-34,Eliminated Week 4,10,30.0,10,10,0.7692307692307693,0.4,-0.36923076923076925,4,0.4,0.0,7,0.7
20,1,Nastia Liukin,Derek Hough,17,2.9411764705882355,0.5294117647058824,Athlete,Unknown,Russia,25,25-34,Eliminated Week 9,4,30.0,10,12,0.9375,0.8333333333333334,-0.10416666666666663,1,0.1,0.0,3,0.25
20,2,Nastia Liukin,Derek Hough,17,2.9411764705882355,0.5294117647058824,Athlete,Unknown,Russia,25,25-34,Eliminated Week 9,4,34.0,10,12,1.0,1.0,0.0,2,0.2,0.0,1,0.08333333333333333
20,3,Nastia Liukin,Derek Hough,17,2.9411764705882355,0.5294117647058824,Athlete,Unknown,Russia,25,25-34,Eliminated Week 9,4,34.0,10,11,1.0,1.0,0.0,3,0.3,0.0,1,0.09090909090909091
20,4,Nastia Liukin,Derek Hough,17,2.9411764705882355,0.5294117647058824,Athlete,Unknown,Russia,25,25-34,Eliminated Week 9,4,36.0,10,10,0.9230769230769231,0.9,-0.023076923076923106,4,0.4,0.0,2,0.2
20,5,Nastia Liukin,Derek Hough,17,2.9411764705882355,0.5294117647058824,Athlete,Unknown,Russia,25,25-34,Eliminated Week 9,4,38.0,10,9,0.9743589743589743,0.8888888888888888,-0.0854700854700855,5,0.5,0.0,2,0.2222222222222222
20,6,Nastia Liukin,Derek Hough,17,2.9411764705882355,0.5294117647058824,Athlete,Unknown,Russia,25,25-34,Eliminated Week 9,4,36.5,10,8,0.9605263157894737,0.875,-0.08552631578947367,6,0.6,0.0,2,0.25
20,7,Nastia Liukin,Derek Hough,17,2.9411764705882355,0.5294117647058824,Athlete,Unknown,Russia,25,25-34,Eliminated Week 9,4,41.0,10,7,1.0,1.0,0.0,7,0.7,0.0,1,0.14285714285714285
20,8,Nastia Liukin,Derek Hough,17,2.9411764705882355,0.5294117647058824,Athlete,Unknown,Russia,25,25-34,Eliminated Week 9,4,38.0,10,6,0.95,0.6666666666666667,-0.2833333333333332,8,0.8,0.0,3,0.5
20,9,Nastia Liukin,Derek Hough,17,2.9411764705882355,0.5294117647058824,Athlete,Unknown,Russia,25,25-34,Eliminated Week 9,4,40.0,10,4,1.0,1.0,0.0,9,0.9,0.0,1,0.25
20,1,Noah Galloway,Sharna Burgess,14,6.571428571428571,0.35714285714285715,Motivational Speaker,Alabama,United States,33,25-34,3rd Place,3,26.0,10,12,0.8125,0.6666666666666667,-0.14583333333333326,1,0.1,0.0,5,0.4166666666666667
20,2,Noah Galloway,Sharna Burgess,14,6.571428571428571,0.35714285714285715,Motivational Speaker,Alabama,United States,33,25-34,3rd Place,3,27.0,10,12,0.7941176470588235,0.25,-0.5441176470588235,2,0.2,0.0,10,0.8333333333333334
20,3,Noah Galloway,Sharna Burgess,14,6.571428571428571,0.35714285714285715,Motivational Speaker,Alabama,United States,33,25-34,3rd Place,3,30.0,10,11,0.8823529411764706,0.6363636363636364,-0.2459893048128342,3,0.3,0.0,5,0.45454545454545453
20,4,Noah Galloway,Sharna Burgess,14,6.571428571428571,0.35714285714285715,Motivational Speaker,Alabama,United States,33,25-34,3rd Place,3,32.0,10,10,0.8205128205128205,0.5,-0.3205128205128205,4,0.4,0.0,6,0.6
20,5,Noah Galloway,Sharna Burgess,14,6.571428571428571,0.35714285714285715,Motivational Speaker,Alabama,United States,33,25-34,3rd Place,3,28.0,10,9,0.717948717948718,0.5555555555555556,-0.16239316239316237,5,0.5,0.0,5,0.5555555555555556
20,6,Noah Galloway,Sharna Burgess,14,6.571428571428571,0.35714285714285715,Motivational Speaker,Alabama,United States,33,25-34,3rd Place,3,34.0,10,8,0.8947368421052632,0.375,-0.5197368421052632,6,0.6,0.0,6,0.75
20,7,Noah Galloway,Sharna Burgess,14,6.571428571428571,0.35714285714285715,Motivational Speaker,Alabama,United States,33,25-34,3rd Place,3,38.0,10,7,0.926829268292683,0.7142857142857143,-0.21254355400696867,7,0.7,0.0,3,0.42857142857142855
20,8,Noah Galloway,Sharna Burgess,14,6.571428571428571,0.35714285714285715,Motivational Speaker,Alabama,United States,33,25-34,3rd Place,3,31.5,10,6,0.7875,0.33333333333333337,-0.4541666666666666,8,0.8,0.0,5,0.8333333333333334
20,9,Noah Galloway,Sharna Burgess,14,6.571428571428571,0.35714285714285715,Motivational Speaker,Alabama,United States,33,25-34,3rd Place,3,38.0,10,4,0.95,0.25,-0.7,9,0.9,0.0,4,1.0
20,10,Noah Galloway,Sharna Burgess,14,6.571428571428571,0.35714285714285715,Motivational Speaker,Alabama,United States,33,25-34,3rd Place,3,36.0,10,3,0.9,0.33333333333333337,-0.5666666666666667,10,1.0,0.0,3,1.0
20,1,Patti LaBelle,Artem Chigvintsev,12,7.416666666666667,0.08333333333333333,Singer/Rapper,Pennsylvania,United States,70,65+,Eliminated Week 6,8,25.0,10,12,0.78125,0.41666666666666663,-0.36458333333333337,1,0.1,0.0,8,0.6666666666666666
20,2,Patti LaBelle,Artem Chigvintsev,12,7.416666666666667,0.08333333333333333,Singer/Rapper,Pennsylvania,United States,70,65+,Eliminated Week 6,8,28.0,10,12,0.8235294117647058,0.5833333333333333,-0.24019607843137258,2,0.2,0.0,6,0.5
20,3,Patti LaBelle,Artem Chigvintsev,12,7.416666666666667,0.08333333333333333,Singer/Rapper,Pennsylvania,United States,70,65+,Eliminated Week 6,8,22.0,10,11,0.6470588235294118,0.18181818181818177,-0.46524064171123003,3,0.3,0.0,10,0.9090909090909091
20,4,Patti LaBelle,Artem Chigvintsev,12,7.416666666666667,0.08333333333333333,Singer/Rapper,Pennsylvania,United States,70,65+,Eliminated Week 6,8,30.0,10,10,0.7692307692307693,0.4,-0.36923076923076925,4,0.4,0.0,7,0.7
20,5,Patti LaBelle,Artem Chigvintsev,12,7.416666666666667,0.08333333333333333,Singer/Rapper,Pennsylvania,United States,70,65+,Eliminated Week 6,8,27.0,10,9,0.6923076923076923,0.33333333333333337,-0.3589743589743589,5,0.5,0.0,7,0.7777777777777778
20,6,Patti LaBelle,Artem Chigvintsev,12,7.416666666666667,0.08333333333333333,Singer/Rapper,Pennsylvania,United States,70,65+,Eliminated Week 6,8,34.0,10,8,0.8947368421052632,0.375,-0.5197368421052632,6,0.6,0.0,6,0.75
20,1,Redfoo,Emma Slater,16,7.9375,0.0625,Singer/Rapper,California,United States,39,35-44,Eliminated Week 2,12,22.0,10,12,0.6875,0.16666666666666663,-0.5208333333333334,1,0.1,0.0,11,0.9166666666666666
20,2,Redfoo,Emma Slater,16,7.9375,0.0625,Singer/Rapper,California,United States,39,35-44,Eliminated Week 2,12,31.0,10,12,0.9117647058823529,0.6666666666666667,-0.24509803921568618,2,0.2,0.0,5,0.4166666666666667
20,1,Riker Lynch,Allison Holker,4,7.25,0.25,Actor/Actress,Colorado,United States,23,<25,2nd Place,2,31.0,10,12,0.96875,0.9166666666666666,-0.05208333333333337,1,0.1,0.0,2,0.16666666666666666
20,2,Riker Lynch,Allison Holker,4,7.25,0.25,Actor/Actress,Colorado,United States,23,<25,2nd Place,2,32.0,10,12,0.9411764705882353,0.9166666666666666,-0.02450980392156865,2,0.2,0.0,2,0.16666666666666666
20,3,Riker Lynch,Allison Holker,4,7.25,0.25,Actor/Actress,Colorado,United States,23,<25,2nd Place,2,34.0,10,11,1.0,1.0,0.0,3,0.3,0.0,1,0.09090909090909091
20,4,Riker Lynch,Allison Holker,4,7.25,0.25,Actor/Actress,Colorado,United States,23,<25,2nd Place,2,34.0,10,10,0.8717948717948718,0.7,-0.17179487179487185,4,0.4,0.0,4,0.4
20,5,Riker Lynch,Allison Holker,4,7.25,0.25,Actor/Actress,Colorado,United States,23,<25,2nd Place,2,38.0,10,9,0.9743589743589743,0.8888888888888888,-0.0854700854700855,5,0.5,0.0,2,0.2222222222222222
20,6,Riker Lynch,Allison Holker,4,7.25,0.25,Actor/Actress,Colorado,United States,23,<25,2nd Place,2,38.0,10,8,1.0,1.0,0.0,6,0.6,0.0,1,0.125
20,7,Riker Lynch,Allison Holker,4,7.25,0.25,Actor/Actress,Colorado,United States,23,<25,2nd Place,2,37.0,10,7,0.9024390243902439,0.5714285714285714,-0.33101045296167253,7,0.7,0.0,4,0.5714285714285714
20,8,Riker Lynch,Allison Holker,4,7.25,0.25,Actor/Actress,Colorado,United States,23,<25,2nd Place,2,39.0,10,6,0.975,0.8333333333333334,-0.1416666666666666,8,0.8,0.0,2,0.3333333333333333
20,9,Riker Lynch,Allison Holker,4,7.25,0.25,Actor/Actress,Colorado,United States,23,<25,2nd Place,2,40.0,10,4,1.0,1.0,0.0,9,0.9,0.0,1,0.25
20,10,Riker Lynch,Allison Holker,4,7.25,0.25,Actor/Actress,Colorado,United States,23,<25,2nd Place,2,40.0,10,3,1.0,1.0,0.0,10,1.0,0.0,1,0.3333333333333333
20,1,Robert Herjavec,Kym Johnson,14,6.285714285714286,0.2857142857142857,Entrepreneur,Unknown,Croatia,52,45-54,Eliminated Week 8,6,28.0,10,12,0.875,0.75,-0.125,1,0.1,0.0,4,0.3333333333333333
20,2,Robert Herjavec,Kym Johnson,14,6.285714285714286,0.2857142857142857,Entrepreneur,Unknown,Croatia,52,45-54,Eliminated Week 8,6,28.0,10,12,0.8235294117647058,0.5833333333333333,-0.24019607843137258,2,0.2,0.0,6,0.5
20,3,Robert Herjavec,Kym Johnson,14,6.285714285714286,0.2857142857142857,Entrepreneur,Unknown,Croatia,52,45-54,Eliminated Week 8,6,29.0,10,11,0.8529411764705882,0.5454545454545454,-0.3074866310160428,3,0.3,0.0,6,0.5454545454545454
20,4,Robert Herjavec,Kym Johnson,14,6.285714285714286,0.2857142857142857,Entrepreneur,Unknown,Croatia,52,45-54,Eliminated Week 8,6,34.0,10,10,0.8717948717948718,0.7,-0.17179487179487185,4,0.4,0.0,4,0.4
20,5,Robert Herjavec,Kym Johnson,14,6.285714285714286,0.2857142857142857,Entrepreneur,Unknown,Croatia,52,45-54,Eliminated Week 8,6,24.0,10,9,0.6153846153846154,0.11111111111111116,-0.5042735042735043,5,0.5,0.0,9,1.0
20,6,Robert Herjavec,Kym Johnson,14,6.285714285714286,0.2857142857142857,Entrepreneur,Unknown,Croatia,52,45-54,Eliminated Week 8,6,33.5,10,8,0.881578947368421,0.125,-0.756578947368421,6,0.6,0.0,8,1.0
20,7,Robert Herjavec,Kym Johnson,14,6.285714285714286,0.2857142857142857,Entrepreneur,Unknown,Croatia,52,45-54,Eliminated Week 8,6,31.0,10,7,0.7560975609756098,0.2857142857142857,-0.47038327526132406,7,0.7,0.0,6,0.8571428571428571
20,8,Robert Herjavec,Kym Johnson,14,6.285714285714286,0.2857142857142857,Entrepreneur,Unknown,Croatia,52,45-54,Eliminated Week 8,6,31.0,10,6,0.775,0.16666666666666663,-0.6083333333333334,8,0.8,0.0,6,1.0
20,1,Rumer Willis,Valentin Chmerkovskiy,19,5.2631578947368425,0.47368421052631576,Actor/Actress,Kentucky,United States,26,25-34,1st Place,1,32.0,10,12,1.0,1.0,0.0,1,0.1,0.0,1,0.08333333333333333
20,2,Rumer Willis,Valentin Chmerkovskiy,19,5.2631578947368425,0.47368421052631576,Actor/Actress,Kentucky,United States,26,25-34,1st Place,1,32.0,10,12,0.9411764705882353,0.9166666666666666,-0.02450980392156865,2,0.2,0.0,2,0.16666666666666666
20,3,Rumer Willis,Valentin Chmerkovskiy,19,5.2631578947368425,0.47368421052631576,Actor/Actress,Kentucky,United States,26,25-34,1st Place,1,33.0,10,11,0.9705882352941176,0.8181818181818181,-0.15240641711229952,3,0.3,0.0,3,0.2727272727272727
20,4,Rumer Willis,Valentin Chmerkovskiy,19,5.2631578947368425,0.47368421052631576,Actor/Actress,Kentucky,United States,26,25-34,1st Place,1,35.0,10,10,0.8974358974358975,0.8,-0.09743589743589742,4,0.4,0.0,3,0.3
20,5,Rumer Willis,Valentin Chmerkovskiy,19,5.2631578947368425,0.47368421052631576,Actor/Actress,Kentucky,United States,26,25-34,1st Place,1,39.0,10,9,1.0,1.0,0.0,5,0.5,0.0,1,0.1111111111111111
20,6,Rumer Willis,Valentin Chmerkovskiy,19,5.2631578947368425,0.47368421052631576,Actor/Actress,Kentucky,United States,26,25-34,1st Place,1,35.5,10,8,0.9342105263157895,0.625,-0.3092105263157895,6,0.6,0.0,4,0.5
20,7,Rumer Willis,Valentin Chmerkovskiy,19,5.2631578947368425,0.47368421052631576,Actor/Actress,Kentucky,United States,26,25-34,1st Place,1,37.0,10,7,0.9024390243902439,0.5714285714285714,-0.33101045296167253,7,0.7,0.0,4,0.5714285714285714
20,8,Rumer Willis,Valentin Chmerkovskiy,19,5.2631578947368425,0.47368421052631576,Actor/Actress,Kentucky,United States,26,25-34,1st Place,1,40.0,10,6,1.0,1.0,0.0,8,0.8,0.0,1,0.16666666666666666
20,9,Rumer Willis,Valentin Chmerkovskiy,19,5.2631578947368425,0.47368421052631576,Actor/Actress,Kentucky,United States,26,25-34,1st Place,1,39.0,10,4,0.975,0.5,-0.475,9,0.9,0.0,3,0.75
20,10,Rumer Willis,Valentin Chmerkovskiy,19,5.2631578947368425,0.47368421052631576,Actor/Actress,Kentucky,United States,26,25-34,1st Place,1,40.0,10,3,1.0,1.0,0.0,10,1.0,0.0,1,0.3333333333333333
20,1,Suzanne Somers,Tony Dovolani,21,7.666666666666667,0.14285714285714285,Actor/Actress,California,United States,68,65+,Eliminated Week 5,9,25.0,10,12,0.78125,0.41666666666666663,-0.36458333333333337,1,0.1,0.0,8,0.6666666666666666
20,2,Suzanne Somers,Tony Dovolani,21,7.666666666666667,0.14285714285714285,Actor/Actress,California,United States,68,65+,Eliminated Week 5,9,28.0,10,12,0.8235294117647058,0.5833333333333333,-0.24019607843137258,2,0.2,0.0,6,0.5
20,3,Suzanne Somers,Tony Dovolani,21,7.666666666666667,0.14285714285714285,Actor/Actress,California,United States,68,65+,Eliminated Week 5,9,25.0,10,11,0.7352941176470589,0.36363636363636365,-0.37165775401069523,3,0.3,0.0,8,0.7272727272727273
20,4,Suzanne Somers,Tony Dovolani,21,7.666666666666667,0.14285714285714285,Actor/Actress,California,United States,68,65+,Eliminated Week 5,9,28.0,10,10,0.717948717948718,0.19999999999999996,-0.517948717948718,4,0.4,0.0,9,0.9
20,5,Suzanne Somers,Tony Dovolani,21,7.666666666666667,0.14285714285714285,Actor/Actress,California,United States,68,65+,Eliminated Week 5,9,28.0,10,9,0.717948717948718,0.5555555555555556,-0.16239316239316237,5,0.5,0.0,5,0.5555555555555556
20,1,Willow Shields,Mark Ballas,21,5.190476190476191,0.47619047619047616,Actor/Actress,New Mexico,United States,14,<25,Eliminated Week 7,7,25.0,10,12,0.78125,0.41666666666666663,-0.36458333333333337,1,0.1,0.0,8,0.6666666666666666
20,2,Willow Shields,Mark Ballas,21,5.190476190476191,0.47619047619047616,Actor/Actress,New Mexico,United States,14,<25,Eliminated Week 7,7,32.0,10,12,0.9411764705882353,0.9166666666666666,-0.02450980392156865,2,0.2,0.0,2,0.16666666666666666
20,3,Willow Shields,Mark Ballas,21,5.190476190476191,0.47619047619047616,Actor/Actress,New Mexico,United States,14,<25,Eliminated Week 7,7,32.0,10,11,0.9411764705882353,0.7272727272727273,-0.213903743315508,3,0.3,0.0,4,0.36363636363636365
20,4,Willow Shields,Mark Ballas,21,5.190476190476191,0.47619047619047616,Actor/Actress,New Mexico,United States,14,<25,Eliminated Week 7,7,39.0,10,10,1.0,1.0,0.0,4,0.4,0.0,1,0.1
20,5,Willow Shields,Mark Ballas,21,5.190476190476191,0.47619047619047616,Actor/Actress,New Mexico,United States,14,<25,Eliminated Week 7,7,34.0,10,9,0.8717948717948718,0.6666666666666667,-0.20512820512820507,5,0.5,0.0,4,0.4444444444444444
20,6,Willow Shields,Mark Ballas,21,5.190476190476191,0.47619047619047616,Actor/Actress,New Mexico,United States,14,<25,Eliminated Week 7,7,36.5,10,8,0.9605263157894737,0.875,-0.08552631578947367,6,0.6,0.0,2,0.25
20,7,Willow Shields,Mark Ballas,21,5.190476190476191,0.47619047619047616,Actor/Actress,New Mexico,United States,14,<25,Eliminated Week 7,7,39.0,10,7,0.9512195121951219,0.8571428571428572,-0.0940766550522647,7,0.7,0.0,2,0.2857142857142857
21,1,Alek Skarlatos,Lindsay Arnold,10,5.4,0.4,Military,California,United States,22,<25,3rd Place,3,22.0,11,13,0.9166666666666666,0.6923076923076923,-0.22435897435897434,1,0.09090909090909091,0.0,5,0.38461538461538464
21,2,Alek Skarlatos,Lindsay Arnold,10,5.4,0.4,Military,California,United States,22,<25,3rd Place,3,22.5,11,13,0.9183673469387755,0.7692307692307692,-0.14913657770800637,2,0.18181818181818182,0.0,4,0.3076923076923077
21,3,Alek Skarlatos,Lindsay Arnold,10,5.4,0.4,Military,California,United States,22,<25,3rd Place,3,33.0,11,10,0.9166666666666666,0.8,-0.11666666666666659,3,0.2727272727272727,0.0,3,0.3
21,4,Alek Skarlatos,Lindsay Arnold,10,5.4,0.4,Military,California,United States,22,<25,3rd Place,3,24.0,11,10,0.8571428571428571,0.5,-0.3571428571428571,4,0.36363636363636365,0.0,6,0.6
21,5,Alek Skarlatos,Lindsay Arnold,10,5.4,0.4,Military,California,United States,22,<25,3rd Place,3,29.0,11,9,0.725,0.33333333333333337,-0.3916666666666666,5,0.45454545454545453,0.0,7,0.7777777777777778
21,6,Alek Skarlatos,Lindsay Arnold,10,5.4,0.4,Military,California,United States,22,<25,3rd Place,3,30.0,11,9,0.75,0.33333333333333337,-0.41666666666666663,6,0.5454545454545454,0.0,7,0.7777777777777778
21,7,Alek Skarlatos,Lindsay Arnold,10,5.4,0.4,Military,California,United States,22,<25,3rd Place,3,26.5,11,8,0.9137931034482759,0.125,-0.7887931034482759,7,0.6363636363636364,0.0,8,1.0
21,8,Alek Skarlatos,Lindsay Arnold,10,5.4,0.4,Military,California,United States,22,<25,3rd Place,3,25.0,11,7,0.7575757575757576,0.2857142857142857,-0.47186147186147187,8,0.7272727272727273,0.0,6,0.8571428571428571
21,9,Alek Skarlatos,Lindsay Arnold,10,5.4,0.4,Military,California,United States,22,<25,3rd Place,3,25.5,11,6,0.85,0.33333333333333337,-0.5166666666666666,9,0.8181818181818182,0.0,5,0.8333333333333334
21,10,Alek Skarlatos,Lindsay Arnold,10,5.4,0.4,Military,California,United States,22,<25,3rd Place,3,28.5,11,4,0.9047619047619048,0.5,-0.40476190476190477,10,0.9090909090909091,0.0,3,0.75
21,11,Alek Skarlatos,Lindsay Arnold,10,5.4,0.4,Military,California,United States,22,<25,3rd Place,3,27.999899999999997,11,4,0.9333299999999999,0.25,-0.6833299999999999,11,1.0,0.0,4,1.0
21,1,Alexa PenaVega,Mark Ballas,21,5.190476190476191,0.47619047619047616,Actor/Actress,Florida,United States,27,25-34,Eliminated Week 9,6,22.0,11,13,0.9166666666666666,0.6923076923076923,-0.22435897435897434,1,0.09090909090909091,0.0,5,0.38461538461538464
21,2,Alexa PenaVega,Mark Ballas,21,5.190476190476191,0.47619047619047616,Actor/Actress,Florida,United States,27,25-34,Eliminated Week 9,6,23.0,11,13,0.9387755102040817,0.8461538461538461,-0.09262166405023553,2,0.18181818181818182,0.0,3,0.23076923076923078
21,3,Alexa PenaVega,Mark Ballas,21,5.190476190476191,0.47619047619047616,Actor/Actress,Florida,United States,27,25-34,Eliminated Week 9,6,36.0,11,10,1.0,1.0,0.0,3,0.2727272727272727,0.0,1,0.1
21,4,Alexa PenaVega,Mark Ballas,21,5.190476190476191,0.47619047619047616,Actor/Actress,Florida,United States,27,25-34,Eliminated Week 9,6,21.0,11,10,0.75,0.30000000000000004,-0.44999999999999996,4,0.36363636363636365,0.0,8,0.8
21,5,Alexa PenaVega,Mark Ballas,21,5.190476190476191,0.47619047619047616,Actor/Actress,Florida,United States,27,25-34,Eliminated Week 9,6,40.0,11,9,1.0,1.0,0.0,5,0.45454545454545453,0.0,1,0.1111111111111111
21,6,Alexa PenaVega,Mark Ballas,21,5.190476190476191,0.47619047619047616,Actor/Actress,Florida,United States,27,25-34,Eliminated Week 9,6,30.0,11,9,0.75,0.33333333333333337,-0.41666666666666663,6,0.5454545454545454,0.0,7,0.7777777777777778
21,7,Alexa PenaVega,Mark Ballas,21,5.190476190476191,0.47619047619047616,Actor/Actress,Florida,United States,27,25-34,Eliminated Week 9,6,27.5,11,8,0.9482758620689655,0.5,-0.4482758620689655,7,0.6363636363636364,0.0,5,0.625
21,8,Alexa PenaVega,Mark Ballas,21,5.190476190476191,0.47619047619047616,Actor/Actress,Florida,United States,27,25-34,Eliminated Week 9,6,26.9998,11,7,0.8181757575757576,0.4285714285714286,-0.38960432900432895,8,0.7272727272727273,0.0,5,0.7142857142857143
21,9,Alexa PenaVega,Mark Ballas,21,5.190476190476191,0.47619047619047616,Actor/Actress,Florida,United States,27,25-34,Eliminated Week 9,6,30.0,11,6,1.0,1.0,0.0,9,0.8181818181818182,0.0,1,0.16666666666666666
21,1,Andy Grammer,Allison Holker,4,7.25,0.25,Singer/Rapper,California,United States,31,25-34,Eliminated Week 8,7,21.0,11,13,0.875,0.5384615384615384,-0.33653846153846156,1,0.09090909090909091,0.0,7,0.5384615384615384
21,2,Andy Grammer,Allison Holker,4,7.25,0.25,Singer/Rapper,California,United States,31,25-34,Eliminated Week 8,7,22.0,11,13,0.8979591836734694,0.46153846153846156,-0.4364207221350078,2,0.18181818181818182,0.0,8,0.6153846153846154
21,3,Andy Grammer,Allison Holker,4,7.25,0.25,Singer/Rapper,California,United States,31,25-34,Eliminated Week 8,7,29.0,11,10,0.8055555555555556,0.30000000000000004,-0.5055555555555555,3,0.2727272727272727,0.0,8,0.8
21,4,Andy Grammer,Allison Holker,4,7.25,0.25,Singer/Rapper,California,United States,31,25-34,Eliminated Week 8,7,23.0,11,10,0.8214285714285714,0.4,-0.4214285714285714,4,0.36363636363636365,0.0,7,0.7
21,5,Andy Grammer,Allison Holker,4,7.25,0.25,Singer/Rapper,California,United States,31,25-34,Eliminated Week 8,7,36.0,11,9,0.9,0.6666666666666667,-0.23333333333333328,5,0.45454545454545453,0.0,4,0.4444444444444444
21,6,Andy Grammer,Allison Holker,4,7.25,0.25,Singer/Rapper,California,United States,31,25-34,Eliminated Week 8,7,40.0,11,9,1.0,1.0,0.0,6,0.5454545454545454,0.0,1,0.1111111111111111
21,7,Andy Grammer,Allison Holker,4,7.25,0.25,Singer/Rapper,California,United States,31,25-34,Eliminated Week 8,7,28.0,11,8,0.9655172413793104,0.875,-0.09051724137931039,7,0.6363636363636364,0.0,2,0.25
21,8,Andy Grammer,Allison Holker,4,7.25,0.25,Singer/Rapper,California,United States,31,25-34,Eliminated Week 8,7,23.9998,11,7,0.7272666666666667,0.1428571428571429,-0.5844095238095238,8,0.7272727272727273,0.0,7,1.0
21,1,Bindi Irwin,Derek Hough,17,2.9411764705882355,0.5294117647058824,TV Personality,Unknown,Australia,17,<25,1st Place,1,24.0,11,13,1.0,1.0,0.0,1,0.09090909090909091,0.0,1,0.07692307692307693
21,2,Bindi Irwin,Derek Hough,17,2.9411764705882355,0.5294117647058824,TV Personality,Unknown,Australia,17,<25,1st Place,1,24.0,11,13,0.9795918367346939,0.9230769230769231,-0.05651491365777073,2,0.18181818181818182,0.0,2,0.15384615384615385
21,3,Bindi Irwin,Derek Hough,17,2.9411764705882355,0.5294117647058824,TV Personality,Unknown,Australia,17,<25,1st Place,1,32.0,11,10,0.8888888888888888,0.6,-0.28888888888888886,3,0.2727272727272727,0.0,5,0.5
21,4,Bindi Irwin,Derek Hough,17,2.9411764705882355,0.5294117647058824,TV Personality,Unknown,Australia,17,<25,1st Place,1,28.0,11,10,1.0,1.0,0.0,4,0.36363636363636365,0.0,1,0.1
21,5,Bindi Irwin,Derek Hough,17,2.9411764705882355,0.5294117647058824,TV Personality,Unknown,Australia,17,<25,1st Place,1,37.0,11,9,0.925,0.7777777777777778,-0.14722222222222225,5,0.45454545454545453,0.0,3,0.3333333333333333
21,6,Bindi Irwin,Derek Hough,17,2.9411764705882355,0.5294117647058824,TV Personality,Unknown,Australia,17,<25,1st Place,1,40.0,11,9,1.0,1.0,0.0,6,0.5454545454545454,0.0,1,0.1111111111111111
21,7,Bindi Irwin,Derek Hough,17,2.9411764705882355,0.5294117647058824,TV Personality,Unknown,Australia,17,<25,1st Place,1,29.0,11,8,1.0,1.0,0.0,7,0.6363636363636364,0.0,1,0.125
21,8,Bindi Irwin,Derek Hough,17,2.9411764705882355,0.5294117647058824,TV Personality,Unknown,Australia,17,<25,1st Place,1,28.0,11,7,0.8484848484848485,0.7142857142857143,-0.1341991341991342,8,0.7272727272727273,0.0,3,0.42857142857142855
21,9,Bindi Irwin,Derek Hough,17,2.9411764705882355,0.5294117647058824,TV Personality,Unknown,Australia,17,<25,1st Place,1,30.0,11,6,1.0,1.0,0.0,9,0.8181818181818182,0.0,1,0.16666666666666666
21,10,Bindi Irwin,Derek Hough,17,2.9411764705882355,0.5294117647058824,TV Personality,Unknown,Australia,17,<25,1st Place,1,31.5,11,4,1.0,1.0,0.0,10,0.9090909090909091,0.0,1,0.25
21,11,Bindi Irwin,Derek Hough,17,2.9411764705882355,0.5294117647058824,TV Personality,Unknown,Australia,17,<25,1st Place,1,30.0,11,4,1.0,1.0,0.0,11,1.0,0.0,1,0.25
21,1,Carlos PenaVega,Witney Carson,14,5.5,0.35714285714285715,Actor/Actress,Missouri,United States,26,25-34,Eliminated Week 11,4,23.0,11,13,0.9583333333333334,0.8461538461538461,-0.11217948717948723,1,0.09090909090909091,0.0,3,0.23076923076923078
21,2,Carlos PenaVega,Witney Carson,14,5.5,0.35714285714285715,Actor/Actress,Missouri,United States,26,25-34,Eliminated Week 11,4,22.5,11,13,0.9183673469387755,0.7692307692307692,-0.14913657770800637,2,0.18181818181818182,0.0,4,0.3076923076923077
21,3,Carlos PenaVega,Witney Carson,14,5.5,0.35714285714285715,Actor/Actress,Missouri,United States,26,25-34,Eliminated Week 11,4,31.0,11,10,0.8611111111111112,0.5,-0.36111111111111116,3,0.2727272727272727,0.0,6,0.6
21,4,Carlos PenaVega,Witney Carson,14,5.5,0.35714285714285715,Actor/Actress,Missouri,United States,26,25-34,Eliminated Week 11,4,25.0,11,10,0.8928571428571429,0.6,-0.2928571428571429,4,0.36363636363636365,0.0,5,0.5
21,5,Carlos PenaVega,Witney Carson,14,5.5,0.35714285714285715,Actor/Actress,Missouri,United States,26,25-34,Eliminated Week 11,4,39.0,11,9,0.975,0.8888888888888888,-0.08611111111111114,5,0.45454545454545453,0.0,2,0.2222222222222222
21,6,Carlos PenaVega,Witney Carson,14,5.5,0.35714285714285715,Actor/Actress,Missouri,United States,26,25-34,Eliminated Week 11,4,38.0,11,9,0.95,0.5555555555555556,-0.3944444444444444,6,0.5454545454545454,0.0,5,0.5555555555555556
21,7,Carlos PenaVega,Witney Carson,14,5.5,0.35714285714285715,Actor/Actress,Missouri,United States,26,25-34,Eliminated Week 11,4,28.0,11,8,0.9655172413793104,0.875,-0.09051724137931039,7,0.6363636363636364,0.0,2,0.25
21,8,Carlos PenaVega,Witney Carson,14,5.5,0.35714285714285715,Actor/Actress,Missouri,United States,26,25-34,Eliminated Week 11,4,28.9998,11,7,0.8787818181818182,0.8571428571428572,-0.021638961038961013,8,0.7272727272727273,0.0,2,0.2857142857142857
21,9,Carlos PenaVega,Witney Carson,14,5.5,0.35714285714285715,Actor/Actress,Missouri,United States,26,25-34,Eliminated Week 11,4,27.0,11,6,0.9,0.5,-0.4,9,0.8181818181818182,0.0,4,0.6666666666666666
21,10,Carlos PenaVega,Witney Carson,14,5.5,0.35714285714285715,Actor/Actress,Missouri,United States,26,25-34,Eliminated Week 11,4,31.5,11,4,1.0,1.0,0.0,10,0.9090909090909091,0.0,1,0.25
21,11,Carlos PenaVega,Witney Carson,14,5.5,0.35714285714285715,Actor/Actress,Missouri,United States,26,25-34,Eliminated Week 11,4,30.0,11,4,1.0,1.0,0.0,11,1.0,0.0,1,0.25
21,1,Chaka Khan,Keo Motsepe,9,9.88888888888889,0.1111111111111111,Singer/Rapper,Illinois,United States,62,55-64,Eliminated Week 2,13,13.0,11,13,0.5416666666666666,0.15384615384615385,-0.3878205128205128,1,0.09090909090909091,0.0,12,0.9230769230769231
21,2,Chaka Khan,Keo Motsepe,9,9.88888888888889,0.1111111111111111,Singer/Rapper,Illinois,United States,62,55-64,Eliminated Week 2,13,15.0,11,13,0.6122448979591837,0.07692307692307687,-0.5353218210361068,2,0.18181818181818182,0.0,13,1.0
21,1,Gary Busey,Anna Trebunskaya,11,8.181818181818182,0.18181818181818182,Actor/Actress,Texas,United States,71,65+,Eliminated Week 4,10,15.0,11,13,0.625,0.3846153846153846,-0.24038461538461542,1,0.09090909090909091,0.0,9,0.6923076923076923
21,2,Gary Busey,Anna Trebunskaya,11,8.181818181818182,0.18181818181818182,Actor/Actress,Texas,United States,71,65+,Eliminated Week 4,10,16.5,11,13,0.673469387755102,0.15384615384615385,-0.5196232339089482,2,0.18181818181818182,0.0,12,0.9230769230769231
21,3,Gary Busey,Anna Trebunskaya,11,8.181818181818182,0.18181818181818182,Actor/Actress,Texas,United States,71,65+,Eliminated Week 4,10,25.0,11,10,0.6944444444444444,0.19999999999999996,-0.49444444444444446,3,0.2727272727272727,0.0,9,0.9
21,4,Gary Busey,Anna Trebunskaya,11,8.181818181818182,0.18181818181818182,Actor/Actress,Texas,United States,71,65+,Eliminated Week 4,10,16.0,11,10,0.5714285714285714,0.09999999999999998,-0.4714285714285714,4,0.36363636363636365,0.0,10,1.0
21,1,Hayes Grier,Emma Slater,16,7.9375,0.0625,Social Media Personality,North Carolina,United States,15,<25,Eliminated Week 7,8,21.0,11,13,0.875,0.5384615384615384,-0.33653846153846156,1,0.09090909090909091,0.0,7,0.5384615384615384
21,2,Hayes Grier,Emma Slater,16,7.9375,0.0625,Social Media Personality,North Carolina,United States,15,<25,Eliminated Week 7,8,22.5,11,13,0.9183673469387755,0.7692307692307692,-0.14913657770800637,2,0.18181818181818182,0.0,4,0.3076923076923077
21,3,Hayes Grier,Emma Slater,16,7.9375,0.0625,Social Media Personality,North Carolina,United States,15,<25,Eliminated Week 7,8,30.0,11,10,0.8333333333333334,0.4,-0.43333333333333335,3,0.2727272727272727,0.0,7,0.7
21,4,Hayes Grier,Emma Slater,16,7.9375,0.0625,Social Media Personality,North Carolina,United States,15,<25,Eliminated Week 7,8,27.0,11,10,0.9642857142857143,0.9,-0.06428571428571428,4,0.36363636363636365,0.0,2,0.2
21,5,Hayes Grier,Emma Slater,16,7.9375,0.0625,Social Media Personality,North Carolina,United States,15,<25,Eliminated Week 7,8,30.0,11,9,0.75,0.4444444444444444,-0.3055555555555556,5,0.45454545454545453,0.0,6,0.6666666666666666
21,6,Hayes Grier,Emma Slater,16,7.9375,0.0625,Social Media Personality,North Carolina,United States,15,<25,Eliminated Week 7,8,32.0,11,9,0.8,0.4444444444444444,-0.3555555555555556,6,0.5454545454545454,0.0,6,0.6666666666666666
21,7,Hayes Grier,Emma Slater,16,7.9375,0.0625,Social Media Personality,North Carolina,United States,15,<25,Eliminated Week 7,8,28.0,11,8,0.9655172413793104,0.875,-0.09051724137931039,7,0.6363636363636364,0.0,2,0.25
21,1,Kim Zolciak-Biermann,Tony Dovolani,21,7.666666666666667,0.14285714285714285,TV Personality,Florida,United States,37,35-44,Withdrew,11,12.0,11,13,0.5,0.07692307692307687,-0.42307692307692313,1,0.09090909090909091,0.0,13,1.0
21,2,Kim Zolciak-Biermann,Tony Dovolani,21,7.666666666666667,0.14285714285714285,TV Personality,Florida,United States,37,35-44,Withdrew,11,18.5,11,13,0.7551020408163265,0.3846153846153846,-0.3704866562009419,2,0.18181818181818182,0.0,9,0.6923076923076923
21,1,Nick Carter,Sharna Burgess,14,6.571428571428571,0.35714285714285715,Singer/Rapper,New York,United States,35,35-44,2nd Place,2,24.0,11,13,1.0,1.0,0.0,1,0.09090909090909091,0.0,1,0.07692307692307693
21,2,Nick Carter,Sharna Burgess,14,6.571428571428571,0.35714285714285715,Singer/Rapper,New York,United States,35,35-44,2nd Place,2,22.5,11,13,0.9183673469387755,0.7692307692307692,-0.14913657770800637,2,0.18181818181818182,0.0,4,0.3076923076923077
21,3,Nick Carter,Sharna Burgess,14,6.571428571428571,0.35714285714285715,Singer/Rapper,New York,United States,35,35-44,2nd Place,2,36.0,11,10,1.0,1.0,0.0,3,0.2727272727272727,0.0,1,0.1
21,4,Nick Carter,Sharna Burgess,14,6.571428571428571,0.35714285714285715,Singer/Rapper,New York,United States,35,35-44,2nd Place,2,27.0,11,10,0.9642857142857143,0.9,-0.06428571428571428,4,0.36363636363636365,0.0,2,0.2
21,5,Nick Carter,Sharna Burgess,14,6.571428571428571,0.35714285714285715,Singer/Rapper,New York,United States,35,35-44,2nd Place,2,35.0,11,9,0.875,0.5555555555555556,-0.3194444444444444,5,0.45454545454545453,0.0,5,0.5555555555555556
21,6,Nick Carter,Sharna Burgess,14,6.571428571428571,0.35714285714285715,Singer/Rapper,New York,United States,35,35-44,2nd Place,2,39.0,11,9,0.975,0.6666666666666667,-0.30833333333333324,6,0.5454545454545454,0.0,4,0.4444444444444444
21,7,Nick Carter,Sharna Burgess,14,6.571428571428571,0.35714285714285715,Singer/Rapper,New York,United States,35,35-44,2nd Place,2,27.0,11,8,0.9310344827586207,0.375,-0.5560344827586207,7,0.6363636363636364,0.0,6,0.75
21,8,Nick Carter,Sharna Burgess,14,6.571428571428571,0.35714285714285715,Singer/Rapper,New York,United States,35,35-44,2nd Place,2,33.0,11,7,1.0,1.0,0.0,8,0.7272727272727273,0.0,1,0.14285714285714285
21,9,Nick Carter,Sharna Burgess,14,6.571428571428571,0.35714285714285715,Singer/Rapper,New York,United States,35,35-44,2nd Place,2,27.5,11,6,0.9166666666666666,0.6666666666666667,-0.2499999999999999,9,0.8181818181818182,0.0,3,0.5
21,10,Nick Carter,Sharna Burgess,14,6.571428571428571,0.35714285714285715,Singer/Rapper,New York,United States,35,35-44,2nd Place,2,27.0,11,4,0.8571428571428571,0.25,-0.6071428571428571,10,0.9090909090909091,0.0,4,1.0
21,11,Nick Carter,Sharna Burgess,14,6.571428571428571,0.35714285714285715,Singer/Rapper,New York,United States,35,35-44,2nd Place,2,30.0,11,4,1.0,1.0,0.0,11,1.0,0.0,1,0.25
21,1,Paula Deen,Louis van Amstel,11,7.0,0.09090909090909091,TV Personality,Georgia,United States,68,65+,Eliminated Week 6,9,15.0,11,13,0.625,0.3846153846153846,-0.24038461538461542,1,0.09090909090909091,0.0,9,0.6923076923076923
21,2,Paula Deen,Louis van Amstel,11,7.0,0.09090909090909091,TV Personality,Georgia,United States,68,65+,Eliminated Week 6,9,18.5,11,13,0.7551020408163265,0.3846153846153846,-0.3704866562009419,2,0.18181818181818182,0.0,9,0.6923076923076923
21,3,Paula Deen,Louis van Amstel,11,7.0,0.09090909090909091,TV Personality,Georgia,United States,68,65+,Eliminated Week 6,9,20.0,11,10,0.5555555555555556,0.09999999999999998,-0.4555555555555556,3,0.2727272727272727,0.0,10,1.0
21,4,Paula Deen,Louis van Amstel,11,7.0,0.09090909090909091,TV Personality,Georgia,United States,68,65+,Eliminated Week 6,9,18.0,11,10,0.6428571428571429,0.19999999999999996,-0.44285714285714295,4,0.36363636363636365,0.0,9,0.9
21,5,Paula Deen,Louis van Amstel,11,7.0,0.09090909090909091,TV Personality,Georgia,United States,68,65+,Eliminated Week 6,9,26.0,11,9,0.65,0.11111111111111116,-0.5388888888888889,5,0.45454545454545453,0.0,9,1.0
21,6,Paula Deen,Louis van Amstel,11,7.0,0.09090909090909091,TV Personality,Georgia,United States,68,65+,Eliminated Week 6,9,24.0,11,9,0.6,0.11111111111111116,-0.4888888888888888,6,0.5454545454545454,0.0,9,1.0
21,1,Tamar Braxton,Valentin Chmerkovskiy,19,5.2631578947368425,0.47368421052631576,Singer/Rapper,Maryland,United States,38,35-44,Withdrew,5,23.0,11,13,0.9583333333333334,0.8461538461538461,-0.11217948717948723,1,0.09090909090909091,0.0,3,0.23076923076923078
21,2,Tamar Braxton,Valentin Chmerkovskiy,19,5.2631578947368425,0.47368421052631576,Singer/Rapper,Maryland,United States,38,35-44,Withdrew,5,24.5,11,13,1.0,1.0,0.0,2,0.18181818181818182,0.0,1,0.07692307692307693
21,3,Tamar Braxton,Valentin Chmerkovskiy,19,5.2631578947368425,0.47368421052631576,Singer/Rapper,Maryland,United States,38,35-44,Withdrew,5,33.0,11,10,0.9166666666666666,0.8,-0.11666666666666659,3,0.2727272727272727,0.0,3,0.3
21,4,Tamar Braxton,Valentin Chmerkovskiy,19,5.2631578947368425,0.47368421052631576,Singer/Rapper,Maryland,United States,38,35-44,Withdrew,5,27.0,11,10,0.9642857142857143,0.9,-0.06428571428571428,4,0.36363636363636365,0.0,2,0.2
21,5,Tamar Braxton,Valentin Chmerkovskiy,19,5.2631578947368425,0.47368421052631576,Singer/Rapper,Maryland,United States,38,35-44,Withdrew,5,29.0,11,9,0.725,0.33333333333333337,-0.3916666666666666,5,0.45454545454545453,0.0,7,0.7777777777777778
21,6,Tamar Braxton,Valentin Chmerkovskiy,19,5.2631578947368425,0.47368421052631576,Singer/Rapper,Maryland,United States,38,35-44,Withdrew,5,40.0,11,9,1.0,1.0,0.0,6,0.5454545454545454,0.0,1,0.1111111111111111
21,7,Tamar Braxton,Valentin Chmerkovskiy,19,5.2631578947368425,0.47368421052631576,Singer/Rapper,Maryland,United States,38,35-44,Withdrew,5,27.0,11,8,0.9310344827586207,0.375,-0.5560344827586207,7,0.6363636363636364,0.0,6,0.75
21,8,Tamar Braxton,Valentin Chmerkovskiy,19,5.2631578947368425,0.47368421052631576,Singer/Rapper,Maryland,United States,38,35-44,Withdrew,5,28.0,11,7,0.8484848484848485,0.7142857142857143,-0.1341991341991342,8,0.7272727272727273,0.0,3,0.42857142857142855
21,9,Tamar Braxton,Valentin Chmerkovskiy,19,5.2631578947368425,0.47368421052631576,Singer/Rapper,Maryland,United States,38,35-44,Withdrew,5,24.5,11,6,0.8166666666666667,0.16666666666666663,-0.65,9,0.8181818181818182,0.0,6,1.0
21,1,Victor Espinoza,Karina Smirnoff,18,6.722222222222222,0.2222222222222222,Athlete,Unknown,Mexico,43,35-44,Eliminated Week 2,12,15.0,11,13,0.625,0.3846153846153846,-0.24038461538461542,1,0.09090909090909091,0.0,9,0.6923076923076923
21,2,Victor Espinoza,Karina Smirnoff,18,6.722222222222222,0.2222222222222222,Athlete,Unknown,Mexico,43,35-44,Eliminated Week 2,12,18.5,11,13,0.7551020408163265,0.3846153846153846,-0.3704866562009419,2,0.18181818181818182,0.0,9,0.6923076923076923
22,1,Antonio Brown,Sharna Burgess,14,6.571428571428571,0.35714285714285715,Athlete,Florida,United States,27,25-34,Eliminated Week 9,5,21.0,10,12,0.9130434782608695,0.75,-0.1630434782608695,1,0.1,0.0,4,0.3333333333333333
22,2,Antonio Brown,Sharna Burgess,14,6.571428571428571,0.35714285714285715,Athlete,Florida,United States,27,25-34,Eliminated Week 9,5,19.0,10,12,0.7916666666666666,0.33333333333333337,-0.45833333333333326,2,0.2,0.0,9,0.75
22,3,Antonio Brown,Sharna Burgess,14,6.571428571428571,0.35714285714285715,Athlete,Florida,United States,27,25-34,Eliminated Week 9,5,20.0,10,11,0.8,0.36363636363636365,-0.4363636363636364,3,0.3,0.0,8,0.7272727272727273
22,4,Antonio Brown,Sharna Burgess,14,6.571428571428571,0.35714285714285715,Athlete,Florida,United States,27,25-34,Eliminated Week 9,5,35.0,10,10,0.9722222222222222,0.8,-0.17222222222222217,4,0.4,0.0,3,0.3
22,5,Antonio Brown,Sharna Burgess,14,6.571428571428571,0.35714285714285715,Athlete,Florida,United States,27,25-34,Eliminated Week 9,5,26.0,10,9,0.7027027027027027,0.11111111111111116,-0.5915915915915916,5,0.5,0.0,9,1.0
22,6,Antonio Brown,Sharna Burgess,14,6.571428571428571,0.35714285714285715,Athlete,Florida,United States,27,25-34,Eliminated Week 9,5,27.0,10,9,0.9310344827586207,0.7777777777777778,-0.15325670498084287,6,0.6,0.0,3,0.3333333333333333
22,7,Antonio Brown,Sharna Burgess,14,6.571428571428571,0.35714285714285715,Athlete,Florida,United States,27,25-34,Eliminated Week 9,5,26.0,10,8,0.9285714285714286,0.5,-0.4285714285714286,7,0.7,0.0,5,0.625
22,8,Antonio Brown,Sharna Burgess,14,6.571428571428571,0.35714285714285715,Athlete,Florida,United States,27,25-34,Eliminated Week 9,5,27.0,10,6,0.9,0.33333333333333337,-0.5666666666666667,8,0.8,0.0,5,0.8333333333333334
22,9,Antonio Brown,Sharna Burgess,14,6.571428571428571,0.35714285714285715,Athlete,Florida,United States,27,25-34,Eliminated Week 9,5,27.5,10,5,0.9166666666666666,0.19999999999999996,-0.7166666666666667,9,0.9,0.0,5,1.0
22,1,Doug Flutie,Karina Smirnoff,18,6.722222222222222,0.2222222222222222,Athlete,Maryland,United States,53,45-54,Eliminated Week 6,9,15.0,10,12,0.6521739130434783,0.16666666666666663,-0.48550724637681164,1,0.1,0.0,11,0.9166666666666666
22,2,Doug Flutie,Karina Smirnoff,18,6.722222222222222,0.2222222222222222,Athlete,Maryland,United States,53,45-54,Eliminated Week 6,9,20.0,10,12,0.8333333333333334,0.6666666666666667,-0.16666666666666663,2,0.2,0.0,5,0.4166666666666667
22,3,Doug Flutie,Karina Smirnoff,18,6.722222222222222,0.2222222222222222,Athlete,Maryland,United States,53,45-54,Eliminated Week 6,9,20.0,10,11,0.8,0.36363636363636365,-0.4363636363636364,3,0.3,0.0,8,0.7272727272727273
22,4,Doug Flutie,Karina Smirnoff,18,6.722222222222222,0.2222222222222222,Athlete,Maryland,United States,53,45-54,Eliminated Week 6,9,24.0,10,10,0.6666666666666666,0.09999999999999998,-0.5666666666666667,4,0.4,0.0,10,1.0
22,5,Doug Flutie,Karina Smirnoff,18,6.722222222222222,0.2222222222222222,Athlete,Maryland,United States,53,45-54,Eliminated Week 6,9,28.0,10,9,0.7567567567567568,0.33333333333333337,-0.42342342342342343,5,0.5,0.0,7,0.7777777777777778
22,6,Doug Flutie,Karina Smirnoff,18,6.722222222222222,0.2222222222222222,Athlete,Maryland,United States,53,45-54,Eliminated Week 6,9,21.0,10,9,0.7241379310344828,0.11111111111111116,-0.6130268199233716,6,0.6,0.0,9,1.0
22,1,Geraldo Rivera,Edyta Sliwinska,11,7.545454545454546,0.18181818181818182,Journalist,New York,United States,72,65+,Eliminated Week 2,12,13.0,10,12,0.5652173913043478,0.08333333333333337,-0.4818840579710144,1,0.1,0.0,12,1.0
22,2,Geraldo Rivera,Edyta Sliwinska,11,7.545454545454546,0.18181818181818182,Journalist,New York,United States,72,65+,Eliminated Week 2,12,13.0,10,12,0.5416666666666666,0.08333333333333337,-0.45833333333333326,2,0.2,0.0,12,1.0
22,1,Ginger Zee,Valentin Chmerkovskiy,19,5.2631578947368425,0.47368421052631576,News Anchor,California,United States,35,35-44,3rd Place,3,23.0,10,12,1.0,1.0,0.0,1,0.1,0.0,1,0.08333333333333333
22,2,Ginger Zee,Valentin Chmerkovskiy,19,5.2631578947368425,0.47368421052631576,News Anchor,California,United States,35,35-44,3rd Place,3,21.0,10,12,0.875,0.8333333333333334,-0.04166666666666663,2,0.2,0.0,3,0.25
22,3,Ginger Zee,Valentin Chmerkovskiy,19,5.2631578947368425,0.47368421052631576,News Anchor,California,United States,35,35-44,3rd Place,3,21.0,10,11,0.84,0.5454545454545454,-0.29454545454545455,3,0.3,0.0,6,0.5454545454545454
22,4,Ginger Zee,Valentin Chmerkovskiy,19,5.2631578947368425,0.47368421052631576,News Anchor,California,United States,35,35-44,3rd Place,3,36.0,10,10,1.0,1.0,0.0,4,0.4,0.0,1,0.1
22,5,Ginger Zee,Valentin Chmerkovskiy,19,5.2631578947368425,0.47368421052631576,News Anchor,California,United States,35,35-44,3rd Place,3,32.0,10,9,0.8648648648648649,0.7777777777777778,-0.08708708708708712,5,0.5,0.0,3,0.3333333333333333
22,6,Ginger Zee,Valentin Chmerkovskiy,19,5.2631578947368425,0.47368421052631576,News Anchor,California,United States,35,35-44,3rd Place,3,24.0,10,9,0.8275862068965517,0.4444444444444444,-0.3831417624521073,6,0.6,0.0,6,0.6666666666666666
22,7,Ginger Zee,Valentin Chmerkovskiy,19,5.2631578947368425,0.47368421052631576,News Anchor,California,United States,35,35-44,3rd Place,3,27.5,10,8,0.9821428571428571,0.875,-0.1071428571428571,7,0.7,0.0,2,0.25
22,8,Ginger Zee,Valentin Chmerkovskiy,19,5.2631578947368425,0.47368421052631576,News Anchor,California,United States,35,35-44,3rd Place,3,30.0,10,6,1.0,1.0,0.0,8,0.8,0.0,1,0.16666666666666666
22,9,Ginger Zee,Valentin Chmerkovskiy,19,5.2631578947368425,0.47368421052631576,News Anchor,California,United States,35,35-44,3rd Place,3,28.0,10,5,0.9333333333333333,0.4,-0.5333333333333333,9,0.9,0.0,4,0.8
22,10,Ginger Zee,Valentin Chmerkovskiy,19,5.2631578947368425,0.47368421052631576,News Anchor,California,United States,35,35-44,3rd Place,3,28.333199999999998,10,3,0.9550538315816438,0.33333333333333337,-0.6217204982483104,10,1.0,0.0,3,1.0
22,1,Jodie Sweetin,Keo Motsepe,9,9.88888888888889,0.1111111111111111,Actor/Actress,California,United States,34,25-34,Eliminated Week 8,6,20.0,10,12,0.8695652173913043,0.41666666666666663,-0.4528985507246377,1,0.1,0.0,8,0.6666666666666666
22,2,Jodie Sweetin,Keo Motsepe,9,9.88888888888889,0.1111111111111111,Actor/Actress,California,United States,34,25-34,Eliminated Week 8,6,21.0,10,12,0.875,0.8333333333333334,-0.04166666666666663,2,0.2,0.0,3,0.25
22,3,Jodie Sweetin,Keo Motsepe,9,9.88888888888889,0.1111111111111111,Actor/Actress,California,United States,34,25-34,Eliminated Week 8,6,23.0,10,11,0.92,0.8181818181818181,-0.10181818181818192,3,0.3,0.0,3,0.2727272727272727
22,4,Jodie Sweetin,Keo Motsepe,9,9.88888888888889,0.1111111111111111,Actor/Actress,California,United States,34,25-34,Eliminated Week 8,6,27.0,10,10,0.75,0.19999999999999996,-0.55,4,0.4,0.0,9,0.9
22,5,Jodie Sweetin,Keo Motsepe,9,9.88888888888889,0.1111111111111111,Actor/Actress,California,United States,34,25-34,Eliminated Week 8,6,35.0,10,9,0.9459459459459459,0.8888888888888888,-0.0570570570570571,5,0.5,0.0,2,0.2222222222222222
22,6,Jodie Sweetin,Keo Motsepe,9,9.88888888888889,0.1111111111111111,Actor/Actress,California,United States,34,25-34,Eliminated Week 8,6,25.0,10,9,0.8620689655172413,0.6666666666666667,-0.19540229885057459,6,0.6,0.0,4,0.4444444444444444
22,7,Jodie Sweetin,Keo Motsepe,9,9.88888888888889,0.1111111111111111,Actor/Actress,California,United States,34,25-34,Eliminated Week 8,6,25.5,10,8,0.9107142857142857,0.125,-0.7857142857142857,7,0.7,0.0,8,1.0
22,8,Jodie Sweetin,Keo Motsepe,9,9.88888888888889,0.1111111111111111,Actor/Actress,California,United States,34,25-34,Eliminated Week 8,6,30.0,10,6,1.0,1.0,0.0,8,0.8,0.0,1,0.16666666666666666
22,1,Kim Fields,Sasha Farber,12,6.083333333333333,0.16666666666666666,Actor/Actress,New York,United States,46,45-54,Eliminated Week 7,8,20.0,10,12,0.8695652173913043,0.41666666666666663,-0.4528985507246377,1,0.1,0.0,8,0.6666666666666666
22,2,Kim Fields,Sasha Farber,12,6.083333333333333,0.16666666666666666,Actor/Actress,New York,United States,46,45-54,Eliminated Week 7,8,19.0,10,12,0.7916666666666666,0.33333333333333337,-0.45833333333333326,2,0.2,0.0,9,0.75
22,3,Kim Fields,Sasha Farber,12,6.083333333333333,0.16666666666666666,Actor/Actress,New York,United States,46,45-54,Eliminated Week 7,8,22.0,10,11,0.88,0.6363636363636364,-0.24363636363636365,3,0.3,0.0,5,0.45454545454545453
22,4,Kim Fields,Sasha Farber,12,6.083333333333333,0.16666666666666666,Actor/Actress,New York,United States,46,45-54,Eliminated Week 7,8,32.0,10,10,0.8888888888888888,0.5,-0.38888888888888884,4,0.4,0.0,6,0.6
22,5,Kim Fields,Sasha Farber,12,6.083333333333333,0.16666666666666666,Actor/Actress,New York,United States,46,45-54,Eliminated Week 7,8,28.0,10,9,0.7567567567567568,0.33333333333333337,-0.42342342342342343,5,0.5,0.0,7,0.7777777777777778
22,6,Kim Fields,Sasha Farber,12,6.083333333333333,0.16666666666666666,Actor/Actress,New York,United States,46,45-54,Eliminated Week 7,8,24.0,10,9,0.8275862068965517,0.4444444444444444,-0.3831417624521073,6,0.6,0.0,6,0.6666666666666666
22,7,Kim Fields,Sasha Farber,12,6.083333333333333,0.16666666666666666,Actor/Actress,New York,United States,46,45-54,Eliminated Week 7,8,26.0,10,8,0.9285714285714286,0.5,-0.4285714285714286,7,0.7,0.0,5,0.625
22,1,Marla Maples,Tony Dovolani,21,7.666666666666667,0.14285714285714285,TV Personality,Georgia,United States,52,45-54,Eliminated Week 4,10,21.0,10,12,0.9130434782608695,0.75,-0.1630434782608695,1,0.1,0.0,4,0.3333333333333333
22,2,Marla Maples,Tony Dovolani,21,7.666666666666667,0.14285714285714285,TV Personality,Georgia,United States,52,45-54,Eliminated Week 4,10,20.0,10,12,0.8333333333333334,0.6666666666666667,-0.16666666666666663,2,0.2,0.0,5,0.4166666666666667
22,3,Marla Maples,Tony Dovolani,21,7.666666666666667,0.14285714285714285,TV Personality,Georgia,United States,52,45-54,Eliminated Week 4,10,21.0,10,11,0.84,0.5454545454545454,-0.29454545454545455,3,0.3,0.0,6,0.5454545454545454
22,4,Marla Maples,Tony Dovolani,21,7.666666666666667,0.14285714285714285,TV Personality,Georgia,United States,52,45-54,Eliminated Week 4,10,28.0,10,10,0.7777777777777778,0.30000000000000004,-0.47777777777777775,4,0.4,0.0,8,0.8
22,1,Mischa Barton,Artem Chigvintsev,12,7.416666666666667,0.08333333333333333,Actor/Actress,Unknown,England,30,25-34,Eliminated Week 3,11,16.0,10,12,0.6956521739130435,0.25,-0.44565217391304346,1,0.1,0.0,10,0.8333333333333334
22,2,Mischa Barton,Artem Chigvintsev,12,7.416666666666667,0.08333333333333333,Actor/Actress,Unknown,England,30,25-34,Eliminated Week 3,11,15.0,10,12,0.625,0.16666666666666663,-0.45833333333333337,2,0.2,0.0,11,0.9166666666666666
22,3,Mischa Barton,Artem Chigvintsev,12,7.416666666666667,0.08333333333333333,Actor/Actress,Unknown,England,30,25-34,Eliminated Week 3,11,18.0,10,11,0.72,0.09090909090909094,-0.629090909090909,3,0.3,0.0,11,1.0
22,1,Nyle DiMarco,Peta Murgatroyd,15,7.4,0.13333333333333333,Model,New York,United States,26,25-34,1st Place,1,23.0,10,12,1.0,1.0,0.0,1,0.1,0.0,1,0.08333333333333333
22,2,Nyle DiMarco,Peta Murgatroyd,15,7.4,0.13333333333333333,Model,New York,United States,26,25-34,1st Place,1,20.0,10,12,0.8333333333333334,0.6666666666666667,-0.16666666666666663,2,0.2,0.0,5,0.4166666666666667
22,3,Nyle DiMarco,Peta Murgatroyd,15,7.4,0.13333333333333333,Model,New York,United States,26,25-34,1st Place,1,25.0,10,11,1.0,1.0,0.0,3,0.3,0.0,1,0.09090909090909091
22,4,Nyle DiMarco,Peta Murgatroyd,15,7.4,0.13333333333333333,Model,New York,United States,26,25-34,1st Place,1,34.0,10,10,0.9444444444444444,0.6,-0.34444444444444444,4,0.4,0.0,5,0.5
22,5,Nyle DiMarco,Peta Murgatroyd,15,7.4,0.13333333333333333,Model,New York,United States,26,25-34,1st Place,1,37.0,10,9,1.0,1.0,0.0,5,0.5,0.0,1,0.1111111111111111
22,6,Nyle DiMarco,Peta Murgatroyd,15,7.4,0.13333333333333333,Model,New York,United States,26,25-34,1st Place,1,25.0,10,9,0.8620689655172413,0.6666666666666667,-0.19540229885057459,6,0.6,0.0,4,0.4444444444444444
22,7,Nyle DiMarco,Peta Murgatroyd,15,7.4,0.13333333333333333,Model,New York,United States,26,25-34,1st Place,1,28.0,10,8,1.0,1.0,0.0,7,0.7,0.0,1,0.125
22,8,Nyle DiMarco,Peta Murgatroyd,15,7.4,0.13333333333333333,Model,New York,United States,26,25-34,1st Place,1,29.0,10,6,0.9666666666666667,0.6666666666666667,-0.29999999999999993,8,0.8,0.0,3,0.5
22,9,Nyle DiMarco,Peta Murgatroyd,15,7.4,0.13333333333333333,Model,New York,United States,26,25-34,1st Place,1,28.5,10,5,0.95,0.6,-0.35,9,0.9,0.0,3,0.6
22,10,Nyle DiMarco,Peta Murgatroyd,15,7.4,0.13333333333333333,Model,New York,United States,26,25-34,1st Place,1,28.9998,10,3,0.9775235449967302,0.6666666666666667,-0.3108568783300635,10,1.0,0.0,2,0.6666666666666666
22,1,Paige VanZant,Mark Ballas,21,5.190476190476191,0.47619047619047616,Athlete,Oregon,United States,22,<25,2nd Place,2,21.0,10,12,0.9130434782608695,0.75,-0.1630434782608695,1,0.1,0.0,4,0.3333333333333333
22,2,Paige VanZant,Mark Ballas,21,5.190476190476191,0.47619047619047616,Athlete,Oregon,United States,22,<25,2nd Place,2,24.0,10,12,1.0,1.0,0.0,2,0.2,0.0,1,0.08333333333333333
22,3,Paige VanZant,Mark Ballas,21,5.190476190476191,0.47619047619047616,Athlete,Oregon,United States,22,<25,2nd Place,2,23.0,10,11,0.92,0.8181818181818181,-0.10181818181818192,3,0.3,0.0,3,0.2727272727272727
22,4,Paige VanZant,Mark Ballas,21,5.190476190476191,0.47619047619047616,Athlete,Oregon,United States,22,<25,2nd Place,2,36.0,10,10,1.0,1.0,0.0,4,0.4,0.0,1,0.1
22,5,Paige VanZant,Mark Ballas,21,5.190476190476191,0.47619047619047616,Athlete,Oregon,United States,22,<25,2nd Place,2,31.0,10,9,0.8378378378378378,0.6666666666666667,-0.1711711711711711,5,0.5,0.0,4,0.4444444444444444
22,6,Paige VanZant,Mark Ballas,21,5.190476190476191,0.47619047619047616,Athlete,Oregon,United States,22,<25,2nd Place,2,28.0,10,9,0.9655172413793104,0.8888888888888888,-0.07662835249042155,6,0.6,0.0,2,0.2222222222222222
22,7,Paige VanZant,Mark Ballas,21,5.190476190476191,0.47619047619047616,Athlete,Oregon,United States,22,<25,2nd Place,2,27.5,10,8,0.9821428571428571,0.875,-0.1071428571428571,7,0.7,0.0,2,0.25
22,8,Paige VanZant,Mark Ballas,21,5.190476190476191,0.47619047619047616,Athlete,Oregon,United States,22,<25,2nd Place,2,28.0,10,6,0.9333333333333333,0.5,-0.43333333333333335,8,0.8,0.0,4,0.6666666666666666
22,9,Paige VanZant,Mark Ballas,21,5.190476190476191,0.47619047619047616,Athlete,Oregon,United States,22,<25,2nd Place,2,29.5,10,5,0.9833333333333333,0.8,-0.18333333333333324,9,0.9,0.0,2,0.4
22,10,Paige VanZant,Mark Ballas,21,5.190476190476191,0.47619047619047616,Athlete,Oregon,United States,22,<25,2nd Place,2,29.666600000000003,10,3,1.0,1.0,0.0,10,1.0,0.0,1,0.3333333333333333
22,1,Von Miller,Witney Carson,14,5.5,0.35714285714285715,Athlete,Texas,United States,27,25-34,Eliminated Week 7,7,21.0,10,12,0.9130434782608695,0.75,-0.1630434782608695,1,0.1,0.0,4,0.3333333333333333
22,2,Von Miller,Witney Carson,14,5.5,0.35714285714285715,Athlete,Texas,United States,27,25-34,Eliminated Week 7,7,20.0,10,12,0.8333333333333334,0.6666666666666667,-0.16666666666666663,2,0.2,0.0,5,0.4166666666666667
22,3,Von Miller,Witney Carson,14,5.5,0.35714285714285715,Athlete,Texas,United States,27,25-34,Eliminated Week 7,7,20.0,10,11,0.8,0.36363636363636365,-0.4363636363636364,3,0.3,0.0,8,0.7272727272727273
22,4,Von Miller,Witney Carson,14,5.5,0.35714285714285715,Athlete,Texas,United States,27,25-34,Eliminated Week 7,7,32.0,10,10,0.8888888888888888,0.5,-0.38888888888888884,4,0.4,0.0,6,0.6
22,5,Von Miller,Witney Carson,14,5.5,0.35714285714285715,Athlete,Texas,United States,27,25-34,Eliminated Week 7,7,29.0,10,9,0.7837837837837838,0.4444444444444444,-0.33933933933933935,5,0.5,0.0,6,0.6666666666666666
22,6,Von Miller,Witney Carson,14,5.5,0.35714285714285715,Athlete,Texas,United States,27,25-34,Eliminated Week 7,7,24.0,10,9,0.8275862068965517,0.4444444444444444,-0.3831417624521073,6,0.6,0.0,6,0.6666666666666666
22,7,Von Miller,Witney Carson,14,5.5,0.35714285714285715,Athlete,Texas,United States,27,25-34,Eliminated Week 7,7,26.0,10,8,0.9285714285714286,0.5,-0.4285714285714286,7,0.7,0.0,5,0.625
22,1,Wanya Morris,Lindsay Arnold,10,5.4,0.4,Singer/Rapper,Pennsylvania,United States,42,35-44,Eliminated Week 9,4,23.0,10,12,1.0,1.0,0.0,1,0.1,0.0,1,0.08333333333333333
22,2,Wanya Morris,Lindsay Arnold,10,5.4,0.4,Singer/Rapper,Pennsylvania,United States,42,35-44,Eliminated Week 9,4,24.0,10,12,1.0,1.0,0.0,2,0.2,0.0,1,0.08333333333333333
22,3,Wanya Morris,Lindsay Arnold,10,5.4,0.4,Singer/Rapper,Pennsylvania,United States,42,35-44,Eliminated Week 9,4,24.0,10,11,0.96,0.9090909090909091,-0.050909090909090904,3,0.3,0.0,2,0.18181818181818182
22,4,Wanya Morris,Lindsay Arnold,10,5.4,0.4,Singer/Rapper,Pennsylvania,United States,42,35-44,Eliminated Week 9,4,35.0,10,10,0.9722222222222222,0.8,-0.17222222222222217,4,0.4,0.0,3,0.3
22,5,Wanya Morris,Lindsay Arnold,10,5.4,0.4,Singer/Rapper,Pennsylvania,United States,42,35-44,Eliminated Week 9,4,30.0,10,9,0.8108108108108109,0.5555555555555556,-0.2552552552552553,5,0.5,0.0,5,0.5555555555555556
22,6,Wanya Morris,Lindsay Arnold,10,5.4,0.4,Singer/Rapper,Pennsylvania,United States,42,35-44,Eliminated Week 9,4,29.0,10,9,1.0,1.0,0.0,6,0.6,0.0,1,0.1111111111111111
22,7,Wanya Morris,Lindsay Arnold,10,5.4,0.4,Singer/Rapper,Pennsylvania,United States,42,35-44,Eliminated Week 9,4,27.5,10,8,0.9821428571428571,0.875,-0.1071428571428571,7,0.7,0.0,2,0.25
22,8,Wanya Morris,Lindsay Arnold,10,5.4,0.4,Singer/Rapper,Pennsylvania,United States,42,35-44,Eliminated Week 9,4,25.0,10,6,0.8333333333333334,0.16666666666666663,-0.6666666666666667,8,0.8,0.0,6,1.0
22,9,Wanya Morris,Lindsay Arnold,10,5.4,0.4,Singer/Rapper,Pennsylvania,United States,42,35-44,Eliminated Week 9,4,30.0,10,5,1.0,1.0,0.0,9,0.9,0.0,1,0.2
23,1,Amber Rose,Maksim Chmerkoskiy,17,6.0,0.29411764705882354,Model,Pennsylvania,United States,32,25-34,Eliminated Week 6,9,24.0,11,13,0.7741935483870968,0.3846153846153846,-0.38957816377171217,1,0.09090909090909091,0.0,9,0.6923076923076923
23,2,Amber Rose,Maksim Chmerkoskiy,17,6.0,0.29411764705882354,Model,Pennsylvania,United States,32,25-34,Eliminated Week 6,9,24.0,11,13,0.75,0.3076923076923077,-0.4423076923076923,2,0.18181818181818182,0.0,10,0.7692307692307693
23,3,Amber Rose,Maksim Chmerkoskiy,17,6.0,0.29411764705882354,Model,Pennsylvania,United States,32,25-34,Eliminated Week 6,9,25.0,11,12,0.78125,0.41666666666666663,-0.36458333333333337,3,0.2727272727272727,0.0,8,0.6666666666666666
23,4,Amber Rose,Maksim Chmerkoskiy,17,6.0,0.29411764705882354,Model,Pennsylvania,United States,32,25-34,Eliminated Week 6,9,24.0,11,11,0.8,0.7272727272727273,-0.07272727272727275,4,0.36363636363636365,0.0,4,0.36363636363636365
23,5,Amber Rose,Maksim Chmerkoskiy,17,6.0,0.29411764705882354,Model,Pennsylvania,United States,32,25-34,Eliminated Week 6,9,24.0,11,9,0.8275862068965517,0.4444444444444444,-0.3831417624521073,5,0.45454545454545453,0.0,6,0.6666666666666666
23,6,Amber Rose,Maksim Chmerkoskiy,17,6.0,0.29411764705882354,Model,Pennsylvania,United States,32,25-34,Eliminated Week 6,9,28.0,11,9,0.7,0.11111111111111116,-0.5888888888888888,6,0.5454545454545454,0.0,9,1.0
23,1,Babyface,Allison Holker,4,7.25,0.25,Singer/Rapper,Indiana,United States,57,55-64,Eliminated Week 4,11,26.0,11,13,0.8387096774193549,0.6923076923076923,-0.14640198511166258,1,0.09090909090909091,0.0,5,0.38461538461538464
23,2,Babyface,Allison Holker,4,7.25,0.25,Singer/Rapper,Indiana,United States,57,55-64,Eliminated Week 4,11,30.0,11,13,0.9375,0.8461538461538461,-0.09134615384615385,2,0.18181818181818182,0.0,3,0.23076923076923078
23,3,Babyface,Allison Holker,4,7.25,0.25,Singer/Rapper,Indiana,United States,57,55-64,Eliminated Week 4,11,25.0,11,12,0.78125,0.41666666666666663,-0.36458333333333337,3,0.2727272727272727,0.0,8,0.6666666666666666
23,4,Babyface,Allison Holker,4,7.25,0.25,Singer/Rapper,Indiana,United States,57,55-64,Eliminated Week 4,11,18.0,11,11,0.6,0.09090909090909094,-0.509090909090909,4,0.36363636363636365,0.0,11,1.0
23,1,Calvin Johnson Jr.,Lindsay Arnold,10,5.4,0.4,Athlete,Georgia,United States,30,25-34,3rd Place,3,26.0,11,13,0.8387096774193549,0.6923076923076923,-0.14640198511166258,1,0.09090909090909091,0.0,5,0.38461538461538464
23,2,Calvin Johnson Jr.,Lindsay Arnold,10,5.4,0.4,Athlete,Georgia,United States,30,25-34,3rd Place,3,28.0,11,13,0.875,0.6153846153846154,-0.2596153846153846,2,0.18181818181818182,0.0,6,0.46153846153846156
23,3,Calvin Johnson Jr.,Lindsay Arnold,10,5.4,0.4,Athlete,Georgia,United States,30,25-34,3rd Place,3,32.0,11,12,1.0,1.0,0.0,3,0.2727272727272727,0.0,1,0.08333333333333333
23,4,Calvin Johnson Jr.,Lindsay Arnold,10,5.4,0.4,Athlete,Georgia,United States,30,25-34,3rd Place,3,23.0,11,11,0.7666666666666667,0.5454545454545454,-0.2212121212121213,4,0.36363636363636365,0.0,6,0.5454545454545454
23,5,Calvin Johnson Jr.,Lindsay Arnold,10,5.4,0.4,Athlete,Georgia,United States,30,25-34,3rd Place,3,24.0,11,9,0.8275862068965517,0.4444444444444444,-0.3831417624521073,5,0.45454545454545453,0.0,6,0.6666666666666666
23,6,Calvin Johnson Jr.,Lindsay Arnold,10,5.4,0.4,Athlete,Georgia,United States,30,25-34,3rd Place,3,37.0,11,9,0.925,0.7777777777777778,-0.14722222222222225,6,0.5454545454545454,0.0,3,0.3333333333333333
23,7,Calvin Johnson Jr.,Lindsay Arnold,10,5.4,0.4,Athlete,Georgia,United States,30,25-34,3rd Place,3,37.0,11,8,1.0,1.0,0.0,7,0.6363636363636364,0.0,1,0.125
23,8,Calvin Johnson Jr.,Lindsay Arnold,10,5.4,0.4,Athlete,Georgia,United States,30,25-34,3rd Place,3,30.0,11,7,0.8571477551300293,0.7142857142857143,-0.14286204084431497,8,0.7272727272727273,0.0,3,0.42857142857142855
23,9,Calvin Johnson Jr.,Lindsay Arnold,10,5.4,0.4,Athlete,Georgia,United States,30,25-34,3rd Place,3,37.0,11,6,0.925,0.5,-0.42500000000000004,9,0.8181818181818182,0.0,4,0.6666666666666666
23,10,Calvin Johnson Jr.,Lindsay Arnold,10,5.4,0.4,Athlete,Georgia,United States,30,25-34,3rd Place,3,28.0,11,5,0.9333333333333333,0.19999999999999996,-0.7333333333333334,10,0.9090909090909091,0.0,5,1.0
23,11,Calvin Johnson Jr.,Lindsay Arnold,10,5.4,0.4,Athlete,Georgia,United States,30,25-34,3rd Place,3,38.3331,11,4,0.9745736426225173,0.5,-0.47457364262251733,11,1.0,0.0,3,0.75
23,1,Jake T. Austin,Jenna Johnson,9,6.444444444444445,0.4444444444444444,Actor/Actress,New York,United States,21,<25,Eliminated Week 2,13,22.0,11,13,0.7096774193548387,0.23076923076923073,-0.478908188585608,1,0.09090909090909091,0.0,11,0.8461538461538461
23,2,Jake T. Austin,Jenna Johnson,9,6.444444444444445,0.4444444444444444,Actor/Actress,New York,United States,21,<25,Eliminated Week 2,13,24.0,11,13,0.75,0.3076923076923077,-0.4423076923076923,2,0.18181818181818182,0.0,10,0.7692307692307693
23,1,James Hinchcliffe,Sharna Burgess,14,6.571428571428571,0.35714285714285715,Racing Driver,Unknown,Canada,29,25-34,2nd Place,2,31.0,11,13,1.0,1.0,0.0,1,0.09090909090909091,0.0,1,0.07692307692307693
23,2,James Hinchcliffe,Sharna Burgess,14,6.571428571428571,0.35714285714285715,Racing Driver,Unknown,Canada,29,25-34,2nd Place,2,29.0,11,13,0.90625,0.7692307692307692,-0.13701923076923084,2,0.18181818181818182,0.0,4,0.3076923076923077
23,3,James Hinchcliffe,Sharna Burgess,14,6.571428571428571,0.35714285714285715,Racing Driver,Unknown,Canada,29,25-34,2nd Place,2,29.0,11,12,0.90625,0.75,-0.15625,3,0.2727272727272727,0.0,4,0.3333333333333333
23,4,James Hinchcliffe,Sharna Burgess,14,6.571428571428571,0.35714285714285715,Racing Driver,Unknown,Canada,29,25-34,2nd Place,2,28.0,11,11,0.9333333333333333,0.9090909090909091,-0.024242424242424288,4,0.36363636363636365,0.0,2,0.18181818181818182
23,5,James Hinchcliffe,Sharna Burgess,14,6.571428571428571,0.35714285714285715,Racing Driver,Unknown,Canada,29,25-34,2nd Place,2,29.0,11,9,1.0,1.0,0.0,5,0.45454545454545453,0.0,1,0.1111111111111111
23,6,James Hinchcliffe,Sharna Burgess,14,6.571428571428571,0.35714285714285715,Racing Driver,Unknown,Canada,29,25-34,2nd Place,2,38.0,11,9,0.95,0.8888888888888888,-0.061111111111111116,6,0.5454545454545454,0.0,2,0.2222222222222222
23,7,James Hinchcliffe,Sharna Burgess,14,6.571428571428571,0.35714285714285715,Racing Driver,Unknown,Canada,29,25-34,2nd Place,2,37.0,11,8,1.0,1.0,0.0,7,0.6363636363636364,0.0,1,0.125
23,8,James Hinchcliffe,Sharna Burgess,14,6.571428571428571,0.35714285714285715,Racing Driver,Unknown,Canada,29,25-34,2nd Place,2,34.9998,11,7,1.0,1.0,0.0,8,0.7272727272727273,0.0,1,0.14285714285714285
23,9,James Hinchcliffe,Sharna Burgess,14,6.571428571428571,0.35714285714285715,Racing Driver,Unknown,Canada,29,25-34,2nd Place,2,36.0,11,6,0.9,0.33333333333333337,-0.5666666666666667,9,0.8181818181818182,0.0,5,0.8333333333333334
23,10,James Hinchcliffe,Sharna Burgess,14,6.571428571428571,0.35714285714285715,Racing Driver,Unknown,Canada,29,25-34,2nd Place,2,29.5,11,5,0.9833333333333333,0.6,-0.3833333333333333,10,0.9090909090909091,0.0,3,0.6
23,11,James Hinchcliffe,Sharna Burgess,14,6.571428571428571,0.35714285714285715,Racing Driver,Unknown,Canada,29,25-34,2nd Place,2,38.9998,11,4,0.9915237000803392,0.75,-0.2415237000803392,11,1.0,0.0,2,0.5
23,1,Jana Kramer,Gleb Savchenko,13,8.461538461538462,0.0,Singer/Rapper,Michigan,United States,32,25-34,Eliminated Week 11,4,27.0,11,13,0.8709677419354839,0.8461538461538461,-0.02481389578163773,1,0.09090909090909091,0.0,3,0.23076923076923078
23,2,Jana Kramer,Gleb Savchenko,13,8.461538461538462,0.0,Singer/Rapper,Michigan,United States,32,25-34,Eliminated Week 11,4,29.0,11,13,0.90625,0.7692307692307692,-0.13701923076923084,2,0.18181818181818182,0.0,4,0.3076923076923077
23,3,Jana Kramer,Gleb Savchenko,13,8.461538461538462,0.0,Singer/Rapper,Michigan,United States,32,25-34,Eliminated Week 11,4,26.0,11,12,0.8125,0.5,-0.3125,3,0.2727272727272727,0.0,7,0.5833333333333334
23,4,Jana Kramer,Gleb Savchenko,13,8.461538461538462,0.0,Singer/Rapper,Michigan,United States,32,25-34,Eliminated Week 11,4,23.0,11,11,0.7666666666666667,0.5454545454545454,-0.2212121212121213,4,0.36363636363636365,0.0,6,0.5454545454545454
23,5,Jana Kramer,Gleb Savchenko,13,8.461538461538462,0.0,Singer/Rapper,Michigan,United States,32,25-34,Eliminated Week 11,4,26.0,11,9,0.896551724137931,0.6666666666666667,-0.2298850574712643,5,0.45454545454545453,0.0,4,0.4444444444444444
23,6,Jana Kramer,Gleb Savchenko,13,8.461538461538462,0.0,Singer/Rapper,Michigan,United States,32,25-34,Eliminated Week 11,4,40.0,11,9,1.0,1.0,0.0,6,0.5454545454545454,0.0,1,0.1111111111111111
23,7,Jana Kramer,Gleb Savchenko,13,8.461538461538462,0.0,Singer/Rapper,Michigan,United States,32,25-34,Eliminated Week 11,4,34.5,11,8,0.9324324324324325,0.75,-0.18243243243243246,7,0.6363636363636364,0.0,3,0.375
23,8,Jana Kramer,Gleb Savchenko,13,8.461538461538462,0.0,Singer/Rapper,Michigan,United States,32,25-34,Eliminated Week 11,4,30.0,11,7,0.8571477551300293,0.7142857142857143,-0.14286204084431497,8,0.7272727272727273,0.0,3,0.42857142857142855
23,9,Jana Kramer,Gleb Savchenko,13,8.461538461538462,0.0,Singer/Rapper,Michigan,United States,32,25-34,Eliminated Week 11,4,40.0,11,6,1.0,1.0,0.0,9,0.8181818181818182,0.0,1,0.16666666666666666
23,10,Jana Kramer,Gleb Savchenko,13,8.461538461538462,0.0,Singer/Rapper,Michigan,United States,32,25-34,Eliminated Week 11,4,29.0,11,5,0.9666666666666667,0.4,-0.5666666666666667,10,0.9090909090909091,0.0,4,0.8
23,11,Jana Kramer,Gleb Savchenko,13,8.461538461538462,0.0,Singer/Rapper,Michigan,United States,32,25-34,Eliminated Week 11,4,35.5,11,4,0.9025454323573977,0.25,-0.6525454323573977,11,1.0,0.0,4,1.0
23,1,Laurie Hernandez,Valentin Chmerkovskiy,19,5.2631578947368425,0.47368421052631576,Athlete,New Jersey,United States,16,<25,1st Place,1,31.0,11,13,1.0,1.0,0.0,1,0.09090909090909091,0.0,1,0.07692307692307693
23,2,Laurie Hernandez,Valentin Chmerkovskiy,19,5.2631578947368425,0.47368421052631576,Athlete,New Jersey,United States,16,<25,1st Place,1,32.0,11,13,1.0,1.0,0.0,2,0.18181818181818182,0.0,1,0.07692307692307693
23,3,Laurie Hernandez,Valentin Chmerkovskiy,19,5.2631578947368425,0.47368421052631576,Athlete,New Jersey,United States,16,<25,1st Place,1,31.0,11,12,0.96875,0.9166666666666666,-0.05208333333333337,3,0.2727272727272727,0.0,2,0.16666666666666666
23,4,Laurie Hernandez,Valentin Chmerkovskiy,19,5.2631578947368425,0.47368421052631576,Athlete,New Jersey,United States,16,<25,1st Place,1,30.0,11,11,1.0,1.0,0.0,4,0.36363636363636365,0.0,1,0.09090909090909091
23,5,Laurie Hernandez,Valentin Chmerkovskiy,19,5.2631578947368425,0.47368421052631576,Athlete,New Jersey,United States,16,<25,1st Place,1,25.0,11,9,0.8620689655172413,0.5555555555555556,-0.30651340996168575,5,0.45454545454545453,0.0,5,0.5555555555555556
23,6,Laurie Hernandez,Valentin Chmerkovskiy,19,5.2631578947368425,0.47368421052631576,Athlete,New Jersey,United States,16,<25,1st Place,1,37.0,11,9,0.925,0.7777777777777778,-0.14722222222222225,6,0.5454545454545454,0.0,3,0.3333333333333333
23,7,Laurie Hernandez,Valentin Chmerkovskiy,19,5.2631578947368425,0.47368421052631576,Athlete,New Jersey,United States,16,<25,1st Place,1,34.5,11,8,0.9324324324324325,0.75,-0.18243243243243246,7,0.6363636363636364,0.0,3,0.375
23,8,Laurie Hernandez,Valentin Chmerkovskiy,19,5.2631578947368425,0.47368421052631576,Athlete,New Jersey,United States,16,<25,1st Place,1,33.0,11,7,0.9428625306430323,0.8571428571428572,-0.08571967350017506,8,0.7272727272727273,0.0,2,0.2857142857142857
23,9,Laurie Hernandez,Valentin Chmerkovskiy,19,5.2631578947368425,0.47368421052631576,Athlete,New Jersey,United States,16,<25,1st Place,1,40.0,11,6,1.0,1.0,0.0,9,0.8181818181818182,0.0,1,0.16666666666666666
23,10,Laurie Hernandez,Valentin Chmerkovskiy,19,5.2631578947368425,0.47368421052631576,Athlete,New Jersey,United States,16,<25,1st Place,1,30.0,11,5,1.0,1.0,0.0,10,0.9090909090909091,0.0,1,0.2
23,11,Laurie Hernandez,Valentin Chmerkovskiy,19,5.2631578947368425,0.47368421052631576,Athlete,New Jersey,United States,16,<25,1st Place,1,39.333200000000005,11,4,1.0,1.0,0.0,11,1.0,0.0,1,0.25
23,1,Marilu Henner,Derek Hough,17,2.9411764705882355,0.5294117647058824,Actor/Actress,Illinois,United States,64,55-64,Eliminated Week 9,6,27.0,11,13,0.8709677419354839,0.8461538461538461,-0.02481389578163773,1,0.09090909090909091,0.0,3,0.23076923076923078
23,2,Marilu Henner,Derek Hough,17,2.9411764705882355,0.5294117647058824,Actor/Actress,Illinois,United States,64,55-64,Eliminated Week 9,6,27.0,11,13,0.84375,0.5384615384615384,-0.30528846153846156,2,0.18181818181818182,0.0,7,0.5384615384615384
23,3,Marilu Henner,Derek Hough,17,2.9411764705882355,0.5294117647058824,Actor/Actress,Illinois,United States,64,55-64,Eliminated Week 9,6,28.0,11,12,0.875,0.6666666666666667,-0.20833333333333326,3,0.2727272727272727,0.0,5,0.4166666666666667
23,4,Marilu Henner,Derek Hough,17,2.9411764705882355,0.5294117647058824,Actor/Actress,Illinois,United States,64,55-64,Eliminated Week 9,6,21.0,11,11,0.7,0.18181818181818177,-0.5181818181818182,4,0.36363636363636365,0.0,10,0.9090909090909091
23,5,Marilu Henner,Derek Hough,17,2.9411764705882355,0.5294117647058824,Actor/Actress,Illinois,United States,64,55-64,Eliminated Week 9,6,27.0,11,9,0.9310344827586207,0.8888888888888888,-0.04214559386973182,5,0.45454545454545453,0.0,2,0.2222222222222222
23,6,Marilu Henner,Derek Hough,17,2.9411764705882355,0.5294117647058824,Actor/Actress,Illinois,United States,64,55-64,Eliminated Week 9,6,34.0,11,9,0.85,0.5555555555555556,-0.2944444444444444,6,0.5454545454545454,0.0,5,0.5555555555555556
23,7,Marilu Henner,Derek Hough,17,2.9411764705882355,0.5294117647058824,Actor/Actress,Illinois,United States,64,55-64,Eliminated Week 9,6,32.0,11,8,0.8648648648648649,0.125,-0.7398648648648649,7,0.6363636363636364,0.0,8,1.0
23,8,Marilu Henner,Derek Hough,17,2.9411764705882355,0.5294117647058824,Actor/Actress,Illinois,United States,64,55-64,Eliminated Week 9,6,23.0,11,7,0.6571466122663558,0.1428571428571429,-0.5142894694092129,8,0.7272727272727273,0.0,7,1.0
23,9,Marilu Henner,Derek Hough,17,2.9411764705882355,0.5294117647058824,Actor/Actress,Illinois,United States,64,55-64,Eliminated Week 9,6,36.0,11,6,0.9,0.33333333333333337,-0.5666666666666667,9,0.8181818181818182,0.0,5,0.8333333333333334
23,1,Maureen McCormick,Artem Chigvintsev,12,7.416666666666667,0.08333333333333333,Actor/Actress,California,United States,60,55-64,Eliminated Week 7,8,22.0,11,13,0.7096774193548387,0.23076923076923073,-0.478908188585608,1,0.09090909090909091,0.0,11,0.8461538461538461
23,2,Maureen McCormick,Artem Chigvintsev,12,7.416666666666667,0.08333333333333333,Actor/Actress,California,United States,60,55-64,Eliminated Week 7,8,26.0,11,13,0.8125,0.46153846153846156,-0.35096153846153844,2,0.18181818181818182,0.0,8,0.6153846153846154
23,3,Maureen McCormick,Artem Chigvintsev,12,7.416666666666667,0.08333333333333333,Actor/Actress,California,United States,60,55-64,Eliminated Week 7,8,28.0,11,12,0.875,0.6666666666666667,-0.20833333333333326,3,0.2727272727272727,0.0,5,0.4166666666666667
23,4,Maureen McCormick,Artem Chigvintsev,12,7.416666666666667,0.08333333333333333,Actor/Actress,California,United States,60,55-64,Eliminated Week 7,8,24.0,11,11,0.8,0.7272727272727273,-0.07272727272727275,4,0.36363636363636365,0.0,4,0.36363636363636365
23,5,Maureen McCormick,Artem Chigvintsev,12,7.416666666666667,0.08333333333333333,Actor/Actress,California,United States,60,55-64,Eliminated Week 7,8,24.0,11,9,0.8275862068965517,0.4444444444444444,-0.3831417624521073,5,0.45454545454545453,0.0,6,0.6666666666666666
23,6,Maureen McCormick,Artem Chigvintsev,12,7.416666666666667,0.08333333333333333,Actor/Actress,California,United States,60,55-64,Eliminated Week 7,8,31.0,11,9,0.775,0.4444444444444444,-0.3305555555555556,6,0.5454545454545454,0.0,6,0.6666666666666666
23,7,Maureen McCormick,Artem Chigvintsev,12,7.416666666666667,0.08333333333333333,Actor/Actress,California,United States,60,55-64,Eliminated Week 7,8,33.0,11,8,0.8918918918918919,0.375,-0.5168918918918919,7,0.6363636363636364,0.0,6,0.75
23,1,Rick Perry,Emma Slater,16,7.9375,0.0625,Politician,Texas,United States,66,65+,Eliminated Week 3,12,20.0,11,13,0.6451612903225806,0.07692307692307687,-0.5682382133995038,1,0.09090909090909091,0.0,13,1.0
23,2,Rick Perry,Emma Slater,16,7.9375,0.0625,Politician,Texas,United States,66,65+,Eliminated Week 3,12,22.0,11,13,0.6875,0.07692307692307687,-0.6105769230769231,2,0.18181818181818182,0.0,13,1.0
23,3,Rick Perry,Emma Slater,16,7.9375,0.0625,Politician,Texas,United States,66,65+,Eliminated Week 3,12,23.0,11,12,0.71875,0.16666666666666663,-0.5520833333333334,3,0.2727272727272727,0.0,11,0.9166666666666666
23,1,Ryan Lochte,Cheryl Burke,25,5.8,0.32,Athlete,New York,United States,32,25-34,Eliminated Week 8,7,24.0,11,13,0.7741935483870968,0.3846153846153846,-0.38957816377171217,1,0.09090909090909091,0.0,9,0.6923076923076923
23,2,Ryan Lochte,Cheryl Burke,25,5.8,0.32,Athlete,New York,United States,32,25-34,Eliminated Week 8,7,24.0,11,13,0.75,0.3076923076923077,-0.4423076923076923,2,0.18181818181818182,0.0,10,0.7692307692307693
23,3,Ryan Lochte,Cheryl Burke,25,5.8,0.32,Athlete,New York,United States,32,25-34,Eliminated Week 8,7,25.0,11,12,0.78125,0.41666666666666663,-0.36458333333333337,3,0.2727272727272727,0.0,8,0.6666666666666666
23,4,Ryan Lochte,Cheryl Burke,25,5.8,0.32,Athlete,New York,United States,32,25-34,Eliminated Week 8,7,22.0,11,11,0.7333333333333333,0.2727272727272727,-0.4606060606060606,4,0.36363636363636365,0.0,9,0.8181818181818182
23,5,Ryan Lochte,Cheryl Burke,25,5.8,0.32,Athlete,New York,United States,32,25-34,Eliminated Week 8,7,24.0,11,9,0.8275862068965517,0.4444444444444444,-0.3831417624521073,5,0.45454545454545453,0.0,6,0.6666666666666666
23,6,Ryan Lochte,Cheryl Burke,25,5.8,0.32,Athlete,New York,United States,32,25-34,Eliminated Week 8,7,30.0,11,9,0.75,0.33333333333333337,-0.41666666666666663,6,0.5454545454545454,0.0,7,0.7777777777777778
23,7,Ryan Lochte,Cheryl Burke,25,5.8,0.32,Athlete,New York,United States,32,25-34,Eliminated Week 8,7,33.0,11,8,0.8918918918918919,0.375,-0.5168918918918919,7,0.6363636363636364,0.0,6,0.75
23,8,Ryan Lochte,Cheryl Burke,25,5.8,0.32,Athlete,New York,United States,32,25-34,Eliminated Week 8,7,26.0,11,7,0.7428613877793587,0.4285714285714286,-0.3142899592079301,8,0.7272727272727273,0.0,5,0.7142857142857143
23,1,Terra Jole,Sasha Farber,12,6.083333333333333,0.16666666666666666,TV Personality,Texas,United States,36,35-44,Eliminated Week 10,5,25.0,11,13,0.8064516129032258,0.5384615384615384,-0.2679900744416873,1,0.09090909090909091,0.0,7,0.5384615384615384
23,2,Terra Jole,Sasha Farber,12,6.083333333333333,0.16666666666666666,TV Personality,Texas,United States,36,35-44,Eliminated Week 10,5,31.0,11,13,0.96875,0.9230769230769231,-0.04567307692307687,2,0.18181818181818182,0.0,2,0.15384615384615385
23,3,Terra Jole,Sasha Farber,12,6.083333333333333,0.16666666666666666,TV Personality,Texas,United States,36,35-44,Eliminated Week 10,5,30.0,11,12,0.9375,0.8333333333333334,-0.10416666666666663,3,0.2727272727272727,0.0,3,0.25
23,4,Terra Jole,Sasha Farber,12,6.083333333333333,0.16666666666666666,TV Personality,Texas,United States,36,35-44,Eliminated Week 10,5,25.0,11,11,0.8333333333333334,0.8181818181818181,-0.015151515151515249,4,0.36363636363636365,0.0,3,0.2727272727272727
23,5,Terra Jole,Sasha Farber,12,6.083333333333333,0.16666666666666666,TV Personality,Texas,United States,36,35-44,Eliminated Week 10,5,27.0,11,9,0.9310344827586207,0.8888888888888888,-0.04214559386973182,5,0.45454545454545453,0.0,2,0.2222222222222222
23,6,Terra Jole,Sasha Farber,12,6.083333333333333,0.16666666666666666,TV Personality,Texas,United States,36,35-44,Eliminated Week 10,5,30.0,11,9,0.75,0.33333333333333337,-0.41666666666666663,6,0.5454545454545454,0.0,7,0.7777777777777778
23,7,Terra Jole,Sasha Farber,12,6.083333333333333,0.16666666666666666,TV Personality,Texas,United States,36,35-44,Eliminated Week 10,5,34.5,11,8,0.9324324324324325,0.75,-0.18243243243243246,7,0.6363636363636364,0.0,3,0.375
23,8,Terra Jole,Sasha Farber,12,6.083333333333333,0.16666666666666666,TV Personality,Texas,United States,36,35-44,Eliminated Week 10,5,24.0,11,7,0.6857182041040234,0.2857142857142857,-0.4000039183897377,8,0.7272727272727273,0.0,6,0.8571428571428571
23,9,Terra Jole,Sasha Farber,12,6.083333333333333,0.16666666666666666,TV Personality,Texas,United States,36,35-44,Eliminated Week 10,5,38.0,11,6,0.95,0.6666666666666667,-0.2833333333333332,9,0.8181818181818182,0.0,3,0.5
23,10,Terra Jole,Sasha Farber,12,6.083333333333333,0.16666666666666666,TV Personality,Texas,United States,36,35-44,Eliminated Week 10,5,30.0,11,5,1.0,1.0,0.0,10,0.9090909090909091,0.0,1,0.2
23,1,Vanilla Ice,Witney Carson,14,5.5,0.35714285714285715,Singer/Rapper,Texas,United States,48,45-54,Eliminated Week 4,10,25.0,11,13,0.8064516129032258,0.5384615384615384,-0.2679900744416873,1,0.09090909090909091,0.0,7,0.5384615384615384
23,2,Vanilla Ice,Witney Carson,14,5.5,0.35714285714285715,Singer/Rapper,Texas,United States,48,45-54,Eliminated Week 4,10,26.0,11,13,0.8125,0.46153846153846156,-0.35096153846153844,2,0.18181818181818182,0.0,8,0.6153846153846154
23,3,Vanilla Ice,Witney Carson,14,5.5,0.35714285714285715,Singer/Rapper,Texas,United States,48,45-54,Eliminated Week 4,10,23.0,11,12,0.71875,0.16666666666666663,-0.5520833333333334,3,0.2727272727272727,0.0,11,0.9166666666666666
23,4,Vanilla Ice,Witney Carson,14,5.5,0.35714285714285715,Singer/Rapper,Texas,United States,48,45-54,Eliminated Week 4,10,23.0,11,11,0.7666666666666667,0.5454545454545454,-0.2212121212121213,4,0.36363636363636365,0.0,6,0.5454545454545454
24,1,Bonner Bolton,Sharna Burgess,14,6.571428571428571,0.35714285714285715,Athlete,Texas,United States,29,25-34,Eliminated Week 8,5,22.0,10,12,0.6875,0.33333333333333337,-0.35416666666666663,1,0.1,0.0,9,0.75
24,2,Bonner Bolton,Sharna Burgess,14,6.571428571428571,0.35714285714285715,Athlete,Texas,United States,29,25-34,Eliminated Week 8,5,28.0,10,12,0.875,0.6666666666666667,-0.20833333333333326,2,0.2,0.0,5,0.4166666666666667
24,3,Bonner Bolton,Sharna Burgess,14,6.571428571428571,0.35714285714285715,Athlete,Texas,United States,29,25-34,Eliminated Week 8,5,24.0,10,11,0.7058823529411765,0.2727272727272727,-0.4331550802139038,3,0.3,0.0,9,0.8181818181818182
24,4,Bonner Bolton,Sharna Burgess,14,6.571428571428571,0.35714285714285715,Athlete,Texas,United States,29,25-34,Eliminated Week 8,5,32.0,10,10,0.8205128205128205,0.6,-0.2205128205128205,4,0.4,0.0,5,0.5
24,5,Bonner Bolton,Sharna Burgess,14,6.571428571428571,0.35714285714285715,Athlete,Texas,United States,29,25-34,Eliminated Week 8,5,30.0,10,9,0.7692307692307693,0.2222222222222222,-0.5470085470085471,5,0.5,0.0,8,0.8888888888888888
24,6,Bonner Bolton,Sharna Burgess,14,6.571428571428571,0.35714285714285715,Athlete,Texas,United States,29,25-34,Eliminated Week 8,5,31.5,10,8,0.8513513513513513,0.375,-0.4763513513513513,6,0.6,0.0,6,0.75
24,7,Bonner Bolton,Sharna Burgess,14,6.571428571428571,0.35714285714285715,Athlete,Texas,United States,29,25-34,Eliminated Week 8,5,31.0,10,7,0.7380952380952381,0.1428571428571429,-0.5952380952380952,7,0.7,0.0,7,1.0
24,8,Bonner Bolton,Sharna Burgess,14,6.571428571428571,0.35714285714285715,Athlete,Texas,United States,29,25-34,Eliminated Week 8,5,29.0,10,5,0.7341772151898734,0.19999999999999996,-0.5341772151898735,8,0.8,0.0,5,1.0
24,1,Charo,Keo Motsepe,9,9.88888888888889,0.1111111111111111,Actor/Actress,Unknown,Spain,66,65+,Eliminated Week 3,11,21.0,10,12,0.65625,0.25,-0.40625,1,0.1,0.0,10,0.8333333333333334
24,2,Charo,Keo Motsepe,9,9.88888888888889,0.1111111111111111,Actor/Actress,Unknown,Spain,66,65+,Eliminated Week 3,11,25.0,10,12,0.78125,0.33333333333333337,-0.44791666666666663,2,0.2,0.0,9,0.75
24,3,Charo,Keo Motsepe,9,9.88888888888889,0.1111111111111111,Actor/Actress,Unknown,Spain,66,65+,Eliminated Week 3,11,24.0,10,11,0.7058823529411765,0.2727272727272727,-0.4331550802139038,3,0.3,0.0,9,0.8181818181818182
24,1,Chris Kattan,Witney Carson,14,5.5,0.35714285714285715,Comedian,California,United States,46,45-54,Eliminated Week 2,12,17.0,10,12,0.53125,0.08333333333333337,-0.44791666666666663,1,0.1,0.0,12,1.0
24,2,Chris Kattan,Witney Carson,14,5.5,0.35714285714285715,Comedian,California,United States,46,45-54,Eliminated Week 2,12,22.0,10,12,0.6875,0.16666666666666663,-0.5208333333333334,2,0.2,0.0,11,0.9166666666666666
24,1,David Ross,Lindsay Arnold,10,5.4,0.4,Athlete,Georgia,United States,40,35-44,2nd Place,2,28.0,10,12,0.875,0.8333333333333334,-0.04166666666666663,1,0.1,0.0,3,0.25
24,2,David Ross,Lindsay Arnold,10,5.4,0.4,Athlete,Georgia,United States,40,35-44,2nd Place,2,27.0,10,12,0.84375,0.41666666666666663,-0.42708333333333337,2,0.2,0.0,8,0.6666666666666666
24,3,David Ross,Lindsay Arnold,10,5.4,0.4,Athlete,Georgia,United States,40,35-44,2nd Place,2,31.0,10,11,0.9117647058823529,0.6363636363636364,-0.27540106951871657,3,0.3,0.0,5,0.45454545454545453
24,4,David Ross,Lindsay Arnold,10,5.4,0.4,Athlete,Georgia,United States,40,35-44,2nd Place,2,31.0,10,10,0.7948717948717948,0.4,-0.3948717948717948,4,0.4,0.0,7,0.7
24,5,David Ross,Lindsay Arnold,10,5.4,0.4,Athlete,Georgia,United States,40,35-44,2nd Place,2,29.0,10,9,0.7435897435897436,0.11111111111111116,-0.6324786324786325,5,0.5,0.0,9,1.0
24,6,David Ross,Lindsay Arnold,10,5.4,0.4,Athlete,Georgia,United States,40,35-44,2nd Place,2,31.0,10,8,0.8378378378378378,0.25,-0.5878378378378378,6,0.6,0.0,7,0.875
24,7,David Ross,Lindsay Arnold,10,5.4,0.4,Athlete,Georgia,United States,40,35-44,2nd Place,2,32.0,10,7,0.7619047619047619,0.2857142857142857,-0.47619047619047616,7,0.7,0.0,6,0.8571428571428571
24,8,David Ross,Lindsay Arnold,10,5.4,0.4,Athlete,Georgia,United States,40,35-44,2nd Place,2,32.5,10,5,0.8227848101265823,0.4,-0.4227848101265823,8,0.8,0.0,4,0.8
24,9,David Ross,Lindsay Arnold,10,5.4,0.4,Athlete,Georgia,United States,40,35-44,2nd Place,2,35.0,10,4,0.875,0.25,-0.625,9,0.9,0.0,4,1.0
24,10,David Ross,Lindsay Arnold,10,5.4,0.4,Athlete,Georgia,United States,40,35-44,2nd Place,2,36.3333,10,3,0.9159670856589675,0.33333333333333337,-0.5826337523256341,10,1.0,0.0,3,1.0
24,1,Erika Jayne,Gleb Savchenko,13,8.461538461538462,0.0,Singer/Rapper,Georgia,United States,45,45-54,Eliminated Week 5,9,24.0,10,12,0.75,0.5,-0.25,1,0.1,0.0,7,0.5833333333333334
24,2,Erika Jayne,Gleb Savchenko,13,8.461538461538462,0.0,Singer/Rapper,Georgia,United States,45,45-54,Eliminated Week 5,9,28.0,10,12,0.875,0.6666666666666667,-0.20833333333333326,2,0.2,0.0,5,0.4166666666666667
24,3,Erika Jayne,Gleb Savchenko,13,8.461538461538462,0.0,Singer/Rapper,Georgia,United States,45,45-54,Eliminated Week 5,9,26.0,10,11,0.7647058823529411,0.4545454545454546,-0.31016042780748654,3,0.3,0.0,7,0.6363636363636364
24,4,Erika Jayne,Gleb Savchenko,13,8.461538461538462,0.0,Singer/Rapper,Georgia,United States,45,45-54,Eliminated Week 5,9,30.0,10,10,0.7692307692307693,0.30000000000000004,-0.46923076923076923,4,0.4,0.0,8,0.8
24,5,Erika Jayne,Gleb Savchenko,13,8.461538461538462,0.0,Singer/Rapper,Georgia,United States,45,45-54,Eliminated Week 5,9,32.0,10,9,0.8205128205128205,0.4444444444444444,-0.37606837606837606,5,0.5,0.0,6,0.6666666666666666
24,1,Heather Morris,Maksim Chmerkoskiy,17,6.0,0.29411764705882354,Actor/Actress,California,United States,30,25-34,Eliminated Week 6,8,28.0,10,12,0.875,0.8333333333333334,-0.04166666666666663,1,0.1,0.0,3,0.25
24,2,Heather Morris,Maksim Chmerkoskiy,17,6.0,0.29411764705882354,Actor/Actress,California,United States,30,25-34,Eliminated Week 6,8,30.0,10,12,0.9375,0.8333333333333334,-0.10416666666666663,2,0.2,0.0,3,0.25
24,3,Heather Morris,Maksim Chmerkoskiy,17,6.0,0.29411764705882354,Actor/Actress,California,United States,30,25-34,Eliminated Week 6,8,33.0,10,11,0.9705882352941176,0.9090909090909091,-0.06149732620320858,3,0.3,0.0,2,0.18181818181818182
24,4,Heather Morris,Maksim Chmerkoskiy,17,6.0,0.29411764705882354,Actor/Actress,California,United States,30,25-34,Eliminated Week 6,8,35.0,10,10,0.8974358974358975,0.8,-0.09743589743589742,4,0.4,0.0,3,0.3
24,5,Heather Morris,Maksim Chmerkoskiy,17,6.0,0.29411764705882354,Actor/Actress,California,United States,30,25-34,Eliminated Week 6,8,34.0,10,9,0.8717948717948718,0.6666666666666667,-0.20512820512820507,5,0.5,0.0,4,0.4444444444444444
24,6,Heather Morris,Maksim Chmerkoskiy,17,6.0,0.29411764705882354,Actor/Actress,California,United States,30,25-34,Eliminated Week 6,8,37.0,10,8,1.0,1.0,0.0,6,0.6,0.0,1,0.125
24,1,Mr. T,Kym Herjavec,1,10.0,0.0,Actor/Actress,Illinois,United States,64,55-64,Eliminated Week 4,10,20.0,10,12,0.625,0.16666666666666663,-0.45833333333333337,1,0.1,0.0,11,0.9166666666666666
24,2,Mr. T,Kym Herjavec,1,10.0,0.0,Actor/Actress,Illinois,United States,64,55-64,Eliminated Week 4,10,22.0,10,12,0.6875,0.16666666666666663,-0.5208333333333334,2,0.2,0.0,11,0.9166666666666666
24,3,Mr. T,Kym Herjavec,1,10.0,0.0,Actor/Actress,Illinois,United States,64,55-64,Eliminated Week 4,10,24.0,10,11,0.7058823529411765,0.2727272727272727,-0.4331550802139038,3,0.3,0.0,9,0.8181818181818182
24,4,Mr. T,Kym Herjavec,1,10.0,0.0,Actor/Actress,Illinois,United States,64,55-64,Eliminated Week 4,10,28.0,10,10,0.717948717948718,0.09999999999999998,-0.617948717948718,4,0.4,0.0,10,1.0
24,1,Nancy Kerrigan,Artem Chigvintsev,12,7.416666666666667,0.08333333333333333,Athlete,Massachusetts,United States,47,45-54,Eliminated Week 7,7,28.0,10,12,0.875,0.8333333333333334,-0.04166666666666663,1,0.1,0.0,3,0.25
24,2,Nancy Kerrigan,Artem Chigvintsev,12,7.416666666666667,0.08333333333333333,Athlete,Massachusetts,United States,47,45-54,Eliminated Week 7,7,28.0,10,12,0.875,0.6666666666666667,-0.20833333333333326,2,0.2,0.0,5,0.4166666666666667
24,3,Nancy Kerrigan,Artem Chigvintsev,12,7.416666666666667,0.08333333333333333,Athlete,Massachusetts,United States,47,45-54,Eliminated Week 7,7,33.0,10,11,0.9705882352941176,0.9090909090909091,-0.06149732620320858,3,0.3,0.0,2,0.18181818181818182
24,4,Nancy Kerrigan,Artem Chigvintsev,12,7.416666666666667,0.08333333333333333,Athlete,Massachusetts,United States,47,45-54,Eliminated Week 7,7,33.0,10,10,0.8461538461538461,0.7,-0.1461538461538462,4,0.4,0.0,4,0.4
24,5,Nancy Kerrigan,Artem Chigvintsev,12,7.416666666666667,0.08333333333333333,Athlete,Massachusetts,United States,47,45-54,Eliminated Week 7,7,36.0,10,9,0.9230769230769231,0.7777777777777778,-0.14529914529914534,5,0.5,0.0,3,0.3333333333333333
24,6,Nancy Kerrigan,Artem Chigvintsev,12,7.416666666666667,0.08333333333333333,Athlete,Massachusetts,United States,47,45-54,Eliminated Week 7,7,33.5,10,8,0.9054054054054054,0.5,-0.4054054054054054,6,0.6,0.0,5,0.625
24,7,Nancy Kerrigan,Artem Chigvintsev,12,7.416666666666667,0.08333333333333333,Athlete,Massachusetts,United States,47,45-54,Eliminated Week 7,7,36.0,10,7,0.8571428571428571,0.5714285714285714,-0.2857142857142857,7,0.7,0.0,4,0.5714285714285714
24,1,Nick Viall,Peta Murgatroyd,15,7.4,0.13333333333333333,TV Personality,Wisconsin,United States,36,35-44,Eliminated Week 7,6,24.0,10,12,0.75,0.5,-0.25,1,0.1,0.0,7,0.5833333333333334
24,2,Nick Viall,Peta Murgatroyd,15,7.4,0.13333333333333333,TV Personality,Wisconsin,United States,36,35-44,Eliminated Week 7,6,25.0,10,12,0.78125,0.33333333333333337,-0.44791666666666663,2,0.2,0.0,9,0.75
24,3,Nick Viall,Peta Murgatroyd,15,7.4,0.13333333333333333,TV Personality,Wisconsin,United States,36,35-44,Eliminated Week 7,6,26.0,10,11,0.7647058823529411,0.4545454545454546,-0.31016042780748654,3,0.3,0.0,7,0.6363636363636364
24,4,Nick Viall,Peta Murgatroyd,15,7.4,0.13333333333333333,TV Personality,Wisconsin,United States,36,35-44,Eliminated Week 7,6,30.0,10,10,0.7692307692307693,0.30000000000000004,-0.46923076923076923,4,0.4,0.0,8,0.8
24,5,Nick Viall,Peta Murgatroyd,15,7.4,0.13333333333333333,TV Personality,Wisconsin,United States,36,35-44,Eliminated Week 7,6,34.0,10,9,0.8717948717948718,0.6666666666666667,-0.20512820512820507,5,0.5,0.0,4,0.4444444444444444
24,6,Nick Viall,Peta Murgatroyd,15,7.4,0.13333333333333333,TV Personality,Wisconsin,United States,36,35-44,Eliminated Week 7,6,30.5,10,8,0.8243243243243243,0.125,-0.6993243243243243,6,0.6,0.0,8,1.0
24,7,Nick Viall,Peta Murgatroyd,15,7.4,0.13333333333333333,TV Personality,Wisconsin,United States,36,35-44,Eliminated Week 7,6,34.0,10,7,0.8095238095238095,0.4285714285714286,-0.38095238095238093,7,0.7,0.0,5,0.7142857142857143
24,1,Normani,Valentin Chmerkovskiy,19,5.2631578947368425,0.47368421052631576,Singer/Rapper,Georgia,United States,20,<25,3rd Place,3,27.0,10,12,0.84375,0.5833333333333333,-0.26041666666666674,1,0.1,0.0,6,0.5
24,2,Normani,Valentin Chmerkovskiy,19,5.2631578947368425,0.47368421052631576,Singer/Rapper,Georgia,United States,20,<25,3rd Place,3,32.0,10,12,1.0,1.0,0.0,2,0.2,0.0,1,0.08333333333333333
24,3,Normani,Valentin Chmerkovskiy,19,5.2631578947368425,0.47368421052631576,Singer/Rapper,Georgia,United States,20,<25,3rd Place,3,34.0,10,11,1.0,1.0,0.0,3,0.3,0.0,1,0.09090909090909091
24,4,Normani,Valentin Chmerkovskiy,19,5.2631578947368425,0.47368421052631576,Singer/Rapper,Georgia,United States,20,<25,3rd Place,3,32.0,10,10,0.8205128205128205,0.6,-0.2205128205128205,4,0.4,0.0,5,0.5
24,5,Normani,Valentin Chmerkovskiy,19,5.2631578947368425,0.47368421052631576,Singer/Rapper,Georgia,United States,20,<25,3rd Place,3,39.0,10,9,1.0,1.0,0.0,5,0.5,0.0,1,0.1111111111111111
24,6,Normani,Valentin Chmerkovskiy,19,5.2631578947368425,0.47368421052631576,Singer/Rapper,Georgia,United States,20,<25,3rd Place,3,36.0,10,8,0.972972972972973,0.875,-0.09797297297297303,6,0.6,0.0,2,0.25
24,7,Normani,Valentin Chmerkovskiy,19,5.2631578947368425,0.47368421052631576,Singer/Rapper,Georgia,United States,20,<25,3rd Place,3,42.0,10,7,1.0,1.0,0.0,7,0.7,0.0,1,0.14285714285714285
24,8,Normani,Valentin Chmerkovskiy,19,5.2631578947368425,0.47368421052631576,Singer/Rapper,Georgia,United States,20,<25,3rd Place,3,39.5,10,5,1.0,1.0,0.0,8,0.8,0.0,1,0.2
24,9,Normani,Valentin Chmerkovskiy,19,5.2631578947368425,0.47368421052631576,Singer/Rapper,Georgia,United States,20,<25,3rd Place,3,38.0,10,4,0.95,0.5,-0.44999999999999996,9,0.9,0.0,3,0.75
24,10,Normani,Valentin Chmerkovskiy,19,5.2631578947368425,0.47368421052631576,Singer/Rapper,Georgia,United States,20,<25,3rd Place,3,39.333200000000005,10,3,0.9915949438570486,0.6666666666666667,-0.32492827719038186,10,1.0,0.0,2,0.6666666666666666
24,1,Rashad Jennings,Emma Slater,16,7.9375,0.0625,Athlete,Virginia,United States,32,25-34,1st Place,1,31.0,10,12,0.96875,0.9166666666666666,-0.05208333333333337,1,0.1,0.0,2,0.16666666666666666
24,2,Rashad Jennings,Emma Slater,16,7.9375,0.0625,Athlete,Virginia,United States,32,25-34,1st Place,1,32.0,10,12,1.0,1.0,0.0,2,0.2,0.0,1,0.08333333333333333
24,3,Rashad Jennings,Emma Slater,16,7.9375,0.0625,Athlete,Virginia,United States,32,25-34,1st Place,1,28.0,10,11,0.8235294117647058,0.5454545454545454,-0.27807486631016043,3,0.3,0.0,6,0.5454545454545454
24,4,Rashad Jennings,Emma Slater,16,7.9375,0.0625,Athlete,Virginia,United States,32,25-34,1st Place,1,39.0,10,10,1.0,1.0,0.0,4,0.4,0.0,1,0.1
24,5,Rashad Jennings,Emma Slater,16,7.9375,0.0625,Athlete,Virginia,United States,32,25-34,1st Place,1,32.0,10,9,0.8205128205128205,0.4444444444444444,-0.37606837606837606,5,0.5,0.0,6,0.6666666666666666
24,6,Rashad Jennings,Emma Slater,16,7.9375,0.0625,Athlete,Virginia,United States,32,25-34,1st Place,1,35.0,10,8,0.9459459459459459,0.75,-0.19594594594594594,6,0.6,0.0,3,0.375
24,7,Rashad Jennings,Emma Slater,16,7.9375,0.0625,Athlete,Virginia,United States,32,25-34,1st Place,1,39.0,10,7,0.9285714285714286,0.8571428571428572,-0.0714285714285714,7,0.7,0.0,2,0.2857142857142857
24,8,Rashad Jennings,Emma Slater,16,7.9375,0.0625,Athlete,Virginia,United States,32,25-34,1st Place,1,37.5,10,5,0.9493670886075949,0.8,-0.14936708860759484,8,0.8,0.0,2,0.4
24,9,Rashad Jennings,Emma Slater,16,7.9375,0.0625,Athlete,Virginia,United States,32,25-34,1st Place,1,38.5,10,4,0.9625,0.75,-0.21250000000000002,9,0.9,0.0,2,0.5
24,10,Rashad Jennings,Emma Slater,16,7.9375,0.0625,Athlete,Virginia,United States,32,25-34,1st Place,1,39.6666,10,3,1.0,1.0,0.0,10,1.0,0.0,1,0.3333333333333333
24,1,Simone Biles,Sasha Farber,12,6.083333333333333,0.16666666666666666,Athlete,Ohio,United States,20,<25,Eliminated Week 9,4,32.0,10,12,1.0,1.0,0.0,1,0.1,0.0,1,0.08333333333333333
24,2,Simone Biles,Sasha Farber,12,6.083333333333333,0.16666666666666666,Athlete,Ohio,United States,20,<25,Eliminated Week 9,4,29.0,10,12,0.90625,0.75,-0.15625,2,0.2,0.0,4,0.3333333333333333
24,3,Simone Biles,Sasha Farber,12,6.083333333333333,0.16666666666666666,Athlete,Ohio,United States,20,<25,Eliminated Week 9,4,32.0,10,11,0.9411764705882353,0.7272727272727273,-0.213903743315508,3,0.3,0.0,4,0.36363636363636365
24,4,Simone Biles,Sasha Farber,12,6.083333333333333,0.16666666666666666,Athlete,Ohio,United States,20,<25,Eliminated Week 9,4,36.0,10,10,0.9230769230769231,0.9,-0.023076923076923106,4,0.4,0.0,2,0.2
24,5,Simone Biles,Sasha Farber,12,6.083333333333333,0.16666666666666666,Athlete,Ohio,United States,20,<25,Eliminated Week 9,4,38.0,10,9,0.9743589743589743,0.8888888888888888,-0.0854700854700855,5,0.5,0.0,2,0.2222222222222222
24,6,Simone Biles,Sasha Farber,12,6.083333333333333,0.16666666666666666,Athlete,Ohio,United States,20,<25,Eliminated Week 9,4,34.5,10,8,0.9324324324324325,0.625,-0.30743243243243246,6,0.6,0.0,4,0.5
24,7,Simone Biles,Sasha Farber,12,6.083333333333333,0.16666666666666666,Athlete,Ohio,United States,20,<25,Eliminated Week 9,4,39.0,10,7,0.9285714285714286,0.8571428571428572,-0.0714285714285714,7,0.7,0.0,2,0.2857142857142857
24,8,Simone Biles,Sasha Farber,12,6.083333333333333,0.16666666666666666,Athlete,Ohio,United States,20,<25,Eliminated Week 9,4,36.0,10,5,0.9113924050632911,0.6,-0.31139240506329113,8,0.8,0.0,3,0.6
24,9,Simone Biles,Sasha Farber,12,6.083333333333333,0.16666666666666666,Athlete,Ohio,United States,20,<25,Eliminated Week 9,4,40.0,10,4,1.0,1.0,0.0,9,0.9,0.0,1,0.25
25,1,Barbara Corcoran,Keo Motsepe,9,9.88888888888889,0.1111111111111111,Entrepreneur,New Jersey,United States,68,65+,Eliminated Week 2,13,14.0,10,13,0.6363636363636364,0.07692307692307687,-0.5594405594405595,1,0.1,0.0,13,1.0
25,2,Barbara Corcoran,Keo Motsepe,9,9.88888888888889,0.1111111111111111,Entrepreneur,New Jersey,United States,68,65+,Eliminated Week 2,13,17.0,10,13,0.7083333333333334,0.07692307692307687,-0.6314102564102565,2,0.2,0.0,13,1.0
25,1,Debbie Gibson,Alan Bersten,9,6.111111111111111,0.2222222222222222,Singer/Rapper,New York,United States,47,45-54,Eliminated Week 2,12,17.0,10,13,0.7727272727272727,0.3076923076923077,-0.465034965034965,1,0.1,0.0,10,0.7692307692307693
25,2,Debbie Gibson,Alan Bersten,9,6.111111111111111,0.2222222222222222,Singer/Rapper,New York,United States,47,45-54,Eliminated Week 2,12,20.5,10,13,0.8541666666666666,0.5384615384615384,-0.3157051282051282,2,0.2,0.0,7,0.5384615384615384
25,1,Derek Fisher,Sharna Burgess,14,6.571428571428571,0.35714285714285715,Athlete,Arkansas,United States,43,35-44,Eliminated Week 4,11,18.0,10,13,0.8181818181818182,0.5384615384615384,-0.2797202797202798,1,0.1,0.0,7,0.5384615384615384
25,2,Derek Fisher,Sharna Burgess,14,6.571428571428571,0.35714285714285715,Athlete,Arkansas,United States,43,35-44,Eliminated Week 4,11,19.0,10,13,0.7916666666666666,0.23076923076923073,-0.5608974358974359,2,0.2,0.0,11,0.8461538461538461
25,3,Derek Fisher,Sharna Burgess,14,6.571428571428571,0.35714285714285715,Athlete,Arkansas,United States,43,35-44,Eliminated Week 4,11,21.0,10,11,0.7777777777777778,0.5454545454545454,-0.23232323232323238,3,0.3,0.0,6,0.5454545454545454
25,4,Derek Fisher,Sharna Burgess,14,6.571428571428571,0.35714285714285715,Athlete,Arkansas,United States,43,35-44,Eliminated Week 4,11,23.0,10,11,0.7931034482758621,0.18181818181818177,-0.6112852664576803,4,0.4,0.0,10,0.9090909090909091
25,1,Drew Scott,Emma Slater,16,7.9375,0.0625,TV Personality,Unknown,Canada,39,35-44,Eliminated Week 10,4,16.0,10,13,0.7272727272727273,0.23076923076923073,-0.49650349650349657,1,0.1,0.0,11,0.8461538461538461
25,2,Drew Scott,Emma Slater,16,7.9375,0.0625,TV Personality,Unknown,Canada,39,35-44,Eliminated Week 10,4,20.5,10,13,0.8541666666666666,0.5384615384615384,-0.3157051282051282,2,0.2,0.0,7,0.5384615384615384
25,3,Drew Scott,Emma Slater,16,7.9375,0.0625,TV Personality,Unknown,Canada,39,35-44,Eliminated Week 10,4,23.0,10,11,0.8518518518518519,0.8181818181818181,-0.03367003367003374,3,0.3,0.0,3,0.2727272727272727
25,4,Drew Scott,Emma Slater,16,7.9375,0.0625,TV Personality,Unknown,Canada,39,35-44,Eliminated Week 10,4,24.0,10,11,0.8275862068965517,0.7272727272727273,-0.10031347962382442,4,0.4,0.0,4,0.36363636363636365
25,5,Drew Scott,Emma Slater,16,7.9375,0.0625,TV Personality,Unknown,Canada,39,35-44,Eliminated Week 10,4,25.0,10,10,0.8333333333333334,0.5,-0.33333333333333337,5,0.5,0.0,6,0.6
25,6,Drew Scott,Emma Slater,16,7.9375,0.0625,TV Personality,Unknown,Canada,39,35-44,Eliminated Week 10,4,30.0,10,9,0.75,0.2222222222222222,-0.5277777777777778,6,0.6,0.0,8,0.8888888888888888
25,7,Drew Scott,Emma Slater,16,7.9375,0.0625,TV Personality,Unknown,Canada,39,35-44,Eliminated Week 10,4,28.5,10,8,0.95,0.875,-0.07499999999999996,7,0.7,0.0,2,0.25
25,8,Drew Scott,Emma Slater,16,7.9375,0.0625,TV Personality,Unknown,Canada,39,35-44,Eliminated Week 10,4,23.5,10,6,0.7833333333333333,0.16666666666666663,-0.6166666666666667,8,0.8,0.0,6,1.0
25,9,Drew Scott,Emma Slater,16,7.9375,0.0625,TV Personality,Unknown,Canada,39,35-44,Eliminated Week 10,4,24.0,10,5,0.8275862068965517,0.19999999999999996,-0.6275862068965518,9,0.9,0.0,5,1.0
25,10,Drew Scott,Emma Slater,16,7.9375,0.0625,TV Personality,Unknown,Canada,39,35-44,Eliminated Week 10,4,37.5,10,4,0.9375,0.25,-0.6875,10,1.0,0.0,4,1.0
25,1,Frankie Muniz,Witney Carson,14,5.5,0.35714285714285715,Actor/Actress,New Jersey,United States,31,25-34,3rd Place,3,19.0,10,13,0.8636363636363636,0.6923076923076923,-0.17132867132867136,1,0.1,0.0,5,0.38461538461538464
25,2,Frankie Muniz,Witney Carson,14,5.5,0.35714285714285715,Actor/Actress,New Jersey,United States,31,25-34,3rd Place,3,24.0,10,13,1.0,1.0,0.0,2,0.2,0.0,1,0.07692307692307693
25,3,Frankie Muniz,Witney Carson,14,5.5,0.35714285714285715,Actor/Actress,New Jersey,United States,31,25-34,3rd Place,3,21.0,10,11,0.7777777777777778,0.5454545454545454,-0.23232323232323238,3,0.3,0.0,6,0.5454545454545454
25,4,Frankie Muniz,Witney Carson,14,5.5,0.35714285714285715,Actor/Actress,New Jersey,United States,31,25-34,3rd Place,3,24.0,10,11,0.8275862068965517,0.7272727272727273,-0.10031347962382442,4,0.4,0.0,4,0.36363636363636365
25,5,Frankie Muniz,Witney Carson,14,5.5,0.35714285714285715,Actor/Actress,New Jersey,United States,31,25-34,3rd Place,3,29.0,10,10,0.9666666666666667,0.9,-0.06666666666666665,5,0.5,0.0,2,0.2
25,6,Frankie Muniz,Witney Carson,14,5.5,0.35714285714285715,Actor/Actress,New Jersey,United States,31,25-34,3rd Place,3,31.0,10,9,0.775,0.4444444444444444,-0.3305555555555556,6,0.6,0.0,6,0.6666666666666666
25,7,Frankie Muniz,Witney Carson,14,5.5,0.35714285714285715,Actor/Actress,New Jersey,United States,31,25-34,3rd Place,3,30.0,10,8,1.0,1.0,0.0,7,0.7,0.0,1,0.125
25,8,Frankie Muniz,Witney Carson,14,5.5,0.35714285714285715,Actor/Actress,New Jersey,United States,31,25-34,3rd Place,3,26.5,10,6,0.8833333333333333,0.6666666666666667,-0.21666666666666656,8,0.8,0.0,3,0.5
25,9,Frankie Muniz,Witney Carson,14,5.5,0.35714285714285715,Actor/Actress,New Jersey,United States,31,25-34,3rd Place,3,25.5,10,5,0.8793103448275862,0.4,-0.47931034482758617,9,0.9,0.0,4,0.8
25,10,Frankie Muniz,Witney Carson,14,5.5,0.35714285714285715,Actor/Actress,New Jersey,United States,31,25-34,3rd Place,3,38.8887,10,4,0.9722175,0.5,-0.47221749999999996,10,1.0,0.0,3,0.75
25,1,Jordan Fisher,Lindsay Arnold,10,5.4,0.4,Actor/Actress,Alabama,United States,23,<25,1st Place,1,22.0,10,13,1.0,1.0,0.0,1,0.1,0.0,1,0.07692307692307693
25,2,Jordan Fisher,Lindsay Arnold,10,5.4,0.4,Actor/Actress,Alabama,United States,23,<25,1st Place,1,24.0,10,13,1.0,1.0,0.0,2,0.2,0.0,1,0.07692307692307693
25,3,Jordan Fisher,Lindsay Arnold,10,5.4,0.4,Actor/Actress,Alabama,United States,23,<25,1st Place,1,25.0,10,11,0.9259259259259259,0.9090909090909091,-0.01683501683501687,3,0.3,0.0,2,0.18181818181818182
25,4,Jordan Fisher,Lindsay Arnold,10,5.4,0.4,Actor/Actress,Alabama,United States,23,<25,1st Place,1,29.0,10,11,1.0,1.0,0.0,4,0.4,0.0,1,0.09090909090909091
25,5,Jordan Fisher,Lindsay Arnold,10,5.4,0.4,Actor/Actress,Alabama,United States,23,<25,1st Place,1,30.0,10,10,1.0,1.0,0.0,5,0.5,0.0,1,0.1
25,6,Jordan Fisher,Lindsay Arnold,10,5.4,0.4,Actor/Actress,Alabama,United States,23,<25,1st Place,1,39.0,10,9,0.975,0.8888888888888888,-0.08611111111111114,6,0.6,0.0,2,0.2222222222222222
25,7,Jordan Fisher,Lindsay Arnold,10,5.4,0.4,Actor/Actress,Alabama,United States,23,<25,1st Place,1,27.0,10,8,0.9,0.625,-0.275,7,0.7,0.0,4,0.5
25,8,Jordan Fisher,Lindsay Arnold,10,5.4,0.4,Actor/Actress,Alabama,United States,23,<25,1st Place,1,30.0,10,6,1.0,1.0,0.0,8,0.8,0.0,1,0.16666666666666666
25,9,Jordan Fisher,Lindsay Arnold,10,5.4,0.4,Actor/Actress,Alabama,United States,23,<25,1st Place,1,29.0,10,5,1.0,1.0,0.0,9,0.9,0.0,1,0.2
25,10,Jordan Fisher,Lindsay Arnold,10,5.4,0.4,Actor/Actress,Alabama,United States,23,<25,1st Place,1,40.0,10,4,1.0,1.0,0.0,10,1.0,0.0,1,0.25
25,1,Lindsey Stirling,Mark Ballas,21,5.190476190476191,0.47619047619047616,Musician,California,United States,31,25-34,2nd Place,2,22.0,10,13,1.0,1.0,0.0,1,0.1,0.0,1,0.07692307692307693
25,2,Lindsey Stirling,Mark Ballas,21,5.190476190476191,0.47619047619047616,Musician,California,United States,31,25-34,2nd Place,2,22.5,10,13,0.9375,0.7692307692307692,-0.16826923076923084,2,0.2,0.0,4,0.3076923076923077
25,3,Lindsey Stirling,Mark Ballas,21,5.190476190476191,0.47619047619047616,Musician,California,United States,31,25-34,2nd Place,2,27.0,10,11,1.0,1.0,0.0,3,0.3,0.0,1,0.09090909090909091
25,4,Lindsey Stirling,Mark Ballas,21,5.190476190476191,0.47619047619047616,Musician,California,United States,31,25-34,2nd Place,2,26.0,10,11,0.896551724137931,0.8181818181818181,-0.07836990595611293,4,0.4,0.0,3,0.2727272727272727
25,5,Lindsey Stirling,Mark Ballas,21,5.190476190476191,0.47619047619047616,Musician,California,United States,31,25-34,2nd Place,2,28.0,10,10,0.9333333333333333,0.8,-0.1333333333333333,5,0.5,0.0,3,0.3
25,6,Lindsey Stirling,Mark Ballas,21,5.190476190476191,0.47619047619047616,Musician,California,United States,31,25-34,2nd Place,2,40.0,10,9,1.0,1.0,0.0,6,0.6,0.0,1,0.1111111111111111
25,7,Lindsey Stirling,Mark Ballas,21,5.190476190476191,0.47619047619047616,Musician,California,United States,31,25-34,2nd Place,2,25.5,10,8,0.85,0.375,-0.475,7,0.7,0.0,6,0.75
25,8,Lindsey Stirling,Mark Ballas,21,5.190476190476191,0.47619047619047616,Musician,California,United States,31,25-34,2nd Place,2,27.0,10,6,0.9,0.8333333333333334,-0.06666666666666665,8,0.8,0.0,2,0.3333333333333333
25,9,Lindsey Stirling,Mark Ballas,21,5.190476190476191,0.47619047619047616,Musician,California,United States,31,25-34,2nd Place,2,28.5,10,5,0.9827586206896551,0.8,-0.1827586206896551,9,0.9,0.0,2,0.4
25,10,Lindsey Stirling,Mark Ballas,21,5.190476190476191,0.47619047619047616,Musician,California,United States,31,25-34,2nd Place,2,40.0,10,4,1.0,1.0,0.0,10,1.0,0.0,1,0.25
25,1,Nick Lachey,Peta Murgatroyd,15,7.4,0.13333333333333333,Singer/Rapper,Kentucky,United States,43,35-44,Eliminated Week 6,9,18.0,10,13,0.8181818181818182,0.5384615384615384,-0.2797202797202798,1,0.1,0.0,7,0.5384615384615384
25,2,Nick Lachey,Peta Murgatroyd,15,7.4,0.13333333333333333,Singer/Rapper,Kentucky,United States,43,35-44,Eliminated Week 6,9,19.0,10,13,0.7916666666666666,0.23076923076923073,-0.5608974358974359,2,0.2,0.0,11,0.8461538461538461
25,3,Nick Lachey,Peta Murgatroyd,15,7.4,0.13333333333333333,Singer/Rapper,Kentucky,United States,43,35-44,Eliminated Week 6,9,21.0,10,11,0.7777777777777778,0.5454545454545454,-0.23232323232323238,3,0.3,0.0,6,0.5454545454545454
25,4,Nick Lachey,Peta Murgatroyd,15,7.4,0.13333333333333333,Singer/Rapper,Kentucky,United States,43,35-44,Eliminated Week 6,9,22.0,10,11,0.7586206896551724,0.09090909090909094,-0.6677115987460814,4,0.4,0.0,11,1.0
25,5,Nick Lachey,Peta Murgatroyd,15,7.4,0.13333333333333333,Singer/Rapper,Kentucky,United States,43,35-44,Eliminated Week 6,9,22.0,10,10,0.7333333333333333,0.09999999999999998,-0.6333333333333333,5,0.5,0.0,10,1.0
25,6,Nick Lachey,Peta Murgatroyd,15,7.4,0.13333333333333333,Singer/Rapper,Kentucky,United States,43,35-44,Eliminated Week 6,9,26.0,10,9,0.65,0.11111111111111116,-0.5388888888888889,6,0.6,0.0,9,1.0
25,1,Nikki Bella,Artem Chigvintsev,12,7.416666666666667,0.08333333333333333,Athlete,California,United States,33,25-34,Eliminated Week 7,8,20.0,10,13,0.9090909090909091,0.7692307692307692,-0.1398601398601399,1,0.1,0.0,4,0.3076923076923077
25,2,Nikki Bella,Artem Chigvintsev,12,7.416666666666667,0.08333333333333333,Athlete,California,United States,33,25-34,Eliminated Week 7,8,19.5,10,13,0.8125,0.3846153846153846,-0.4278846153846154,2,0.2,0.0,9,0.6923076923076923
25,3,Nikki Bella,Artem Chigvintsev,12,7.416666666666667,0.08333333333333333,Athlete,California,United States,33,25-34,Eliminated Week 7,8,21.0,10,11,0.7777777777777778,0.5454545454545454,-0.23232323232323238,3,0.3,0.0,6,0.5454545454545454
25,4,Nikki Bella,Artem Chigvintsev,12,7.416666666666667,0.08333333333333333,Athlete,California,United States,33,25-34,Eliminated Week 7,8,24.0,10,11,0.8275862068965517,0.7272727272727273,-0.10031347962382442,4,0.4,0.0,4,0.36363636363636365
25,5,Nikki Bella,Artem Chigvintsev,12,7.416666666666667,0.08333333333333333,Athlete,California,United States,33,25-34,Eliminated Week 7,8,27.0,10,10,0.9,0.7,-0.20000000000000007,5,0.5,0.0,4,0.4
25,6,Nikki Bella,Artem Chigvintsev,12,7.416666666666667,0.08333333333333333,Athlete,California,United States,33,25-34,Eliminated Week 7,8,36.0,10,9,0.9,0.6666666666666667,-0.23333333333333328,6,0.6,0.0,4,0.4444444444444444
25,7,Nikki Bella,Artem Chigvintsev,12,7.416666666666667,0.08333333333333333,Athlete,California,United States,33,25-34,Eliminated Week 7,8,24.0,10,8,0.8,0.125,-0.675,7,0.7,0.0,8,1.0
25,1,Sasha Pieterse,Gleb Savchenko,13,8.461538461538462,0.0,Actor/Actress,Unknown,South Africa,21,<25,Eliminated Week 5,10,18.0,10,13,0.8181818181818182,0.5384615384615384,-0.2797202797202798,1,0.1,0.0,7,0.5384615384615384
25,2,Sasha Pieterse,Gleb Savchenko,13,8.461538461538462,0.0,Actor/Actress,Unknown,South Africa,21,<25,Eliminated Week 5,10,22.5,10,13,0.9375,0.7692307692307692,-0.16826923076923084,2,0.2,0.0,4,0.3076923076923077
25,3,Sasha Pieterse,Gleb Savchenko,13,8.461538461538462,0.0,Actor/Actress,Unknown,South Africa,21,<25,Eliminated Week 5,10,19.0,10,11,0.7037037037037037,0.09090909090909094,-0.6127946127946128,3,0.3,0.0,11,1.0
25,4,Sasha Pieterse,Gleb Savchenko,13,8.461538461538462,0.0,Actor/Actress,Unknown,South Africa,21,<25,Eliminated Week 5,10,24.0,10,11,0.8275862068965517,0.7272727272727273,-0.10031347962382442,4,0.4,0.0,4,0.36363636363636365
25,5,Sasha Pieterse,Gleb Savchenko,13,8.461538461538462,0.0,Actor/Actress,Unknown,South Africa,21,<25,Eliminated Week 5,10,24.0,10,10,0.8,0.30000000000000004,-0.5,5,0.5,0.0,8,0.8
25,1,Terrell Owens,Cheryl Burke,25,5.8,0.32,Athlete,Alabama,United States,43,35-44,Eliminated Week 8,6,15.0,10,13,0.6818181818181818,0.15384615384615385,-0.5279720279720279,1,0.1,0.0,12,0.9230769230769231
25,2,Terrell Owens,Cheryl Burke,25,5.8,0.32,Athlete,Alabama,United States,43,35-44,Eliminated Week 8,6,19.5,10,13,0.8125,0.3846153846153846,-0.4278846153846154,2,0.2,0.0,9,0.6923076923076923
25,3,Terrell Owens,Cheryl Burke,25,5.8,0.32,Athlete,Alabama,United States,43,35-44,Eliminated Week 8,6,21.0,10,11,0.7777777777777778,0.5454545454545454,-0.23232323232323238,3,0.3,0.0,6,0.5454545454545454
25,4,Terrell Owens,Cheryl Burke,25,5.8,0.32,Athlete,Alabama,United States,43,35-44,Eliminated Week 8,6,24.0,10,11,0.8275862068965517,0.7272727272727273,-0.10031347962382442,4,0.4,0.0,4,0.36363636363636365
25,5,Terrell Owens,Cheryl Burke,25,5.8,0.32,Athlete,Alabama,United States,43,35-44,Eliminated Week 8,6,25.0,10,10,0.8333333333333334,0.5,-0.33333333333333337,5,0.5,0.0,6,0.6
25,6,Terrell Owens,Cheryl Burke,25,5.8,0.32,Athlete,Alabama,United States,43,35-44,Eliminated Week 8,6,37.0,10,9,0.925,0.7777777777777778,-0.14722222222222225,6,0.6,0.0,3,0.3333333333333333
25,7,Terrell Owens,Cheryl Burke,25,5.8,0.32,Athlete,Alabama,United States,43,35-44,Eliminated Week 8,6,24.5,10,8,0.8166666666666667,0.25,-0.5666666666666667,7,0.7,0.0,7,0.875
25,8,Terrell Owens,Cheryl Burke,25,5.8,0.32,Athlete,Alabama,United States,43,35-44,Eliminated Week 8,6,25.5,10,6,0.85,0.5,-0.35,8,0.8,0.0,4,0.6666666666666666
25,1,Vanessa Lachey,Maksim Chmerkoskiy,17,6.0,0.29411764705882354,TV Personality,Unknown,Philippines,36,35-44,Eliminated Week 7,7,21.0,10,13,0.9545454545454546,0.8461538461538461,-0.10839160839160844,1,0.1,0.0,3,0.23076923076923078
25,2,Vanessa Lachey,Maksim Chmerkoskiy,17,6.0,0.29411764705882354,TV Personality,Unknown,Philippines,36,35-44,Eliminated Week 7,7,23.5,10,13,0.9791666666666666,0.8461538461538461,-0.13301282051282048,2,0.2,0.0,3,0.23076923076923078
25,3,Vanessa Lachey,Maksim Chmerkoskiy,17,6.0,0.29411764705882354,TV Personality,Unknown,Philippines,36,35-44,Eliminated Week 7,7,23.0,10,11,0.8518518518518519,0.8181818181818181,-0.03367003367003374,3,0.3,0.0,3,0.2727272727272727
25,4,Vanessa Lachey,Maksim Chmerkoskiy,17,6.0,0.29411764705882354,TV Personality,Unknown,Philippines,36,35-44,Eliminated Week 7,7,24.0,10,11,0.8275862068965517,0.7272727272727273,-0.10031347962382442,4,0.4,0.0,4,0.36363636363636365
25,5,Vanessa Lachey,Maksim Chmerkoskiy,17,6.0,0.29411764705882354,TV Personality,Unknown,Philippines,36,35-44,Eliminated Week 7,7,24.0,10,10,0.8,0.30000000000000004,-0.5,5,0.5,0.0,8,0.8
25,6,Vanessa Lachey,Maksim Chmerkoskiy,17,6.0,0.29411764705882354,TV Personality,Unknown,Philippines,36,35-44,Eliminated Week 7,7,36.0,10,9,0.9,0.6666666666666667,-0.23333333333333328,6,0.6,0.0,4,0.4444444444444444
25,7,Vanessa Lachey,Maksim Chmerkoskiy,17,6.0,0.29411764705882354,TV Personality,Unknown,Philippines,36,35-44,Eliminated Week 7,7,27.0,10,8,0.9,0.625,-0.275,7,0.7,0.0,4,0.5
25,1,Victoria Arlen,Valentin Chmerkovskiy,19,5.2631578947368425,0.47368421052631576,Athlete,New Hamshire,United States,22,<25,Eliminated Week 9,5,19.0,10,13,0.8636363636363636,0.6923076923076923,-0.17132867132867136,1,0.1,0.0,5,0.38461538461538464
25,2,Victoria Arlen,Valentin Chmerkovskiy,19,5.2631578947368425,0.47368421052631576,Athlete,New Hamshire,United States,22,<25,Eliminated Week 9,5,22.0,10,13,0.9166666666666666,0.6153846153846154,-0.3012820512820512,2,0.2,0.0,6,0.46153846153846156
25,3,Victoria Arlen,Valentin Chmerkovskiy,19,5.2631578947368425,0.47368421052631576,Athlete,New Hamshire,United States,22,<25,Eliminated Week 9,5,22.0,10,11,0.8148148148148148,0.6363636363636364,-0.17845117845117842,3,0.3,0.0,5,0.45454545454545453
25,4,Victoria Arlen,Valentin Chmerkovskiy,19,5.2631578947368425,0.47368421052631576,Athlete,New Hamshire,United States,22,<25,Eliminated Week 9,5,27.0,10,11,0.9310344827586207,0.9090909090909091,-0.021943573667711602,4,0.4,0.0,2,0.18181818181818182
25,5,Victoria Arlen,Valentin Chmerkovskiy,19,5.2631578947368425,0.47368421052631576,Athlete,New Hamshire,United States,22,<25,Eliminated Week 9,5,27.0,10,10,0.9,0.7,-0.20000000000000007,5,0.5,0.0,4,0.4
25,6,Victoria Arlen,Valentin Chmerkovskiy,19,5.2631578947368425,0.47368421052631576,Athlete,New Hamshire,United States,22,<25,Eliminated Week 9,5,31.0,10,9,0.775,0.4444444444444444,-0.3305555555555556,6,0.6,0.0,6,0.6666666666666666
25,7,Victoria Arlen,Valentin Chmerkovskiy,19,5.2631578947368425,0.47368421052631576,Athlete,New Hamshire,United States,22,<25,Eliminated Week 9,5,28.5,10,8,0.95,0.875,-0.07499999999999996,7,0.7,0.0,2,0.25
25,8,Victoria Arlen,Valentin Chmerkovskiy,19,5.2631578947368425,0.47368421052631576,Athlete,New Hamshire,United States,22,<25,Eliminated Week 9,5,24.0,10,6,0.8,0.33333333333333337,-0.4666666666666667,8,0.8,0.0,5,0.8333333333333334
25,9,Victoria Arlen,Valentin Chmerkovskiy,19,5.2631578947368425,0.47368421052631576,Athlete,New Hamshire,United States,22,<25,Eliminated Week 9,5,28.0,10,5,0.9655172413793104,0.6,-0.3655172413793104,9,0.9,0.0,3,0.6
26,1,Adam Rippon,Jenna Johnson,9,6.444444444444445,0.4444444444444444,Athlete,Pennsylvania,United States,28,25-34,1st Place,1,24.0,4,10,1.0,1.0,0.0,1,0.25,0.0,1,0.1
26,2,Adam Rippon,Jenna Johnson,9,6.444444444444445,0.4444444444444444,Athlete,Pennsylvania,United States,28,25-34,1st Place,1,37.0,4,8,1.0,1.0,0.0,2,0.5,0.0,1,0.125
26,3,Adam Rippon,Jenna Johnson,9,6.444444444444445,0.4444444444444444,Athlete,Pennsylvania,United States,28,25-34,1st Place,1,41.0,4,6,1.0,1.0,0.0,3,0.75,0.0,1,0.16666666666666666
26,4,Adam Rippon,Jenna Johnson,9,6.444444444444445,0.4444444444444444,Athlete,Pennsylvania,United States,28,25-34,1st Place,1,29.0,4,3,1.0,1.0,0.0,4,1.0,0.0,1,0.3333333333333333
26,1,Arike Ogunbowale,Gleb Savchenko,13,8.461538461538462,0.0,Athlete,Wisconsin,United States,21,<25,Eliminated Week 2,7,20.0,4,10,0.8333333333333334,0.4,-0.43333333333333335,1,0.25,0.0,7,0.7
26,2,Arike Ogunbowale,Gleb Savchenko,13,8.461538461538462,0.0,Athlete,Wisconsin,United States,21,<25,Eliminated Week 2,7,35.0,4,8,0.9459459459459459,0.75,-0.19594594594594594,2,0.5,0.0,3,0.375
26,1,Chris Mazdzer,Witney Carson,14,5.5,0.35714285714285715,Athlete,Massachusetts,United States,29,25-34,Eliminated Week 3,5,21.0,4,10,0.875,0.6,-0.275,1,0.25,0.0,5,0.5
26,2,Chris Mazdzer,Witney Carson,14,5.5,0.35714285714285715,Athlete,Massachusetts,United States,29,25-34,Eliminated Week 3,5,33.0,4,8,0.8918918918918919,0.625,-0.2668918918918919,2,0.5,0.0,4,0.5
26,3,Chris Mazdzer,Witney Carson,14,5.5,0.35714285714285715,Athlete,Massachusetts,United States,29,25-34,Eliminated Week 3,5,33.0,4,6,0.8048780487804879,0.33333333333333337,-0.4715447154471545,3,0.75,0.0,5,0.8333333333333334
26,1,Jamie Anderson,Artem Chigvintsev,12,7.416666666666667,0.08333333333333333,Athlete,California,United States,27,25-34,Eliminated Week 1,10,19.0,4,10,0.7916666666666666,0.30000000000000004,-0.4916666666666666,1,0.25,0.0,8,0.8
26,1,Jennie Finch Daigle,Keo Motsepe,9,9.88888888888889,0.1111111111111111,Athlete,California,United States,37,35-44,Eliminated Week 3,6,21.0,4,10,0.875,0.6,-0.275,1,0.25,0.0,5,0.5
26,2,Jennie Finch Daigle,Keo Motsepe,9,9.88888888888889,0.1111111111111111,Athlete,California,United States,37,35-44,Eliminated Week 3,6,31.5,4,8,0.8513513513513513,0.375,-0.4763513513513513,2,0.5,0.0,6,0.75
26,3,Jennie Finch Daigle,Keo Motsepe,9,9.88888888888889,0.1111111111111111,Athlete,California,United States,37,35-44,Eliminated Week 3,6,29.0,4,6,0.7073170731707317,0.16666666666666663,-0.540650406504065,3,0.75,0.0,6,1.0
26,1,Johnny Damon,Emma Slater,16,7.9375,0.0625,Athlete,Kansas,United States,44,35-44,Eliminated Week 1,9,18.0,4,10,0.75,0.19999999999999996,-0.55,1,0.25,0.0,9,0.9
26,1,Josh Norman,Sharna Burgess,14,6.571428571428571,0.35714285714285715,Athlete,South Carolina,United States,30,25-34,2nd Place,2,24.0,4,10,1.0,1.0,0.0,1,0.25,0.0,1,0.1
26,2,Josh Norman,Sharna Burgess,14,6.571428571428571,0.35714285714285715,Athlete,South Carolina,United States,30,25-34,2nd Place,2,31.5,4,8,0.8513513513513513,0.375,-0.4763513513513513,2,0.5,0.0,6,0.75
26,3,Josh Norman,Sharna Burgess,14,6.571428571428571,0.35714285714285715,Athlete,South Carolina,United States,30,25-34,2nd Place,2,38.0,4,6,0.926829268292683,0.8333333333333334,-0.0934959349593496,3,0.75,0.0,2,0.3333333333333333
26,4,Josh Norman,Sharna Burgess,14,6.571428571428571,0.35714285714285715,Athlete,South Carolina,United States,30,25-34,2nd Place,2,28.5,4,3,0.9827586206896551,0.6666666666666667,-0.3160919540229884,4,1.0,0.0,2,0.6666666666666666
26,1,Kareem Abdul-Jabbar,Lindsay Arnold,10,5.4,0.4,Athlete,New York,United States,71,65+,Eliminated Week 2,8,17.0,4,10,0.7083333333333334,0.09999999999999998,-0.6083333333333334,1,0.25,0.0,10,1.0
26,2,Kareem Abdul-Jabbar,Lindsay Arnold,10,5.4,0.4,Athlete,New York,United States,71,65+,Eliminated Week 2,8,29.5,4,8,0.7972972972972973,0.125,-0.6722972972972973,2,0.5,0.0,8,1.0
26,1,Mirai Nagasu,Alan Bersten,9,6.111111111111111,0.2222222222222222,Athlete,California,United States,25,25-34,Eliminated Week 3,4,23.0,4,10,0.9583333333333334,0.8,-0.15833333333333333,1,0.25,0.0,3,0.3
26,2,Mirai Nagasu,Alan Bersten,9,6.111111111111111,0.2222222222222222,Athlete,California,United States,25,25-34,Eliminated Week 3,4,37.0,4,8,1.0,1.0,0.0,2,0.5,0.0,1,0.125
26,3,Mirai Nagasu,Alan Bersten,9,6.111111111111111,0.2222222222222222,Athlete,California,United States,25,25-34,Eliminated Week 3,4,35.0,4,6,0.8536585365853658,0.6666666666666667,-0.1869918699186991,3,0.75,0.0,3,0.5
26,1,Tonya Harding,Sasha Farber,12,6.083333333333333,0.16666666666666666,Athlete,Oregon,United States,47,45-54,3rd Place,3,23.0,4,10,0.9583333333333334,0.8,-0.15833333333333333,1,0.25,0.0,3,0.3
26,2,Tonya Harding,Sasha Farber,12,6.083333333333333,0.16666666666666666,Athlete,Oregon,United States,47,45-54,3rd Place,3,33.0,4,8,0.8918918918918919,0.625,-0.2668918918918919,2,0.5,0.0,4,0.5
26,3,Tonya Harding,Sasha Farber,12,6.083333333333333,0.16666666666666666,Athlete,Oregon,United States,47,45-54,3rd Place,3,35.0,4,6,0.8536585365853658,0.6666666666666667,-0.1869918699186991,3,0.75,0.0,3,0.5
26,4,Tonya Harding,Sasha Farber,12,6.083333333333333,0.16666666666666666,Athlete,Oregon,United States,47,45-54,3rd Place,3,28.0,4,3,0.9655172413793104,0.33333333333333337,-0.632183908045977,4,1.0,0.0,3,1.0
27,1,Alexis Ren,Alan Bersten,9,6.111111111111111,0.2222222222222222,Social Media Personality,California,United States,21,<25,4th Place,4,22.0,9,13,0.9565217391304348,0.8461538461538461,-0.11036789297658867,1,0.1111111111111111,0.0,3,0.23076923076923078
27,2,Alexis Ren,Alan Bersten,9,6.111111111111111,0.2222222222222222,Social Media Personality,California,United States,21,<25,4th Place,4,24.5,9,12,0.9423076923076923,0.75,-0.1923076923076923,2,0.2222222222222222,0.0,4,0.3333333333333333
27,3,Alexis Ren,Alan Bersten,9,6.111111111111111,0.2222222222222222,Social Media Personality,California,United States,21,<25,4th Place,4,26.0,9,11,0.8666666666666667,0.6363636363636364,-0.23030303030303034,3,0.3333333333333333,0.0,5,0.45454545454545453
27,4,Alexis Ren,Alan Bersten,9,6.111111111111111,0.2222222222222222,Social Media Personality,California,United States,21,<25,4th Place,4,25.0,9,10,0.8620689655172413,0.7,-0.16206896551724137,4,0.4444444444444444,0.0,4,0.4
27,5,Alexis Ren,Alan Bersten,9,6.111111111111111,0.2222222222222222,Social Media Personality,California,United States,21,<25,4th Place,4,29.0,9,9,1.0,1.0,0.0,5,0.5555555555555556,0.0,1,0.1111111111111111
27,6,Alexis Ren,Alan Bersten,9,6.111111111111111,0.2222222222222222,Social Media Personality,California,United States,21,<25,4th Place,4,27.0,9,9,0.9,0.6666666666666667,-0.23333333333333328,6,0.6666666666666666,0.0,4,0.4444444444444444
27,7,Alexis Ren,Alan Bersten,9,6.111111111111111,0.2222222222222222,Social Media Personality,California,United States,21,<25,4th Place,4,27.5,9,8,0.9322033898305084,0.625,-0.30720338983050843,7,0.7777777777777778,0.0,4,0.5
27,8,Alexis Ren,Alan Bersten,9,6.111111111111111,0.2222222222222222,Social Media Personality,California,United States,21,<25,4th Place,4,29.0,9,6,0.9666666666666667,0.8333333333333334,-0.1333333333333333,8,0.8888888888888888,0.0,2,0.3333333333333333
27,9,Alexis Ren,Alan Bersten,9,6.111111111111111,0.2222222222222222,Social Media Personality,California,United States,21,<25,4th Place,4,28.5,9,4,0.95,0.5,-0.44999999999999996,9,1.0,0.0,3,0.75
27,1,Bobby Bones,Sharna Burgess,14,6.571428571428571,0.35714285714285715,Radio Personality,Arkansas,United States,38,35-44,1st Place,1,20.0,9,13,0.8695652173913043,0.6923076923076923,-0.17725752508361203,1,0.1111111111111111,0.0,5,0.38461538461538464
27,2,Bobby Bones,Sharna Burgess,14,6.571428571428571,0.35714285714285715,Radio Personality,Arkansas,United States,38,35-44,1st Place,1,19.5,9,12,0.75,0.25,-0.5,2,0.2222222222222222,0.0,10,0.8333333333333334
27,3,Bobby Bones,Sharna Burgess,14,6.571428571428571,0.35714285714285715,Radio Personality,Arkansas,United States,38,35-44,1st Place,1,23.0,9,11,0.7666666666666667,0.36363636363636365,-0.40303030303030307,3,0.3333333333333333,0.0,8,0.7272727272727273
27,4,Bobby Bones,Sharna Burgess,14,6.571428571428571,0.35714285714285715,Radio Personality,Arkansas,United States,38,35-44,1st Place,1,20.0,9,10,0.6896551724137931,0.19999999999999996,-0.4896551724137932,4,0.4444444444444444,0.0,9,0.9
27,5,Bobby Bones,Sharna Burgess,14,6.571428571428571,0.35714285714285715,Radio Personality,Arkansas,United States,38,35-44,1st Place,1,21.0,9,9,0.7241379310344828,0.2222222222222222,-0.5019157088122606,5,0.5555555555555556,0.0,8,0.8888888888888888
27,6,Bobby Bones,Sharna Burgess,14,6.571428571428571,0.35714285714285715,Radio Personality,Arkansas,United States,38,35-44,1st Place,1,22.0,9,9,0.7333333333333333,0.33333333333333337,-0.3999999999999999,6,0.6666666666666666,0.0,7,0.7777777777777778
27,7,Bobby Bones,Sharna Burgess,14,6.571428571428571,0.35714285714285715,Radio Personality,Arkansas,United States,38,35-44,1st Place,1,26.5,9,8,0.8983050847457628,0.375,-0.5233050847457628,7,0.7777777777777778,0.0,6,0.75
27,8,Bobby Bones,Sharna Burgess,14,6.571428571428571,0.35714285714285715,Radio Personality,Arkansas,United States,38,35-44,1st Place,1,22.5,9,6,0.75,0.16666666666666663,-0.5833333333333334,8,0.8888888888888888,0.0,6,1.0
27,9,Bobby Bones,Sharna Burgess,14,6.571428571428571,0.35714285714285715,Radio Personality,Arkansas,United States,38,35-44,1st Place,1,27.0,9,4,0.9,0.25,-0.65,9,1.0,0.0,4,1.0
27,1,Danelle Umstead,Artem Chigvintsev,12,7.416666666666667,0.08333333333333333,Athlete,New Mexico,United States,46,45-54,Eliminated Week 2,12,18.0,9,13,0.782608695652174,0.3846153846153846,-0.39799331103678937,1,0.1111111111111111,0.0,9,0.6923076923076923
27,2,Danelle Umstead,Artem Chigvintsev,12,7.416666666666667,0.08333333333333333,Athlete,New Mexico,United States,46,45-54,Eliminated Week 2,12,18.5,9,12,0.7115384615384616,0.16666666666666663,-0.5448717948717949,2,0.2222222222222222,0.0,11,0.9166666666666666
27,1,DeMarcus Ware,Lindsay Arnold,10,5.4,0.4,Athlete,Alabama,United States,36,35-44,Eliminated Week 7,7,23.0,9,13,1.0,1.0,0.0,1,0.1111111111111111,0.0,1,0.07692307692307693
27,2,DeMarcus Ware,Lindsay Arnold,10,5.4,0.4,Athlete,Alabama,United States,36,35-44,Eliminated Week 7,7,23.5,9,12,0.9038461538461539,0.5833333333333333,-0.3205128205128206,2,0.2222222222222222,0.0,6,0.5
27,3,DeMarcus Ware,Lindsay Arnold,10,5.4,0.4,Athlete,Alabama,United States,36,35-44,Eliminated Week 7,7,26.0,9,11,0.8666666666666667,0.6363636363636364,-0.23030303030303034,3,0.3333333333333333,0.0,5,0.45454545454545453
27,4,DeMarcus Ware,Lindsay Arnold,10,5.4,0.4,Athlete,Alabama,United States,36,35-44,Eliminated Week 7,7,22.0,9,10,0.7586206896551724,0.4,-0.35862068965517235,4,0.4444444444444444,0.0,7,0.7
27,5,DeMarcus Ware,Lindsay Arnold,10,5.4,0.4,Athlete,Alabama,United States,36,35-44,Eliminated Week 7,7,26.0,9,9,0.896551724137931,0.6666666666666667,-0.2298850574712643,5,0.5555555555555556,0.0,4,0.4444444444444444
27,6,DeMarcus Ware,Lindsay Arnold,10,5.4,0.4,Athlete,Alabama,United States,36,35-44,Eliminated Week 7,7,26.0,9,9,0.8666666666666667,0.5555555555555556,-0.3111111111111111,6,0.6666666666666666,0.0,5,0.5555555555555556
27,7,DeMarcus Ware,Lindsay Arnold,10,5.4,0.4,Athlete,Alabama,United States,36,35-44,Eliminated Week 7,7,26.5,9,8,0.8983050847457628,0.375,-0.5233050847457628,7,0.7777777777777778,0.0,6,0.75
27,1,Evanna Lynch,Keo Motsepe,9,9.88888888888889,0.1111111111111111,Actor/Actress,Unknown,Ireland,27,25-34,3rd Place,3,18.0,9,13,0.782608695652174,0.3846153846153846,-0.39799331103678937,1,0.1111111111111111,0.0,9,0.6923076923076923
27,2,Evanna Lynch,Keo Motsepe,9,9.88888888888889,0.1111111111111111,Actor/Actress,Unknown,Ireland,27,25-34,3rd Place,3,24.0,9,12,0.9230769230769231,0.6666666666666667,-0.2564102564102564,2,0.2222222222222222,0.0,5,0.4166666666666667
27,3,Evanna Lynch,Keo Motsepe,9,9.88888888888889,0.1111111111111111,Actor/Actress,Unknown,Ireland,27,25-34,3rd Place,3,27.0,9,11,0.9,0.9090909090909091,0.009090909090909038,3,0.3333333333333333,0.0,2,0.18181818181818182
27,4,Evanna Lynch,Keo Motsepe,9,9.88888888888889,0.1111111111111111,Actor/Actress,Unknown,Ireland,27,25-34,3rd Place,3,24.0,9,10,0.8275862068965517,0.6,-0.22758620689655173,4,0.4444444444444444,0.0,5,0.5
27,5,Evanna Lynch,Keo Motsepe,9,9.88888888888889,0.1111111111111111,Actor/Actress,Unknown,Ireland,27,25-34,3rd Place,3,24.0,9,9,0.8275862068965517,0.4444444444444444,-0.3831417624521073,5,0.5555555555555556,0.0,6,0.6666666666666666
27,6,Evanna Lynch,Keo Motsepe,9,9.88888888888889,0.1111111111111111,Actor/Actress,Unknown,Ireland,27,25-34,3rd Place,3,29.0,9,9,0.9666666666666667,0.7777777777777778,-0.18888888888888888,6,0.6666666666666666,0.0,3,0.3333333333333333
27,7,Evanna Lynch,Keo Motsepe,9,9.88888888888889,0.1111111111111111,Actor/Actress,Unknown,Ireland,27,25-34,3rd Place,3,29.5,9,8,1.0,1.0,0.0,7,0.7777777777777778,0.0,1,0.125
27,8,Evanna Lynch,Keo Motsepe,9,9.88888888888889,0.1111111111111111,Actor/Actress,Unknown,Ireland,27,25-34,3rd Place,3,29.0,9,6,0.9666666666666667,0.8333333333333334,-0.1333333333333333,8,0.8888888888888888,0.0,2,0.3333333333333333
27,9,Evanna Lynch,Keo Motsepe,9,9.88888888888889,0.1111111111111111,Actor/Actress,Unknown,Ireland,27,25-34,3rd Place,3,30.0,9,4,1.0,1.0,0.0,9,1.0,0.0,1,0.25
27,1,Joe Amabile,Jenna Johnson,9,6.444444444444445,0.4444444444444444,TV Personality,Illinois,United States,32,25-34,Eliminated Week 8,6,14.0,9,13,0.6086956521739131,0.07692307692307687,-0.5317725752508362,1,0.1111111111111111,0.0,13,1.0
27,2,Joe Amabile,Jenna Johnson,9,6.444444444444445,0.4444444444444444,TV Personality,Illinois,United States,32,25-34,Eliminated Week 8,6,17.5,9,12,0.6730769230769231,0.08333333333333337,-0.5897435897435898,2,0.2222222222222222,0.0,12,1.0
27,3,Joe Amabile,Jenna Johnson,9,6.444444444444445,0.4444444444444444,TV Personality,Illinois,United States,32,25-34,Eliminated Week 8,6,18.0,9,11,0.6,0.09090909090909094,-0.509090909090909,3,0.3333333333333333,0.0,11,1.0
27,4,Joe Amabile,Jenna Johnson,9,6.444444444444445,0.4444444444444444,TV Personality,Illinois,United States,32,25-34,Eliminated Week 8,6,15.0,9,10,0.5172413793103449,0.09999999999999998,-0.4172413793103449,4,0.4444444444444444,0.0,10,1.0
27,5,Joe Amabile,Jenna Johnson,9,6.444444444444445,0.4444444444444444,TV Personality,Illinois,United States,32,25-34,Eliminated Week 8,6,17.0,9,9,0.5862068965517241,0.11111111111111116,-0.4750957854406129,5,0.5555555555555556,0.0,9,1.0
27,6,Joe Amabile,Jenna Johnson,9,6.444444444444445,0.4444444444444444,TV Personality,Illinois,United States,32,25-34,Eliminated Week 8,6,22.0,9,9,0.7333333333333333,0.33333333333333337,-0.3999999999999999,6,0.6666666666666666,0.0,7,0.7777777777777778
27,7,Joe Amabile,Jenna Johnson,9,6.444444444444445,0.4444444444444444,TV Personality,Illinois,United States,32,25-34,Eliminated Week 8,6,23.5,9,8,0.7966101694915254,0.125,-0.6716101694915254,7,0.7777777777777778,0.0,8,1.0
27,8,Joe Amabile,Jenna Johnson,9,6.444444444444445,0.4444444444444444,TV Personality,Illinois,United States,32,25-34,Eliminated Week 8,6,23.0,9,6,0.7666666666666667,0.33333333333333337,-0.43333333333333335,8,0.8888888888888888,0.0,5,0.8333333333333334
27,1,John Schneider,Emma Slater,16,7.9375,0.0625,Actor/Actress,New York,United States,58,55-64,Eliminated Week 7,8,18.0,9,13,0.782608695652174,0.3846153846153846,-0.39799331103678937,1,0.1111111111111111,0.0,9,0.6923076923076923
27,2,John Schneider,Emma Slater,16,7.9375,0.0625,Actor/Actress,New York,United States,58,55-64,Eliminated Week 7,8,21.5,9,12,0.8269230769230769,0.41666666666666663,-0.41025641025641024,2,0.2222222222222222,0.0,8,0.6666666666666666
27,3,John Schneider,Emma Slater,16,7.9375,0.0625,Actor/Actress,New York,United States,58,55-64,Eliminated Week 7,8,21.0,9,11,0.7,0.18181818181818177,-0.5181818181818182,3,0.3333333333333333,0.0,10,0.9090909090909091
27,4,John Schneider,Emma Slater,16,7.9375,0.0625,Actor/Actress,New York,United States,58,55-64,Eliminated Week 7,8,21.0,9,10,0.7241379310344828,0.30000000000000004,-0.4241379310344827,4,0.4444444444444444,0.0,8,0.8
27,5,John Schneider,Emma Slater,16,7.9375,0.0625,Actor/Actress,New York,United States,58,55-64,Eliminated Week 7,8,24.0,9,9,0.8275862068965517,0.4444444444444444,-0.3831417624521073,5,0.5555555555555556,0.0,6,0.6666666666666666
27,6,John Schneider,Emma Slater,16,7.9375,0.0625,Actor/Actress,New York,United States,58,55-64,Eliminated Week 7,8,19.0,9,9,0.6333333333333333,0.11111111111111116,-0.5222222222222221,6,0.6666666666666666,0.0,9,1.0
27,7,John Schneider,Emma Slater,16,7.9375,0.0625,Actor/Actress,New York,United States,58,55-64,Eliminated Week 7,8,27.0,9,8,0.9152542372881356,0.5,-0.4152542372881356,7,0.7777777777777778,0.0,5,0.625
27,1,Juan Pablo Di Pace,Cheryl Burke,25,5.8,0.32,Actor/Actress,Unknown,Argentina,39,35-44,Eliminated Week 8,5,22.0,9,13,0.9565217391304348,0.8461538461538461,-0.11036789297658867,1,0.1111111111111111,0.0,3,0.23076923076923078
27,2,Juan Pablo Di Pace,Cheryl Burke,25,5.8,0.32,Actor/Actress,Unknown,Argentina,39,35-44,Eliminated Week 8,5,26.0,9,12,1.0,1.0,0.0,2,0.2222222222222222,0.0,1,0.08333333333333333
27,3,Juan Pablo Di Pace,Cheryl Burke,25,5.8,0.32,Actor/Actress,Unknown,Argentina,39,35-44,Eliminated Week 8,5,30.0,9,11,1.0,1.0,0.0,3,0.3333333333333333,0.0,1,0.09090909090909091
27,4,Juan Pablo Di Pace,Cheryl Burke,25,5.8,0.32,Actor/Actress,Unknown,Argentina,39,35-44,Eliminated Week 8,5,24.0,9,10,0.8275862068965517,0.6,-0.22758620689655173,4,0.4444444444444444,0.0,5,0.5
27,5,Juan Pablo Di Pace,Cheryl Burke,25,5.8,0.32,Actor/Actress,Unknown,Argentina,39,35-44,Eliminated Week 8,5,29.0,9,9,1.0,1.0,0.0,5,0.5555555555555556,0.0,1,0.1111111111111111
27,6,Juan Pablo Di Pace,Cheryl Burke,25,5.8,0.32,Actor/Actress,Unknown,Argentina,39,35-44,Eliminated Week 8,5,30.0,9,9,1.0,1.0,0.0,6,0.6666666666666666,0.0,1,0.1111111111111111
27,7,Juan Pablo Di Pace,Cheryl Burke,25,5.8,0.32,Actor/Actress,Unknown,Argentina,39,35-44,Eliminated Week 8,5,28.0,9,8,0.9491525423728814,0.75,-0.19915254237288138,7,0.7777777777777778,0.0,3,0.375
27,8,Juan Pablo Di Pace,Cheryl Burke,25,5.8,0.32,Actor/Actress,Unknown,Argentina,39,35-44,Eliminated Week 8,5,30.0,9,6,1.0,1.0,0.0,8,0.8888888888888888,0.0,1,0.16666666666666666
27,1,Mary Lou Retton,Sasha Farber,12,6.083333333333333,0.16666666666666666,Athlete,West Virginia,United States,50,45-54,Eliminated Week 6,9,20.0,9,13,0.8695652173913043,0.6923076923076923,-0.17725752508361203,1,0.1111111111111111,0.0,5,0.38461538461538464
27,2,Mary Lou Retton,Sasha Farber,12,6.083333333333333,0.16666666666666666,Athlete,West Virginia,United States,50,45-54,Eliminated Week 6,9,23.0,9,12,0.8846153846153846,0.5,-0.3846153846153846,2,0.2222222222222222,0.0,7,0.5833333333333334
27,3,Mary Lou Retton,Sasha Farber,12,6.083333333333333,0.16666666666666666,Athlete,West Virginia,United States,50,45-54,Eliminated Week 6,9,24.0,9,11,0.8,0.4545454545454546,-0.34545454545454546,3,0.3333333333333333,0.0,7,0.6363636363636364
27,4,Mary Lou Retton,Sasha Farber,12,6.083333333333333,0.16666666666666666,Athlete,West Virginia,United States,50,45-54,Eliminated Week 6,9,26.0,9,10,0.896551724137931,0.9,0.0034482758620689724,4,0.4444444444444444,0.0,2,0.2
27,5,Mary Lou Retton,Sasha Farber,12,6.083333333333333,0.16666666666666666,Athlete,West Virginia,United States,50,45-54,Eliminated Week 6,9,25.0,9,9,0.8620689655172413,0.5555555555555556,-0.30651340996168575,5,0.5555555555555556,0.0,5,0.5555555555555556
27,6,Mary Lou Retton,Sasha Farber,12,6.083333333333333,0.16666666666666666,Athlete,West Virginia,United States,50,45-54,Eliminated Week 6,9,24.0,9,9,0.8,0.4444444444444444,-0.3555555555555556,6,0.6666666666666666,0.0,6,0.6666666666666666
27,1,Milo Manheim,Witney Carson,14,5.5,0.35714285714285715,Actor/Actress,California,United States,17,<25,2nd Place,2,20.0,9,13,0.8695652173913043,0.6923076923076923,-0.17725752508361203,1,0.1111111111111111,0.0,5,0.38461538461538464
27,2,Milo Manheim,Witney Carson,14,5.5,0.35714285714285715,Actor/Actress,California,United States,17,<25,2nd Place,2,26.0,9,12,1.0,1.0,0.0,2,0.2222222222222222,0.0,1,0.08333333333333333
27,3,Milo Manheim,Witney Carson,14,5.5,0.35714285714285715,Actor/Actress,California,United States,17,<25,2nd Place,2,27.0,9,11,0.9,0.9090909090909091,0.009090909090909038,3,0.3333333333333333,0.0,2,0.18181818181818182
27,4,Milo Manheim,Witney Carson,14,5.5,0.35714285714285715,Actor/Actress,California,United States,17,<25,2nd Place,2,29.0,9,10,1.0,1.0,0.0,4,0.4444444444444444,0.0,1,0.1
27,5,Milo Manheim,Witney Carson,14,5.5,0.35714285714285715,Actor/Actress,California,United States,17,<25,2nd Place,2,27.0,9,9,0.9310344827586207,0.7777777777777778,-0.15325670498084287,5,0.5555555555555556,0.0,3,0.3333333333333333
27,6,Milo Manheim,Witney Carson,14,5.5,0.35714285714285715,Actor/Actress,California,United States,17,<25,2nd Place,2,30.0,9,9,1.0,1.0,0.0,6,0.6666666666666666,0.0,1,0.1111111111111111
27,7,Milo Manheim,Witney Carson,14,5.5,0.35714285714285715,Actor/Actress,California,United States,17,<25,2nd Place,2,29.0,9,8,0.9830508474576272,0.875,-0.10805084745762716,7,0.7777777777777778,0.0,2,0.25
27,8,Milo Manheim,Witney Carson,14,5.5,0.35714285714285715,Actor/Actress,California,United States,17,<25,2nd Place,2,27.5,9,6,0.9166666666666666,0.5,-0.41666666666666663,8,0.8888888888888888,0.0,4,0.6666666666666666
27,9,Milo Manheim,Witney Carson,14,5.5,0.35714285714285715,Actor/Actress,California,United States,17,<25,2nd Place,2,30.0,9,4,1.0,1.0,0.0,9,1.0,0.0,1,0.25
27,1,Nancy McKeon,Valentin Chmerkovskiy,19,5.2631578947368425,0.47368421052631576,Actor/Actress,New York,United States,52,45-54,Eliminated Week 3,11,19.5,9,13,0.8478260869565217,0.46153846153846156,-0.38628762541806017,1,0.1111111111111111,0.0,8,0.6153846153846154
27,2,Nancy McKeon,Valentin Chmerkovskiy,19,5.2631578947368425,0.47368421052631576,Actor/Actress,New York,United States,52,45-54,Eliminated Week 3,11,20.5,9,12,0.7884615384615384,0.33333333333333337,-0.45512820512820507,2,0.2222222222222222,0.0,9,0.75
27,3,Nancy McKeon,Valentin Chmerkovskiy,19,5.2631578947368425,0.47368421052631576,Actor/Actress,New York,United States,52,45-54,Eliminated Week 3,11,22.0,9,11,0.7333333333333333,0.2727272727272727,-0.4606060606060606,3,0.3333333333333333,0.0,9,0.8181818181818182
27,1,Nikki Glaser,Gleb Savchenko,13,8.461538461538462,0.0,Comedian,Ohio,United States,34,25-34,Eliminated Week 1,13,17.5,9,13,0.7608695652173914,0.15384615384615385,-0.6070234113712375,1,0.1111111111111111,0.0,12,0.9230769230769231
27,1,Tinashe,Brandon Armstrong,8,9.125,0.125,Singer/Rapper,Kentucky,United States,25,25-34,Eliminated Week 4,10,23.0,9,13,1.0,1.0,0.0,1,0.1111111111111111,0.0,1,0.07692307692307693
27,2,Tinashe,Brandon Armstrong,8,9.125,0.125,Singer/Rapper,Kentucky,United States,25,25-34,Eliminated Week 4,10,26.0,9,12,1.0,1.0,0.0,2,0.2222222222222222,0.0,1,0.08333333333333333
27,3,Tinashe,Brandon Armstrong,8,9.125,0.125,Singer/Rapper,Kentucky,United States,25,25-34,Eliminated Week 4,10,27.0,9,11,0.9,0.9090909090909091,0.009090909090909038,3,0.3333333333333333,0.0,2,0.18181818181818182
27,4,Tinashe,Brandon Armstrong,8,9.125,0.125,Singer/Rapper,Kentucky,United States,25,25-34,Eliminated Week 4,10,26.0,9,10,0.896551724137931,0.9,0.0034482758620689724,4,0.4444444444444444,0.0,2,0.2
28,1,Ally Brooke,Sasha Farber,12,6.083333333333333,0.16666666666666666,Singer/Rapper,Texas,United States,26,25-34,3rd Place,3,16.0,11,12,0.7619047619047619,0.5,-0.26190476190476186,1,0.09090909090909091,0.0,7,0.5833333333333334
28,2,Ally Brooke,Sasha Farber,12,6.083333333333333,0.16666666666666666,Singer/Rapper,Texas,United States,26,25-34,3rd Place,3,20.0,11,12,0.8333333333333334,0.8333333333333334,0.0,2,0.18181818181818182,0.0,3,0.25
28,3,Ally Brooke,Sasha Farber,12,6.083333333333333,0.16666666666666666,Singer/Rapper,Texas,United States,26,25-34,3rd Place,3,24.0,11,10,1.0,1.0,0.0,3,0.2727272727272727,0.0,1,0.1
28,4,Ally Brooke,Sasha Farber,12,6.083333333333333,0.16666666666666666,Singer/Rapper,Texas,United States,26,25-34,3rd Place,3,32.0,11,10,1.0,1.0,0.0,4,0.36363636363636365,0.0,1,0.1
28,5,Ally Brooke,Sasha Farber,12,6.083333333333333,0.16666666666666666,Singer/Rapper,Texas,United States,26,25-34,3rd Place,3,27.0,11,9,1.0,1.0,0.0,5,0.45454545454545453,0.0,1,0.1111111111111111
28,6,Ally Brooke,Sasha Farber,12,6.083333333333333,0.16666666666666666,Singer/Rapper,Texas,United States,26,25-34,3rd Place,3,25.0,11,9,0.9259259259259259,0.4444444444444444,-0.4814814814814815,6,0.5454545454545454,0.0,6,0.6666666666666666
28,7,Ally Brooke,Sasha Farber,12,6.083333333333333,0.16666666666666666,Singer/Rapper,Texas,United States,26,25-34,3rd Place,3,27.0,11,8,1.0,1.0,0.0,7,0.6363636363636364,0.0,1,0.125
28,8,Ally Brooke,Sasha Farber,12,6.083333333333333,0.16666666666666666,Singer/Rapper,Texas,United States,26,25-34,3rd Place,3,30.0,11,7,0.9375058594116213,0.7142857142857143,-0.22322014512590704,8,0.7272727272727273,0.0,3,0.42857142857142855
28,9,Ally Brooke,Sasha Farber,12,6.083333333333333,0.16666666666666666,Singer/Rapper,Texas,United States,26,25-34,3rd Place,3,40.0,11,6,1.0,1.0,0.0,9,0.8181818181818182,0.0,1,0.16666666666666666
28,10,Ally Brooke,Sasha Farber,12,6.083333333333333,0.16666666666666666,Singer/Rapper,Texas,United States,26,25-34,3rd Place,3,29.5,11,5,1.0,1.0,0.0,10,0.9090909090909091,0.0,1,0.2
28,11,Ally Brooke,Sasha Farber,12,6.083333333333333,0.16666666666666666,Singer/Rapper,Texas,United States,26,25-34,3rd Place,3,30.0,11,4,1.0,1.0,0.0,11,1.0,0.0,1,0.25
28,1,Hannah Brown,Alan Bersten,9,6.111111111111111,0.2222222222222222,TV Personality,Alabama,United States,24,<25,1st Place,1,20.0,11,12,0.9523809523809523,0.9166666666666666,-0.0357142857142857,1,0.09090909090909091,0.0,2,0.16666666666666666
28,2,Hannah Brown,Alan Bersten,9,6.111111111111111,0.2222222222222222,TV Personality,Alabama,United States,24,<25,1st Place,1,24.0,11,12,1.0,1.0,0.0,2,0.18181818181818182,0.0,1,0.08333333333333333
28,3,Hannah Brown,Alan Bersten,9,6.111111111111111,0.2222222222222222,TV Personality,Alabama,United States,24,<25,1st Place,1,21.0,11,10,0.875,0.6,-0.275,3,0.2727272727272727,0.0,5,0.5
28,4,Hannah Brown,Alan Bersten,9,6.111111111111111,0.2222222222222222,TV Personality,Alabama,United States,24,<25,1st Place,1,32.0,11,10,1.0,1.0,0.0,4,0.36363636363636365,0.0,1,0.1
28,5,Hannah Brown,Alan Bersten,9,6.111111111111111,0.2222222222222222,TV Personality,Alabama,United States,24,<25,1st Place,1,25.0,11,9,0.9259259259259259,0.6666666666666667,-0.2592592592592592,5,0.45454545454545453,0.0,4,0.4444444444444444
28,6,Hannah Brown,Alan Bersten,9,6.111111111111111,0.2222222222222222,TV Personality,Alabama,United States,24,<25,1st Place,1,24.0,11,9,0.8888888888888888,0.2222222222222222,-0.6666666666666666,6,0.5454545454545454,0.0,8,0.8888888888888888
28,7,Hannah Brown,Alan Bersten,9,6.111111111111111,0.2222222222222222,TV Personality,Alabama,United States,24,<25,1st Place,1,26.0,11,8,0.9629629629629629,0.625,-0.3379629629629629,7,0.6363636363636364,0.0,4,0.5
28,8,Hannah Brown,Alan Bersten,9,6.111111111111111,0.2222222222222222,TV Personality,Alabama,United States,24,<25,1st Place,1,30.9998,11,7,0.9687498046862792,0.8571428571428572,-0.11160694754342204,8,0.7272727272727273,0.0,2,0.2857142857142857
28,9,Hannah Brown,Alan Bersten,9,6.111111111111111,0.2222222222222222,TV Personality,Alabama,United States,24,<25,1st Place,1,35.5,11,6,0.8875,0.5,-0.38749999999999996,9,0.8181818181818182,0.0,4,0.6666666666666666
28,10,Hannah Brown,Alan Bersten,9,6.111111111111111,0.2222222222222222,TV Personality,Alabama,United States,24,<25,1st Place,1,27.0,11,5,0.9152542372881356,0.6,-0.3152542372881356,10,0.9090909090909091,0.0,3,0.6
28,11,Hannah Brown,Alan Bersten,9,6.111111111111111,0.2222222222222222,TV Personality,Alabama,United States,24,<25,1st Place,1,29.0,11,4,0.9666666666666667,0.5,-0.4666666666666667,11,1.0,0.0,3,0.75
28,1,James Van Der Beek,Emma Slater,16,7.9375,0.0625,Actor/Actress,Connecticut,United States,42,35-44,Eliminated Week 10,5,21.0,11,12,1.0,1.0,0.0,1,0.09090909090909091,0.0,1,0.08333333333333333
28,2,James Van Der Beek,Emma Slater,16,7.9375,0.0625,Actor/Actress,Connecticut,United States,42,35-44,Eliminated Week 10,5,20.0,11,12,0.8333333333333334,0.8333333333333334,0.0,2,0.18181818181818182,0.0,3,0.25
28,3,James Van Der Beek,Emma Slater,16,7.9375,0.0625,Actor/Actress,Connecticut,United States,42,35-44,Eliminated Week 10,5,23.0,11,10,0.9583333333333334,0.8,-0.15833333333333333,3,0.2727272727272727,0.0,3,0.3
28,4,James Van Der Beek,Emma Slater,16,7.9375,0.0625,Actor/Actress,Connecticut,United States,42,35-44,Eliminated Week 10,5,28.0,11,10,0.875,0.5,-0.375,4,0.36363636363636365,0.0,6,0.6
28,5,James Van Der Beek,Emma Slater,16,7.9375,0.0625,Actor/Actress,Connecticut,United States,42,35-44,Eliminated Week 10,5,26.0,11,9,0.9629629629629629,0.8888888888888888,-0.07407407407407407,5,0.45454545454545453,0.0,2,0.2222222222222222
28,6,James Van Der Beek,Emma Slater,16,7.9375,0.0625,Actor/Actress,Connecticut,United States,42,35-44,Eliminated Week 10,5,27.0,11,9,1.0,1.0,0.0,6,0.5454545454545454,0.0,1,0.1111111111111111
28,7,James Van Der Beek,Emma Slater,16,7.9375,0.0625,Actor/Actress,Connecticut,United States,42,35-44,Eliminated Week 10,5,27.0,11,8,1.0,1.0,0.0,7,0.6363636363636364,0.0,1,0.125
28,8,James Van Der Beek,Emma Slater,16,7.9375,0.0625,Actor/Actress,Connecticut,United States,42,35-44,Eliminated Week 10,5,31.9998,11,7,1.0,1.0,0.0,8,0.7272727272727273,0.0,1,0.14285714285714285
28,9,James Van Der Beek,Emma Slater,16,7.9375,0.0625,Actor/Actress,Connecticut,United States,42,35-44,Eliminated Week 10,5,36.0,11,6,0.9,0.6666666666666667,-0.23333333333333328,9,0.8181818181818182,0.0,3,0.5
28,10,James Van Der Beek,Emma Slater,16,7.9375,0.0625,Actor/Actress,Connecticut,United States,42,35-44,Eliminated Week 10,5,25.5,11,5,0.864406779661017,0.19999999999999996,-0.664406779661017,10,0.9090909090909091,0.0,5,1.0
28,1,Karamo Brown,Jenna Johnson,9,6.444444444444445,0.4444444444444444,TV Personality,Texas,United States,38,35-44,Eliminated Week 7,8,17.0,11,12,0.8095238095238095,0.6666666666666667,-0.1428571428571428,1,0.09090909090909091,0.0,5,0.4166666666666667
28,2,Karamo Brown,Jenna Johnson,9,6.444444444444445,0.4444444444444444,TV Personality,Texas,United States,38,35-44,Eliminated Week 7,8,19.0,11,12,0.7916666666666666,0.5833333333333333,-0.20833333333333337,2,0.18181818181818182,0.0,6,0.5
28,3,Karamo Brown,Jenna Johnson,9,6.444444444444445,0.4444444444444444,TV Personality,Texas,United States,38,35-44,Eliminated Week 7,8,16.0,11,10,0.6666666666666666,0.30000000000000004,-0.3666666666666666,3,0.2727272727272727,0.0,8,0.8
28,4,Karamo Brown,Jenna Johnson,9,6.444444444444445,0.4444444444444444,TV Personality,Texas,United States,38,35-44,Eliminated Week 7,8,28.0,11,10,0.875,0.5,-0.375,4,0.36363636363636365,0.0,6,0.6
28,5,Karamo Brown,Jenna Johnson,9,6.444444444444445,0.4444444444444444,TV Personality,Texas,United States,38,35-44,Eliminated Week 7,8,21.0,11,9,0.7777777777777778,0.2222222222222222,-0.5555555555555556,5,0.45454545454545453,0.0,8,0.8888888888888888
28,6,Karamo Brown,Jenna Johnson,9,6.444444444444445,0.4444444444444444,TV Personality,Texas,United States,38,35-44,Eliminated Week 7,8,25.0,11,9,0.9259259259259259,0.4444444444444444,-0.4814814814814815,6,0.5454545454545454,0.0,6,0.6666666666666666
28,7,Karamo Brown,Jenna Johnson,9,6.444444444444445,0.4444444444444444,TV Personality,Texas,United States,38,35-44,Eliminated Week 7,8,24.5,11,8,0.9074074074074074,0.375,-0.5324074074074074,7,0.6363636363636364,0.0,6,0.75
28,1,Kate Flannery,Pasha Pashkov,7,10.428571428571429,0.14285714285714285,Actor/Actress,Pennsylvania,United States,55,55-64,Eliminated Week 8,7,15.0,11,12,0.7142857142857143,0.33333333333333337,-0.38095238095238093,1,0.09090909090909091,0.0,9,0.75
28,2,Kate Flannery,Pasha Pashkov,7,10.428571428571429,0.14285714285714285,Actor/Actress,Pennsylvania,United States,55,55-64,Eliminated Week 8,7,21.0,11,12,0.875,0.9166666666666666,0.04166666666666663,2,0.18181818181818182,0.0,2,0.16666666666666666
28,3,Kate Flannery,Pasha Pashkov,7,10.428571428571429,0.14285714285714285,Actor/Actress,Pennsylvania,United States,55,55-64,Eliminated Week 8,7,24.0,11,10,1.0,1.0,0.0,3,0.2727272727272727,0.0,1,0.1
28,4,Kate Flannery,Pasha Pashkov,7,10.428571428571429,0.14285714285714285,Actor/Actress,Pennsylvania,United States,55,55-64,Eliminated Week 8,7,26.0,11,10,0.8125,0.30000000000000004,-0.5125,4,0.36363636363636365,0.0,8,0.8
28,5,Kate Flannery,Pasha Pashkov,7,10.428571428571429,0.14285714285714285,Actor/Actress,Pennsylvania,United States,55,55-64,Eliminated Week 8,7,24.0,11,9,0.8888888888888888,0.5555555555555556,-0.33333333333333326,5,0.45454545454545453,0.0,5,0.5555555555555556
28,6,Kate Flannery,Pasha Pashkov,7,10.428571428571429,0.14285714285714285,Actor/Actress,Pennsylvania,United States,55,55-64,Eliminated Week 8,7,27.0,11,9,1.0,1.0,0.0,6,0.5454545454545454,0.0,1,0.1111111111111111
28,7,Kate Flannery,Pasha Pashkov,7,10.428571428571429,0.14285714285714285,Actor/Actress,Pennsylvania,United States,55,55-64,Eliminated Week 8,7,24.0,11,8,0.8888888888888888,0.25,-0.6388888888888888,7,0.6363636363636364,0.0,7,0.875
28,8,Kate Flannery,Pasha Pashkov,7,10.428571428571429,0.14285714285714285,Actor/Actress,Pennsylvania,United States,55,55-64,Eliminated Week 8,7,25.9998,11,7,0.8124988281176757,0.4285714285714286,-0.3839273995462471,8,0.7272727272727273,0.0,5,0.7142857142857143
28,1,Kel Mitchell,Witney Carson,14,5.5,0.35714285714285715,Actor/Actress,Illinois,United States,41,35-44,2nd Place,2,16.0,11,12,0.7619047619047619,0.5,-0.26190476190476186,1,0.09090909090909091,0.0,7,0.5833333333333334
28,2,Kel Mitchell,Witney Carson,14,5.5,0.35714285714285715,Actor/Actress,Illinois,United States,41,35-44,2nd Place,2,20.0,11,12,0.8333333333333334,0.8333333333333334,0.0,2,0.18181818181818182,0.0,3,0.25
28,3,Kel Mitchell,Witney Carson,14,5.5,0.35714285714285715,Actor/Actress,Illinois,United States,41,35-44,2nd Place,2,20.0,11,10,0.8333333333333334,0.5,-0.33333333333333337,3,0.2727272727272727,0.0,6,0.6
28,4,Kel Mitchell,Witney Carson,14,5.5,0.35714285714285715,Actor/Actress,Illinois,United States,41,35-44,2nd Place,2,32.0,11,10,1.0,1.0,0.0,4,0.36363636363636365,0.0,1,0.1
28,5,Kel Mitchell,Witney Carson,14,5.5,0.35714285714285715,Actor/Actress,Illinois,United States,41,35-44,2nd Place,2,26.0,11,9,0.9629629629629629,0.8888888888888888,-0.07407407407407407,5,0.45454545454545453,0.0,2,0.2222222222222222
28,6,Kel Mitchell,Witney Carson,14,5.5,0.35714285714285715,Actor/Actress,Illinois,United States,41,35-44,2nd Place,2,26.0,11,9,0.9629629629629629,0.6666666666666667,-0.29629629629629617,6,0.5454545454545454,0.0,4,0.4444444444444444
28,7,Kel Mitchell,Witney Carson,14,5.5,0.35714285714285715,Actor/Actress,Illinois,United States,41,35-44,2nd Place,2,25.5,11,8,0.9444444444444444,0.5,-0.4444444444444444,7,0.6363636363636364,0.0,5,0.625
28,8,Kel Mitchell,Witney Carson,14,5.5,0.35714285714285715,Actor/Actress,Illinois,United States,41,35-44,2nd Place,2,29.9998,11,7,0.9374996093725586,0.5714285714285714,-0.3660710379439872,8,0.7272727272727273,0.0,4,0.5714285714285714
28,9,Kel Mitchell,Witney Carson,14,5.5,0.35714285714285715,Actor/Actress,Illinois,United States,41,35-44,2nd Place,2,37.0,11,6,0.925,0.8333333333333334,-0.09166666666666667,9,0.8181818181818182,0.0,2,0.3333333333333333
28,10,Kel Mitchell,Witney Carson,14,5.5,0.35714285714285715,Actor/Actress,Illinois,United States,41,35-44,2nd Place,2,28.5,11,5,0.9661016949152542,0.8,-0.16610169491525417,10,0.9090909090909091,0.0,2,0.4
28,11,Kel Mitchell,Witney Carson,14,5.5,0.35714285714285715,Actor/Actress,Illinois,United States,41,35-44,2nd Place,2,29.5,11,4,0.9833333333333333,0.75,-0.23333333333333328,11,1.0,0.0,2,0.5
28,1,Lamar Odom,Peta Murgatroyd,15,7.4,0.13333333333333333,Athlete,New York,United States,39,35-44,Eliminated Week 4,10,11.0,11,12,0.5238095238095238,0.08333333333333337,-0.44047619047619047,1,0.09090909090909091,0.0,12,1.0
28,2,Lamar Odom,Peta Murgatroyd,15,7.4,0.13333333333333333,Athlete,New York,United States,39,35-44,Eliminated Week 4,10,12.0,11,12,0.5,0.08333333333333337,-0.41666666666666663,2,0.18181818181818182,0.0,12,1.0
28,3,Lamar Odom,Peta Murgatroyd,15,7.4,0.13333333333333333,Athlete,New York,United States,39,35-44,Eliminated Week 4,10,12.0,11,10,0.5,0.09999999999999998,-0.4,3,0.2727272727272727,0.0,10,1.0
28,4,Lamar Odom,Peta Murgatroyd,15,7.4,0.13333333333333333,Athlete,New York,United States,39,35-44,Eliminated Week 4,10,20.0,11,10,0.625,0.09999999999999998,-0.525,4,0.36363636363636365,0.0,10,1.0
28,1,Lauren Alaina,Gleb Savchenko,13,8.461538461538462,0.0,Singer/Rapper,Georgia,United States,24,<25,4th Place,4,19.0,11,12,0.9047619047619048,0.8333333333333334,-0.0714285714285714,1,0.09090909090909091,0.0,3,0.25
28,2,Lauren Alaina,Gleb Savchenko,13,8.461538461538462,0.0,Singer/Rapper,Georgia,United States,24,<25,4th Place,4,19.0,11,12,0.7916666666666666,0.5833333333333333,-0.20833333333333337,2,0.18181818181818182,0.0,6,0.5
28,3,Lauren Alaina,Gleb Savchenko,13,8.461538461538462,0.0,Singer/Rapper,Georgia,United States,24,<25,4th Place,4,20.0,11,10,0.8333333333333334,0.5,-0.33333333333333337,3,0.2727272727272727,0.0,6,0.6
28,4,Lauren Alaina,Gleb Savchenko,13,8.461538461538462,0.0,Singer/Rapper,Georgia,United States,24,<25,4th Place,4,32.0,11,10,1.0,1.0,0.0,4,0.36363636363636365,0.0,1,0.1
28,5,Lauren Alaina,Gleb Savchenko,13,8.461538461538462,0.0,Singer/Rapper,Georgia,United States,24,<25,4th Place,4,23.0,11,9,0.8518518518518519,0.33333333333333337,-0.5185185185185185,5,0.45454545454545453,0.0,7,0.7777777777777778
28,6,Lauren Alaina,Gleb Savchenko,13,8.461538461538462,0.0,Singer/Rapper,Georgia,United States,24,<25,4th Place,4,26.0,11,9,0.9629629629629629,0.6666666666666667,-0.29629629629629617,6,0.5454545454545454,0.0,4,0.4444444444444444
28,7,Lauren Alaina,Gleb Savchenko,13,8.461538461538462,0.0,Singer/Rapper,Georgia,United States,24,<25,4th Place,4,27.0,11,8,1.0,1.0,0.0,7,0.6363636363636364,0.0,1,0.125
28,8,Lauren Alaina,Gleb Savchenko,13,8.461538461538462,0.0,Singer/Rapper,Georgia,United States,24,<25,4th Place,4,24.0,11,7,0.750004687529297,0.2857142857142857,-0.46429040181501136,8,0.7272727272727273,0.0,6,0.8571428571428571
28,9,Lauren Alaina,Gleb Savchenko,13,8.461538461538462,0.0,Singer/Rapper,Georgia,United States,24,<25,4th Place,4,35.0,11,6,0.875,0.33333333333333337,-0.5416666666666666,9,0.8181818181818182,0.0,5,0.8333333333333334
28,10,Lauren Alaina,Gleb Savchenko,13,8.461538461538462,0.0,Singer/Rapper,Georgia,United States,24,<25,4th Place,4,27.0,11,5,0.9152542372881356,0.6,-0.3152542372881356,10,0.9090909090909091,0.0,3,0.6
28,11,Lauren Alaina,Gleb Savchenko,13,8.461538461538462,0.0,Singer/Rapper,Georgia,United States,24,<25,4th Place,4,28.5,11,4,0.95,0.25,-0.7,11,1.0,0.0,4,1.0
28,1,Mary Wilson,Brandon Armstrong,8,9.125,0.125,Singer/Rapper,Nevada,United States,75,65+,Eliminated Week 2,12,17.0,11,12,0.8095238095238095,0.6666666666666667,-0.1428571428571428,1,0.09090909090909091,0.0,5,0.4166666666666667
28,2,Mary Wilson,Brandon Armstrong,8,9.125,0.125,Singer/Rapper,Nevada,United States,75,65+,Eliminated Week 2,12,15.0,11,12,0.625,0.25,-0.375,2,0.18181818181818182,0.0,10,0.8333333333333334
28,1,Ray Lewis,Cheryl Burke,25,5.8,0.32,Athlete,Florida,United States,44,35-44,Withdrew,11,15.0,11,12,0.7142857142857143,0.33333333333333337,-0.38095238095238093,1,0.09090909090909091,0.0,9,0.75
28,2,Ray Lewis,Cheryl Burke,25,5.8,0.32,Athlete,Florida,United States,44,35-44,Withdrew,11,15.0,11,12,0.625,0.25,-0.375,2,0.18181818181818182,0.0,10,0.8333333333333334
28,1,Sailor Brinkley-Cook,Valentin Chmerkovskiy,19,5.2631578947368425,0.47368421052631576,Model,New York,United States,21,<25,Eliminated Week 6,9,18.0,11,12,0.8571428571428571,0.75,-0.1071428571428571,1,0.09090909090909091,0.0,4,0.3333333333333333
28,2,Sailor Brinkley-Cook,Valentin Chmerkovskiy,19,5.2631578947368425,0.47368421052631576,Model,New York,United States,21,<25,Eliminated Week 6,9,18.0,11,12,0.75,0.41666666666666663,-0.33333333333333337,2,0.18181818181818182,0.0,8,0.6666666666666666
28,3,Sailor Brinkley-Cook,Valentin Chmerkovskiy,19,5.2631578947368425,0.47368421052631576,Model,New York,United States,21,<25,Eliminated Week 6,9,23.0,11,10,0.9583333333333334,0.8,-0.15833333333333333,3,0.2727272727272727,0.0,3,0.3
28,4,Sailor Brinkley-Cook,Valentin Chmerkovskiy,19,5.2631578947368425,0.47368421052631576,Model,New York,United States,21,<25,Eliminated Week 6,9,31.0,11,10,0.96875,0.6,-0.36875,4,0.36363636363636365,0.0,5,0.5
28,5,Sailor Brinkley-Cook,Valentin Chmerkovskiy,19,5.2631578947368425,0.47368421052631576,Model,New York,United States,21,<25,Eliminated Week 6,9,24.0,11,9,0.8888888888888888,0.5555555555555556,-0.33333333333333326,5,0.45454545454545453,0.0,5,0.5555555555555556
28,6,Sailor Brinkley-Cook,Valentin Chmerkovskiy,19,5.2631578947368425,0.47368421052631576,Model,New York,United States,21,<25,Eliminated Week 6,9,27.0,11,9,1.0,1.0,0.0,6,0.5454545454545454,0.0,1,0.1111111111111111
28,1,Sean Spicer,Lindsay Arnold,10,5.4,0.4,Politician,New York,United States,48,45-54,Eliminated Week 9,6,12.0,11,12,0.5714285714285714,0.16666666666666663,-0.40476190476190477,1,0.09090909090909091,0.0,11,0.9166666666666666
28,2,Sean Spicer,Lindsay Arnold,10,5.4,0.4,Politician,New York,United States,48,45-54,Eliminated Week 9,6,16.0,11,12,0.6666666666666666,0.33333333333333337,-0.33333333333333326,2,0.18181818181818182,0.0,9,0.75
28,3,Sean Spicer,Lindsay Arnold,10,5.4,0.4,Politician,New York,United States,48,45-54,Eliminated Week 9,6,15.0,11,10,0.625,0.19999999999999996,-0.42500000000000004,3,0.2727272727272727,0.0,9,0.9
28,4,Sean Spicer,Lindsay Arnold,10,5.4,0.4,Politician,New York,United States,48,45-54,Eliminated Week 9,6,21.0,11,10,0.65625,0.19999999999999996,-0.45625000000000004,4,0.36363636363636365,0.0,9,0.9
28,5,Sean Spicer,Lindsay Arnold,10,5.4,0.4,Politician,New York,United States,48,45-54,Eliminated Week 9,6,19.0,11,9,0.7037037037037037,0.11111111111111116,-0.5925925925925926,5,0.45454545454545453,0.0,9,1.0
28,6,Sean Spicer,Lindsay Arnold,10,5.4,0.4,Politician,New York,United States,48,45-54,Eliminated Week 9,6,21.0,11,9,0.7777777777777778,0.11111111111111116,-0.6666666666666666,6,0.5454545454545454,0.0,9,1.0
28,7,Sean Spicer,Lindsay Arnold,10,5.4,0.4,Politician,New York,United States,48,45-54,Eliminated Week 9,6,21.0,11,8,0.7777777777777778,0.125,-0.6527777777777778,7,0.6363636363636364,0.0,8,1.0
28,8,Sean Spicer,Lindsay Arnold,10,5.4,0.4,Politician,New York,United States,48,45-54,Eliminated Week 9,6,20.0,11,7,0.6250039062744142,0.1428571428571429,-0.48214676341727125,8,0.7272727272727273,0.0,7,1.0
28,9,Sean Spicer,Lindsay Arnold,10,5.4,0.4,Politician,New York,United States,48,45-54,Eliminated Week 9,6,25.0,11,6,0.625,0.16666666666666663,-0.45833333333333337,9,0.8181818181818182,0.0,6,1.0
29,1,AJ McLean,Cheryl Burke,25,5.8,0.32,Singer/Rapper,Florida,United States,42,35-44,Eliminated Week 9,7,18.0,11,15,0.8571428571428571,0.6666666666666667,-0.19047619047619035,1,0.09090909090909091,0.0,6,0.4
29,2,AJ McLean,Cheryl Burke,25,5.8,0.32,Singer/Rapper,Florida,United States,42,35-44,Eliminated Week 9,7,19.0,11,15,0.8636363636363636,0.7333333333333334,-0.13030303030303025,2,0.18181818181818182,0.0,5,0.3333333333333333
29,3,AJ McLean,Cheryl Burke,25,5.8,0.32,Singer/Rapper,Florida,United States,42,35-44,Eliminated Week 9,7,21.0,11,14,0.875,0.5714285714285714,-0.3035714285714286,3,0.2727272727272727,0.0,7,0.5
29,4,AJ McLean,Cheryl Burke,25,5.8,0.32,Singer/Rapper,Florida,United States,42,35-44,Eliminated Week 9,7,24.0,11,13,0.8571428571428571,0.8461538461538461,-0.01098901098901095,4,0.36363636363636365,0.0,3,0.23076923076923078
29,5,AJ McLean,Cheryl Burke,25,5.8,0.32,Singer/Rapper,Florida,United States,42,35-44,Eliminated Week 9,7,24.0,11,12,0.8275862068965517,0.6666666666666667,-0.16091954022988497,5,0.45454545454545453,0.0,5,0.4166666666666667
29,6,AJ McLean,Cheryl Burke,25,5.8,0.32,Singer/Rapper,Florida,United States,42,35-44,Eliminated Week 9,7,27.0,11,11,1.0,1.0,0.0,6,0.5454545454545454,0.0,1,0.09090909090909091
29,7,AJ McLean,Cheryl Burke,25,5.8,0.32,Singer/Rapper,Florida,United States,42,35-44,Eliminated Week 9,7,26.0,11,10,0.8666666666666667,0.6,-0.2666666666666667,7,0.6363636363636364,0.0,5,0.5
29,8,AJ McLean,Cheryl Burke,25,5.8,0.32,Singer/Rapper,Florida,United States,42,35-44,Eliminated Week 9,7,27.0,11,8,0.9,0.5,-0.4,8,0.7272727272727273,0.0,5,0.625
29,9,AJ McLean,Cheryl Burke,25,5.8,0.32,Singer/Rapper,Florida,United States,42,35-44,Eliminated Week 9,7,24.9998,11,7,0.8333266666666667,0.2857142857142857,-0.547612380952381,9,0.8181818181818182,0.0,6,0.8571428571428571
29,1,Anne Heche,Keo Motsepe,9,9.88888888888889,0.1111111111111111,Actor/Actress,Ohio,United States,51,45-54,Eliminated Week 4,13,18.0,11,15,0.8571428571428571,0.6666666666666667,-0.19047619047619035,1,0.09090909090909091,0.0,6,0.4
29,2,Anne Heche,Keo Motsepe,9,9.88888888888889,0.1111111111111111,Actor/Actress,Ohio,United States,51,45-54,Eliminated Week 4,13,18.0,11,15,0.8181818181818182,0.6666666666666667,-0.1515151515151515,2,0.18181818181818182,0.0,6,0.4
29,3,Anne Heche,Keo Motsepe,9,9.88888888888889,0.1111111111111111,Actor/Actress,Ohio,United States,51,45-54,Eliminated Week 4,13,15.0,11,14,0.625,0.1428571428571429,-0.4821428571428571,3,0.2727272727272727,0.0,13,0.9285714285714286
29,4,Anne Heche,Keo Motsepe,9,9.88888888888889,0.1111111111111111,Actor/Actress,Ohio,United States,51,45-54,Eliminated Week 4,13,21.0,11,13,0.75,0.3076923076923077,-0.4423076923076923,4,0.36363636363636365,0.0,10,0.7692307692307693
29,1,Carole Baskin,Pasha Pashkov,7,10.428571428571429,0.14285714285714285,TV Personality,Texas,United States,59,55-64,Eliminated Week 3,14,11.0,11,15,0.5238095238095238,0.06666666666666665,-0.4571428571428572,1,0.09090909090909091,0.0,15,1.0
29,2,Carole Baskin,Pasha Pashkov,7,10.428571428571429,0.14285714285714285,TV Personality,Texas,United States,59,55-64,Eliminated Week 3,14,16.0,11,15,0.7272727272727273,0.2666666666666667,-0.4606060606060606,2,0.18181818181818182,0.0,12,0.8
29,3,Carole Baskin,Pasha Pashkov,7,10.428571428571429,0.14285714285714285,TV Personality,Texas,United States,59,55-64,Eliminated Week 3,14,12.0,11,14,0.5,0.0714285714285714,-0.4285714285714286,3,0.2727272727272727,0.0,14,1.0
29,1,Charles Oakley,Emma Slater,16,7.9375,0.0625,Athlete,Ohio,United States,56,55-64,Eliminated Week 2,15,12.0,11,15,0.5714285714285714,0.1333333333333333,-0.4380952380952381,1,0.09090909090909091,0.0,14,0.9333333333333333
29,2,Charles Oakley,Emma Slater,16,7.9375,0.0625,Athlete,Ohio,United States,56,55-64,Eliminated Week 2,15,15.0,11,15,0.6818181818181818,0.1333333333333333,-0.5484848484848485,2,0.18181818181818182,0.0,14,0.9333333333333333
29,1,Chrishell Stause,Gleb Savchenko,13,8.461538461538462,0.0,Actor/Actress,Kentucky,United States,39,35-44,Eliminated Week 8,8,13.0,11,15,0.6190476190476191,0.19999999999999996,-0.4190476190476191,1,0.09090909090909091,0.0,13,0.8666666666666667
29,2,Chrishell Stause,Gleb Savchenko,13,8.461538461538462,0.0,Actor/Actress,Kentucky,United States,39,35-44,Eliminated Week 8,8,18.0,11,15,0.8181818181818182,0.6666666666666667,-0.1515151515151515,2,0.18181818181818182,0.0,6,0.4
29,3,Chrishell Stause,Gleb Savchenko,13,8.461538461538462,0.0,Actor/Actress,Kentucky,United States,39,35-44,Eliminated Week 8,8,22.0,11,14,0.9166666666666666,0.7857142857142857,-0.13095238095238093,3,0.2727272727272727,0.0,4,0.2857142857142857
29,4,Chrishell Stause,Gleb Savchenko,13,8.461538461538462,0.0,Actor/Actress,Kentucky,United States,39,35-44,Eliminated Week 8,8,22.0,11,13,0.7857142857142857,0.46153846153846156,-0.32417582417582413,4,0.36363636363636365,0.0,8,0.6153846153846154
29,5,Chrishell Stause,Gleb Savchenko,13,8.461538461538462,0.0,Actor/Actress,Kentucky,United States,39,35-44,Eliminated Week 8,8,19.0,11,12,0.6551724137931034,0.16666666666666663,-0.4885057471264368,5,0.45454545454545453,0.0,11,0.9166666666666666
29,6,Chrishell Stause,Gleb Savchenko,13,8.461538461538462,0.0,Actor/Actress,Kentucky,United States,39,35-44,Eliminated Week 8,8,24.0,11,11,0.8888888888888888,0.4545454545454546,-0.43434343434343425,6,0.5454545454545454,0.0,7,0.6363636363636364
29,7,Chrishell Stause,Gleb Savchenko,13,8.461538461538462,0.0,Actor/Actress,Kentucky,United States,39,35-44,Eliminated Week 8,8,26.0,11,10,0.8666666666666667,0.6,-0.2666666666666667,7,0.6363636363636364,0.0,5,0.5
29,8,Chrishell Stause,Gleb Savchenko,13,8.461538461538462,0.0,Actor/Actress,Kentucky,United States,39,35-44,Eliminated Week 8,8,27.0,11,8,0.9,0.5,-0.4,8,0.7272727272727273,0.0,5,0.625
29,1,Jeannie Mai,Brandon Armstrong,8,9.125,0.125,TV Personality,California,United States,41,35-44,Withdrew,9,18.0,11,15,0.8571428571428571,0.6666666666666667,-0.19047619047619035,1,0.09090909090909091,0.0,6,0.4
29,2,Jeannie Mai,Brandon Armstrong,8,9.125,0.125,TV Personality,California,United States,41,35-44,Withdrew,9,18.0,11,15,0.8181818181818182,0.6666666666666667,-0.1515151515151515,2,0.18181818181818182,0.0,6,0.4
29,3,Jeannie Mai,Brandon Armstrong,8,9.125,0.125,TV Personality,California,United States,41,35-44,Withdrew,9,22.0,11,14,0.9166666666666666,0.7857142857142857,-0.13095238095238093,3,0.2727272727272727,0.0,4,0.2857142857142857
29,4,Jeannie Mai,Brandon Armstrong,8,9.125,0.125,TV Personality,California,United States,41,35-44,Withdrew,9,21.0,11,13,0.75,0.3076923076923077,-0.4423076923076923,4,0.36363636363636365,0.0,10,0.7692307692307693
29,5,Jeannie Mai,Brandon Armstrong,8,9.125,0.125,TV Personality,California,United States,41,35-44,Withdrew,9,24.0,11,12,0.8275862068965517,0.6666666666666667,-0.16091954022988497,5,0.45454545454545453,0.0,5,0.4166666666666667
29,6,Jeannie Mai,Brandon Armstrong,8,9.125,0.125,TV Personality,California,United States,41,35-44,Withdrew,9,25.0,11,11,0.9259259259259259,0.5454545454545454,-0.3804713804713805,6,0.5454545454545454,0.0,6,0.5454545454545454
29,7,Jeannie Mai,Brandon Armstrong,8,9.125,0.125,TV Personality,California,United States,41,35-44,Withdrew,9,25.0,11,10,0.8333333333333334,0.30000000000000004,-0.5333333333333333,7,0.6363636363636364,0.0,8,0.8
29,1,Jesse Metcalfe,Sharna Burgess,14,6.571428571428571,0.35714285714285715,Actor/Actress,California,United States,41,35-44,Eliminated Week 5,12,18.0,11,15,0.8571428571428571,0.6666666666666667,-0.19047619047619035,1,0.09090909090909091,0.0,6,0.4
29,2,Jesse Metcalfe,Sharna Burgess,14,6.571428571428571,0.35714285714285715,Actor/Actress,California,United States,41,35-44,Eliminated Week 5,12,20.0,11,15,0.9090909090909091,0.8,-0.10909090909090902,2,0.18181818181818182,0.0,4,0.26666666666666666
29,3,Jesse Metcalfe,Sharna Burgess,14,6.571428571428571,0.35714285714285715,Actor/Actress,California,United States,41,35-44,Eliminated Week 5,12,20.0,11,14,0.8333333333333334,0.4285714285714286,-0.40476190476190477,3,0.2727272727272727,0.0,9,0.6428571428571429
29,4,Jesse Metcalfe,Sharna Burgess,14,6.571428571428571,0.35714285714285715,Actor/Actress,California,United States,41,35-44,Eliminated Week 5,12,21.0,11,13,0.75,0.3076923076923077,-0.4423076923076923,4,0.36363636363636365,0.0,10,0.7692307692307693
29,5,Jesse Metcalfe,Sharna Burgess,14,6.571428571428571,0.35714285714285715,Actor/Actress,California,United States,41,35-44,Eliminated Week 5,12,19.0,11,12,0.6551724137931034,0.16666666666666663,-0.4885057471264368,5,0.45454545454545453,0.0,11,0.9166666666666666
29,1,Johnny Weir,Britt Stewart,6,10.0,0.0,Athlete,Pennsylvania,United States,36,35-44,Eliminated Week 10,6,18.0,11,15,0.8571428571428571,0.6666666666666667,-0.19047619047619035,1,0.09090909090909091,0.0,6,0.4
29,2,Johnny Weir,Britt Stewart,6,10.0,0.0,Athlete,Pennsylvania,United States,36,35-44,Eliminated Week 10,6,18.0,11,15,0.8181818181818182,0.6666666666666667,-0.1515151515151515,2,0.18181818181818182,0.0,6,0.4
29,3,Johnny Weir,Britt Stewart,6,10.0,0.0,Athlete,Pennsylvania,United States,36,35-44,Eliminated Week 10,6,24.0,11,14,1.0,1.0,0.0,3,0.2727272727272727,0.0,1,0.07142857142857142
29,4,Johnny Weir,Britt Stewart,6,10.0,0.0,Athlete,Pennsylvania,United States,36,35-44,Eliminated Week 10,6,24.0,11,13,0.8571428571428571,0.8461538461538461,-0.01098901098901095,4,0.36363636363636365,0.0,3,0.23076923076923078
29,5,Johnny Weir,Britt Stewart,6,10.0,0.0,Athlete,Pennsylvania,United States,36,35-44,Eliminated Week 10,6,29.0,11,12,1.0,1.0,0.0,5,0.45454545454545453,0.0,1,0.08333333333333333
29,6,Johnny Weir,Britt Stewart,6,10.0,0.0,Athlete,Pennsylvania,United States,36,35-44,Eliminated Week 10,6,22.0,11,11,0.8148148148148148,0.2727272727272727,-0.5420875420875421,6,0.5454545454545454,0.0,9,0.8181818181818182
29,7,Johnny Weir,Britt Stewart,6,10.0,0.0,Athlete,Pennsylvania,United States,36,35-44,Eliminated Week 10,6,27.0,11,10,0.9,0.9,0.0,7,0.6363636363636364,0.0,2,0.2
29,8,Johnny Weir,Britt Stewart,6,10.0,0.0,Athlete,Pennsylvania,United States,36,35-44,Eliminated Week 10,6,30.0,11,8,1.0,1.0,0.0,8,0.7272727272727273,0.0,1,0.125
29,9,Johnny Weir,Britt Stewart,6,10.0,0.0,Athlete,Pennsylvania,United States,36,35-44,Eliminated Week 10,6,30.0,11,7,1.0,1.0,0.0,9,0.8181818181818182,0.0,1,0.14285714285714285
29,10,Johnny Weir,Britt Stewart,6,10.0,0.0,Athlete,Pennsylvania,United States,36,35-44,Eliminated Week 10,6,28.5,11,6,0.95,0.5,-0.44999999999999996,10,0.9090909090909091,0.0,4,0.6666666666666666
29,1,Justina Machado,Sasha Farber,12,6.083333333333333,0.16666666666666666,Actor/Actress,Illinois,United States,48,45-54,4th Place,4,21.0,11,15,1.0,1.0,0.0,1,0.09090909090909091,0.0,1,0.06666666666666667
29,2,Justina Machado,Sasha Farber,12,6.083333333333333,0.16666666666666666,Actor/Actress,Illinois,United States,48,45-54,4th Place,4,21.0,11,15,0.9545454545454546,0.9333333333333333,-0.021212121212121238,2,0.18181818181818182,0.0,2,0.13333333333333333
29,3,Justina Machado,Sasha Farber,12,6.083333333333333,0.16666666666666666,Actor/Actress,Illinois,United States,48,45-54,4th Place,4,19.0,11,14,0.7916666666666666,0.3571428571428571,-0.43452380952380953,3,0.2727272727272727,0.0,10,0.7142857142857143
29,4,Justina Machado,Sasha Farber,12,6.083333333333333,0.16666666666666666,Actor/Actress,Illinois,United States,48,45-54,4th Place,4,24.0,11,13,0.8571428571428571,0.8461538461538461,-0.01098901098901095,4,0.36363636363636365,0.0,3,0.23076923076923078
29,5,Justina Machado,Sasha Farber,12,6.083333333333333,0.16666666666666666,Actor/Actress,Illinois,United States,48,45-54,4th Place,4,24.0,11,12,0.8275862068965517,0.6666666666666667,-0.16091954022988497,5,0.45454545454545453,0.0,5,0.4166666666666667
29,6,Justina Machado,Sasha Farber,12,6.083333333333333,0.16666666666666666,Actor/Actress,Illinois,United States,48,45-54,4th Place,4,27.0,11,11,1.0,1.0,0.0,6,0.5454545454545454,0.0,1,0.09090909090909091
29,7,Justina Machado,Sasha Farber,12,6.083333333333333,0.16666666666666666,Actor/Actress,Illinois,United States,48,45-54,4th Place,4,26.0,11,10,0.8666666666666667,0.6,-0.2666666666666667,7,0.6363636363636364,0.0,5,0.5
29,8,Justina Machado,Sasha Farber,12,6.083333333333333,0.16666666666666666,Actor/Actress,Illinois,United States,48,45-54,4th Place,4,28.9998,11,8,0.96666,0.75,-0.21665999999999996,8,0.7272727272727273,0.0,3,0.375
29,9,Justina Machado,Sasha Farber,12,6.083333333333333,0.16666666666666666,Actor/Actress,Illinois,United States,48,45-54,4th Place,4,25.9998,11,7,0.86666,0.4285714285714286,-0.4380885714285714,9,0.8181818181818182,0.0,5,0.7142857142857143
29,10,Justina Machado,Sasha Farber,12,6.083333333333333,0.16666666666666666,Actor/Actress,Illinois,United States,48,45-54,4th Place,4,29.0,11,6,0.9666666666666667,0.6666666666666667,-0.29999999999999993,10,0.9090909090909091,0.0,3,0.5
29,11,Justina Machado,Sasha Farber,12,6.083333333333333,0.16666666666666666,Actor/Actress,Illinois,United States,48,45-54,4th Place,4,30.0,11,4,1.0,1.0,0.0,11,1.0,0.0,1,0.25
29,1,Kaitlyn Bristowe,Artem Chigvintsev,12,7.416666666666667,0.08333333333333333,TV Personality,Unknown,Canada,35,35-44,1st Place,1,20.0,11,15,0.9523809523809523,0.8666666666666667,-0.08571428571428563,1,0.09090909090909091,0.0,3,0.2
29,2,Kaitlyn Bristowe,Artem Chigvintsev,12,7.416666666666667,0.08333333333333333,TV Personality,Unknown,Canada,35,35-44,1st Place,1,22.0,11,15,1.0,1.0,0.0,2,0.18181818181818182,0.0,1,0.06666666666666667
29,3,Kaitlyn Bristowe,Artem Chigvintsev,12,7.416666666666667,0.08333333333333333,TV Personality,Unknown,Canada,35,35-44,1st Place,1,23.0,11,14,0.9583333333333334,0.8571428571428572,-0.10119047619047616,3,0.2727272727272727,0.0,3,0.21428571428571427
29,4,Kaitlyn Bristowe,Artem Chigvintsev,12,7.416666666666667,0.08333333333333333,TV Personality,Unknown,Canada,35,35-44,1st Place,1,25.0,11,13,0.8928571428571429,0.9230769230769231,0.030219780219780223,4,0.36363636363636365,0.0,2,0.15384615384615385
29,5,Kaitlyn Bristowe,Artem Chigvintsev,12,7.416666666666667,0.08333333333333333,TV Personality,Unknown,Canada,35,35-44,1st Place,1,27.0,11,12,0.9310344827586207,0.9166666666666666,-0.014367816091954033,5,0.45454545454545453,0.0,2,0.16666666666666666
29,6,Kaitlyn Bristowe,Artem Chigvintsev,12,7.416666666666667,0.08333333333333333,TV Personality,Unknown,Canada,35,35-44,1st Place,1,27.0,11,11,1.0,1.0,0.0,6,0.5454545454545454,0.0,1,0.09090909090909091
29,7,Kaitlyn Bristowe,Artem Chigvintsev,12,7.416666666666667,0.08333333333333333,TV Personality,Unknown,Canada,35,35-44,1st Place,1,24.0,11,10,0.8,0.19999999999999996,-0.6000000000000001,7,0.6363636363636364,0.0,9,0.9
29,8,Kaitlyn Bristowe,Artem Chigvintsev,12,7.416666666666667,0.08333333333333333,TV Personality,Unknown,Canada,35,35-44,1st Place,1,28.0,11,8,0.9333333333333333,0.625,-0.30833333333333335,8,0.7272727272727273,0.0,4,0.5
29,9,Kaitlyn Bristowe,Artem Chigvintsev,12,7.416666666666667,0.08333333333333333,TV Personality,Unknown,Canada,35,35-44,1st Place,1,30.0,11,7,1.0,1.0,0.0,9,0.8181818181818182,0.0,1,0.14285714285714285
29,10,Kaitlyn Bristowe,Artem Chigvintsev,12,7.416666666666667,0.08333333333333333,TV Personality,Unknown,Canada,35,35-44,1st Place,1,30.0,11,6,1.0,1.0,0.0,10,0.9090909090909091,0.0,1,0.16666666666666666
29,11,Kaitlyn Bristowe,Artem Chigvintsev,12,7.416666666666667,0.08333333333333333,TV Personality,Unknown,Canada,35,35-44,1st Place,1,30.0,11,4,1.0,1.0,0.0,11,1.0,0.0,1,0.25
29,1,Monica Aldama,Valentin Chmerkovskiy,19,5.2631578947368425,0.47368421052631576,TV Personality,Alabama,United States,48,45-54,Eliminated Week 7,10,19.0,11,15,0.9047619047619048,0.7333333333333334,-0.17142857142857137,1,0.09090909090909091,0.0,5,0.3333333333333333
29,2,Monica Aldama,Valentin Chmerkovskiy,19,5.2631578947368425,0.47368421052631576,TV Personality,Alabama,United States,48,45-54,Eliminated Week 7,10,16.0,11,15,0.7272727272727273,0.2666666666666667,-0.4606060606060606,2,0.18181818181818182,0.0,12,0.8
29,3,Monica Aldama,Valentin Chmerkovskiy,19,5.2631578947368425,0.47368421052631576,TV Personality,Alabama,United States,48,45-54,Eliminated Week 7,10,21.0,11,14,0.875,0.5714285714285714,-0.3035714285714286,3,0.2727272727272727,0.0,7,0.5
29,4,Monica Aldama,Valentin Chmerkovskiy,19,5.2631578947368425,0.47368421052631576,TV Personality,Alabama,United States,48,45-54,Eliminated Week 7,10,24.0,11,13,0.8571428571428571,0.8461538461538461,-0.01098901098901095,4,0.36363636363636365,0.0,3,0.23076923076923078
29,5,Monica Aldama,Valentin Chmerkovskiy,19,5.2631578947368425,0.47368421052631576,TV Personality,Alabama,United States,48,45-54,Eliminated Week 7,10,26.0,11,12,0.896551724137931,0.8333333333333334,-0.06321839080459768,5,0.45454545454545453,0.0,3,0.25
29,6,Monica Aldama,Valentin Chmerkovskiy,19,5.2631578947368425,0.47368421052631576,TV Personality,Alabama,United States,48,45-54,Eliminated Week 7,10,27.0,11,11,1.0,1.0,0.0,6,0.5454545454545454,0.0,1,0.09090909090909091
29,7,Monica Aldama,Valentin Chmerkovskiy,19,5.2631578947368425,0.47368421052631576,TV Personality,Alabama,United States,48,45-54,Eliminated Week 7,10,22.0,11,10,0.7333333333333333,0.09999999999999998,-0.6333333333333333,7,0.6363636363636364,0.0,10,1.0
29,1,Nelly,Daniella Karagach,5,4.6,0.6,Singer/Rapper,Texas,United States,45,45-54,3rd Place,3,16.0,11,15,0.7619047619047619,0.2666666666666667,-0.49523809523809514,1,0.09090909090909091,0.0,12,0.8
29,2,Nelly,Daniella Karagach,5,4.6,0.6,Singer/Rapper,Texas,United States,45,45-54,3rd Place,3,18.0,11,15,0.8181818181818182,0.6666666666666667,-0.1515151515151515,2,0.18181818181818182,0.0,6,0.4
29,3,Nelly,Daniella Karagach,5,4.6,0.6,Singer/Rapper,Texas,United States,45,45-54,3rd Place,3,18.0,11,14,0.75,0.2857142857142857,-0.4642857142857143,3,0.2727272727272727,0.0,11,0.7857142857142857
29,4,Nelly,Daniella Karagach,5,4.6,0.6,Singer/Rapper,Texas,United States,45,45-54,3rd Place,3,21.0,11,13,0.75,0.3076923076923077,-0.4423076923076923,4,0.36363636363636365,0.0,10,0.7692307692307693
29,5,Nelly,Daniella Karagach,5,4.6,0.6,Singer/Rapper,Texas,United States,45,45-54,3rd Place,3,24.0,11,12,0.8275862068965517,0.6666666666666667,-0.16091954022988497,5,0.45454545454545453,0.0,5,0.4166666666666667
29,6,Nelly,Daniella Karagach,5,4.6,0.6,Singer/Rapper,Texas,United States,45,45-54,3rd Place,3,24.0,11,11,0.8888888888888888,0.4545454545454546,-0.43434343434343425,6,0.5454545454545454,0.0,7,0.6363636363636364
29,7,Nelly,Daniella Karagach,5,4.6,0.6,Singer/Rapper,Texas,United States,45,45-54,3rd Place,3,27.0,11,10,0.9,0.9,0.0,7,0.6363636363636364,0.0,2,0.2
29,8,Nelly,Daniella Karagach,5,4.6,0.6,Singer/Rapper,Texas,United States,45,45-54,3rd Place,3,24.0,11,8,0.8,0.125,-0.675,8,0.7272727272727273,0.0,8,1.0
29,9,Nelly,Daniella Karagach,5,4.6,0.6,Singer/Rapper,Texas,United States,45,45-54,3rd Place,3,24.0,11,7,0.8,0.1428571428571429,-0.6571428571428571,9,0.8181818181818182,0.0,7,1.0
29,10,Nelly,Daniella Karagach,5,4.6,0.6,Singer/Rapper,Texas,United States,45,45-54,3rd Place,3,28.0,11,6,0.9333333333333333,0.16666666666666663,-0.7666666666666667,10,0.9090909090909091,0.0,6,1.0
29,11,Nelly,Daniella Karagach,5,4.6,0.6,Singer/Rapper,Texas,United States,45,45-54,3rd Place,3,28.5,11,4,0.95,0.25,-0.7,11,1.0,0.0,4,1.0
29,1,Nev Schulman,Jenna Johnson,9,6.444444444444445,0.4444444444444444,Producer,New York,United States,35,35-44,2nd Place,2,20.0,11,15,0.9523809523809523,0.8666666666666667,-0.08571428571428563,1,0.09090909090909091,0.0,3,0.2
29,2,Nev Schulman,Jenna Johnson,9,6.444444444444445,0.4444444444444444,Producer,New York,United States,35,35-44,2nd Place,2,21.0,11,15,0.9545454545454546,0.9333333333333333,-0.021212121212121238,2,0.18181818181818182,0.0,2,0.13333333333333333
29,3,Nev Schulman,Jenna Johnson,9,6.444444444444445,0.4444444444444444,Producer,New York,United States,35,35-44,2nd Place,2,24.0,11,14,1.0,1.0,0.0,3,0.2727272727272727,0.0,1,0.07142857142857142
29,4,Nev Schulman,Jenna Johnson,9,6.444444444444445,0.4444444444444444,Producer,New York,United States,35,35-44,2nd Place,2,24.0,11,13,0.8571428571428571,0.8461538461538461,-0.01098901098901095,4,0.36363636363636365,0.0,3,0.23076923076923078
29,5,Nev Schulman,Jenna Johnson,9,6.444444444444445,0.4444444444444444,Producer,New York,United States,35,35-44,2nd Place,2,26.0,11,12,0.896551724137931,0.8333333333333334,-0.06321839080459768,5,0.45454545454545453,0.0,3,0.25
29,6,Nev Schulman,Jenna Johnson,9,6.444444444444445,0.4444444444444444,Producer,New York,United States,35,35-44,2nd Place,2,26.0,11,11,0.9629629629629629,0.6363636363636364,-0.32659932659932656,6,0.5454545454545454,0.0,5,0.45454545454545453
29,7,Nev Schulman,Jenna Johnson,9,6.444444444444445,0.4444444444444444,Producer,New York,United States,35,35-44,2nd Place,2,30.0,11,10,1.0,1.0,0.0,7,0.6363636363636364,0.0,1,0.1
29,8,Nev Schulman,Jenna Johnson,9,6.444444444444445,0.4444444444444444,Producer,New York,United States,35,35-44,2nd Place,2,30.0,11,8,1.0,1.0,0.0,8,0.7272727272727273,0.0,1,0.125
29,9,Nev Schulman,Jenna Johnson,9,6.444444444444445,0.4444444444444444,Producer,New York,United States,35,35-44,2nd Place,2,28.9998,11,7,0.96666,0.7142857142857143,-0.25237428571428566,9,0.8181818181818182,0.0,3,0.42857142857142855
29,10,Nev Schulman,Jenna Johnson,9,6.444444444444445,0.4444444444444444,Producer,New York,United States,35,35-44,2nd Place,2,30.0,11,6,1.0,1.0,0.0,10,0.9090909090909091,0.0,1,0.16666666666666666
29,11,Nev Schulman,Jenna Johnson,9,6.444444444444445,0.4444444444444444,Producer,New York,United States,35,35-44,2nd Place,2,30.0,11,4,1.0,1.0,0.0,11,1.0,0.0,1,0.25
29,1,Skai Jackson,Alan Bersten,9,6.111111111111111,0.2222222222222222,Actor/Actress,New York,United States,18,<25,Eliminated Week 10,5,21.0,11,15,1.0,1.0,0.0,1,0.09090909090909091,0.0,1,0.06666666666666667
29,2,Skai Jackson,Alan Bersten,9,6.111111111111111,0.2222222222222222,Actor/Actress,New York,United States,18,<25,Eliminated Week 10,5,15.0,11,15,0.6818181818181818,0.1333333333333333,-0.5484848484848485,2,0.18181818181818182,0.0,14,0.9333333333333333
29,3,Skai Jackson,Alan Bersten,9,6.111111111111111,0.2222222222222222,Actor/Actress,New York,United States,18,<25,Eliminated Week 10,5,18.0,11,14,0.75,0.2857142857142857,-0.4642857142857143,3,0.2727272727272727,0.0,11,0.7857142857142857
29,4,Skai Jackson,Alan Bersten,9,6.111111111111111,0.2222222222222222,Actor/Actress,New York,United States,18,<25,Eliminated Week 10,5,28.0,11,13,1.0,1.0,0.0,4,0.36363636363636365,0.0,1,0.07692307692307693
29,5,Skai Jackson,Alan Bersten,9,6.111111111111111,0.2222222222222222,Actor/Actress,New York,United States,18,<25,Eliminated Week 10,5,24.0,11,12,0.8275862068965517,0.6666666666666667,-0.16091954022988497,5,0.45454545454545453,0.0,5,0.4166666666666667
29,6,Skai Jackson,Alan Bersten,9,6.111111111111111,0.2222222222222222,Actor/Actress,New York,United States,18,<25,Eliminated Week 10,5,18.0,11,11,0.6666666666666666,0.09090909090909094,-0.5757575757575757,6,0.5454545454545454,0.0,11,1.0
29,7,Skai Jackson,Alan Bersten,9,6.111111111111111,0.2222222222222222,Actor/Actress,New York,United States,18,<25,Eliminated Week 10,5,27.0,11,10,0.9,0.9,0.0,7,0.6363636363636364,0.0,2,0.2
29,8,Skai Jackson,Alan Bersten,9,6.111111111111111,0.2222222222222222,Actor/Actress,New York,United States,18,<25,Eliminated Week 10,5,26.9998,11,8,0.8999933333333333,0.25,-0.6499933333333333,8,0.7272727272727273,0.0,7,0.875
29,9,Skai Jackson,Alan Bersten,9,6.111111111111111,0.2222222222222222,Actor/Actress,New York,United States,18,<25,Eliminated Week 10,5,28.9998,11,7,0.96666,0.7142857142857143,-0.25237428571428566,9,0.8181818181818182,0.0,3,0.42857142857142855
29,10,Skai Jackson,Alan Bersten,9,6.111111111111111,0.2222222222222222,Actor/Actress,New York,United States,18,<25,Eliminated Week 10,5,28.5,11,6,0.95,0.5,-0.44999999999999996,10,0.9090909090909091,0.0,4,0.6666666666666666
29,1,Veron Davis,Peta Murgatroyd,15,7.4,0.13333333333333333,Athlete,Washington D.C.,United States,36,35-44,Eliminated Week 6,11,17.0,11,15,0.8095238095238095,0.33333333333333337,-0.47619047619047616,1,0.09090909090909091,0.0,11,0.7333333333333333
29,2,Veron Davis,Peta Murgatroyd,15,7.4,0.13333333333333333,Athlete,Washington D.C.,United States,36,35-44,Eliminated Week 6,11,18.0,11,15,0.8181818181818182,0.6666666666666667,-0.1515151515151515,2,0.18181818181818182,0.0,6,0.4
29,3,Veron Davis,Peta Murgatroyd,15,7.4,0.13333333333333333,Athlete,Washington D.C.,United States,36,35-44,Eliminated Week 6,11,22.0,11,14,0.9166666666666666,0.7857142857142857,-0.13095238095238093,3,0.2727272727272727,0.0,4,0.2857142857142857
29,4,Veron Davis,Peta Murgatroyd,15,7.4,0.13333333333333333,Athlete,Washington D.C.,United States,36,35-44,Eliminated Week 6,11,22.0,11,13,0.7857142857142857,0.46153846153846156,-0.32417582417582413,4,0.36363636363636365,0.0,8,0.6153846153846154
29,5,Veron Davis,Peta Murgatroyd,15,7.4,0.13333333333333333,Athlete,Washington D.C.,United States,36,35-44,Eliminated Week 6,11,21.0,11,12,0.7241379310344828,0.25,-0.47413793103448276,5,0.45454545454545453,0.0,10,0.8333333333333334
29,6,Veron Davis,Peta Murgatroyd,15,7.4,0.13333333333333333,Athlete,Washington D.C.,United States,36,35-44,Eliminated Week 6,11,21.0,11,11,0.7777777777777778,0.18181818181818177,-0.595959595959596,6,0.5454545454545454,0.0,10,0.9090909090909091
30,1,Amanda Kloots,Alan Bersten,9,6.111111111111111,0.2222222222222222,TV Personality,Ohio,United States,39,35-44,4th Place,4,28.0,10,15,0.9655172413793104,0.9333333333333333,-0.03218390804597704,1,0.1,0.0,2,0.13333333333333333
30,2,Amanda Kloots,Alan Bersten,9,6.111111111111111,0.2222222222222222,TV Personality,Ohio,United States,39,35-44,4th Place,4,32.0,10,15,1.0,1.0,0.0,2,0.2,0.0,1,0.06666666666666667
30,3,Amanda Kloots,Alan Bersten,9,6.111111111111111,0.2222222222222222,TV Personality,Ohio,United States,39,35-44,4th Place,4,24.0,10,14,1.0,1.0,0.0,3,0.3,0.0,1,0.07142857142857142
30,4,Amanda Kloots,Alan Bersten,9,6.111111111111111,0.2222222222222222,TV Personality,Ohio,United States,39,35-44,4th Place,4,34.0,10,13,0.9315068493150684,0.7692307692307692,-0.16227608008429928,4,0.4,0.0,4,0.3076923076923077
30,5,Amanda Kloots,Alan Bersten,9,6.111111111111111,0.2222222222222222,TV Personality,Ohio,United States,39,35-44,4th Place,4,39.0,10,11,0.975,0.9090909090909091,-0.06590909090909092,5,0.5,0.0,2,0.18181818181818182
30,6,Amanda Kloots,Alan Bersten,9,6.111111111111111,0.2222222222222222,TV Personality,Ohio,United States,39,35-44,4th Place,4,38.0,10,10,0.95,0.8,-0.1499999999999999,6,0.6,0.0,3,0.3
30,7,Amanda Kloots,Alan Bersten,9,6.111111111111111,0.2222222222222222,TV Personality,Ohio,United States,39,35-44,4th Place,4,34.0,10,9,0.8095238095238095,0.4444444444444444,-0.3650793650793651,7,0.7,0.0,6,0.6666666666666666
30,8,Amanda Kloots,Alan Bersten,9,6.111111111111111,0.2222222222222222,TV Personality,Ohio,United States,39,35-44,4th Place,4,42.0,10,8,1.0,1.0,0.0,8,0.8,0.0,1,0.125
30,9,Amanda Kloots,Alan Bersten,9,6.111111111111111,0.2222222222222222,TV Personality,Ohio,United States,39,35-44,4th Place,4,39.5,10,6,0.9875,0.8333333333333334,-0.15416666666666667,9,0.9,0.0,2,0.3333333333333333
30,10,Amanda Kloots,Alan Bersten,9,6.111111111111111,0.2222222222222222,TV Personality,Ohio,United States,39,35-44,4th Place,4,39.0,10,4,0.975,0.5,-0.475,10,1.0,0.0,3,0.75
30,1,Brian Austin Green,Sharna Burgess,14,6.571428571428571,0.35714285714285715,Actor/Actress,California,United States,48,45-54,Eliminated Week 4,13,24.0,10,15,0.8275862068965517,0.4666666666666667,-0.36091954022988504,1,0.1,0.0,9,0.6
30,2,Brian Austin Green,Sharna Burgess,14,6.571428571428571,0.35714285714285715,Actor/Actress,California,United States,48,45-54,Eliminated Week 4,13,23.0,10,15,0.71875,0.19999999999999996,-0.51875,2,0.2,0.0,13,0.8666666666666667
30,3,Brian Austin Green,Sharna Burgess,14,6.571428571428571,0.35714285714285715,Actor/Actress,California,United States,48,45-54,Eliminated Week 4,13,19.0,10,14,0.7916666666666666,0.2142857142857143,-0.5773809523809523,3,0.3,0.0,12,0.8571428571428571
30,4,Brian Austin Green,Sharna Burgess,14,6.571428571428571,0.35714285714285715,Actor/Actress,California,United States,48,45-54,Eliminated Week 4,13,26.0,10,13,0.7123287671232876,0.07692307692307687,-0.6354056902002108,4,0.4,0.0,13,1.0
30,1,Christine Chiu,Pasha Pashkov,7,10.428571428571429,0.14285714285714285,TV Personality,Unknown,Taiwan China,38,35-44,Eliminated Week 3,14,25.0,10,15,0.8620689655172413,0.6,-0.26206896551724135,1,0.1,0.0,7,0.4666666666666667
30,2,Christine Chiu,Pasha Pashkov,7,10.428571428571429,0.14285714285714285,TV Personality,Unknown,Taiwan China,38,35-44,Eliminated Week 3,14,24.0,10,15,0.75,0.4,-0.35,2,0.2,0.0,10,0.6666666666666666
30,3,Christine Chiu,Pasha Pashkov,7,10.428571428571429,0.14285714285714285,TV Personality,Unknown,Taiwan China,38,35-44,Eliminated Week 3,14,21.0,10,14,0.875,0.5714285714285714,-0.3035714285714286,3,0.3,0.0,7,0.5
30,1,Cody Rigsby,Cheryl Burke,25,5.8,0.32,Fitness Instructor,California,United States,34,25-34,3rd Place,3,24.0,10,15,0.8275862068965517,0.4666666666666667,-0.36091954022988504,1,0.1,0.0,9,0.6
30,2,Cody Rigsby,Cheryl Burke,25,5.8,0.32,Fitness Instructor,California,United States,34,25-34,3rd Place,3,24.0,10,15,0.75,0.4,-0.35,2,0.2,0.0,10,0.6666666666666666
30,3,Cody Rigsby,Cheryl Burke,25,5.8,0.32,Fitness Instructor,California,United States,34,25-34,3rd Place,3,18.0,10,14,0.75,0.0714285714285714,-0.6785714285714286,3,0.3,0.0,14,1.0
30,4,Cody Rigsby,Cheryl Burke,25,5.8,0.32,Fitness Instructor,California,United States,34,25-34,3rd Place,3,29.0,10,13,0.7945205479452054,0.23076923076923073,-0.5637513171759747,4,0.4,0.0,11,0.8461538461538461
30,5,Cody Rigsby,Cheryl Burke,25,5.8,0.32,Fitness Instructor,California,United States,34,25-34,3rd Place,3,32.0,10,11,0.8,0.2727272727272727,-0.5272727272727273,5,0.5,0.0,9,0.8181818181818182
30,6,Cody Rigsby,Cheryl Burke,25,5.8,0.32,Fitness Instructor,California,United States,34,25-34,3rd Place,3,36.0,10,10,0.9,0.6,-0.30000000000000004,6,0.6,0.0,5,0.5
30,7,Cody Rigsby,Cheryl Burke,25,5.8,0.32,Fitness Instructor,California,United States,34,25-34,3rd Place,3,36.0,10,9,0.8571428571428571,0.5555555555555556,-0.3015873015873015,7,0.7,0.0,5,0.5555555555555556
30,8,Cody Rigsby,Cheryl Burke,25,5.8,0.32,Fitness Instructor,California,United States,34,25-34,3rd Place,3,38.0,10,8,0.9047619047619048,0.5,-0.40476190476190477,8,0.8,0.0,5,0.625
30,9,Cody Rigsby,Cheryl Burke,25,5.8,0.32,Fitness Instructor,California,United States,34,25-34,3rd Place,3,35.5,10,6,0.8875,0.16666666666666663,-0.7208333333333333,9,0.9,0.0,6,1.0
30,10,Cody Rigsby,Cheryl Burke,25,5.8,0.32,Fitness Instructor,California,United States,34,25-34,3rd Place,3,38.0,10,4,0.95,0.25,-0.7,10,1.0,0.0,4,1.0
30,1,Iman Shumpert,Daniella Karagach,5,4.6,0.6,Athlete,Illinois,United States,31,25-34,1st Place,1,21.0,10,15,0.7241379310344828,0.1333333333333333,-0.5908045977011495,1,0.1,0.0,14,0.9333333333333333
30,2,Iman Shumpert,Daniella Karagach,5,4.6,0.6,Athlete,Illinois,United States,31,25-34,1st Place,1,25.0,10,15,0.78125,0.4666666666666667,-0.3145833333333333,2,0.2,0.0,9,0.6
30,3,Iman Shumpert,Daniella Karagach,5,4.6,0.6,Athlete,Illinois,United States,31,25-34,1st Place,1,19.0,10,14,0.7916666666666666,0.2142857142857143,-0.5773809523809523,3,0.3,0.0,12,0.8571428571428571
30,4,Iman Shumpert,Daniella Karagach,5,4.6,0.6,Athlete,Illinois,United States,31,25-34,1st Place,1,31.5,10,13,0.863013698630137,0.3846153846153846,-0.4783983140147524,4,0.4,0.0,9,0.6923076923076923
30,5,Iman Shumpert,Daniella Karagach,5,4.6,0.6,Athlete,Illinois,United States,31,25-34,1st Place,1,28.0,10,11,0.7,0.09090909090909094,-0.609090909090909,5,0.5,0.0,11,1.0
30,6,Iman Shumpert,Daniella Karagach,5,4.6,0.6,Athlete,Illinois,United States,31,25-34,1st Place,1,40.0,10,10,1.0,1.0,0.0,6,0.6,0.0,1,0.1
30,7,Iman Shumpert,Daniella Karagach,5,4.6,0.6,Athlete,Illinois,United States,31,25-34,1st Place,1,34.0,10,9,0.8095238095238095,0.4444444444444444,-0.3650793650793651,7,0.7,0.0,6,0.6666666666666666
30,8,Iman Shumpert,Daniella Karagach,5,4.6,0.6,Athlete,Illinois,United States,31,25-34,1st Place,1,35.0,10,8,0.8333333333333334,0.25,-0.5833333333333334,8,0.8,0.0,7,0.875
30,9,Iman Shumpert,Daniella Karagach,5,4.6,0.6,Athlete,Illinois,United States,31,25-34,1st Place,1,37.5,10,6,0.9375,0.6666666666666667,-0.27083333333333326,9,0.9,0.0,3,0.5
30,10,Iman Shumpert,Daniella Karagach,5,4.6,0.6,Athlete,Illinois,United States,31,25-34,1st Place,1,40.0,10,4,1.0,1.0,0.0,10,1.0,0.0,1,0.25
30,1,Jimmie Allen,Emma Slater,16,7.9375,0.0625,Singer/Rapper,Delaware,United States,36,35-44,Eliminated Week 8,7,22.0,10,15,0.7586206896551724,0.19999999999999996,-0.5586206896551724,1,0.1,0.0,13,0.8666666666666667
30,2,Jimmie Allen,Emma Slater,16,7.9375,0.0625,Singer/Rapper,Delaware,United States,36,35-44,Eliminated Week 8,7,27.0,10,15,0.84375,0.7333333333333334,-0.11041666666666661,2,0.2,0.0,5,0.3333333333333333
30,3,Jimmie Allen,Emma Slater,16,7.9375,0.0625,Singer/Rapper,Delaware,United States,36,35-44,Eliminated Week 8,7,20.0,10,14,0.8333333333333334,0.3571428571428571,-0.4761904761904763,3,0.3,0.0,10,0.7142857142857143
30,4,Jimmie Allen,Emma Slater,16,7.9375,0.0625,Singer/Rapper,Delaware,United States,36,35-44,Eliminated Week 8,7,32.5,10,13,0.8904109589041096,0.5384615384615384,-0.35194942044257116,4,0.4,0.0,7,0.5384615384615384
30,5,Jimmie Allen,Emma Slater,16,7.9375,0.0625,Singer/Rapper,Delaware,United States,36,35-44,Eliminated Week 8,7,34.0,10,11,0.85,0.36363636363636365,-0.48636363636363633,5,0.5,0.0,8,0.7272727272727273
30,6,Jimmie Allen,Emma Slater,16,7.9375,0.0625,Singer/Rapper,Delaware,United States,36,35-44,Eliminated Week 8,7,38.0,10,10,0.95,0.8,-0.1499999999999999,6,0.6,0.0,3,0.3
30,7,Jimmie Allen,Emma Slater,16,7.9375,0.0625,Singer/Rapper,Delaware,United States,36,35-44,Eliminated Week 8,7,38.0,10,9,0.9047619047619048,0.7777777777777778,-0.12698412698412698,7,0.7,0.0,3,0.3333333333333333
30,8,Jimmie Allen,Emma Slater,16,7.9375,0.0625,Singer/Rapper,Delaware,United States,36,35-44,Eliminated Week 8,7,32.0,10,8,0.7619047619047619,0.125,-0.6369047619047619,8,0.8,0.0,8,1.0
30,1,JoJo Siwa,Jenna Johnson,9,6.444444444444445,0.4444444444444444,Social Media Personality,Nebraska,United States,18,<25,2nd Place,2,29.0,10,15,1.0,1.0,0.0,1,0.1,0.0,1,0.06666666666666667
30,2,JoJo Siwa,Jenna Johnson,9,6.444444444444445,0.4444444444444444,Social Media Personality,Nebraska,United States,18,<25,2nd Place,2,31.0,10,15,0.96875,0.9333333333333333,-0.03541666666666665,2,0.2,0.0,2,0.13333333333333333
30,3,JoJo Siwa,Jenna Johnson,9,6.444444444444445,0.4444444444444444,Social Media Personality,Nebraska,United States,18,<25,2nd Place,2,24.0,10,14,1.0,1.0,0.0,3,0.3,0.0,1,0.07142857142857142
30,4,JoJo Siwa,Jenna Johnson,9,6.444444444444445,0.4444444444444444,Social Media Personality,Nebraska,United States,18,<25,2nd Place,2,35.0,10,13,0.958904109589041,0.9230769230769231,-0.035827186512117914,4,0.4,0.0,2,0.15384615384615385
30,5,JoJo Siwa,Jenna Johnson,9,6.444444444444445,0.4444444444444444,Social Media Personality,Nebraska,United States,18,<25,2nd Place,2,40.0,10,11,1.0,1.0,0.0,5,0.5,0.0,1,0.09090909090909091
30,6,JoJo Siwa,Jenna Johnson,9,6.444444444444445,0.4444444444444444,Social Media Personality,Nebraska,United States,18,<25,2nd Place,2,40.0,10,10,1.0,1.0,0.0,6,0.6,0.0,1,0.1
30,7,JoJo Siwa,Jenna Johnson,9,6.444444444444445,0.4444444444444444,Social Media Personality,Nebraska,United States,18,<25,2nd Place,2,39.0,10,9,0.9285714285714286,0.8888888888888888,-0.039682539682539764,7,0.7,0.0,2,0.2222222222222222
30,8,JoJo Siwa,Jenna Johnson,9,6.444444444444445,0.4444444444444444,Social Media Personality,Nebraska,United States,18,<25,2nd Place,2,41.0,10,8,0.9761904761904762,0.625,-0.35119047619047616,8,0.8,0.0,4,0.5
30,9,JoJo Siwa,Jenna Johnson,9,6.444444444444445,0.4444444444444444,Social Media Personality,Nebraska,United States,18,<25,2nd Place,2,40.0,10,6,1.0,1.0,0.0,9,0.9,0.0,1,0.16666666666666666
30,10,JoJo Siwa,Jenna Johnson,9,6.444444444444445,0.4444444444444444,Social Media Personality,Nebraska,United States,18,<25,2nd Place,2,40.0,10,4,1.0,1.0,0.0,10,1.0,0.0,1,0.25
30,1,Kenya Moore,Brandon Armstrong,8,9.125,0.125,TV Personality,Michigan,United States,50,45-54,Eliminated Week 6,10,26.0,10,15,0.896551724137931,0.7333333333333334,-0.16321839080459766,1,0.1,0.0,5,0.3333333333333333
30,2,Kenya Moore,Brandon Armstrong,8,9.125,0.125,TV Personality,Michigan,United States,50,45-54,Eliminated Week 6,10,24.0,10,15,0.75,0.4,-0.35,2,0.2,0.0,10,0.6666666666666666
30,3,Kenya Moore,Brandon Armstrong,8,9.125,0.125,TV Personality,Michigan,United States,50,45-54,Eliminated Week 6,10,21.0,10,14,0.875,0.5714285714285714,-0.3035714285714286,3,0.3,0.0,7,0.5
30,4,Kenya Moore,Brandon Armstrong,8,9.125,0.125,TV Personality,Michigan,United States,50,45-54,Eliminated Week 6,10,29.5,10,13,0.8082191780821918,0.3076923076923077,-0.5005268703898841,4,0.4,0.0,10,0.7692307692307693
30,5,Kenya Moore,Brandon Armstrong,8,9.125,0.125,TV Personality,Michigan,United States,50,45-54,Eliminated Week 6,10,36.0,10,11,0.9,0.8181818181818181,-0.0818181818181819,5,0.5,0.0,3,0.2727272727272727
30,6,Kenya Moore,Brandon Armstrong,8,9.125,0.125,TV Personality,Michigan,United States,50,45-54,Eliminated Week 6,10,32.0,10,10,0.8,0.09999999999999998,-0.7000000000000001,6,0.6,0.0,10,1.0
30,1,Martin Kove,Britt Stewart,6,10.0,0.0,Actor/Actress,New York,United States,75,65+,Eliminated Week 2,15,13.0,10,15,0.4482758620689655,0.06666666666666665,-0.3816091954022989,1,0.1,0.0,15,1.0
30,2,Martin Kove,Britt Stewart,6,10.0,0.0,Actor/Actress,New York,United States,75,65+,Eliminated Week 2,15,15.0,10,15,0.46875,0.06666666666666665,-0.40208333333333335,2,0.2,0.0,15,1.0
30,1,Matt James,Lindsay Arnold,10,5.4,0.4,Athlete,North Carolina,United States,29,25-34,Eliminated Week 4,12,24.0,10,15,0.8275862068965517,0.4666666666666667,-0.36091954022988504,1,0.1,0.0,9,0.6
30,2,Matt James,Lindsay Arnold,10,5.4,0.4,Athlete,North Carolina,United States,29,25-34,Eliminated Week 4,12,22.0,10,15,0.6875,0.1333333333333333,-0.5541666666666667,2,0.2,0.0,14,0.9333333333333333
30,3,Matt James,Lindsay Arnold,10,5.4,0.4,Athlete,North Carolina,United States,29,25-34,Eliminated Week 4,12,20.0,10,14,0.8333333333333334,0.3571428571428571,-0.4761904761904763,3,0.3,0.0,10,0.7142857142857143
30,4,Matt James,Lindsay Arnold,10,5.4,0.4,Athlete,North Carolina,United States,29,25-34,Eliminated Week 4,12,28.5,10,13,0.7808219178082192,0.15384615384615385,-0.6269757639620653,4,0.4,0.0,12,0.9230769230769231
30,1,Melanie C,Gleb Savchenko,13,8.461538461538462,0.0,Singer/Rapper,Unknown,England,47,45-54,Eliminated Week 5,11,27.0,10,15,0.9310344827586207,0.8,-0.13103448275862062,1,0.1,0.0,4,0.26666666666666666
30,2,Melanie C,Gleb Savchenko,13,8.461538461538462,0.0,Singer/Rapper,Unknown,England,47,45-54,Eliminated Week 5,11,30.0,10,15,0.9375,0.8666666666666667,-0.0708333333333333,2,0.2,0.0,3,0.2
30,3,Melanie C,Gleb Savchenko,13,8.461538461538462,0.0,Singer/Rapper,Unknown,England,47,45-54,Eliminated Week 5,11,22.0,10,14,0.9166666666666666,0.7142857142857143,-0.20238095238095233,3,0.3,0.0,5,0.35714285714285715
30,4,Melanie C,Gleb Savchenko,13,8.461538461538462,0.0,Singer/Rapper,Unknown,England,47,45-54,Eliminated Week 5,11,33.0,10,13,0.9041095890410958,0.6153846153846154,-0.2887249736564804,4,0.4,0.0,6,0.46153846153846156
30,5,Melanie C,Gleb Savchenko,13,8.461538461538462,0.0,Singer/Rapper,Unknown,England,47,45-54,Eliminated Week 5,11,36.0,10,11,0.9,0.8181818181818181,-0.0818181818181819,5,0.5,0.0,3,0.2727272727272727
30,1,Melora Hardin,Artem Chigvintsev,12,7.416666666666667,0.08333333333333333,Actor/Actress,Texas,United States,54,45-54,Eliminated Week 9,6,26.0,10,15,0.896551724137931,0.7333333333333334,-0.16321839080459766,1,0.1,0.0,5,0.3333333333333333
30,2,Melora Hardin,Artem Chigvintsev,12,7.416666666666667,0.08333333333333333,Actor/Actress,Texas,United States,54,45-54,Eliminated Week 9,6,27.0,10,15,0.84375,0.7333333333333334,-0.11041666666666661,2,0.2,0.0,5,0.3333333333333333
30,3,Melora Hardin,Artem Chigvintsev,12,7.416666666666667,0.08333333333333333,Actor/Actress,Texas,United States,54,45-54,Eliminated Week 9,6,23.0,10,14,0.9583333333333334,0.7857142857142857,-0.17261904761904767,3,0.3,0.0,4,0.2857142857142857
30,4,Melora Hardin,Artem Chigvintsev,12,7.416666666666667,0.08333333333333333,Actor/Actress,Texas,United States,54,45-54,Eliminated Week 9,6,36.5,10,13,1.0,1.0,0.0,4,0.4,0.0,1,0.07692307692307693
30,5,Melora Hardin,Artem Chigvintsev,12,7.416666666666667,0.08333333333333333,Actor/Actress,Texas,United States,54,45-54,Eliminated Week 9,6,36.0,10,11,0.9,0.8181818181818181,-0.0818181818181819,5,0.5,0.0,3,0.2727272727272727
30,6,Melora Hardin,Artem Chigvintsev,12,7.416666666666667,0.08333333333333333,Actor/Actress,Texas,United States,54,45-54,Eliminated Week 9,6,34.0,10,10,0.85,0.30000000000000004,-0.5499999999999999,6,0.6,0.0,8,0.8
30,7,Melora Hardin,Artem Chigvintsev,12,7.416666666666667,0.08333333333333333,Actor/Actress,Texas,United States,54,45-54,Eliminated Week 9,6,38.0,10,9,0.9047619047619048,0.7777777777777778,-0.12698412698412698,7,0.7,0.0,3,0.3333333333333333
30,8,Melora Hardin,Artem Chigvintsev,12,7.416666666666667,0.08333333333333333,Actor/Actress,Texas,United States,54,45-54,Eliminated Week 9,6,42.0,10,8,1.0,1.0,0.0,8,0.8,0.0,1,0.125
30,9,Melora Hardin,Artem Chigvintsev,12,7.416666666666667,0.08333333333333333,Actor/Actress,Texas,United States,54,45-54,Eliminated Week 9,6,36.0,10,6,0.9,0.33333333333333337,-0.5666666666666667,9,0.9,0.0,5,0.8333333333333334
30,1,"Mike ""The Miz"" Mizanin",Witney Carson,14,5.5,0.35714285714285715,Athlete,Ohio,United States,40,35-44,Eliminated Week 7,9,24.0,10,15,0.8275862068965517,0.4666666666666667,-0.36091954022988504,1,0.1,0.0,9,0.6
30,2,"Mike ""The Miz"" Mizanin",Witney Carson,14,5.5,0.35714285714285715,Athlete,Ohio,United States,40,35-44,Eliminated Week 7,9,26.0,10,15,0.8125,0.5333333333333333,-0.2791666666666667,2,0.2,0.0,8,0.5333333333333333
30,3,"Mike ""The Miz"" Mizanin",Witney Carson,14,5.5,0.35714285714285715,Athlete,Ohio,United States,40,35-44,Eliminated Week 7,9,22.0,10,14,0.9166666666666666,0.7142857142857143,-0.20238095238095233,3,0.3,0.0,5,0.35714285714285715
30,4,"Mike ""The Miz"" Mizanin",Witney Carson,14,5.5,0.35714285714285715,Athlete,Ohio,United States,40,35-44,Eliminated Week 7,9,32.5,10,13,0.8904109589041096,0.5384615384615384,-0.35194942044257116,4,0.4,0.0,7,0.5384615384615384
30,5,"Mike ""The Miz"" Mizanin",Witney Carson,14,5.5,0.35714285714285715,Athlete,Ohio,United States,40,35-44,Eliminated Week 7,9,32.0,10,11,0.8,0.2727272727272727,-0.5272727272727273,5,0.5,0.0,9,0.8181818181818182
30,6,"Mike ""The Miz"" Mizanin",Witney Carson,14,5.5,0.35714285714285715,Athlete,Ohio,United States,40,35-44,Eliminated Week 7,9,34.0,10,10,0.85,0.30000000000000004,-0.5499999999999999,6,0.6,0.0,8,0.8
30,7,"Mike ""The Miz"" Mizanin",Witney Carson,14,5.5,0.35714285714285715,Athlete,Ohio,United States,40,35-44,Eliminated Week 7,9,32.0,10,9,0.7619047619047619,0.11111111111111116,-0.6507936507936507,7,0.7,0.0,9,1.0
30,1,Olivia Jade,Valentin Chmerkovskiy,19,5.2631578947368425,0.47368421052631576,Social Media Personality,California,United States,21,<25,Eliminated Week 8,8,25.0,10,15,0.8620689655172413,0.6,-0.26206896551724135,1,0.1,0.0,7,0.4666666666666667
30,2,Olivia Jade,Valentin Chmerkovskiy,19,5.2631578947368425,0.47368421052631576,Social Media Personality,California,United States,21,<25,Eliminated Week 8,8,27.0,10,15,0.84375,0.7333333333333334,-0.11041666666666661,2,0.2,0.0,5,0.3333333333333333
30,3,Olivia Jade,Valentin Chmerkovskiy,19,5.2631578947368425,0.47368421052631576,Social Media Personality,California,United States,21,<25,Eliminated Week 8,8,24.0,10,14,1.0,1.0,0.0,3,0.3,0.0,1,0.07142857142857142
30,4,Olivia Jade,Valentin Chmerkovskiy,19,5.2631578947368425,0.47368421052631576,Social Media Personality,California,United States,21,<25,Eliminated Week 8,8,35.0,10,13,0.958904109589041,0.9230769230769231,-0.035827186512117914,4,0.4,0.0,2,0.15384615384615385
30,5,Olivia Jade,Valentin Chmerkovskiy,19,5.2631578947368425,0.47368421052631576,Social Media Personality,California,United States,21,<25,Eliminated Week 8,8,36.0,10,11,0.9,0.8181818181818181,-0.0818181818181819,5,0.5,0.0,3,0.2727272727272727
30,6,Olivia Jade,Valentin Chmerkovskiy,19,5.2631578947368425,0.47368421052631576,Social Media Personality,California,United States,21,<25,Eliminated Week 8,8,36.0,10,10,0.9,0.6,-0.30000000000000004,6,0.6,0.0,5,0.5
30,7,Olivia Jade,Valentin Chmerkovskiy,19,5.2631578947368425,0.47368421052631576,Social Media Personality,California,United States,21,<25,Eliminated Week 8,8,42.0,10,9,1.0,1.0,0.0,7,0.7,0.0,1,0.1111111111111111
30,8,Olivia Jade,Valentin Chmerkovskiy,19,5.2631578947368425,0.47368421052631576,Social Media Personality,California,United States,21,<25,Eliminated Week 8,8,36.0,10,8,0.8571428571428571,0.375,-0.4821428571428571,8,0.8,0.0,6,0.75
30,1,Suni Lee,Sasha Farber,12,6.083333333333333,0.16666666666666666,Athlete,Minnesota,United States,18,<25,Eliminated Week 9,5,28.0,10,15,0.9655172413793104,0.9333333333333333,-0.03218390804597704,1,0.1,0.0,2,0.13333333333333333
30,2,Suni Lee,Sasha Farber,12,6.083333333333333,0.16666666666666666,Athlete,Minnesota,United States,18,<25,Eliminated Week 9,5,28.0,10,15,0.875,0.8,-0.07499999999999996,2,0.2,0.0,4,0.26666666666666666
30,3,Suni Lee,Sasha Farber,12,6.083333333333333,0.16666666666666666,Athlete,Minnesota,United States,18,<25,Eliminated Week 9,5,21.0,10,14,0.875,0.5714285714285714,-0.3035714285714286,3,0.3,0.0,7,0.5
30,4,Suni Lee,Sasha Farber,12,6.083333333333333,0.16666666666666666,Athlete,Minnesota,United States,18,<25,Eliminated Week 9,5,34.0,10,13,0.9315068493150684,0.7692307692307692,-0.16227608008429928,4,0.4,0.0,4,0.3076923076923077
30,5,Suni Lee,Sasha Farber,12,6.083333333333333,0.16666666666666666,Athlete,Minnesota,United States,18,<25,Eliminated Week 9,5,36.0,10,11,0.9,0.8181818181818181,-0.0818181818181819,5,0.5,0.0,3,0.2727272727272727
30,6,Suni Lee,Sasha Farber,12,6.083333333333333,0.16666666666666666,Athlete,Minnesota,United States,18,<25,Eliminated Week 9,5,36.0,10,10,0.9,0.6,-0.30000000000000004,6,0.6,0.0,5,0.5
30,7,Suni Lee,Sasha Farber,12,6.083333333333333,0.16666666666666666,Athlete,Minnesota,United States,18,<25,Eliminated Week 9,5,34.0,10,9,0.8095238095238095,0.4444444444444444,-0.3650793650793651,7,0.7,0.0,6,0.6666666666666666
30,8,Suni Lee,Sasha Farber,12,6.083333333333333,0.16666666666666666,Athlete,Minnesota,United States,18,<25,Eliminated Week 9,5,42.0,10,8,1.0,1.0,0.0,8,0.8,0.0,1,0.125
30,9,Suni Lee,Sasha Farber,12,6.083333333333333,0.16666666666666666,Athlete,Minnesota,United States,18,<25,Eliminated Week 9,5,37.5,10,6,0.9375,0.6666666666666667,-0.27083333333333326,9,0.9,0.0,3,0.5
31,1,Charli D'Amelio,Mark Ballas,21,5.190476190476191,0.47619047619047616,Social Media Personality,Connecticut,United States,18,<25,1st Place,1,32.0,10,16,1.0,1.0,0.0,1,0.1,0.0,1,0.0625
31,2,Charli D'Amelio,Mark Ballas,21,5.190476190476191,0.47619047619047616,Social Media Personality,Connecticut,United States,18,<25,1st Place,1,32.0,10,15,1.0,1.0,0.0,2,0.2,0.0,1,0.06666666666666667
31,3,Charli D'Amelio,Mark Ballas,21,5.190476190476191,0.47619047619047616,Social Media Personality,Connecticut,United States,18,<25,1st Place,1,33.0,10,14,1.0,1.0,0.0,3,0.3,0.0,1,0.07142857142857142
31,4,Charli D'Amelio,Mark Ballas,21,5.190476190476191,0.47619047619047616,Social Media Personality,Connecticut,United States,18,<25,1st Place,1,36.0,10,13,1.0,1.0,0.0,4,0.4,0.0,1,0.07692307692307693
31,5,Charli D'Amelio,Mark Ballas,21,5.190476190476191,0.47619047619047616,Social Media Personality,Connecticut,United States,18,<25,1st Place,1,42.0,10,12,1.0,1.0,0.0,5,0.5,0.0,1,0.08333333333333333
31,6,Charli D'Amelio,Mark Ballas,21,5.190476190476191,0.47619047619047616,Social Media Personality,Connecticut,United States,18,<25,1st Place,1,40.0,10,10,1.0,1.0,0.0,6,0.6,0.0,1,0.1
31,7,Charli D'Amelio,Mark Ballas,21,5.190476190476191,0.47619047619047616,Social Media Personality,Connecticut,United States,18,<25,1st Place,1,39.0,10,9,1.0,1.0,0.0,7,0.7,0.0,1,0.1111111111111111
31,8,Charli D'Amelio,Mark Ballas,21,5.190476190476191,0.47619047619047616,Social Media Personality,Connecticut,United States,18,<25,1st Place,1,45.0,10,8,1.0,1.0,0.0,8,0.8,0.0,1,0.125
31,9,Charli D'Amelio,Mark Ballas,21,5.190476190476191,0.47619047619047616,Social Media Personality,Connecticut,United States,18,<25,1st Place,1,40.0,10,6,1.0,1.0,0.0,9,0.9,0.0,1,0.16666666666666666
31,10,Charli D'Amelio,Mark Ballas,21,5.190476190476191,0.47619047619047616,Social Media Personality,Connecticut,United States,18,<25,1st Place,1,40.0,10,4,1.0,1.0,0.0,10,1.0,0.0,1,0.25
31,1,Cheryl Ladd,Louis van Amstel,11,7.0,0.09090909090909091,Actor/Actress,South Dakota,United States,71,65+,Eliminated Week 3,14,21.0,10,16,0.65625,0.4375,-0.21875,1,0.1,0.0,10,0.625
31,2,Cheryl Ladd,Louis van Amstel,11,7.0,0.09090909090909091,Actor/Actress,South Dakota,United States,71,65+,Eliminated Week 3,14,21.0,10,15,0.65625,0.06666666666666665,-0.5895833333333333,2,0.2,0.0,15,1.0
31,3,Cheryl Ladd,Louis van Amstel,11,7.0,0.09090909090909091,Actor/Actress,South Dakota,United States,71,65+,Eliminated Week 3,14,24.0,10,14,0.7272727272727273,0.1428571428571429,-0.5844155844155844,3,0.3,0.0,13,0.9285714285714286
31,1,Daniel Durant,Britt Stewart,6,10.0,0.0,Actor/Actress,Michigan,United States,32,25-34,Eliminated Week 9,5,27.0,10,16,0.84375,0.6875,-0.15625,1,0.1,0.0,6,0.375
31,2,Daniel Durant,Britt Stewart,6,10.0,0.0,Actor/Actress,Michigan,United States,32,25-34,Eliminated Week 9,5,29.0,10,15,0.90625,0.7333333333333334,-0.1729166666666666,2,0.2,0.0,5,0.3333333333333333
31,3,Daniel Durant,Britt Stewart,6,10.0,0.0,Actor/Actress,Michigan,United States,32,25-34,Eliminated Week 9,5,31.0,10,14,0.9393939393939394,0.7142857142857143,-0.22510822510822515,3,0.3,0.0,5,0.35714285714285715
31,4,Daniel Durant,Britt Stewart,6,10.0,0.0,Actor/Actress,Michigan,United States,32,25-34,Eliminated Week 9,5,29.0,10,13,0.8055555555555556,0.3846153846153846,-0.420940170940171,4,0.4,0.0,9,0.6923076923076923
31,5,Daniel Durant,Britt Stewart,6,10.0,0.0,Actor/Actress,Michigan,United States,32,25-34,Eliminated Week 9,5,33.5,10,12,0.7976190476190477,0.16666666666666663,-0.630952380952381,5,0.5,0.0,11,0.9166666666666666
31,6,Daniel Durant,Britt Stewart,6,10.0,0.0,Actor/Actress,Michigan,United States,32,25-34,Eliminated Week 9,5,34.0,10,10,0.85,0.6,-0.25,6,0.6,0.0,5,0.5
31,7,Daniel Durant,Britt Stewart,6,10.0,0.0,Actor/Actress,Michigan,United States,32,25-34,Eliminated Week 9,5,36.5,10,9,0.9358974358974359,0.6666666666666667,-0.26923076923076916,7,0.7,0.0,4,0.4444444444444444
31,8,Daniel Durant,Britt Stewart,6,10.0,0.0,Actor/Actress,Michigan,United States,32,25-34,Eliminated Week 9,5,39.0,10,8,0.8666666666666667,0.5,-0.3666666666666667,8,0.8,0.0,5,0.625
31,9,Daniel Durant,Britt Stewart,6,10.0,0.0,Actor/Actress,Michigan,United States,32,25-34,Eliminated Week 9,5,34.5,10,6,0.8625,0.33333333333333337,-0.5291666666666667,9,0.9,0.0,5,0.8333333333333334
31,1,Gabby Windey,Valentin Chmerkovskiy,19,5.2631578947368425,0.47368421052631576,TV Personality,Illinois,United States,31,25-34,2nd Place,2,28.0,10,16,0.875,0.875,0.0,1,0.1,0.0,3,0.1875
31,2,Gabby Windey,Valentin Chmerkovskiy,19,5.2631578947368425,0.47368421052631576,TV Personality,Illinois,United States,31,25-34,2nd Place,2,32.0,10,15,1.0,1.0,0.0,2,0.2,0.0,1,0.06666666666666667
31,3,Gabby Windey,Valentin Chmerkovskiy,19,5.2631578947368425,0.47368421052631576,TV Personality,Illinois,United States,31,25-34,2nd Place,2,33.0,10,14,1.0,1.0,0.0,3,0.3,0.0,1,0.07142857142857142
31,4,Gabby Windey,Valentin Chmerkovskiy,19,5.2631578947368425,0.47368421052631576,TV Personality,Illinois,United States,31,25-34,2nd Place,2,36.0,10,13,1.0,1.0,0.0,4,0.4,0.0,1,0.07692307692307693
31,5,Gabby Windey,Valentin Chmerkovskiy,19,5.2631578947368425,0.47368421052631576,TV Personality,Illinois,United States,31,25-34,2nd Place,2,41.0,10,12,0.9761904761904762,0.9166666666666666,-0.059523809523809534,5,0.5,0.0,2,0.16666666666666666
31,6,Gabby Windey,Valentin Chmerkovskiy,19,5.2631578947368425,0.47368421052631576,TV Personality,Illinois,United States,31,25-34,2nd Place,2,37.0,10,10,0.925,0.9,-0.025000000000000022,6,0.6,0.0,2,0.2
31,7,Gabby Windey,Valentin Chmerkovskiy,19,5.2631578947368425,0.47368421052631576,TV Personality,Illinois,United States,31,25-34,2nd Place,2,35.5,10,9,0.9102564102564102,0.4444444444444444,-0.4658119658119658,7,0.7,0.0,6,0.6666666666666666
31,8,Gabby Windey,Valentin Chmerkovskiy,19,5.2631578947368425,0.47368421052631576,TV Personality,Illinois,United States,31,25-34,2nd Place,2,40.0,10,8,0.8888888888888888,0.625,-0.26388888888888884,8,0.8,0.0,4,0.5
31,9,Gabby Windey,Valentin Chmerkovskiy,19,5.2631578947368425,0.47368421052631576,TV Personality,Illinois,United States,31,25-34,2nd Place,2,40.0,10,6,1.0,1.0,0.0,9,0.9,0.0,1,0.16666666666666666
31,10,Gabby Windey,Valentin Chmerkovskiy,19,5.2631578947368425,0.47368421052631576,TV Personality,Illinois,United States,31,25-34,2nd Place,2,40.0,10,4,1.0,1.0,0.0,10,1.0,0.0,1,0.25
31,1,Heidi D'Amelio,Artem Chigvintsev,12,7.416666666666667,0.08333333333333333,Social Media Personality,Louisiana,United States,50,45-54,Eliminated Week 8,8,24.0,10,16,0.75,0.5625,-0.1875,1,0.1,0.0,8,0.5
31,2,Heidi D'Amelio,Artem Chigvintsev,12,7.416666666666667,0.08333333333333333,Social Media Personality,Louisiana,United States,50,45-54,Eliminated Week 8,8,28.0,10,15,0.875,0.6666666666666667,-0.20833333333333326,2,0.2,0.0,6,0.4
31,3,Heidi D'Amelio,Artem Chigvintsev,12,7.416666666666667,0.08333333333333333,Social Media Personality,Louisiana,United States,50,45-54,Eliminated Week 8,8,32.0,10,14,0.9696969696969697,0.7857142857142857,-0.18398268398268403,3,0.3,0.0,4,0.2857142857142857
31,4,Heidi D'Amelio,Artem Chigvintsev,12,7.416666666666667,0.08333333333333333,Social Media Personality,Louisiana,United States,50,45-54,Eliminated Week 8,8,34.0,10,13,0.9444444444444444,0.7692307692307692,-0.17521367521367526,4,0.4,0.0,4,0.3076923076923077
31,5,Heidi D'Amelio,Artem Chigvintsev,12,7.416666666666667,0.08333333333333333,Social Media Personality,Louisiana,United States,50,45-54,Eliminated Week 8,8,39.0,10,12,0.9285714285714286,0.6666666666666667,-0.26190476190476186,5,0.5,0.0,5,0.4166666666666667
31,6,Heidi D'Amelio,Artem Chigvintsev,12,7.416666666666667,0.08333333333333333,Social Media Personality,Louisiana,United States,50,45-54,Eliminated Week 8,8,36.0,10,10,0.9,0.8,-0.09999999999999998,6,0.6,0.0,3,0.3
31,7,Heidi D'Amelio,Artem Chigvintsev,12,7.416666666666667,0.08333333333333333,Social Media Personality,Louisiana,United States,50,45-54,Eliminated Week 8,8,35.0,10,9,0.8974358974358975,0.33333333333333337,-0.5641025641025641,7,0.7,0.0,7,0.7777777777777778
31,8,Heidi D'Amelio,Artem Chigvintsev,12,7.416666666666667,0.08333333333333333,Social Media Personality,Louisiana,United States,50,45-54,Eliminated Week 8,8,35.0,10,8,0.7777777777777778,0.25,-0.5277777777777778,8,0.8,0.0,7,0.875
31,1,Jason Lewis,Peta Murgatroyd,15,7.4,0.13333333333333333,Actor/Actress,California,United States,51,45-54,Eliminated Week 1,16,18.0,10,16,0.5625,0.125,-0.4375,1,0.1,0.0,15,0.9375
31,1,Jessie James Decker,Alan Bersten,9,6.111111111111111,0.2222222222222222,Singer/Rapper,Unknown,Italy,34,25-34,Eliminated Week 6,10,20.0,10,16,0.625,0.3125,-0.3125,1,0.1,0.0,12,0.75
31,2,Jessie James Decker,Alan Bersten,9,6.111111111111111,0.2222222222222222,Singer/Rapper,Unknown,Italy,34,25-34,Eliminated Week 6,10,25.0,10,15,0.78125,0.2666666666666667,-0.5145833333333333,2,0.2,0.0,12,0.8
31,3,Jessie James Decker,Alan Bersten,9,6.111111111111111,0.2222222222222222,Singer/Rapper,Unknown,Italy,34,25-34,Eliminated Week 6,10,26.0,10,14,0.7878787878787878,0.2857142857142857,-0.5021645021645021,3,0.3,0.0,11,0.7857142857142857
31,4,Jessie James Decker,Alan Bersten,9,6.111111111111111,0.2222222222222222,Singer/Rapper,Unknown,Italy,34,25-34,Eliminated Week 6,10,31.0,10,13,0.8611111111111112,0.46153846153846156,-0.3995726495726496,4,0.4,0.0,8,0.6153846153846154
31,5,Jessie James Decker,Alan Bersten,9,6.111111111111111,0.2222222222222222,Singer/Rapper,Unknown,Italy,34,25-34,Eliminated Week 6,10,36.0,10,12,0.8571428571428571,0.5,-0.3571428571428571,5,0.5,0.0,7,0.5833333333333334
31,6,Jessie James Decker,Alan Bersten,9,6.111111111111111,0.2222222222222222,Singer/Rapper,Unknown,Italy,34,25-34,Eliminated Week 6,10,32.0,10,10,0.8,0.19999999999999996,-0.6000000000000001,6,0.6,0.0,9,0.9
31,1,Jordin Sparks,Brandon Armstrong,8,9.125,0.125,Singer/Rapper,Arizona,United States,32,25-34,Eliminated Week 7,9,26.0,10,16,0.8125,0.625,-0.1875,1,0.1,0.0,7,0.4375
31,2,Jordin Sparks,Brandon Armstrong,8,9.125,0.125,Singer/Rapper,Arizona,United States,32,25-34,Eliminated Week 7,9,27.0,10,15,0.84375,0.4666666666666667,-0.3770833333333333,2,0.2,0.0,9,0.6
31,3,Jordin Sparks,Brandon Armstrong,8,9.125,0.125,Singer/Rapper,Arizona,United States,32,25-34,Eliminated Week 7,9,29.0,10,14,0.8787878787878788,0.5714285714285714,-0.3073593073593074,3,0.3,0.0,7,0.5
31,4,Jordin Sparks,Brandon Armstrong,8,9.125,0.125,Singer/Rapper,Arizona,United States,32,25-34,Eliminated Week 7,9,34.0,10,13,0.9444444444444444,0.7692307692307692,-0.17521367521367526,4,0.4,0.0,4,0.3076923076923077
31,5,Jordin Sparks,Brandon Armstrong,8,9.125,0.125,Singer/Rapper,Arizona,United States,32,25-34,Eliminated Week 7,9,35.5,10,12,0.8452380952380952,0.33333333333333337,-0.5119047619047619,5,0.5,0.0,9,0.75
31,6,Jordin Sparks,Brandon Armstrong,8,9.125,0.125,Singer/Rapper,Arizona,United States,32,25-34,Eliminated Week 7,9,34.0,10,10,0.85,0.6,-0.25,6,0.6,0.0,5,0.5
31,7,Jordin Sparks,Brandon Armstrong,8,9.125,0.125,Singer/Rapper,Arizona,United States,32,25-34,Eliminated Week 7,9,34.5,10,9,0.8846153846153846,0.2222222222222222,-0.6623931623931624,7,0.7,0.0,8,0.8888888888888888
31,1,Joseph Baena,Daniella Karagach,5,4.6,0.6,Actor/Actress,California,United States,24,<25,Eliminated Week 5,11,23.0,10,16,0.71875,0.5,-0.21875,1,0.1,0.0,9,0.5625
31,2,Joseph Baena,Daniella Karagach,5,4.6,0.6,Actor/Actress,California,United States,24,<25,Eliminated Week 5,11,24.0,10,15,0.75,0.19999999999999996,-0.55,2,0.2,0.0,13,0.8666666666666667
31,3,Joseph Baena,Daniella Karagach,5,4.6,0.6,Actor/Actress,California,United States,24,<25,Eliminated Week 5,11,29.0,10,14,0.8787878787878788,0.5714285714285714,-0.3073593073593074,3,0.3,0.0,7,0.5
31,4,Joseph Baena,Daniella Karagach,5,4.6,0.6,Actor/Actress,California,United States,24,<25,Eliminated Week 5,11,28.0,10,13,0.7777777777777778,0.23076923076923073,-0.5470085470085471,4,0.4,0.0,11,0.8461538461538461
31,5,Joseph Baena,Daniella Karagach,5,4.6,0.6,Actor/Actress,California,United States,24,<25,Eliminated Week 5,11,35.0,10,12,0.8333333333333334,0.25,-0.5833333333333334,5,0.5,0.0,10,0.8333333333333334
31,1,Sam Champion,Cheryl Burke,25,5.8,0.32,News Anchor,Kentucky,United States,61,55-64,Eliminated Week 4,13,20.0,10,16,0.625,0.3125,-0.3125,1,0.1,0.0,12,0.75
31,2,Sam Champion,Cheryl Burke,25,5.8,0.32,News Anchor,Kentucky,United States,61,55-64,Eliminated Week 4,13,26.0,10,15,0.8125,0.33333333333333337,-0.47916666666666663,2,0.2,0.0,11,0.7333333333333333
31,3,Sam Champion,Cheryl Burke,25,5.8,0.32,News Anchor,Kentucky,United States,61,55-64,Eliminated Week 4,13,25.0,10,14,0.7575757575757576,0.2142857142857143,-0.5432900432900433,3,0.3,0.0,12,0.8571428571428571
31,4,Sam Champion,Cheryl Burke,25,5.8,0.32,News Anchor,Kentucky,United States,61,55-64,Eliminated Week 4,13,25.0,10,13,0.6944444444444444,0.07692307692307687,-0.6175213675213675,4,0.4,0.0,13,1.0
31,1,Selma Blair,Sasha Farber,12,6.083333333333333,0.16666666666666666,Actor/Actress,Michigan,United States,50,45-54,Withdrew,12,28.0,10,16,0.875,0.875,0.0,1,0.1,0.0,3,0.1875
31,2,Selma Blair,Sasha Farber,12,6.083333333333333,0.16666666666666666,Actor/Actress,Michigan,United States,50,45-54,Withdrew,12,28.0,10,15,0.875,0.6666666666666667,-0.20833333333333326,2,0.2,0.0,6,0.4
31,3,Selma Blair,Sasha Farber,12,6.083333333333333,0.16666666666666666,Actor/Actress,Michigan,United States,50,45-54,Withdrew,12,28.0,10,14,0.8484848484848485,0.4285714285714286,-0.4199134199134199,3,0.3,0.0,9,0.6428571428571429
31,4,Selma Blair,Sasha Farber,12,6.083333333333333,0.16666666666666666,Actor/Actress,Michigan,United States,50,45-54,Withdrew,12,32.0,10,13,0.8888888888888888,0.6153846153846154,-0.2735042735042734,4,0.4,0.0,6,0.46153846153846156
31,5,Selma Blair,Sasha Farber,12,6.083333333333333,0.16666666666666666,Actor/Actress,Michigan,United States,50,45-54,Withdrew,12,40.0,10,12,0.9523809523809523,0.75,-0.20238095238095233,5,0.5,0.0,4,0.3333333333333333
31,1,Shangela,Gleb Savchenko,13,8.461538461538462,0.0,TV Personality,Texas,United States,40,35-44,4th Place,4,28.0,10,16,0.875,0.875,0.0,1,0.1,0.0,3,0.1875
31,2,Shangela,Gleb Savchenko,13,8.461538461538462,0.0,TV Personality,Texas,United States,40,35-44,4th Place,4,28.0,10,15,0.875,0.6666666666666667,-0.20833333333333326,2,0.2,0.0,6,0.4
31,3,Shangela,Gleb Savchenko,13,8.461538461538462,0.0,TV Personality,Texas,United States,40,35-44,4th Place,4,30.0,10,14,0.9090909090909091,0.6428571428571428,-0.26623376623376627,3,0.3,0.0,6,0.42857142857142855
31,4,Shangela,Gleb Savchenko,13,8.461538461538462,0.0,TV Personality,Texas,United States,40,35-44,4th Place,4,32.0,10,13,0.8888888888888888,0.6153846153846154,-0.2735042735042734,4,0.4,0.0,6,0.46153846153846156
31,5,Shangela,Gleb Savchenko,13,8.461538461538462,0.0,TV Personality,Texas,United States,40,35-44,4th Place,4,38.5,10,12,0.9166666666666666,0.5833333333333333,-0.33333333333333337,5,0.5,0.0,6,0.5
31,6,Shangela,Gleb Savchenko,13,8.461538461538462,0.0,TV Personality,Texas,United States,40,35-44,4th Place,4,36.0,10,10,0.9,0.8,-0.09999999999999998,6,0.6,0.0,3,0.3
31,7,Shangela,Gleb Savchenko,13,8.461538461538462,0.0,TV Personality,Texas,United States,40,35-44,4th Place,4,36.5,10,9,0.9358974358974359,0.6666666666666667,-0.26923076923076916,7,0.7,0.0,4,0.4444444444444444
31,8,Shangela,Gleb Savchenko,13,8.461538461538462,0.0,TV Personality,Texas,United States,40,35-44,4th Place,4,42.0,10,8,0.9333333333333333,0.75,-0.18333333333333335,8,0.8,0.0,3,0.375
31,9,Shangela,Gleb Savchenko,13,8.461538461538462,0.0,TV Personality,Texas,United States,40,35-44,4th Place,4,36.5,10,6,0.9125,0.6666666666666667,-0.24583333333333324,9,0.9,0.0,3,0.5
31,10,Shangela,Gleb Savchenko,13,8.461538461538462,0.0,TV Personality,Texas,United States,40,35-44,4th Place,4,38.0,10,4,0.95,0.5,-0.44999999999999996,10,1.0,0.0,3,0.75
31,1,Teresa Giudice,Pasha Pashkov,7,10.428571428571429,0.14285714285714285,TV Personality,New Jersey,United States,50,45-54,Eliminated Week 2,15,20.0,10,16,0.625,0.3125,-0.3125,1,0.1,0.0,12,0.75
31,2,Teresa Giudice,Pasha Pashkov,7,10.428571428571429,0.14285714285714285,TV Personality,New Jersey,United States,50,45-54,Eliminated Week 2,15,23.0,10,15,0.71875,0.1333333333333333,-0.5854166666666667,2,0.2,0.0,14,0.9333333333333333
31,1,Trevor Donovan,Emma Slater,16,7.9375,0.0625,Actor/Actress,California,United States,39,35-44,Eliminated Week 9,6,21.0,10,16,0.65625,0.4375,-0.21875,1,0.1,0.0,10,0.625
31,2,Trevor Donovan,Emma Slater,16,7.9375,0.0625,Actor/Actress,California,United States,39,35-44,Eliminated Week 9,6,30.0,10,15,0.9375,0.8,-0.13749999999999996,2,0.2,0.0,4,0.26666666666666666
31,3,Trevor Donovan,Emma Slater,16,7.9375,0.0625,Actor/Actress,California,United States,39,35-44,Eliminated Week 9,6,27.0,10,14,0.8181818181818182,0.3571428571428571,-0.46103896103896114,3,0.3,0.0,10,0.7142857142857143
31,4,Trevor Donovan,Emma Slater,16,7.9375,0.0625,Actor/Actress,California,United States,39,35-44,Eliminated Week 9,6,28.0,10,13,0.7777777777777778,0.23076923076923073,-0.5470085470085471,4,0.4,0.0,11,0.8461538461538461
31,5,Trevor Donovan,Emma Slater,16,7.9375,0.0625,Actor/Actress,California,United States,39,35-44,Eliminated Week 9,6,36.0,10,12,0.8571428571428571,0.5,-0.3571428571428571,5,0.5,0.0,7,0.5833333333333334
31,6,Trevor Donovan,Emma Slater,16,7.9375,0.0625,Actor/Actress,California,United States,39,35-44,Eliminated Week 9,6,34.0,10,10,0.85,0.6,-0.25,6,0.6,0.0,5,0.5
31,7,Trevor Donovan,Emma Slater,16,7.9375,0.0625,Actor/Actress,California,United States,39,35-44,Eliminated Week 9,6,39.0,10,9,1.0,1.0,0.0,7,0.7,0.0,1,0.1111111111111111
31,8,Trevor Donovan,Emma Slater,16,7.9375,0.0625,Actor/Actress,California,United States,39,35-44,Eliminated Week 9,6,39.0,10,8,0.8666666666666667,0.5,-0.3666666666666667,8,0.8,0.0,5,0.625
31,9,Trevor Donovan,Emma Slater,16,7.9375,0.0625,Actor/Actress,California,United States,39,35-44,Eliminated Week 9,6,32.5,10,6,0.8125,0.16666666666666663,-0.6458333333333334,9,0.9,0.0,6,1.0
31,1,Vinny Guadagnino,Koko Iwasaki,2,10.5,0.0,TV Personality,New York,United States,34,25-34,Eliminated Week 8,7,17.0,10,16,0.53125,0.0625,-0.46875,1,0.1,0.0,16,1.0
31,2,Vinny Guadagnino,Koko Iwasaki,2,10.5,0.0,TV Personality,New York,United States,34,25-34,Eliminated Week 8,7,27.0,10,15,0.84375,0.4666666666666667,-0.3770833333333333,2,0.2,0.0,9,0.6
31,3,Vinny Guadagnino,Koko Iwasaki,2,10.5,0.0,TV Personality,New York,United States,34,25-34,Eliminated Week 8,7,23.0,10,14,0.696969696969697,0.0714285714285714,-0.6255411255411256,3,0.3,0.0,14,1.0
31,4,Vinny Guadagnino,Koko Iwasaki,2,10.5,0.0,TV Personality,New York,United States,34,25-34,Eliminated Week 8,7,29.0,10,13,0.8055555555555556,0.3846153846153846,-0.420940170940171,4,0.4,0.0,9,0.6923076923076923
31,5,Vinny Guadagnino,Koko Iwasaki,2,10.5,0.0,TV Personality,New York,United States,34,25-34,Eliminated Week 8,7,31.0,10,12,0.7380952380952381,0.08333333333333337,-0.6547619047619048,5,0.5,0.0,12,1.0
31,6,Vinny Guadagnino,Koko Iwasaki,2,10.5,0.0,TV Personality,New York,United States,34,25-34,Eliminated Week 8,7,28.0,10,10,0.7,0.09999999999999998,-0.6,6,0.6,0.0,10,1.0
31,7,Vinny Guadagnino,Koko Iwasaki,2,10.5,0.0,TV Personality,New York,United States,34,25-34,Eliminated Week 8,7,31.5,10,9,0.8076923076923077,0.11111111111111116,-0.6965811965811965,7,0.7,0.0,9,1.0
31,8,Vinny Guadagnino,Koko Iwasaki,2,10.5,0.0,TV Personality,New York,United States,34,25-34,Eliminated Week 8,7,29.0,10,8,0.6444444444444445,0.125,-0.5194444444444445,8,0.8,0.0,8,1.0
31,1,Wayne Brady,Witney Carson,14,5.5,0.35714285714285715,Comedian,Georgia,United States,50,45-54,3rd Place,3,29.0,10,16,0.90625,0.9375,0.03125,1,0.1,0.0,2,0.125
31,2,Wayne Brady,Witney Carson,14,5.5,0.35714285714285715,Comedian,Georgia,United States,50,45-54,3rd Place,3,32.0,10,15,1.0,1.0,0.0,2,0.2,0.0,1,0.06666666666666667
31,3,Wayne Brady,Witney Carson,14,5.5,0.35714285714285715,Comedian,Georgia,United States,50,45-54,3rd Place,3,33.0,10,14,1.0,1.0,0.0,3,0.3,0.0,1,0.07142857142857142
31,4,Wayne Brady,Witney Carson,14,5.5,0.35714285714285715,Comedian,Georgia,United States,50,45-54,3rd Place,3,36.0,10,13,1.0,1.0,0.0,4,0.4,0.0,1,0.07692307692307693
31,5,Wayne Brady,Witney Carson,14,5.5,0.35714285714285715,Comedian,Georgia,United States,50,45-54,3rd Place,3,41.0,10,12,0.9761904761904762,0.9166666666666666,-0.059523809523809534,5,0.5,0.0,2,0.16666666666666666
31,6,Wayne Brady,Witney Carson,14,5.5,0.35714285714285715,Comedian,Georgia,United States,50,45-54,3rd Place,3,34.0,10,10,0.85,0.6,-0.25,6,0.6,0.0,5,0.5
31,7,Wayne Brady,Witney Carson,14,5.5,0.35714285714285715,Comedian,Georgia,United States,50,45-54,3rd Place,3,38.0,10,9,0.9743589743589743,0.7777777777777778,-0.19658119658119655,7,0.7,0.0,3,0.3333333333333333
31,8,Wayne Brady,Witney Carson,14,5.5,0.35714285714285715,Comedian,Georgia,United States,50,45-54,3rd Place,3,45.0,10,8,1.0,1.0,0.0,8,0.8,0.0,1,0.125
31,9,Wayne Brady,Witney Carson,14,5.5,0.35714285714285715,Comedian,Georgia,United States,50,45-54,3rd Place,3,36.5,10,6,0.9125,0.6666666666666667,-0.24583333333333324,9,0.9,0.0,3,0.5
31,10,Wayne Brady,Witney Carson,14,5.5,0.35714285714285715,Comedian,Georgia,United States,50,45-54,3rd Place,3,38.0,10,4,0.95,0.5,-0.44999999999999996,10,1.0,0.0,3,0.75
32,1,Adrian Peterson,Britt Stewart,6,10.0,0.0,Athlete,Texas,United States,38,35-44,Eliminated Week 4,11,18.0,11,14,0.8181818181818182,0.7142857142857143,-0.10389610389610393,1,0.09090909090909091,0.0,5,0.35714285714285715
32,2,Adrian Peterson,Britt Stewart,6,10.0,0.0,Athlete,Texas,United States,38,35-44,Eliminated Week 4,11,15.0,11,13,0.625,0.3076923076923077,-0.3173076923076923,2,0.18181818181818182,0.0,10,0.7692307692307693
32,3,Adrian Peterson,Britt Stewart,6,10.0,0.0,Athlete,Texas,United States,38,35-44,Eliminated Week 4,11,22.0,11,12,0.6470588235294118,0.16666666666666663,-0.48039215686274517,3,0.2727272727272727,0.0,11,0.9166666666666666
32,4,Adrian Peterson,Britt Stewart,6,10.0,0.0,Athlete,Texas,United States,38,35-44,Eliminated Week 4,11,21.0,11,11,0.7777777777777778,0.5454545454545454,-0.23232323232323238,4,0.36363636363636365,0.0,6,0.5454545454545454
32,1,Alyson Hannigan,Sasha Farber,12,6.083333333333333,0.16666666666666666,Actor/Actress,Washington D.C.,United States,49,45-54,5th Place,5,13.0,11,14,0.5909090909090909,0.2857142857142857,-0.30519480519480524,1,0.09090909090909091,0.0,11,0.7857142857142857
32,2,Alyson Hannigan,Sasha Farber,12,6.083333333333333,0.16666666666666666,Actor/Actress,Washington D.C.,United States,49,45-54,5th Place,5,19.0,11,13,0.7916666666666666,0.6153846153846154,-0.1762820512820512,2,0.18181818181818182,0.0,6,0.46153846153846156
32,3,Alyson Hannigan,Sasha Farber,12,6.083333333333333,0.16666666666666666,Actor/Actress,Washington D.C.,United States,49,45-54,5th Place,5,24.0,11,12,0.7058823529411765,0.41666666666666663,-0.2892156862745099,3,0.2727272727272727,0.0,8,0.6666666666666666
32,4,Alyson Hannigan,Sasha Farber,12,6.083333333333333,0.16666666666666666,Actor/Actress,Washington D.C.,United States,49,45-54,5th Place,5,18.0,11,11,0.6666666666666666,0.18181818181818177,-0.48484848484848486,4,0.36363636363636365,0.0,10,0.9090909090909091
32,5,Alyson Hannigan,Sasha Farber,12,6.083333333333333,0.16666666666666666,Actor/Actress,Washington D.C.,United States,49,45-54,5th Place,5,21.0,11,10,0.75,0.19999999999999996,-0.55,5,0.45454545454545453,0.0,9,0.9
32,6,Alyson Hannigan,Sasha Farber,12,6.083333333333333,0.16666666666666666,Actor/Actress,Washington D.C.,United States,49,45-54,5th Place,5,31.0,11,9,0.7380952380952381,0.2222222222222222,-0.5158730158730159,6,0.5454545454545454,0.0,8,0.8888888888888888
32,7,Alyson Hannigan,Sasha Farber,12,6.083333333333333,0.16666666666666666,Actor/Actress,Washington D.C.,United States,49,45-54,5th Place,5,35.0,11,8,0.9459459459459459,0.375,-0.5709459459459459,7,0.6363636363636364,0.0,6,0.75
32,8,Alyson Hannigan,Sasha Farber,12,6.083333333333333,0.16666666666666666,Actor/Actress,Washington D.C.,United States,49,45-54,5th Place,5,36.0,11,7,0.8571428571428571,0.5714285714285714,-0.2857142857142857,8,0.7272727272727273,0.0,4,0.5714285714285714
32,9,Alyson Hannigan,Sasha Farber,12,6.083333333333333,0.16666666666666666,Actor/Actress,Washington D.C.,United States,49,45-54,5th Place,5,32.0,11,6,0.7441860465116279,0.33333333333333337,-0.4108527131782945,9,0.8181818181818182,0.0,5,0.8333333333333334
32,10,Alyson Hannigan,Sasha Farber,12,6.083333333333333,0.16666666666666666,Actor/Actress,Washington D.C.,United States,49,45-54,5th Place,5,25.5,11,5,0.85,0.19999999999999996,-0.65,10,0.9090909090909091,0.0,5,1.0
32,11,Alyson Hannigan,Sasha Farber,12,6.083333333333333,0.16666666666666666,Actor/Actress,Washington D.C.,United States,49,45-54,5th Place,5,26.5,11,5,0.8833333333333333,0.19999999999999996,-0.6833333333333333,11,1.0,0.0,5,1.0
32,1,Ariana Madix,Pasha Pashkov,7,10.428571428571429,0.14285714285714285,TV Personality,Florida,United States,38,35-44,3rd Place,3,21.0,11,14,0.9545454545454546,0.9285714285714286,-0.025974025974025983,1,0.09090909090909091,0.0,2,0.14285714285714285
32,2,Ariana Madix,Pasha Pashkov,7,10.428571428571429,0.14285714285714285,TV Personality,Florida,United States,38,35-44,3rd Place,3,20.0,11,13,0.8333333333333334,0.6923076923076923,-0.14102564102564108,2,0.18181818181818182,0.0,5,0.38461538461538464
32,3,Ariana Madix,Pasha Pashkov,7,10.428571428571429,0.14285714285714285,TV Personality,Florida,United States,38,35-44,3rd Place,3,34.0,11,12,1.0,1.0,0.0,3,0.2727272727272727,0.0,1,0.08333333333333333
32,4,Ariana Madix,Pasha Pashkov,7,10.428571428571429,0.14285714285714285,TV Personality,Florida,United States,38,35-44,3rd Place,3,25.0,11,11,0.9259259259259259,0.9090909090909091,-0.01683501683501687,4,0.36363636363636365,0.0,2,0.18181818181818182
32,5,Ariana Madix,Pasha Pashkov,7,10.428571428571429,0.14285714285714285,TV Personality,Florida,United States,38,35-44,3rd Place,3,24.0,11,10,0.8571428571428571,0.7,-0.15714285714285714,5,0.45454545454545453,0.0,4,0.4
32,6,Ariana Madix,Pasha Pashkov,7,10.428571428571429,0.14285714285714285,TV Personality,Florida,United States,38,35-44,3rd Place,3,41.0,11,9,0.9761904761904762,0.8888888888888888,-0.08730158730158732,6,0.5454545454545454,0.0,2,0.2222222222222222
32,7,Ariana Madix,Pasha Pashkov,7,10.428571428571429,0.14285714285714285,TV Personality,Florida,United States,38,35-44,3rd Place,3,37.0,11,8,1.0,1.0,0.0,7,0.6363636363636364,0.0,1,0.125
32,8,Ariana Madix,Pasha Pashkov,7,10.428571428571429,0.14285714285714285,TV Personality,Florida,United States,38,35-44,3rd Place,3,42.0,11,7,1.0,1.0,0.0,8,0.7272727272727273,0.0,1,0.14285714285714285
32,9,Ariana Madix,Pasha Pashkov,7,10.428571428571429,0.14285714285714285,TV Personality,Florida,United States,38,35-44,3rd Place,3,37.0,11,6,0.8604651162790697,0.5,-0.36046511627906974,9,0.8181818181818182,0.0,4,0.6666666666666666
32,10,Ariana Madix,Pasha Pashkov,7,10.428571428571429,0.14285714285714285,TV Personality,Florida,United States,38,35-44,3rd Place,3,29.0,11,5,0.9666666666666667,0.6,-0.3666666666666667,10,0.9090909090909091,0.0,3,0.6
32,11,Ariana Madix,Pasha Pashkov,7,10.428571428571429,0.14285714285714285,TV Personality,Florida,United States,38,35-44,3rd Place,3,29.5,11,5,0.9833333333333333,0.6,-0.3833333333333333,11,1.0,0.0,3,0.6
32,1,Barry Williams,Peta Murgatroyd,15,7.4,0.13333333333333333,Actor/Actress,California,United States,68,65+,Eliminated Week 8,7,16.0,11,14,0.7272727272727273,0.5,-0.2272727272727273,1,0.09090909090909091,0.0,8,0.5714285714285714
32,2,Barry Williams,Peta Murgatroyd,15,7.4,0.13333333333333333,Actor/Actress,California,United States,68,65+,Eliminated Week 8,7,15.0,11,13,0.625,0.3076923076923077,-0.3173076923076923,2,0.18181818181818182,0.0,10,0.7692307692307693
32,3,Barry Williams,Peta Murgatroyd,15,7.4,0.13333333333333333,Actor/Actress,California,United States,68,65+,Eliminated Week 8,7,25.0,11,12,0.7352941176470589,0.5,-0.23529411764705888,3,0.2727272727272727,0.0,7,0.5833333333333334
32,4,Barry Williams,Peta Murgatroyd,15,7.4,0.13333333333333333,Actor/Actress,California,United States,68,65+,Eliminated Week 8,7,18.0,11,11,0.6666666666666666,0.18181818181818177,-0.48484848484848486,4,0.36363636363636365,0.0,10,0.9090909090909091
32,5,Barry Williams,Peta Murgatroyd,15,7.4,0.13333333333333333,Actor/Actress,California,United States,68,65+,Eliminated Week 8,7,24.0,11,10,0.8571428571428571,0.7,-0.15714285714285714,5,0.45454545454545453,0.0,4,0.4
32,6,Barry Williams,Peta Murgatroyd,15,7.4,0.13333333333333333,Actor/Actress,California,United States,68,65+,Eliminated Week 8,7,32.0,11,9,0.7619047619047619,0.33333333333333337,-0.4285714285714285,6,0.5454545454545454,0.0,7,0.7777777777777778
32,7,Barry Williams,Peta Murgatroyd,15,7.4,0.13333333333333333,Actor/Actress,California,United States,68,65+,Eliminated Week 8,7,32.5,11,8,0.8783783783783784,0.25,-0.6283783783783784,7,0.6363636363636364,0.0,7,0.875
32,8,Barry Williams,Peta Murgatroyd,15,7.4,0.13333333333333333,Actor/Actress,California,United States,68,65+,Eliminated Week 8,7,35.0,11,7,0.8333333333333334,0.4285714285714286,-0.40476190476190477,8,0.7272727272727273,0.0,5,0.7142857142857143
32,1,Charity Lawson,Artem Chigvintsev,12,7.416666666666667,0.08333333333333333,TV Personality,Georgia,United States,27,25-34,4th Place,4,22.0,11,14,1.0,1.0,0.0,1,0.09090909090909091,0.0,1,0.07142857142857142
32,2,Charity Lawson,Artem Chigvintsev,12,7.416666666666667,0.08333333333333333,TV Personality,Georgia,United States,27,25-34,4th Place,4,21.0,11,13,0.875,0.8461538461538461,-0.028846153846153855,2,0.18181818181818182,0.0,3,0.23076923076923078
32,3,Charity Lawson,Artem Chigvintsev,12,7.416666666666667,0.08333333333333333,TV Personality,Georgia,United States,27,25-34,4th Place,4,32.0,11,12,0.9411764705882353,0.8333333333333334,-0.10784313725490191,3,0.2727272727272727,0.0,3,0.25
32,4,Charity Lawson,Artem Chigvintsev,12,7.416666666666667,0.08333333333333333,TV Personality,Georgia,United States,27,25-34,4th Place,4,24.0,11,11,0.8888888888888888,0.8181818181818181,-0.07070707070707072,4,0.36363636363636365,0.0,3,0.2727272727272727
32,5,Charity Lawson,Artem Chigvintsev,12,7.416666666666667,0.08333333333333333,TV Personality,Georgia,United States,27,25-34,4th Place,4,28.0,11,10,1.0,1.0,0.0,5,0.45454545454545453,0.0,1,0.1
32,6,Charity Lawson,Artem Chigvintsev,12,7.416666666666667,0.08333333333333333,TV Personality,Georgia,United States,27,25-34,4th Place,4,38.0,11,9,0.9047619047619048,0.6666666666666667,-0.23809523809523803,6,0.5454545454545454,0.0,4,0.4444444444444444
32,7,Charity Lawson,Artem Chigvintsev,12,7.416666666666667,0.08333333333333333,TV Personality,Georgia,United States,27,25-34,4th Place,4,36.0,11,8,0.972972972972973,0.625,-0.347972972972973,7,0.6363636363636364,0.0,4,0.5
32,8,Charity Lawson,Artem Chigvintsev,12,7.416666666666667,0.08333333333333333,TV Personality,Georgia,United States,27,25-34,4th Place,4,39.0,11,7,0.9285714285714286,0.7142857142857143,-0.2142857142857143,8,0.7272727272727273,0.0,3,0.42857142857142855
32,9,Charity Lawson,Artem Chigvintsev,12,7.416666666666667,0.08333333333333333,TV Personality,Georgia,United States,27,25-34,4th Place,4,38.0,11,6,0.8837209302325582,0.6666666666666667,-0.21705426356589141,9,0.8181818181818182,0.0,3,0.5
32,10,Charity Lawson,Artem Chigvintsev,12,7.416666666666667,0.08333333333333333,TV Personality,Georgia,United States,27,25-34,4th Place,4,29.5,11,5,0.9833333333333333,0.8,-0.18333333333333324,10,0.9090909090909091,0.0,2,0.4
32,11,Charity Lawson,Artem Chigvintsev,12,7.416666666666667,0.08333333333333333,TV Personality,Georgia,United States,27,25-34,4th Place,4,29.5,11,5,0.9833333333333333,0.6,-0.3833333333333333,11,1.0,0.0,3,0.6
32,1,Harry Jowsey,Rylee Arnold,3,6.666666666666667,0.0,TV Personality,Unknown,Australia,26,25-34,Eliminated Week 9,6,12.0,11,14,0.5454545454545454,0.2142857142857143,-0.3311688311688311,1,0.09090909090909091,0.0,12,0.8571428571428571
32,2,Harry Jowsey,Rylee Arnold,3,6.666666666666667,0.0,TV Personality,Unknown,Australia,26,25-34,Eliminated Week 9,6,15.0,11,13,0.625,0.3076923076923077,-0.3173076923076923,2,0.18181818181818182,0.0,10,0.7692307692307693
32,3,Harry Jowsey,Rylee Arnold,3,6.666666666666667,0.0,TV Personality,Unknown,Australia,26,25-34,Eliminated Week 9,6,24.0,11,12,0.7058823529411765,0.41666666666666663,-0.2892156862745099,3,0.2727272727272727,0.0,8,0.6666666666666666
32,4,Harry Jowsey,Rylee Arnold,3,6.666666666666667,0.0,TV Personality,Unknown,Australia,26,25-34,Eliminated Week 9,6,21.0,11,11,0.7777777777777778,0.5454545454545454,-0.23232323232323238,4,0.36363636363636365,0.0,6,0.5454545454545454
32,5,Harry Jowsey,Rylee Arnold,3,6.666666666666667,0.0,TV Personality,Unknown,Australia,26,25-34,Eliminated Week 9,6,18.0,11,10,0.6428571428571429,0.09999999999999998,-0.5428571428571429,5,0.45454545454545453,0.0,10,1.0
32,6,Harry Jowsey,Rylee Arnold,3,6.666666666666667,0.0,TV Personality,Unknown,Australia,26,25-34,Eliminated Week 9,6,29.0,11,9,0.6904761904761905,0.11111111111111116,-0.5793650793650793,6,0.5454545454545454,0.0,9,1.0
32,7,Harry Jowsey,Rylee Arnold,3,6.666666666666667,0.0,TV Personality,Unknown,Australia,26,25-34,Eliminated Week 9,6,32.0,11,8,0.8648648648648649,0.125,-0.7398648648648649,7,0.6363636363636364,0.0,8,1.0
32,8,Harry Jowsey,Rylee Arnold,3,6.666666666666667,0.0,TV Personality,Unknown,Australia,26,25-34,Eliminated Week 9,6,28.0,11,7,0.6666666666666666,0.1428571428571429,-0.5238095238095237,8,0.7272727272727273,0.0,7,1.0
32,9,Harry Jowsey,Rylee Arnold,3,6.666666666666667,0.0,TV Personality,Unknown,Australia,26,25-34,Eliminated Week 9,6,30.0,11,6,0.6976744186046512,0.16666666666666663,-0.5310077519379846,9,0.8181818181818182,0.0,6,1.0
32,1,Jamie Lynn Spears,Alan Bersten,9,6.111111111111111,0.2222222222222222,Actor/Actress,Mississippi,United States,32,25-34,Eliminated Week 2,13,15.0,11,14,0.6818181818181818,0.4285714285714286,-0.25324675324675316,1,0.09090909090909091,0.0,9,0.6428571428571429
32,2,Jamie Lynn Spears,Alan Bersten,9,6.111111111111111,0.2222222222222222,Actor/Actress,Mississippi,United States,32,25-34,Eliminated Week 2,13,16.0,11,13,0.6666666666666666,0.3846153846153846,-0.28205128205128205,2,0.18181818181818182,0.0,9,0.6923076923076923
32,1,Jason Mraz,Daniella Karagach,5,4.6,0.6,Singer/Rapper,Virginia,United States,46,45-54,2nd Place,2,21.0,11,14,0.9545454545454546,0.9285714285714286,-0.025974025974025983,1,0.09090909090909091,0.0,2,0.14285714285714285
32,2,Jason Mraz,Daniella Karagach,5,4.6,0.6,Singer/Rapper,Virginia,United States,46,45-54,2nd Place,2,24.0,11,13,1.0,1.0,0.0,2,0.18181818181818182,0.0,1,0.07692307692307693
32,3,Jason Mraz,Daniella Karagach,5,4.6,0.6,Singer/Rapper,Virginia,United States,46,45-54,2nd Place,2,34.0,11,12,1.0,1.0,0.0,3,0.2727272727272727,0.0,1,0.08333333333333333
32,4,Jason Mraz,Daniella Karagach,5,4.6,0.6,Singer/Rapper,Virginia,United States,46,45-54,2nd Place,2,24.0,11,11,0.8888888888888888,0.8181818181818181,-0.07070707070707072,4,0.36363636363636365,0.0,3,0.2727272727272727
32,5,Jason Mraz,Daniella Karagach,5,4.6,0.6,Singer/Rapper,Virginia,United States,46,45-54,2nd Place,2,27.0,11,10,0.9642857142857143,0.8,-0.16428571428571426,5,0.45454545454545453,0.0,3,0.3
32,6,Jason Mraz,Daniella Karagach,5,4.6,0.6,Singer/Rapper,Virginia,United States,46,45-54,2nd Place,2,39.0,11,9,0.9285714285714286,0.7777777777777778,-0.1507936507936508,6,0.5454545454545454,0.0,3,0.3333333333333333
32,7,Jason Mraz,Daniella Karagach,5,4.6,0.6,Singer/Rapper,Virginia,United States,46,45-54,2nd Place,2,36.0,11,8,0.972972972972973,0.625,-0.347972972972973,7,0.6363636363636364,0.0,4,0.5
32,8,Jason Mraz,Daniella Karagach,5,4.6,0.6,Singer/Rapper,Virginia,United States,46,45-54,2nd Place,2,33.0,11,7,0.7857142857142857,0.2857142857142857,-0.5,8,0.7272727272727273,0.0,6,0.8571428571428571
32,9,Jason Mraz,Daniella Karagach,5,4.6,0.6,Singer/Rapper,Virginia,United States,46,45-54,2nd Place,2,43.0,11,6,1.0,1.0,0.0,9,0.8181818181818182,0.0,1,0.16666666666666666
32,10,Jason Mraz,Daniella Karagach,5,4.6,0.6,Singer/Rapper,Virginia,United States,46,45-54,2nd Place,2,28.5,11,5,0.95,0.4,-0.5499999999999999,10,0.9090909090909091,0.0,4,0.8
32,11,Jason Mraz,Daniella Karagach,5,4.6,0.6,Singer/Rapper,Virginia,United States,46,45-54,2nd Place,2,30.0,11,5,1.0,1.0,0.0,11,1.0,0.0,1,0.2
32,1,Lele Pons,Brandon Armstrong,8,9.125,0.125,Social Media Personality,Unknown,Venezuela,27,25-34,Eliminated Week 7,8,19.0,11,14,0.8636363636363636,0.7857142857142857,-0.07792207792207795,1,0.09090909090909091,0.0,4,0.2857142857142857
32,2,Lele Pons,Brandon Armstrong,8,9.125,0.125,Social Media Personality,Unknown,Venezuela,27,25-34,Eliminated Week 7,8,21.0,11,13,0.875,0.8461538461538461,-0.028846153846153855,2,0.18181818181818182,0.0,3,0.23076923076923078
32,3,Lele Pons,Brandon Armstrong,8,9.125,0.125,Social Media Personality,Unknown,Venezuela,27,25-34,Eliminated Week 7,8,27.0,11,12,0.7941176470588235,0.6666666666666667,-0.12745098039215674,3,0.2727272727272727,0.0,5,0.4166666666666667
32,4,Lele Pons,Brandon Armstrong,8,9.125,0.125,Social Media Personality,Unknown,Venezuela,27,25-34,Eliminated Week 7,8,22.0,11,11,0.8148148148148148,0.6363636363636364,-0.17845117845117842,4,0.36363636363636365,0.0,5,0.45454545454545453
32,5,Lele Pons,Brandon Armstrong,8,9.125,0.125,Social Media Personality,Unknown,Venezuela,27,25-34,Eliminated Week 7,8,24.0,11,10,0.8571428571428571,0.7,-0.15714285714285714,5,0.45454545454545453,0.0,4,0.4
32,6,Lele Pons,Brandon Armstrong,8,9.125,0.125,Social Media Personality,Unknown,Venezuela,27,25-34,Eliminated Week 7,8,37.0,11,9,0.8809523809523809,0.5555555555555556,-0.32539682539682535,6,0.5454545454545454,0.0,5,0.5555555555555556
32,7,Lele Pons,Brandon Armstrong,8,9.125,0.125,Social Media Personality,Unknown,Venezuela,27,25-34,Eliminated Week 7,8,36.5,11,8,0.9864864864864865,0.75,-0.2364864864864865,7,0.6363636363636364,0.0,3,0.375
32,1,Matt Walsh,Koko Iwasaki,2,10.5,0.0,Comedian,Illinois,United States,58,55-64,Eliminated Week 1,14,12.0,11,14,0.5454545454545454,0.2142857142857143,-0.3311688311688311,1,0.09090909090909091,0.0,12,0.8571428571428571
32,1,Mauricio Umansky,Emma Slater,16,7.9375,0.0625,TV Personality,Unknown,Mexico,53,45-54,Eliminated Week 6,9,15.0,11,14,0.6818181818181818,0.4285714285714286,-0.25324675324675316,1,0.09090909090909091,0.0,9,0.6428571428571429
32,2,Mauricio Umansky,Emma Slater,16,7.9375,0.0625,TV Personality,Unknown,Mexico,53,45-54,Eliminated Week 6,9,12.0,11,13,0.5,0.07692307692307687,-0.42307692307692313,2,0.18181818181818182,0.0,13,1.0
32,3,Mauricio Umansky,Emma Slater,16,7.9375,0.0625,TV Personality,Unknown,Mexico,53,45-54,Eliminated Week 6,9,23.0,11,12,0.6764705882352942,0.25,-0.42647058823529416,3,0.2727272727272727,0.0,10,0.8333333333333334
32,4,Mauricio Umansky,Emma Slater,16,7.9375,0.0625,TV Personality,Unknown,Mexico,53,45-54,Eliminated Week 6,9,19.0,11,11,0.7037037037037037,0.2727272727272727,-0.430976430976431,4,0.36363636363636365,0.0,9,0.8181818181818182
32,5,Mauricio Umansky,Emma Slater,16,7.9375,0.0625,TV Personality,Unknown,Mexico,53,45-54,Eliminated Week 6,9,24.0,11,10,0.8571428571428571,0.7,-0.15714285714285714,5,0.45454545454545453,0.0,4,0.4
32,6,Mauricio Umansky,Emma Slater,16,7.9375,0.0625,TV Personality,Unknown,Mexico,53,45-54,Eliminated Week 6,9,33.0,11,9,0.7857142857142857,0.4444444444444444,-0.3412698412698413,6,0.5454545454545454,0.0,6,0.6666666666666666
32,1,Mira Sorvino,Gleb Savchenko,13,8.461538461538462,0.0,Actor/Actress,New York,United States,55,55-64,Eliminated Week 5,10,17.0,11,14,0.7727272727272727,0.5714285714285714,-0.2012987012987013,1,0.09090909090909091,0.0,7,0.5
32,2,Mira Sorvino,Gleb Savchenko,13,8.461538461538462,0.0,Actor/Actress,New York,United States,55,55-64,Eliminated Week 5,10,18.0,11,13,0.75,0.5384615384615384,-0.21153846153846156,2,0.18181818181818182,0.0,7,0.5384615384615384
32,3,Mira Sorvino,Gleb Savchenko,13,8.461538461538462,0.0,Actor/Actress,New York,United States,55,55-64,Eliminated Week 5,10,26.0,11,12,0.7647058823529411,0.5833333333333333,-0.18137254901960786,3,0.2727272727272727,0.0,6,0.5
32,4,Mira Sorvino,Gleb Savchenko,13,8.461538461538462,0.0,Actor/Actress,New York,United States,55,55-64,Eliminated Week 5,10,21.0,11,11,0.7777777777777778,0.5454545454545454,-0.23232323232323238,4,0.36363636363636365,0.0,6,0.5454545454545454
32,5,Mira Sorvino,Gleb Savchenko,13,8.461538461538462,0.0,Actor/Actress,New York,United States,55,55-64,Eliminated Week 5,10,22.0,11,10,0.7857142857142857,0.30000000000000004,-0.48571428571428565,5,0.45454545454545453,0.0,8,0.8
32,1,Tyson Beckford,Jenna Johnson,9,6.444444444444445,0.4444444444444444,Model,New York,United States,52,45-54,Eliminated Week 3,12,12.0,11,14,0.5454545454545454,0.2142857142857143,-0.3311688311688311,1,0.09090909090909091,0.0,12,0.8571428571428571
32,2,Tyson Beckford,Jenna Johnson,9,6.444444444444445,0.4444444444444444,Model,New York,United States,52,45-54,Eliminated Week 3,12,18.0,11,13,0.75,0.5384615384615384,-0.21153846153846156,2,0.18181818181818182,0.0,7,0.5384615384615384
32,3,Tyson Beckford,Jenna Johnson,9,6.444444444444445,0.4444444444444444,Model,New York,United States,52,45-54,Eliminated Week 3,12,20.0,11,12,0.5882352941176471,0.08333333333333337,-0.5049019607843137,3,0.2727272727272727,0.0,12,1.0
32,1,Xochitl Gomez,Valentin Chmerkovskiy,19,5.2631578947368425,0.47368421052631576,Actor/Actress,California,United States,17,<25,1st Place,1,18.0,11,14,0.8181818181818182,0.7142857142857143,-0.10389610389610393,1,0.09090909090909091,0.0,5,0.35714285714285715
32,2,Xochitl Gomez,Valentin Chmerkovskiy,19,5.2631578947368425,0.47368421052631576,Actor/Actress,California,United States,17,<25,1st Place,1,24.0,11,13,1.0,1.0,0.0,2,0.18181818181818182,0.0,1,0.07692307692307693
32,3,Xochitl Gomez,Valentin Chmerkovskiy,19,5.2631578947368425,0.47368421052631576,Actor/Actress,California,United States,17,<25,1st Place,1,32.0,11,12,0.9411764705882353,0.8333333333333334,-0.10784313725490191,3,0.2727272727272727,0.0,3,0.25
32,4,Xochitl Gomez,Valentin Chmerkovskiy,19,5.2631578947368425,0.47368421052631576,Actor/Actress,California,United States,17,<25,1st Place,1,27.0,11,11,1.0,1.0,0.0,4,0.36363636363636365,0.0,1,0.09090909090909091
32,5,Xochitl Gomez,Valentin Chmerkovskiy,19,5.2631578947368425,0.47368421052631576,Actor/Actress,California,United States,17,<25,1st Place,1,28.0,11,10,1.0,1.0,0.0,5,0.45454545454545453,0.0,1,0.1
32,6,Xochitl Gomez,Valentin Chmerkovskiy,19,5.2631578947368425,0.47368421052631576,Actor/Actress,California,United States,17,<25,1st Place,1,42.0,11,9,1.0,1.0,0.0,6,0.5454545454545454,0.0,1,0.1111111111111111
32,7,Xochitl Gomez,Valentin Chmerkovskiy,19,5.2631578947368425,0.47368421052631576,Actor/Actress,California,United States,17,<25,1st Place,1,37.0,11,8,1.0,1.0,0.0,7,0.6363636363636364,0.0,1,0.125
32,8,Xochitl Gomez,Valentin Chmerkovskiy,19,5.2631578947368425,0.47368421052631576,Actor/Actress,California,United States,17,<25,1st Place,1,40.0,11,7,0.9523809523809523,0.8571428571428572,-0.09523809523809512,8,0.7272727272727273,0.0,2,0.2857142857142857
32,9,Xochitl Gomez,Valentin Chmerkovskiy,19,5.2631578947368425,0.47368421052631576,Actor/Actress,California,United States,17,<25,1st Place,1,41.0,11,6,0.9534883720930233,0.8333333333333334,-0.12015503875968991,9,0.8181818181818182,0.0,2,0.3333333333333333
32,10,Xochitl Gomez,Valentin Chmerkovskiy,19,5.2631578947368425,0.47368421052631576,Actor/Actress,California,United States,17,<25,1st Place,1,30.0,11,5,1.0,1.0,0.0,10,0.9090909090909091,0.0,1,0.2
32,11,Xochitl Gomez,Valentin Chmerkovskiy,19,5.2631578947368425,0.47368421052631576,Actor/Actress,California,United States,17,<25,1st Place,1,30.0,11,5,1.0,1.0,0.0,11,1.0,0.0,1,0.2
33,1,Anna Delvey,Ezra Sosa,1,12.0,0.0,Con artist,Unknown,Russia,33,25-34,Eliminated Week 2,12,18.0,9,13,0.782608695652174,0.46153846153846156,-0.3210702341137124,1,0.1111111111111111,0.0,8,0.6153846153846154
33,2,Anna Delvey,Ezra Sosa,1,12.0,0.0,Con artist,Unknown,Russia,33,25-34,Eliminated Week 2,12,17.0,9,13,0.7083333333333334,0.23076923076923073,-0.47756410256410264,2,0.2222222222222222,0.0,11,0.8461538461538461
33,1,Brooks Nader,Gleb Savchenko,13,8.461538461538462,0.0,Model,New York,United States,27,25-34,Eliminated Week 4,9,18.0,9,13,0.782608695652174,0.46153846153846156,-0.3210702341137124,1,0.1111111111111111,0.0,8,0.6153846153846154
33,2,Brooks Nader,Gleb Savchenko,13,8.461538461538462,0.0,Model,New York,United States,27,25-34,Eliminated Week 4,9,20.0,9,13,0.8333333333333334,0.46153846153846156,-0.3717948717948718,2,0.2222222222222222,0.0,8,0.6153846153846154
33,3,Brooks Nader,Gleb Savchenko,13,8.461538461538462,0.0,Model,New York,United States,27,25-34,Eliminated Week 4,9,30.5,9,11,0.8714285714285714,0.6363636363636364,-0.2350649350649351,3,0.3333333333333333,0.0,5,0.45454545454545453
33,4,Brooks Nader,Gleb Savchenko,13,8.461538461538462,0.0,Model,New York,United States,27,25-34,Eliminated Week 4,9,32.0,9,9,0.8888888888888888,0.6666666666666667,-0.2222222222222221,4,0.4444444444444444,0.0,4,0.4444444444444444
33,1,Chandler Kinney,Brandon Armstrong,8,9.125,0.125,Actor/Actress,California,United States,24,<25,3rd Place,3,23.0,9,13,1.0,1.0,0.0,1,0.1111111111111111,0.0,1,0.07692307692307693
33,2,Chandler Kinney,Brandon Armstrong,8,9.125,0.125,Actor/Actress,California,United States,24,<25,3rd Place,3,24.0,9,13,1.0,1.0,0.0,2,0.2222222222222222,0.0,1,0.07692307692307693
33,3,Chandler Kinney,Brandon Armstrong,8,9.125,0.125,Actor/Actress,California,United States,24,<25,3rd Place,3,34.5,9,11,0.9857142857142858,0.9090909090909091,-0.0766233766233767,3,0.3333333333333333,0.0,2,0.18181818181818182
33,4,Chandler Kinney,Brandon Armstrong,8,9.125,0.125,Actor/Actress,California,United States,24,<25,3rd Place,3,32.0,9,9,0.8888888888888888,0.6666666666666667,-0.2222222222222221,4,0.4444444444444444,0.0,4,0.4444444444444444
33,5,Chandler Kinney,Brandon Armstrong,8,9.125,0.125,Actor/Actress,California,United States,24,<25,3rd Place,3,27.0,9,8,1.0,1.0,0.0,5,0.5555555555555556,0.0,1,0.125
33,6,Chandler Kinney,Brandon Armstrong,8,9.125,0.125,Actor/Actress,California,United States,24,<25,3rd Place,3,32.0,9,7,1.0,1.0,0.0,6,0.6666666666666666,0.0,1,0.14285714285714285
33,7,Chandler Kinney,Brandon Armstrong,8,9.125,0.125,Actor/Actress,California,United States,24,<25,3rd Place,3,30.0,9,6,1.0,1.0,0.0,7,0.7777777777777778,0.0,1,0.16666666666666666
33,8,Chandler Kinney,Brandon Armstrong,8,9.125,0.125,Actor/Actress,California,United States,24,<25,3rd Place,3,29.0,9,5,1.0,1.0,0.0,8,0.8888888888888888,0.0,1,0.2
33,9,Chandler Kinney,Brandon Armstrong,8,9.125,0.125,Actor/Actress,California,United States,24,<25,3rd Place,3,30.0,9,5,1.0,1.0,0.0,9,1.0,0.0,1,0.2
33,1,Danny Amendola,Witney Carson,14,5.5,0.35714285714285715,Athlete,Texas,United States,39,35-44,5th Place,5,20.0,9,13,0.8695652173913043,0.6923076923076923,-0.17725752508361203,1,0.1111111111111111,0.0,5,0.38461538461538464
33,2,Danny Amendola,Witney Carson,14,5.5,0.35714285714285715,Athlete,Texas,United States,39,35-44,5th Place,5,21.0,9,13,0.875,0.6923076923076923,-0.1826923076923077,2,0.2222222222222222,0.0,5,0.38461538461538464
33,3,Danny Amendola,Witney Carson,14,5.5,0.35714285714285715,Athlete,Texas,United States,39,35-44,5th Place,5,30.0,9,11,0.8571428571428571,0.5454545454545454,-0.3116883116883117,3,0.3333333333333333,0.0,6,0.5454545454545454
33,4,Danny Amendola,Witney Carson,14,5.5,0.35714285714285715,Athlete,Texas,United States,39,35-44,5th Place,5,36.0,9,9,1.0,1.0,0.0,4,0.4444444444444444,0.0,1,0.1111111111111111
33,5,Danny Amendola,Witney Carson,14,5.5,0.35714285714285715,Athlete,Texas,United States,39,35-44,5th Place,5,25.5,9,8,0.9444444444444444,0.625,-0.3194444444444444,5,0.5555555555555556,0.0,4,0.5
33,6,Danny Amendola,Witney Carson,14,5.5,0.35714285714285715,Athlete,Texas,United States,39,35-44,5th Place,5,28.0,9,7,0.875,0.4285714285714286,-0.4464285714285714,6,0.6666666666666666,0.0,5,0.7142857142857143
33,7,Danny Amendola,Witney Carson,14,5.5,0.35714285714285715,Athlete,Texas,United States,39,35-44,5th Place,5,25.5,9,6,0.85,0.33333333333333337,-0.5166666666666666,7,0.7777777777777778,0.0,5,0.8333333333333334
33,8,Danny Amendola,Witney Carson,14,5.5,0.35714285714285715,Athlete,Texas,United States,39,35-44,5th Place,5,27.0,9,5,0.9310344827586207,0.4,-0.5310344827586206,8,0.8888888888888888,0.0,4,0.8
33,9,Danny Amendola,Witney Carson,14,5.5,0.35714285714285715,Athlete,Texas,United States,39,35-44,5th Place,5,28.0,9,5,0.9333333333333333,0.19999999999999996,-0.7333333333333334,9,1.0,0.0,5,1.0
33,1,Dwight Howard ,Daniella Karagach,5,4.6,0.6,Athlete,Georgia,United States,38,35-44,Eliminated Week 7,6,22.0,9,13,0.9565217391304348,0.9230769230769231,-0.03344481605351168,1,0.1111111111111111,0.0,2,0.15384615384615385
33,2,Dwight Howard ,Daniella Karagach,5,4.6,0.6,Athlete,Georgia,United States,38,35-44,Eliminated Week 7,6,22.0,9,13,0.9166666666666666,0.9230769230769231,0.0064102564102564985,2,0.2222222222222222,0.0,2,0.15384615384615385
33,3,Dwight Howard ,Daniella Karagach,5,4.6,0.6,Athlete,Georgia,United States,38,35-44,Eliminated Week 7,6,26.0,9,11,0.7428571428571429,0.2727272727272727,-0.4701298701298702,3,0.3333333333333333,0.0,9,0.8181818181818182
33,4,Dwight Howard ,Daniella Karagach,5,4.6,0.6,Athlete,Georgia,United States,38,35-44,Eliminated Week 7,6,29.0,9,9,0.8055555555555556,0.11111111111111116,-0.6944444444444444,4,0.4444444444444444,0.0,9,1.0
33,5,Dwight Howard ,Daniella Karagach,5,4.6,0.6,Athlete,Georgia,United States,38,35-44,Eliminated Week 7,6,24.0,9,8,0.8888888888888888,0.375,-0.5138888888888888,5,0.5555555555555556,0.0,6,0.75
33,6,Dwight Howard ,Daniella Karagach,5,4.6,0.6,Athlete,Georgia,United States,38,35-44,Eliminated Week 7,6,31.0,9,7,0.96875,0.7142857142857143,-0.2544642857142857,6,0.6666666666666666,0.0,3,0.42857142857142855
33,7,Dwight Howard ,Daniella Karagach,5,4.6,0.6,Athlete,Georgia,United States,38,35-44,Eliminated Week 7,6,24.0,9,6,0.8,0.16666666666666663,-0.6333333333333334,7,0.7777777777777778,0.0,6,1.0
33,1,Eric Roberts,Britt Stewart,6,10.0,0.0,Actor/Actress,California,United States,68,65+,Eliminated Week 3,10,15.0,9,13,0.6521739130434783,0.07692307692307687,-0.5752508361204014,1,0.1111111111111111,0.0,13,1.0
33,2,Eric Roberts,Britt Stewart,6,10.0,0.0,Actor/Actress,California,United States,68,65+,Eliminated Week 3,10,15.0,9,13,0.625,0.15384615384615385,-0.47115384615384615,2,0.2222222222222222,0.0,12,0.9230769230769231
33,3,Eric Roberts,Britt Stewart,6,10.0,0.0,Actor/Actress,California,United States,68,65+,Eliminated Week 3,10,23.0,9,11,0.6571428571428571,0.18181818181818177,-0.47532467532467537,3,0.3333333333333333,0.0,10,0.9090909090909091
33,1,Ilona Maher,Alan Bersten,9,6.111111111111111,0.2222222222222222,Athlete,California,United States,28,25-34,2nd Place,2,18.0,9,13,0.782608695652174,0.46153846153846156,-0.3210702341137124,1,0.1111111111111111,0.0,8,0.6153846153846154
33,2,Ilona Maher,Alan Bersten,9,6.111111111111111,0.2222222222222222,Athlete,California,United States,28,25-34,2nd Place,2,21.0,9,13,0.875,0.6923076923076923,-0.1826923076923077,2,0.2222222222222222,0.0,5,0.38461538461538464
33,3,Ilona Maher,Alan Bersten,9,6.111111111111111,0.2222222222222222,Athlete,California,United States,28,25-34,2nd Place,2,28.0,9,11,0.8,0.4545454545454546,-0.34545454545454546,3,0.3333333333333333,0.0,7,0.6363636363636364
33,4,Ilona Maher,Alan Bersten,9,6.111111111111111,0.2222222222222222,Athlete,California,United States,28,25-34,2nd Place,2,32.0,9,9,0.8888888888888888,0.6666666666666667,-0.2222222222222221,4,0.4444444444444444,0.0,4,0.4444444444444444
33,5,Ilona Maher,Alan Bersten,9,6.111111111111111,0.2222222222222222,Athlete,California,United States,28,25-34,2nd Place,2,26.0,9,8,0.9629629629629629,0.875,-0.08796296296296291,5,0.5555555555555556,0.0,2,0.25
33,6,Ilona Maher,Alan Bersten,9,6.111111111111111,0.2222222222222222,Athlete,California,United States,28,25-34,2nd Place,2,24.0,9,7,0.75,0.1428571428571429,-0.6071428571428571,6,0.6666666666666666,0.0,7,1.0
33,7,Ilona Maher,Alan Bersten,9,6.111111111111111,0.2222222222222222,Athlete,California,United States,28,25-34,2nd Place,2,26.0,9,6,0.8666666666666667,0.5,-0.3666666666666667,7,0.7777777777777778,0.0,4,0.6666666666666666
33,8,Ilona Maher,Alan Bersten,9,6.111111111111111,0.2222222222222222,Athlete,California,United States,28,25-34,2nd Place,2,28.5,9,5,0.9827586206896551,0.6,-0.38275862068965516,8,0.8888888888888888,0.0,3,0.6
33,9,Ilona Maher,Alan Bersten,9,6.111111111111111,0.2222222222222222,Athlete,California,United States,28,25-34,2nd Place,2,28.5,9,5,0.95,0.4,-0.5499999999999999,9,1.0,0.0,4,0.8
33,1,Jenn Tran,Sasha Farber,12,6.083333333333333,0.16666666666666666,TV Personality,Florida,United States,26,25-34,Eliminated Week 6,7,19.0,9,13,0.8260869565217391,0.6153846153846154,-0.21070234113712372,1,0.1111111111111111,0.0,6,0.46153846153846156
33,2,Jenn Tran,Sasha Farber,12,6.083333333333333,0.16666666666666666,TV Personality,Florida,United States,26,25-34,Eliminated Week 6,7,19.0,9,13,0.7916666666666666,0.3846153846153846,-0.40705128205128205,2,0.2222222222222222,0.0,9,0.6923076923076923
33,3,Jenn Tran,Sasha Farber,12,6.083333333333333,0.16666666666666666,TV Personality,Florida,United States,26,25-34,Eliminated Week 6,7,31.0,9,11,0.8857142857142857,0.8181818181818181,-0.06753246753246755,3,0.3333333333333333,0.0,3,0.2727272727272727
33,4,Jenn Tran,Sasha Farber,12,6.083333333333333,0.16666666666666666,TV Personality,Florida,United States,26,25-34,Eliminated Week 6,7,32.0,9,9,0.8888888888888888,0.6666666666666667,-0.2222222222222221,4,0.4444444444444444,0.0,4,0.4444444444444444
33,5,Jenn Tran,Sasha Farber,12,6.083333333333333,0.16666666666666666,TV Personality,Florida,United States,26,25-34,Eliminated Week 6,7,25.5,9,8,0.9444444444444444,0.625,-0.3194444444444444,5,0.5555555555555556,0.0,4,0.5
33,6,Jenn Tran,Sasha Farber,12,6.083333333333333,0.16666666666666666,TV Personality,Florida,United States,26,25-34,Eliminated Week 6,7,31.0,9,7,0.96875,0.7142857142857143,-0.2544642857142857,6,0.6666666666666666,0.0,3,0.42857142857142855
33,1,Joey Graziadei,Jenna Johnson,9,6.444444444444445,0.4444444444444444,TV Personality,Louisiana,United States,29,25-34,1st Place,1,21.0,9,13,0.9130434782608695,0.8461538461538461,-0.06688963210702337,1,0.1111111111111111,0.0,3,0.23076923076923078
33,2,Joey Graziadei,Jenna Johnson,9,6.444444444444445,0.4444444444444444,TV Personality,Louisiana,United States,29,25-34,1st Place,1,22.0,9,13,0.9166666666666666,0.9230769230769231,0.0064102564102564985,2,0.2222222222222222,0.0,2,0.15384615384615385
33,3,Joey Graziadei,Jenna Johnson,9,6.444444444444445,0.4444444444444444,TV Personality,Louisiana,United States,29,25-34,1st Place,1,35.0,9,11,1.0,1.0,0.0,3,0.3333333333333333,0.0,1,0.09090909090909091
33,4,Joey Graziadei,Jenna Johnson,9,6.444444444444445,0.4444444444444444,TV Personality,Louisiana,United States,29,25-34,1st Place,1,36.0,9,9,1.0,1.0,0.0,4,0.4444444444444444,0.0,1,0.1111111111111111
33,5,Joey Graziadei,Jenna Johnson,9,6.444444444444445,0.4444444444444444,TV Personality,Louisiana,United States,29,25-34,1st Place,1,26.0,9,8,0.9629629629629629,0.875,-0.08796296296296291,5,0.5555555555555556,0.0,2,0.25
33,6,Joey Graziadei,Jenna Johnson,9,6.444444444444445,0.4444444444444444,TV Personality,Louisiana,United States,29,25-34,1st Place,1,32.0,9,7,1.0,1.0,0.0,6,0.6666666666666666,0.0,1,0.14285714285714285
33,7,Joey Graziadei,Jenna Johnson,9,6.444444444444445,0.4444444444444444,TV Personality,Louisiana,United States,29,25-34,1st Place,1,27.5,9,6,0.9166666666666666,0.8333333333333334,-0.08333333333333326,7,0.7777777777777778,0.0,2,0.3333333333333333
33,8,Joey Graziadei,Jenna Johnson,9,6.444444444444445,0.4444444444444444,TV Personality,Louisiana,United States,29,25-34,1st Place,1,29.0,9,5,1.0,1.0,0.0,8,0.8888888888888888,0.0,1,0.2
33,9,Joey Graziadei,Jenna Johnson,9,6.444444444444445,0.4444444444444444,TV Personality,Louisiana,United States,29,25-34,1st Place,1,29.5,9,5,0.9833333333333333,0.8,-0.18333333333333324,9,1.0,0.0,2,0.4
33,1,Phaedra Parks,Val Chmerkovskiy,1,8.0,0.0,TV Personality,Georgia,United States,51,45-54,Eliminated Week 5,8,19.0,9,13,0.8260869565217391,0.6153846153846154,-0.21070234113712372,1,0.1111111111111111,0.0,6,0.46153846153846156
33,2,Phaedra Parks,Val Chmerkovskiy,1,8.0,0.0,TV Personality,Georgia,United States,51,45-54,Eliminated Week 5,8,21.0,9,13,0.875,0.6923076923076923,-0.1826923076923077,2,0.2222222222222222,0.0,5,0.38461538461538464
33,3,Phaedra Parks,Val Chmerkovskiy,1,8.0,0.0,TV Personality,Georgia,United States,51,45-54,Eliminated Week 5,8,28.0,9,11,0.8,0.4545454545454546,-0.34545454545454546,3,0.3333333333333333,0.0,7,0.6363636363636364
33,4,Phaedra Parks,Val Chmerkovskiy,1,8.0,0.0,TV Personality,Georgia,United States,51,45-54,Eliminated Week 5,8,32.0,9,9,0.8888888888888888,0.6666666666666667,-0.2222222222222221,4,0.4444444444444444,0.0,4,0.4444444444444444
33,5,Phaedra Parks,Val Chmerkovskiy,1,8.0,0.0,TV Personality,Georgia,United States,51,45-54,Eliminated Week 5,8,24.0,9,8,0.8888888888888888,0.375,-0.5138888888888888,5,0.5555555555555556,0.0,6,0.75
33,1,Reginald VelJohnson,Emma Slater,16,7.9375,0.0625,Actor/Actress,New York,United States,74,65+,Eliminated Week 3,10,16.0,9,13,0.6956521739130435,0.15384615384615385,-0.5418060200668896,1,0.1111111111111111,0.0,12,0.9230769230769231
33,2,Reginald VelJohnson,Emma Slater,16,7.9375,0.0625,Actor/Actress,New York,United States,74,65+,Eliminated Week 3,10,15.0,9,13,0.625,0.15384615384615385,-0.47115384615384615,2,0.2222222222222222,0.0,12,0.9230769230769231
33,3,Reginald VelJohnson,Emma Slater,16,7.9375,0.0625,Actor/Actress,New York,United States,74,65+,Eliminated Week 3,10,21.0,9,11,0.6,0.09090909090909094,-0.509090909090909,3,0.3333333333333333,0.0,11,1.0
33,1,Stephen Nedoroscik,Rylee Arnold,3,6.666666666666667,0.0,Athlete,Florida,United States,26,25-34,4th Place,4,21.0,9,13,0.9130434782608695,0.8461538461538461,-0.06688963210702337,1,0.1111111111111111,0.0,3,0.23076923076923078
33,2,Stephen Nedoroscik,Rylee Arnold,3,6.666666666666667,0.0,Athlete,Florida,United States,26,25-34,4th Place,4,22.0,9,13,0.9166666666666666,0.9230769230769231,0.0064102564102564985,2,0.2222222222222222,0.0,2,0.15384615384615385
33,3,Stephen Nedoroscik,Rylee Arnold,3,6.666666666666667,0.0,Athlete,Florida,United States,26,25-34,4th Place,4,31.0,9,11,0.8857142857142857,0.8181818181818181,-0.06753246753246755,3,0.3333333333333333,0.0,3,0.2727272727272727
33,4,Stephen Nedoroscik,Rylee Arnold,3,6.666666666666667,0.0,Athlete,Florida,United States,26,25-34,4th Place,4,33.0,9,9,0.9166666666666666,0.7777777777777778,-0.13888888888888884,4,0.4444444444444444,0.0,3,0.3333333333333333
33,5,Stephen Nedoroscik,Rylee Arnold,3,6.666666666666667,0.0,Athlete,Florida,United States,26,25-34,4th Place,4,24.0,9,8,0.8888888888888888,0.375,-0.5138888888888888,5,0.5555555555555556,0.0,6,0.75
33,6,Stephen Nedoroscik,Rylee Arnold,3,6.666666666666667,0.0,Athlete,Florida,United States,26,25-34,4th Place,4,28.0,9,7,0.875,0.4285714285714286,-0.4464285714285714,6,0.6666666666666666,0.0,5,0.7142857142857143
33,7,Stephen Nedoroscik,Rylee Arnold,3,6.666666666666667,0.0,Athlete,Florida,United States,26,25-34,4th Place,4,27.0,9,6,0.9,0.6666666666666667,-0.23333333333333328,7,0.7777777777777778,0.0,3,0.5
33,8,Stephen Nedoroscik,Rylee Arnold,3,6.666666666666667,0.0,Athlete,Florida,United States,26,25-34,4th Place,4,26.5,9,5,0.9137931034482759,0.19999999999999996,-0.713793103448276,8,0.8888888888888888,0.0,5,1.0
33,9,Stephen Nedoroscik,Rylee Arnold,3,6.666666666666667,0.0,Athlete,Florida,United States,26,25-34,4th Place,4,29.5,9,5,0.9833333333333333,0.8,-0.18333333333333324,9,1.0,0.0,2,0.4
33,1,Tori Spelling,Pasha Pashkov,7,10.428571428571429,0.14285714285714285,Actor/Actress,California,United States,51,45-54,Eliminated Week 2,12,17.0,9,13,0.7391304347826086,0.23076923076923073,-0.5083612040133779,1,0.1111111111111111,0.0,11,0.8461538461538461
33,2,Tori Spelling,Pasha Pashkov,7,10.428571428571429,0.14285714285714285,Actor/Actress,California,United States,51,45-54,Eliminated Week 2,12,19.0,9,13,0.7916666666666666,0.3846153846153846,-0.40705128205128205,2,0.2222222222222222,0.0,9,0.6923076923076923
34,1,Alix Earle,Val Chmerkovskiy (Joey Graziadei week 9),1,2.0,1.0,Social media personality,Florida,United States,24,<25,2nd Place,2,13.0,11,14,0.8666666666666667,0.7857142857142857,-0.080952380952381,1,0.09090909090909091,0.0,4,0.2857142857142857
34,2,Alix Earle,Val Chmerkovskiy (Joey Graziadei week 9),1,2.0,1.0,Social media personality,Florida,United States,24,<25,2nd Place,2,21.0,11,14,0.9545454545454546,0.7142857142857143,-0.24025974025974028,2,0.18181818181818182,0.0,5,0.35714285714285715
34,3,Alix Earle,Val Chmerkovskiy (Joey Graziadei week 9),1,2.0,1.0,Social media personality,Florida,United States,24,<25,2nd Place,2,23.0,11,12,0.9583333333333334,0.8333333333333334,-0.125,3,0.2727272727272727,0.0,3,0.25
34,4,Alix Earle,Val Chmerkovskiy (Joey Graziadei week 9),1,2.0,1.0,Social media personality,Florida,United States,24,<25,2nd Place,2,24.0,11,11,0.96,0.9090909090909091,-0.050909090909090904,4,0.36363636363636365,0.0,2,0.18181818181818182
34,5,Alix Earle,Val Chmerkovskiy (Joey Graziadei week 9),1,2.0,1.0,Social media personality,Florida,United States,24,<25,2nd Place,2,35.0,11,10,0.9722222222222222,0.9,-0.07222222222222219,5,0.45454545454545453,0.0,2,0.2
34,6,Alix Earle,Val Chmerkovskiy (Joey Graziadei week 9),1,2.0,1.0,Social media personality,Florida,United States,24,<25,2nd Place,2,35.0,11,10,0.8974358974358975,0.5,-0.39743589743589747,6,0.5454545454545454,0.0,6,0.6
34,7,Alix Earle,Val Chmerkovskiy (Joey Graziadei week 9),1,2.0,1.0,Social media personality,Florida,United States,24,<25,2nd Place,2,43.0,11,9,1.0,1.0,0.0,7,0.6363636363636364,0.0,1,0.1111111111111111
34,8,Alix Earle,Val Chmerkovskiy (Joey Graziadei week 9),1,2.0,1.0,Social media personality,Florida,United States,24,<25,2nd Place,2,38.5,11,8,0.9746835443037974,0.75,-0.22468354430379744,8,0.7272727272727273,0.0,3,0.375
34,9,Alix Earle,Val Chmerkovskiy (Joey Graziadei week 9),1,2.0,1.0,Social media personality,Florida,United States,24,<25,2nd Place,2,40.0,11,7,0.9523809523809523,0.5714285714285714,-0.38095238095238093,9,0.8181818181818182,0.0,4,0.5714285714285714
34,10,Alix Earle,Val Chmerkovskiy (Joey Graziadei week 9),1,2.0,1.0,Social media personality,Florida,United States,24,<25,2nd Place,2,29.0,11,6,0.9830508474576272,0.8333333333333334,-0.1497175141242938,10,0.9090909090909091,0.0,2,0.3333333333333333
34,11,Alix Earle,Val Chmerkovskiy (Joey Graziadei week 9),1,2.0,1.0,Social media personality,Florida,United States,24,<25,2nd Place,2,30.0,11,5,1.0,1.0,0.0,11,1.0,0.0,1,0.2
34,1,Andy Richter,Emma Slater/Kaitlyn Bristowe (week 9),1,7.0,0.0,Comedian,California,United States,59,55-64,Eliminated Week 9,7,9.0,11,14,0.6,0.1428571428571429,-0.4571428571428571,1,0.09090909090909091,0.0,13,0.9285714285714286
34,2,Andy Richter,Emma Slater/Kaitlyn Bristowe (week 9),1,7.0,0.0,Comedian,California,United States,59,55-64,Eliminated Week 9,7,16.0,11,14,0.7272727272727273,0.1428571428571429,-0.5844155844155844,2,0.18181818181818182,0.0,13,0.9285714285714286
34,3,Andy Richter,Emma Slater/Kaitlyn Bristowe (week 9),1,7.0,0.0,Comedian,California,United States,59,55-64,Eliminated Week 9,7,18.0,11,12,0.75,0.16666666666666663,-0.5833333333333334,3,0.2727272727272727,0.0,11,0.9166666666666666
34,4,Andy Richter,Emma Slater/Kaitlyn Bristowe (week 9),1,7.0,0.0,Comedian,California,United States,59,55-64,Eliminated Week 9,7,18.0,11,11,0.72,0.09090909090909094,-0.629090909090909,4,0.36363636363636365,0.0,11,1.0
34,5,Andy Richter,Emma Slater/Kaitlyn Bristowe (week 9),1,7.0,0.0,Comedian,California,United States,59,55-64,Eliminated Week 9,7,24.0,11,10,0.6666666666666666,0.09999999999999998,-0.5666666666666667,5,0.45454545454545453,0.0,10,1.0
34,6,Andy Richter,Emma Slater/Kaitlyn Bristowe (week 9),1,7.0,0.0,Comedian,California,United States,59,55-64,Eliminated Week 9,7,27.0,11,10,0.6923076923076923,0.09999999999999998,-0.5923076923076923,6,0.5454545454545454,0.0,10,1.0
34,7,Andy Richter,Emma Slater/Kaitlyn Bristowe (week 9),1,7.0,0.0,Comedian,California,United States,59,55-64,Eliminated Week 9,7,29.0,11,9,0.6744186046511628,0.11111111111111116,-0.5633074935400516,7,0.6363636363636364,0.0,9,1.0
34,8,Andy Richter,Emma Slater/Kaitlyn Bristowe (week 9),1,7.0,0.0,Comedian,California,United States,59,55-64,Eliminated Week 9,7,34.0,11,8,0.8607594936708861,0.125,-0.7357594936708861,8,0.7272727272727273,0.0,8,1.0
34,9,Andy Richter,Emma Slater/Kaitlyn Bristowe (week 9),1,7.0,0.0,Comedian,California,United States,59,55-64,Eliminated Week 9,7,29.0,11,7,0.6904761904761905,0.1428571428571429,-0.5476190476190476,9,0.8181818181818182,0.0,7,1.0
34,1,Baron Davis,Britt Stewart,6,10.0,0.0,Athlete,California,United States,46,45-54,Eliminated Week 2,13,10.0,11,14,0.6666666666666666,0.4285714285714286,-0.23809523809523803,1,0.09090909090909091,0.0,9,0.6428571428571429
34,2,Baron Davis,Britt Stewart,6,10.0,0.0,Athlete,California,United States,46,45-54,Eliminated Week 2,13,18.0,11,14,0.8181818181818182,0.2857142857142857,-0.5324675324675325,2,0.18181818181818182,0.0,11,0.7857142857142857
34,1,Corey Feldman,Jenna Johnson,9,6.444444444444445,0.4444444444444444,Actor/Actress,California,United States,54,45-54,Eliminated Week 2,13,9.0,11,14,0.6,0.1428571428571429,-0.4571428571428571,1,0.09090909090909091,0.0,13,0.9285714285714286
34,2,Corey Feldman,Jenna Johnson,9,6.444444444444445,0.4444444444444444,Actor/Actress,California,United States,54,45-54,Eliminated Week 2,13,15.0,11,14,0.6818181818181818,0.0714285714285714,-0.6103896103896104,2,0.18181818181818182,0.0,14,1.0
34,1,Danielle Fishel,Pasha Pashkov,7,10.428571428571429,0.14285714285714285,Actor/Actress,California,United States,44,35-44,Eliminated Week 8,8,12.0,11,14,0.8,0.6428571428571428,-0.15714285714285725,1,0.09090909090909091,0.0,6,0.42857142857142855
34,2,Danielle Fishel,Pasha Pashkov,7,10.428571428571429,0.14285714285714285,Actor/Actress,California,United States,44,35-44,Eliminated Week 8,8,19.0,11,14,0.8636363636363636,0.3571428571428571,-0.5064935064935066,2,0.18181818181818182,0.0,10,0.7142857142857143
34,3,Danielle Fishel,Pasha Pashkov,7,10.428571428571429,0.14285714285714285,Actor/Actress,California,United States,44,35-44,Eliminated Week 8,8,21.0,11,12,0.875,0.41666666666666663,-0.45833333333333337,3,0.2727272727272727,0.0,8,0.6666666666666666
34,4,Danielle Fishel,Pasha Pashkov,7,10.428571428571429,0.14285714285714285,Actor/Actress,California,United States,44,35-44,Eliminated Week 8,8,21.0,11,11,0.84,0.2727272727272727,-0.5672727272727273,4,0.36363636363636365,0.0,9,0.8181818181818182
34,5,Danielle Fishel,Pasha Pashkov,7,10.428571428571429,0.14285714285714285,Actor/Actress,California,United States,44,35-44,Eliminated Week 8,8,29.0,11,10,0.8055555555555556,0.30000000000000004,-0.5055555555555555,5,0.45454545454545453,0.0,8,0.8
34,6,Danielle Fishel,Pasha Pashkov,7,10.428571428571429,0.14285714285714285,Actor/Actress,California,United States,44,35-44,Eliminated Week 8,8,36.0,11,10,0.9230769230769231,0.8,-0.12307692307692308,6,0.5454545454545454,0.0,3,0.3
34,7,Danielle Fishel,Pasha Pashkov,7,10.428571428571429,0.14285714285714285,Actor/Actress,California,United States,44,35-44,Eliminated Week 8,8,35.0,11,9,0.813953488372093,0.4444444444444444,-0.3695090439276486,7,0.6363636363636364,0.0,6,0.6666666666666666
34,8,Danielle Fishel,Pasha Pashkov,7,10.428571428571429,0.14285714285714285,Actor/Actress,California,United States,44,35-44,Eliminated Week 8,8,37.0,11,8,0.9367088607594937,0.25,-0.6867088607594937,8,0.7272727272727273,0.0,7,0.875
34,1,Dylan Efron,Daniella Karagach (Rumer Willis week 9),1,4.0,0.0,TV Personality,California,United States,33,25-34,4th Place,4,10.0,11,14,0.6666666666666666,0.4285714285714286,-0.23809523809523803,1,0.09090909090909091,0.0,9,0.6428571428571429
34,2,Dylan Efron,Daniella Karagach (Rumer Willis week 9),1,4.0,0.0,TV Personality,California,United States,33,25-34,4th Place,4,20.0,11,14,0.9090909090909091,0.4285714285714286,-0.48051948051948046,2,0.18181818181818182,0.0,9,0.6428571428571429
34,3,Dylan Efron,Daniella Karagach (Rumer Willis week 9),1,4.0,0.0,TV Personality,California,United States,33,25-34,4th Place,4,23.0,11,12,0.9583333333333334,0.8333333333333334,-0.125,3,0.2727272727272727,0.0,3,0.25
34,4,Dylan Efron,Daniella Karagach (Rumer Willis week 9),1,4.0,0.0,TV Personality,California,United States,33,25-34,4th Place,4,23.0,11,11,0.92,0.6363636363636364,-0.2836363636363637,4,0.36363636363636365,0.0,5,0.45454545454545453
34,5,Dylan Efron,Daniella Karagach (Rumer Willis week 9),1,4.0,0.0,TV Personality,California,United States,33,25-34,4th Place,4,36.0,11,10,1.0,1.0,0.0,5,0.45454545454545453,0.0,1,0.1
34,6,Dylan Efron,Daniella Karagach (Rumer Willis week 9),1,4.0,0.0,TV Personality,California,United States,33,25-34,4th Place,4,32.0,11,10,0.8205128205128205,0.4,-0.42051282051282046,6,0.5454545454545454,0.0,7,0.7
34,7,Dylan Efron,Daniella Karagach (Rumer Willis week 9),1,4.0,0.0,TV Personality,California,United States,33,25-34,4th Place,4,38.0,11,9,0.8837209302325582,0.6666666666666667,-0.21705426356589141,7,0.6363636363636364,0.0,4,0.4444444444444444
34,8,Dylan Efron,Daniella Karagach (Rumer Willis week 9),1,4.0,0.0,TV Personality,California,United States,33,25-34,4th Place,4,38.0,11,8,0.9620253164556962,0.625,-0.3370253164556962,8,0.7272727272727273,0.0,4,0.5
34,9,Dylan Efron,Daniella Karagach (Rumer Willis week 9),1,4.0,0.0,TV Personality,California,United States,33,25-34,4th Place,4,42.0,11,7,1.0,1.0,0.0,9,0.8181818181818182,0.0,1,0.14285714285714285
34,10,Dylan Efron,Daniella Karagach (Rumer Willis week 9),1,4.0,0.0,TV Personality,California,United States,33,25-34,4th Place,4,27.5,11,6,0.9322033898305084,0.16666666666666663,-0.7655367231638418,10,0.9090909090909091,0.0,6,1.0
34,11,Dylan Efron,Daniella Karagach (Rumer Willis week 9),1,4.0,0.0,TV Personality,California,United States,33,25-34,4th Place,4,29.3332,11,5,0.9777733333333334,0.4,-0.5777733333333334,11,1.0,0.0,4,0.8
34,1,Elaine Hendrix,Alan Bersten (Rashad Jennings week 9),1,5.0,0.0,Actor/Actress,Georgia,United States,55,55-64,5th Place,5,12.0,11,14,0.8,0.6428571428571428,-0.15714285714285725,1,0.09090909090909091,0.0,6,0.42857142857142855
34,2,Elaine Hendrix,Alan Bersten (Rashad Jennings week 9),1,5.0,0.0,Actor/Actress,Georgia,United States,55,55-64,5th Place,5,21.0,11,14,0.9545454545454546,0.7142857142857143,-0.24025974025974028,2,0.18181818181818182,0.0,5,0.35714285714285715
34,3,Elaine Hendrix,Alan Bersten (Rashad Jennings week 9),1,5.0,0.0,Actor/Actress,Georgia,United States,55,55-64,5th Place,5,21.0,11,12,0.875,0.41666666666666663,-0.45833333333333337,3,0.2727272727272727,0.0,8,0.6666666666666666
34,4,Elaine Hendrix,Alan Bersten (Rashad Jennings week 9),1,5.0,0.0,Actor/Actress,Georgia,United States,55,55-64,5th Place,5,24.0,11,11,0.96,0.9090909090909091,-0.050909090909090904,4,0.36363636363636365,0.0,2,0.18181818181818182
34,5,Elaine Hendrix,Alan Bersten (Rashad Jennings week 9),1,5.0,0.0,Actor/Actress,Georgia,United States,55,55-64,5th Place,5,30.0,11,10,0.8333333333333334,0.5,-0.33333333333333337,5,0.45454545454545453,0.0,6,0.6
34,6,Elaine Hendrix,Alan Bersten (Rashad Jennings week 9),1,5.0,0.0,Actor/Actress,Georgia,United States,55,55-64,5th Place,5,36.0,11,10,0.9230769230769231,0.8,-0.12307692307692308,6,0.5454545454545454,0.0,3,0.3
34,7,Elaine Hendrix,Alan Bersten (Rashad Jennings week 9),1,5.0,0.0,Actor/Actress,Georgia,United States,55,55-64,5th Place,5,32.0,11,9,0.7441860465116279,0.2222222222222222,-0.5219638242894057,7,0.6363636363636364,0.0,8,0.8888888888888888
34,8,Elaine Hendrix,Alan Bersten (Rashad Jennings week 9),1,5.0,0.0,Actor/Actress,Georgia,United States,55,55-64,5th Place,5,37.5,11,8,0.9493670886075949,0.375,-0.5743670886075949,8,0.7272727272727273,0.0,6,0.75
34,9,Elaine Hendrix,Alan Bersten (Rashad Jennings week 9),1,5.0,0.0,Actor/Actress,Georgia,United States,55,55-64,5th Place,5,36.0,11,7,0.8571428571428571,0.2857142857142857,-0.5714285714285714,9,0.8181818181818182,0.0,6,0.8571428571428571
34,10,Elaine Hendrix,Alan Bersten (Rashad Jennings week 9),1,5.0,0.0,Actor/Actress,Georgia,United States,55,55-64,5th Place,5,28.5,11,6,0.9661016949152542,0.5,-0.4661016949152542,10,0.9090909090909091,0.0,4,0.6666666666666666
34,11,Elaine Hendrix,Alan Bersten (Rashad Jennings week 9),1,5.0,0.0,Actor/Actress,Georgia,United States,55,55-64,5th Place,5,28.9998,11,5,0.96666,0.19999999999999996,-0.76666,11,1.0,0.0,5,1.0
34,1,Hilaria Baldwin,Gleb Savchenko,13,8.461538461538462,0.0,Entrepreneur,New York,United States,41,35-44,Eliminated Week 4,11,14.0,11,14,0.9333333333333333,0.8571428571428572,-0.07619047619047614,1,0.09090909090909091,0.0,3,0.21428571428571427
34,2,Hilaria Baldwin,Gleb Savchenko,13,8.461538461538462,0.0,Entrepreneur,New York,United States,41,35-44,Eliminated Week 4,11,21.0,11,14,0.9545454545454546,0.7142857142857143,-0.24025974025974028,2,0.18181818181818182,0.0,5,0.35714285714285715
34,3,Hilaria Baldwin,Gleb Savchenko,13,8.461538461538462,0.0,Entrepreneur,New York,United States,41,35-44,Eliminated Week 4,11,22.0,11,12,0.9166666666666666,0.6666666666666667,-0.2499999999999999,3,0.2727272727272727,0.0,5,0.4166666666666667
34,4,Hilaria Baldwin,Gleb Savchenko,13,8.461538461538462,0.0,Entrepreneur,New York,United States,41,35-44,Eliminated Week 4,11,23.0,11,11,0.92,0.6363636363636364,-0.2836363636363637,4,0.36363636363636365,0.0,5,0.45454545454545453
34,1,Jen Affleck,Jan Ravnik,1,9.0,0.0,TV Personality,Utah,United States,26,25-34,Eliminated Week 7,9,12.0,11,14,0.8,0.6428571428571428,-0.15714285714285725,1,0.09090909090909091,0.0,6,0.42857142857142855
34,2,Jen Affleck,Jan Ravnik,1,9.0,0.0,TV Personality,Utah,United States,26,25-34,Eliminated Week 7,9,22.0,11,14,1.0,1.0,0.0,2,0.18181818181818182,0.0,1,0.07142857142857142
34,3,Jen Affleck,Jan Ravnik,1,9.0,0.0,TV Personality,Utah,United States,26,25-34,Eliminated Week 7,9,19.0,11,12,0.7916666666666666,0.25,-0.5416666666666666,3,0.2727272727272727,0.0,10,0.8333333333333334
34,4,Jen Affleck,Jan Ravnik,1,9.0,0.0,TV Personality,Utah,United States,26,25-34,Eliminated Week 7,9,23.0,11,11,0.92,0.6363636363636364,-0.2836363636363637,4,0.36363636363636365,0.0,5,0.45454545454545453
34,5,Jen Affleck,Jan Ravnik,1,9.0,0.0,TV Personality,Utah,United States,26,25-34,Eliminated Week 7,9,29.0,11,10,0.8055555555555556,0.30000000000000004,-0.5055555555555555,5,0.45454545454545453,0.0,8,0.8
34,6,Jen Affleck,Jan Ravnik,1,9.0,0.0,TV Personality,Utah,United States,26,25-34,Eliminated Week 7,9,32.0,11,10,0.8205128205128205,0.4,-0.42051282051282046,6,0.5454545454545454,0.0,7,0.7
34,7,Jen Affleck,Jan Ravnik,1,9.0,0.0,TV Personality,Utah,United States,26,25-34,Eliminated Week 7,9,34.0,11,9,0.7906976744186046,0.33333333333333337,-0.45736434108527124,7,0.6363636363636364,0.0,7,0.7777777777777778
34,1,Jordan Chiles,Ezra Sosa (Apolo Anton Ohno week 9),1,3.0,1.0,Athlete,Texas,United States,24,<25,3rd Place,3,10.0,11,14,0.6666666666666666,0.4285714285714286,-0.23809523809523803,1,0.09090909090909091,0.0,9,0.6428571428571429
34,2,Jordan Chiles,Ezra Sosa (Apolo Anton Ohno week 9),1,3.0,1.0,Athlete,Texas,United States,24,<25,3rd Place,3,22.0,11,14,1.0,1.0,0.0,2,0.18181818181818182,0.0,1,0.07142857142857142
34,3,Jordan Chiles,Ezra Sosa (Apolo Anton Ohno week 9),1,3.0,1.0,Athlete,Texas,United States,24,<25,3rd Place,3,24.0,11,12,1.0,1.0,0.0,3,0.2727272727272727,0.0,1,0.08333333333333333
34,4,Jordan Chiles,Ezra Sosa (Apolo Anton Ohno week 9),1,3.0,1.0,Athlete,Texas,United States,24,<25,3rd Place,3,24.0,11,11,0.96,0.9090909090909091,-0.050909090909090904,4,0.36363636363636365,0.0,2,0.18181818181818182
34,5,Jordan Chiles,Ezra Sosa (Apolo Anton Ohno week 9),1,3.0,1.0,Athlete,Texas,United States,24,<25,3rd Place,3,32.0,11,10,0.8888888888888888,0.6,-0.28888888888888886,5,0.45454545454545453,0.0,5,0.5
34,6,Jordan Chiles,Ezra Sosa (Apolo Anton Ohno week 9),1,3.0,1.0,Athlete,Texas,United States,24,<25,3rd Place,3,39.0,11,10,1.0,1.0,0.0,6,0.5454545454545454,0.0,1,0.1
34,7,Jordan Chiles,Ezra Sosa (Apolo Anton Ohno week 9),1,3.0,1.0,Athlete,Texas,United States,24,<25,3rd Place,3,38.0,11,9,0.8837209302325582,0.6666666666666667,-0.21705426356589141,7,0.6363636363636364,0.0,4,0.4444444444444444
34,8,Jordan Chiles,Ezra Sosa (Apolo Anton Ohno week 9),1,3.0,1.0,Athlete,Texas,United States,24,<25,3rd Place,3,39.0,11,8,0.9873417721518988,0.875,-0.11234177215189878,8,0.7272727272727273,0.0,2,0.25
34,9,Jordan Chiles,Ezra Sosa (Apolo Anton Ohno week 9),1,3.0,1.0,Athlete,Texas,United States,24,<25,3rd Place,3,39.0,11,7,0.9285714285714286,0.4285714285714286,-0.5,9,0.8181818181818182,0.0,5,0.7142857142857143
34,10,Jordan Chiles,Ezra Sosa (Apolo Anton Ohno week 9),1,3.0,1.0,Athlete,Texas,United States,24,<25,3rd Place,3,28.5,11,6,0.9661016949152542,0.5,-0.4661016949152542,10,0.9090909090909091,0.0,4,0.6666666666666666
34,11,Jordan Chiles,Ezra Sosa (Apolo Anton Ohno week 9),1,3.0,1.0,Athlete,Texas,United States,24,<25,3rd Place,3,29.666600000000003,11,5,0.9888866666666668,0.8,-0.18888666666666676,11,1.0,0.0,2,0.4
34,1,Lauren Jauregui,Brandon Armstrong,8,9.125,0.125,Singer/Rapper,Florida,United States,29,25-34,Eliminated Week 3,12,13.0,11,14,0.8666666666666667,0.7857142857142857,-0.080952380952381,1,0.09090909090909091,0.0,4,0.2857142857142857
34,2,Lauren Jauregui,Brandon Armstrong,8,9.125,0.125,Singer/Rapper,Florida,United States,29,25-34,Eliminated Week 3,12,21.0,11,14,0.9545454545454546,0.7142857142857143,-0.24025974025974028,2,0.18181818181818182,0.0,5,0.35714285714285715
34,3,Lauren Jauregui,Brandon Armstrong,8,9.125,0.125,Singer/Rapper,Florida,United States,29,25-34,Eliminated Week 3,12,18.0,11,12,0.75,0.16666666666666663,-0.5833333333333334,3,0.2727272727272727,0.0,11,0.9166666666666666
34,1,Robert Irwin,Witney Carson (Xoshitl Gomez week 9),1,1.0,1.0,Conservationist,Unknown,Australia,22,<25,1st Place,1,15.0,11,14,1.0,1.0,0.0,1,0.09090909090909091,0.0,1,0.07142857142857142
34,2,Robert Irwin,Witney Carson (Xoshitl Gomez week 9),1,1.0,1.0,Conservationist,Unknown,Australia,22,<25,1st Place,1,22.0,11,14,1.0,1.0,0.0,2,0.18181818181818182,0.0,1,0.07142857142857142
34,3,Robert Irwin,Witney Carson (Xoshitl Gomez week 9),1,1.0,1.0,Conservationist,Unknown,Australia,22,<25,1st Place,1,22.0,11,12,0.9166666666666666,0.6666666666666667,-0.2499999999999999,3,0.2727272727272727,0.0,5,0.4166666666666667
34,4,Robert Irwin,Witney Carson (Xoshitl Gomez week 9),1,1.0,1.0,Conservationist,Unknown,Australia,22,<25,1st Place,1,22.0,11,11,0.88,0.36363636363636365,-0.5163636363636364,4,0.36363636363636365,0.0,8,0.7272727272727273
34,5,Robert Irwin,Witney Carson (Xoshitl Gomez week 9),1,1.0,1.0,Conservationist,Unknown,Australia,22,<25,1st Place,1,35.0,11,10,0.9722222222222222,0.9,-0.07222222222222219,5,0.45454545454545453,0.0,2,0.2
34,6,Robert Irwin,Witney Carson (Xoshitl Gomez week 9),1,1.0,1.0,Conservationist,Unknown,Australia,22,<25,1st Place,1,36.0,11,10,0.9230769230769231,0.8,-0.12307692307692308,6,0.5454545454545454,0.0,3,0.3
34,7,Robert Irwin,Witney Carson (Xoshitl Gomez week 9),1,1.0,1.0,Conservationist,Unknown,Australia,22,<25,1st Place,1,41.0,11,9,0.9534883720930233,0.7777777777777778,-0.1757105943152455,7,0.6363636363636364,0.0,3,0.3333333333333333
34,8,Robert Irwin,Witney Carson (Xoshitl Gomez week 9),1,1.0,1.0,Conservationist,Unknown,Australia,22,<25,1st Place,1,38.0,11,8,0.9620253164556962,0.625,-0.3370253164556962,8,0.7272727272727273,0.0,4,0.5
34,9,Robert Irwin,Witney Carson (Xoshitl Gomez week 9),1,1.0,1.0,Conservationist,Unknown,Australia,22,<25,1st Place,1,42.0,11,7,1.0,1.0,0.0,9,0.8181818181818182,0.0,1,0.14285714285714285
34,10,Robert Irwin,Witney Carson (Xoshitl Gomez week 9),1,1.0,1.0,Conservationist,Unknown,Australia,22,<25,1st Place,1,29.5,11,6,1.0,1.0,0.0,10,0.9090909090909091,0.0,1,0.16666666666666666
34,11,Robert Irwin,Witney Carson (Xoshitl Gomez week 9),1,1.0,1.0,Conservationist,Unknown,Australia,22,<25,1st Place,1,29.666600000000003,11,5,0.9888866666666668,0.8,-0.18888666666666676,11,1.0,0.0,2,0.4
34,1,Scott Hoying,Rylee Arnold,3,6.666666666666667,0.0,Singer/Rapper,California,United States,34,25-34,Eliminated Week 6,10,10.0,11,14,0.6666666666666666,0.4285714285714286,-0.23809523809523803,1,0.09090909090909091,0.0,9,0.6428571428571429
34,2,Scott Hoying,Rylee Arnold,3,6.666666666666667,0.0,Singer/Rapper,California,United States,34,25-34,Eliminated Week 6,10,18.0,11,14,0.8181818181818182,0.2857142857142857,-0.5324675324675325,2,0.18181818181818182,0.0,11,0.7857142857142857
34,3,Scott Hoying,Rylee Arnold,3,6.666666666666667,0.0,Singer/Rapper,California,United States,34,25-34,Eliminated Week 6,10,22.0,11,12,0.9166666666666666,0.6666666666666667,-0.2499999999999999,3,0.2727272727272727,0.0,5,0.4166666666666667
34,4,Scott Hoying,Rylee Arnold,3,6.666666666666667,0.0,Singer/Rapper,California,United States,34,25-34,Eliminated Week 6,10,21.0,11,11,0.84,0.2727272727272727,-0.5672727272727273,4,0.36363636363636365,0.0,9,0.8181818181818182
34,5,Scott Hoying,Rylee Arnold,3,6.666666666666667,0.0,Singer/Rapper,California,United States,34,25-34,Eliminated Week 6,10,30.0,11,10,0.8333333333333334,0.5,-0.33333333333333337,5,0.45454545454545453,0.0,6,0.6
34,6,Scott Hoying,Rylee Arnold,3,6.666666666666667,0.0,Singer/Rapper,California,United States,34,25-34,Eliminated Week 6,10,28.0,11,10,0.717948717948718,0.19999999999999996,-0.517948717948718,6,0.5454545454545454,0.0,9,0.9
34,1,Whitney Leavitt,Mark Ballas,21,5.190476190476191,0.47619047619047616,TV Personality,Utah,United States,32,25-34,Eliminated Week 10,6,15.0,11,14,1.0,1.0,0.0,1,0.09090909090909091,0.0,1,0.07142857142857142
34,2,Whitney Leavitt,Mark Ballas,21,5.190476190476191,0.47619047619047616,TV Personality,Utah,United States,32,25-34,Eliminated Week 10,6,22.0,11,14,1.0,1.0,0.0,2,0.18181818181818182,0.0,1,0.07142857142857142
34,3,Whitney Leavitt,Mark Ballas,21,5.190476190476191,0.47619047619047616,TV Personality,Utah,United States,32,25-34,Eliminated Week 10,6,24.0,11,12,1.0,1.0,0.0,3,0.2727272727272727,0.0,1,0.08333333333333333
34,4,Whitney Leavitt,Mark Ballas,21,5.190476190476191,0.47619047619047616,TV Personality,Utah,United States,32,25-34,Eliminated Week 10,6,25.0,11,11,1.0,1.0,0.0,4,0.36363636363636365,0.0,1,0.09090909090909091
34,5,Whitney Leavitt,Mark Ballas,21,5.190476190476191,0.47619047619047616,TV Personality,Utah,United States,32,25-34,Eliminated Week 10,6,33.0,11,10,0.9166666666666666,0.7,-0.21666666666666667,5,0.45454545454545453,0.0,4,0.4
34,6,Whitney Leavitt,Mark Ballas,21,5.190476190476191,0.47619047619047616,TV Personality,Utah,United States,32,25-34,Eliminated Week 10,6,39.0,11,10,1.0,1.0,0.0,6,0.5454545454545454,0.0,1,0.1
34,7,Whitney Leavitt,Mark Ballas,21,5.190476190476191,0.47619047619047616,TV Personality,Utah,United States,32,25-34,Eliminated Week 10,6,42.0,11,9,0.9767441860465116,0.8888888888888888,-0.08785529715762275,7,0.6363636363636364,0.0,2,0.2222222222222222
34,8,Whitney Leavitt,Mark Ballas,21,5.190476190476191,0.47619047619047616,TV Personality,Utah,United States,32,25-34,Eliminated Week 10,6,39.5,11,8,1.0,1.0,0.0,8,0.7272727272727273,0.0,1,0.125
34,9,Whitney Leavitt,Mark Ballas,21,5.190476190476191,0.47619047619047616,TV Personality,Utah,United States,32,25-34,Eliminated Week 10,6,42.0,11,7,1.0,1.0,0.0,9,0.8181818181818182,0.0,1,0.14285714285714285
34,10,Whitney Leavitt,Mark Ballas,21,5.190476190476191,0.47619047619047616,TV Personality,Utah,United States,32,25-34,Eliminated Week 10,6,29.0,11,6,0.9830508474576272,0.8333333333333334,-0.1497175141242938,10,0.9090909090909091,0.0,2,0.3333333333333333
