season,week,celebrity_name,ballroom_partner,partner_total_seasons,partner_avg_placement,partner_final_rate,celebrity_industry,celebrity_homestate,celebrity_homecountry/region,celebrity_age_during_season,age_group,results,placement,week_total_judge,season_total_weeks,weekly_contestant_count,weekly_sum_judge,judge_pct,judge_share,rank_pct,popularity_deviation,judge_rank_interaction,judge_popularity_interaction,rank_popularity_interaction,cumulative_weeks,relative_cumulative_weeks,survival_advantage,weekly_judge_rank,weekly_judge_rank_pct,composite_attractiveness,elimination_week,is_eliminated_this_week,fan_rank
1,1,Evander Holyfield,Edyta Sliwinska,11,7.545454545454546,0.1818181818181818,Athlete,Alabama,United States,42,35-44,Eliminated Week 3,5,18.0,6,6,109.0,0.9,0.1651376146788991,0.5,-0.4,0.45,-0.36,-0.2,1,0.1666666666666666,0.0,4,0.6666666666666666,0.6132295831572698,3.0,False,2
1,2,Evander Holyfield,Edyta Sliwinska,11,7.545454545454546,0.1818181818181818,Athlete,Alabama,United States,42,35-44,Eliminated Week 3,5,14.0,6,6,121.0,0.5384615384615384,0.1157024793388429,0.1666666666666666,-0.3717948717948718,0.0897435897435897,-0.2001972386587771,-0.0619658119658119,2,0.3333333333333333,0.0,6,1.0,0.3390526996114021,3.0,False,5
1,3,Evander Holyfield,Edyta Sliwinska,11,7.545454545454546,0.1818181818181818,Athlete,Alabama,United States,42,35-44,Eliminated Week 3,5,13.0,6,5,106.0,0.5,0.1226415094339622,0.1999999999999999,-0.3,0.0999999999999999,-0.15,-0.06,3,0.5,0.0,5,1.0,0.3180865686873341,3.0,True,5
1,1,Joey McIntyre,Ashly DelGrosso,4,7.25,0.25,Singer/Rapper,Massachusetts,United States,32,25-34,3rd Place,3,20.0,6,6,109.0,1.0,0.1834862385321101,1.0,0.0,1.0,0.0,0.0,1,0.1666666666666666,0.0,1,0.1666666666666666,0.618678456428665,,False,1
1,2,Joey McIntyre,Ashly DelGrosso,4,7.25,0.25,Singer/Rapper,Massachusetts,United States,32,25-34,3rd Place,3,21.0,6,6,121.0,0.8076923076923077,0.1735537190082644,0.6666666666666667,-0.1410256410256409,0.5384615384615385,-0.1139053254437869,-0.0940170940170939,2,0.3333333333333333,0.0,3,0.5,0.5566718657045889,,False,3
1,3,Joey McIntyre,Ashly DelGrosso,4,7.25,0.25,Singer/Rapper,Massachusetts,United States,32,25-34,3rd Place,3,22.0,6,5,106.0,0.8461538461538461,0.2075471698113207,0.6,-0.2461538461538461,0.5076923076923077,-0.208284023668639,-0.1476923076923077,3,0.5,0.0,3,0.6,0.6100833360928529,,False,3
1,4,Joey McIntyre,Ashly DelGrosso,4,7.25,0.25,Singer/Rapper,Massachusetts,United States,32,25-34,3rd Place,3,20.0,6,4,92.0,0.7692307692307693,0.217391304347826,0.25,-0.5192307692307693,0.1923076923076923,-0.3994082840236687,-0.1298076923076923,4,0.6666666666666666,0.0,4,1.0,0.5718566239495523,,False,2
1,5,Joey McIntyre,Ashly DelGrosso,4,7.25,0.25,Singer/Rapper,Massachusetts,United States,32,25-34,3rd Place,3,22.5,6,3,73.0,0.8333333333333334,0.3082191780821918,0.3333333333333333,-0.5,0.2777777777777778,-0.4166666666666667,-0.1666666666666666,5,0.8333333333333334,0.0,3,1.0,0.6377674997329171,,False,2
1,6,Joey McIntyre,Ashly DelGrosso,4,7.25,0.25,Singer/Rapper,Massachusetts,United States,32,25-34,3rd Place,3,0.0,6,3,54.5,0.0,0.0,0.3333333333333333,0.3333333333333333,0.0,0.0,0.1111111111111111,6,1.0,0.0,3,1.0,0.0116157491794435,,False,3
1,1,John O'Hurley,Charlotte Jorgensen,1,2.0,1.0,Actor/Actress,Maine,United States,50,45-54,2nd Place,2,20.0,6,6,109.0,1.0,0.1834862385321101,1.0,0.0,1.0,0.0,0.0,1,0.1666666666666666,0.0,1,0.1666666666666666,0.5885287571797448,,False,4
1,2,John O'Hurley,Charlotte Jorgensen,1,2.0,1.0,Actor/Actress,Maine,United States,50,45-54,2nd Place,2,26.0,6,6,121.0,1.0,0.2148760330578512,1.0,0.0,1.0,0.0,0.0,2,0.3333333333333333,0.0,1,0.1666666666666666,0.6098209378620738,,False,1
1,3,John O'Hurley,Charlotte Jorgensen,1,2.0,1.0,Actor/Actress,Maine,United States,50,45-54,2nd Place,2,24.0,6,5,106.0,0.9230769230769232,0.2264150943396226,0.8,-0.123076923076923,0.7384615384615385,-0.1136094674556213,-0.0984615384615384,3,0.5,0.0,2,0.4,0.6051944978493548,,False,4
1,4,John O'Hurley,Charlotte Jorgensen,1,2.0,1.0,Actor/Actress,Maine,United States,50,45-54,2nd Place,2,21.0,6,4,92.0,0.8076923076923077,0.2282608695652173,0.5,-0.3076923076923077,0.4038461538461538,-0.2485207100591716,-0.1538461538461538,4,0.6666666666666666,0.0,3,0.75,0.5641635405551805,,False,3
1,5,John O'Hurley,Charlotte Jorgensen,1,2.0,1.0,Actor/Actress,Maine,United States,50,45-54,2nd Place,2,27.0,6,3,73.0,1.0,0.3698630136986301,1.0,0.0,1.0,0.0,0.0,5,0.8333333333333334,0.0,1,0.3333333333333333,0.6191213135376807,,False,3
1,6,John O'Hurley,Charlotte Jorgensen,1,2.0,1.0,Actor/Actress,Maine,United States,50,45-54,2nd Place,2,27.0,6,3,54.5,0.9818181818181818,0.4954128440366973,0.6666666666666667,-0.315151515151515,0.6545454545454547,-0.3094214876033057,-0.21010101010101,6,1.0,0.0,2,0.6666666666666666,0.7217663658535922,,False,2
1,1,Kelly Monaco,Alec Mazo,5,8.4,0.2,Actor/Actress,Pennsylvania,United States,29,25-34,1st Place,1,13.0,6,6,109.0,0.65,0.1192660550458715,0.1666666666666666,-0.4833333333333334,0.1083333333333333,-0.3141666666666667,-0.0805555555555555,1,0.1666666666666666,0.0,6,1.0,0.5136894886174082,,False,6
1,2,Kelly Monaco,Alec Mazo,5,8.4,0.2,Actor/Actress,Pennsylvania,United States,29,25-34,1st Place,1,17.0,6,6,121.0,0.6538461538461539,0.140495867768595,0.3333333333333333,-0.3205128205128205,0.2179487179487179,-0.2095660749506903,-0.1068376068376068,2,0.3333333333333333,0.0,5,0.8333333333333334,0.5351199553659399,,False,4
1,3,Kelly Monaco,Alec Mazo,5,8.4,0.2,Actor/Actress,Pennsylvania,United States,29,25-34,1st Place,1,21.0,6,5,106.0,0.8076923076923077,0.1981132075471698,0.4,-0.4076923076923077,0.3230769230769231,-0.3292899408284023,-0.1630769230769231,3,0.5,0.0,4,0.8,0.6665693548152762,,False,1
1,4,Kelly Monaco,Alec Mazo,5,8.4,0.2,Actor/Actress,Pennsylvania,United States,29,25-34,1st Place,1,26.0,6,4,92.0,1.0,0.2826086956521739,1.0,0.0,1.0,0.0,0.0,4,0.6666666666666666,0.0,1,0.25,0.7102083987785087,,False,1
1,5,Kelly Monaco,Alec Mazo,5,8.4,0.2,Actor/Actress,Pennsylvania,United States,29,25-34,1st Place,1,23.5,6,3,73.0,0.8703703703703703,0.3219178082191781,0.6666666666666667,-0.2037037037037036,0.5802469135802469,-0.1772976680384086,-0.1358024691358024,5,0.8333333333333334,0.0,2,0.6666666666666666,0.6982961403575877,,False,1
1,6,Kelly Monaco,Alec Mazo,5,8.4,0.2,Actor/Actress,Pennsylvania,United States,29,25-34,1st Place,1,27.5,6,3,54.5,1.0,0.5045871559633027,1.0,0.0,1.0,0.0,0.0,6,1.0,0.0,1,0.3333333333333333,0.7286482473324711,,False,1
1,1,Rachel Hunter,Jonathan Roberts,7,8.714285714285714,0.1428571428571428,Model,Unknown,New Zealand,35,35-44,Eliminated Week 4,4,20.0,6,6,109.0,1.0,0.1834862385321101,1.0,0.0,1.0,0.0,0.0,1,0.1666666666666666,0.0,1,0.1666666666666666,0.5954436059864145,4.0,False,3
1,2,Rachel Hunter,Jonathan Roberts,7,8.714285714285714,0.1428571428571428,Model,Unknown,New Zealand,35,35-44,Eliminated Week 4,4,24.0,6,6,121.0,0.9230769230769232,0.1983471074380165,0.8333333333333334,-0.0897435897435897,0.7692307692307693,-0.0828402366863905,-0.0747863247863248,2,0.3333333333333333,0.0,2,0.3333333333333333,0.599168907490867,4.0,False,2
1,3,Rachel Hunter,Jonathan Roberts,7,8.714285714285714,0.1428571428571428,Model,Unknown,New Zealand,35,35-44,Eliminated Week 4,4,26.0,6,5,106.0,1.0,0.2452830188679245,1.0,0.0,1.0,0.0,0.0,3,0.5,0.0,1,0.2,0.6179347168090479,4.0,False,2
1,4,Rachel Hunter,Jonathan Roberts,7,8.714285714285714,0.1428571428571428,Model,Unknown,New Zealand,35,35-44,Eliminated Week 4,4,25.0,6,4,92.0,0.9615384615384616,0.2717391304347826,0.75,-0.2115384615384615,0.7211538461538461,-0.2034023668639053,-0.1586538461538461,4,0.6666666666666666,0.0,2,0.5,0.6680886264676021,4.0,True,4
1,1,Trista Sutter,Louis van Amstel,11,7.0,0.0909090909090909,TV Personality,Indiana,United States,32,25-34,Eliminated Week 2,6,18.0,6,6,109.0,0.9,0.1651376146788991,0.5,-0.4,0.45,-0.36,-0.2,1,0.1666666666666666,0.0,4,0.6666666666666666,0.5844672899786844,2.0,False,5
1,2,Trista Sutter,Louis van Amstel,11,7.0,0.0909090909090909,TV Personality,Indiana,United States,32,25-34,Eliminated Week 2,6,19.0,6,6,121.0,0.7307692307692307,0.1570247933884297,0.5,-0.2307692307692307,0.3653846153846153,-0.1686390532544378,-0.1153846153846153,2,0.3333333333333333,0.0,4,0.6666666666666666,0.4517137350364092,2.0,True,6
2,1,Drew Lachey,Cheryl Burke,25,5.8,0.32,Singer/Rapper,Ohio,United States,29,25-34,1st Place,1,24.0,8,10,195.0,1.0,0.123076923076923,1.0,0.0,1.0,0.0,0.0,1,0.125,0.0,1,0.1,0.8169651166435755,,False,1
2,2,Drew Lachey,Cheryl Burke,25,5.8,0.32,Singer/Rapper,Ohio,United States,29,25-34,1st Place,1,27.0,8,9,200.0,0.9310344827586208,0.135,0.8888888888888888,-0.0421455938697318,0.8275862068965516,-0.0392390011890606,-0.0374627501064282,2,0.25,0.0,2,0.2222222222222222,0.8032080096413057,,False,1
2,3,Drew Lachey,Cheryl Burke,25,5.8,0.32,Singer/Rapper,Ohio,United States,29,25-34,1st Place,1,27.0,8,8,182.0,1.0,0.1483516483516483,1.0,0.0,1.0,0.0,0.0,3,0.375,0.0,1,0.125,0.8282909991813711,,False,1
2,4,Drew Lachey,Cheryl Burke,25,5.8,0.32,Singer/Rapper,Ohio,United States,29,25-34,1st Place,1,28.0,8,7,158.0,1.0,0.1772151898734177,1.0,0.0,1.0,0.0,0.0,4,0.5,0.0,1,0.1428571428571428,0.8331416905124345,,False,1
2,5,Drew Lachey,Cheryl Burke,25,5.8,0.32,Singer/Rapper,Ohio,United States,29,25-34,1st Place,1,27.0,8,6,151.0,0.9,0.1788079470198675,0.8333333333333334,-0.0666666666666666,0.75,-0.0599999999999999,-0.0555555555555555,5,0.625,0.0,2,0.3333333333333333,0.7986118137377692,,False,1
2,6,Drew Lachey,Cheryl Burke,25,5.8,0.32,Singer/Rapper,Ohio,United States,29,25-34,1st Place,1,30.0,8,5,133.0,1.0,0.225563909774436,1.0,0.0,1.0,0.0,0.0,6,0.75,0.0,1,0.2,0.8418146417704783,,False,1
2,7,Drew Lachey,Cheryl Burke,25,5.8,0.32,Singer/Rapper,Ohio,United States,29,25-34,1st Place,1,27.5,8,4,102.0,1.0,0.2696078431372549,1.0,0.0,1.0,0.0,0.0,7,0.875,0.0,1,0.25,0.8357004777746829,,False,1
2,8,Drew Lachey,Cheryl Burke,25,5.8,0.32,Singer/Rapper,Ohio,United States,29,25-34,1st Place,1,28.9998,8,3,84.3329,1.0,0.3438729131809768,1.0,0.0,1.0,0.0,0.0,8,1.0,0.0,1,0.3333333333333333,0.8434941859217016,,False,2
2,1,George Hamilton,Edyta Sliwinska,11,7.545454545454546,0.1818181818181818,Actor/Actress,Tennessee,United States,66,65+,Eliminated Week 6,5,18.0,8,10,195.0,0.75,0.0923076923076923,0.3,-0.4499999999999999,0.225,-0.3374999999999999,-0.135,1,0.125,0.0,8,0.8,0.5201296222671331,6.0,False,7
2,2,George Hamilton,Edyta Sliwinska,11,7.545454545454546,0.1818181818181818,Actor/Actress,Tennessee,United States,66,65+,Eliminated Week 6,5,22.0,8,9,200.0,0.7586206896551724,0.11,0.5555555555555556,-0.2030651340996168,0.421455938697318,-0.1540494120755713,-0.112813963388676,2,0.25,0.0,5,0.5555555555555556,0.5317164444616105,6.0,False,4
2,3,George Hamilton,Edyta Sliwinska,11,7.545454545454546,0.1818181818181818,Actor/Actress,Tennessee,United States,66,65+,Eliminated Week 6,5,22.0,8,8,182.0,0.8148148148148148,0.1208791208791208,0.5,-0.3148148148148147,0.4074074074074074,-0.2565157750342935,-0.1574074074074073,3,0.375,0.0,5,0.625,0.5873353262513924,6.0,False,6
2,4,George Hamilton,Edyta Sliwinska,11,7.545454545454546,0.1818181818181818,Actor/Actress,Tennessee,United States,66,65+,Eliminated Week 6,5,21.0,8,7,158.0,0.75,0.1329113924050632,0.2857142857142857,-0.4642857142857143,0.2142857142857142,-0.3482142857142857,-0.1326530612244898,4,0.5,0.0,6,0.8571428571428571,0.5465147630997985,6.0,False,6
2,5,George Hamilton,Edyta Sliwinska,11,7.545454545454546,0.1818181818181818,Actor/Actress,Tennessee,United States,66,65+,Eliminated Week 6,5,24.0,8,6,151.0,0.8,0.1589403973509933,0.5,-0.3,0.4,-0.24,-0.15,5,0.625,0.0,4,0.6666666666666666,0.5908457579711092,6.0,False,5
2,6,George Hamilton,Edyta Sliwinska,11,7.545454545454546,0.1818181818181818,Actor/Actress,Tennessee,United States,66,65+,Eliminated Week 6,5,23.0,8,5,133.0,0.7666666666666667,0.1729323308270676,0.4,-0.3666666666666667,0.3066666666666667,-0.2811111111111111,-0.1466666666666667,6,0.75,0.0,4,0.8,0.5746623189009323,6.0,True,5
2,1,Giselle Fernandez,Jonathan Roberts,7,8.714285714285714,0.1428571428571428,News Anchor,Unknown,Mexico,44,35-44,Eliminated Week 3,8,23.0,8,10,195.0,0.9583333333333334,0.1179487179487179,0.9,-0.0583333333333333,0.8625,-0.0559027777777777,-0.0525,1,0.125,0.0,2,0.2,0.5375680035074699,3.0,False,6
2,2,Giselle Fernandez,Jonathan Roberts,7,8.714285714285714,0.1428571428571428,News Anchor,Unknown,Mexico,44,35-44,Eliminated Week 3,8,24.0,8,9,200.0,0.8275862068965517,0.12,0.7777777777777778,-0.0498084291187739,0.6436781609195402,-0.0412207689258818,-0.0387398893146019,2,0.25,0.0,3,0.3333333333333333,0.4617266828293139,3.0,False,7
2,3,Giselle Fernandez,Jonathan Roberts,7,8.714285714285714,0.1428571428571428,News Anchor,Unknown,Mexico,44,35-44,Eliminated Week 3,8,22.0,8,8,182.0,0.8148148148148148,0.1208791208791208,0.5,-0.3148148148148147,0.4074074074074074,-0.2565157750342935,-0.1574074074074073,3,0.375,0.0,5,0.625,0.5012440151211277,3.0,True,8
2,1,Jerry Rice,Anna Trebunskaya,11,8.181818181818182,0.1818181818181818,Athlete,Mississippi,United States,43,35-44,2nd Place,2,21.0,8,10,195.0,0.875,0.1076923076923077,0.6,-0.275,0.525,-0.240625,-0.165,1,0.125,0.0,5,0.5,0.7322653455089888,,False,3
2,2,Jerry Rice,Anna Trebunskaya,11,8.181818181818182,0.1818181818181818,Athlete,Mississippi,United States,43,35-44,2nd Place,2,23.0,8,9,200.0,0.7931034482758621,0.115,0.6666666666666667,-0.1264367816091953,0.5287356321839082,-0.1002774474831549,-0.0842911877394635,2,0.25,0.0,4,0.4444444444444444,0.6611075441248166,,False,3
2,3,Jerry Rice,Anna Trebunskaya,11,8.181818181818182,0.1818181818181818,Athlete,Mississippi,United States,43,35-44,2nd Place,2,19.0,8,8,182.0,0.7037037037037037,0.1043956043956044,0.25,-0.4537037037037037,0.1759259259259259,-0.3192729766803841,-0.1134259259259259,3,0.375,0.0,7,0.875,0.6167975844999594,,False,5
2,4,Jerry Rice,Anna Trebunskaya,11,8.181818181818182,0.1818181818181818,Athlete,Mississippi,United States,43,35-44,2nd Place,2,24.0,8,7,158.0,0.8571428571428571,0.1518987341772152,0.4285714285714286,-0.4285714285714285,0.3673469387755102,-0.3673469387755101,-0.183673469387755,4,0.5,0.0,5,0.7142857142857143,0.756070872117893,,False,2
2,5,Jerry Rice,Anna Trebunskaya,11,8.181818181818182,0.1818181818181818,Athlete,Mississippi,United States,43,35-44,2nd Place,2,23.0,8,6,151.0,0.7666666666666667,0.152317880794702,0.3333333333333333,-0.4333333333333333,0.2555555555555556,-0.3322222222222222,-0.1444444444444444,5,0.625,0.0,5,0.8333333333333334,0.689663995836126,,False,3
2,6,Jerry Rice,Anna Trebunskaya,11,8.181818181818182,0.1818181818181818,Athlete,Mississippi,United States,43,35-44,2nd Place,2,23.0,8,5,133.0,0.7666666666666667,0.1729323308270676,0.4,-0.3666666666666667,0.3066666666666667,-0.2811111111111111,-0.1466666666666667,6,0.75,0.0,4,0.8,0.6926737095326854,,False,4
2,7,Jerry Rice,Anna Trebunskaya,11,8.181818181818182,0.1818181818181818,Athlete,Mississippi,United States,43,35-44,2nd Place,2,20.5,8,4,102.0,0.7454545454545455,0.2009803921568627,0.25,-0.4954545454545455,0.1863636363636363,-0.3693388429752066,-0.1238636363636363,7,0.875,0.0,4,1.0,0.6761340966284346,,False,3
2,8,Jerry Rice,Anna Trebunskaya,11,8.181818181818182,0.1818181818181818,Athlete,Mississippi,United States,43,35-44,2nd Place,2,26.666600000000003,8,3,84.3329,0.9195442727191224,0.3162063678588072,0.3333333333333333,-0.5862109393857889,0.3065147575730408,-0.5390469119174988,-0.1954036464619296,8,1.0,0.0,3,1.0,0.8396522032788305,,False,3
2,1,Kenny Mayne,Andrea Hale,1,10.0,0.0,Sports Broadcaster,Washington,United States,46,45-54,Eliminated Week 1,10,13.0,8,10,195.0,0.5416666666666666,0.0666666666666666,0.1999999999999999,-0.3416666666666667,0.1083333333333333,-0.1850694444444444,-0.0683333333333333,1,0.125,0.0,9,0.9,0.1864733576066529,1.0,True,10
2,1,Lisa Rinna,Louis van Amstel,11,7.0,0.0909090909090909,Actor/Actress,California,United States,42,35-44,Eliminated Week 7,4,19.0,8,10,195.0,0.7916666666666666,0.0974358974358974,0.4,-0.3916666666666666,0.3166666666666666,-0.3100694444444444,-0.1566666666666666,1,0.125,0.0,7,0.7,0.5895823356101938,7.0,False,4
2,2,Lisa Rinna,Louis van Amstel,11,7.0,0.0909090909090909,Actor/Actress,California,United States,42,35-44,Eliminated Week 7,4,20.0,8,9,200.0,0.6896551724137931,0.1,0.3333333333333333,-0.3563218390804598,0.2298850574712644,-0.2457391993658343,-0.1187739463601532,2,0.25,0.0,7,0.7777777777777778,0.5224431269918784,7.0,False,5
2,3,Lisa Rinna,Louis van Amstel,11,7.0,0.0909090909090909,Actor/Actress,California,United States,42,35-44,Eliminated Week 7,4,25.0,8,8,182.0,0.925925925925926,0.1373626373626373,0.625,-0.3009259259259259,0.5787037037037037,-0.2786351165980795,-0.1880787037037037,3,0.375,0.0,4,0.5,0.7076629220473313,7.0,False,3
2,4,Lisa Rinna,Louis van Amstel,11,7.0,0.0909090909090909,Actor/Actress,California,United States,42,35-44,Eliminated Week 7,4,26.0,8,7,158.0,0.9285714285714286,0.1645569620253164,0.8571428571428572,-0.0714285714285714,0.7959183673469389,-0.0663265306122448,-0.0612244897959183,4,0.5,0.0,2,0.2857142857142857,0.6587957054155626,7.0,False,4
2,5,Lisa Rinna,Louis van Amstel,11,7.0,0.0909090909090909,Actor/Actress,California,United States,42,35-44,Eliminated Week 7,4,25.0,8,6,151.0,0.8333333333333334,0.1655629139072847,0.6666666666666667,-0.1666666666666666,0.5555555555555557,-0.1388888888888888,-0.1111111111111111,5,0.625,0.0,3,0.5,0.626483915355684,7.0,False,4
2,6,Lisa Rinna,Louis van Amstel,11,7.0,0.0909090909090909,Actor/Actress,California,United States,42,35-44,Eliminated Week 7,4,27.0,8,5,133.0,0.9,0.2030075187969924,0.6,-0.3,0.54,-0.2700000000000001,-0.18,6,0.75,0.0,3,0.6,0.7072594388975596,7.0,False,3
2,7,Lisa Rinna,Louis van Amstel,11,7.0,0.0909090909090909,Actor/Actress,California,United States,42,35-44,Eliminated Week 7,4,26.5,8,4,102.0,0.9636363636363636,0.2598039215686274,0.5,-0.4636363636363636,0.4818181818181818,-0.4467768595041322,-0.2318181818181818,7,0.875,0.0,3,0.75,0.7784750668432874,7.0,True,4
2,1,Master P,Ashly DelGrosso,4,7.25,0.25,Singer/Rapper,Louisiana,United States,35,35-44,Eliminated Week 4,7,12.0,8,10,195.0,0.5,0.0615384615384615,0.0999999999999999,-0.4,0.0499999999999999,-0.2,-0.0399999999999999,1,0.125,0.0,10,1.0,0.2389974677483692,4.0,False,9
2,2,Master P,Ashly DelGrosso,4,7.25,0.25,Singer/Rapper,Louisiana,United States,35,35-44,Eliminated Week 4,7,16.0,8,9,200.0,0.5517241379310345,0.08,0.1111111111111111,-0.4406130268199233,0.0613026819923371,-0.2430968423834059,-0.0489570029799915,2,0.25,0.0,9,1.0,0.2925279456467665,4.0,False,8
2,3,Master P,Ashly DelGrosso,4,7.25,0.25,Singer/Rapper,Louisiana,United States,35,35-44,Eliminated Week 4,7,14.0,8,8,182.0,0.5185185185185185,0.0769230769230769,0.125,-0.3935185185185185,0.0648148148148148,-0.2040466392318244,-0.0491898148148148,3,0.375,0.0,8,1.0,0.2730063134832922,4.0,False,7
2,4,Master P,Ashly DelGrosso,4,7.25,0.25,Singer/Rapper,Louisiana,United States,35,35-44,Eliminated Week 4,7,8.0,8,7,158.0,0.2857142857142857,0.050632911392405,0.1428571428571429,-0.1428571428571428,0.0408163265306122,-0.0408163265306122,-0.0204081632653061,4,0.5,0.0,7,1.0,0.1231927829552168,4.0,True,7
2,1,Stacy Keibler,Tony Dovolani,21,7.666666666666667,0.1428571428571428,Athlete,Maryland,United States,26,25-34,3rd Place,3,22.0,8,10,195.0,0.9166666666666666,0.1128205128205128,0.7,-0.2166666666666666,0.6416666666666666,-0.1986111111111111,-0.1516666666666666,1,0.125,0.0,4,0.4,0.7538491862182337,,False,2
2,2,Stacy Keibler,Tony Dovolani,21,7.666666666666667,0.1428571428571428,Athlete,Maryland,United States,26,25-34,3rd Place,3,29.0,8,9,200.0,1.0,0.145,1.0,0.0,1.0,0.0,0.0,2,0.25,0.0,1,0.1111111111111111,0.7653626543984704,,False,2
2,3,Stacy Keibler,Tony Dovolani,21,7.666666666666667,0.1428571428571428,Athlete,Maryland,United States,26,25-34,3rd Place,3,27.0,8,8,182.0,1.0,0.1483516483516483,1.0,0.0,1.0,0.0,0.0,3,0.375,0.0,1,0.125,0.7591415797429759,,False,2
2,4,Stacy Keibler,Tony Dovolani,21,7.666666666666667,0.1428571428571428,Athlete,Maryland,United States,26,25-34,3rd Place,3,26.0,8,7,158.0,0.9285714285714286,0.1645569620253164,0.8571428571428572,-0.0714285714285714,0.7959183673469389,-0.0663265306122448,-0.0612244897959183,4,0.5,0.0,2,0.2857142857142857,0.742792911968614,,False,3
2,5,Stacy Keibler,Tony Dovolani,21,7.666666666666667,0.1428571428571428,Athlete,Maryland,United States,26,25-34,3rd Place,3,30.0,8,6,151.0,1.0,0.1986754966887417,1.0,0.0,1.0,0.0,0.0,5,0.625,0.0,1,0.1666666666666666,0.7715000143345679,,False,2
2,6,Stacy Keibler,Tony Dovolani,21,7.666666666666667,0.1428571428571428,Athlete,Maryland,United States,26,25-34,3rd Place,3,30.0,8,5,133.0,1.0,0.225563909774436,1.0,0.0,1.0,0.0,0.0,6,0.75,0.0,1,0.2,0.7726652223320832,,False,2
2,7,Stacy Keibler,Tony Dovolani,21,7.666666666666667,0.1428571428571428,Athlete,Maryland,United States,26,25-34,3rd Place,3,27.5,8,4,102.0,1.0,0.2696078431372549,1.0,0.0,1.0,0.0,0.0,7,0.875,0.0,1,0.25,0.766551058336288,,False,2
2,8,Stacy Keibler,Tony Dovolani,21,7.666666666666667,0.1428571428571428,Athlete,Maryland,United States,26,25-34,3rd Place,3,28.6665,8,3,84.3329,0.9885068172883952,0.339920718960216,0.6666666666666667,-0.3218401506217283,0.6590045448589301,-0.3181411829667023,-0.2145601004144856,8,1.0,0.0,2,0.6666666666666666,0.8723652551912856,,False,1
2,1,Tatum O'Neal,Nick Kosovich,2,8.5,0.0,Actor/Actress,California,United States,42,35-44,Eliminated Week 2,9,23.0,8,10,195.0,0.9583333333333334,0.1179487179487179,0.9,-0.0583333333333333,0.8625,-0.0559027777777777,-0.0525,1,0.125,0.0,2,0.2,0.4798026138173799,2.0,False,8
2,2,Tatum O'Neal,Nick Kosovich,2,8.5,0.0,Actor/Actress,California,United States,42,35-44,Eliminated Week 2,9,17.0,8,9,200.0,0.5862068965517241,0.085,0.2222222222222222,-0.3639846743295019,0.1302681992337164,-0.2133703263310873,-0.0808854831843337,2,0.25,0.0,8,0.8888888888888888,0.2604945509904458,2.0,True,9
2,1,Tia Carrere,Maksim Chmerkoskiy,17,6.0,0.2941176470588235,Actor/Actress,Hawaii,United States,39,35-44,Eliminated Week 5,6,20.0,8,10,195.0,0.8333333333333334,0.1025641025641025,0.5,-0.3333333333333333,0.4166666666666667,-0.2777777777777778,-0.1666666666666666,1,0.125,0.0,6,0.6,0.5777193154170993,5.0,False,5
2,2,Tia Carrere,Maksim Chmerkoskiy,17,6.0,0.2941176470588235,Actor/Actress,Hawaii,United States,39,35-44,Eliminated Week 5,6,22.0,8,9,200.0,0.7586206896551724,0.11,0.5555555555555556,-0.2030651340996168,0.421455938697318,-0.1540494120755713,-0.112813963388676,2,0.25,0.0,5,0.5555555555555556,0.5219383530198036,5.0,False,6
2,3,Tia Carrere,Maksim Chmerkoskiy,17,6.0,0.2941176470588235,Actor/Actress,Hawaii,United States,39,35-44,Eliminated Week 5,6,26.0,8,8,182.0,0.9629629629629628,0.1428571428571428,0.75,-0.2129629629629629,0.7222222222222222,-0.2050754458161865,-0.1597222222222221,3,0.375,0.0,3,0.375,0.6755509339869541,5.0,False,4
2,4,Tia Carrere,Maksim Chmerkoskiy,17,6.0,0.2941176470588235,Actor/Actress,Hawaii,United States,39,35-44,Eliminated Week 5,6,25.0,8,7,158.0,0.8928571428571429,0.1582278481012658,0.5714285714285714,-0.3214285714285715,0.5102040816326531,-0.2869897959183674,-0.1836734693877551,4,0.5,0.0,4,0.5714285714285714,0.6481629403633077,5.0,False,5
2,5,Tia Carrere,Maksim Chmerkoskiy,17,6.0,0.2941176470588235,Actor/Actress,Hawaii,United States,39,35-44,Eliminated Week 5,6,22.0,8,6,151.0,0.7333333333333333,0.1456953642384106,0.1666666666666666,-0.5666666666666667,0.1222222222222221,-0.4155555555555555,-0.0944444444444444,5,0.625,0.0,6,1.0,0.5256666593256802,5.0,True,6
28,1,Ally Brooke,Sasha Farber,12,6.083333333333333,0.1666666666666666,Singer/Rapper,Texas,United States,26,25-34,3rd Place,3,16.0,11,12,197.0,0.7619047619047619,0.0812182741116751,0.5,-0.2619047619047618,0.3809523809523809,-0.1995464852607709,-0.1309523809523809,1,0.0909090909090909,0.0,7,0.5833333333333334,0.6761391429464211,,False,5
28,2,Ally Brooke,Sasha Farber,12,6.083333333333333,0.1666666666666666,Singer/Rapper,Texas,United States,26,25-34,3rd Place,3,20.0,11,12,219.0,0.8333333333333334,0.091324200913242,0.8333333333333334,0.0,0.6944444444444445,0.0,0.0,2,0.1818181818181818,0.0,3,0.25,0.6846552183329551,,False,3
28,3,Ally Brooke,Sasha Farber,12,6.083333333333333,0.1666666666666666,Singer/Rapper,Texas,United States,26,25-34,3rd Place,3,24.0,11,10,198.0,1.0,0.1212121212121212,1.0,0.0,1.0,0.0,0.0,3,0.2727272727272727,0.0,1,0.1,0.7978220819502485,,False,2
28,4,Ally Brooke,Sasha Farber,12,6.083333333333333,0.1666666666666666,Singer/Rapper,Texas,United States,26,25-34,3rd Place,3,32.0,11,10,282.0,1.0,0.1134751773049645,1.0,0.0,1.0,0.0,0.0,4,0.3636363636363636,0.0,1,0.1,0.8241826522216056,,False,3
28,5,Ally Brooke,Sasha Farber,12,6.083333333333333,0.1666666666666666,Singer/Rapper,Texas,United States,26,25-34,3rd Place,3,27.0,11,9,215.0,1.0,0.1255813953488372,1.0,0.0,1.0,0.0,0.0,5,0.4545454545454545,0.0,1,0.1111111111111111,0.8087207384607003,,False,3
28,6,Ally Brooke,Sasha Farber,12,6.083333333333333,0.1666666666666666,Singer/Rapper,Texas,United States,26,25-34,3rd Place,3,25.0,11,9,228.0,0.925925925925926,0.1096491228070175,0.4444444444444444,-0.4814814814814815,0.4115226337448559,-0.4458161865569273,-0.2139917695473251,6,0.5454545454545454,0.0,6,0.6666666666666666,0.8549601806010717,,False,3
28,7,Ally Brooke,Sasha Farber,12,6.083333333333333,0.1666666666666666,Singer/Rapper,Texas,United States,26,25-34,3rd Place,3,27.0,11,8,202.0,1.0,0.1336633663366336,1.0,0.0,1.0,0.0,0.0,7,0.6363636363636364,0.0,1,0.125,0.8099100583966418,,False,3
28,8,Ally Brooke,Sasha Farber,12,6.083333333333333,0.1666666666666666,Singer/Rapper,Texas,United States,26,25-34,3rd Place,3,30.0,11,7,192.9992,0.9375058594116212,0.1554410588230417,0.7142857142857143,-0.223220145125907,0.6696470424368725,-0.2092701939942503,-0.1594429608042193,8,0.7272727272727273,0.0,3,0.4285714285714285,0.855572024728728,,False,3
28,9,Ally Brooke,Sasha Farber,12,6.083333333333333,0.1666666666666666,Singer/Rapper,Texas,United States,26,25-34,3rd Place,3,40.0,11,6,208.5,1.0,0.1918465227817745,1.0,0.0,1.0,0.0,0.0,9,0.8181818181818182,0.0,1,0.1666666666666666,0.8552148851579185,,False,3
28,10,Ally Brooke,Sasha Farber,12,6.083333333333333,0.1666666666666666,Singer/Rapper,Texas,United States,26,25-34,3rd Place,3,29.5,11,5,137.5,1.0,0.2145454545454545,1.0,0.0,1.0,0.0,0.0,10,0.9090909090909092,0.0,1,0.2,0.8225890567517237,,False,4
28,11,Ally Brooke,Sasha Farber,12,6.083333333333333,0.1666666666666666,Singer/Rapper,Texas,United States,26,25-34,3rd Place,3,30.0,11,4,117.0,1.0,0.2564102564102564,1.0,0.0,1.0,0.0,0.0,11,1.0,0.0,1,0.25,0.826091982146435,,False,4
28,1,Hannah Brown,Alan Bersten,9,6.111111111111111,0.2222222222222222,TV Personality,Alabama,United States,24,<25,1st Place,1,20.0,11,12,197.0,0.9523809523809524,0.1015228426395939,0.9166666666666666,-0.0357142857142857,0.8730158730158729,-0.0340136054421768,-0.0327380952380952,1,0.0909090909090909,0.0,2,0.1666666666666666,0.8146456650439077,,False,1
28,2,Hannah Brown,Alan Bersten,9,6.111111111111111,0.2222222222222222,TV Personality,Alabama,United States,24,<25,1st Place,1,24.0,11,12,219.0,1.0,0.1095890410958904,1.0,0.0,1.0,0.0,0.0,2,0.1818181818181818,0.0,1,0.0833333333333333,0.8443738536196777,,False,1
28,3,Hannah Brown,Alan Bersten,9,6.111111111111111,0.2222222222222222,TV Personality,Alabama,United States,24,<25,1st Place,1,21.0,11,10,198.0,0.875,0.106060606060606,0.6,-0.275,0.525,-0.240625,-0.165,3,0.2727272727272727,0.0,5,0.5,0.8293406290950827,,False,1
28,4,Hannah Brown,Alan Bersten,9,6.111111111111111,0.2222222222222222,TV Personality,Alabama,United States,24,<25,1st Place,1,32.0,11,10,282.0,1.0,0.1134751773049645,1.0,0.0,1.0,0.0,0.0,4,0.3636363636363636,0.0,1,0.1,0.8717881265836591,,False,1
28,5,Hannah Brown,Alan Bersten,9,6.111111111111111,0.2222222222222222,TV Personality,Alabama,United States,24,<25,1st Place,1,25.0,11,9,215.0,0.925925925925926,0.1162790697674418,0.6666666666666667,-0.2592592592592592,0.617283950617284,-0.2400548696844992,-0.1728395061728394,5,0.4545454545454545,0.0,4,0.4444444444444444,0.8792759521022149,,False,1
28,6,Hannah Brown,Alan Bersten,9,6.111111111111111,0.2222222222222222,TV Personality,Alabama,United States,24,<25,1st Place,1,24.0,11,9,228.0,0.8888888888888888,0.1052631578947368,0.2222222222222222,-0.6666666666666666,0.1975308641975308,-0.5925925925925926,-0.1481481481481481,6,0.5454545454545454,0.0,8,0.8888888888888888,0.858277108193514,,False,2
28,7,Hannah Brown,Alan Bersten,9,6.111111111111111,0.2222222222222222,TV Personality,Alabama,United States,24,<25,1st Place,1,26.0,11,8,202.0,0.9629629629629628,0.1287128712871287,0.625,-0.3379629629629629,0.6018518518518519,-0.3254458161865569,-0.2112268518518518,7,0.6363636363636364,0.0,4,0.5,0.9258668063518458,,False,1
28,8,Hannah Brown,Alan Bersten,9,6.111111111111111,0.2222222222222222,TV Personality,Alabama,United States,24,<25,1st Place,1,30.9998,11,7,192.9992,0.9687498046862792,0.160621391176751,0.8571428571428572,-0.111606947543422,0.8303569754453822,-0.1081192086343219,-0.0956630978943617,8,0.7272727272727273,0.0,2,0.2857142857142857,0.8955151030922194,,False,2
28,9,Hannah Brown,Alan Bersten,9,6.111111111111111,0.2222222222222222,TV Personality,Alabama,United States,24,<25,1st Place,1,35.5,11,6,208.5,0.8875,0.1702637889688249,0.5,-0.3874999999999999,0.44375,-0.3439062499999999,-0.1937499999999999,9,0.8181818181818182,0.0,4,0.6666666666666666,0.9164554128251988,,False,1
28,10,Hannah Brown,Alan Bersten,9,6.111111111111111,0.2222222222222222,TV Personality,Alabama,United States,24,<25,1st Place,1,27.0,11,5,137.5,0.9152542372881356,0.1963636363636363,0.6,-0.3152542372881356,0.5491525423728814,-0.2885377765010055,-0.1891525423728813,10,0.9090909090909092,0.0,3,0.6,0.903698509395568,,False,1
28,11,Hannah Brown,Alan Bersten,9,6.111111111111111,0.2222222222222222,TV Personality,Alabama,United States,24,<25,1st Place,1,29.0,11,4,117.0,0.9666666666666668,0.2478632478632478,0.5,-0.4666666666666667,0.4833333333333333,-0.4511111111111111,-0.2333333333333333,11,1.0,0.0,3,0.75,0.9722758553948854,,False,1
28,1,James Van Der Beek,Emma Slater,16,7.9375,0.0625,Actor/Actress,Connecticut,United States,42,35-44,Eliminated Week 10,5,21.0,11,12,197.0,1.0,0.1065989847715736,1.0,0.0,1.0,0.0,0.0,1,0.0909090909090909,0.0,1,0.0833333333333333,0.7369757558483898,10.0,False,2
28,2,James Van Der Beek,Emma Slater,16,7.9375,0.0625,Actor/Actress,Connecticut,United States,42,35-44,Eliminated Week 10,5,20.0,11,12,219.0,0.8333333333333334,0.091324200913242,0.8333333333333334,0.0,0.6944444444444445,0.0,0.0,2,0.1818181818181818,0.0,3,0.25,0.6353284847894403,10.0,False,5
28,3,James Van Der Beek,Emma Slater,16,7.9375,0.0625,Actor/Actress,Connecticut,United States,42,35-44,Eliminated Week 10,5,23.0,11,10,198.0,0.9583333333333334,0.1161616161616161,0.8,-0.1583333333333333,0.7666666666666667,-0.1517361111111111,-0.1266666666666666,3,0.2727272727272727,0.0,3,0.3,0.7720548938246024,10.0,False,4
28,4,James Van Der Beek,Emma Slater,16,7.9375,0.0625,Actor/Actress,Connecticut,United States,42,35-44,Eliminated Week 10,5,28.0,11,10,282.0,0.875,0.0992907801418439,0.5,-0.375,0.4375,-0.328125,-0.1875,4,0.3636363636363636,0.0,6,0.6,0.7663058655594008,10.0,False,5
28,5,James Van Der Beek,Emma Slater,16,7.9375,0.0625,Actor/Actress,Connecticut,United States,42,35-44,Eliminated Week 10,5,26.0,11,9,215.0,0.9629629629629628,0.1209302325581395,0.8888888888888888,-0.074074074074074,0.8559670781893003,-0.0713305898491083,-0.0658436213991769,5,0.4545454545454545,0.0,2,0.2222222222222222,0.7615987299199066,10.0,False,4
28,6,James Van Der Beek,Emma Slater,16,7.9375,0.0625,Actor/Actress,Connecticut,United States,42,35-44,Eliminated Week 10,5,27.0,11,9,228.0,1.0,0.1184210526315789,1.0,0.0,1.0,0.0,0.0,6,0.5454545454545454,0.0,1,0.1111111111111111,0.759561187784478,10.0,False,5
28,7,James Van Der Beek,Emma Slater,16,7.9375,0.0625,Actor/Actress,Connecticut,United States,42,35-44,Eliminated Week 10,5,27.0,11,8,202.0,1.0,0.1336633663366336,1.0,0.0,1.0,0.0,0.0,7,0.6363636363636364,0.0,1,0.125,0.760583324853127,10.0,False,5
28,8,James Van Der Beek,Emma Slater,16,7.9375,0.0625,Actor/Actress,Connecticut,United States,42,35-44,Eliminated Week 10,5,31.9998,11,7,192.9992,1.0,0.1658027598041857,1.0,0.0,1.0,0.0,0.0,8,0.7272727272727273,0.0,1,0.1428571428571428,0.7786696958491066,10.0,False,4
28,9,James Van Der Beek,Emma Slater,16,7.9375,0.0625,Actor/Actress,Connecticut,United States,42,35-44,Eliminated Week 10,5,36.0,11,6,208.5,0.9,0.1726618705035971,0.6666666666666667,-0.2333333333333332,0.6000000000000001,-0.2099999999999999,-0.1555555555555555,9,0.8181818181818182,0.0,3,0.5,0.8062665235136521,10.0,False,5
28,10,James Van Der Beek,Emma Slater,16,7.9375,0.0625,Actor/Actress,Connecticut,United States,42,35-44,Eliminated Week 10,5,25.5,11,5,137.5,0.864406779661017,0.1854545454545454,0.1999999999999999,-0.664406779661017,0.1728813559322033,-0.5743177247917266,-0.1328813559322033,10,0.9090909090909092,0.0,5,1.0,0.7719990677519113,10.0,True,5
28,1,Karamo Brown,Jenna Johnson,9,6.444444444444445,0.4444444444444444,TV Personality,Texas,United States,38,35-44,Eliminated Week 7,8,17.0,11,12,197.0,0.8095238095238095,0.0862944162436548,0.6666666666666667,-0.1428571428571428,0.5396825396825398,-0.1156462585034013,-0.0952380952380952,1,0.0909090909090909,0.0,5,0.4166666666666667,0.5173318433927349,7.0,False,7
28,2,Karamo Brown,Jenna Johnson,9,6.444444444444445,0.4444444444444444,TV Personality,Texas,United States,38,35-44,Eliminated Week 7,8,19.0,11,12,219.0,0.7916666666666666,0.0867579908675799,0.5833333333333333,-0.2083333333333333,0.4618055555555554,-0.1649305555555555,-0.1215277777777777,2,0.1818181818181818,0.0,6,0.5,0.5234763924482134,7.0,False,7
28,3,Karamo Brown,Jenna Johnson,9,6.444444444444445,0.4444444444444444,TV Personality,Texas,United States,38,35-44,Eliminated Week 7,8,16.0,11,10,198.0,0.6666666666666666,0.0808080808080808,0.3,-0.3666666666666666,0.2,-0.2444444444444443,-0.1099999999999999,3,0.2727272727272727,0.0,8,0.8,0.4429794475658788,7.0,False,9
28,4,Karamo Brown,Jenna Johnson,9,6.444444444444445,0.4444444444444444,TV Personality,Texas,United States,38,35-44,Eliminated Week 7,8,28.0,11,10,282.0,0.875,0.0992907801418439,0.5,-0.375,0.4375,-0.328125,-0.1875,4,0.3636363636363636,0.0,6,0.6,0.6377518134066787,7.0,False,7
28,5,Karamo Brown,Jenna Johnson,9,6.444444444444445,0.4444444444444444,TV Personality,Texas,United States,38,35-44,Eliminated Week 7,8,21.0,11,9,215.0,0.7777777777777778,0.0976744186046511,0.2222222222222222,-0.5555555555555556,0.1728395061728395,-0.4320987654320988,-0.1234567901234567,5,0.4545454545454545,0.0,8,0.8888888888888888,0.5405136239624488,7.0,False,8
28,6,Karamo Brown,Jenna Johnson,9,6.444444444444445,0.4444444444444444,TV Personality,Texas,United States,38,35-44,Eliminated Week 7,8,25.0,11,9,228.0,0.925925925925926,0.1096491228070175,0.4444444444444444,-0.4814814814814815,0.4115226337448559,-0.4458161865569273,-0.2139917695473251,6,0.5454545454545454,0.0,6,0.6666666666666666,0.6770793949048348,7.0,False,6
28,7,Karamo Brown,Jenna Johnson,9,6.444444444444445,0.4444444444444444,TV Personality,Texas,United States,38,35-44,Eliminated Week 7,8,24.5,11,8,202.0,0.9074074074074074,0.1212871287128712,0.375,-0.5324074074074074,0.3402777777777778,-0.4831104252400549,-0.1996527777777778,7,0.6363636363636364,0.0,6,0.75,0.6657255098863457,7.0,True,8
28,1,Kate Flannery,Pasha Pashkov,7,10.428571428571429,0.1428571428571428,Actor/Actress,Pennsylvania,United States,55,55-64,Eliminated Week 8,7,15.0,11,12,197.0,0.7142857142857143,0.0761421319796954,0.3333333333333333,-0.3809523809523809,0.2380952380952381,-0.2721088435374149,-0.126984126984127,1,0.0909090909090909,0.0,9,0.75,0.490840809511592,8.0,False,8
28,2,Kate Flannery,Pasha Pashkov,7,10.428571428571429,0.1428571428571428,Actor/Actress,Pennsylvania,United States,55,55-64,Eliminated Week 8,7,21.0,11,12,219.0,0.875,0.0958904109589041,0.9166666666666666,0.0416666666666666,0.8020833333333333,0.0364583333333333,0.0381944444444444,2,0.1818181818181818,0.0,2,0.1666666666666666,0.5473984394575286,8.0,False,6
28,3,Kate Flannery,Pasha Pashkov,7,10.428571428571429,0.1428571428571428,Actor/Actress,Pennsylvania,United States,55,55-64,Eliminated Week 8,7,24.0,11,10,198.0,1.0,0.1212121212121212,1.0,0.0,1.0,0.0,0.0,3,0.2727272727272727,0.0,1,0.1,0.6470491148620384,8.0,False,6
28,4,Kate Flannery,Pasha Pashkov,7,10.428571428571429,0.1428571428571428,Actor/Actress,Pennsylvania,United States,55,55-64,Eliminated Week 8,7,26.0,11,10,282.0,0.8125,0.0921985815602836,0.3,-0.5125,0.24375,-0.41640625,-0.15375,4,0.3636363636363636,0.0,8,0.8,0.6100898286247587,8.0,False,8
28,5,Kate Flannery,Pasha Pashkov,7,10.428571428571429,0.1428571428571428,Actor/Actress,Pennsylvania,United States,55,55-64,Eliminated Week 8,7,24.0,11,9,215.0,0.8888888888888888,0.1116279069767441,0.5555555555555556,-0.3333333333333332,0.4938271604938271,-0.2962962962962962,-0.1851851851851851,5,0.4545454545454545,0.0,5,0.5555555555555556,0.6622657435851638,8.0,False,6
28,6,Kate Flannery,Pasha Pashkov,7,10.428571428571429,0.1428571428571428,Actor/Actress,Pennsylvania,United States,55,55-64,Eliminated Week 8,7,27.0,11,9,228.0,1.0,0.1184210526315789,1.0,0.0,1.0,0.0,0.0,6,0.5454545454545454,0.0,1,0.1111111111111111,0.6581149542397827,8.0,False,7
28,7,Kate Flannery,Pasha Pashkov,7,10.428571428571429,0.1428571428571428,Actor/Actress,Pennsylvania,United States,55,55-64,Eliminated Week 8,7,24.0,11,8,202.0,0.8888888888888888,0.1188118811881188,0.25,-0.6388888888888888,0.2222222222222222,-0.5679012345679012,-0.1597222222222222,7,0.6363636363636364,0.0,7,0.875,0.669364931876026,8.0,False,6
28,8,Kate Flannery,Pasha Pashkov,7,10.428571428571429,0.1428571428571428,Actor/Actress,Pennsylvania,United States,55,55-64,Eliminated Week 8,7,25.9998,11,7,192.9992,0.8124988281176757,0.1347145480395773,0.4285714285714286,-0.3839273995462471,0.3482137834790039,-0.3119405622135924,-0.1645403140912487,8,0.7272727272727273,0.0,5,0.7142857142857143,0.6268980598768066,8.0,True,7
28,1,Kel Mitchell,Witney Carson,14,5.5,0.3571428571428571,Actor/Actress,Illinois,United States,41,35-44,2nd Place,2,16.0,11,12,197.0,0.7619047619047619,0.0812182741116751,0.5,-0.2619047619047618,0.3809523809523809,-0.1995464852607709,-0.1309523809523809,1,0.0909090909090909,0.0,7,0.5833333333333334,0.6996167275284523,,False,4
28,2,Kel Mitchell,Witney Carson,14,5.5,0.3571428571428571,Actor/Actress,Illinois,United States,41,35-44,2nd Place,2,20.0,11,12,219.0,0.8333333333333334,0.091324200913242,0.8333333333333334,0.0,0.6944444444444445,0.0,0.0,2,0.1818181818181818,0.0,3,0.25,0.7081328029149861,,False,2
28,3,Kel Mitchell,Witney Carson,14,5.5,0.3571428571428571,Actor/Actress,Illinois,United States,41,35-44,2nd Place,2,20.0,11,10,198.0,0.8333333333333334,0.101010101010101,0.5,-0.3333333333333333,0.4166666666666667,-0.2777777777777778,-0.1666666666666666,3,0.2727272727272727,0.0,6,0.6,0.7784621587199594,,False,3
28,4,Kel Mitchell,Witney Carson,14,5.5,0.3571428571428571,Actor/Actress,Illinois,United States,41,35-44,2nd Place,2,32.0,11,10,282.0,1.0,0.1134751773049645,1.0,0.0,1.0,0.0,0.0,4,0.3636363636363636,0.0,1,0.1,0.8476602368036368,,False,2
28,5,Kel Mitchell,Witney Carson,14,5.5,0.3571428571428571,Actor/Actress,Illinois,United States,41,35-44,2nd Place,2,26.0,11,9,215.0,0.9629629629629628,0.1209302325581395,0.8888888888888888,-0.074074074074074,0.8559670781893003,-0.0713305898491083,-0.0658436213991769,5,0.4545454545454545,0.0,2,0.2222222222222222,0.8344030480454525,,False,2
28,6,Kel Mitchell,Witney Carson,14,5.5,0.3571428571428571,Actor/Actress,Illinois,United States,41,35-44,2nd Place,2,26.0,11,9,228.0,0.9629629629629628,0.1140350877192982,0.6666666666666667,-0.2962962962962961,0.6419753086419754,-0.2853223593964333,-0.1975308641975308,6,0.5454545454545454,0.0,4,0.4444444444444444,0.8914561188505711,,False,1
28,7,Kel Mitchell,Witney Carson,14,5.5,0.3571428571428571,Actor/Actress,Illinois,United States,41,35-44,2nd Place,2,25.5,11,8,202.0,0.9444444444444444,0.1262376237623762,0.5,-0.4444444444444444,0.4722222222222222,-0.419753086419753,-0.2222222222222222,7,0.6363636363636364,0.0,5,0.625,0.8977148418856782,,False,2
28,8,Kel Mitchell,Witney Carson,14,5.5,0.3571428571428571,Actor/Actress,Illinois,United States,41,35-44,2nd Place,2,29.9998,11,7,192.9992,0.9374996093725586,0.1554400225493162,0.5714285714285714,-0.3660710379439872,0.5357140624986049,-0.3431914550750951,-0.2091834502537069,8,0.7272727272727273,0.0,4,0.5714285714285714,0.904531499688006,,False,1
28,9,Kel Mitchell,Witney Carson,14,5.5,0.3571428571428571,Actor/Actress,Illinois,United States,41,35-44,2nd Place,2,37.0,11,6,208.5,0.925,0.1774580335731415,0.8333333333333334,-0.0916666666666666,0.7708333333333334,-0.0847916666666666,-0.0763888888888889,9,0.8181818181818182,0.0,2,0.3333333333333333,0.8599365638149457,,False,2
28,10,Kel Mitchell,Witney Carson,14,5.5,0.3571428571428571,Actor/Actress,Illinois,United States,41,35-44,2nd Place,2,28.5,11,5,137.5,0.9661016949152542,0.2072727272727272,0.8,-0.1661016949152541,0.7728813559322034,-0.1604711289859235,-0.1328813559322033,10,0.9090909090909092,0.0,2,0.4,0.8836404449709121,,False,2
28,11,Kel Mitchell,Witney Carson,14,5.5,0.3571428571428571,Actor/Actress,Illinois,United States,41,35-44,2nd Place,2,29.5,11,4,117.0,0.9833333333333332,0.2521367521367521,0.75,-0.2333333333333332,0.7374999999999999,-0.2294444444444443,-0.1749999999999999,11,1.0,0.0,2,0.5,0.9204621525398315,,False,2
28,1,Lamar Odom,Peta Murgatroyd,15,7.4,0.1333333333333333,Athlete,New York,United States,39,35-44,Eliminated Week 4,10,11.0,11,12,197.0,0.5238095238095238,0.0558375634517766,0.0833333333333333,-0.4404761904761904,0.0436507936507936,-0.2307256235827664,-0.0367063492063492,1,0.0909090909090909,0.0,12,1.0,0.2692413795312746,4.0,False,12
28,2,Lamar Odom,Peta Murgatroyd,15,7.4,0.1333333333333333,Athlete,New York,United States,39,35-44,Eliminated Week 4,10,12.0,11,12,219.0,0.5,0.0547945205479452,0.0833333333333333,-0.4166666666666666,0.0416666666666666,-0.2083333333333333,-0.0347222222222222,2,0.1818181818181818,0.0,12,1.0,0.2588049081927071,4.0,False,11
28,3,Lamar Odom,Peta Murgatroyd,15,7.4,0.1333333333333333,Athlete,New York,United States,39,35-44,Eliminated Week 4,10,12.0,11,10,198.0,0.5,0.0606060606060606,0.0999999999999999,-0.4,0.0499999999999999,-0.2,-0.0399999999999999,3,0.2727272727272727,0.0,10,1.0,0.2744946887778095,4.0,False,10
28,4,Lamar Odom,Peta Murgatroyd,15,7.4,0.1333333333333333,Athlete,New York,United States,39,35-44,Eliminated Week 4,10,20.0,11,10,282.0,0.625,0.0709219858156028,0.0999999999999999,-0.525,0.0624999999999999,-0.328125,-0.0524999999999999,4,0.3636363636363636,0.0,10,1.0,0.3800325085759746,4.0,True,10
28,1,Lauren Alaina,Gleb Savchenko,13,8.461538461538462,0.0,Singer/Rapper,Georgia,United States,24,<25,4th Place,4,19.0,11,12,197.0,0.9047619047619048,0.0964467005076142,0.8333333333333334,-0.0714285714285714,0.753968253968254,-0.064625850340136,-0.0595238095238095,1,0.0909090909090909,0.0,3,0.25,0.7145328026734679,,False,3
28,2,Lauren Alaina,Gleb Savchenko,13,8.461538461538462,0.0,Singer/Rapper,Georgia,United States,24,<25,4th Place,4,19.0,11,12,219.0,0.7916666666666666,0.0867579908675799,0.5833333333333333,-0.2083333333333333,0.4618055555555554,-0.1649305555555555,-0.1215277777777777,2,0.1818181818181818,0.0,6,0.5,0.6704521997565693,,False,4
28,3,Lauren Alaina,Gleb Savchenko,13,8.461538461538462,0.0,Singer/Rapper,Georgia,United States,24,<25,4th Place,4,20.0,11,10,198.0,0.8333333333333334,0.101010101010101,0.5,-0.3333333333333333,0.4166666666666667,-0.2777777777777778,-0.1666666666666666,3,0.2727272727272727,0.0,6,0.6,0.7240795957500474,,False,5
28,4,Lauren Alaina,Gleb Savchenko,13,8.461538461538462,0.0,Singer/Rapper,Georgia,United States,24,<25,4th Place,4,32.0,11,10,282.0,1.0,0.1134751773049645,1.0,0.0,1.0,0.0,0.0,4,0.3636363636363636,0.0,1,0.1,0.7932776738337247,,False,4
28,5,Lauren Alaina,Gleb Savchenko,13,8.461538461538462,0.0,Singer/Rapper,Georgia,United States,24,<25,4th Place,4,23.0,11,9,215.0,0.8518518518518519,0.1069767441860465,0.3333333333333333,-0.5185185185185185,0.2839506172839506,-0.4417009602194787,-0.1728395061728395,5,0.4545454545454545,0.0,7,0.7777777777777778,0.7572302280263031,,False,5
28,6,Lauren Alaina,Gleb Savchenko,13,8.461538461538462,0.0,Singer/Rapper,Georgia,United States,24,<25,4th Place,4,26.0,11,9,228.0,0.9629629629629628,0.1140350877192982,0.6666666666666667,-0.2962962962962961,0.6419753086419754,-0.2853223593964333,-0.1975308641975308,6,0.5454545454545454,0.0,4,0.4444444444444444,0.837073555880659,,False,4
28,7,Lauren Alaina,Gleb Savchenko,13,8.461538461538462,0.0,Singer/Rapper,Georgia,United States,24,<25,4th Place,4,27.0,11,8,202.0,1.0,0.1336633663366336,1.0,0.0,1.0,0.0,0.0,7,0.6363636363636364,0.0,1,0.125,0.7790050800087609,,False,4
28,8,Lauren Alaina,Gleb Savchenko,13,8.461538461538462,0.0,Singer/Rapper,Georgia,United States,24,<25,4th Place,4,24.0,11,7,192.9992,0.750004687529297,0.1243528470584334,0.2857142857142857,-0.4642904018150113,0.2142870535797991,-0.3482199777361193,-0.1326544005185746,8,0.7272727272727273,0.0,6,0.8571428571428571,0.6941754773035712,,False,5
28,9,Lauren Alaina,Gleb Savchenko,13,8.461538461538462,0.0,Singer/Rapper,Georgia,United States,24,<25,4th Place,4,35.0,11,6,208.5,0.875,0.1678657074340527,0.3333333333333333,-0.5416666666666666,0.2916666666666667,-0.4739583333333333,-0.1805555555555555,9,0.8181818181818182,0.0,5,0.8333333333333334,0.8321267428905478,,False,4
28,10,Lauren Alaina,Gleb Savchenko,13,8.461538461538462,0.0,Singer/Rapper,Georgia,United States,24,<25,4th Place,4,27.0,11,5,137.5,0.9152542372881356,0.1963636363636363,0.6,-0.3152542372881356,0.5491525423728814,-0.2885377765010055,-0.1891525423728813,10,0.9090909090909092,0.0,3,0.6,0.8251880566456338,,False,3
28,11,Lauren Alaina,Gleb Savchenko,13,8.461538461538462,0.0,Singer/Rapper,Georgia,United States,24,<25,4th Place,4,28.5,11,4,117.0,0.95,0.2435897435897435,0.25,-0.7,0.2375,-0.6649999999999999,-0.175,11,1.0,0.0,4,1.0,0.8782444429836479,,False,3
28,1,Mary Wilson,Brandon Armstrong,8,9.125,0.125,Singer/Rapper,Nevada,United States,75,65+,Eliminated Week 2,12,17.0,11,12,197.0,0.8095238095238095,0.0862944162436548,0.6666666666666667,-0.1428571428571428,0.5396825396825398,-0.1156462585034013,-0.0952380952380952,1,0.0909090909090909,0.0,5,0.4166666666666667,0.4003278132412972,2.0,False,10
28,2,Mary Wilson,Brandon Armstrong,8,9.125,0.125,Singer/Rapper,Nevada,United States,75,65+,Eliminated Week 2,12,15.0,11,12,219.0,0.625,0.0684931506849315,0.25,-0.375,0.15625,-0.234375,-0.09375,2,0.1818181818181818,0.0,10,0.8333333333333334,0.2805960664039421,2.0,True,12
28,1,Ray Lewis,Cheryl Burke,25,5.8,0.32,Athlete,Florida,United States,44,35-44,Withdrew,11,15.0,11,12,197.0,0.7142857142857143,0.0761421319796954,0.3333333333333333,-0.3809523809523809,0.2380952380952381,-0.2721088435374149,-0.126984126984127,1,0.0909090909090909,0.0,9,0.75,0.4361663115992131,,False,9
28,2,Ray Lewis,Cheryl Burke,25,5.8,0.32,Athlete,Florida,United States,44,35-44,Withdrew,11,15.0,11,12,219.0,0.625,0.0684931506849315,0.25,-0.375,0.15625,-0.234375,-0.09375,2,0.1818181818181818,0.0,10,0.8333333333333334,0.3700334172510275,,False,10
28,1,Sailor Brinkley-Cook,Valentin Chmerkovskiy,19,5.2631578947368425,0.4736842105263157,Model,New York,United States,21,<25,Eliminated Week 6,9,18.0,11,12,197.0,0.8571428571428571,0.0913705583756345,0.75,-0.1071428571428571,0.6428571428571428,-0.0918367346938775,-0.0803571428571428,1,0.0909090909090909,0.0,4,0.3333333333333333,0.5202293477165503,6.0,False,6
28,2,Sailor Brinkley-Cook,Valentin Chmerkovskiy,19,5.2631578947368425,0.4736842105263157,Model,New York,United States,21,<25,Eliminated Week 6,9,18.0,11,12,219.0,0.75,0.0821917808219178,0.4166666666666666,-0.3333333333333333,0.3125,-0.25,-0.1388888888888889,2,0.1818181818181818,0.0,8,0.6666666666666666,0.4775073045888373,6.0,False,9
28,3,Sailor Brinkley-Cook,Valentin Chmerkovskiy,19,5.2631578947368425,0.4736842105263157,Model,New York,United States,21,<25,Eliminated Week 6,9,23.0,11,10,198.0,0.9583333333333334,0.1161616161616161,0.8,-0.1583333333333333,0.7666666666666667,-0.1517361111111111,-0.1266666666666666,3,0.2727272727272727,0.0,3,0.3,0.6201157145542794,6.0,False,7
28,4,Sailor Brinkley-Cook,Valentin Chmerkovskiy,19,5.2631578947368425,0.4736842105263157,Model,New York,United States,21,<25,Eliminated Week 6,9,31.0,11,10,282.0,0.96875,0.1099290780141844,0.6,-0.36875,0.5812499999999999,-0.3572265625,-0.22125,4,0.3636363636363636,0.0,5,0.5,0.6943600644101368,6.0,False,6
28,5,Sailor Brinkley-Cook,Valentin Chmerkovskiy,19,5.2631578947368425,0.4736842105263157,Model,New York,United States,21,<25,Eliminated Week 6,9,24.0,11,9,215.0,0.8888888888888888,0.1116279069767441,0.5555555555555556,-0.3333333333333332,0.4938271604938271,-0.2962962962962962,-0.1851851851851851,5,0.4545454545454545,0.0,5,0.5555555555555556,0.6117727978595362,6.0,False,7
28,6,Sailor Brinkley-Cook,Valentin Chmerkovskiy,19,5.2631578947368425,0.4736842105263157,Model,New York,United States,21,<25,Eliminated Week 6,9,27.0,11,9,228.0,1.0,0.1184210526315789,1.0,0.0,1.0,0.0,0.0,6,0.5454545454545454,0.0,1,0.1111111111111111,0.607622008514155,6.0,True,9
28,1,Sean Spicer,Lindsay Arnold,10,5.4,0.4,Politician,New York,United States,48,45-54,Eliminated Week 9,6,12.0,11,12,197.0,0.5714285714285714,0.0609137055837563,0.1666666666666666,-0.4047619047619047,0.0952380952380952,-0.2312925170068027,-0.0674603174603174,1,0.0909090909090909,0.0,11,0.9166666666666666,0.3971580854516003,9.0,False,11
28,2,Sean Spicer,Lindsay Arnold,10,5.4,0.4,Politician,New York,United States,48,45-54,Eliminated Week 9,6,16.0,11,12,219.0,0.6666666666666666,0.0730593607305936,0.3333333333333333,-0.3333333333333332,0.2222222222222222,-0.2222222222222221,-0.1111111111111111,2,0.1818181818181818,0.0,9,0.75,0.4861202879337202,9.0,False,8
28,3,Sean Spicer,Lindsay Arnold,10,5.4,0.4,Politician,New York,United States,48,45-54,Eliminated Week 9,6,15.0,11,10,198.0,0.625,0.0757575757575757,0.1999999999999999,-0.425,0.1249999999999999,-0.265625,-0.0849999999999999,3,0.2727272727272727,0.0,9,0.9,0.4584646716741477,9.0,False,8
28,4,Sean Spicer,Lindsay Arnold,10,5.4,0.4,Politician,New York,United States,48,45-54,Eliminated Week 9,6,21.0,11,10,282.0,0.65625,0.0744680851063829,0.1999999999999999,-0.45625,0.1312499999999999,-0.2994140625,-0.0912499999999999,4,0.3636363636363636,0.0,9,0.9,0.5000599539748735,9.0,False,9
28,5,Sean Spicer,Lindsay Arnold,10,5.4,0.4,Politician,New York,United States,48,45-54,Eliminated Week 9,6,19.0,11,9,215.0,0.7037037037037037,0.0883720930232558,0.1111111111111111,-0.5925925925925926,0.0781893004115226,-0.4170096021947874,-0.0658436213991769,5,0.4545454545454545,0.0,9,1.0,0.5205712598076538,9.0,False,9
28,6,Sean Spicer,Lindsay Arnold,10,5.4,0.4,Politician,New York,United States,48,45-54,Eliminated Week 9,6,21.0,11,9,228.0,0.7777777777777778,0.0921052631578947,0.1111111111111111,-0.6666666666666666,0.0864197530864197,-0.5185185185185185,-0.0740740740740741,6,0.5454545454545454,0.0,9,1.0,0.5780712958535382,9.0,False,8
28,7,Sean Spicer,Lindsay Arnold,10,5.4,0.4,Politician,New York,United States,48,45-54,Eliminated Week 9,6,21.0,11,8,202.0,0.7777777777777778,0.1039603960396039,0.125,-0.6527777777777778,0.0972222222222222,-0.5077160493827161,-0.0815972222222222,7,0.6363636363636364,0.0,8,1.0,0.5874335452569018,9.0,False,7
28,8,Sean Spicer,Lindsay Arnold,10,5.4,0.4,Politician,New York,United States,48,45-54,Eliminated Week 9,6,20.0,11,7,192.9992,0.6250039062744142,0.1036273725486945,0.1428571428571429,-0.4821467634172712,0.0892862723249163,-0.3013436105333603,-0.0688781090596102,8,0.7272727272727273,0.0,7,1.0,0.4900603167588392,9.0,False,6
28,9,Sean Spicer,Lindsay Arnold,10,5.4,0.4,Politician,New York,United States,48,45-54,Eliminated Week 9,6,25.0,11,6,208.5,0.625,0.1199040767386091,0.1666666666666666,-0.4583333333333333,0.1041666666666666,-0.2864583333333333,-0.0763888888888888,9,0.8181818181818182,0.0,6,1.0,0.5153256509224017,9.0,True,6
29,1,AJ McLean,Cheryl Burke,25,5.8,0.32,Singer/Rapper,Florida,United States,42,35-44,Eliminated Week 9,7,18.0,11,15,260.0,0.8571428571428571,0.0692307692307692,0.6666666666666667,-0.1904761904761903,0.5714285714285715,-0.1632653061224488,-0.1269841269841269,1,0.0909090909090909,0.0,6,0.4,0.644512504604184,9.0,False,5
29,2,AJ McLean,Cheryl Burke,25,5.8,0.32,Singer/Rapper,Florida,United States,42,35-44,Eliminated Week 9,7,19.0,11,15,273.0,0.8636363636363636,0.0695970695970696,0.7333333333333334,-0.1303030303030302,0.6333333333333334,-0.1125344352617079,-0.0955555555555555,2,0.1818181818181818,0.0,5,0.3333333333333333,0.6417655984588896,9.0,False,5
29,3,AJ McLean,Cheryl Burke,25,5.8,0.32,Singer/Rapper,Florida,United States,42,35-44,Eliminated Week 9,7,21.0,11,14,281.0,0.875,0.0747330960854092,0.5714285714285714,-0.3035714285714286,0.5,-0.265625,-0.173469387755102,3,0.2727272727272727,0.0,7,0.5,0.6856277652192504,9.0,False,4
29,4,AJ McLean,Cheryl Burke,25,5.8,0.32,Singer/Rapper,Florida,United States,42,35-44,Eliminated Week 9,7,24.0,11,13,301.0,0.8571428571428571,0.0797342192691029,0.8461538461538461,-0.0109890109890109,0.7252747252747253,-0.0094191522762951,-0.0092983939137784,4,0.3636363636363636,0.0,3,0.2307692307692307,0.6282369384419896,9.0,False,6
29,5,AJ McLean,Cheryl Burke,25,5.8,0.32,Singer/Rapper,Florida,United States,42,35-44,Eliminated Week 9,7,24.0,11,12,287.0,0.8275862068965517,0.0836236933797909,0.6666666666666667,-0.1609195402298849,0.5517241379310346,-0.1331747919143875,-0.10727969348659,5,0.4545454545454545,0.0,5,0.4166666666666667,0.649001152202822,9.0,False,6
29,6,AJ McLean,Cheryl Burke,25,5.8,0.32,Singer/Rapper,Florida,United States,42,35-44,Eliminated Week 9,7,27.0,11,11,268.0,1.0,0.1007462686567164,1.0,0.0,1.0,0.0,0.0,6,0.5454545454545454,0.0,1,0.0909090909090909,0.7216804979740653,9.0,False,5
29,7,AJ McLean,Cheryl Burke,25,5.8,0.32,Singer/Rapper,Florida,United States,42,35-44,Eliminated Week 9,7,26.0,11,10,260.0,0.8666666666666667,0.1,0.6,-0.2666666666666667,0.52,-0.2311111111111111,-0.16,7,0.6363636363636364,0.0,5,0.5,0.7062583154685417,9.0,False,4
29,8,AJ McLean,Cheryl Burke,25,5.8,0.32,Singer/Rapper,Florida,United States,42,35-44,Eliminated Week 9,7,27.0,11,8,221.9996,0.9,0.1216218407600734,0.5,-0.4,0.45,-0.36,-0.2,8,0.7272727272727273,0.0,5,0.625,0.7557847679966815,9.0,False,4
29,9,AJ McLean,Cheryl Burke,25,5.8,0.32,Singer/Rapper,Florida,United States,42,35-44,Eliminated Week 9,7,24.9998,11,7,192.9992,0.8333266666666667,0.1295331794121426,0.2857142857142857,-0.547612380952381,0.2380933333333333,-0.4563400000444444,-0.1564606802721088,9,0.8181818181818182,0.0,6,0.8571428571428571,0.703963464359555,9.0,True,7
29,1,Anne Heche,Keo Motsepe,9,9.88888888888889,0.1111111111111111,Actor/Actress,Ohio,United States,51,45-54,Eliminated Week 4,13,18.0,11,15,260.0,0.8571428571428571,0.0692307692307692,0.6666666666666667,-0.1904761904761903,0.5714285714285715,-0.1632653061224488,-0.1269841269841269,1,0.0909090909090909,0.0,6,0.4,0.3942784376344715,4.0,False,12
29,2,Anne Heche,Keo Motsepe,9,9.88888888888889,0.1111111111111111,Actor/Actress,Ohio,United States,51,45-54,Eliminated Week 4,13,18.0,11,15,273.0,0.8181818181818182,0.0659340659340659,0.6666666666666667,-0.1515151515151515,0.5454545454545455,-0.1239669421487603,-0.101010101010101,2,0.1818181818181818,0.0,6,0.4,0.3616466390365197,4.0,False,13
29,3,Anne Heche,Keo Motsepe,9,9.88888888888889,0.1111111111111111,Actor/Actress,Ohio,United States,51,45-54,Eliminated Week 4,13,15.0,11,14,281.0,0.625,0.0533807829181494,0.1428571428571429,-0.4821428571428571,0.0892857142857143,-0.3013392857142857,-0.0688775510204081,3,0.2727272727272727,0.0,13,0.9285714285714286,0.2159260456251904,4.0,False,13
29,4,Anne Heche,Keo Motsepe,9,9.88888888888889,0.1111111111111111,Actor/Actress,Ohio,United States,51,45-54,Eliminated Week 4,13,21.0,11,13,301.0,0.75,0.0697674418604651,0.3076923076923077,-0.4423076923076923,0.2307692307692307,-0.3317307692307692,-0.136094674556213,4,0.3636363636363636,0.0,10,0.7692307692307693,0.3463978666412916,4.0,True,13
29,1,Carole Baskin,Pasha Pashkov,7,10.428571428571429,0.1428571428571428,TV Personality,Texas,United States,59,55-64,Eliminated Week 3,14,11.0,11,15,260.0,0.5238095238095238,0.0423076923076923,0.0666666666666666,-0.4571428571428572,0.0349206349206349,-0.2394557823129252,-0.0304761904761904,1,0.0909090909090909,0.0,15,1.0,0.1031242084005621,3.0,False,15
29,2,Carole Baskin,Pasha Pashkov,7,10.428571428571429,0.1428571428571428,TV Personality,Texas,United States,59,55-64,Eliminated Week 3,14,16.0,11,15,273.0,0.7272727272727273,0.0586080586080586,0.2666666666666667,-0.4606060606060606,0.193939393939394,-0.3349862258953168,-0.1228282828282828,2,0.1818181818181818,0.0,12,0.8,0.2834456017383444,3.0,False,14
29,3,Carole Baskin,Pasha Pashkov,7,10.428571428571429,0.1428571428571428,TV Personality,Texas,United States,59,55-64,Eliminated Week 3,14,12.0,11,14,281.0,0.5,0.0427046263345195,0.0714285714285714,-0.4285714285714286,0.0357142857142857,-0.2142857142857143,-0.0306122448979591,3,0.2727272727272727,0.0,14,1.0,0.1009154041126386,3.0,True,14
29,1,Charles Oakley,Emma Slater,16,7.9375,0.0625,Athlete,Ohio,United States,56,55-64,Eliminated Week 2,15,12.0,11,15,260.0,0.5714285714285714,0.0461538461538461,0.1333333333333333,-0.4380952380952381,0.0761904761904761,-0.2503401360544217,-0.0584126984126984,1,0.0909090909090909,0.0,14,0.9333333333333332,0.1459311360167081,2.0,False,14
29,2,Charles Oakley,Emma Slater,16,7.9375,0.0625,Athlete,Ohio,United States,56,55-64,Eliminated Week 2,15,15.0,11,15,273.0,0.6818181818181818,0.0549450549450549,0.1333333333333333,-0.5484848484848485,0.0909090909090908,-0.3739669421487603,-0.0731313131313131,2,0.1818181818181818,0.0,14,0.9333333333333332,0.2284357534539276,2.0,True,15
29,1,Chrishell Stause,Gleb Savchenko,13,8.461538461538462,0.0,Actor/Actress,Kentucky,United States,39,35-44,Eliminated Week 8,8,13.0,11,15,260.0,0.6190476190476191,0.05,0.1999999999999999,-0.4190476190476191,0.1238095238095237,-0.2594104308390023,-0.0838095238095238,1,0.0909090909090909,0.0,13,0.8666666666666667,0.3930870475021847,8.0,False,13
29,2,Chrishell Stause,Gleb Savchenko,13,8.461538461538462,0.0,Actor/Actress,Kentucky,United States,39,35-44,Eliminated Week 8,8,18.0,11,15,273.0,0.8181818181818182,0.0659340659340659,0.6666666666666667,-0.1515151515151515,0.5454545454545455,-0.1239669421487603,-0.101010101010101,2,0.1818181818181818,0.0,6,0.4,0.5487562235874484,8.0,False,7
29,3,Chrishell Stause,Gleb Savchenko,13,8.461538461538462,0.0,Actor/Actress,Kentucky,United States,39,35-44,Eliminated Week 8,8,22.0,11,14,281.0,0.9166666666666666,0.0782918149466192,0.7857142857142857,-0.1309523809523809,0.7202380952380952,-0.1200396825396825,-0.102891156462585,3,0.2727272727272727,0.0,4,0.2857142857142857,0.6266137078839222,8.0,False,6
29,4,Chrishell Stause,Gleb Savchenko,13,8.461538461538462,0.0,Actor/Actress,Kentucky,United States,39,35-44,Eliminated Week 8,8,22.0,11,13,301.0,0.7857142857142857,0.0730897009966777,0.4615384615384615,-0.3241758241758241,0.3626373626373626,-0.2547095761381475,-0.1496196111580726,4,0.3636363636363636,0.0,8,0.6153846153846154,0.5651439521810241,8.0,False,8
29,5,Chrishell Stause,Gleb Savchenko,13,8.461538461538462,0.0,Actor/Actress,Kentucky,United States,39,35-44,Eliminated Week 8,8,19.0,11,12,287.0,0.6551724137931034,0.0662020905923344,0.1666666666666666,-0.4885057471264368,0.1091954022988505,-0.320055489496631,-0.0814176245210727,5,0.4545454545454545,0.0,11,0.9166666666666666,0.4529675378944386,8.0,False,10
29,6,Chrishell Stause,Gleb Savchenko,13,8.461538461538462,0.0,Actor/Actress,Kentucky,United States,39,35-44,Eliminated Week 8,8,24.0,11,11,268.0,0.8888888888888888,0.0895522388059701,0.4545454545454546,-0.4343434343434342,0.404040404040404,-0.3860830527497193,-0.1974288337924701,6,0.5454545454545454,0.0,7,0.6363636363636364,0.6631551580622685,8.0,False,6
29,7,Chrishell Stause,Gleb Savchenko,13,8.461538461538462,0.0,Actor/Actress,Kentucky,United States,39,35-44,Eliminated Week 8,8,26.0,11,10,260.0,0.8666666666666667,0.1,0.6,-0.2666666666666667,0.52,-0.2311111111111111,-0.16,7,0.6363636363636364,0.0,5,0.5,0.6431338330497579,8.0,False,8
29,8,Chrishell Stause,Gleb Savchenko,13,8.461538461538462,0.0,Actor/Actress,Kentucky,United States,39,35-44,Eliminated Week 8,8,27.0,11,8,221.9996,0.9,0.1216218407600734,0.5,-0.4,0.45,-0.36,-0.2,8,0.7272727272727273,0.0,5,0.625,0.6926602855778976,8.0,True,8
29,1,Jeannie Mai,Brandon Armstrong,8,9.125,0.125,TV Personality,California,United States,41,35-44,Withdrew,9,18.0,11,15,260.0,0.8571428571428571,0.0692307692307692,0.6666666666666667,-0.1904761904761903,0.5714285714285715,-0.1632653061224488,-0.1269841269841269,1,0.0909090909090909,0.0,6,0.4,0.5296691016708577,,False,9
29,2,Jeannie Mai,Brandon Armstrong,8,9.125,0.125,TV Personality,California,United States,41,35-44,Withdrew,9,18.0,11,15,273.0,0.8181818181818182,0.0659340659340659,0.6666666666666667,-0.1515151515151515,0.5454545454545455,-0.1239669421487603,-0.101010101010101,2,0.1818181818181818,0.0,6,0.4,0.4970373030729058,,False,8
29,3,Jeannie Mai,Brandon Armstrong,8,9.125,0.125,TV Personality,California,United States,41,35-44,Withdrew,9,22.0,11,14,281.0,0.9166666666666666,0.0782918149466192,0.7857142857142857,-0.1309523809523809,0.7202380952380952,-0.1200396825396825,-0.102891156462585,3,0.2727272727272727,0.0,4,0.2857142857142857,0.5748947873693798,,False,8
29,4,Jeannie Mai,Brandon Armstrong,8,9.125,0.125,TV Personality,California,United States,41,35-44,Withdrew,9,21.0,11,13,301.0,0.75,0.0697674418604651,0.3076923076923077,-0.4423076923076923,0.2307692307692307,-0.3317307692307692,-0.136094674556213,4,0.3636363636363636,0.0,10,0.7692307692307693,0.4817885306776776,,False,10
29,5,Jeannie Mai,Brandon Armstrong,8,9.125,0.125,TV Personality,California,United States,41,35-44,Withdrew,9,24.0,11,12,287.0,0.8275862068965517,0.0836236933797909,0.6666666666666667,-0.1609195402298849,0.5517241379310346,-0.1331747919143875,-0.10727969348659,5,0.4545454545454545,0.0,5,0.4166666666666667,0.5341577492694957,,False,9
29,6,Jeannie Mai,Brandon Armstrong,8,9.125,0.125,TV Personality,California,United States,41,35-44,Withdrew,9,25.0,11,11,268.0,0.925925925925926,0.0932835820895522,0.5454545454545454,-0.3804713804713805,0.505050505050505,-0.3522883152512782,-0.2075298438934802,6,0.5454545454545454,0.0,6,0.5454545454545454,0.6405743695367906,,False,7
29,7,Jeannie Mai,Brandon Armstrong,8,9.125,0.125,TV Personality,California,United States,41,35-44,Withdrew,9,25.0,11,10,260.0,0.8333333333333334,0.0961538461538461,0.3,-0.5333333333333333,0.25,-0.4444444444444445,-0.16,7,0.6363636363636364,0.0,8,0.8,0.5732668869797535,,False,9
29,1,Jesse Metcalfe,Sharna Burgess,14,6.571428571428571,0.3571428571428571,Actor/Actress,California,United States,41,35-44,Eliminated Week 5,12,18.0,11,15,260.0,0.8571428571428571,0.0692307692307692,0.6666666666666667,-0.1904761904761903,0.5714285714285715,-0.1632653061224488,-0.1269841269841269,1,0.0909090909090909,0.0,6,0.4,0.4334378015582939,5.0,False,11
29,2,Jesse Metcalfe,Sharna Burgess,14,6.571428571428571,0.3571428571428571,Actor/Actress,California,United States,41,35-44,Eliminated Week 5,12,20.0,11,15,273.0,0.9090909090909092,0.0732600732600732,0.8,-0.109090909090909,0.7272727272727273,-0.0991735537190082,-0.0872727272727272,2,0.1818181818181818,0.0,4,0.2666666666666666,0.4595128263400811,5.0,False,11
29,3,Jesse Metcalfe,Sharna Burgess,14,6.571428571428571,0.3571428571428571,Actor/Actress,California,United States,41,35-44,Eliminated Week 5,12,20.0,11,14,281.0,0.8333333333333334,0.0711743772241993,0.4285714285714286,-0.4047619047619047,0.3571428571428572,-0.3373015873015873,-0.173469387755102,3,0.2727272727272727,0.0,9,0.6428571428571429,0.4440033632340722,5.0,False,12
29,4,Jesse Metcalfe,Sharna Burgess,14,6.571428571428571,0.3571428571428571,Actor/Actress,California,United States,41,35-44,Eliminated Week 5,12,21.0,11,13,301.0,0.75,0.0697674418604651,0.3076923076923077,-0.4423076923076923,0.2307692307692307,-0.3317307692307692,-0.136094674556213,4,0.3636363636363636,0.0,10,0.7692307692307693,0.3855572305651138,5.0,False,12
29,5,Jesse Metcalfe,Sharna Burgess,14,6.571428571428571,0.3571428571428571,Actor/Actress,California,United States,41,35-44,Eliminated Week 5,12,19.0,11,12,287.0,0.6551724137931034,0.0662020905923344,0.1666666666666666,-0.4885057471264368,0.1091954022988505,-0.320055489496631,-0.0814176245210727,5,0.4545454545454545,0.0,11,0.9166666666666666,0.3050173172673324,5.0,True,12
29,1,Johnny Weir,Britt Stewart,6,10.0,0.0,Athlete,Pennsylvania,United States,36,35-44,Eliminated Week 10,6,18.0,11,15,260.0,0.8571428571428571,0.0692307692307692,0.6666666666666667,-0.1904761904761903,0.5714285714285715,-0.1632653061224488,-0.1269841269841269,1,0.0909090909090909,0.0,6,0.4,0.6285853526603961,10.0,False,6
29,2,Johnny Weir,Britt Stewart,6,10.0,0.0,Athlete,Pennsylvania,United States,36,35-44,Eliminated Week 10,6,18.0,11,15,273.0,0.8181818181818182,0.0659340659340659,0.6666666666666667,-0.1515151515151515,0.5454545454545455,-0.1239669421487603,-0.101010101010101,2,0.1818181818181818,0.0,6,0.4,0.5959535540624441,10.0,False,6
29,3,Johnny Weir,Britt Stewart,6,10.0,0.0,Athlete,Pennsylvania,United States,36,35-44,Eliminated Week 10,6,24.0,11,14,281.0,1.0,0.0854092526690391,1.0,0.0,1.0,0.0,0.0,3,0.2727272727272727,0.0,1,0.0714285714285714,0.6937337052348876,10.0,False,3
29,4,Johnny Weir,Britt Stewart,6,10.0,0.0,Athlete,Pennsylvania,United States,36,35-44,Eliminated Week 10,6,24.0,11,13,301.0,0.8571428571428571,0.0797342192691029,0.8461538461538461,-0.0109890109890109,0.7252747252747253,-0.0094191522762951,-0.0092983939137784,4,0.3636363636363636,0.0,3,0.2307692307692307,0.6123097864982017,10.0,False,7
29,5,Johnny Weir,Britt Stewart,6,10.0,0.0,Athlete,Pennsylvania,United States,36,35-44,Eliminated Week 10,6,29.0,11,12,287.0,1.0,0.1010452961672473,1.0,0.0,1.0,0.0,0.0,5,0.4545454545454545,0.0,1,0.0833333333333333,0.7118210746787555,10.0,False,3
29,6,Johnny Weir,Britt Stewart,6,10.0,0.0,Athlete,Pennsylvania,United States,36,35-44,Eliminated Week 10,6,22.0,11,11,268.0,0.8148148148148148,0.0820895522388059,0.2727272727272727,-0.5420875420875421,0.2222222222222221,-0.4417009602194787,-0.147842056932966,6,0.5454545454545454,0.0,9,0.8181818181818182,0.6404521416346283,10.0,False,8
29,7,Johnny Weir,Britt Stewart,6,10.0,0.0,Athlete,Pennsylvania,United States,36,35-44,Eliminated Week 10,6,27.0,11,10,260.0,0.9,0.1038461538461538,0.9,0.0,0.81,0.0,0.0,7,0.6363636363636364,0.0,2,0.2,0.6485184228598125,10.0,False,7
29,8,Johnny Weir,Britt Stewart,6,10.0,0.0,Athlete,Pennsylvania,United States,36,35-44,Eliminated Week 10,6,30.0,11,8,221.9996,1.0,0.1351353786223038,1.0,0.0,1.0,0.0,0.0,8,0.7272727272727273,0.0,1,0.125,0.7176611837232795,10.0,False,6
29,9,Johnny Weir,Britt Stewart,6,10.0,0.0,Athlete,Pennsylvania,United States,36,35-44,Eliminated Week 10,6,30.0,11,7,192.9992,1.0,0.1554410588230417,1.0,0.0,1.0,0.0,0.0,9,0.8181818181818182,0.0,1,0.1428571428571428,0.7188833258695069,10.0,False,5
29,10,Johnny Weir,Britt Stewart,6,10.0,0.0,Athlete,Pennsylvania,United States,36,35-44,Eliminated Week 10,6,28.5,11,6,174.0,0.95,0.1637931034482758,0.5,-0.4499999999999999,0.475,-0.4274999999999999,-0.2249999999999999,10,0.9090909090909092,0.0,4,0.6666666666666666,0.7957614812316381,10.0,True,6
29,1,Justina Machado,Sasha Farber,12,6.083333333333333,0.1666666666666666,Actor/Actress,Illinois,United States,48,45-54,4th Place,4,21.0,11,15,260.0,1.0,0.0807692307692307,1.0,0.0,1.0,0.0,0.0,1,0.0909090909090909,0.0,1,0.0666666666666666,0.7363060581902819,,False,3
29,2,Justina Machado,Sasha Farber,12,6.083333333333333,0.1666666666666666,Actor/Actress,Illinois,United States,48,45-54,4th Place,4,21.0,11,15,273.0,0.9545454545454546,0.0769230769230769,0.9333333333333332,-0.0212121212121212,0.890909090909091,-0.0202479338842975,-0.0197979797979798,2,0.1818181818181818,0.0,2,0.1333333333333333,0.7158871640066226,,False,3
29,3,Justina Machado,Sasha Farber,12,6.083333333333333,0.1666666666666666,Actor/Actress,Illinois,United States,48,45-54,4th Place,4,19.0,11,14,281.0,0.7916666666666666,0.0676156583629893,0.3571428571428571,-0.4345238095238095,0.2827380952380952,-0.3439980158730158,-0.1551870748299319,3,0.2727272727272727,0.0,10,0.7142857142857143,0.6559060815004714,,False,5
29,4,Justina Machado,Sasha Farber,12,6.083333333333333,0.1666666666666666,Actor/Actress,Illinois,United States,48,45-54,4th Place,4,24.0,11,13,301.0,0.8571428571428571,0.0797342192691029,0.8461538461538461,-0.0109890109890109,0.7252747252747253,-0.0094191522762951,-0.0092983939137784,4,0.3636363636363636,0.0,3,0.2307692307692307,0.6660892384844157,,False,4
29,5,Justina Machado,Sasha Farber,12,6.083333333333333,0.1666666666666666,Actor/Actress,Illinois,United States,48,45-54,4th Place,4,24.0,11,12,287.0,0.8275862068965517,0.0836236933797909,0.6666666666666667,-0.1609195402298849,0.5517241379310346,-0.1331747919143875,-0.10727969348659,5,0.4545454545454545,0.0,5,0.4166666666666667,0.686853452245248,,False,4
29,6,Justina Machado,Sasha Farber,12,6.083333333333333,0.1666666666666666,Actor/Actress,Illinois,United States,48,45-54,4th Place,4,27.0,11,11,268.0,1.0,0.1007462686567164,1.0,0.0,1.0,0.0,0.0,6,0.5454545454545454,0.0,1,0.0909090909090909,0.7595327980164914,,False,4
29,7,Justina Machado,Sasha Farber,12,6.083333333333333,0.1666666666666666,Actor/Actress,Illinois,United States,48,45-54,4th Place,4,26.0,11,10,260.0,0.8666666666666667,0.1,0.6,-0.2666666666666667,0.52,-0.2311111111111111,-0.16,7,0.6363636363636364,0.0,5,0.5,0.7441106155109678,,False,3
29,8,Justina Machado,Sasha Farber,12,6.083333333333333,0.1666666666666666,Actor/Actress,Illinois,United States,48,45-54,4th Place,4,28.9998,11,8,221.9996,0.96666,0.1306299650990362,0.75,-0.2166599999999999,0.724995,-0.2094365555999999,-0.1624949999999999,8,0.7272727272727273,0.0,3,0.375,0.8185201825741346,,False,3
29,9,Justina Machado,Sasha Farber,12,6.083333333333333,0.1666666666666666,Actor/Actress,Illinois,United States,48,45-54,4th Place,4,25.9998,11,7,192.9992,0.86666,0.1347145480395773,0.4285714285714286,-0.4380885714285714,0.3714257142857143,-0.3796738413142856,-0.1877522448979592,9,0.8181818181818182,0.0,5,0.7142857142857143,0.7721131927883236,,False,4
29,10,Justina Machado,Sasha Farber,12,6.083333333333333,0.1666666666666666,Actor/Actress,Illinois,United States,48,45-54,4th Place,4,29.0,11,6,174.0,0.9666666666666668,0.1666666666666666,0.6666666666666667,-0.2999999999999999,0.6444444444444445,-0.2899999999999999,-0.1999999999999999,10,0.9090909090909092,0.0,3,0.5,0.8429139020573085,,False,2
29,11,Justina Machado,Sasha Farber,12,6.083333333333333,0.1666666666666666,Actor/Actress,Illinois,United States,48,45-54,4th Place,4,30.0,11,4,118.5,1.0,0.2531645569620253,1.0,0.0,1.0,0.0,0.0,11,1.0,0.0,1,0.25,0.7770875333134619,,False,4
29,1,Kaitlyn Bristowe,Artem Chigvintsev,12,7.416666666666667,0.0833333333333333,TV Personality,Unknown,Canada,35,35-44,1st Place,1,20.0,11,15,260.0,0.9523809523809524,0.0769230769230769,0.8666666666666667,-0.0857142857142856,0.8253968253968254,-0.0816326530612244,-0.0742857142857142,1,0.0909090909090909,0.0,3,0.2,0.8641248029271309,,False,1
29,2,Kaitlyn Bristowe,Artem Chigvintsev,12,7.416666666666667,0.0833333333333333,TV Personality,Unknown,Canada,35,35-44,1st Place,1,22.0,11,15,273.0,1.0,0.0805860805860805,1.0,0.0,1.0,0.0,0.0,2,0.1818181818181818,0.0,1,0.0666666666666666,0.8739136380114981,,False,1
29,3,Kaitlyn Bristowe,Artem Chigvintsev,12,7.416666666666667,0.0833333333333333,TV Personality,Unknown,Canada,35,35-44,1st Place,1,23.0,11,14,281.0,0.9583333333333334,0.0818505338078291,0.8571428571428572,-0.1011904761904761,0.8214285714285715,-0.0969742063492063,-0.086734693877551,3,0.2727272727272727,0.0,3,0.2142857142857142,0.884557418798284,,False,1
29,4,Kaitlyn Bristowe,Artem Chigvintsev,12,7.416666666666667,0.0833333333333333,TV Personality,Unknown,Canada,35,35-44,1st Place,1,25.0,11,13,301.0,0.8928571428571429,0.0830564784053156,0.9230769230769232,0.0302197802197802,0.8241758241758242,0.0269819466248037,0.0278951817413355,4,0.3636363636363636,0.0,2,0.1538461538461538,0.8107528022426372,,False,1
29,5,Kaitlyn Bristowe,Artem Chigvintsev,12,7.416666666666667,0.0833333333333333,TV Personality,Unknown,Canada,35,35-44,1st Place,1,27.0,11,12,287.0,0.9310344827586208,0.0940766550522648,0.9166666666666666,-0.014367816091954,0.853448275862069,-0.0133769322235434,-0.0131704980842911,5,0.4545454545454545,0.0,2,0.1666666666666666,0.8566991568028421,,False,1
29,6,Kaitlyn Bristowe,Artem Chigvintsev,12,7.416666666666667,0.0833333333333333,TV Personality,Unknown,Canada,35,35-44,1st Place,1,27.0,11,11,268.0,1.0,0.1007462686567164,1.0,0.0,1.0,0.0,0.0,6,0.5454545454545454,0.0,1,0.0909090909090909,0.8933187561037419,,False,1
29,7,Kaitlyn Bristowe,Artem Chigvintsev,12,7.416666666666667,0.0833333333333333,TV Personality,Unknown,Canada,35,35-44,1st Place,1,24.0,11,10,260.0,0.8,0.0923076923076923,0.1999999999999999,-0.6000000000000001,0.1599999999999999,-0.4800000000000001,-0.12,7,0.6363636363636364,0.0,9,0.9,0.8220482457930551,,False,2
29,8,Kaitlyn Bristowe,Artem Chigvintsev,12,7.416666666666667,0.0833333333333333,TV Personality,Unknown,Canada,35,35-44,1st Place,1,28.0,11,8,221.9996,0.9333333333333332,0.1261263533808169,0.625,-0.3083333333333333,0.5833333333333334,-0.2877777777777778,-0.1927083333333333,8,0.7272727272727273,0.0,4,0.5,0.9443144470361654,,False,1
29,9,Kaitlyn Bristowe,Artem Chigvintsev,12,7.416666666666667,0.0833333333333333,TV Personality,Unknown,Canada,35,35-44,1st Place,1,30.0,11,7,192.9992,1.0,0.1554410588230417,1.0,0.0,1.0,0.0,0.0,9,0.8181818181818182,0.0,1,0.1428571428571428,0.9064487359429716,,False,1
29,10,Kaitlyn Bristowe,Artem Chigvintsev,12,7.416666666666667,0.0833333333333333,TV Personality,Unknown,Canada,35,35-44,1st Place,1,30.0,11,6,174.0,1.0,0.1724137931034483,1.0,0.0,1.0,0.0,0.0,10,0.9090909090909092,0.0,1,0.1666666666666666,0.9073948843112748,,False,1
29,11,Kaitlyn Bristowe,Artem Chigvintsev,12,7.416666666666667,0.0833333333333333,TV Personality,Unknown,Canada,35,35-44,1st Place,1,30.0,11,4,118.5,1.0,0.2531645569620253,1.0,0.0,1.0,0.0,0.0,11,1.0,0.0,1,0.25,0.9108734914007126,,False,1
29,1,Monica Aldama,Valentin Chmerkovskiy,19,5.2631578947368425,0.4736842105263157,TV Personality,Alabama,United States,48,45-54,Eliminated Week 7,10,19.0,11,15,260.0,0.9047619047619048,0.073076923076923,0.7333333333333334,-0.1714285714285713,0.6634920634920636,-0.1551020408163264,-0.1257142857142857,1,0.0909090909090909,0.0,5,0.3333333333333333,0.5482725723095411,7.0,False,8
29,2,Monica Aldama,Valentin Chmerkovskiy,19,5.2631578947368425,0.4736842105263157,TV Personality,Alabama,United States,48,45-54,Eliminated Week 7,10,16.0,11,15,273.0,0.7272727272727273,0.0586080586080586,0.2666666666666667,-0.4606060606060606,0.193939393939394,-0.3349862258953168,-0.1228282828282828,2,0.1818181818181818,0.0,12,0.8,0.4195098173698065,7.0,False,12
29,3,Monica Aldama,Valentin Chmerkovskiy,19,5.2631578947368425,0.4736842105263157,TV Personality,Alabama,United States,48,45-54,Eliminated Week 7,10,21.0,11,14,281.0,0.875,0.0747330960854092,0.5714285714285714,-0.3035714285714286,0.5,-0.265625,-0.173469387755102,3,0.2727272727272727,0.0,7,0.5,0.5563769978708732,7.0,False,10
29,4,Monica Aldama,Valentin Chmerkovskiy,19,5.2631578947368425,0.4736842105263157,TV Personality,Alabama,United States,48,45-54,Eliminated Week 7,10,24.0,11,13,301.0,0.8571428571428571,0.0797342192691029,0.8461538461538461,-0.0109890109890109,0.7252747252747253,-0.0094191522762951,-0.0092983939137784,4,0.3636363636363636,0.0,3,0.2307692307692307,0.4989861710936125,7.0,False,9
29,5,Monica Aldama,Valentin Chmerkovskiy,19,5.2631578947368425,0.4736842105263157,TV Personality,Alabama,United States,48,45-54,Eliminated Week 7,10,26.0,11,12,287.0,0.896551724137931,0.0905923344947735,0.8333333333333334,-0.0632183908045976,0.7471264367816093,-0.0566785572730875,-0.0526819923371647,5,0.4545454545454545,0.0,3,0.25,0.5470124764576534,7.0,False,8
29,6,Monica Aldama,Valentin Chmerkovskiy,19,5.2631578947368425,0.4736842105263157,TV Personality,Alabama,United States,48,45-54,Eliminated Week 7,10,27.0,11,11,268.0,1.0,0.1007462686567164,1.0,0.0,1.0,0.0,0.0,6,0.5454545454545454,0.0,1,0.0909090909090909,0.5924297306256882,7.0,False,9
29,7,Monica Aldama,Valentin Chmerkovskiy,19,5.2631578947368425,0.4736842105263157,TV Personality,Alabama,United States,48,45-54,Eliminated Week 7,10,22.0,11,10,260.0,0.7333333333333333,0.0846153846153846,0.0999999999999999,-0.6333333333333333,0.0733333333333333,-0.4644444444444444,-0.0633333333333333,7,0.6363636363636364,0.0,10,1.0,0.4521995466293471,7.0,True,10
29,1,Nelly,Daniella Karagach,5,4.6,0.6,Singer/Rapper,Texas,United States,45,45-54,3rd Place,3,16.0,11,15,260.0,0.7619047619047619,0.0615384615384615,0.2666666666666667,-0.4952380952380951,0.2031746031746032,-0.3773242630385486,-0.132063492063492,1,0.0909090909090909,0.0,12,0.8,0.6078100406030462,,False,7
29,2,Nelly,Daniella Karagach,5,4.6,0.6,Singer/Rapper,Texas,United States,45,45-54,3rd Place,3,18.0,11,15,273.0,0.8181818181818182,0.0659340659340659,0.6666666666666667,-0.1515151515151515,0.5454545454545455,-0.1239669421487603,-0.101010101010101,2,0.1818181818181818,0.0,6,0.4,0.6465080194062297,,False,4
29,3,Nelly,Daniella Karagach,5,4.6,0.6,Singer/Rapper,Texas,United States,45,45-54,3rd Place,3,18.0,11,14,281.0,0.75,0.0640569395017793,0.2857142857142857,-0.4642857142857143,0.2142857142857142,-0.3482142857142857,-0.1326530612244898,3,0.2727272727272727,0.0,11,0.7857142857142857,0.6139895718624675,,False,7
29,4,Nelly,Daniella Karagach,5,4.6,0.6,Singer/Rapper,Texas,United States,45,45-54,3rd Place,3,21.0,11,13,301.0,0.75,0.0697674418604651,0.3076923076923077,-0.4423076923076923,0.2307692307692307,-0.3317307692307692,-0.136094674556213,4,0.3636363636363636,0.0,10,0.7692307692307693,0.6312592470110018,,False,5
29,5,Nelly,Daniella Karagach,5,4.6,0.6,Singer/Rapper,Texas,United States,45,45-54,3rd Place,3,24.0,11,12,287.0,0.8275862068965517,0.0836236933797909,0.6666666666666667,-0.1609195402298849,0.5517241379310346,-0.1331747919143875,-0.10727969348659,5,0.4545454545454545,0.0,5,0.4166666666666667,0.6836284656028195,,False,5
29,6,Nelly,Daniella Karagach,5,4.6,0.6,Singer/Rapper,Texas,United States,45,45-54,3rd Place,3,24.0,11,11,268.0,0.8888888888888888,0.0895522388059701,0.4545454545454546,-0.4343434343434342,0.404040404040404,-0.3860830527497193,-0.1974288337924701,6,0.5454545454545454,0.0,7,0.6363636363636364,0.7609069538810499,,False,3
29,7,Nelly,Daniella Karagach,5,4.6,0.6,Singer/Rapper,Texas,United States,45,45-54,3rd Place,3,27.0,11,10,260.0,0.9,0.1038461538461538,0.9,0.0,0.81,0.0,0.0,7,0.6363636363636364,0.0,2,0.2,0.6990728882035983,,False,5
29,8,Nelly,Daniella Karagach,5,4.6,0.6,Singer/Rapper,Texas,United States,45,45-54,3rd Place,3,24.0,11,8,221.9996,0.8,0.108108302897843,0.125,-0.675,0.1,-0.54,-0.084375,8,0.7272727272727273,0.0,8,1.0,0.6863799863690017,,False,7
29,9,Nelly,Daniella Karagach,5,4.6,0.6,Singer/Rapper,Texas,United States,45,45-54,3rd Place,3,24.0,11,7,192.9992,0.8,0.1243528470584334,0.1428571428571429,-0.6571428571428571,0.1142857142857143,-0.5257142857142857,-0.0938775510204081,9,0.8181818181818182,0.0,7,1.0,0.6962340096241109,,False,6
29,10,Nelly,Daniella Karagach,5,4.6,0.6,Singer/Rapper,Texas,United States,45,45-54,3rd Place,3,28.0,11,6,174.0,0.9333333333333332,0.160919540229885,0.1666666666666666,-0.7666666666666667,0.1555555555555555,-0.7155555555555556,-0.1277777777777777,10,0.9090909090909092,0.0,6,1.0,0.8177628426763943,,False,4
29,11,Nelly,Daniella Karagach,5,4.6,0.6,Singer/Rapper,Texas,United States,45,45-54,3rd Place,3,28.5,11,4,118.5,0.95,0.240506329113924,0.25,-0.7,0.2375,-0.6649999999999999,-0.175,11,1.0,0.0,4,1.0,0.8569324495016049,,False,2
29,1,Nev Schulman,Jenna Johnson,9,6.444444444444445,0.4444444444444444,Producer,New York,United States,35,35-44,2nd Place,2,20.0,11,15,260.0,0.9523809523809524,0.0769230769230769,0.8666666666666667,-0.0857142857142856,0.8253968253968254,-0.0816326530612244,-0.0742857142857142,1,0.0909090909090909,0.0,3,0.2,0.7856078135773191,,False,2
29,2,Nev Schulman,Jenna Johnson,9,6.444444444444445,0.4444444444444444,Producer,New York,United States,35,35-44,2nd Place,2,21.0,11,15,273.0,0.9545454545454546,0.0769230769230769,0.9333333333333332,-0.0212121212121212,0.890909090909091,-0.0202479338842975,-0.0197979797979798,2,0.1818181818181818,0.0,2,0.1333333333333333,0.7711561327440615,,False,2
29,3,Nev Schulman,Jenna Johnson,9,6.444444444444445,0.4444444444444444,Producer,New York,United States,35,35-44,2nd Place,2,24.0,11,14,281.0,1.0,0.0854092526690391,1.0,0.0,1.0,0.0,0.0,3,0.2727272727272727,0.0,1,0.0714285714285714,0.8027821259585408,,False,2
29,4,Nev Schulman,Jenna Johnson,9,6.444444444444445,0.4444444444444444,Producer,New York,United States,35,35-44,2nd Place,2,24.0,11,13,301.0,0.8571428571428571,0.0797342192691029,0.8461538461538461,-0.0109890109890109,0.7252747252747253,-0.0094191522762951,-0.0092983939137784,4,0.3636363636363636,0.0,3,0.2307692307692307,0.7213582072218547,,False,2
29,5,Nev Schulman,Jenna Johnson,9,6.444444444444445,0.4444444444444444,Producer,New York,United States,35,35-44,2nd Place,2,26.0,11,12,287.0,0.896551724137931,0.0905923344947735,0.8333333333333334,-0.0632183908045976,0.7471264367816093,-0.0566785572730875,-0.0526819923371647,5,0.4545454545454545,0.0,3,0.25,0.7693845125858957,,False,2
29,6,Nev Schulman,Jenna Johnson,9,6.444444444444445,0.4444444444444444,Producer,New York,United States,35,35-44,2nd Place,2,26.0,11,11,268.0,0.9629629629629628,0.0970149253731343,0.6363636363636364,-0.3265993265993265,0.6127946127946128,-0.3145030552437959,-0.2078359351086623,6,0.5454545454545454,0.0,5,0.4545454545454545,0.8738024789308775,,False,2
29,7,Nev Schulman,Jenna Johnson,9,6.444444444444445,0.4444444444444444,Producer,New York,United States,35,35-44,2nd Place,2,30.0,11,10,260.0,1.0,0.1153846153846153,1.0,0.0,1.0,0.0,0.0,7,0.6363636363636364,0.0,1,0.1,0.8256225545866638,,False,1
29,8,Nev Schulman,Jenna Johnson,9,6.444444444444445,0.4444444444444444,Producer,New York,United States,35,35-44,2nd Place,2,30.0,11,8,221.9996,1.0,0.1351353786223038,1.0,0.0,1.0,0.0,0.0,8,0.7272727272727273,0.0,1,0.125,0.8267096044469324,,False,2
29,9,Nev Schulman,Jenna Johnson,9,6.444444444444445,0.4444444444444444,Producer,New York,United States,35,35-44,2nd Place,2,28.9998,11,7,192.9992,0.96666,0.1502586539218815,0.7142857142857143,-0.2523742857142856,0.6904714285714285,-0.2439601270285713,-0.1802673469387754,9,0.8181818181818182,0.0,3,0.4285714285714285,0.8851404990778836,,False,2
29,10,Nev Schulman,Jenna Johnson,9,6.444444444444445,0.4444444444444444,Producer,New York,United States,35,35-44,2nd Place,2,30.0,11,6,174.0,1.0,0.1724137931034483,1.0,0.0,1.0,0.0,0.0,10,0.9090909090909092,0.0,1,0.1666666666666666,0.8288778949614632,,False,3
29,11,Nev Schulman,Jenna Johnson,9,6.444444444444445,0.4444444444444444,Producer,New York,United States,35,35-44,2nd Place,2,30.0,11,4,118.5,1.0,0.2531645569620253,1.0,0.0,1.0,0.0,0.0,11,1.0,0.0,1,0.25,0.8323565020509008,,False,3
29,1,Skai Jackson,Alan Bersten,9,6.111111111111111,0.2222222222222222,Actor/Actress,New York,United States,18,<25,Eliminated Week 10,5,21.0,11,15,260.0,1.0,0.0807692307692307,1.0,0.0,1.0,0.0,0.0,1,0.0909090909090909,0.0,1,0.0666666666666666,0.6881335226180413,10.0,False,4
29,2,Skai Jackson,Alan Bersten,9,6.111111111111111,0.2222222222222222,Actor/Actress,New York,United States,18,<25,Eliminated Week 10,5,15.0,11,15,273.0,0.6818181818181818,0.0549450549450549,0.1333333333333333,-0.5484848484848485,0.0909090909090908,-0.3739669421487603,-0.0731313131313131,2,0.1818181818181818,0.0,14,0.9333333333333332,0.4849742114327005,10.0,False,9
29,3,Skai Jackson,Alan Bersten,9,6.111111111111111,0.2222222222222222,Actor/Actress,New York,United States,18,<25,Eliminated Week 10,5,18.0,11,14,281.0,0.75,0.0640569395017793,0.2857142857142857,-0.4642857142857143,0.2142857142857142,-0.3482142857142857,-0.1326530612244898,3,0.2727272727272727,0.0,11,0.7857142857142857,0.5690420229326553,10.0,False,9
29,4,Skai Jackson,Alan Bersten,9,6.111111111111111,0.2222222222222222,Actor/Actress,New York,United States,18,<25,Eliminated Week 10,5,28.0,11,13,301.0,1.0,0.0930232558139534,1.0,0.0,1.0,0.0,0.0,4,0.3636363636363636,0.0,1,0.0769230769230769,0.7133706535111929,10.0,False,3
29,5,Skai Jackson,Alan Bersten,9,6.111111111111111,0.2222222222222222,Actor/Actress,New York,United States,18,<25,Eliminated Week 10,5,24.0,11,12,287.0,0.8275862068965517,0.0836236933797909,0.6666666666666667,-0.1609195402298849,0.5517241379310346,-0.1331747919143875,-0.10727969348659,5,0.4545454545454545,0.0,5,0.4166666666666667,0.6386809166730072,10.0,False,7
29,6,Skai Jackson,Alan Bersten,9,6.111111111111111,0.2222222222222222,Actor/Actress,New York,United States,18,<25,Eliminated Week 10,5,18.0,11,11,268.0,0.6666666666666666,0.0671641791044776,0.0909090909090909,-0.5757575757575757,0.0606060606060606,-0.3838383838383837,-0.0523415977961432,6,0.5454545454545454,0.0,11,1.0,0.5047938367464149,10.0,False,10
29,7,Skai Jackson,Alan Bersten,9,6.111111111111111,0.2222222222222222,Actor/Actress,New York,United States,18,<25,Eliminated Week 10,5,27.0,11,10,260.0,0.9,0.1038461538461538,0.9,0.0,0.81,0.0,0.0,7,0.6363636363636364,0.0,2,0.2,0.6541253392737859,10.0,False,6
29,8,Skai Jackson,Alan Bersten,9,6.111111111111111,0.2222222222222222,Actor/Actress,New York,United States,18,<25,Eliminated Week 10,5,26.9998,11,8,221.9996,0.8999933333333333,0.1216209398575493,0.25,-0.6499933333333333,0.2249983333333333,-0.5849896667111111,-0.1624983333333333,8,0.7272727272727273,0.0,7,0.875,0.74203711512872,10.0,False,5
29,9,Skai Jackson,Alan Bersten,9,6.111111111111111,0.2222222222222222,Actor/Actress,New York,United States,18,<25,Eliminated Week 10,5,28.9998,11,7,192.9992,0.96666,0.1502586539218815,0.7142857142857143,-0.2523742857142856,0.6904714285714285,-0.2439601270285713,-0.1802673469387754,9,0.8181818181818182,0.0,3,0.4285714285714285,0.781698994768204,10.0,False,3
29,10,Skai Jackson,Alan Bersten,9,6.111111111111111,0.2222222222222222,Actor/Actress,New York,United States,18,<25,Eliminated Week 10,5,28.5,11,6,174.0,0.95,0.1637931034482758,0.5,-0.4499999999999999,0.475,-0.4274999999999999,-0.2249999999999999,10,0.9090909090909092,0.0,4,0.6666666666666666,0.8013683976456114,10.0,True,6
29,1,Veron Davis,Peta Murgatroyd,15,7.4,0.1333333333333333,Athlete,Washington D.C.,United States,36,35-44,Eliminated Week 6,11,17.0,11,15,260.0,0.8095238095238095,0.0653846153846153,0.3333333333333333,-0.4761904761904761,0.2698412698412699,-0.3854875283446712,-0.1587301587301587,1,0.0909090909090909,0.0,11,0.7333333333333333,0.4668618260389583,6.0,False,10
29,2,Veron Davis,Peta Murgatroyd,15,7.4,0.1333333333333333,Athlete,Washington D.C.,United States,36,35-44,Eliminated Week 6,11,18.0,11,15,273.0,0.8181818181818182,0.0659340659340659,0.6666666666666667,-0.1515151515151515,0.5454545454545455,-0.1239669421487603,-0.101010101010101,2,0.1818181818181818,0.0,6,0.4,0.4610166165967466,6.0,False,10
29,3,Veron Davis,Peta Murgatroyd,15,7.4,0.1333333333333333,Athlete,Washington D.C.,United States,36,35-44,Eliminated Week 6,11,22.0,11,14,281.0,0.9166666666666666,0.0782918149466192,0.7857142857142857,-0.1309523809523809,0.7202380952380952,-0.1200396825396825,-0.102891156462585,3,0.2727272727272727,0.0,4,0.2857142857142857,0.5388741008932205,6.0,False,11
29,4,Veron Davis,Peta Murgatroyd,15,7.4,0.1333333333333333,Athlete,Washington D.C.,United States,36,35-44,Eliminated Week 6,11,22.0,11,13,301.0,0.7857142857142857,0.0730897009966777,0.4615384615384615,-0.3241758241758241,0.3626373626373626,-0.2547095761381475,-0.1496196111580726,4,0.3636363636363636,0.0,8,0.6153846153846154,0.4774043451903224,6.0,False,11
29,5,Veron Davis,Peta Murgatroyd,15,7.4,0.1333333333333333,Athlete,Washington D.C.,United States,36,35-44,Eliminated Week 6,11,21.0,11,12,287.0,0.7241379310344828,0.073170731707317,0.25,-0.4741379310344827,0.1810344827586207,-0.3433412604042806,-0.1185344827586206,5,0.4545454545454545,0.0,10,0.8333333333333334,0.4285509573431653,6.0,False,11
29,6,Veron Davis,Peta Murgatroyd,15,7.4,0.1333333333333333,Athlete,Washington D.C.,United States,36,35-44,Eliminated Week 6,11,21.0,11,11,268.0,0.7777777777777778,0.0783582089552238,0.1818181818181817,-0.595959595959596,0.1414141414141413,-0.4635241301907969,-0.1083562901744719,6,0.5454545454545454,0.0,10,0.9090909090909092,0.4647529892553593,6.0,True,11
30,1,Amanda Kloots,Alan Bersten,9,6.111111111111111,0.2222222222222222,TV Personality,Ohio,United States,39,35-44,4th Place,4,28.0,10,15,366.0,0.9655172413793104,0.0765027322404371,0.9333333333333332,-0.032183908045977,0.9011494252873564,-0.0310741181133571,-0.0300383141762452,1,0.1,0.0,2,0.1333333333333333,0.727933542016416,,False,3
30,2,Amanda Kloots,Alan Bersten,9,6.111111111111111,0.2222222222222222,TV Personality,Ohio,United States,39,35-44,4th Place,4,32.0,10,15,385.0,1.0,0.0831168831168831,1.0,0.0,1.0,0.0,0.0,2,0.2,0.0,1,0.0666666666666666,0.7520496070310682,,False,2
30,3,Amanda Kloots,Alan Bersten,9,6.111111111111111,0.2222222222222222,TV Personality,Ohio,United States,39,35-44,4th Place,4,24.0,10,14,298.0,1.0,0.0805369127516778,1.0,0.0,1.0,0.0,0.0,3,0.3,0.0,1,0.0714285714285714,0.7258924771615468,,False,2
30,4,Amanda Kloots,Alan Bersten,9,6.111111111111111,0.2222222222222222,TV Personality,Ohio,United States,39,35-44,4th Place,4,34.0,10,13,417.0,0.9315068493150684,0.0815347721822542,0.7692307692307692,-0.1622760800842992,0.7165437302423603,-0.1511612800785253,-0.1248277539109994,4,0.4,0.0,4,0.3076923076923077,0.7655522147687306,,False,3
30,5,Amanda Kloots,Alan Bersten,9,6.111111111111111,0.2222222222222222,TV Personality,Ohio,United States,39,35-44,4th Place,4,39.0,10,11,385.0,0.975,0.1012987012987013,0.9090909090909092,-0.0659090909090909,0.8863636363636364,-0.0642613636363636,-0.0599173553719008,5,0.5,0.0,2,0.1818181818181818,0.7858556315575518,,False,2
30,6,Amanda Kloots,Alan Bersten,9,6.111111111111111,0.2222222222222222,TV Personality,Ohio,United States,39,35-44,4th Place,4,38.0,10,10,364.0,0.95,0.1043956043956044,0.8,-0.1499999999999999,0.76,-0.1424999999999999,-0.1199999999999999,6,0.6,0.0,3,0.3,0.7935325372149371,,False,4
30,7,Amanda Kloots,Alan Bersten,9,6.111111111111111,0.2222222222222222,TV Personality,Ohio,United States,39,35-44,4th Place,4,34.0,10,9,327.0,0.8095238095238095,0.1039755351681957,0.4444444444444444,-0.3650793650793651,0.3597883597883597,-0.2955404383975812,-0.1622574955908289,7,0.7,0.0,6,0.6666666666666666,0.7209628166437827,,False,4
30,8,Amanda Kloots,Alan Bersten,9,6.111111111111111,0.2222222222222222,TV Personality,Ohio,United States,39,35-44,4th Place,4,42.0,10,8,308.0,1.0,0.1363636363636363,1.0,0.0,1.0,0.0,0.0,8,0.8,0.0,1,0.125,0.7886467728959697,,False,4
30,9,Amanda Kloots,Alan Bersten,9,6.111111111111111,0.2222222222222222,TV Personality,Ohio,United States,39,35-44,4th Place,4,39.5,10,6,226.0,0.9875,0.1747787610619469,0.8333333333333334,-0.1541666666666666,0.8229166666666667,-0.1522395833333333,-0.1284722222222222,9,0.9,0.0,2,0.3333333333333333,0.8316194067378172,,False,3
30,10,Amanda Kloots,Alan Bersten,9,6.111111111111111,0.2222222222222222,TV Personality,Ohio,United States,39,35-44,4th Place,4,39.0,10,4,157.0,0.975,0.2484076433121019,0.5,-0.475,0.4875,-0.4631249999999999,-0.2375,10,1.0,0.0,3,0.75,0.8924171916560097,,False,2
30,1,Brian Austin Green,Sharna Burgess,14,6.571428571428571,0.3571428571428571,Actor/Actress,California,United States,48,45-54,Eliminated Week 4,13,24.0,10,15,366.0,0.8275862068965517,0.0655737704918032,0.4666666666666667,-0.360919540229885,0.3862068965517241,-0.298692033293698,-0.1684291187739463,1,0.1,0.0,9,0.6,0.3796340634039202,4.0,False,14
30,2,Brian Austin Green,Sharna Burgess,14,6.571428571428571,0.3571428571428571,Actor/Actress,California,United States,48,45-54,Eliminated Week 4,13,23.0,10,15,385.0,0.71875,0.0597402597402597,0.1999999999999999,-0.51875,0.1437499999999999,-0.3728515625,-0.1037499999999999,2,0.2,0.0,13,0.8666666666666667,0.2795407755544831,4.0,False,13
30,3,Brian Austin Green,Sharna Burgess,14,6.571428571428571,0.3571428571428571,Actor/Actress,California,United States,48,45-54,Eliminated Week 4,13,19.0,10,14,298.0,0.7916666666666666,0.0637583892617449,0.2142857142857143,-0.5773809523809523,0.1696428571428571,-0.4570932539682539,-0.1237244897959183,3,0.3,0.0,12,0.8571428571428571,0.325581217076607,4.0,False,13
30,4,Brian Austin Green,Sharna Burgess,14,6.571428571428571,0.3571428571428571,Actor/Actress,California,United States,48,45-54,Eliminated Week 4,13,26.0,10,13,417.0,0.7123287671232876,0.0623501199040767,0.0769230769230768,-0.6354056902002108,0.0547945205479451,-0.4526177519234378,-0.0488773607846315,4,0.4,0.0,13,1.0,0.2763222958519241,4.0,True,13
30,1,Christine Chiu,Pasha Pashkov,7,10.428571428571429,0.1428571428571428,TV Personality,Unknown,Taiwan China,38,35-44,Eliminated Week 3,14,25.0,10,15,366.0,0.8620689655172413,0.0683060109289617,0.6,-0.2620689655172413,0.5172413793103448,-0.2259215219976218,-0.1572413793103448,1,0.1,0.0,7,0.4666666666666667,0.3934007643070392,3.0,False,13
30,2,Christine Chiu,Pasha Pashkov,7,10.428571428571429,0.1428571428571428,TV Personality,Unknown,Taiwan China,38,35-44,Eliminated Week 3,14,24.0,10,15,385.0,0.75,0.0623376623376623,0.4,-0.35,0.3,-0.2624999999999999,-0.1399999999999999,2,0.2,0.0,10,0.6666666666666666,0.3116098892159677,3.0,False,12
30,3,Christine Chiu,Pasha Pashkov,7,10.428571428571429,0.1428571428571428,TV Personality,Unknown,Taiwan China,38,35-44,Eliminated Week 3,14,21.0,10,14,298.0,0.875,0.0704697986577181,0.5714285714285714,-0.3035714285714286,0.5,-0.265625,-0.173469387755102,3,0.3,0.0,7,0.5,0.3975022018778689,3.0,True,14
30,1,Cody Rigsby,Cheryl Burke,25,5.8,0.32,Fitness Instructor,California,United States,34,25-34,3rd Place,3,24.0,10,15,366.0,0.8275862068965517,0.0655737704918032,0.4666666666666667,-0.360919540229885,0.3862068965517241,-0.298692033293698,-0.1684291187739463,1,0.1,0.0,9,0.6,0.7448544917752812,,False,2
30,2,Cody Rigsby,Cheryl Burke,25,5.8,0.32,Fitness Instructor,California,United States,34,25-34,3rd Place,3,24.0,10,15,385.0,0.75,0.0623376623376623,0.4,-0.35,0.3,-0.2624999999999999,-0.1399999999999999,2,0.2,0.0,10,0.6666666666666666,0.6857493258061867,,False,4
30,3,Cody Rigsby,Cheryl Burke,25,5.8,0.32,Fitness Instructor,California,United States,34,25-34,3rd Place,3,18.0,10,14,298.0,0.75,0.0604026845637583,0.0714285714285714,-0.6785714285714286,0.0535714285714285,-0.5089285714285714,-0.048469387755102,3,0.3,0.0,14,1.0,0.631073973868813,,False,6
30,4,Cody Rigsby,Cheryl Burke,25,5.8,0.32,Fitness Instructor,California,United States,34,25-34,3rd Place,3,29.0,10,13,417.0,0.7945205479452054,0.0695443645083932,0.2307692307692307,-0.5637513171759747,0.1833508956796627,-0.4479120054274867,-0.1300964578098403,4,0.4,0.0,11,0.8461538461538461,0.7349052554884274,,False,4
30,5,Cody Rigsby,Cheryl Burke,25,5.8,0.32,Fitness Instructor,California,United States,34,25-34,3rd Place,3,32.0,10,11,385.0,0.8,0.0831168831168831,0.2727272727272727,-0.5272727272727273,0.2181818181818181,-0.4218181818181818,-0.143801652892562,5,0.5,0.0,9,0.8181818181818182,0.7642336209818461,,False,3
30,6,Cody Rigsby,Cheryl Burke,25,5.8,0.32,Fitness Instructor,California,United States,34,25-34,3rd Place,3,36.0,10,10,364.0,0.9,0.0989010989010989,0.6,-0.3,0.54,-0.2700000000000001,-0.18,6,0.6,0.0,5,0.5,0.8528118838072107,,False,1
30,7,Cody Rigsby,Cheryl Burke,25,5.8,0.32,Fitness Instructor,California,United States,34,25-34,3rd Place,3,36.0,10,9,327.0,0.8571428571428571,0.110091743119266,0.5555555555555556,-0.3015873015873015,0.4761904761904761,-0.2585034013605441,-0.1675485008818341,7,0.7,0.0,5,0.5555555555555556,0.8260819260873842,,False,1
30,8,Cody Rigsby,Cheryl Burke,25,5.8,0.32,Fitness Instructor,California,United States,34,25-34,3rd Place,3,38.0,10,8,308.0,0.9047619047619048,0.1233766233766233,0.5,-0.4047619047619047,0.4523809523809524,-0.3662131519274376,-0.2023809523809523,8,0.8,0.0,5,0.625,0.8814349806443474,,False,2
30,9,Cody Rigsby,Cheryl Burke,25,5.8,0.32,Fitness Instructor,California,United States,34,25-34,3rd Place,3,35.5,10,6,226.0,0.8875,0.1570796460176991,0.1666666666666666,-0.7208333333333333,0.1479166666666666,-0.6397395833333333,-0.1201388888888888,9,0.9,0.0,6,1.0,0.858269375181197,,False,2
30,10,Cody Rigsby,Cheryl Burke,25,5.8,0.32,Fitness Instructor,California,United States,34,25-34,3rd Place,3,38.0,10,4,157.0,0.95,0.2420382165605095,0.25,-0.7,0.2375,-0.6649999999999999,-0.175,10,1.0,0.0,4,1.0,0.9378554890953376,,False,1
30,1,Iman Shumpert,Daniella Karagach,5,4.6,0.6,Athlete,Illinois,United States,31,25-34,1st Place,1,21.0,10,15,366.0,0.7241379310344828,0.0573770491803278,0.1333333333333333,-0.5908045977011495,0.096551724137931,-0.4278240190249703,-0.0787739463601532,1,0.1,0.0,14,0.9333333333333332,0.6232649240178589,,False,6
30,2,Iman Shumpert,Daniella Karagach,5,4.6,0.6,Athlete,Illinois,United States,31,25-34,1st Place,1,25.0,10,15,385.0,0.78125,0.0649350649350649,0.4666666666666667,-0.3145833333333333,0.3645833333333333,-0.2457682291666666,-0.1468055555555555,2,0.2,0.0,9,0.6,0.7053841931645972,,False,3
30,3,Iman Shumpert,Daniella Karagach,5,4.6,0.6,Athlete,Illinois,United States,31,25-34,1st Place,1,19.0,10,14,298.0,0.7916666666666666,0.0637583892617449,0.2142857142857143,-0.5773809523809523,0.1696428571428571,-0.4570932539682539,-0.1237244897959183,3,0.3,0.0,12,0.8571428571428571,0.6840309276385063,,False,4
30,4,Iman Shumpert,Daniella Karagach,5,4.6,0.6,Athlete,Illinois,United States,31,25-34,1st Place,1,31.5,10,13,417.0,0.863013698630137,0.0755395683453237,0.3846153846153846,-0.4783983140147524,0.3319283456269757,-0.4128642983962932,-0.1839993515441355,4,0.4,0.0,9,0.6923076923076923,0.800347934542111,,False,1
30,5,Iman Shumpert,Daniella Karagach,5,4.6,0.6,Athlete,Illinois,United States,31,25-34,1st Place,1,28.0,10,11,385.0,0.7,0.0727272727272727,0.0909090909090909,-0.609090909090909,0.0636363636363636,-0.4263636363636363,-0.0553719008264462,5,0.5,0.0,11,1.0,0.649377106748575,,False,7
30,6,Iman Shumpert,Daniella Karagach,5,4.6,0.6,Athlete,Illinois,United States,31,25-34,1st Place,1,40.0,10,10,364.0,1.0,0.1098901098901098,1.0,0.0,1.0,0.0,0.0,6,0.6,0.0,1,0.1,0.843743656841565,,False,2
30,7,Iman Shumpert,Daniella Karagach,5,4.6,0.6,Athlete,Illinois,United States,31,25-34,1st Place,1,34.0,10,9,327.0,0.8095238095238095,0.1039755351681957,0.4444444444444444,-0.3650793650793651,0.3597883597883597,-0.2955404383975812,-0.1622574955908289,7,0.7,0.0,6,0.6666666666666666,0.7839275771882455,,False,3
30,8,Iman Shumpert,Daniella Karagach,5,4.6,0.6,Athlete,Illinois,United States,31,25-34,1st Place,1,35.0,10,8,308.0,0.8333333333333334,0.1136363636363636,0.25,-0.5833333333333334,0.2083333333333333,-0.4861111111111111,-0.1458333333333333,8,0.8,0.0,7,0.875,0.8070933152749659,,False,3
30,9,Iman Shumpert,Daniella Karagach,5,4.6,0.6,Athlete,Illinois,United States,31,25-34,1st Place,1,37.5,10,6,226.0,0.9375,0.165929203539823,0.6666666666666667,-0.2708333333333332,0.6250000000000001,-0.2539062499999999,-0.1805555555555555,9,0.9,0.0,3,0.5,0.8850825654767472,,False,1
30,10,Iman Shumpert,Daniella Karagach,5,4.6,0.6,Athlete,Illinois,United States,31,25-34,1st Place,1,40.0,10,4,157.0,1.0,0.2547770700636942,1.0,0.0,1.0,0.0,0.0,10,1.0,0.0,1,0.25,0.8495803532341293,,False,3
30,1,Jimmie Allen,Emma Slater,16,7.9375,0.0625,Singer/Rapper,Delaware,United States,36,35-44,Eliminated Week 8,7,22.0,10,15,366.0,0.7586206896551724,0.0601092896174863,0.1999999999999999,-0.5586206896551724,0.1517241379310344,-0.4237812128418549,-0.1117241379310344,1,0.1,0.0,13,0.8666666666666667,0.5368400100108948,8.0,False,8
30,2,Jimmie Allen,Emma Slater,16,7.9375,0.0625,Singer/Rapper,Delaware,United States,36,35-44,Eliminated Week 8,7,27.0,10,15,385.0,0.84375,0.0701298701298701,0.7333333333333334,-0.1104166666666666,0.61875,-0.0931640624999999,-0.0809722222222221,2,0.2,0.0,5,0.3333333333333333,0.6055562911276722,8.0,False,7
30,3,Jimmie Allen,Emma Slater,16,7.9375,0.0625,Singer/Rapper,Delaware,United States,36,35-44,Eliminated Week 8,7,20.0,10,14,298.0,0.8333333333333334,0.0671140939597315,0.3571428571428571,-0.4761904761904763,0.2976190476190476,-0.3968253968253969,-0.1700680272108843,3,0.3,0.0,10,0.7142857142857143,0.6072583455141088,8.0,False,7
30,4,Jimmie Allen,Emma Slater,16,7.9375,0.0625,Singer/Rapper,Delaware,United States,36,35-44,Eliminated Week 8,7,32.5,10,13,417.0,0.8904109589041096,0.0779376498800959,0.5384615384615384,-0.3519494204425711,0.4794520547945205,-0.3133796209420154,-0.1895112263921537,4,0.4,0.0,7,0.5384615384615384,0.6975007837411371,8.0,False,7
30,5,Jimmie Allen,Emma Slater,16,7.9375,0.0625,Singer/Rapper,Delaware,United States,36,35-44,Eliminated Week 8,7,34.0,10,11,385.0,0.85,0.0883116883116883,0.3636363636363636,-0.4863636363636363,0.3090909090909091,-0.4134090909090909,-0.1768595041322314,5,0.5,0.0,8,0.7272727272727273,0.681872600397747,8.0,False,5
30,6,Jimmie Allen,Emma Slater,16,7.9375,0.0625,Singer/Rapper,Delaware,United States,36,35-44,Eliminated Week 8,7,38.0,10,10,364.0,0.95,0.1043956043956044,0.8,-0.1499999999999999,0.76,-0.1424999999999999,-0.1199999999999999,6,0.6,0.0,3,0.3,0.7312663781989207,8.0,False,6
30,7,Jimmie Allen,Emma Slater,16,7.9375,0.0625,Singer/Rapper,Delaware,United States,36,35-44,Eliminated Week 8,7,38.0,10,9,327.0,0.9047619047619048,0.1162079510703364,0.7777777777777778,-0.1269841269841269,0.7037037037037037,-0.1148904006046863,-0.0987654320987654,7,0.7,0.0,3,0.3333333333333333,0.6982753410756192,8.0,False,6
30,8,Jimmie Allen,Emma Slater,16,7.9375,0.0625,Singer/Rapper,Delaware,United States,36,35-44,Eliminated Week 8,7,32.0,10,8,308.0,0.7619047619047619,0.1038961038961039,0.125,-0.6369047619047619,0.0952380952380952,-0.4852607709750566,-0.0796130952380952,8,0.8,0.0,8,1.0,0.6052117117144702,8.0,True,8
30,1,JoJo Siwa,Jenna Johnson,9,6.444444444444445,0.4444444444444444,Social Media Personality,Nebraska,United States,18,<25,2nd Place,2,29.0,10,15,366.0,1.0,0.0792349726775956,1.0,0.0,1.0,0.0,0.0,1,0.1,0.0,1,0.0666666666666666,0.7763409307540603,,False,1
30,2,JoJo Siwa,Jenna Johnson,9,6.444444444444445,0.4444444444444444,Social Media Personality,Nebraska,United States,18,<25,2nd Place,2,31.0,10,15,385.0,0.96875,0.0805194805194805,0.9333333333333332,-0.0354166666666666,0.9041666666666668,-0.0343098958333333,-0.0330555555555555,2,0.2,0.0,2,0.1333333333333333,0.7761596983261301,,False,1
30,3,JoJo Siwa,Jenna Johnson,9,6.444444444444445,0.4444444444444444,Social Media Personality,Nebraska,United States,18,<25,2nd Place,2,24.0,10,14,298.0,1.0,0.0805369127516778,1.0,0.0,1.0,0.0,0.0,3,0.3,0.0,1,0.0714285714285714,0.7606002369095926,,False,1
30,4,JoJo Siwa,Jenna Johnson,9,6.444444444444445,0.4444444444444444,Social Media Personality,Nebraska,United States,18,<25,2nd Place,2,35.0,10,13,417.0,0.958904109589041,0.0839328537170263,0.9230769230769232,-0.0358271865121179,0.8851422550052687,-0.0343548363814829,-0.0330712490881088,4,0.4,0.0,2,0.1538461538461538,0.7855899017727072,,False,2
30,5,JoJo Siwa,Jenna Johnson,9,6.444444444444445,0.4444444444444444,Social Media Personality,Nebraska,United States,18,<25,2nd Place,2,40.0,10,11,385.0,1.0,0.1038961038961039,1.0,0.0,1.0,0.0,0.0,5,0.5,0.0,1,0.0909090909090909,0.8149850124787675,,False,1
30,6,JoJo Siwa,Jenna Johnson,9,6.444444444444445,0.4444444444444444,Social Media Personality,Nebraska,United States,18,<25,2nd Place,2,40.0,10,10,364.0,1.0,0.1098901098901098,1.0,0.0,1.0,0.0,0.0,6,0.6,0.0,1,0.1,0.8154866560451479,,False,3
30,7,JoJo Siwa,Jenna Johnson,9,6.444444444444445,0.4444444444444444,Social Media Personality,Nebraska,United States,18,<25,2nd Place,2,39.0,10,9,327.0,0.9285714285714286,0.1192660550458715,0.8888888888888888,-0.0396825396825397,0.8253968253968254,-0.0368480725623583,-0.035273368606702,7,0.7,0.0,2,0.2222222222222222,0.7861716443523664,,False,2
30,8,JoJo Siwa,Jenna Johnson,9,6.444444444444445,0.4444444444444444,Social Media Personality,Nebraska,United States,18,<25,2nd Place,2,41.0,10,8,308.0,0.9761904761904762,0.1331168831168831,0.625,-0.3511904761904761,0.6101190476190476,-0.342828798185941,-0.2194940476190476,8,0.8,0.0,4,0.5,0.9034541160056008,,False,1
30,9,JoJo Siwa,Jenna Johnson,9,6.444444444444445,0.4444444444444444,Social Media Personality,Nebraska,United States,18,<25,2nd Place,2,40.0,10,6,226.0,1.0,0.1769911504424778,1.0,0.0,1.0,0.0,0.0,9,0.9,0.0,1,0.1666666666666666,0.8183810214645425,,False,4
30,10,JoJo Siwa,Jenna Johnson,9,6.444444444444445,0.4444444444444444,Social Media Personality,Nebraska,United States,18,<25,2nd Place,2,40.0,10,4,157.0,1.0,0.2547770700636942,1.0,0.0,1.0,0.0,0.0,10,1.0,0.0,1,0.25,0.8213233524377125,,False,4
30,1,Kenya Moore,Brandon Armstrong,8,9.125,0.125,TV Personality,Michigan,United States,50,45-54,Eliminated Week 6,10,26.0,10,15,366.0,0.896551724137931,0.0710382513661202,0.7333333333333334,-0.1632183908045976,0.6574712643678161,-0.1463337296868806,-0.1196934865900383,1,0.1,0.0,5,0.3333333333333333,0.5160000745191873,6.0,False,11
30,2,Kenya Moore,Brandon Armstrong,8,9.125,0.125,TV Personality,Michigan,United States,50,45-54,Eliminated Week 6,10,24.0,10,15,385.0,0.75,0.0623376623376623,0.4,-0.35,0.3,-0.2624999999999999,-0.1399999999999999,2,0.2,0.0,10,0.6666666666666666,0.4217372990229697,6.0,False,11
30,3,Kenya Moore,Brandon Armstrong,8,9.125,0.125,TV Personality,Michigan,United States,50,45-54,Eliminated Week 6,10,21.0,10,14,298.0,0.875,0.0704697986577181,0.5714285714285714,-0.3035714285714286,0.5,-0.265625,-0.173469387755102,3,0.3,0.0,7,0.5,0.5076296116848709,6.0,False,11
30,4,Kenya Moore,Brandon Armstrong,8,9.125,0.125,TV Personality,Michigan,United States,50,45-54,Eliminated Week 6,10,29.5,10,13,417.0,0.8082191780821918,0.0707434052757793,0.3076923076923077,-0.5005268703898841,0.2486828240252898,-0.4045354157945638,-0.154008267812272,4,0.4,0.0,10,0.7692307692307693,0.4903723530809655,6.0,False,11
30,5,Kenya Moore,Brandon Armstrong,8,9.125,0.125,TV Personality,Michigan,United States,50,45-54,Eliminated Week 6,10,36.0,10,11,385.0,0.9,0.0935064935064935,0.8181818181818181,-0.0818181818181819,0.7363636363636363,-0.0736363636363637,-0.0669421487603306,5,0.5,0.0,3,0.2727272727272727,0.5401487009163007,6.0,False,10
30,6,Kenya Moore,Brandon Armstrong,8,9.125,0.125,TV Personality,Michigan,United States,50,45-54,Eliminated Week 6,10,32.0,10,10,364.0,0.8,0.0879120879120879,0.0999999999999999,-0.7000000000000001,0.0799999999999999,-0.56,-0.0699999999999999,6,0.6,0.0,10,1.0,0.4816875727916194,6.0,True,10
30,1,Martin Kove,Britt Stewart,6,10.0,0.0,Actor/Actress,New York,United States,75,65+,Eliminated Week 2,15,13.0,10,15,366.0,0.4482758620689655,0.0355191256830601,0.0666666666666666,-0.3816091954022989,0.0298850574712643,-0.1710661910424098,-0.0254406130268199,1,0.1,0.0,15,1.0,0.0,2.0,False,15
30,2,Martin Kove,Britt Stewart,6,10.0,0.0,Actor/Actress,New York,United States,75,65+,Eliminated Week 2,15,15.0,10,15,385.0,0.46875,0.0389610389610389,0.0666666666666666,-0.4020833333333333,0.0312499999999999,-0.1884765625,-0.0268055555555555,2,0.2,0.0,15,1.0,0.0191942249788735,2.0,True,15
30,1,Matt James,Lindsay Arnold,10,5.4,0.4,Athlete,North Carolina,United States,29,25-34,Eliminated Week 4,12,24.0,10,15,366.0,0.8275862068965517,0.0655737704918032,0.4666666666666667,-0.360919540229885,0.3862068965517241,-0.298692033293698,-0.1684291187739463,1,0.1,0.0,9,0.6,0.4144130787162122,4.0,False,12
30,2,Matt James,Lindsay Arnold,10,5.4,0.4,Athlete,North Carolina,United States,29,25-34,Eliminated Week 4,12,22.0,10,15,385.0,0.6875,0.0571428571428571,0.1333333333333333,-0.5541666666666667,0.0916666666666666,-0.3809895833333333,-0.0738888888888888,2,0.2,0.0,14,0.9333333333333332,0.2787734272616636,4.0,False,14
30,3,Matt James,Lindsay Arnold,10,5.4,0.4,Athlete,North Carolina,United States,29,25-34,Eliminated Week 4,12,20.0,10,14,298.0,0.8333333333333334,0.0671140939597315,0.3571428571428571,-0.4761904761904763,0.2976190476190476,-0.3968253968253969,-0.1700680272108843,3,0.3,0.0,10,0.7142857142857143,0.4088185698249805,4.0,False,12
30,4,Matt James,Lindsay Arnold,10,5.4,0.4,Athlete,North Carolina,United States,29,25-34,Eliminated Week 4,12,28.5,10,13,417.0,0.7808219178082192,0.0683453237410072,0.1538461538461538,-0.6269757639620653,0.1201264488935721,-0.4895564184361332,-0.0964578098403177,4,0.4,0.0,12,0.9230769230769232,0.3812793339032461,4.0,True,13
30,1,Melanie C,Gleb Savchenko,13,8.461538461538462,0.0,Singer/Rapper,Unknown,England,47,45-54,Eliminated Week 5,11,27.0,10,15,366.0,0.9310344827586208,0.0737704918032786,0.8,-0.1310344827586206,0.7448275862068966,-0.1219976218787157,-0.1048275862068965,1,0.1,0.0,4,0.2666666666666666,0.5323396627048292,5.0,False,9
30,2,Melanie C,Gleb Savchenko,13,8.461538461538462,0.0,Singer/Rapper,Unknown,England,47,45-54,Eliminated Week 5,11,30.0,10,15,385.0,0.9375,0.0779220779220779,0.8666666666666667,-0.0708333333333333,0.8125,-0.0664062499999999,-0.0613888888888888,2,0.2,0.0,3,0.2,0.5313039652956766,5.0,False,9
30,3,Melanie C,Gleb Savchenko,13,8.461538461538462,0.0,Singer/Rapper,Unknown,England,47,45-54,Eliminated Week 5,11,22.0,10,14,298.0,0.9166666666666666,0.0738255033557047,0.7142857142857143,-0.2023809523809523,0.6547619047619048,-0.1855158730158729,-0.1445578231292516,3,0.3,0.0,5,0.3571428571428571,0.5234935496929853,5.0,False,10
30,4,Melanie C,Gleb Savchenko,13,8.461538461538462,0.0,Singer/Rapper,Unknown,England,47,45-54,Eliminated Week 5,11,33.0,10,13,417.0,0.9041095890410958,0.079136690647482,0.6153846153846154,-0.2887249736564804,0.5563751317175974,-0.2610390172784617,-0.1776769068655264,4,0.4,0.0,6,0.4615384615384615,0.5677233673313241,5.0,False,10
30,5,Melanie C,Gleb Savchenko,13,8.461538461538462,0.0,Singer/Rapper,Unknown,England,47,45-54,Eliminated Week 5,11,36.0,10,11,385.0,0.9,0.0935064935064935,0.8181818181818181,-0.0818181818181819,0.7363636363636363,-0.0736363636363637,-0.0669421487603306,5,0.5,0.0,3,0.2727272727272727,0.5367478657655477,5.0,True,11
30,1,Melora Hardin,Artem Chigvintsev,12,7.416666666666667,0.0833333333333333,Actor/Actress,Texas,United States,54,45-54,Eliminated Week 9,6,26.0,10,15,366.0,0.896551724137931,0.0710382513661202,0.7333333333333334,-0.1632183908045976,0.6574712643678161,-0.1463337296868806,-0.1196934865900383,1,0.1,0.0,5,0.3333333333333333,0.6511013723678547,9.0,False,5
30,2,Melora Hardin,Artem Chigvintsev,12,7.416666666666667,0.0833333333333333,Actor/Actress,Texas,United States,54,45-54,Eliminated Week 9,6,27.0,10,15,385.0,0.84375,0.0701298701298701,0.7333333333333334,-0.1104166666666666,0.61875,-0.0931640624999999,-0.0809722222222221,2,0.2,0.0,5,0.3333333333333333,0.6086471995630632,9.0,False,6
30,3,Melora Hardin,Artem Chigvintsev,12,7.416666666666667,0.0833333333333333,Actor/Actress,Texas,United States,54,45-54,Eliminated Week 9,6,23.0,10,14,298.0,0.9583333333333334,0.0771812080536912,0.7857142857142857,-0.1726190476190476,0.7529761904761905,-0.1654265873015873,-0.1356292517006803,3,0.3,0.0,4,0.2857142857142857,0.6881082613993063,9.0,False,3
30,4,Melora Hardin,Artem Chigvintsev,12,7.416666666666667,0.0833333333333333,Actor/Actress,Texas,United States,54,45-54,Eliminated Week 9,6,36.5,10,13,417.0,1.0,0.0875299760191846,1.0,0.0,1.0,0.0,0.0,4,0.4,0.0,1,0.0769230769230769,0.7089413819974558,9.0,False,6
30,5,Melora Hardin,Artem Chigvintsev,12,7.416666666666667,0.0833333333333333,Actor/Actress,Texas,United States,54,45-54,Eliminated Week 9,6,36.0,10,11,385.0,0.9,0.0935064935064935,0.8181818181818181,-0.0818181818181819,0.7363636363636363,-0.0736363636363637,-0.0669421487603306,5,0.5,0.0,3,0.2727272727272727,0.6752499987649682,9.0,False,6
30,6,Melora Hardin,Artem Chigvintsev,12,7.416666666666667,0.0833333333333333,Actor/Actress,Texas,United States,54,45-54,Eliminated Week 9,6,34.0,10,10,364.0,0.85,0.0934065934065934,0.3,-0.5499999999999999,0.255,-0.4674999999999999,-0.165,6,0.6,0.0,8,0.8,0.686921082793027,9.0,False,7
30,7,Melora Hardin,Artem Chigvintsev,12,7.416666666666667,0.0833333333333333,Actor/Actress,Texas,United States,54,45-54,Eliminated Week 9,6,38.0,10,9,327.0,0.9047619047619048,0.1162079510703364,0.7777777777777778,-0.1269841269841269,0.7037037037037037,-0.1148904006046863,-0.0987654320987654,7,0.7,0.0,3,0.3333333333333333,0.7013662495110102,9.0,False,5
30,8,Melora Hardin,Artem Chigvintsev,12,7.416666666666667,0.0833333333333333,Actor/Actress,Texas,United States,54,45-54,Eliminated Week 9,6,42.0,10,8,308.0,1.0,0.1363636363636363,1.0,0.0,1.0,0.0,0.0,8,0.8,0.0,1,0.125,0.7294715223153444,9.0,False,6
30,9,Melora Hardin,Artem Chigvintsev,12,7.416666666666667,0.0833333333333333,Actor/Actress,Texas,United States,54,45-54,Eliminated Week 9,6,36.0,10,6,226.0,0.9,0.1592920353982301,0.3333333333333333,-0.5666666666666667,0.3,-0.51,-0.1888888888888889,9,0.9,0.0,5,0.8333333333333334,0.7553956990145484,9.0,True,6
30,1,"Mike ""The Miz"" Mizanin",Witney Carson,14,5.5,0.3571428571428571,Athlete,Ohio,United States,40,35-44,Eliminated Week 7,9,24.0,10,15,366.0,0.8275862068965517,0.0655737704918032,0.4666666666666667,-0.360919540229885,0.3862068965517241,-0.298692033293698,-0.1684291187739463,1,0.1,0.0,9,0.6,0.5267738029526464,7.0,False,10
30,2,"Mike ""The Miz"" Mizanin",Witney Carson,14,5.5,0.3571428571428571,Athlete,Ohio,United States,40,35-44,Eliminated Week 7,9,26.0,10,15,385.0,0.8125,0.0675324675324675,0.5333333333333333,-0.2791666666666667,0.4333333333333333,-0.2268229166666666,-0.1488888888888889,2,0.2,0.0,8,0.5333333333333333,0.5186068860699179,7.0,False,10
30,3,"Mike ""The Miz"" Mizanin",Witney Carson,14,5.5,0.3571428571428571,Athlete,Ohio,United States,40,35-44,Eliminated Week 7,9,22.0,10,14,298.0,0.9166666666666666,0.0738255033557047,0.7142857142857143,-0.2023809523809523,0.6547619047619048,-0.1855158730158729,-0.1445578231292516,3,0.3,0.0,5,0.3571428571428571,0.5728257228043203,7.0,False,9
30,4,"Mike ""The Miz"" Mizanin",Witney Carson,14,5.5,0.3571428571428571,Athlete,Ohio,United States,40,35-44,Eliminated Week 7,9,32.5,10,13,417.0,0.8904109589041096,0.0779376498800959,0.5384615384615384,-0.3519494204425711,0.4794520547945205,-0.3133796209420154,-0.1895112263921537,4,0.4,0.0,7,0.5384615384615384,0.6114217322884429,7.0,False,9
30,5,"Mike ""The Miz"" Mizanin",Witney Carson,14,5.5,0.3571428571428571,Athlete,Ohio,United States,40,35-44,Eliminated Week 7,9,32.0,10,11,385.0,0.8,0.0831168831168831,0.2727272727272727,-0.5272727272727273,0.2181818181818181,-0.4218181818181818,-0.143801652892562,5,0.5,0.0,9,0.8181818181818182,0.5461529321592111,7.0,False,9
30,6,"Mike ""The Miz"" Mizanin",Witney Carson,14,5.5,0.3571428571428571,Athlete,Ohio,United States,40,35-44,Eliminated Week 7,9,34.0,10,10,364.0,0.85,0.0934065934065934,0.3,-0.5499999999999999,0.255,-0.4674999999999999,-0.165,6,0.6,0.0,8,0.8,0.5977511229049417,7.0,False,9
30,7,"Mike ""The Miz"" Mizanin",Witney Carson,14,5.5,0.3571428571428571,Athlete,Ohio,United States,40,35-44,Eliminated Week 7,9,32.0,10,9,327.0,0.7619047619047619,0.0978593272171253,0.1111111111111111,-0.6507936507936507,0.0846560846560846,-0.4958427815570672,-0.072310405643739,7,0.7,0.0,9,1.0,0.510209999217178,7.0,True,9
30,1,Olivia Jade,Valentin Chmerkovskiy,19,5.2631578947368425,0.4736842105263157,Social Media Personality,California,United States,21,<25,Eliminated Week 8,8,25.0,10,15,366.0,0.8620689655172413,0.0683060109289617,0.6,-0.2620689655172413,0.5172413793103448,-0.2259215219976218,-0.1572413793103448,1,0.1,0.0,7,0.4666666666666667,0.5698496757622542,8.0,False,7
30,2,Olivia Jade,Valentin Chmerkovskiy,19,5.2631578947368425,0.4736842105263157,Social Media Personality,California,United States,21,<25,Eliminated Week 8,8,27.0,10,15,385.0,0.84375,0.0701298701298701,0.7333333333333334,-0.1104166666666666,0.61875,-0.0931640624999999,-0.0809722222222221,2,0.2,0.0,5,0.3333333333333333,0.539867403362609,8.0,False,8
30,3,Olivia Jade,Valentin Chmerkovskiy,19,5.2631578947368425,0.4736842105263157,Social Media Personality,California,United States,21,<25,Eliminated Week 8,8,24.0,10,14,298.0,1.0,0.0805369127516778,1.0,0.0,1.0,0.0,0.0,3,0.3,0.0,1,0.0714285714285714,0.5979374303804671,8.0,False,8
30,4,Olivia Jade,Valentin Chmerkovskiy,19,5.2631578947368425,0.4736842105263157,Social Media Personality,California,United States,21,<25,Eliminated Week 8,8,35.0,10,13,417.0,0.958904109589041,0.0839328537170263,0.9230769230769232,-0.0358271865121179,0.8851422550052687,-0.0343548363814829,-0.0330712490881088,4,0.4,0.0,2,0.1538461538461538,0.6229270952435818,8.0,False,8
30,5,Olivia Jade,Valentin Chmerkovskiy,19,5.2631578947368425,0.4736842105263157,Social Media Personality,California,United States,21,<25,Eliminated Week 8,8,36.0,10,11,385.0,0.9,0.0935064935064935,0.8181818181818181,-0.0818181818181819,0.7363636363636363,-0.0736363636363637,-0.0669421487603306,5,0.5,0.0,3,0.2727272727272727,0.6064702025645138,8.0,False,8
30,6,Olivia Jade,Valentin Chmerkovskiy,19,5.2631578947368425,0.4736842105263157,Social Media Personality,California,United States,21,<25,Eliminated Week 8,8,36.0,10,10,364.0,0.9,0.0989010989010989,0.6,-0.3,0.54,-0.2700000000000001,-0.18,6,0.6,0.0,5,0.5,0.6551213586722068,8.0,False,8
30,7,Olivia Jade,Valentin Chmerkovskiy,19,5.2631578947368425,0.4736842105263157,Social Media Personality,California,United States,21,<25,Eliminated Week 8,8,42.0,10,9,327.0,1.0,0.128440366972477,1.0,0.0,1.0,0.0,0.0,7,0.7,0.0,1,0.1111111111111111,0.6601680983182969,8.0,False,8
30,8,Olivia Jade,Valentin Chmerkovskiy,19,5.2631578947368425,0.4736842105263157,Social Media Personality,California,United States,21,<25,Eliminated Week 8,8,36.0,10,8,308.0,0.8571428571428571,0.1168831168831168,0.375,-0.4821428571428571,0.3214285714285714,-0.4132653061224489,-0.1808035714285714,8,0.8,0.0,6,0.75,0.6433049273200756,8.0,True,8
30,1,Suni Lee,Sasha Farber,12,6.083333333333333,0.1666666666666666,Athlete,Minnesota,United States,18,<25,Eliminated Week 9,5,28.0,10,15,366.0,0.9655172413793104,0.0765027322404371,0.9333333333333332,-0.032183908045977,0.9011494252873564,-0.0310741181133571,-0.0300383141762452,1,0.1,0.0,2,0.1333333333333333,0.6945382315128724,9.0,False,4
30,2,Suni Lee,Sasha Farber,12,6.083333333333333,0.1666666666666666,Athlete,Minnesota,United States,18,<25,Eliminated Week 9,5,28.0,10,15,385.0,0.875,0.0727272727272727,0.8,-0.0749999999999999,0.7000000000000001,-0.0656249999999999,-0.0599999999999999,2,0.2,0.0,4,0.2666666666666666,0.6498190251213992,9.0,False,5
30,3,Suni Lee,Sasha Farber,12,6.083333333333333,0.1666666666666666,Athlete,Minnesota,United States,18,<25,Eliminated Week 9,5,21.0,10,14,298.0,0.875,0.0704697986577181,0.5714285714285714,-0.3035714285714286,0.5,-0.265625,-0.173469387755102,3,0.3,0.0,7,0.5,0.6685108496106198,9.0,False,5
30,4,Suni Lee,Sasha Farber,12,6.083333333333333,0.1666666666666666,Athlete,Minnesota,United States,18,<25,Eliminated Week 9,5,34.0,10,13,417.0,0.9315068493150684,0.0815347721822542,0.7692307692307692,-0.1622760800842992,0.7165437302423603,-0.1511612800785253,-0.1248277539109994,4,0.4,0.0,4,0.3076923076923077,0.7321569042651869,9.0,False,5
30,5,Suni Lee,Sasha Farber,12,6.083333333333333,0.1666666666666666,Athlete,Minnesota,United States,18,<25,Eliminated Week 9,5,36.0,10,11,385.0,0.9,0.0935064935064935,0.8181818181818181,-0.0818181818181819,0.7363636363636363,-0.0736363636363637,-0.0669421487603306,5,0.5,0.0,3,0.2727272727272727,0.7010299388420497,9.0,False,4
30,6,Suni Lee,Sasha Farber,12,6.083333333333333,0.1666666666666666,Athlete,Minnesota,United States,18,<25,Eliminated Week 9,5,36.0,10,10,364.0,0.9,0.0989010989010989,0.6,-0.3,0.54,-0.2700000000000001,-0.18,6,0.6,0.0,5,0.5,0.7496810949497428,9.0,False,5
30,7,Suni Lee,Sasha Farber,12,6.083333333333333,0.1666666666666666,Athlete,Minnesota,United States,18,<25,Eliminated Week 9,5,34.0,10,9,327.0,0.8095238095238095,0.1039755351681957,0.4444444444444444,-0.3650793650793651,0.3597883597883597,-0.2955404383975812,-0.1622574955908289,7,0.7,0.0,6,0.6666666666666666,0.6875675061402391,9.0,False,7
30,8,Suni Lee,Sasha Farber,12,6.083333333333333,0.1666666666666666,Athlete,Minnesota,United States,18,<25,Eliminated Week 9,5,42.0,10,8,308.0,1.0,0.1363636363636363,1.0,0.0,1.0,0.0,0.0,8,0.8,0.0,1,0.125,0.755251462392426,9.0,False,5
30,9,Suni Lee,Sasha Farber,12,6.083333333333333,0.1666666666666666,Athlete,Minnesota,United States,18,<25,Eliminated Week 9,5,37.5,10,6,226.0,0.9375,0.165929203539823,0.6666666666666667,-0.2708333333333332,0.6250000000000001,-0.2539062499999999,-0.1805555555555555,9,0.9,0.0,3,0.5,0.788722494428741,9.0,True,6
31,1,Charli D'Amelio,Mark Ballas,21,5.190476190476191,0.4761904761904761,Social Media Personality,Connecticut,United States,18,<25,1st Place,1,32.0,10,16,382.0,1.0,0.0837696335078534,1.0,0.0,1.0,0.0,0.0,1,0.1,0.0,1,0.0625,0.8628206118233767,,False,1
31,2,Charli D'Amelio,Mark Ballas,21,5.190476190476191,0.4761904761904761,Social Media Personality,Connecticut,United States,18,<25,1st Place,1,32.0,10,15,412.0,1.0,0.0776699029126213,1.0,0.0,1.0,0.0,0.0,2,0.2,0.0,1,0.0666666666666666,0.8634861106699934,,False,1
31,3,Charli D'Amelio,Mark Ballas,21,5.190476190476191,0.4761904761904761,Social Media Personality,Connecticut,United States,18,<25,1st Place,1,33.0,10,14,403.0,1.0,0.0818858560794044,1.0,0.0,1.0,0.0,0.0,3,0.3,0.0,1,0.0714285714285714,0.8673342522078648,,False,1
31,4,Charli D'Amelio,Mark Ballas,21,5.190476190476191,0.4761904761904761,Social Media Personality,Connecticut,United States,18,<25,1st Place,1,36.0,10,13,410.0,1.0,0.0878048780487804,1.0,0.0,1.0,0.0,0.0,4,0.4,0.0,1,0.0769230769230769,0.8778160264156613,,False,1
31,5,Charli D'Amelio,Mark Ballas,21,5.190476190476191,0.4761904761904761,Social Media Personality,Connecticut,United States,18,<25,1st Place,1,42.0,10,12,448.5,1.0,0.0936454849498327,1.0,0.0,1.0,0.0,0.0,5,0.5,0.0,1,0.0833333333333333,0.8981883953828631,,False,1
31,6,Charli D'Amelio,Mark Ballas,21,5.190476190476191,0.4761904761904761,Social Media Personality,Connecticut,United States,18,<25,1st Place,1,40.0,10,10,345.0,1.0,0.1159420289855072,1.0,0.0,1.0,0.0,0.0,6,0.6,0.0,1,0.1,0.8922634048290328,,False,1
31,7,Charli D'Amelio,Mark Ballas,21,5.190476190476191,0.4761904761904761,Social Media Personality,Connecticut,United States,18,<25,1st Place,1,39.0,10,9,325.5,1.0,0.1198156682027649,1.0,0.0,1.0,0.0,0.0,7,0.7,0.0,1,0.1111111111111111,0.889442430881946,,False,2
31,8,Charli D'Amelio,Mark Ballas,21,5.190476190476191,0.4761904761904761,Social Media Personality,Connecticut,United States,18,<25,1st Place,1,45.0,10,8,314.0,1.0,0.143312101910828,1.0,0.0,1.0,0.0,0.0,8,0.8,0.0,1,0.125,0.9100097619181656,,False,1
31,9,Charli D'Amelio,Mark Ballas,21,5.190476190476191,0.4761904761904761,Social Media Personality,Connecticut,United States,18,<25,1st Place,1,40.0,10,6,220.0,1.0,0.1818181818181818,1.0,0.0,1.0,0.0,0.0,9,0.9,0.0,1,0.1666666666666666,0.8952997098735569,,False,1
31,10,Charli D'Amelio,Mark Ballas,21,5.190476190476191,0.4761904761904761,Social Media Personality,Connecticut,United States,18,<25,1st Place,1,40.0,10,4,156.0,1.0,0.2564102564102564,1.0,0.0,1.0,0.0,0.0,10,1.0,0.0,1,0.25,0.8980875250042711,,False,2
31,1,Cheryl Ladd,Louis van Amstel,11,7.0,0.0909090909090909,Actor/Actress,South Dakota,United States,71,65+,Eliminated Week 3,14,21.0,10,16,382.0,0.65625,0.0549738219895288,0.4375,-0.21875,0.287109375,-0.1435546875,-0.095703125,1,0.1,0.0,10,0.625,0.2255882038562324,3.0,False,14
31,2,Cheryl Ladd,Louis van Amstel,11,7.0,0.0909090909090909,Actor/Actress,South Dakota,United States,71,65+,Eliminated Week 3,14,21.0,10,15,412.0,0.65625,0.0509708737864077,0.0666666666666666,-0.5895833333333333,0.0437499999999999,-0.3869140625,-0.0393055555555555,2,0.2,0.0,15,1.0,0.197013871943555,3.0,False,14
31,3,Cheryl Ladd,Louis van Amstel,11,7.0,0.0909090909090909,Actor/Actress,South Dakota,United States,71,65+,Eliminated Week 3,14,24.0,10,14,403.0,0.7272727272727273,0.0595533498759305,0.1428571428571429,-0.5844155844155844,0.1038961038961039,-0.4250295159386068,-0.0834879406307978,3,0.3,0.0,13,0.9285714285714286,0.2761960714857016,3.0,True,14
31,1,Daniel Durant,Britt Stewart,6,10.0,0.0,Actor/Actress,Michigan,United States,32,25-34,Eliminated Week 9,5,27.0,10,16,382.0,0.84375,0.0706806282722513,0.6875,-0.15625,0.580078125,-0.1318359375,-0.107421875,1,0.1,0.0,6,0.375,0.6291959903969522,9.0,False,5
31,2,Daniel Durant,Britt Stewart,6,10.0,0.0,Actor/Actress,Michigan,United States,32,25-34,Eliminated Week 9,5,29.0,10,15,412.0,0.90625,0.0703883495145631,0.7333333333333334,-0.1729166666666666,0.6645833333333334,-0.1567057291666666,-0.1268055555555555,2,0.2,0.0,5,0.3333333333333333,0.6846488023332954,9.0,False,6
31,3,Daniel Durant,Britt Stewart,6,10.0,0.0,Actor/Actress,Michigan,United States,32,25-34,Eliminated Week 9,5,31.0,10,14,403.0,0.9393939393939394,0.0769230769230769,0.7142857142857143,-0.2251082251082251,0.670995670995671,-0.2114653023743933,-0.1607915893630179,3,0.3,0.0,5,0.3571428571428571,0.7268044269736573,9.0,False,5
31,4,Daniel Durant,Britt Stewart,6,10.0,0.0,Actor/Actress,Michigan,United States,32,25-34,Eliminated Week 9,5,29.0,10,13,410.0,0.8055555555555556,0.0707317073170731,0.3846153846153846,-0.420940170940171,0.3098290598290598,-0.3390906932573599,-0.1619000657462196,4,0.4,0.0,9,0.6923076923076923,0.6397065293295687,9.0,False,6
31,5,Daniel Durant,Britt Stewart,6,10.0,0.0,Actor/Actress,Michigan,United States,32,25-34,Eliminated Week 9,5,33.5,10,12,448.5,0.7976190476190477,0.0746934225195094,0.1666666666666666,-0.630952380952381,0.1329365079365079,-0.5032596371882088,-0.1051587301587301,5,0.5,0.0,11,0.9166666666666666,0.6343514336246737,9.0,False,7
31,6,Daniel Durant,Britt Stewart,6,10.0,0.0,Actor/Actress,Michigan,United States,32,25-34,Eliminated Week 9,5,34.0,10,10,345.0,0.85,0.0985507246376811,0.6,-0.25,0.51,-0.2125,-0.15,6,0.6,0.0,5,0.5,0.6895128927520299,9.0,False,5
31,7,Daniel Durant,Britt Stewart,6,10.0,0.0,Actor/Actress,Michigan,United States,32,25-34,Eliminated Week 9,5,36.5,10,9,325.5,0.935897435897436,0.1121351766513056,0.6666666666666667,-0.2692307692307691,0.623931623931624,-0.2519723865877711,-0.1794871794871794,7,0.7,0.0,4,0.4444444444444444,0.7635665383739839,9.0,False,5
31,8,Daniel Durant,Britt Stewart,6,10.0,0.0,Actor/Actress,Michigan,United States,32,25-34,Eliminated Week 9,5,39.0,10,8,314.0,0.8666666666666667,0.1242038216560509,0.5,-0.3666666666666667,0.4333333333333333,-0.3177777777777778,-0.1833333333333333,8,0.8,0.0,5,0.625,0.738930138878112,9.0,False,5
31,9,Daniel Durant,Britt Stewart,6,10.0,0.0,Actor/Actress,Michigan,United States,32,25-34,Eliminated Week 9,5,34.5,10,6,220.0,0.8625,0.1568181818181818,0.3333333333333333,-0.5291666666666667,0.2875,-0.45640625,-0.1763888888888889,9,0.9,0.0,5,0.8333333333333334,0.7356697127306309,9.0,True,6
31,1,Gabby Windey,Valentin Chmerkovskiy,19,5.2631578947368425,0.4736842105263157,TV Personality,Illinois,United States,31,25-34,2nd Place,2,28.0,10,16,382.0,0.875,0.0732984293193717,0.875,0.0,0.765625,0.0,0.0,1,0.1,0.0,3,0.1875,0.7448640188866319,,False,2
31,2,Gabby Windey,Valentin Chmerkovskiy,19,5.2631578947368425,0.4736842105263157,TV Personality,Illinois,United States,31,25-34,2nd Place,2,32.0,10,15,412.0,1.0,0.0776699029126213,1.0,0.0,1.0,0.0,0.0,2,0.2,0.0,1,0.0666666666666666,0.836218629932407,,False,2
31,3,Gabby Windey,Valentin Chmerkovskiy,19,5.2631578947368425,0.4736842105263157,TV Personality,Illinois,United States,31,25-34,2nd Place,2,33.0,10,14,403.0,1.0,0.0818858560794044,1.0,0.0,1.0,0.0,0.0,3,0.3,0.0,1,0.0714285714285714,0.8400667714702785,,False,2
31,4,Gabby Windey,Valentin Chmerkovskiy,19,5.2631578947368425,0.4736842105263157,TV Personality,Illinois,United States,31,25-34,2nd Place,2,36.0,10,13,410.0,1.0,0.0878048780487804,1.0,0.0,1.0,0.0,0.0,4,0.4,0.0,1,0.0769230769230769,0.8505485456780748,,False,2
31,5,Gabby Windey,Valentin Chmerkovskiy,19,5.2631578947368425,0.4736842105263157,TV Personality,Illinois,United States,31,25-34,2nd Place,2,41.0,10,12,448.5,0.9761904761904762,0.0914158305462653,0.9166666666666666,-0.0595238095238095,0.8948412698412698,-0.0581065759637188,-0.054563492063492,5,0.5,0.0,2,0.1666666666666666,0.874525455432362,,False,2
31,6,Gabby Windey,Valentin Chmerkovskiy,19,5.2631578947368425,0.4736842105263157,TV Personality,Illinois,United States,31,25-34,2nd Place,2,37.0,10,10,345.0,0.925,0.1072463768115942,0.9,-0.025,0.8325,-0.023125,-0.0225,6,0.6,0.0,2,0.2,0.8204453389507463,,False,2
31,7,Gabby Windey,Valentin Chmerkovskiy,19,5.2631578947368425,0.4736842105263157,TV Personality,Illinois,United States,31,25-34,2nd Place,2,35.5,10,9,325.5,0.9102564102564102,0.1090629800307219,0.4444444444444444,-0.4658119658119658,0.4045584045584045,-0.4240083278544817,-0.2070275403608736,7,0.7,0.0,6,0.6666666666666666,0.8906193157882446,,False,1
31,8,Gabby Windey,Valentin Chmerkovskiy,19,5.2631578947368425,0.4736842105263157,TV Personality,Illinois,United States,31,25-34,2nd Place,2,40.0,10,8,314.0,0.8888888888888888,0.1273885350318471,0.625,-0.2638888888888888,0.5555555555555556,-0.2345679012345678,-0.1649305555555555,8,0.8,0.0,4,0.5,0.8736861616613486,,False,2
31,9,Gabby Windey,Valentin Chmerkovskiy,19,5.2631578947368425,0.4736842105263157,TV Personality,Illinois,United States,31,25-34,2nd Place,2,40.0,10,6,220.0,1.0,0.1818181818181818,1.0,0.0,1.0,0.0,0.0,9,0.9,0.0,1,0.1666666666666666,0.8680322291359704,,False,2
31,10,Gabby Windey,Valentin Chmerkovskiy,19,5.2631578947368425,0.4736842105263157,TV Personality,Illinois,United States,31,25-34,2nd Place,2,40.0,10,4,156.0,1.0,0.2564102564102564,1.0,0.0,1.0,0.0,0.0,10,1.0,0.0,1,0.25,0.8708200442666851,,False,4
31,1,Heidi D'Amelio,Artem Chigvintsev,12,7.416666666666667,0.0833333333333333,Social Media Personality,Louisiana,United States,50,45-54,Eliminated Week 8,8,24.0,10,16,382.0,0.75,0.06282722513089,0.5625,-0.1875,0.421875,-0.140625,-0.10546875,1,0.1,0.0,8,0.5,0.4865996784378341,8.0,False,7
31,2,Heidi D'Amelio,Artem Chigvintsev,12,7.416666666666667,0.0833333333333333,Social Media Personality,Louisiana,United States,50,45-54,Eliminated Week 8,8,28.0,10,15,412.0,0.875,0.0679611650485436,0.6666666666666667,-0.2083333333333332,0.5833333333333334,-0.1822916666666666,-0.1388888888888888,2,0.2,0.0,6,0.4,0.5933439828352469,8.0,False,7
31,3,Heidi D'Amelio,Artem Chigvintsev,12,7.416666666666667,0.0833333333333333,Social Media Personality,Louisiana,United States,50,45-54,Eliminated Week 8,8,32.0,10,14,403.0,0.9696969696969696,0.0794044665012407,0.7857142857142857,-0.183982683982684,0.7619047619047619,-0.1784074511347239,-0.1445578231292517,3,0.3,0.0,4,0.2857142857142857,0.6706771752964055,8.0,False,6
31,4,Heidi D'Amelio,Artem Chigvintsev,12,7.416666666666667,0.0833333333333333,Social Media Personality,Louisiana,United States,50,45-54,Eliminated Week 8,8,34.0,10,13,410.0,0.9444444444444444,0.0829268292682926,0.7692307692307692,-0.1752136752136752,0.7264957264957264,-0.1654795821462488,-0.1347797501643655,4,0.4,0.0,4,0.3076923076923077,0.6600705405895297,8.0,False,5
31,5,Heidi D'Amelio,Artem Chigvintsev,12,7.416666666666667,0.0833333333333333,Social Media Personality,Louisiana,United States,50,45-54,Eliminated Week 8,8,39.0,10,12,448.5,0.9285714285714286,0.0869565217391304,0.6666666666666667,-0.2619047619047618,0.6190476190476192,-0.2431972789115646,-0.1746031746031746,5,0.5,0.0,5,0.4166666666666667,0.6849630818428242,8.0,False,6
31,6,Heidi D'Amelio,Artem Chigvintsev,12,7.416666666666667,0.0833333333333333,Social Media Personality,Louisiana,United States,50,45-54,Eliminated Week 8,8,36.0,10,10,345.0,0.9,0.1043478260869565,0.8,-0.0999999999999999,0.7200000000000001,-0.0899999999999999,-0.0799999999999999,6,0.6,0.0,3,0.3,0.6242849745156345,8.0,False,7
31,7,Heidi D'Amelio,Artem Chigvintsev,12,7.416666666666667,0.0833333333333333,Social Media Personality,Louisiana,United States,50,45-54,Eliminated Week 8,8,35.0,10,9,325.5,0.8974358974358975,0.1075268817204301,0.3333333333333333,-0.5641025641025641,0.2991452991452992,-0.5062458908612755,-0.188034188034188,7,0.7,0.0,7,0.7777777777777778,0.6761419135774719,8.0,False,7
31,8,Heidi D'Amelio,Artem Chigvintsev,12,7.416666666666667,0.0833333333333333,Social Media Personality,Louisiana,United States,50,45-54,Eliminated Week 8,8,35.0,10,8,314.0,0.7777777777777778,0.1114649681528662,0.25,-0.5277777777777778,0.1944444444444444,-0.4104938271604938,-0.1319444444444444,8,0.8,0.0,7,0.875,0.5861485463597892,8.0,True,8
31,1,Jason Lewis,Peta Murgatroyd,15,7.4,0.1333333333333333,Actor/Actress,California,United States,51,45-54,Eliminated Week 1,16,18.0,10,16,382.0,0.5625,0.0471204188481675,0.125,-0.4375,0.0703125,-0.24609375,-0.0546875,1,0.1,0.0,15,0.9375,0.0740461487453828,1.0,True,16
31,1,Jessie James Decker,Alan Bersten,9,6.111111111111111,0.2222222222222222,Singer/Rapper,Unknown,Italy,34,25-34,Eliminated Week 6,10,20.0,10,16,382.0,0.625,0.0523560209424083,0.3125,-0.3125,0.1953125,-0.1953125,-0.09765625,1,0.1,0.0,12,0.75,0.3137539693153068,6.0,False,10
31,2,Jessie James Decker,Alan Bersten,9,6.111111111111111,0.2222222222222222,Singer/Rapper,Unknown,Italy,34,25-34,Eliminated Week 6,10,25.0,10,15,412.0,0.78125,0.0606796116504854,0.2666666666666667,-0.5145833333333333,0.2083333333333333,-0.4020182291666666,-0.1372222222222222,2,0.2,0.0,12,0.8,0.4439141483372754,6.0,False,11
31,3,Jessie James Decker,Alan Bersten,9,6.111111111111111,0.2222222222222222,Singer/Rapper,Unknown,Italy,34,25-34,Eliminated Week 6,10,26.0,10,14,403.0,0.7878787878787878,0.064516129032258,0.2857142857142857,-0.5021645021645021,0.2251082251082251,-0.3956447592811228,-0.1434755720470006,3,0.3,0.0,11,0.7857142857142857,0.4596242147909508,6.0,False,10
31,4,Jessie James Decker,Alan Bersten,9,6.111111111111111,0.2222222222222222,Singer/Rapper,Unknown,Italy,34,25-34,Eliminated Week 6,10,31.0,10,13,410.0,0.8611111111111112,0.0756097560975609,0.4615384615384615,-0.3995726495726496,0.3974358974358974,-0.3440764482431149,-0.1844181459566075,4,0.4,0.0,8,0.6153846153846154,0.5435703996124691,6.0,False,10
31,5,Jessie James Decker,Alan Bersten,9,6.111111111111111,0.2222222222222222,Singer/Rapper,Unknown,Italy,34,25-34,Eliminated Week 6,10,36.0,10,12,448.5,0.8571428571428571,0.0802675585284281,0.5,-0.3571428571428571,0.4285714285714285,-0.3061224489795918,-0.1785714285714285,5,0.5,0.0,7,0.5833333333333334,0.5595621294419483,6.0,False,10
31,6,Jessie James Decker,Alan Bersten,9,6.111111111111111,0.2222222222222222,Singer/Rapper,Unknown,Italy,34,25-34,Eliminated Week 6,10,32.0,10,10,345.0,0.8,0.0927536231884058,0.1999999999999999,-0.6000000000000001,0.1599999999999999,-0.4800000000000001,-0.12,6,0.6,0.0,9,0.9,0.5016174141559864,6.0,True,10
31,1,Jordin Sparks,Brandon Armstrong,8,9.125,0.125,Singer/Rapper,Arizona,United States,32,25-34,Eliminated Week 7,9,26.0,10,16,382.0,0.8125,0.0680628272251308,0.625,-0.1875,0.5078125,-0.15234375,-0.1171875,1,0.1,0.0,7,0.4375,0.4923046914849899,7.0,False,6
31,2,Jordin Sparks,Brandon Armstrong,8,9.125,0.125,Singer/Rapper,Arizona,United States,32,25-34,Eliminated Week 7,9,27.0,10,15,412.0,0.84375,0.0655339805825242,0.4666666666666667,-0.3770833333333333,0.39375,-0.3181640625,-0.1759722222222222,2,0.2,0.0,9,0.6,0.5370951466722386,7.0,False,9
31,3,Jordin Sparks,Brandon Armstrong,8,9.125,0.125,Singer/Rapper,Arizona,United States,32,25-34,Eliminated Week 7,9,29.0,10,14,403.0,0.8787878787878788,0.0719602977667493,0.5714285714285714,-0.3073593073593074,0.5021645021645021,-0.2701036337399974,-0.1756338899196042,3,0.3,0.0,7,0.5,0.5705214541747239,7.0,False,8
31,4,Jordin Sparks,Brandon Armstrong,8,9.125,0.125,Singer/Rapper,Arizona,United States,32,25-34,Eliminated Week 7,9,34.0,10,13,410.0,0.9444444444444444,0.0829268292682926,0.7692307692307692,-0.1752136752136752,0.7264957264957264,-0.1654795821462488,-0.1347797501643655,4,0.4,0.0,4,0.3076923076923077,0.615725324677485,7.0,False,7
31,5,Jordin Sparks,Brandon Armstrong,8,9.125,0.125,Singer/Rapper,Arizona,United States,32,25-34,Eliminated Week 7,9,35.5,10,12,448.5,0.8452380952380952,0.0791527313266443,0.3333333333333333,-0.5119047619047619,0.2817460317460318,-0.4326814058956916,-0.1706349206349206,5,0.5,0.0,9,0.75,0.5780934912969379,7.0,False,8
31,6,Jordin Sparks,Brandon Armstrong,8,9.125,0.125,Singer/Rapper,Arizona,United States,32,25-34,Eliminated Week 7,9,34.0,10,10,345.0,0.85,0.0985507246376811,0.6,-0.25,0.51,-0.2125,-0.15,6,0.6,0.0,5,0.5,0.5727636846343634,7.0,False,8
31,7,Jordin Sparks,Brandon Armstrong,8,9.125,0.125,Singer/Rapper,Arizona,United States,32,25-34,Eliminated Week 7,9,34.5,10,9,325.5,0.8846153846153846,0.1059907834101382,0.2222222222222222,-0.6623931623931624,0.1965811965811965,-0.5859631821170282,-0.1471984805318138,7,0.7,0.0,8,0.8888888888888888,0.61040075518479,7.0,True,9
31,1,Joseph Baena,Daniella Karagach,5,4.6,0.6,Actor/Actress,California,United States,24,<25,Eliminated Week 5,11,23.0,10,16,382.0,0.71875,0.0602094240837696,0.5,-0.21875,0.359375,-0.1572265625,-0.109375,1,0.1,0.0,9,0.5625,0.2999764837500252,5.0,False,11
31,2,Joseph Baena,Daniella Karagach,5,4.6,0.6,Actor/Actress,California,United States,24,<25,Eliminated Week 5,11,24.0,10,15,412.0,0.75,0.058252427184466,0.1999999999999999,-0.55,0.1499999999999999,-0.4125,-0.1099999999999999,2,0.2,0.0,13,0.8666666666666667,0.3190190486206607,5.0,False,13
31,3,Joseph Baena,Daniella Karagach,5,4.6,0.6,Actor/Actress,California,United States,24,<25,Eliminated Week 5,11,29.0,10,14,403.0,0.8787878787878788,0.0719602977667493,0.5714285714285714,-0.3073593073593074,0.5021645021645021,-0.2701036337399974,-0.1756338899196042,3,0.3,0.0,7,0.5,0.4506909996125394,5.0,False,11
31,4,Joseph Baena,Daniella Karagach,5,4.6,0.6,Actor/Actress,California,United States,24,<25,Eliminated Week 5,11,28.0,10,13,410.0,0.7777777777777778,0.0682926829268292,0.2307692307692307,-0.5470085470085471,0.1794871794871794,-0.4254510921177588,-0.1262327416173569,4,0.4,0.0,11,0.8461538461538461,0.368374165039471,5.0,False,12
31,5,Joseph Baena,Daniella Karagach,5,4.6,0.6,Actor/Actress,California,United States,24,<25,Eliminated Week 5,11,35.0,10,12,448.5,0.8333333333333334,0.0780379041248606,0.25,-0.5833333333333334,0.2083333333333333,-0.4861111111111111,-0.1458333333333333,5,0.5,0.0,10,0.8333333333333334,0.440402263487441,5.0,True,12
31,1,Sam Champion,Cheryl Burke,25,5.8,0.32,News Anchor,Kentucky,United States,61,55-64,Eliminated Week 4,13,20.0,10,16,382.0,0.625,0.0523560209424083,0.3125,-0.3125,0.1953125,-0.1953125,-0.09765625,1,0.1,0.0,12,0.75,0.2701170155530745,4.0,False,13
31,2,Sam Champion,Cheryl Burke,25,5.8,0.32,News Anchor,Kentucky,United States,61,55-64,Eliminated Week 4,13,26.0,10,15,412.0,0.8125,0.0631067961165048,0.3333333333333333,-0.4791666666666666,0.2708333333333333,-0.3893229166666666,-0.1597222222222222,2,0.2,0.0,11,0.7333333333333333,0.4328891895233293,4.0,False,12
31,3,Sam Champion,Cheryl Burke,25,5.8,0.32,News Anchor,Kentucky,United States,61,55-64,Eliminated Week 4,13,25.0,10,14,403.0,0.7575757575757576,0.0620347394540942,0.2142857142857143,-0.5432900432900433,0.1623376623376623,-0.4115833661288206,-0.1164192949907235,3,0.3,0.0,12,0.8571428571428571,0.3825953452635718,4.0,False,13
31,4,Sam Champion,Cheryl Burke,25,5.8,0.32,News Anchor,Kentucky,United States,61,55-64,Eliminated Week 4,13,25.0,10,13,410.0,0.6944444444444444,0.0609756097560975,0.0769230769230768,-0.6175213675213675,0.0534188034188033,-0.4288342830009496,-0.0475016436554897,4,0.4,0.0,13,1.0,0.3220964206560491,4.0,True,13
31,1,Selma Blair,Sasha Farber,12,6.083333333333333,0.1666666666666666,Actor/Actress,Michigan,United States,50,45-54,Withdrew,12,28.0,10,16,382.0,0.875,0.0732984293193717,0.875,0.0,0.765625,0.0,0.0,1,0.1,0.0,3,0.1875,0.4139930011957091,,False,9
31,2,Selma Blair,Sasha Farber,12,6.083333333333333,0.1666666666666666,Actor/Actress,Michigan,United States,50,45-54,Withdrew,12,28.0,10,15,412.0,0.875,0.0679611650485436,0.6666666666666667,-0.2083333333333332,0.5833333333333334,-0.1822916666666666,-0.1388888888888888,2,0.2,0.0,6,0.4,0.4637489573496299,,False,10
31,3,Selma Blair,Sasha Farber,12,6.083333333333333,0.1666666666666666,Actor/Actress,Michigan,United States,50,45-54,Withdrew,12,28.0,10,14,403.0,0.8484848484848485,0.0694789081885856,0.4285714285714286,-0.4199134199134199,0.3636363636363636,-0.3562901744719927,-0.1799628942486085,3,0.3,0.0,9,0.6428571428571429,0.4635982241663781,,False,9
31,4,Selma Blair,Sasha Farber,12,6.083333333333333,0.1666666666666666,Actor/Actress,Michigan,United States,50,45-54,Withdrew,12,32.0,10,13,410.0,0.8888888888888888,0.0780487804878048,0.6153846153846154,-0.2735042735042734,0.5470085470085471,-0.2431149097815763,-0.1683103221564759,4,0.4,0.0,6,0.4615384615384615,0.5022998592139997,,False,11
31,5,Selma Blair,Sasha Farber,12,6.083333333333333,0.1666666666666666,Actor/Actress,Michigan,United States,50,45-54,Withdrew,12,40.0,10,12,448.5,0.9523809523809524,0.0891861761426978,0.75,-0.2023809523809523,0.7142857142857142,-0.1927437641723355,-0.1517857142857142,5,0.5,0.0,4,0.3333333333333333,0.5640290445554434,,False,9
31,1,Shangela,Gleb Savchenko,13,8.461538461538462,0.0,TV Personality,Texas,United States,40,35-44,4th Place,4,28.0,10,16,382.0,0.875,0.0732984293193717,0.875,0.0,0.765625,0.0,0.0,1,0.1,0.0,3,0.1875,0.690818254982796,,False,4
31,2,Shangela,Gleb Savchenko,13,8.461538461538462,0.0,TV Personality,Texas,United States,40,35-44,4th Place,4,28.0,10,15,412.0,0.875,0.0679611650485436,0.6666666666666667,-0.2083333333333332,0.5833333333333334,-0.1822916666666666,-0.1388888888888888,2,0.2,0.0,6,0.4,0.740574211136717,,False,4
31,3,Shangela,Gleb Savchenko,13,8.461538461538462,0.0,TV Personality,Texas,United States,40,35-44,4th Place,4,30.0,10,14,403.0,0.9090909090909092,0.0744416873449131,0.6428571428571428,-0.2662337662337662,0.5844155844155844,-0.2420306965761511,-0.1711502782931354,3,0.3,0.0,6,0.4285714285714285,0.78302716133296,,False,4
31,4,Shangela,Gleb Savchenko,13,8.461538461538462,0.0,TV Personality,Texas,United States,40,35-44,4th Place,4,32.0,10,13,410.0,0.8888888888888888,0.0780487804878048,0.6153846153846154,-0.2735042735042734,0.5470085470085471,-0.2431149097815763,-0.1683103221564759,4,0.4,0.0,6,0.4615384615384615,0.7791251130010866,,False,4
31,5,Shangela,Gleb Savchenko,13,8.461538461538462,0.0,TV Personality,Texas,United States,40,35-44,4th Place,4,38.5,10,12,448.5,0.9166666666666666,0.0858416945373467,0.5833333333333333,-0.3333333333333333,0.5347222222222221,-0.3055555555555556,-0.1944444444444444,5,0.5,0.0,6,0.5,0.8314335588127205,,False,3
31,6,Shangela,Gleb Savchenko,13,8.461538461538462,0.0,TV Personality,Texas,United States,40,35-44,4th Place,4,36.0,10,10,345.0,0.9,0.1043478260869565,0.8,-0.0999999999999999,0.7200000000000001,-0.0899999999999999,-0.0799999999999999,6,0.6,0.0,3,0.3,0.7715152028171044,,False,4
31,7,Shangela,Gleb Savchenko,13,8.461538461538462,0.0,TV Personality,Texas,United States,40,35-44,4th Place,4,36.5,10,9,325.5,0.935897435897436,0.1121351766513056,0.6666666666666667,-0.2692307692307691,0.623931623931624,-0.2519723865877711,-0.1794871794871794,7,0.7,0.0,4,0.4444444444444444,0.8383927744698322,,False,4
31,8,Shangela,Gleb Savchenko,13,8.461538461538462,0.0,TV Personality,Texas,United States,40,35-44,4th Place,4,42.0,10,8,314.0,0.9333333333333332,0.1337579617834395,0.75,-0.1833333333333333,0.7,-0.1711111111111111,-0.1375,8,0.8,0.0,3,0.375,0.8390123902247704,,False,3
31,9,Shangela,Gleb Savchenko,13,8.461538461538462,0.0,TV Personality,Texas,United States,40,35-44,4th Place,4,36.5,10,6,220.0,0.9125,0.1659090909090909,0.6666666666666667,-0.2458333333333332,0.6083333333333334,-0.2243229166666665,-0.1638888888888888,9,0.9,0.0,3,0.5,0.8270504312583509,,False,4
31,10,Shangela,Gleb Savchenko,13,8.461538461538462,0.0,TV Personality,Texas,United States,40,35-44,4th Place,4,38.0,10,4,156.0,0.95,0.2435897435897435,0.5,-0.4499999999999999,0.475,-0.4274999999999999,-0.2249999999999999,10,1.0,0.0,3,0.75,0.897856301139347,,False,3
31,1,Teresa Giudice,Pasha Pashkov,7,10.428571428571429,0.1428571428571428,TV Personality,New Jersey,United States,50,45-54,Eliminated Week 2,15,20.0,10,16,382.0,0.625,0.0523560209424083,0.3125,-0.3125,0.1953125,-0.1953125,-0.09765625,1,0.1,0.0,12,0.75,0.1564695809788582,2.0,False,15
31,2,Teresa Giudice,Pasha Pashkov,7,10.428571428571429,0.1428571428571428,TV Personality,New Jersey,United States,50,45-54,Eliminated Week 2,15,23.0,10,15,412.0,0.71875,0.0558252427184466,0.1333333333333333,-0.5854166666666667,0.0958333333333333,-0.4207682291666667,-0.0780555555555555,2,0.2,0.0,14,0.9333333333333332,0.2157870063561203,2.0,True,15
31,1,Trevor Donovan,Emma Slater,16,7.9375,0.0625,Actor/Actress,California,United States,39,35-44,Eliminated Week 9,6,21.0,10,16,382.0,0.65625,0.0549738219895288,0.4375,-0.21875,0.287109375,-0.1435546875,-0.095703125,1,0.1,0.0,10,0.625,0.483990688985895,9.0,False,8
31,2,Trevor Donovan,Emma Slater,16,7.9375,0.0625,Actor/Actress,California,United States,39,35-44,Eliminated Week 9,6,30.0,10,15,412.0,0.9375,0.0728155339805825,0.8,-0.1374999999999999,0.75,-0.1289062499999999,-0.1099999999999999,2,0.2,0.0,4,0.2666666666666666,0.6995921637783262,9.0,False,5
31,3,Trevor Donovan,Emma Slater,16,7.9375,0.0625,Actor/Actress,California,United States,39,35-44,Eliminated Week 9,6,27.0,10,14,403.0,0.8181818181818182,0.0669975186104218,0.3571428571428571,-0.4610389610389611,0.2922077922077922,-0.3772136953955137,-0.1646567717996289,3,0.3,0.0,10,0.7142857142857143,0.6347743039108039,9.0,False,7
31,4,Trevor Donovan,Emma Slater,16,7.9375,0.0625,Actor/Actress,California,United States,39,35-44,Eliminated Week 9,6,28.0,10,13,410.0,0.7777777777777778,0.0682926829268292,0.2307692307692307,-0.5470085470085471,0.1794871794871794,-0.4254510921177588,-0.1262327416173569,4,0.4,0.0,11,0.8461538461538461,0.602869283121304,9.0,False,8
31,5,Trevor Donovan,Emma Slater,16,7.9375,0.0625,Actor/Actress,California,United States,39,35-44,Eliminated Week 9,6,36.0,10,12,448.5,0.8571428571428571,0.0802675585284281,0.5,-0.3571428571428571,0.4285714285714285,-0.3061224489795918,-0.1785714285714285,5,0.5,0.0,7,0.5833333333333334,0.7036470640048306,9.0,False,5
31,6,Trevor Donovan,Emma Slater,16,7.9375,0.0625,Actor/Actress,California,United States,39,35-44,Eliminated Week 9,6,34.0,10,10,345.0,0.85,0.0985507246376811,0.6,-0.25,0.51,-0.2125,-0.15,6,0.6,0.0,5,0.5,0.6874283481540119,9.0,False,6
31,7,Trevor Donovan,Emma Slater,16,7.9375,0.0625,Actor/Actress,California,United States,39,35-44,Eliminated Week 9,6,39.0,10,9,325.5,1.0,0.1198156682027649,1.0,0.0,1.0,0.0,0.0,7,0.7,0.0,1,0.1111111111111111,0.7312184055466575,9.0,False,6
31,8,Trevor Donovan,Emma Slater,16,7.9375,0.0625,Actor/Actress,California,United States,39,35-44,Eliminated Week 9,6,39.0,10,8,314.0,0.8666666666666667,0.1242038216560509,0.5,-0.3666666666666667,0.4333333333333333,-0.3177777777777778,-0.1833333333333333,8,0.8,0.0,5,0.625,0.736845594280094,9.0,False,6
31,9,Trevor Donovan,Emma Slater,16,7.9375,0.0625,Actor/Actress,California,United States,39,35-44,Eliminated Week 9,6,32.5,10,6,220.0,0.8125,0.1477272727272727,0.1666666666666666,-0.6458333333333334,0.1354166666666666,-0.5247395833333334,-0.1076388888888888,9,0.9,0.0,6,1.0,0.6770877111767831,9.0,True,6
31,1,Vinny Guadagnino,Koko Iwasaki,2,10.5,0.0,TV Personality,New York,United States,34,25-34,Eliminated Week 8,7,17.0,10,16,382.0,0.53125,0.0445026178010471,0.0625,-0.46875,0.033203125,-0.2490234375,-0.029296875,1,0.1,0.0,16,1.0,0.2951438562529001,8.0,False,12
31,2,Vinny Guadagnino,Koko Iwasaki,2,10.5,0.0,TV Personality,New York,United States,34,25-34,Eliminated Week 8,7,27.0,10,15,412.0,0.84375,0.0655339805825242,0.4666666666666667,-0.3770833333333333,0.39375,-0.3181640625,-0.1759722222222222,2,0.2,0.0,9,0.6,0.5908890684357886,8.0,False,8
31,3,Vinny Guadagnino,Koko Iwasaki,2,10.5,0.0,TV Personality,New York,United States,34,25-34,Eliminated Week 8,7,23.0,10,14,403.0,0.696969696969697,0.0570719602977667,0.0714285714285714,-0.6255411255411256,0.0497835497835497,-0.4359832087104815,-0.0446815089672232,3,0.3,0.0,14,1.0,0.4356823766777675,8.0,False,12
31,4,Vinny Guadagnino,Koko Iwasaki,2,10.5,0.0,TV Personality,New York,United States,34,25-34,Eliminated Week 8,7,29.0,10,13,410.0,0.8055555555555556,0.0707317073170731,0.3846153846153846,-0.420940170940171,0.3098290598290598,-0.3390906932573599,-0.1619000657462196,4,0.4,0.0,9,0.6923076923076923,0.5767512429754522,8.0,False,9
31,5,Vinny Guadagnino,Koko Iwasaki,2,10.5,0.0,TV Personality,New York,United States,34,25-34,Eliminated Week 8,7,31.0,10,12,448.5,0.7380952380952381,0.0691192865105908,0.0833333333333333,-0.6547619047619048,0.0615079365079365,-0.4832766439909297,-0.054563492063492,5,0.5,0.0,12,1.0,0.5062802241434763,8.0,False,11
31,6,Vinny Guadagnino,Koko Iwasaki,2,10.5,0.0,TV Personality,New York,United States,34,25-34,Eliminated Week 8,7,28.0,10,10,345.0,0.7,0.081159420289855,0.0999999999999999,-0.6,0.0699999999999999,-0.42,-0.0599999999999999,6,0.6,0.0,10,1.0,0.4870532685933708,8.0,False,9
31,7,Vinny Guadagnino,Koko Iwasaki,2,10.5,0.0,TV Personality,New York,United States,34,25-34,Eliminated Week 8,7,31.5,10,9,325.5,0.8076923076923077,0.0967741935483871,0.1111111111111111,-0.6965811965811965,0.0897435897435897,-0.5626232741617356,-0.0773979107312441,7,0.7,0.0,9,1.0,0.5808255584267689,8.0,False,8
31,8,Vinny Guadagnino,Koko Iwasaki,2,10.5,0.0,TV Personality,New York,United States,34,25-34,Eliminated Week 8,7,29.0,10,8,314.0,0.6444444444444445,0.0923566878980891,0.125,-0.5194444444444445,0.0805555555555555,-0.3347530864197531,-0.0649305555555555,8,0.8,0.0,8,1.0,0.4708216186904621,8.0,True,8
31,1,Wayne Brady,Witney Carson,14,5.5,0.3571428571428571,Comedian,Georgia,United States,50,45-54,3rd Place,3,29.0,10,16,382.0,0.90625,0.0759162303664921,0.9375,0.03125,0.849609375,0.0283203125,0.029296875,1,0.1,0.0,2,0.125,0.7105481963179752,,False,3
31,2,Wayne Brady,Witney Carson,14,5.5,0.3571428571428571,Comedian,Georgia,United States,50,45-54,3rd Place,3,32.0,10,15,412.0,1.0,0.0776699029126213,1.0,0.0,1.0,0.0,0.0,2,0.2,0.0,1,0.0666666666666666,0.7895366834814607,,False,3
31,3,Wayne Brady,Witney Carson,14,5.5,0.3571428571428571,Comedian,Georgia,United States,50,45-54,3rd Place,3,33.0,10,14,403.0,1.0,0.0818858560794044,1.0,0.0,1.0,0.0,0.0,3,0.3,0.0,1,0.0714285714285714,0.793384825019332,,False,3
31,4,Wayne Brady,Witney Carson,14,5.5,0.3571428571428571,Comedian,Georgia,United States,50,45-54,3rd Place,3,36.0,10,13,410.0,1.0,0.0878048780487804,1.0,0.0,1.0,0.0,0.0,4,0.4,0.0,1,0.0769230769230769,0.8038665992271284,,False,3
31,5,Wayne Brady,Witney Carson,14,5.5,0.3571428571428571,Comedian,Georgia,United States,50,45-54,3rd Place,3,41.0,10,12,448.5,0.9761904761904762,0.0914158305462653,0.9166666666666666,-0.0595238095238095,0.8948412698412698,-0.0581065759637188,-0.054563492063492,5,0.5,0.0,2,0.1666666666666666,0.8278435089814158,,False,4
31,6,Wayne Brady,Witney Carson,14,5.5,0.3571428571428571,Comedian,Georgia,United States,50,45-54,3rd Place,3,34.0,10,10,345.0,0.85,0.0985507246376811,0.6,-0.25,0.51,-0.2125,-0.15,6,0.6,0.0,5,0.5,0.7717029463007675,,False,3
31,7,Wayne Brady,Witney Carson,14,5.5,0.3571428571428571,Comedian,Georgia,United States,50,45-54,3rd Place,3,38.0,10,9,325.5,0.9743589743589745,0.1167434715821812,0.7777777777777778,-0.1965811965811965,0.7578347578347578,-0.1915406530791145,-0.1528964862298195,7,0.7,0.0,3,0.3333333333333333,0.8611882627862306,,False,3
31,8,Wayne Brady,Witney Carson,14,5.5,0.3571428571428571,Comedian,Georgia,United States,50,45-54,3rd Place,3,45.0,10,8,314.0,1.0,0.143312101910828,1.0,0.0,1.0,0.0,0.0,8,0.8,0.0,1,0.125,0.8360603347296329,,False,4
31,9,Wayne Brady,Witney Carson,14,5.5,0.3571428571428571,Comedian,Georgia,United States,50,45-54,3rd Place,3,36.5,10,6,220.0,0.9125,0.1659090909090909,0.6666666666666667,-0.2458333333333332,0.6083333333333334,-0.2243229166666665,-0.1638888888888888,9,0.9,0.0,3,0.5,0.8344142487112405,,False,3
31,10,Wayne Brady,Witney Carson,14,5.5,0.3571428571428571,Comedian,Georgia,United States,50,45-54,3rd Place,3,38.0,10,4,156.0,0.95,0.2435897435897435,0.5,-0.4499999999999999,0.475,-0.4274999999999999,-0.2249999999999999,10,1.0,0.0,3,0.75,0.9052201185922366,,False,1
32,1,Adrian Peterson,Britt Stewart,6,10.0,0.0,Athlete,Texas,United States,38,35-44,Eliminated Week 4,11,18.0,11,14,231.0,0.8181818181818182,0.0779220779220779,0.7142857142857143,-0.1038961038961039,0.5844155844155845,-0.0850059031877214,-0.0742115027829313,1,0.0909090909090909,0.0,5,0.3571428571428571,0.4319260675084038,4.0,False,10
32,2,Adrian Peterson,Britt Stewart,6,10.0,0.0,Athlete,Texas,United States,38,35-44,Eliminated Week 4,11,15.0,11,13,238.0,0.625,0.0630252100840336,0.3076923076923077,-0.3173076923076923,0.1923076923076923,-0.1983173076923076,-0.0976331360946745,2,0.1818181818181818,0.0,10,0.7692307692307693,0.3133214254124783,4.0,False,11
32,3,Adrian Peterson,Britt Stewart,6,10.0,0.0,Athlete,Texas,United States,38,35-44,Eliminated Week 4,11,22.0,11,12,323.0,0.6470588235294118,0.0681114551083591,0.1666666666666666,-0.4803921568627451,0.1078431372549019,-0.3108419838523645,-0.0800653594771241,3,0.2727272727272727,0.0,11,0.9166666666666666,0.3470077371209193,4.0,False,11
32,4,Adrian Peterson,Britt Stewart,6,10.0,0.0,Athlete,Texas,United States,38,35-44,Eliminated Week 4,11,21.0,11,11,240.0,0.7777777777777778,0.0875,0.5454545454545454,-0.2323232323232323,0.4242424242424242,-0.180695847362514,-0.1267217630853994,4,0.3636363636363636,0.0,6,0.5454545454545454,0.4462674800648364,4.0,True,11
32,1,Alyson Hannigan,Sasha Farber,12,6.083333333333333,0.1666666666666666,Actor/Actress,Washington D.C.,United States,49,45-54,5th Place,5,13.0,11,14,231.0,0.5909090909090909,0.0562770562770562,0.2857142857142857,-0.3051948051948052,0.1688311688311688,-0.1803423848878394,-0.0871985157699443,1,0.0909090909090909,0.0,11,0.7857142857142857,0.4561264171318235,,False,8
32,2,Alyson Hannigan,Sasha Farber,12,6.083333333333333,0.1666666666666666,Actor/Actress,Washington D.C.,United States,49,45-54,5th Place,5,19.0,11,13,238.0,0.7916666666666666,0.0798319327731092,0.6153846153846154,-0.1762820512820512,0.4871794871794871,-0.1395566239316238,-0.1084812623274161,2,0.1818181818181818,0.0,6,0.4615384615384615,0.6134818321678706,,False,5
32,3,Alyson Hannigan,Sasha Farber,12,6.083333333333333,0.1666666666666666,Actor/Actress,Washington D.C.,United States,49,45-54,5th Place,5,24.0,11,12,323.0,0.7058823529411765,0.0743034055727554,0.4166666666666666,-0.2892156862745099,0.2941176470588235,-0.2041522491349481,-0.1205065359477124,3,0.2727272727272727,0.0,8,0.6666666666666666,0.5859234805255417,,False,5
32,4,Alyson Hannigan,Sasha Farber,12,6.083333333333333,0.1666666666666666,Actor/Actress,Washington D.C.,United States,49,45-54,5th Place,5,18.0,11,11,240.0,0.6666666666666666,0.075,0.1818181818181817,-0.4848484848484848,0.1212121212121211,-0.3232323232323232,-0.0881542699724517,4,0.3636363636363636,0.0,10,0.9090909090909092,0.534271920930421,,False,7
32,5,Alyson Hannigan,Sasha Farber,12,6.083333333333333,0.1666666666666666,Actor/Actress,Washington D.C.,United States,49,45-54,5th Place,5,21.0,11,10,240.0,0.75,0.0875,0.1999999999999999,-0.55,0.1499999999999999,-0.4125,-0.1099999999999999,5,0.4545454545454545,0.0,9,0.9,0.6103060930114991,,False,6
32,6,Alyson Hannigan,Sasha Farber,12,6.083333333333333,0.1666666666666666,Actor/Actress,Washington D.C.,United States,49,45-54,5th Place,5,31.0,11,9,322.0,0.7380952380952381,0.0962732919254658,0.2222222222222222,-0.5158730158730159,0.164021164021164,-0.3807634164777022,-0.1146384479717813,6,0.5454545454545454,0.0,8,0.8888888888888888,0.6435257155872346,,False,6
32,7,Alyson Hannigan,Sasha Farber,12,6.083333333333333,0.1666666666666666,Actor/Actress,Washington D.C.,United States,49,45-54,5th Place,5,35.0,11,8,282.0,0.945945945945946,0.1241134751773049,0.375,-0.5709459459459459,0.3547297297297297,-0.5400840029218408,-0.2141047297297297,7,0.6363636363636364,0.0,6,0.75,0.8287966602014283,,False,5
32,8,Alyson Hannigan,Sasha Farber,12,6.083333333333333,0.1666666666666666,Actor/Actress,Washington D.C.,United States,49,45-54,5th Place,5,36.0,11,7,253.0,0.8571428571428571,0.1422924901185771,0.5714285714285714,-0.2857142857142857,0.4897959183673468,-0.2448979591836734,-0.1632653061224489,8,0.7272727272727273,0.0,4,0.5714285714285714,0.7519919039343003,,False,5
32,9,Alyson Hannigan,Sasha Farber,12,6.083333333333333,0.1666666666666666,Actor/Actress,Washington D.C.,United States,49,45-54,5th Place,5,32.0,11,6,221.0,0.7441860465116279,0.1447963800904977,0.3333333333333333,-0.4108527131782945,0.248062015503876,-0.3057508563187308,-0.1369509043927648,9,0.8181818181818182,0.0,5,0.8333333333333334,0.6731359353835192,,False,5
32,10,Alyson Hannigan,Sasha Farber,12,6.083333333333333,0.1666666666666666,Actor/Actress,Washington D.C.,United States,49,45-54,5th Place,5,25.5,11,5,142.5,0.85,0.1789473684210526,0.1999999999999999,-0.65,0.1699999999999999,-0.5525,-0.1299999999999999,10,0.9090909090909092,0.0,5,1.0,0.7301973346459072,,False,5
32,11,Alyson Hannigan,Sasha Farber,12,6.083333333333333,0.1666666666666666,Actor/Actress,Washington D.C.,United States,49,45-54,5th Place,5,26.5,11,5,145.5,0.8833333333333333,0.1821305841924398,0.1999999999999999,-0.6833333333333333,0.1766666666666666,-0.6036111111111111,-0.1366666666666666,11,1.0,0.0,5,1.0,0.7587255907040538,,False,5
32,1,Ariana Madix,Pasha Pashkov,7,10.428571428571429,0.1428571428571428,TV Personality,Florida,United States,38,35-44,3rd Place,3,21.0,11,14,231.0,0.9545454545454546,0.0909090909090909,0.9285714285714286,-0.0259740259740259,0.8863636363636365,-0.024793388429752,-0.0241187384044526,1,0.0909090909090909,0.0,2,0.1428571428571428,0.7571030455778334,,False,2
32,2,Ariana Madix,Pasha Pashkov,7,10.428571428571429,0.1428571428571428,TV Personality,Florida,United States,38,35-44,3rd Place,3,20.0,11,13,238.0,0.8333333333333334,0.0840336134453781,0.6923076923076923,-0.141025641025641,0.576923076923077,-0.1175213675213675,-0.0976331360946746,2,0.1818181818181818,0.0,5,0.3846153846153846,0.7088231522295328,,False,3
32,3,Ariana Madix,Pasha Pashkov,7,10.428571428571429,0.1428571428571428,TV Personality,Florida,United States,38,35-44,3rd Place,3,34.0,11,12,323.0,1.0,0.1052631578947368,1.0,0.0,1.0,0.0,0.0,3,0.2727272727272727,0.0,1,0.0833333333333333,0.8203823420052045,,False,2
32,4,Ariana Madix,Pasha Pashkov,7,10.428571428571429,0.1428571428571428,TV Personality,Florida,United States,38,35-44,3rd Place,3,25.0,11,11,240.0,0.925925925925926,0.1041666666666666,0.9090909090909092,-0.0168350168350168,0.8417508417508417,-0.0155879785509415,-0.0153045607591062,4,0.3636363636363636,0.0,2,0.1818181818181818,0.75377526468394,,False,2
32,5,Ariana Madix,Pasha Pashkov,7,10.428571428571429,0.1428571428571428,TV Personality,Florida,United States,38,35-44,3rd Place,3,24.0,11,10,240.0,0.8571428571428571,0.1,0.7,-0.1571428571428571,0.6,-0.1346938775510203,-0.1099999999999999,5,0.4545454545454545,0.0,4,0.4,0.7494202601239253,,False,4
32,6,Ariana Madix,Pasha Pashkov,7,10.428571428571429,0.1428571428571428,TV Personality,Florida,United States,38,35-44,3rd Place,3,41.0,11,9,322.0,0.9761904761904762,0.1273291925465838,0.8888888888888888,-0.0873015873015873,0.8677248677248677,-0.0852229780801209,-0.0776014109347442,6,0.5454545454545454,0.0,2,0.2222222222222222,0.863519893984138,,False,2
32,7,Ariana Madix,Pasha Pashkov,7,10.428571428571429,0.1428571428571428,TV Personality,Florida,United States,38,35-44,3rd Place,3,37.0,11,8,282.0,1.0,0.1312056737588652,1.0,0.0,1.0,0.0,0.0,7,0.6363636363636364,0.0,1,0.125,0.832750694715167,,False,4
32,8,Ariana Madix,Pasha Pashkov,7,10.428571428571429,0.1428571428571428,TV Personality,Florida,United States,38,35-44,3rd Place,3,42.0,11,7,253.0,1.0,0.1660079051383399,1.0,0.0,1.0,0.0,0.0,8,0.7272727272727273,0.0,1,0.1428571428571428,0.8506791166280657,,False,2
32,9,Ariana Madix,Pasha Pashkov,7,10.428571428571429,0.1428571428571428,TV Personality,Florida,United States,38,35-44,3rd Place,3,37.0,11,6,221.0,0.8604651162790697,0.167420814479638,0.5,-0.3604651162790697,0.4302325581395348,-0.3101676581936181,-0.1802325581395348,9,0.8181818181818182,0.0,4,0.6666666666666666,0.8418201577574776,,False,3
32,10,Ariana Madix,Pasha Pashkov,7,10.428571428571429,0.1428571428571428,TV Personality,Florida,United States,38,35-44,3rd Place,3,29.0,11,5,142.5,0.9666666666666668,0.2035087719298245,0.6,-0.3666666666666667,0.58,-0.3544444444444444,-0.22,10,0.9090909090909092,0.0,3,0.6,0.897746755656759,,False,1
32,11,Ariana Madix,Pasha Pashkov,7,10.428571428571429,0.1428571428571428,TV Personality,Florida,United States,38,35-44,3rd Place,3,29.5,11,5,145.5,0.9833333333333332,0.2027491408934708,0.6,-0.3833333333333333,0.59,-0.3769444444444444,-0.2299999999999999,11,1.0,0.0,3,0.6,0.9143418397449028,,False,1
32,1,Barry Williams,Peta Murgatroyd,15,7.4,0.1333333333333333,Actor/Actress,California,United States,68,65+,Eliminated Week 8,7,16.0,11,14,231.0,0.7272727272727273,0.0692640692640692,0.5,-0.2272727272727273,0.3636363636363636,-0.1652892561983471,-0.1136363636363636,1,0.0909090909090909,0.0,8,0.5714285714285714,0.5100899898146866,8.0,False,6
32,2,Barry Williams,Peta Murgatroyd,15,7.4,0.1333333333333333,Actor/Actress,California,United States,68,65+,Eliminated Week 8,7,15.0,11,13,238.0,0.625,0.0630252100840336,0.3076923076923077,-0.3173076923076923,0.1923076923076923,-0.1983173076923076,-0.0976331360946745,2,0.1818181818181818,0.0,10,0.7692307692307693,0.4413166136608514,8.0,False,9
32,3,Barry Williams,Peta Murgatroyd,15,7.4,0.1333333333333333,Actor/Actress,California,United States,68,65+,Eliminated Week 8,7,25.0,11,12,323.0,0.7352941176470589,0.0773993808049535,0.5,-0.2352941176470588,0.3676470588235294,-0.1730103806228374,-0.1176470588235294,3,0.2727272727272727,0.0,7,0.5833333333333334,0.5548856943101834,8.0,False,6
32,4,Barry Williams,Peta Murgatroyd,15,7.4,0.1333333333333333,Actor/Actress,California,United States,68,65+,Eliminated Week 8,7,18.0,11,11,240.0,0.6666666666666666,0.075,0.1818181818181817,-0.4848484848484848,0.1212121212121211,-0.3232323232323232,-0.0881542699724517,4,0.3636363636363636,0.0,10,0.9090909090909092,0.4828722394782673,8.0,False,9
32,5,Barry Williams,Peta Murgatroyd,15,7.4,0.1333333333333333,Actor/Actress,California,United States,68,65+,Eliminated Week 8,7,24.0,11,10,240.0,0.8571428571428571,0.1,0.7,-0.1571428571428571,0.6,-0.1346938775510203,-0.1099999999999999,5,0.4545454545454545,0.0,4,0.4,0.6275141614123164,8.0,False,5
32,6,Barry Williams,Peta Murgatroyd,15,7.4,0.1333333333333333,Actor/Actress,California,United States,68,65+,Eliminated Week 8,7,32.0,11,9,322.0,0.7619047619047619,0.0993788819875776,0.3333333333333333,-0.4285714285714285,0.253968253968254,-0.3265306122448979,-0.1428571428571428,6,0.5454545454545454,0.0,7,0.7777777777777778,0.6186113019335114,8.0,False,7
32,7,Barry Williams,Peta Murgatroyd,15,7.4,0.1333333333333333,Actor/Actress,California,United States,68,65+,Eliminated Week 8,7,32.5,11,8,282.0,0.8783783783783784,0.1152482269503546,0.25,-0.6283783783783784,0.2195945945945946,-0.551953981008035,-0.1570945945945946,7,0.6363636363636364,0.0,7,0.875,0.7083558716273414,8.0,False,6
32,8,Barry Williams,Peta Murgatroyd,15,7.4,0.1333333333333333,Actor/Actress,California,United States,68,65+,Eliminated Week 8,7,35.0,11,7,253.0,0.8333333333333334,0.1383399209486166,0.4285714285714286,-0.4047619047619047,0.3571428571428572,-0.3373015873015873,-0.173469387755102,8,0.7272727272727273,0.0,5,0.7142857142857143,0.6919302222157324,8.0,True,7
32,1,Charity Lawson,Artem Chigvintsev,12,7.416666666666667,0.0833333333333333,TV Personality,Georgia,United States,27,25-34,4th Place,4,22.0,11,14,231.0,1.0,0.0952380952380952,1.0,0.0,1.0,0.0,0.0,1,0.0909090909090909,0.0,1,0.0714285714285714,0.7622845475369986,,False,1
32,2,Charity Lawson,Artem Chigvintsev,12,7.416666666666667,0.0833333333333333,TV Personality,Georgia,United States,27,25-34,4th Place,4,21.0,11,13,238.0,0.875,0.088235294117647,0.8461538461538461,-0.0288461538461538,0.7403846153846154,-0.0252403846153846,-0.0244082840236686,2,0.1818181818181818,0.0,3,0.2307692307692307,0.6935437136107208,,False,4
32,3,Charity Lawson,Artem Chigvintsev,12,7.416666666666667,0.0833333333333333,TV Personality,Georgia,United States,27,25-34,4th Place,4,32.0,11,12,323.0,0.9411764705882352,0.0990712074303405,0.8333333333333334,-0.1078431372549019,0.7843137254901961,-0.1014994232987312,-0.0898692810457515,3,0.2727272727272727,0.0,3,0.25,0.7961847300750767,,False,4
32,4,Charity Lawson,Artem Chigvintsev,12,7.416666666666667,0.0833333333333333,TV Personality,Georgia,United States,27,25-34,4th Place,4,24.0,11,11,240.0,0.8888888888888888,0.1,0.8181818181818181,-0.0707070707070707,0.7272727272727272,-0.0628507295173961,-0.0578512396694214,4,0.3636363636363636,0.0,3,0.2727272727272727,0.728135736134083,,False,4
32,5,Charity Lawson,Artem Chigvintsev,12,7.416666666666667,0.0833333333333333,TV Personality,Georgia,United States,27,25-34,4th Place,4,28.0,11,10,240.0,1.0,0.1166666666666666,1.0,0.0,1.0,0.0,0.0,5,0.4545454545454545,0.0,1,0.1,0.7850132191526688,,False,3
32,6,Charity Lawson,Artem Chigvintsev,12,7.416666666666667,0.0833333333333333,TV Personality,Georgia,United States,27,25-34,4th Place,4,38.0,11,9,322.0,0.9047619047619048,0.1180124223602484,0.6666666666666667,-0.238095238095238,0.6031746031746033,-0.2154195011337868,-0.1587301587301587,6,0.5454545454545454,0.0,4,0.4444444444444444,0.8296402301154868,,False,4
32,7,Charity Lawson,Artem Chigvintsev,12,7.416666666666667,0.0833333333333333,TV Personality,Georgia,United States,27,25-34,4th Place,4,36.0,11,8,282.0,0.972972972972973,0.1276595744680851,0.625,-0.347972972972973,0.6081081081081081,-0.3385682980277575,-0.2174831081081081,7,0.6363636363636364,0.0,4,0.5,0.8929466551552779,,False,2
32,8,Charity Lawson,Artem Chigvintsev,12,7.416666666666667,0.0833333333333333,TV Personality,Georgia,United States,27,25-34,4th Place,4,39.0,11,7,253.0,0.9285714285714286,0.1541501976284585,0.7142857142857143,-0.2142857142857143,0.663265306122449,-0.1989795918367347,-0.1530612244897959,8,0.7272727272727273,0.0,3,0.4285714285714285,0.8500175693807122,,False,3
32,9,Charity Lawson,Artem Chigvintsev,12,7.416666666666667,0.0833333333333333,TV Personality,Georgia,United States,27,25-34,4th Place,4,38.0,11,6,221.0,0.8837209302325582,0.171945701357466,0.6666666666666667,-0.2170542635658914,0.5891472868217055,-0.1918153957093924,-0.1447028423772609,9,0.8181818181818182,0.0,3,0.5,0.8212512120855417,,False,4
32,10,Charity Lawson,Artem Chigvintsev,12,7.416666666666667,0.0833333333333333,TV Personality,Georgia,United States,27,25-34,4th Place,4,29.5,11,5,142.5,0.9833333333333332,0.2070175438596491,0.8,-0.1833333333333332,0.7866666666666666,-0.1802777777777776,-0.1466666666666665,10,0.9090909090909092,0.0,2,0.4,0.852625090279685,,False,4
32,11,Charity Lawson,Artem Chigvintsev,12,7.416666666666667,0.0833333333333333,TV Personality,Georgia,United States,27,25-34,4th Place,4,29.5,11,5,145.5,0.9833333333333332,0.2027491408934708,0.6,-0.3833333333333333,0.59,-0.3769444444444444,-0.2299999999999999,11,1.0,0.0,3,0.6,0.8972918941475729,,False,2
32,1,Harry Jowsey,Rylee Arnold,3,6.666666666666667,0.0,TV Personality,Unknown,Australia,26,25-34,Eliminated Week 9,6,12.0,11,14,231.0,0.5454545454545454,0.0519480519480519,0.2142857142857143,-0.3311688311688311,0.1168831168831168,-0.1806375442739078,-0.0709647495361781,1,0.0909090909090909,0.0,12,0.8571428571428571,0.3848674653542036,9.0,False,11
32,2,Harry Jowsey,Rylee Arnold,3,6.666666666666667,0.0,TV Personality,Unknown,Australia,26,25-34,Eliminated Week 9,6,15.0,11,13,238.0,0.625,0.0630252100840336,0.3076923076923077,-0.3173076923076923,0.1923076923076923,-0.1983173076923076,-0.0976331360946745,2,0.1818181818181818,0.0,10,0.7692307692307693,0.4594388775270448,9.0,False,7
32,3,Harry Jowsey,Rylee Arnold,3,6.666666666666667,0.0,TV Personality,Unknown,Australia,26,25-34,Eliminated Week 9,6,24.0,11,12,323.0,0.7058823529411765,0.0743034055727554,0.4166666666666666,-0.2892156862745099,0.2941176470588235,-0.2041522491349481,-0.1205065359477124,3,0.2727272727272727,0.0,8,0.6666666666666666,0.5526460629395812,9.0,False,7
32,4,Harry Jowsey,Rylee Arnold,3,6.666666666666667,0.0,TV Personality,Unknown,Australia,26,25-34,Eliminated Week 9,6,21.0,11,11,240.0,0.7777777777777778,0.0875,0.5454545454545454,-0.2323232323232323,0.4242424242424242,-0.180695847362514,-0.1267217630853994,4,0.3636363636363636,0.0,6,0.5454545454545454,0.5923849321794029,9.0,False,5
32,5,Harry Jowsey,Rylee Arnold,3,6.666666666666667,0.0,TV Personality,Unknown,Australia,26,25-34,Eliminated Week 9,6,18.0,11,10,240.0,0.6428571428571429,0.075,0.0999999999999999,-0.5428571428571429,0.0642857142857142,-0.3489795918367347,-0.0542857142857142,5,0.4545454545454545,0.0,10,1.0,0.4804484893619427,9.0,False,9
32,6,Harry Jowsey,Rylee Arnold,3,6.666666666666667,0.0,TV Personality,Unknown,Australia,26,25-34,Eliminated Week 9,6,29.0,11,9,322.0,0.6904761904761905,0.0900621118012422,0.1111111111111111,-0.5793650793650793,0.0767195767195767,-0.4000377928949357,-0.064373897707231,6,0.5454545454545454,0.0,9,1.0,0.5570744223530466,9.0,False,8
32,7,Harry Jowsey,Rylee Arnold,3,6.666666666666667,0.0,TV Personality,Unknown,Australia,26,25-34,Eliminated Week 9,6,32.0,11,8,282.0,0.8648648648648649,0.1134751773049645,0.125,-0.7398648648648649,0.1081081081081081,-0.639883126369613,-0.0924831081081081,7,0.6363636363636364,0.0,8,1.0,0.6969841865347133,9.0,False,7
32,8,Harry Jowsey,Rylee Arnold,3,6.666666666666667,0.0,TV Personality,Unknown,Australia,26,25-34,Eliminated Week 9,6,28.0,11,7,253.0,0.6666666666666666,0.1106719367588932,0.1428571428571429,-0.5238095238095237,0.0952380952380952,-0.3492063492063491,-0.0748299319727891,8,0.7272727272727273,0.0,7,1.0,0.5556282010184254,9.0,False,6
32,9,Harry Jowsey,Rylee Arnold,3,6.666666666666667,0.0,TV Personality,Unknown,Australia,26,25-34,Eliminated Week 9,6,30.0,11,6,221.0,0.6976744186046512,0.1357466063348416,0.1666666666666666,-0.5310077519379846,0.1162790697674418,-0.3704705246078962,-0.088501291989664,9,0.8181818181818182,0.0,6,1.0,0.5925425976768227,9.0,True,6
32,1,Jamie Lynn Spears,Alan Bersten,9,6.111111111111111,0.2222222222222222,Actor/Actress,Mississippi,United States,32,25-34,Eliminated Week 2,13,15.0,11,14,231.0,0.6818181818181818,0.0649350649350649,0.4285714285714286,-0.2532467532467531,0.2922077922077922,-0.1726682408500589,-0.108534322820037,1,0.0909090909090909,0.0,9,0.6428571428571429,0.2730025072689682,2.0,False,12
32,2,Jamie Lynn Spears,Alan Bersten,9,6.111111111111111,0.2222222222222222,Actor/Actress,Mississippi,United States,32,25-34,Eliminated Week 2,13,16.0,11,13,238.0,0.6666666666666666,0.0672268907563025,0.3846153846153846,-0.282051282051282,0.2564102564102564,-0.188034188034188,-0.1084812623274161,2,0.1818181818181818,0.0,9,0.6923076923076923,0.2713252642274337,2.0,True,13
32,1,Jason Mraz,Daniella Karagach,5,4.6,0.6,Singer/Rapper,Virginia,United States,46,45-54,2nd Place,2,21.0,11,14,231.0,0.9545454545454546,0.0909090909090909,0.9285714285714286,-0.0259740259740259,0.8863636363636365,-0.024793388429752,-0.0241187384044526,1,0.0909090909090909,0.0,2,0.1428571428571428,0.7437472155683793,,False,3
32,2,Jason Mraz,Daniella Karagach,5,4.6,0.6,Singer/Rapper,Virginia,United States,46,45-54,2nd Place,2,24.0,11,13,238.0,1.0,0.1008403361344537,1.0,0.0,1.0,0.0,0.0,2,0.1818181818181818,0.0,1,0.0769230769230769,0.7733810075828699,,False,2
32,3,Jason Mraz,Daniella Karagach,5,4.6,0.6,Singer/Rapper,Virginia,United States,46,45-54,2nd Place,2,34.0,11,12,323.0,1.0,0.1052631578947368,1.0,0.0,1.0,0.0,0.0,3,0.2727272727272727,0.0,1,0.0833333333333333,0.8070265119957504,,False,3
32,4,Jason Mraz,Daniella Karagach,5,4.6,0.6,Singer/Rapper,Virginia,United States,46,45-54,2nd Place,2,24.0,11,11,240.0,0.8888888888888888,0.1,0.8181818181818181,-0.0707070707070707,0.7272727272727272,-0.0628507295173961,-0.0578512396694214,4,0.3636363636363636,0.0,3,0.2727272727272727,0.7318298517219588,,False,3
32,5,Jason Mraz,Daniella Karagach,5,4.6,0.6,Singer/Rapper,Virginia,United States,46,45-54,2nd Place,2,27.0,11,10,240.0,0.9642857142857144,0.1125,0.8,-0.1642857142857142,0.7714285714285715,-0.1584183673469387,-0.1314285714285714,5,0.4545454545454545,0.0,3,0.3,0.8178140666372928,,False,2
32,6,Jason Mraz,Daniella Karagach,5,4.6,0.6,Singer/Rapper,Virginia,United States,46,45-54,2nd Place,2,39.0,11,9,322.0,0.9285714285714286,0.1211180124223602,0.7777777777777778,-0.1507936507936508,0.7222222222222222,-0.1400226757369614,-0.1172839506172839,6,0.5454545454545454,0.0,3,0.3333333333333333,0.8325560895777806,,False,3
32,7,Jason Mraz,Daniella Karagach,5,4.6,0.6,Singer/Rapper,Virginia,United States,46,45-54,2nd Place,2,36.0,11,8,282.0,0.972972972972973,0.1276595744680851,0.625,-0.347972972972973,0.6081081081081081,-0.3385682980277575,-0.2174831081081081,7,0.6363636363636364,0.0,4,0.5,0.8966407707431536,,False,1
32,8,Jason Mraz,Daniella Karagach,5,4.6,0.6,Singer/Rapper,Virginia,United States,46,45-54,2nd Place,2,33.0,11,7,253.0,0.7857142857142857,0.1304347826086956,0.2857142857142857,-0.5,0.2244897959183673,-0.3928571428571428,-0.1428571428571428,8,0.7272727272727273,0.0,6,0.8571428571428571,0.7578512766223308,,False,4
32,9,Jason Mraz,Daniella Karagach,5,4.6,0.6,Singer/Rapper,Virginia,United States,46,45-54,2nd Place,2,43.0,11,6,221.0,1.0,0.1945701357466063,1.0,0.0,1.0,0.0,0.0,9,0.8181818181818182,0.0,1,0.1666666666666666,0.842042075755501,,False,2
32,10,Jason Mraz,Daniella Karagach,5,4.6,0.6,Singer/Rapper,Virginia,United States,46,45-54,2nd Place,2,28.5,11,5,142.5,0.95,0.2,0.4,-0.5499999999999999,0.38,-0.5225,-0.2199999999999999,10,0.9090909090909092,0.0,4,0.8,0.8851809343275644,,False,2
32,11,Jason Mraz,Daniella Karagach,5,4.6,0.6,Singer/Rapper,Virginia,United States,46,45-54,2nd Place,2,30.0,11,5,145.5,1.0,0.2061855670103092,1.0,0.0,1.0,0.0,0.0,11,1.0,0.0,1,0.2,0.8011679571289886,,False,4
32,1,Lele Pons,Brandon Armstrong,8,9.125,0.125,Social Media Personality,Unknown,Venezuela,27,25-34,Eliminated Week 7,8,19.0,11,14,231.0,0.8636363636363636,0.0822510822510822,0.7857142857142857,-0.0779220779220779,0.6785714285714286,-0.0672963400236127,-0.0612244897959183,1,0.0909090909090909,0.0,4,0.2857142857142857,0.5431294404806554,7.0,False,5
32,2,Lele Pons,Brandon Armstrong,8,9.125,0.125,Social Media Personality,Unknown,Venezuela,27,25-34,Eliminated Week 7,8,21.0,11,13,238.0,0.875,0.088235294117647,0.8461538461538461,-0.0288461538461538,0.7403846153846154,-0.0252403846153846,-0.0244082840236686,2,0.1818181818181818,0.0,3,0.2307692307692307,0.5453736234438442,7.0,False,6
32,3,Lele Pons,Brandon Armstrong,8,9.125,0.125,Social Media Personality,Unknown,Venezuela,27,25-34,Eliminated Week 7,8,27.0,11,12,323.0,0.7941176470588235,0.0835913312693498,0.6666666666666667,-0.1274509803921567,0.5294117647058824,-0.1012110726643597,-0.0849673202614378,3,0.2727272727272727,0.0,5,0.4166666666666667,0.5416900365899433,7.0,False,8
32,4,Lele Pons,Brandon Armstrong,8,9.125,0.125,Social Media Personality,Unknown,Venezuela,27,25-34,Eliminated Week 7,8,22.0,11,11,240.0,0.8148148148148148,0.0916666666666666,0.6363636363636364,-0.1784511784511784,0.5185185185185185,-0.1454046639231824,-0.113559840832568,4,0.3636363636363636,0.0,5,0.4545454545454545,0.5511623971376456,7.0,False,6
32,5,Lele Pons,Brandon Armstrong,8,9.125,0.125,Social Media Personality,Unknown,Venezuela,27,25-34,Eliminated Week 7,8,24.0,11,10,240.0,0.8571428571428571,0.1,0.7,-0.1571428571428571,0.6,-0.1346938775510203,-0.1099999999999999,5,0.4545454545454545,0.0,4,0.4,0.5842002243597187,7.0,False,8
32,6,Lele Pons,Brandon Armstrong,8,9.125,0.125,Social Media Personality,Unknown,Venezuela,27,25-34,Eliminated Week 7,8,37.0,11,9,322.0,0.8809523809523809,0.1149068322981366,0.5555555555555556,-0.3253968253968253,0.4894179894179894,-0.2866591080876794,-0.1807760141093474,6,0.5454545454545454,0.0,5,0.5555555555555556,0.674798301629924,7.0,False,5
32,7,Lele Pons,Brandon Armstrong,8,9.125,0.125,Social Media Personality,Unknown,Venezuela,27,25-34,Eliminated Week 7,8,36.5,11,8,282.0,0.9864864864864864,0.1294326241134751,0.75,-0.2364864864864865,0.7398648648648649,-0.233290723155588,-0.1773648648648648,7,0.6363636363636364,0.0,3,0.375,0.7344679577270418,7.0,True,8
32,1,Matt Walsh,Koko Iwasaki,2,10.5,0.0,Comedian,Illinois,United States,58,55-64,Eliminated Week 1,14,12.0,11,14,231.0,0.5454545454545454,0.0519480519480519,0.2142857142857143,-0.3311688311688311,0.1168831168831168,-0.1806375442739078,-0.0709647495361781,1,0.0909090909090909,0.0,12,0.8571428571428571,0.1357091184250359,1.0,True,14
32,1,Mauricio Umansky,Emma Slater,16,7.9375,0.0625,TV Personality,Unknown,Mexico,53,45-54,Eliminated Week 6,9,15.0,11,14,231.0,0.6818181818181818,0.0649350649350649,0.4285714285714286,-0.2532467532467531,0.2922077922077922,-0.1726682408500589,-0.108534322820037,1,0.0909090909090909,0.0,9,0.6428571428571429,0.4351241746483176,6.0,False,9
32,2,Mauricio Umansky,Emma Slater,16,7.9375,0.0625,TV Personality,Unknown,Mexico,53,45-54,Eliminated Week 6,9,12.0,11,13,238.0,0.5,0.0504201680672268,0.0769230769230768,-0.4230769230769231,0.0384615384615384,-0.2115384615384615,-0.0325443786982248,2,0.1818181818181818,0.0,13,1.0,0.2869702835366733,6.0,False,12
32,3,Mauricio Umansky,Emma Slater,16,7.9375,0.0625,TV Personality,Unknown,Mexico,53,45-54,Eliminated Week 6,9,23.0,11,12,323.0,0.6764705882352942,0.0712074303405572,0.25,-0.4264705882352941,0.1691176470588235,-0.2884948096885814,-0.1066176470588235,3,0.2727272727272727,0.0,10,0.8333333333333334,0.4655805015599195,6.0,False,10
32,4,Mauricio Umansky,Emma Slater,16,7.9375,0.0625,TV Personality,Unknown,Mexico,53,45-54,Eliminated Week 6,9,19.0,11,11,240.0,0.7037037037037037,0.0791666666666666,0.2727272727272727,-0.430976430976431,0.1919191919191919,-0.3032797106871181,-0.1175390266299357,4,0.3636363636363636,0.0,9,0.8181818181818182,0.4785805286334108,6.0,False,10
32,5,Mauricio Umansky,Emma Slater,16,7.9375,0.0625,TV Personality,Unknown,Mexico,53,45-54,Eliminated Week 6,9,24.0,11,10,240.0,0.8571428571428571,0.1,0.7,-0.1571428571428571,0.6,-0.1346938775510203,-0.1099999999999999,5,0.4545454545454545,0.0,4,0.4,0.5862392062176263,6.0,False,7
32,6,Mauricio Umansky,Emma Slater,16,7.9375,0.0625,TV Personality,Unknown,Mexico,53,45-54,Eliminated Week 6,9,33.0,11,9,322.0,0.7857142857142857,0.1024844720496894,0.4444444444444444,-0.3412698412698413,0.3492063492063492,-0.268140589569161,-0.1516754850088183,6,0.5454545454545454,0.0,6,0.6666666666666666,0.5963715200929836,6.0,True,9
32,1,Mira Sorvino,Gleb Savchenko,13,8.461538461538462,0.0,Actor/Actress,New York,United States,55,55-64,Eliminated Week 5,10,17.0,11,14,231.0,0.7727272727272727,0.0735930735930736,0.5714285714285714,-0.2012987012987013,0.4415584415584415,-0.1555489964580873,-0.1150278293135436,1,0.0909090909090909,0.0,7,0.5,0.4563602227297106,5.0,False,7
32,2,Mira Sorvino,Gleb Savchenko,13,8.461538461538462,0.0,Actor/Actress,New York,United States,55,55-64,Eliminated Week 5,10,18.0,11,13,238.0,0.75,0.0756302521008403,0.5384615384615384,-0.2115384615384615,0.4038461538461538,-0.1586538461538461,-0.113905325443787,2,0.1818181818181818,0.0,7,0.5384615384615384,0.4491142530122449,5.0,False,8
32,3,Mira Sorvino,Gleb Savchenko,13,8.461538461538462,0.0,Actor/Actress,New York,United States,55,55-64,Eliminated Week 5,10,26.0,11,12,323.0,0.7647058823529411,0.0804953560371517,0.5833333333333333,-0.1813725490196078,0.4460784313725489,-0.1386966551326413,-0.1058006535947712,3,0.2727272727272727,0.0,6,0.5,0.4857220168499066,5.0,False,9
32,4,Mira Sorvino,Gleb Savchenko,13,8.461538461538462,0.0,Actor/Actress,New York,United States,55,55-64,Eliminated Week 5,10,21.0,11,11,240.0,0.7777777777777778,0.0875,0.5454545454545454,-0.2323232323232323,0.4242424242424242,-0.180695847362514,-0.1267217630853994,4,0.3636363636363636,0.0,6,0.5454545454545454,0.4882722659965483,5.0,False,8
32,5,Mira Sorvino,Gleb Savchenko,13,8.461538461538462,0.0,Actor/Actress,New York,United States,55,55-64,Eliminated Week 5,10,22.0,11,10,240.0,0.7857142857142857,0.0916666666666666,0.3,-0.4857142857142856,0.2357142857142857,-0.3816326530612244,-0.1457142857142857,5,0.4545454545454545,0.0,8,0.8,0.5106261870921195,5.0,True,10
32,1,Tyson Beckford,Jenna Johnson,9,6.444444444444445,0.4444444444444444,Model,New York,United States,52,45-54,Eliminated Week 3,12,12.0,11,14,231.0,0.5454545454545454,0.0519480519480519,0.2142857142857143,-0.3311688311688311,0.1168831168831168,-0.1806375442739078,-0.0709647495361781,1,0.0909090909090909,0.0,12,0.8571428571428571,0.1800278440823985,3.0,False,13
32,2,Tyson Beckford,Jenna Johnson,9,6.444444444444445,0.4444444444444444,Model,New York,United States,52,45-54,Eliminated Week 3,12,18.0,11,13,238.0,0.75,0.0756302521008403,0.5384615384615384,-0.2115384615384615,0.4038461538461538,-0.1586538461538461,-0.113905325443787,2,0.1818181818181818,0.0,7,0.5384615384615384,0.3483872979232943,3.0,False,10
32,3,Tyson Beckford,Jenna Johnson,9,6.444444444444445,0.4444444444444444,Model,New York,United States,52,45-54,Eliminated Week 3,12,20.0,11,12,323.0,0.5882352941176471,0.0619195046439628,0.0833333333333333,-0.5049019607843137,0.0490196078431372,-0.2970011534025374,-0.0420751633986928,3,0.2727272727272727,0.0,12,1.0,0.2310071569164822,3.0,True,12
32,1,Xochitl Gomez,Valentin Chmerkovskiy,19,5.2631578947368425,0.4736842105263157,Actor/Actress,California,United States,17,<25,1st Place,1,18.0,11,14,231.0,0.8181818181818182,0.0779220779220779,0.7142857142857143,-0.1038961038961039,0.5844155844155845,-0.0850059031877214,-0.0742115027829313,1,0.0909090909090909,0.0,5,0.3571428571428571,0.7389282912114827,,False,4
32,2,Xochitl Gomez,Valentin Chmerkovskiy,19,5.2631578947368425,0.4736842105263157,Actor/Actress,California,United States,17,<25,1st Place,1,24.0,11,13,238.0,1.0,0.1008403361344537,1.0,0.0,1.0,0.0,0.0,2,0.1818181818181818,0.0,1,0.0769230769230769,0.8438377743354208,,False,1
32,3,Xochitl Gomez,Valentin Chmerkovskiy,19,5.2631578947368425,0.4736842105263157,Actor/Actress,California,United States,17,<25,1st Place,1,32.0,11,12,323.0,0.9411764705882352,0.0990712074303405,0.8333333333333334,-0.1078431372549019,0.7843137254901961,-0.1014994232987312,-0.0898692810457515,3,0.2727272727272727,0.0,3,0.25,0.8703356124155036,,False,1
32,4,Xochitl Gomez,Valentin Chmerkovskiy,19,5.2631578947368425,0.4736842105263157,Actor/Actress,California,United States,17,<25,1st Place,1,27.0,11,11,240.0,1.0,0.1125,1.0,0.0,1.0,0.0,0.0,4,0.3636363636363636,0.0,1,0.0909090909090909,0.855239478987392,,False,1
32,5,Xochitl Gomez,Valentin Chmerkovskiy,19,5.2631578947368425,0.4736842105263157,Actor/Actress,California,United States,17,<25,1st Place,1,28.0,11,10,240.0,1.0,0.1166666666666666,1.0,0.0,1.0,0.0,0.0,5,0.4545454545454545,0.0,1,0.1,0.8591641014930956,,False,1
32,6,Xochitl Gomez,Valentin Chmerkovskiy,19,5.2631578947368425,0.4736842105263157,Actor/Actress,California,United States,17,<25,1st Place,1,42.0,11,9,322.0,1.0,0.1304347826086956,1.0,0.0,1.0,0.0,0.0,6,0.5454545454545454,0.0,1,0.1111111111111111,0.905788003664136,,False,1
32,7,Xochitl Gomez,Valentin Chmerkovskiy,19,5.2631578947368425,0.4736842105263157,Actor/Actress,California,United States,17,<25,1st Place,1,37.0,11,8,282.0,1.0,0.1312056737588652,1.0,0.0,1.0,0.0,0.0,7,0.6363636363636364,0.0,1,0.125,0.889851631458264,,False,3
32,8,Xochitl Gomez,Valentin Chmerkovskiy,19,5.2631578947368425,0.4736842105263157,Actor/Actress,California,United States,17,<25,1st Place,1,40.0,11,7,253.0,0.9523809523809524,0.1581027667984189,0.8571428571428572,-0.0952380952380951,0.8163265306122449,-0.0907029478458048,-0.0816326530612244,8,0.7272727272727273,0.0,2,0.2857142857142857,0.9090621997398632,,False,1
32,9,Xochitl Gomez,Valentin Chmerkovskiy,19,5.2631578947368425,0.4736842105263157,Actor/Actress,California,United States,17,<25,1st Place,1,41.0,11,6,221.0,0.9534883720930232,0.1855203619909502,0.8333333333333334,-0.1201550387596899,0.7945736434108528,-0.1145664323057508,-0.1001291989664082,9,0.8181818181818182,0.0,2,0.3333333333333333,0.923550322335586,,False,1
32,10,Xochitl Gomez,Valentin Chmerkovskiy,19,5.2631578947368425,0.4736842105263157,Actor/Actress,California,United States,17,<25,1st Place,1,30.0,11,5,142.5,1.0,0.2105263157894736,1.0,0.0,1.0,0.0,0.0,10,0.9090909090909092,0.0,1,0.2,0.8714225417408841,,False,3
32,11,Xochitl Gomez,Valentin Chmerkovskiy,19,5.2631578947368425,0.4736842105263157,Actor/Actress,California,United States,17,<25,1st Place,1,30.0,11,5,145.5,1.0,0.2061855670103092,1.0,0.0,1.0,0.0,0.0,11,1.0,0.0,1,0.2,0.8716247238815396,,False,3
33,1,Anna Delvey,Ezra Sosa,1,12.0,0.0,Con artist,Unknown,Russia,33,25-34,Eliminated Week 2,12,18.0,9,13,247.0,0.782608695652174,0.0728744939271255,0.4615384615384615,-0.3210702341137124,0.3612040133779264,-0.2512723571324706,-0.1481862618986364,1,0.1111111111111111,0.0,8,0.6153846153846154,0.3330951606053759,2.0,False,11
33,2,Anna Delvey,Ezra Sosa,1,12.0,0.0,Con artist,Unknown,Russia,33,25-34,Eliminated Week 2,12,17.0,9,13,258.0,0.7083333333333334,0.065891472868217,0.2307692307692307,-0.4775641025641026,0.1634615384615384,-0.3382745726495727,-0.1102071005917159,2,0.2222222222222222,0.0,11,0.8461538461538461,0.2680208213195856,2.0,True,13
33,1,Brooks Nader,Gleb Savchenko,13,8.461538461538462,0.0,Model,New York,United States,27,25-34,Eliminated Week 4,9,18.0,9,13,247.0,0.782608695652174,0.0728744939271255,0.4615384615384615,-0.3210702341137124,0.3612040133779264,-0.2512723571324706,-0.1481862618986364,1,0.1111111111111111,0.0,8,0.6153846153846154,0.4560514280522387,4.0,False,9
33,2,Brooks Nader,Gleb Savchenko,13,8.461538461538462,0.0,Model,New York,United States,27,25-34,Eliminated Week 4,9,20.0,9,13,258.0,0.8333333333333334,0.0775193798449612,0.4615384615384615,-0.3717948717948718,0.3846153846153846,-0.3098290598290598,-0.1715976331360947,2,0.2222222222222222,0.0,8,0.6153846153846154,0.5031640169938968,4.0,False,9
33,3,Brooks Nader,Gleb Savchenko,13,8.461538461538462,0.0,Model,New York,United States,27,25-34,Eliminated Week 4,9,30.5,9,11,318.0,0.8714285714285714,0.0959119496855346,0.6363636363636364,-0.2350649350649351,0.5545454545454546,-0.2048423005565862,-0.1495867768595041,3,0.3333333333333333,0.0,5,0.4545454545454545,0.5597115068355425,4.0,False,7
33,4,Brooks Nader,Gleb Savchenko,13,8.461538461538462,0.0,Model,New York,United States,27,25-34,Eliminated Week 4,9,32.0,9,9,294.0,0.8888888888888888,0.1088435374149659,0.6666666666666667,-0.2222222222222221,0.5925925925925927,-0.1975308641975307,-0.148148148148148,4,0.4444444444444444,0.0,4,0.4444444444444444,0.5797135099187115,4.0,True,9
33,1,Chandler Kinney,Brandon Armstrong,8,9.125,0.125,Actor/Actress,California,United States,24,<25,3rd Place,3,23.0,9,13,247.0,1.0,0.0931174089068826,1.0,0.0,1.0,0.0,0.0,1,0.1111111111111111,0.0,1,0.0769230769230769,0.7013292776394694,,False,2
33,2,Chandler Kinney,Brandon Armstrong,8,9.125,0.125,Actor/Actress,California,United States,24,<25,3rd Place,3,24.0,9,13,258.0,1.0,0.0930232558139534,1.0,0.0,1.0,0.0,0.0,2,0.2222222222222222,0.0,1,0.0769230769230769,0.7049803479845231,,False,3
33,3,Chandler Kinney,Brandon Armstrong,8,9.125,0.125,Actor/Actress,California,United States,24,<25,3rd Place,3,34.5,9,11,318.0,0.9857142857142858,0.1084905660377358,0.9090909090909092,-0.0766233766233767,0.8961038961038961,-0.0755287569573284,-0.0696576151121606,3,0.3333333333333333,0.0,2,0.1818181818181818,0.7596136119770122,,False,2
33,4,Chandler Kinney,Brandon Armstrong,8,9.125,0.125,Actor/Actress,California,United States,24,<25,3rd Place,3,32.0,9,9,294.0,0.8888888888888888,0.1088435374149659,0.6666666666666667,-0.2222222222222221,0.5925925925925927,-0.1975308641975307,-0.148148148148148,4,0.4444444444444444,0.0,4,0.4444444444444444,0.73023816371789,,False,3
33,5,Chandler Kinney,Brandon Armstrong,8,9.125,0.125,Actor/Actress,California,United States,24,<25,3rd Place,3,27.0,9,8,202.0,1.0,0.1336633663366336,1.0,0.0,1.0,0.0,0.0,5,0.5555555555555556,0.0,1,0.125,0.717396573824202,,False,4
33,6,Chandler Kinney,Brandon Armstrong,8,9.125,0.125,Actor/Actress,California,United States,24,<25,3rd Place,3,32.0,9,7,206.0,1.0,0.1553398058252427,1.0,0.0,1.0,0.0,0.0,6,0.6666666666666666,0.0,1,0.1428571428571428,0.7347749554822325,,False,2
33,7,Chandler Kinney,Brandon Armstrong,8,9.125,0.125,Actor/Actress,California,United States,24,<25,3rd Place,3,30.0,9,6,160.0,1.0,0.1875,1.0,0.0,1.0,0.0,0.0,7,0.7777777777777778,0.0,1,0.1666666666666666,0.73001907128416,,False,3
33,8,Chandler Kinney,Brandon Armstrong,8,9.125,0.125,Actor/Actress,California,United States,24,<25,3rd Place,3,29.0,9,5,140.0,1.0,0.2071428571428571,1.0,0.0,1.0,0.0,0.0,8,0.8888888888888888,0.0,1,0.2,0.7275699107573633,,False,5
33,9,Chandler Kinney,Brandon Armstrong,8,9.125,0.125,Actor/Actress,California,United States,24,<25,3rd Place,3,30.0,9,5,145.5,1.0,0.2061855670103092,1.0,0.0,1.0,0.0,0.0,9,1.0,0.0,1,0.2,0.731054840351239,,False,5
33,1,Danny Amendola,Witney Carson,14,5.5,0.3571428571428571,Athlete,Texas,United States,39,35-44,5th Place,5,20.0,9,13,247.0,0.8695652173913043,0.0809716599190283,0.6923076923076923,-0.177257525083612,0.6020066889632106,-0.1541369783335756,-0.1227167481348083,1,0.1111111111111111,0.0,5,0.3846153846153846,0.6331090232366501,,False,5
33,2,Danny Amendola,Witney Carson,14,5.5,0.3571428571428571,Athlete,Texas,United States,39,35-44,5th Place,5,21.0,9,13,258.0,0.875,0.0813953488372093,0.6923076923076923,-0.1826923076923077,0.6057692307692307,-0.1598557692307692,-0.1264792899408284,2,0.2222222222222222,0.0,5,0.3846153846153846,0.6415083825970341,,False,4
33,3,Danny Amendola,Witney Carson,14,5.5,0.3571428571428571,Athlete,Texas,United States,39,35-44,5th Place,5,30.0,9,11,318.0,0.8571428571428571,0.0943396226415094,0.5454545454545454,-0.3116883116883117,0.4675324675324674,-0.2671614100185528,-0.1700118063754427,3,0.3333333333333333,0.0,6,0.5454545454545454,0.6835678956499638,,False,4
33,4,Danny Amendola,Witney Carson,14,5.5,0.3571428571428571,Athlete,Texas,United States,39,35-44,5th Place,5,36.0,9,9,294.0,1.0,0.1224489795918367,1.0,0.0,1.0,0.0,0.0,4,0.4444444444444444,0.0,1,0.1111111111111111,0.7211429553918014,,False,4
33,5,Danny Amendola,Witney Carson,14,5.5,0.3571428571428571,Athlete,Texas,United States,39,35-44,5th Place,5,25.5,9,8,202.0,0.9444444444444444,0.1262376237623762,0.625,-0.3194444444444444,0.5902777777777778,-0.3016975308641975,-0.1996527777777777,5,0.5555555555555556,0.0,4,0.5,0.7428745718323053,,False,3
33,6,Danny Amendola,Witney Carson,14,5.5,0.3571428571428571,Athlete,Texas,United States,39,35-44,5th Place,5,28.0,9,7,206.0,0.875,0.1359223300970873,0.4285714285714286,-0.4464285714285714,0.375,-0.390625,-0.1913265306122449,6,0.6666666666666666,0.0,5,0.7142857142857143,0.7160389733423419,,False,4
33,7,Danny Amendola,Witney Carson,14,5.5,0.3571428571428571,Athlete,Texas,United States,39,35-44,5th Place,5,25.5,9,6,160.0,0.85,0.159375,0.3333333333333333,-0.5166666666666666,0.2833333333333334,-0.4391666666666666,-0.1722222222222222,7,0.7777777777777778,0.0,5,0.8333333333333334,0.6948367157493716,,False,5
33,8,Danny Amendola,Witney Carson,14,5.5,0.3571428571428571,Athlete,Texas,United States,39,35-44,5th Place,5,27.0,9,5,140.0,0.9310344827586208,0.1928571428571428,0.4,-0.5310344827586206,0.3724137931034483,-0.494411414982164,-0.2124137931034482,8,0.8888888888888888,0.0,4,0.8,0.7695879270751149,,False,3
33,9,Danny Amendola,Witney Carson,14,5.5,0.3571428571428571,Athlete,Texas,United States,39,35-44,5th Place,5,28.0,9,5,145.5,0.9333333333333332,0.1924398625429553,0.1999999999999999,-0.7333333333333334,0.1866666666666666,-0.6844444444444445,-0.1466666666666666,9,1.0,0.0,5,1.0,0.763853133759261,,False,4
33,1,Dwight Howard ,Daniella Karagach,5,4.6,0.6,Athlete,Georgia,United States,38,35-44,Eliminated Week 7,6,22.0,9,13,247.0,0.9565217391304348,0.0890688259109311,0.9230769230769232,-0.0334448160535116,0.8829431438127091,-0.0319906936164024,-0.0308721378955492,1,0.1111111111111111,0.0,2,0.1538461538461538,0.5792578550459221,7.0,False,6
33,2,Dwight Howard ,Daniella Karagach,5,4.6,0.6,Athlete,Georgia,United States,38,35-44,Eliminated Week 7,6,22.0,9,13,258.0,0.9166666666666666,0.0852713178294573,0.9230769230769232,0.0064102564102564,0.8461538461538461,0.0058760683760684,0.0059171597633136,2,0.2222222222222222,0.0,2,0.1538461538461538,0.5418596993647629,7.0,False,6
33,3,Dwight Howard ,Daniella Karagach,5,4.6,0.6,Athlete,Georgia,United States,38,35-44,Eliminated Week 7,6,26.0,9,11,318.0,0.7428571428571429,0.0817610062893081,0.2727272727272727,-0.4701298701298702,0.2025974025974025,-0.349239332096475,-0.1282172373081464,3,0.3333333333333333,0.0,9,0.8181818181818182,0.5069473174522455,7.0,False,9
33,4,Dwight Howard ,Daniella Karagach,5,4.6,0.6,Athlete,Georgia,United States,38,35-44,Eliminated Week 7,6,29.0,9,9,294.0,0.8055555555555556,0.0986394557823129,0.1111111111111111,-0.6944444444444444,0.0895061728395062,-0.5594135802469136,-0.0771604938271605,4,0.4444444444444444,0.0,9,1.0,0.5524804784475541,7.0,False,8
33,5,Dwight Howard ,Daniella Karagach,5,4.6,0.6,Athlete,Georgia,United States,38,35-44,Eliminated Week 7,6,24.0,9,8,202.0,0.8888888888888888,0.1188118811881188,0.375,-0.5138888888888888,0.3333333333333333,-0.45679012345679,-0.1927083333333333,5,0.5555555555555556,0.0,6,0.75,0.630561585604571,7.0,False,7
33,6,Dwight Howard ,Daniella Karagach,5,4.6,0.6,Athlete,Georgia,United States,38,35-44,Eliminated Week 7,6,31.0,9,7,206.0,0.96875,0.1504854368932038,0.7142857142857143,-0.2544642857142857,0.6919642857142857,-0.2465122767857142,-0.1817602040816326,6,0.6666666666666666,0.0,3,0.4285714285714285,0.6897954794548254,7.0,False,5
33,7,Dwight Howard ,Daniella Karagach,5,4.6,0.6,Athlete,Georgia,United States,38,35-44,Eliminated Week 7,6,24.0,9,6,160.0,0.8,0.15,0.1666666666666666,-0.6333333333333334,0.1333333333333333,-0.5066666666666667,-0.1055555555555555,7,0.7777777777777778,0.0,6,1.0,0.5614473127534677,7.0,True,6
33,1,Eric Roberts,Britt Stewart,6,10.0,0.0,Actor/Actress,California,United States,68,65+,Eliminated Week 3,10,15.0,9,13,247.0,0.6521739130434783,0.0607287449392712,0.0769230769230768,-0.5752508361204014,0.0501672240802675,-0.3751635887741748,-0.0442500643169539,1,0.1111111111111111,0.0,13,1.0,0.2600939341823122,3.0,False,13
33,2,Eric Roberts,Britt Stewart,6,10.0,0.0,Actor/Actress,California,United States,68,65+,Eliminated Week 3,10,15.0,9,13,258.0,0.625,0.0581395348837209,0.1538461538461538,-0.4711538461538461,0.0961538461538461,-0.2944711538461538,-0.0724852071005917,2,0.2222222222222222,0.0,12,0.9230769230769232,0.2559300223087188,3.0,False,11
33,3,Eric Roberts,Britt Stewart,6,10.0,0.0,Actor/Actress,California,United States,68,65+,Eliminated Week 3,10,23.0,9,11,318.0,0.6571428571428571,0.0723270440251572,0.1818181818181817,-0.4753246753246753,0.1194805194805194,-0.3123562152133581,-0.08642266824085,3,0.3333333333333333,0.0,10,0.9090909090909092,0.3200992181694776,3.0,True,11
33,1,Ilona Maher,Alan Bersten,9,6.111111111111111,0.2222222222222222,Athlete,California,United States,28,25-34,2nd Place,2,18.0,9,13,247.0,0.782608695652174,0.0728744939271255,0.4615384615384615,-0.3210702341137124,0.3612040133779264,-0.2512723571324706,-0.1481862618986364,1,0.1111111111111111,0.0,8,0.6153846153846154,0.6530377889535846,,False,3
33,2,Ilona Maher,Alan Bersten,9,6.111111111111111,0.2222222222222222,Athlete,California,United States,28,25-34,2nd Place,2,21.0,9,13,258.0,0.875,0.0813953488372093,0.6923076923076923,-0.1826923076923077,0.6057692307692307,-0.1598557692307692,-0.1264792899408284,2,0.2222222222222222,0.0,5,0.3846153846153846,0.7129174780581968,,False,2
33,3,Ilona Maher,Alan Bersten,9,6.111111111111111,0.2222222222222222,Athlete,California,United States,28,25-34,2nd Place,2,28.0,9,11,318.0,0.8,0.0880503144654088,0.4545454545454546,-0.3454545454545454,0.3636363636363637,-0.2763636363636363,-0.1570247933884297,3,0.3333333333333333,0.0,7,0.6363636363636364,0.7090607420284243,,False,3
33,4,Ilona Maher,Alan Bersten,9,6.111111111111111,0.2222222222222222,Athlete,California,United States,28,25-34,2nd Place,2,32.0,9,9,294.0,0.8888888888888888,0.1088435374149659,0.6666666666666667,-0.2222222222222221,0.5925925925925927,-0.1975308641975307,-0.148148148148148,4,0.4444444444444444,0.0,4,0.4444444444444444,0.7766998708200573,,False,2
33,5,Ilona Maher,Alan Bersten,9,6.111111111111111,0.2222222222222222,Athlete,California,United States,28,25-34,2nd Place,2,26.0,9,8,202.0,0.9629629629629628,0.1287128712871287,0.875,-0.0879629629629629,0.8425925925925926,-0.0847050754458161,-0.0769675925925925,5,0.5555555555555556,0.0,2,0.25,0.7715244661540817,,False,2
33,6,Ilona Maher,Alan Bersten,9,6.111111111111111,0.2222222222222222,Athlete,California,United States,28,25-34,2nd Place,2,24.0,9,7,206.0,0.75,0.116504854368932,0.1428571428571429,-0.6071428571428571,0.1071428571428571,-0.4553571428571428,-0.086734693877551,6,0.6666666666666666,0.0,7,1.0,0.6663577569926412,,False,6
33,7,Ilona Maher,Alan Bersten,9,6.111111111111111,0.2222222222222222,Athlete,California,United States,28,25-34,2nd Place,2,26.0,9,6,160.0,0.8666666666666667,0.1625,0.5,-0.3666666666666667,0.4333333333333333,-0.3177777777777778,-0.1833333333333333,7,0.7777777777777778,0.0,4,0.6666666666666666,0.7743571743075167,,False,2
33,8,Ilona Maher,Alan Bersten,9,6.111111111111111,0.2222222222222222,Athlete,California,United States,28,25-34,2nd Place,2,28.5,9,5,140.0,0.9827586206896552,0.2035714285714285,0.6,-0.3827586206896551,0.5896551724137931,-0.3761593341260404,-0.229655172413793,8,0.8888888888888888,0.0,3,0.6,0.8733358986935317,,False,1
33,9,Ilona Maher,Alan Bersten,9,6.111111111111111,0.2222222222222222,Athlete,California,United States,28,25-34,2nd Place,2,28.5,9,5,145.5,0.95,0.1958762886597938,0.4,-0.5499999999999999,0.38,-0.5225,-0.2199999999999999,9,1.0,0.0,4,0.8,0.8617483754278957,,False,2
33,1,Jenn Tran,Sasha Farber,12,6.083333333333333,0.1666666666666666,TV Personality,Florida,United States,26,25-34,Eliminated Week 6,7,19.0,9,13,247.0,0.8260869565217391,0.0769230769230769,0.6153846153846154,-0.2107023411371237,0.5083612040133779,-0.1740584557219717,-0.1296629791613069,1,0.1111111111111111,0.0,6,0.4615384615384615,0.5370826377367101,6.0,False,7
33,2,Jenn Tran,Sasha Farber,12,6.083333333333333,0.1666666666666666,TV Personality,Florida,United States,26,25-34,Eliminated Week 6,7,19.0,9,13,258.0,0.7916666666666666,0.0736434108527131,0.3846153846153846,-0.407051282051282,0.3044871794871794,-0.3222489316239316,-0.1565581854043392,2,0.2222222222222222,0.0,9,0.6923076923076923,0.5249582193194148,6.0,False,7
33,3,Jenn Tran,Sasha Farber,12,6.083333333333333,0.1666666666666666,TV Personality,Florida,United States,26,25-34,Eliminated Week 6,7,31.0,9,11,318.0,0.8857142857142857,0.0974842767295597,0.8181818181818181,-0.0675324675324675,0.7246753246753246,-0.0598144712430426,-0.0552538370720189,3,0.3333333333333333,0.0,3,0.2727272727272727,0.5897530976028461,6.0,False,6
33,4,Jenn Tran,Sasha Farber,12,6.083333333333333,0.1666666666666666,TV Personality,Florida,United States,26,25-34,Eliminated Week 6,7,32.0,9,9,294.0,0.8888888888888888,0.1088435374149659,0.6666666666666667,-0.2222222222222221,0.5925925925925927,-0.1975308641975307,-0.148148148148148,4,0.4444444444444444,0.0,4,0.4444444444444444,0.6367607624021084,6.0,False,6
33,5,Jenn Tran,Sasha Farber,12,6.083333333333333,0.1666666666666666,TV Personality,Florida,United States,26,25-34,Eliminated Week 6,7,25.5,9,8,202.0,0.9444444444444444,0.1262376237623762,0.625,-0.3194444444444444,0.5902777777777778,-0.3016975308641975,-0.1996527777777777,5,0.5555555555555556,0.0,4,0.5,0.6743445588755193,6.0,False,6
33,6,Jenn Tran,Sasha Farber,12,6.083333333333333,0.1666666666666666,TV Personality,Florida,United States,26,25-34,Eliminated Week 6,7,31.0,9,7,206.0,0.96875,0.1504854368932038,0.7142857142857143,-0.2544642857142857,0.6919642857142857,-0.2465122767857142,-0.1817602040816326,6,0.6666666666666666,0.0,3,0.4285714285714285,0.700414241717406,6.0,True,7
33,1,Joey Graziadei,Jenna Johnson,9,6.444444444444445,0.4444444444444444,TV Personality,Louisiana,United States,29,25-34,1st Place,1,21.0,9,13,247.0,0.9130434782608696,0.0850202429149797,0.8461538461538461,-0.0668896321070233,0.7725752508361203,-0.0610731423585865,-0.0565989194751736,1,0.1111111111111111,0.0,3,0.2307692307692307,0.7454761125609914,,False,1
33,2,Joey Graziadei,Jenna Johnson,9,6.444444444444445,0.4444444444444444,TV Personality,Louisiana,United States,29,25-34,1st Place,1,22.0,9,13,258.0,0.9166666666666666,0.0852713178294573,0.9230769230769232,0.0064102564102564,0.8461538461538461,0.0058760683760684,0.0059171597633136,2,0.2222222222222222,0.0,2,0.1538461538461538,0.7280784385462495,,False,1
33,3,Joey Graziadei,Jenna Johnson,9,6.444444444444445,0.4444444444444444,TV Personality,Louisiana,United States,29,25-34,1st Place,1,35.0,9,11,318.0,1.0,0.110062893081761,1.0,0.0,1.0,0.0,0.0,3,0.3333333333333333,0.0,1,0.0909090909090909,0.8242973055900341,,False,1
33,4,Joey Graziadei,Jenna Johnson,9,6.444444444444445,0.4444444444444444,TV Personality,Louisiana,United States,29,25-34,1st Place,1,36.0,9,9,294.0,1.0,0.1224489795918367,1.0,0.0,1.0,0.0,0.0,4,0.4444444444444444,0.0,1,0.1111111111111111,0.8282129193539215,,False,1
33,5,Joey Graziadei,Jenna Johnson,9,6.444444444444445,0.4444444444444444,TV Personality,Louisiana,United States,29,25-34,1st Place,1,26.0,9,8,202.0,0.9629629629629628,0.1287128712871287,0.875,-0.0879629629629629,0.8425925925925926,-0.0847050754458161,-0.0769675925925925,5,0.5555555555555556,0.0,2,0.25,0.8071853346550392,,False,1
33,6,Joey Graziadei,Jenna Johnson,9,6.444444444444445,0.4444444444444444,TV Personality,Louisiana,United States,29,25-34,1st Place,1,32.0,9,7,206.0,1.0,0.1553398058252427,1.0,0.0,1.0,0.0,0.0,6,0.6666666666666666,0.0,1,0.1428571428571428,0.8168975310853571,,False,1
33,7,Joey Graziadei,Jenna Johnson,9,6.444444444444445,0.4444444444444444,TV Personality,Louisiana,United States,29,25-34,1st Place,1,27.5,9,6,160.0,0.9166666666666666,0.171875,0.8333333333333334,-0.0833333333333332,0.7638888888888888,-0.0763888888888888,-0.0694444444444443,7,0.7777777777777778,0.0,2,0.3333333333333333,0.787208983984193,,False,1
33,8,Joey Graziadei,Jenna Johnson,9,6.444444444444445,0.4444444444444444,TV Personality,Louisiana,United States,29,25-34,1st Place,1,29.0,9,5,140.0,1.0,0.2071428571428571,1.0,0.0,1.0,0.0,0.0,8,0.8888888888888888,0.0,1,0.2,0.809692486360488,,False,2
33,9,Joey Graziadei,Jenna Johnson,9,6.444444444444445,0.4444444444444444,TV Personality,Louisiana,United States,29,25-34,1st Place,1,29.5,9,5,145.5,0.9833333333333332,0.2027491408934708,0.8,-0.1833333333333332,0.7866666666666666,-0.1802777777777776,-0.1466666666666665,9,1.0,0.0,2,0.4,0.8685364030453442,,False,1
33,1,Phaedra Parks,Val Chmerkovskiy,1,8.0,0.0,TV Personality,Georgia,United States,51,45-54,Eliminated Week 5,8,19.0,9,13,247.0,0.8260869565217391,0.0769230769230769,0.6153846153846154,-0.2107023411371237,0.5083612040133779,-0.1740584557219717,-0.1296629791613069,1,0.1111111111111111,0.0,6,0.4615384615384615,0.4781319390187953,5.0,False,8
33,2,Phaedra Parks,Val Chmerkovskiy,1,8.0,0.0,TV Personality,Georgia,United States,51,45-54,Eliminated Week 5,8,21.0,9,13,258.0,0.875,0.0813953488372093,0.6923076923076923,-0.1826923076923077,0.6057692307692307,-0.1598557692307692,-0.1264792899408284,2,0.2222222222222222,0.0,5,0.3846153846153846,0.5140276709223334,5.0,False,8
33,3,Phaedra Parks,Val Chmerkovskiy,1,8.0,0.0,TV Personality,Georgia,United States,51,45-54,Eliminated Week 5,8,28.0,9,11,318.0,0.8,0.0880503144654088,0.4545454545454546,-0.3454545454545454,0.3636363636363637,-0.2763636363636363,-0.1570247933884297,3,0.3333333333333333,0.0,7,0.6363636363636364,0.5101709348925607,5.0,False,8
33,4,Phaedra Parks,Val Chmerkovskiy,1,8.0,0.0,TV Personality,Georgia,United States,51,45-54,Eliminated Week 5,8,32.0,9,9,294.0,0.8888888888888888,0.1088435374149659,0.6666666666666667,-0.2222222222222221,0.5925925925925927,-0.1975308641975307,-0.148148148148148,4,0.4444444444444444,0.0,4,0.4444444444444444,0.5778100636841937,5.0,False,7
33,5,Phaedra Parks,Val Chmerkovskiy,1,8.0,0.0,TV Personality,Georgia,United States,51,45-54,Eliminated Week 5,8,24.0,9,8,202.0,0.8888888888888888,0.1188118811881188,0.375,-0.5138888888888888,0.3333333333333333,-0.45679012345679,-0.1927083333333333,5,0.5555555555555556,0.0,6,0.75,0.5822296491492367,5.0,True,8
33,1,Reginald VelJohnson,Emma Slater,16,7.9375,0.0625,Actor/Actress,New York,United States,74,65+,Eliminated Week 3,10,16.0,9,13,247.0,0.6956521739130435,0.0647773279352226,0.1538461538461538,-0.5418060200668896,0.1070234113712374,-0.3769085356987058,-0.083354772317983,1,0.1111111111111111,0.0,12,0.9230769230769232,0.3461165745418294,3.0,False,10
33,2,Reginald VelJohnson,Emma Slater,16,7.9375,0.0625,Actor/Actress,New York,United States,74,65+,Eliminated Week 3,10,15.0,9,13,258.0,0.625,0.0581395348837209,0.1538461538461538,-0.4711538461538461,0.0961538461538461,-0.2944711538461538,-0.0724852071005917,2,0.2222222222222222,0.0,12,0.9230769230769232,0.2960190627973357,3.0,False,10
33,3,Reginald VelJohnson,Emma Slater,16,7.9375,0.0625,Actor/Actress,New York,United States,74,65+,Eliminated Week 3,10,21.0,9,11,318.0,0.6,0.0660377358490566,0.0909090909090909,-0.509090909090909,0.0545454545454545,-0.3054545454545454,-0.0462809917355372,3,0.3333333333333333,0.0,11,1.0,0.303623744188796,3.0,True,11
33,1,Stephen Nedoroscik,Rylee Arnold,3,6.666666666666667,0.0,Athlete,Florida,United States,26,25-34,4th Place,4,21.0,9,13,247.0,0.9130434782608696,0.0850202429149797,0.8461538461538461,-0.0668896321070233,0.7725752508361203,-0.0610731423585865,-0.0565989194751736,1,0.1111111111111111,0.0,3,0.2307692307692307,0.6442847290862664,,False,4
33,2,Stephen Nedoroscik,Rylee Arnold,3,6.666666666666667,0.0,Athlete,Florida,United States,26,25-34,4th Place,4,22.0,9,13,258.0,0.9166666666666666,0.0852713178294573,0.9230769230769232,0.0064102564102564,0.8461538461538461,0.0058760683760684,0.0059171597633136,2,0.2222222222222222,0.0,2,0.1538461538461538,0.6268870550715244,,False,5
33,3,Stephen Nedoroscik,Rylee Arnold,3,6.666666666666667,0.0,Athlete,Florida,United States,26,25-34,4th Place,4,31.0,9,11,318.0,0.8857142857142857,0.0974842767295597,0.8181818181818181,-0.0675324675324675,0.7246753246753246,-0.0598144712430426,-0.0552538370720189,3,0.3333333333333333,0.0,3,0.2727272727272727,0.6641616910470272,,False,5
33,4,Stephen Nedoroscik,Rylee Arnold,3,6.666666666666667,0.0,Athlete,Florida,United States,26,25-34,4th Place,4,33.0,9,9,294.0,0.9166666666666666,0.1122448979591836,0.7777777777777778,-0.1388888888888888,0.7129629629629629,-0.1273148148148147,-0.1080246913580246,4,0.4444444444444444,0.0,3,0.3333333333333333,0.7134250453898675,,False,5
33,5,Stephen Nedoroscik,Rylee Arnold,3,6.666666666666667,0.0,Athlete,Florida,United States,26,25-34,4th Place,4,24.0,9,8,202.0,0.8888888888888888,0.1188118811881188,0.375,-0.5138888888888888,0.3333333333333333,-0.45679012345679,-0.1927083333333333,5,0.5555555555555556,0.0,6,0.75,0.7155889413113324,,False,5
33,6,Stephen Nedoroscik,Rylee Arnold,3,6.666666666666667,0.0,Athlete,Florida,United States,26,25-34,4th Place,4,28.0,9,7,206.0,0.875,0.1359223300970873,0.4285714285714286,-0.4464285714285714,0.375,-0.390625,-0.1913265306122449,6,0.6666666666666666,0.0,5,0.7142857142857143,0.7219175538297368,,False,3
33,7,Stephen Nedoroscik,Rylee Arnold,3,6.666666666666667,0.0,Athlete,Florida,United States,26,25-34,4th Place,4,27.0,9,6,160.0,0.9,0.16875,0.6666666666666667,-0.2333333333333332,0.6000000000000001,-0.2099999999999999,-0.1555555555555555,7,0.7777777777777778,0.0,3,0.5,0.7144806022652841,,False,4
33,8,Stephen Nedoroscik,Rylee Arnold,3,6.666666666666667,0.0,Athlete,Florida,United States,26,25-34,4th Place,4,26.5,9,5,140.0,0.913793103448276,0.1892857142857142,0.1999999999999999,-0.713793103448276,0.1827586206896551,-0.6522592152199763,-0.1427586206896551,8,0.8888888888888888,0.0,5,1.0,0.7496010084094717,,False,4
33,9,Stephen Nedoroscik,Rylee Arnold,3,6.666666666666667,0.0,Athlete,Florida,United States,26,25-34,4th Place,4,29.5,9,5,145.5,0.9833333333333332,0.2027491408934708,0.8,-0.1833333333333332,0.7866666666666666,-0.1802777777777776,-0.1466666666666665,9,1.0,0.0,2,0.4,0.7673450195706192,,False,3
33,1,Tori Spelling,Pasha Pashkov,7,10.428571428571429,0.1428571428571428,Actor/Actress,California,United States,51,45-54,Eliminated Week 2,12,17.0,9,13,247.0,0.7391304347826086,0.068825910931174,0.2307692307692307,-0.5083612040133779,0.1705685618729096,-0.3757452377490184,-0.1173141240030871,1,0.1111111111111111,0.0,11,0.8461538461538461,0.2797663030218856,2.0,False,12
33,2,Tori Spelling,Pasha Pashkov,7,10.428571428571429,0.1428571428571428,Actor/Actress,California,United States,51,45-54,Eliminated Week 2,12,19.0,9,13,258.0,0.7916666666666666,0.0736434108527131,0.3846153846153846,-0.407051282051282,0.3044871794871794,-0.3222489316239316,-0.1565581854043392,2,0.2222222222222222,0.0,9,0.6923076923076923,0.3353338698281888,2.0,True,13
34,1,Alix Earle,Val Chmerkovskiy (Joey Graziadei week 9),1,2.0,1.0,Social media personality,Florida,United States,24,<25,2nd Place,2,13.0,11,14,164.0,0.8666666666666667,0.0792682926829268,0.7857142857142857,-0.080952380952381,0.680952380952381,-0.0701587301587302,-0.0636054421768707,1,0.0909090909090909,0.0,4,0.2857142857142857,0.6376516629266478,,False,3
34,2,Alix Earle,Val Chmerkovskiy (Joey Graziadei week 9),1,2.0,1.0,Social media personality,Florida,United States,24,<25,2nd Place,2,21.0,11,14,278.0,0.9545454545454546,0.0755395683453237,0.7142857142857143,-0.2402597402597402,0.6818181818181819,-0.2293388429752066,-0.1716141001855287,2,0.1818181818181818,0.0,5,0.3571428571428571,0.7585837777645821,,False,2
34,3,Alix Earle,Val Chmerkovskiy (Joey Graziadei week 9),1,2.0,1.0,Social media personality,Florida,United States,24,<25,2nd Place,2,23.0,11,12,257.0,0.9583333333333334,0.0894941634241245,0.8333333333333334,-0.125,0.7986111111111112,-0.1197916666666666,-0.1041666666666666,3,0.2727272727272727,0.0,3,0.25,0.7458817158328406,,False,2
34,4,Alix Earle,Val Chmerkovskiy (Joey Graziadei week 9),1,2.0,1.0,Social media personality,Florida,United States,24,<25,2nd Place,2,24.0,11,11,248.0,0.96,0.0967741935483871,0.9090909090909092,-0.0509090909090909,0.8727272727272727,-0.0488727272727272,-0.0462809917355371,4,0.3636363636363636,0.0,2,0.1818181818181818,0.729130876508503,,False,3
34,5,Alix Earle,Val Chmerkovskiy (Joey Graziadei week 9),1,2.0,1.0,Social media personality,Florida,United States,24,<25,2nd Place,2,35.0,11,10,313.0,0.9722222222222222,0.1118210862619808,0.9,-0.0722222222222221,0.875,-0.070216049382716,-0.0649999999999999,5,0.4545454545454545,0.0,2,0.2,0.7815837514144034,,False,2
34,6,Alix Earle,Val Chmerkovskiy (Joey Graziadei week 9),1,2.0,1.0,Social media personality,Florida,United States,24,<25,2nd Place,2,35.0,11,10,340.0,0.8974358974358975,0.1029411764705882,0.5,-0.3974358974358974,0.4487179487179487,-0.3566732412886259,-0.1987179487179487,6,0.5454545454545454,0.0,6,0.6,0.7953460775847089,,False,2
34,7,Alix Earle,Val Chmerkovskiy (Joey Graziadei week 9),1,2.0,1.0,Social media personality,Florida,United States,24,<25,2nd Place,2,43.0,11,9,332.0,1.0,0.1295180722891566,1.0,0.0,1.0,0.0,0.0,7,0.6363636363636364,0.0,1,0.1111111111111111,0.7991658178044212,,False,3
34,8,Alix Earle,Val Chmerkovskiy (Joey Graziadei week 9),1,2.0,1.0,Social media personality,Florida,United States,24,<25,2nd Place,2,38.5,11,8,301.5,0.9746835443037974,0.1276948590381426,0.75,-0.2246835443037974,0.7310126582278481,-0.2189953533087646,-0.168512658227848,8,0.7272727272727273,0.0,3,0.375,0.8426125809983002,,False,3
34,9,Alix Earle,Val Chmerkovskiy (Joey Graziadei week 9),1,2.0,1.0,Social media personality,Florida,United States,24,<25,2nd Place,2,40.0,11,7,270.0,0.9523809523809524,0.1481481481481481,0.5714285714285714,-0.3809523809523809,0.5442176870748299,-0.3628117913832199,-0.2176870748299319,9,0.8181818181818182,0.0,4,0.5714285714285714,0.8634750576374053,,False,1
34,10,Alix Earle,Val Chmerkovskiy (Joey Graziadei week 9),1,2.0,1.0,Social media personality,Florida,United States,24,<25,2nd Place,2,29.0,11,6,172.0,0.9830508474576272,0.1686046511627907,0.8333333333333334,-0.1497175141242938,0.8192090395480227,-0.1471799291391362,-0.1247645951035781,10,0.9090909090909092,0.0,2,0.3333333333333333,0.8016129819924079,,False,3
34,11,Alix Earle,Val Chmerkovskiy (Joey Graziadei week 9),1,2.0,1.0,Social media personality,Florida,United States,24,<25,2nd Place,2,30.0,11,5,147.6662,1.0,0.2031609129238783,1.0,0.0,1.0,0.0,0.0,11,1.0,0.0,1,0.2,0.7610987497149908,,False,5
34,1,Andy Richter,Emma Slater/Kaitlyn Bristowe (week 9),1,7.0,0.0,Comedian,California,United States,59,55-64,Eliminated Week 9,7,9.0,11,14,164.0,0.6,0.0548780487804878,0.1428571428571429,-0.4571428571428571,0.0857142857142857,-0.2742857142857142,-0.0653061224489796,1,0.0909090909090909,0.0,13,0.9285714285714286,0.3518341802020864,9.0,False,11
34,2,Andy Richter,Emma Slater/Kaitlyn Bristowe (week 9),1,7.0,0.0,Comedian,California,United States,59,55-64,Eliminated Week 9,7,16.0,11,14,278.0,0.7272727272727273,0.0575539568345323,0.1428571428571429,-0.5844155844155844,0.1038961038961039,-0.4250295159386068,-0.0834879406307978,2,0.1818181818181818,0.0,13,0.9285714285714286,0.4608708889791785,9.0,False,11
34,3,Andy Richter,Emma Slater/Kaitlyn Bristowe (week 9),1,7.0,0.0,Comedian,California,United States,59,55-64,Eliminated Week 9,7,18.0,11,12,257.0,0.75,0.0700389105058365,0.1666666666666666,-0.5833333333333334,0.1249999999999999,-0.4375,-0.0972222222222222,3,0.2727272727272727,0.0,11,0.9166666666666666,0.4999279449954417,9.0,False,10
34,4,Andy Richter,Emma Slater/Kaitlyn Bristowe (week 9),1,7.0,0.0,Comedian,California,United States,59,55-64,Eliminated Week 9,7,18.0,11,11,248.0,0.72,0.0725806451612903,0.0909090909090909,-0.629090909090909,0.0654545454545454,-0.4529454545454545,-0.0571900826446281,4,0.3636363636363636,0.0,11,1.0,0.4729222865281323,9.0,False,10
34,5,Andy Richter,Emma Slater/Kaitlyn Bristowe (week 9),1,7.0,0.0,Comedian,California,United States,59,55-64,Eliminated Week 9,7,24.0,11,10,313.0,0.6666666666666666,0.0766773162939297,0.0999999999999999,-0.5666666666666667,0.0666666666666666,-0.3777777777777777,-0.0566666666666666,5,0.4545454545454545,0.0,10,1.0,0.4664094892294674,9.0,False,10
34,6,Andy Richter,Emma Slater/Kaitlyn Bristowe (week 9),1,7.0,0.0,Comedian,California,United States,59,55-64,Eliminated Week 9,7,27.0,11,10,340.0,0.6923076923076923,0.0794117647058823,0.0999999999999999,-0.5923076923076923,0.0692307692307692,-0.4100591715976331,-0.0592307692307692,6,0.5454545454545454,0.0,10,1.0,0.4938011427500362,9.0,False,9
34,7,Andy Richter,Emma Slater/Kaitlyn Bristowe (week 9),1,7.0,0.0,Comedian,California,United States,59,55-64,Eliminated Week 9,7,29.0,11,9,332.0,0.6744186046511628,0.0873493975903614,0.1111111111111111,-0.5633074935400516,0.0749354005167959,-0.3799050537828254,-0.0625897215044502,7,0.6363636363636364,0.0,9,1.0,0.4972345698756159,9.0,False,8
34,8,Andy Richter,Emma Slater/Kaitlyn Bristowe (week 9),1,7.0,0.0,Comedian,California,United States,59,55-64,Eliminated Week 9,7,34.0,11,8,301.5,0.8607594936708861,0.1127694859038142,0.125,-0.7357594936708861,0.1075949367088607,-0.6333119692356994,-0.0919699367088607,8,0.7272727272727273,0.0,8,1.0,0.6513730626384271,9.0,False,7
34,9,Andy Richter,Emma Slater/Kaitlyn Bristowe (week 9),1,7.0,0.0,Comedian,California,United States,59,55-64,Eliminated Week 9,7,29.0,11,7,270.0,0.6904761904761905,0.1074074074074074,0.1428571428571429,-0.5476190476190476,0.0986394557823129,-0.3781179138321995,-0.0782312925170068,9,0.8181818181818182,0.0,7,1.0,0.5255115236748109,9.0,True,7
34,1,Baron Davis,Britt Stewart,6,10.0,0.0,Athlete,California,United States,46,45-54,Eliminated Week 2,13,10.0,11,14,164.0,0.6666666666666666,0.0609756097560975,0.4285714285714286,-0.238095238095238,0.2857142857142857,-0.1587301587301586,-0.1020408163265305,1,0.0909090909090909,0.0,9,0.6428571428571429,0.2409424183807481,2.0,False,13
34,2,Baron Davis,Britt Stewart,6,10.0,0.0,Athlete,California,United States,46,45-54,Eliminated Week 2,13,18.0,11,14,278.0,0.8181818181818182,0.0647482014388489,0.2857142857142857,-0.5324675324675325,0.2337662337662337,-0.4356552538370721,-0.1521335807050093,2,0.1818181818181818,0.0,11,0.7857142857142857,0.3770516424179181,2.0,True,14
34,1,Corey Feldman,Jenna Johnson,9,6.444444444444445,0.4444444444444444,Actor/Actress,California,United States,54,45-54,Eliminated Week 2,13,9.0,11,14,164.0,0.6,0.0548780487804878,0.1428571428571429,-0.4571428571428571,0.0857142857142857,-0.2742857142857142,-0.0653061224489796,1,0.0909090909090909,0.0,13,0.9285714285714286,0.1553371040377683,2.0,False,14
34,2,Corey Feldman,Jenna Johnson,9,6.444444444444445,0.4444444444444444,Actor/Actress,California,United States,54,45-54,Eliminated Week 2,13,15.0,11,14,278.0,0.6818181818181818,0.0539568345323741,0.0714285714285714,-0.6103896103896104,0.0487012987012986,-0.4161747343565525,-0.0435992578849721,2,0.1818181818181818,0.0,14,1.0,0.2163488420460964,2.0,True,14
34,1,Danielle Fishel,Pasha Pashkov,7,10.428571428571429,0.1428571428571428,Actor/Actress,California,United States,44,35-44,Eliminated Week 8,8,12.0,11,14,164.0,0.8,0.073170731707317,0.6428571428571428,-0.1571428571428572,0.5142857142857142,-0.1257142857142858,-0.1010204081632653,1,0.0909090909090909,0.0,6,0.4285714285714285,0.483132713132115,8.0,False,8
34,2,Danielle Fishel,Pasha Pashkov,7,10.428571428571429,0.1428571428571428,Actor/Actress,California,United States,44,35-44,Eliminated Week 8,8,19.0,11,14,278.0,0.8636363636363636,0.0683453237410072,0.3571428571428571,-0.5064935064935066,0.3084415584415584,-0.4374262101534829,-0.1808905380333951,2,0.1818181818181818,0.0,10,0.7142857142857143,0.5733444702691158,8.0,False,8
34,3,Danielle Fishel,Pasha Pashkov,7,10.428571428571429,0.1428571428571428,Actor/Actress,California,United States,44,35-44,Eliminated Week 8,8,21.0,11,12,257.0,0.875,0.0817120622568093,0.4166666666666666,-0.4583333333333333,0.3645833333333333,-0.4010416666666667,-0.1909722222222222,3,0.2727272727272727,0.0,8,0.6666666666666666,0.6004269935815282,8.0,False,7
34,4,Danielle Fishel,Pasha Pashkov,7,10.428571428571429,0.1428571428571428,Actor/Actress,California,United States,44,35-44,Eliminated Week 8,8,21.0,11,11,248.0,0.84,0.0846774193548387,0.2727272727272727,-0.5672727272727273,0.229090909090909,-0.4765090909090909,-0.1547107438016528,4,0.3636363636363636,0.0,9,0.8181818181818182,0.5714582772706215,8.0,False,8
34,5,Danielle Fishel,Pasha Pashkov,7,10.428571428571429,0.1428571428571428,Actor/Actress,California,United States,44,35-44,Eliminated Week 8,8,29.0,11,10,313.0,0.8055555555555556,0.0926517571884984,0.3,-0.5055555555555555,0.2416666666666667,-0.4072530864197531,-0.1516666666666666,5,0.4545454545454545,0.0,8,0.8,0.5800165196345753,8.0,False,7
34,6,Danielle Fishel,Pasha Pashkov,7,10.428571428571429,0.1428571428571428,Actor/Actress,California,United States,44,35-44,Eliminated Week 8,8,36.0,11,10,340.0,0.9230769230769232,0.1058823529411764,0.8,-0.123076923076923,0.7384615384615385,-0.1136094674556213,-0.0984615384615384,6,0.5454545454545454,0.0,3,0.3,0.646826165837994,8.0,False,7
34,7,Danielle Fishel,Pasha Pashkov,7,10.428571428571429,0.1428571428571428,Actor/Actress,California,United States,44,35-44,Eliminated Week 8,8,35.0,11,9,332.0,0.813953488372093,0.1054216867469879,0.4444444444444444,-0.3695090439276486,0.3617571059431524,-0.3007631752899465,-0.1642262417456216,7,0.6363636363636364,0.0,6,0.6666666666666666,0.6122597614552828,8.0,False,7
34,8,Danielle Fishel,Pasha Pashkov,7,10.428571428571429,0.1428571428571428,Actor/Actress,California,United States,44,35-44,Eliminated Week 8,8,37.0,11,8,301.5,0.9367088607594936,0.1227197346600331,0.25,-0.6867088607594937,0.2341772151898734,-0.6432462746354751,-0.1716772151898734,8,0.7272727272727273,0.0,7,0.875,0.7137799610153758,8.0,True,8
34,1,Dylan Efron,Daniella Karagach (Rumer Willis week 9),1,4.0,0.0,TV Personality,California,United States,33,25-34,4th Place,4,10.0,11,14,164.0,0.6666666666666666,0.0609756097560975,0.4285714285714286,-0.238095238095238,0.2857142857142857,-0.1587301587301586,-0.1020408163265305,1,0.0909090909090909,0.0,9,0.6428571428571429,0.5101116258556626,,False,5
34,2,Dylan Efron,Daniella Karagach (Rumer Willis week 9),1,4.0,0.0,TV Personality,California,United States,33,25-34,4th Place,4,20.0,11,14,278.0,0.9090909090909092,0.0719424460431654,0.4285714285714286,-0.4805194805194804,0.3896103896103896,-0.4368358913813459,-0.2059369202226345,2,0.1818181818181818,0.0,9,0.6428571428571429,0.7322592182504056,,False,3
34,3,Dylan Efron,Daniella Karagach (Rumer Willis week 9),1,4.0,0.0,TV Personality,California,United States,33,25-34,4th Place,4,23.0,11,12,257.0,0.9583333333333334,0.0894941634241245,0.8333333333333334,-0.125,0.7986111111111112,-0.1197916666666666,-0.1041666666666666,3,0.2727272727272727,0.0,3,0.25,0.7392414404192564,,False,3
34,4,Dylan Efron,Daniella Karagach (Rumer Willis week 9),1,4.0,0.0,TV Personality,California,United States,33,25-34,4th Place,4,23.0,11,11,248.0,0.92,0.0927419354838709,0.6363636363636364,-0.2836363636363637,0.5854545454545454,-0.2609454545454546,-0.180495867768595,4,0.3636363636363636,0.0,5,0.4545454545454545,0.7493284281990522,,False,2
34,5,Dylan Efron,Daniella Karagach (Rumer Willis week 9),1,4.0,0.0,TV Personality,California,United States,33,25-34,4th Place,4,36.0,11,10,313.0,1.0,0.1150159744408945,1.0,0.0,1.0,0.0,0.0,5,0.4545454545454545,0.0,1,0.1,0.7683380266753551,,False,3
34,6,Dylan Efron,Daniella Karagach (Rumer Willis week 9),1,4.0,0.0,TV Personality,California,United States,33,25-34,4th Place,4,32.0,11,10,340.0,0.8205128205128205,0.0941176470588235,0.4,-0.4205128205128204,0.3282051282051282,-0.3450361604207757,-0.1682051282051282,6,0.5454545454545454,0.0,7,0.7,0.7208214279800218,,False,6
34,7,Dylan Efron,Daniella Karagach (Rumer Willis week 9),1,4.0,0.0,TV Personality,California,United States,33,25-34,4th Place,4,38.0,11,9,332.0,0.8837209302325582,0.1144578313253012,0.6666666666666667,-0.2170542635658914,0.5891472868217055,-0.1918153957093924,-0.1447028423772609,7,0.6363636363636364,0.0,4,0.4444444444444444,0.7689778739723317,,False,4
34,8,Dylan Efron,Daniella Karagach (Rumer Willis week 9),1,4.0,0.0,TV Personality,California,United States,33,25-34,4th Place,4,38.0,11,8,301.5,0.9620253164556962,0.1260364842454394,0.625,-0.3370253164556962,0.6012658227848101,-0.3242268867168723,-0.2106408227848101,8,0.7272727272727273,0.0,4,0.5,0.8474635783092792,,False,2
34,9,Dylan Efron,Daniella Karagach (Rumer Willis week 9),1,4.0,0.0,TV Personality,California,United States,33,25-34,4th Place,4,42.0,11,7,270.0,1.0,0.1555555555555555,1.0,0.0,1.0,0.0,0.0,9,0.8181818181818182,0.0,1,0.1428571428571428,0.7907937459702319,,False,4
34,10,Dylan Efron,Daniella Karagach (Rumer Willis week 9),1,4.0,0.0,TV Personality,California,United States,33,25-34,4th Place,4,27.5,11,6,172.0,0.9322033898305084,0.1598837209302325,0.1666666666666666,-0.7655367231638418,0.155367231638418,-0.7136359283730729,-0.1275894538606402,10,0.9090909090909092,0.0,6,1.0,0.7977662675734039,,False,4
34,11,Dylan Efron,Daniella Karagach (Rumer Willis week 9),1,4.0,0.0,TV Personality,California,United States,33,25-34,4th Place,4,29.3332,11,5,147.6662,0.9777733333333334,0.1986453230326235,0.4,-0.5777733333333334,0.3911093333333333,-0.5649313580444445,-0.2311093333333333,11,1.0,0.0,4,0.8,0.8644823608729437,,False,1
34,1,Elaine Hendrix,Alan Bersten (Rashad Jennings week 9),1,5.0,0.0,Actor/Actress,Georgia,United States,55,55-64,5th Place,5,12.0,11,14,164.0,0.8,0.073170731707317,0.6428571428571428,-0.1571428571428572,0.5142857142857142,-0.1257142857142858,-0.1010204081632653,1,0.0909090909090909,0.0,6,0.4285714285714285,0.5701217234874337,,False,4
34,2,Elaine Hendrix,Alan Bersten (Rashad Jennings week 9),1,5.0,0.0,Actor/Actress,Georgia,United States,55,55-64,5th Place,5,21.0,11,14,278.0,0.9545454545454546,0.0755395683453237,0.7142857142857143,-0.2402597402597402,0.6818181818181819,-0.2293388429752066,-0.1716141001855287,2,0.1818181818181818,0.0,5,0.3571428571428571,0.7223218365338168,,False,4
34,3,Elaine Hendrix,Alan Bersten (Rashad Jennings week 9),1,5.0,0.0,Actor/Actress,Georgia,United States,55,55-64,5th Place,5,21.0,11,12,257.0,0.875,0.0817120622568093,0.4166666666666666,-0.4583333333333333,0.3645833333333333,-0.4010416666666667,-0.1909722222222222,3,0.2727272727272727,0.0,8,0.6666666666666666,0.687416003936847,,False,6
34,4,Elaine Hendrix,Alan Bersten (Rashad Jennings week 9),1,5.0,0.0,Actor/Actress,Georgia,United States,55,55-64,5th Place,5,24.0,11,11,248.0,0.96,0.0967741935483871,0.9090909090909092,-0.0509090909090909,0.8727272727272727,-0.0488727272727272,-0.0462809917355371,4,0.3636363636363636,0.0,2,0.1818181818181818,0.6928689352777376,,False,6
34,5,Elaine Hendrix,Alan Bersten (Rashad Jennings week 9),1,5.0,0.0,Actor/Actress,Georgia,United States,55,55-64,5th Place,5,30.0,11,10,313.0,0.8333333333333334,0.0958466453674121,0.5,-0.3333333333333333,0.4166666666666667,-0.2777777777777778,-0.1666666666666666,5,0.4545454545454545,0.0,6,0.6,0.6897209938091816,,False,6
34,6,Elaine Hendrix,Alan Bersten (Rashad Jennings week 9),1,5.0,0.0,Actor/Actress,Georgia,United States,55,55-64,5th Place,5,36.0,11,10,340.0,0.9230769230769232,0.1058823529411764,0.8,-0.123076923076923,0.7384615384615385,-0.1136094674556213,-0.0984615384615384,6,0.5454545454545454,0.0,3,0.3,0.7338151761933128,,False,5
34,7,Elaine Hendrix,Alan Bersten (Rashad Jennings week 9),1,5.0,0.0,Actor/Actress,Georgia,United States,55,55-64,5th Place,5,32.0,11,9,332.0,0.7441860465116279,0.0963855421686747,0.2222222222222222,-0.5219638242894057,0.1653746770025839,-0.3884381948200228,-0.1159919609532012,7,0.6363636363636364,0.0,8,0.8888888888888888,0.6326342220830582,,False,6
34,8,Elaine Hendrix,Alan Bersten (Rashad Jennings week 9),1,5.0,0.0,Actor/Actress,Georgia,United States,55,55-64,5th Place,5,37.5,11,8,301.5,0.9493670886075948,0.1243781094527363,0.375,-0.5743670886075949,0.3560126582278481,-0.5452852107034128,-0.215387658227848,8,0.7272727272727273,0.0,6,0.75,0.8212246980194277,,False,4
34,9,Elaine Hendrix,Alan Bersten (Rashad Jennings week 9),1,5.0,0.0,Actor/Actress,Georgia,United States,55,55-64,5th Place,5,36.0,11,7,270.0,0.8571428571428571,0.1333333333333333,0.2857142857142857,-0.5714285714285714,0.2448979591836734,-0.4897959183673468,-0.1632653061224489,9,0.8181818181818182,0.0,6,0.8571428571428571,0.7454565972049279,,False,6
34,10,Elaine Hendrix,Alan Bersten (Rashad Jennings week 9),1,5.0,0.0,Actor/Actress,Georgia,United States,55,55-64,5th Place,5,28.5,11,6,172.0,0.9661016949152542,0.1656976744186046,0.5,-0.4661016949152542,0.4830508474576271,-0.4503016374604998,-0.2330508474576271,10,0.9090909090909092,0.0,4,0.6666666666666666,0.8129024161888385,,False,2
34,11,Elaine Hendrix,Alan Bersten (Rashad Jennings week 9),1,5.0,0.0,Actor/Actress,Georgia,United States,55,55-64,5th Place,5,28.9998,11,5,147.6662,0.96666,0.1963875280869962,0.1999999999999999,-0.76666,0.1933319999999999,-0.7410995556,-0.1533319999999999,11,1.0,0.0,5,1.0,0.8116915935510528,,False,3
34,1,Hilaria Baldwin,Gleb Savchenko,13,8.461538461538462,0.0,Entrepreneur,New York,United States,41,35-44,Eliminated Week 4,11,14.0,11,14,164.0,0.9333333333333332,0.0853658536585365,0.8571428571428572,-0.0761904761904761,0.8,-0.071111111111111,-0.0653061224489795,1,0.0909090909090909,0.0,3,0.2142857142857142,0.5048343761549532,4.0,False,6
34,2,Hilaria Baldwin,Gleb Savchenko,13,8.461538461538462,0.0,Entrepreneur,New York,United States,41,35-44,Eliminated Week 4,11,21.0,11,14,278.0,0.9545454545454546,0.0755395683453237,0.7142857142857143,-0.2402597402597402,0.6818181818181819,-0.2293388429752066,-0.1716141001855287,2,0.1818181818181818,0.0,5,0.3571428571428571,0.5808511365188721,4.0,False,7
34,3,Hilaria Baldwin,Gleb Savchenko,13,8.461538461538462,0.0,Entrepreneur,New York,United States,41,35-44,Eliminated Week 4,11,22.0,11,12,257.0,0.9166666666666666,0.0856031128404669,0.6666666666666667,-0.2499999999999999,0.6111111111111112,-0.2291666666666665,-0.1666666666666666,3,0.2727272727272727,0.0,5,0.4166666666666667,0.5640589218377606,4.0,False,8
34,4,Hilaria Baldwin,Gleb Savchenko,13,8.461538461538462,0.0,Entrepreneur,New York,United States,41,35-44,Eliminated Week 4,11,23.0,11,11,248.0,0.92,0.0927419354838709,0.6363636363636364,-0.2836363636363637,0.5854545454545454,-0.2609454545454546,-0.180495867768595,4,0.3636363636363636,0.0,5,0.4545454545454545,0.5782360623669263,4.0,True,11
34,1,Jen Affleck,Jan Ravnik,1,9.0,0.0,TV Personality,Utah,United States,26,25-34,Eliminated Week 7,9,12.0,11,14,164.0,0.8,0.073170731707317,0.6428571428571428,-0.1571428571428572,0.5142857142857142,-0.1257142857142858,-0.1010204081632653,1,0.0909090909090909,0.0,6,0.4285714285714285,0.4511722170767742,7.0,False,9
34,2,Jen Affleck,Jan Ravnik,1,9.0,0.0,TV Personality,Utah,United States,26,25-34,Eliminated Week 7,9,22.0,11,14,278.0,1.0,0.079136690647482,1.0,0.0,1.0,0.0,0.0,2,0.1818181818181818,0.0,1,0.0714285714285714,0.5709887415179357,7.0,False,9
34,3,Jen Affleck,Jan Ravnik,1,9.0,0.0,TV Personality,Utah,United States,26,25-34,Eliminated Week 7,9,19.0,11,12,257.0,0.7916666666666666,0.0739299610894941,0.25,-0.5416666666666666,0.1979166666666666,-0.4288194444444444,-0.1354166666666666,3,0.2727272727272727,0.0,10,0.8333333333333334,0.4888731064735504,7.0,False,11
34,4,Jen Affleck,Jan Ravnik,1,9.0,0.0,TV Personality,Utah,United States,26,25-34,Eliminated Week 7,9,23.0,11,11,248.0,0.92,0.0927419354838709,0.6363636363636364,-0.2836363636363637,0.5854545454545454,-0.2609454545454546,-0.180495867768595,4,0.3636363636363636,0.0,5,0.4545454545454545,0.6007572559712113,7.0,False,7
34,5,Jen Affleck,Jan Ravnik,1,9.0,0.0,TV Personality,Utah,United States,26,25-34,Eliminated Week 7,9,29.0,11,10,313.0,0.8055555555555556,0.0926517571884984,0.3,-0.5055555555555555,0.2416666666666667,-0.4072530864197531,-0.1516666666666666,5,0.4545454545454545,0.0,8,0.8,0.5480560235792344,7.0,False,8
34,6,Jen Affleck,Jan Ravnik,1,9.0,0.0,TV Personality,Utah,United States,26,25-34,Eliminated Week 7,9,32.0,11,10,340.0,0.8205128205128205,0.0941176470588235,0.4,-0.4205128205128204,0.3282051282051282,-0.3450361604207757,-0.1682051282051282,6,0.5454545454545454,0.0,7,0.7,0.572250255752181,7.0,False,8
34,7,Jen Affleck,Jan Ravnik,1,9.0,0.0,TV Personality,Utah,United States,26,25-34,Eliminated Week 7,9,34.0,11,9,332.0,0.7906976744186046,0.1024096385542168,0.3333333333333333,-0.4573643410852712,0.2635658914728682,-0.3616369208581214,-0.1524547803617571,7,0.6363636363636364,0.0,7,0.7777777777777778,0.5606836970349923,7.0,True,9
34,1,Jordan Chiles,Ezra Sosa (Apolo Anton Ohno week 9),1,3.0,1.0,Athlete,Texas,United States,24,<25,3rd Place,3,10.0,11,14,164.0,0.6666666666666666,0.0609756097560975,0.4285714285714286,-0.238095238095238,0.2857142857142857,-0.1587301587301586,-0.1020408163265305,1,0.0909090909090909,0.0,9,0.6428571428571429,0.4900964782239981,,False,7
34,2,Jordan Chiles,Ezra Sosa (Apolo Anton Ohno week 9),1,3.0,1.0,Athlete,Texas,United States,24,<25,3rd Place,3,22.0,11,14,278.0,1.0,0.079136690647482,1.0,0.0,1.0,0.0,0.0,2,0.1818181818181818,0.0,1,0.0714285714285714,0.699544766114112,,False,6
34,3,Jordan Chiles,Ezra Sosa (Apolo Anton Ohno week 9),1,3.0,1.0,Athlete,Texas,United States,24,<25,3rd Place,3,24.0,11,12,257.0,1.0,0.0933852140077821,1.0,0.0,1.0,0.0,0.0,3,0.2727272727272727,0.0,1,0.0833333333333333,0.7071985478428744,,False,5
34,4,Jordan Chiles,Ezra Sosa (Apolo Anton Ohno week 9),1,3.0,1.0,Athlete,Texas,United States,24,<25,3rd Place,3,24.0,11,11,248.0,0.96,0.0967741935483871,0.9090909090909092,-0.0509090909090909,0.8727272727272727,-0.0488727272727272,-0.0462809917355371,4,0.3636363636363636,0.0,2,0.1818181818181818,0.7024754534632545,,False,5
34,5,Jordan Chiles,Ezra Sosa (Apolo Anton Ohno week 9),1,3.0,1.0,Athlete,Texas,United States,24,<25,3rd Place,3,32.0,11,10,313.0,0.8888888888888888,0.1022364217252396,0.6,-0.2888888888888888,0.5333333333333333,-0.2567901234567901,-0.1733333333333333,5,0.4545454545454545,0.0,5,0.5,0.7410449688751107,,False,5
34,6,Jordan Chiles,Ezra Sosa (Apolo Anton Ohno week 9),1,3.0,1.0,Athlete,Texas,United States,24,<25,3rd Place,3,39.0,11,10,340.0,1.0,0.1147058823529411,1.0,0.0,1.0,0.0,0.0,6,0.5454545454545454,0.0,1,0.1,0.7586260888887901,,False,4
34,7,Jordan Chiles,Ezra Sosa (Apolo Anton Ohno week 9),1,3.0,1.0,Athlete,Texas,United States,24,<25,3rd Place,3,38.0,11,9,332.0,0.8837209302325582,0.1144578313253012,0.6666666666666667,-0.2170542635658914,0.5891472868217055,-0.1918153957093924,-0.1447028423772609,7,0.6363636363636364,0.0,4,0.4444444444444444,0.7489627263406673,,False,5
34,8,Jordan Chiles,Ezra Sosa (Apolo Anton Ohno week 9),1,3.0,1.0,Athlete,Texas,United States,24,<25,3rd Place,3,39.0,11,8,301.5,0.9873417721518988,0.1293532338308457,0.875,-0.1123417721518987,0.8639240506329114,-0.1109197244031405,-0.0982990506329114,8,0.7272727272727273,0.0,2,0.25,0.793967637887625,,False,5
34,9,Jordan Chiles,Ezra Sosa (Apolo Anton Ohno week 9),1,3.0,1.0,Athlete,Texas,United States,24,<25,3rd Place,3,39.0,11,7,270.0,0.9285714285714286,0.1444444444444444,0.4285714285714286,-0.5,0.3979591836734694,-0.4642857142857143,-0.2142857142857143,9,0.8181818181818182,0.0,5,0.7142857142857143,0.8240217081728733,,False,3
34,10,Jordan Chiles,Ezra Sosa (Apolo Anton Ohno week 9),1,3.0,1.0,Athlete,Texas,United States,24,<25,3rd Place,3,28.5,11,6,172.0,0.9661016949152542,0.1656976744186046,0.5,-0.4661016949152542,0.4830508474576271,-0.4503016374604998,-0.2330508474576271,10,0.9090909090909092,0.0,4,0.6666666666666666,0.8225089343743553,,False,1
34,11,Jordan Chiles,Ezra Sosa (Apolo Anton Ohno week 9),1,3.0,1.0,Athlete,Texas,United States,24,<25,3rd Place,3,29.666600000000003,11,5,147.6662,0.9888866666666668,0.2009031179782509,0.8,-0.1888866666666667,0.7911093333333334,-0.1867875061777779,-0.1511093333333334,11,1.0,0.0,2,0.4,0.7955655732211869,,False,4
34,1,Lauren Jauregui,Brandon Armstrong,8,9.125,0.125,Singer/Rapper,Florida,United States,29,25-34,Eliminated Week 3,12,13.0,11,14,164.0,0.8666666666666667,0.0792682926829268,0.7857142857142857,-0.080952380952381,0.680952380952381,-0.0701587301587302,-0.0636054421768707,1,0.0909090909090909,0.0,4,0.2857142857142857,0.4046431557304715,3.0,False,10
34,2,Lauren Jauregui,Brandon Armstrong,8,9.125,0.125,Singer/Rapper,Florida,United States,29,25-34,Eliminated Week 3,12,21.0,11,14,278.0,0.9545454545454546,0.0755395683453237,0.7142857142857143,-0.2402597402597402,0.6818181818181819,-0.2293388429752066,-0.1716141001855287,2,0.1818181818181818,0.0,5,0.3571428571428571,0.5255752705684057,3.0,False,10
34,3,Lauren Jauregui,Brandon Armstrong,8,9.125,0.125,Singer/Rapper,Florida,United States,29,25-34,Eliminated Week 3,12,18.0,11,12,257.0,0.75,0.0700389105058365,0.1666666666666666,-0.5833333333333334,0.1249999999999999,-0.4375,-0.0972222222222222,3,0.2727272727272727,0.0,11,0.9166666666666666,0.367150406808956,3.0,True,12
34,1,Robert Irwin,Witney Carson (Xoshitl Gomez week 9),1,1.0,1.0,Conservationist,Unknown,Australia,22,<25,1st Place,1,15.0,11,14,164.0,1.0,0.0914634146341463,1.0,0.0,1.0,0.0,0.0,1,0.0909090909090909,0.0,1,0.0714285714285714,0.742364567071827,,False,1
34,2,Robert Irwin,Witney Carson (Xoshitl Gomez week 9),1,1.0,1.0,Conservationist,Unknown,Australia,22,<25,1st Place,1,22.0,11,14,278.0,1.0,0.079136690647482,1.0,0.0,1.0,0.0,0.0,2,0.1818181818181818,0.0,1,0.0714285714285714,0.7657986963694022,,False,1
34,3,Robert Irwin,Witney Carson (Xoshitl Gomez week 9),1,1.0,1.0,Conservationist,Unknown,Australia,22,<25,1st Place,1,22.0,11,12,257.0,0.9166666666666666,0.0856031128404669,0.6666666666666667,-0.2499999999999999,0.6111111111111112,-0.2291666666666665,-0.1666666666666666,3,0.2727272727272727,0.0,5,0.4166666666666667,0.7813900702935124,,False,1
34,4,Robert Irwin,Witney Carson (Xoshitl Gomez week 9),1,1.0,1.0,Conservationist,Unknown,Australia,22,<25,1st Place,1,22.0,11,11,248.0,0.88,0.0887096774193548,0.3636363636363636,-0.5163636363636364,0.32,-0.4543999999999999,-0.1877685950413223,4,0.3636363636363636,0.0,8,0.7272727272727273,0.7744062125880998,,False,1
34,5,Robert Irwin,Witney Carson (Xoshitl Gomez week 9),1,1.0,1.0,Conservationist,Unknown,Australia,22,<25,1st Place,1,35.0,11,10,313.0,0.9722222222222222,0.1118210862619808,0.9,-0.0722222222222221,0.875,-0.070216049382716,-0.0649999999999999,5,0.4545454545454545,0.0,2,0.2,0.8211822586244453,,False,1
34,6,Robert Irwin,Witney Carson (Xoshitl Gomez week 9),1,1.0,1.0,Conservationist,Unknown,Australia,22,<25,1st Place,1,36.0,11,10,340.0,0.9230769230769232,0.1058823529411764,0.8,-0.123076923076923,0.7384615384615385,-0.1136094674556213,-0.0984615384615384,6,0.5454545454545454,0.0,3,0.3,0.8096756246341199,,False,1
34,7,Robert Irwin,Witney Carson (Xoshitl Gomez week 9),1,1.0,1.0,Conservationist,Unknown,Australia,22,<25,1st Place,1,41.0,11,9,332.0,0.9534883720930232,0.1234939759036144,0.7777777777777778,-0.1757105943152455,0.7416020671834626,-0.167538008533141,-0.1366637955785243,7,0.6363636363636364,0.0,3,0.3333333333333333,0.8620045954465851,,False,1
34,8,Robert Irwin,Witney Carson (Xoshitl Gomez week 9),1,1.0,1.0,Conservationist,Unknown,Australia,22,<25,1st Place,1,38.0,11,8,301.5,0.9620253164556962,0.1260364842454394,0.625,-0.3370253164556962,0.6012658227848101,-0.3242268867168723,-0.2106408227848101,8,0.7272727272727273,0.0,4,0.5,0.893702360932905,,False,1
34,9,Robert Irwin,Witney Carson (Xoshitl Gomez week 9),1,1.0,1.0,Conservationist,Unknown,Australia,22,<25,1st Place,1,42.0,11,7,270.0,1.0,0.1555555555555555,1.0,0.0,1.0,0.0,0.0,9,0.8181818181818182,0.0,1,0.1428571428571428,0.8370325285938578,,False,2
34,10,Robert Irwin,Witney Carson (Xoshitl Gomez week 9),1,1.0,1.0,Conservationist,Unknown,Australia,22,<25,1st Place,1,29.5,11,6,172.0,1.0,0.1715116279069767,1.0,0.0,1.0,0.0,0.0,10,0.9090909090909092,0.0,1,0.1666666666666666,0.7974840391355328,,False,5
34,11,Robert Irwin,Witney Carson (Xoshitl Gomez week 9),1,1.0,1.0,Conservationist,Unknown,Australia,22,<25,1st Place,1,29.666600000000003,11,5,147.6662,0.9888866666666668,0.2009031179782509,0.8,-0.1888866666666667,0.7911093333333334,-0.1867875061777779,-0.1511093333333334,11,1.0,0.0,2,0.4,0.8618195034764772,,False,2
34,1,Scott Hoying,Rylee Arnold,3,6.666666666666667,0.0,Singer/Rapper,California,United States,34,25-34,Eliminated Week 6,10,10.0,11,14,164.0,0.6666666666666666,0.0609756097560975,0.4285714285714286,-0.238095238095238,0.2857142857142857,-0.1587301587301586,-0.1020408163265305,1,0.0909090909090909,0.0,9,0.6428571428571429,0.3243503257190221,6.0,False,12
34,2,Scott Hoying,Rylee Arnold,3,6.666666666666667,0.0,Singer/Rapper,California,United States,34,25-34,Eliminated Week 6,10,18.0,11,14,278.0,0.8181818181818182,0.0647482014388489,0.2857142857142857,-0.5324675324675325,0.2337662337662337,-0.4356552538370721,-0.1521335807050093,2,0.1818181818181818,0.0,11,0.7857142857142857,0.4604595497561921,6.0,False,12
34,3,Scott Hoying,Rylee Arnold,3,6.666666666666667,0.0,Singer/Rapper,California,United States,34,25-34,Eliminated Week 6,10,22.0,11,12,257.0,0.9166666666666666,0.0856031128404669,0.6666666666666667,-0.2499999999999999,0.6111111111111112,-0.2291666666666665,-0.1666666666666666,3,0.2727272727272727,0.0,5,0.4166666666666667,0.5493899875332462,6.0,False,9
34,4,Scott Hoying,Rylee Arnold,3,6.666666666666667,0.0,Singer/Rapper,California,United States,34,25-34,Eliminated Week 6,10,21.0,11,11,248.0,0.84,0.0846774193548387,0.2727272727272727,-0.5672727272727273,0.229090909090909,-0.4765090909090909,-0.1547107438016528,4,0.3636363636363636,0.0,9,0.8181818181818182,0.5023076533064811,6.0,False,9
34,5,Scott Hoying,Rylee Arnold,3,6.666666666666667,0.0,Singer/Rapper,California,United States,34,25-34,Eliminated Week 6,10,30.0,11,10,313.0,0.8333333333333334,0.0958466453674121,0.5,-0.3333333333333333,0.4166666666666667,-0.2777777777777778,-0.1666666666666666,5,0.4545454545454545,0.0,6,0.6,0.5335813594897224,6.0,False,9
34,6,Scott Hoying,Rylee Arnold,3,6.666666666666667,0.0,Singer/Rapper,California,United States,34,25-34,Eliminated Week 6,10,28.0,11,10,340.0,0.717948717948718,0.0823529411764705,0.1999999999999999,-0.517948717948718,0.1435897435897435,-0.3718606180144642,-0.1035897435897435,6,0.5454545454545454,0.0,9,0.9,0.4365004211581696,6.0,True,10
34,1,Whitney Leavitt,Mark Ballas,21,5.190476190476191,0.4761904761904761,TV Personality,Utah,United States,32,25-34,Eliminated Week 10,6,15.0,11,14,164.0,1.0,0.0914634146341463,1.0,0.0,1.0,0.0,0.0,1,0.0909090909090909,0.0,1,0.0714285714285714,0.688010799761938,10.0,False,2
34,2,Whitney Leavitt,Mark Ballas,21,5.190476190476191,0.4761904761904761,TV Personality,Utah,United States,32,25-34,Eliminated Week 10,6,22.0,11,14,278.0,1.0,0.079136690647482,1.0,0.0,1.0,0.0,0.0,2,0.1818181818181818,0.0,1,0.0714285714285714,0.7114449290595134,10.0,False,5
34,3,Whitney Leavitt,Mark Ballas,21,5.190476190476191,0.4761904761904761,TV Personality,Utah,United States,32,25-34,Eliminated Week 10,6,24.0,11,12,257.0,1.0,0.0933852140077821,1.0,0.0,1.0,0.0,0.0,3,0.2727272727272727,0.0,1,0.0833333333333333,0.7190987107882759,10.0,False,4
34,4,Whitney Leavitt,Mark Ballas,21,5.190476190476191,0.4761904761904761,TV Personality,Utah,United States,32,25-34,Eliminated Week 10,6,25.0,11,11,248.0,1.0,0.1008064516129032,1.0,0.0,1.0,0.0,0.0,4,0.3636363636363636,0.0,1,0.0909090909090909,0.7231612078237197,10.0,False,4
34,5,Whitney Leavitt,Mark Ballas,21,5.190476190476191,0.4761904761904761,TV Personality,Utah,United States,32,25-34,Eliminated Week 10,6,33.0,11,10,313.0,0.9166666666666666,0.1054313099041533,0.7,-0.2166666666666666,0.6416666666666666,-0.1986111111111111,-0.1516666666666666,5,0.4545454545454545,0.0,4,0.4,0.7631895362302662,10.0,False,4
34,6,Whitney Leavitt,Mark Ballas,21,5.190476190476191,0.4761904761904761,TV Personality,Utah,United States,32,25-34,Eliminated Week 10,6,39.0,11,10,340.0,1.0,0.1147058823529411,1.0,0.0,1.0,0.0,0.0,6,0.5454545454545454,0.0,1,0.1,0.7705262518341914,10.0,False,3
34,7,Whitney Leavitt,Mark Ballas,21,5.190476190476191,0.4761904761904761,TV Personality,Utah,United States,32,25-34,Eliminated Week 10,6,42.0,11,9,332.0,0.9767441860465116,0.1265060240963855,0.8888888888888888,-0.0878552971576227,0.8682170542635658,-0.0858121507120966,-0.0780935974734424,7,0.6363636363636364,0.0,2,0.2222222222222222,0.799775359808078,10.0,False,2
34,8,Whitney Leavitt,Mark Ballas,21,5.190476190476191,0.4761904761904761,TV Personality,Utah,United States,32,25-34,Eliminated Week 10,6,39.5,11,8,301.5,1.0,0.1310116086235489,1.0,0.0,1.0,0.0,0.0,8,0.7272727272727273,0.0,1,0.125,0.7733800334267362,10.0,False,6
34,9,Whitney Leavitt,Mark Ballas,21,5.190476190476191,0.4761904761904761,TV Personality,Utah,United States,32,25-34,Eliminated Week 10,6,42.0,11,7,270.0,1.0,0.1555555555555555,1.0,0.0,1.0,0.0,0.0,9,0.8181818181818182,0.0,1,0.1428571428571428,0.7826787612839687,10.0,False,5
34,10,Whitney Leavitt,Mark Ballas,21,5.190476190476191,0.4761904761904761,TV Personality,Utah,United States,32,25-34,Eliminated Week 10,6,29.0,11,6,172.0,0.9830508474576272,0.1686046511627907,0.8333333333333334,-0.1497175141242938,0.8192090395480227,-0.1471799291391362,-0.1247645951035781,10,0.9090909090909092,0.0,2,0.3333333333333333,0.7868577218925609,10.0,True,6
