season,week,celebrity_name,judge_total,fan_est_percent,fan_est_rank,fan_est_percent_std,fan_est_rank_std,eliminated_flag
1,1,John O'Hurley,20.0,0.16666650000016667,0.2499999875000006,0.0,0.039191833924939155,0
1,1,Kelly Monaco,13.0,0.16666650000016667,4.999999750000012e-08,0.0,1.3234889800848443e-23,1
1,1,Evander Holyfield,18.0,0.16666650000016667,0.1249999937500003,0.0,0.02399999880000006,0
1,1,Rachel Hunter,20.0,0.16666650000016667,0.2499999875000006,0.0,0.040607878978099955,0
1,1,Joey McIntyre,20.0,0.16666650000016667,0.2499999875000006,0.0,0.0412431791924436,0
1,1,Trista Sutter,18.0,0.16666650000016667,0.1249999937500003,0.0,0.02399999880000006,0
1,2,John O'Hurley,26.0,0.16664808938621883,0.3333333148148158,4.808019242116767e-05,5.551115123125783e-17,0
1,2,Kelly Monaco,17.0,0.16670565263915474,0.11111110493827195,0.013486793321439712,2.7755575615628914e-17,0
1,2,Evander Holyfield,14.0,0.18731903021213606,0.055555552469135974,0.006724816887435911,1.3877787807814457e-17,0
1,2,Rachel Hunter,24.0,0.16664808025571254,0.27777776234567986,4.743048934657401e-05,0.0,0
1,2,Joey McIntyre,21.0,0.16664807570231274,0.2222222098765439,4.737504367165052e-05,5.551115123125783e-17,0
1,2,Trista Sutter,19.0,0.14603007180546518,5.555555246913597e-08,0.006662018696902897,6.617444900424222e-24,1
1,3,John O'Hurley,24.0,0.16666464347339946,0.26315788088642733,8.621209001655945e-05,0.0,0
1,3,Kelly Monaco,21.0,0.16666464347254503,0.1578947285318564,8.62119643380215e-05,0.0,0
1,3,Evander Holyfield,13.0,0.10538540337140309,5.2631576177285466e-08,0.0008263979089489598,1.3234889800848443e-23,1
1,3,Rachel Hunter,26.0,0.1666646508821164,0.3157894570637128,8.620527349947797e-05,0.0,0
1,3,Joey McIntyre,22.0,0.1666646225976516,0.21052630470914188,8.62157102805015e-05,2.7755575615628914e-17,0
1,3,Trista Sutter,0.0,0.22795503620388455,0.05263157617728547,0.0008457111218802047,6.938893903907228e-18,0
1,4,John O'Hurley,21.0,0.15191517238839733,0.2592592400548711,0.0027031164338704246,0.0035572898678618396,0
1,4,Kelly Monaco,26.0,0.1525082726693,0.4074073772290832,0.0020959541686820893,0.012450516760823208,0
1,4,Evander Holyfield,0.0,0.27161923566181917,0.07407406858710604,0.0030644492794161524,0.029207971652019032,0
1,4,Rachel Hunter,25.0,9.999990001283937e-09,7.407406858710603e-08,6.349345709281023e-19,4.446613446480672e-09,1
1,4,Joey McIntyre,20.0,0.15233373178722198,0.1851851714677651,0.002432196612976025,0.0008893235786188281,0
1,4,Trista Sutter,0.0,0.27162257749427154,0.07407406858710604,0.003262831852502568,0.029359151451819,0
1,5,John O'Hurley,27.0,0.16666650731688248,0.3571428316326549,6.153758343223231e-06,0.01725192385159889,0
1,5,Kelly Monaco,23.5,0.16666650731688248,0.2857142653061239,6.1537583416320516e-06,0.011848193159487388,0
1,5,Evander Holyfield,0.0,0.1666635392677742,7.142856632653097e-08,0.0029854783394402643,6.284999667749913e-09,1
1,5,Rachel Hunter,0.0,0.16666796939128922,0.07142856632653098,0.001707643003450028,0.03893971132187155,0
1,5,Joey McIntyre,22.5,0.16666650731688248,0.21428569897959293,6.153765995108538e-06,0.007882444250035241,0
1,5,Trista Sutter,0.0,0.16666796939128922,0.07142856632653098,0.0023461235926728334,0.040746155241821326,0
1,6,John O'Hurley,27.0,0.16666650582561632,0.318181789256201,7.947237291225584e-06,0.029098604899873662,0
1,6,Kelly Monaco,27.5,0.16666650582561632,0.4090908719008299,7.947237198716357e-06,0.030996345827585915,0
1,6,Evander Holyfield,0.0,0.16666414271340038,9.090908264462886e-08,0.00471322348683168,9.152934208115196e-09,1
1,6,Rachel Hunter,0.0,0.16666728187878907,0.09090908264462885,0.002681384926724201,0.06013446130224605,0
1,6,Joey McIntyre,0.0,0.16666728187878907,0.09090908264462885,0.0027366178414868674,0.06102333261113934,0
1,6,Trista Sutter,0.0,0.16666728187878907,0.09090908264462885,0.0023835523421986186,0.0669227222117075,0
2,1,Tatum O'Neal,23.0,0.09999897832135912,0.1603773554645782,7.751928918768619e-08,0.009426411895197358,0
2,1,Tia Carrere,20.0,0.099998978321359,0.0943396208615166,7.751928920072789e-08,0.0,0
2,1,George Hamilton,18.0,0.09999897832135902,0.056603772516909956,7.75192891825131e-08,0.0,0
2,1,Lisa Rinna,19.0,0.09999897832135905,0.07547169668921327,7.751928919132753e-08,0.0,0
2,1,Stacy Keibler,22.0,0.09999897832135912,0.13207546920612323,7.751873902280736e-08,0.0,0
2,1,Jerry Rice,21.0,0.09999897832135908,0.11320754503381991,7.751873900791916e-08,0.0,0
2,1,Giselle Fernandez,23.0,0.09999897832135907,0.1603773554645782,7.749292187822017e-08,0.009426411895197358,0
2,1,Master P,12.0,0.10798250690632767,0.01886792417230332,0.0009372364161822116,0.0,0
2,1,Drew Lachey,24.0,0.0999989783213591,0.1886792417230332,7.750282735224324e-08,0.0,0
2,1,Kenny Mayne,13.0,0.09202466652379986,1.8867924172303316e-08,0.0009368344622591573,0.0,1
2,2,Tatum O'Neal,17.0,0.03726963461998695,1.923076886094675e-08,0.008072748041762655,0.0,1
2,2,Tia Carrere,22.0,0.09995638652263447,0.10576922873520714,2.96404195860438e-05,0.009607689043541976,0
2,2,George Hamilton,22.0,0.09995638699157346,0.10576922873520714,3.1663076600904336e-05,0.009607689043541976,0
2,2,Lisa Rinna,20.0,0.09995638699159072,0.07692307544378701,3.163860315796819e-05,0.0,0
2,2,Stacy Keibler,29.0,0.09995638663687827,0.19230768860946754,3.489844433035475e-05,0.0,0
2,2,Jerry Rice,23.0,0.09995638663688221,0.13461538202662726,3.4898444333283014e-05,0.0,0
2,2,Giselle Fernandez,24.0,0.09995638665479503,0.15384615088757403,2.7296473561260932e-05,0.0,0
2,2,Master P,16.0,0.14083375054761704,0.03846153772189351,0.016242188034203,0.0,0
2,2,Drew Lachey,27.0,0.09995639590700992,0.17307691974852077,3.971059976149742e-05,0.0,0
2,2,Kenny Mayne,0.0,0.12220089849203188,0.019230768860946754,0.008034882719173724,0.0,0
2,3,Tatum O'Neal,0.0,0.14142251916340212,0.022222221728395074,0.0032129300516794525,0.00937068887354454,0
2,3,Tia Carrere,26.0,0.0999980483461892,0.16666666296296306,0.001308091567133078,0.002714078816904744,0
2,3,George Hamilton,22.0,0.09998546470034567,0.11111110864197538,0.0013151715714878175,0.009053578923843411,0
2,3,Lisa Rinna,25.0,0.10000054098321431,0.14444444123456798,0.001308113546791049,0.0019610224683196406,0
2,3,Stacy Keibler,27.0,0.09999824434890249,0.19999999555555567,0.001307774735032779,0.011233579098836011,0
2,3,Jerry Rice,19.0,0.09712431292133802,0.07777777604938275,0.0057844920466352525,0.0014053934381396504,0
2,3,Giselle Fernandez,22.0,0.020577154671023598,2.2222221728395074e-08,0.0028921411780079586,8.510466939824424e-10,1
2,3,Master P,14.0,0.09947743424043777,0.05555555432098769,0.007396963487478332,0.0020612520019534122,0
2,3,Drew Lachey,27.0,0.09999860487164794,0.19999999555555567,0.0013086855335394337,0.010535746212393582,0
2,3,Kenny Mayne,0.0,0.14141667575449898,0.022222221728395074,0.0031657428918721135,0.0097080799581368,0
2,4,Tatum O'Neal,0.0,0.11278136102605654,0.0238095232426304,0.0027795507112048285,0.014425460407707978,0
2,4,Tia Carrere,25.0,0.09992091637131913,0.1428571394557824,0.0015961355407906805,0.002201788015858968,0
2,4,George Hamilton,21.0,0.09992090703767528,0.0952380929705216,0.0015961728726241872,0.0011008942831530046,0
2,4,Lisa Rinna,26.0,0.09992090703766283,0.178571424319728,0.0015961784095630904,0.01225844642178933,0
2,4,Stacy Keibler,26.0,0.09992090339787418,0.178571424319728,0.0015963219793261537,0.010994330598383985,0
2,4,Jerry Rice,24.0,0.09992090339787757,0.119047616213152,0.0015963230854795648,0.0005504468663529817,0
2,4,Giselle Fernandez,0.0,0.11279276634995167,0.0238095232426304,0.0024677599138396857,0.014526492003862402,0
2,4,Master P,8.0,0.06214140341589765,2.38095232426304e-08,0.0025089988501814414,1.6513411495059872e-09,1
2,4,Drew Lachey,28.0,0.09992037736033571,0.2142857091836736,0.0015962018451882013,0.0071558114643769325,0
2,4,Kenny Mayne,0.0,0.11275855460634951,0.0238095232426304,0.002896871154912415,0.015730644011777407,0
2,5,Tatum O'Neal,0.0,0.14556507889239614,0.027397259523362756,0.0018408926794904641,0.022850561522387857,0
2,5,Tia Carrere,22.0,9.999990001544945e-09,2.7397259523362752e-08,5.266619169066049e-17,1.997202735188898e-09,1
2,5,George Hamilton,24.0,0.08354128041957742,0.15068492737849515,0.0011206578314799558,0.0028848481733614387,0
2,5,Lisa Rinna,25.0,0.08354128041962684,0.1780821869018579,0.001121917084957084,0.0048820509085503346,0
2,5,Stacy Keibler,30.0,0.08354109702808604,0.23287670594858342,0.0011191286196869795,0.008876456378928126,0
2,5,Jerry Rice,23.0,0.08354109702811985,0.1232876678551324,0.001119267306589448,0.000887645438172538,0
2,5,Giselle Fernandez,0.0,0.14553261751089758,0.027397259523362756,0.0016741081982512473,0.02170083437515154,0
2,5,Master P,0.0,0.14553261054184358,0.027397259523362756,0.0016324176559462146,0.022834860050335175,0
2,5,Drew Lachey,27.0,0.08354126383650307,0.20547944642522065,0.0011210129394906769,0.0068792536437392296,0
2,5,Kenny Mayne,0.0,0.14566266432395955,0.027397259523362756,0.0016177046324519087,0.02350183381902668,0
2,6,Tatum O'Neal,0.0,0.17278978679695778,0.03278688417092183,0.004053766231893136,0.032713849534872455,0
2,6,Tia Carrere,0.0,0.17277837192325113,0.03278688417092183,0.0022198953441696207,0.02910151677330756,0
2,6,George Hamilton,23.0,9.999990000010001e-09,3.278688417092183e-08,1.500392991768715e-16,2.9597924528860196e-09,1
2,6,Lisa Rinna,27.0,0.033978879955002574,0.19672130502553098,0.0029868531484647286,0.007976766628638844,0
2,6,Stacy Keibler,30.0,0.03397891102970406,0.24590163128191372,0.0029836618522798048,0.01650157658990415,0
2,6,Jerry Rice,23.0,0.034147154206773334,0.14754097876914823,0.004809981651272486,0.011069040089978836,0
2,6,Giselle Fernandez,0.0,0.17278421376426137,0.03278688417092183,0.0026470720625029706,0.03174965821785161,0
2,6,Master P,0.0,0.1727841240286368,0.03278688417092183,0.002148549710197909,0.02917341433754893,0
2,6,Drew Lachey,30.0,0.033978898915035104,0.24590163128191372,0.0029811393460361913,0.01756342135088511,0
2,6,Kenny Mayne,0.0,0.172778649381388,0.03278688417092183,0.0027825908406790244,0.031158175254835326,0
2,7,Tatum O'Neal,0.0,0.16666192255809226,0.0408163248646398,0.0013615700200889887,0.04100378571428591,0
2,7,Tia Carrere,0.0,0.16666192255836015,0.0408163248646398,0.001174752549542898,0.042879143376561346,0
2,7,George Hamilton,0.0,0.16666192255847379,0.0408163248646398,0.0010438620857491777,0.03917987954390398,0
2,7,Lisa Rinna,26.5,2.040056448324564e-07,4.0816324864639795e-08,3.361160330987126e-08,4.307639195521712e-09,1
2,7,Stacy Keibler,27.5,1.0027992293845965e-08,0.2857142740524786,1.2884846012039925e-08,0.02535453389703289,0
2,7,Jerry Rice,20.5,1.0006141033864717e-08,0.1836734618908791,2.299340731467077e-08,0.007658024757856461,0
2,7,Giselle Fernandez,0.0,0.1666755378505061,0.0408163248646398,0.00104499968686794,0.040931017784321795,0
2,7,Master P,0.0,0.16667553785045,0.0408163248646398,0.0010384051533340103,0.04011347345132921,0
2,7,Drew Lachey,27.5,1.002675894417332e-08,0.2857142740524786,1.2884887843057163e-08,0.019910511673461525,0
2,7,Kenny Mayne,0.0,0.16666192255858764,0.0408163248646398,0.0012977589598267521,0.03922709190151388,0
2,8,Tatum O'Neal,0.0,0.09999553108254328,4.166666493055563e-08,0.0035675493246137054,4.957062960154751e-09,1
2,8,Tia Carrere,0.0,0.10000062491721588,0.041666664930555625,0.0011385017701902274,0.04771043132265509,0
2,8,George Hamilton,0.0,0.10000062491721588,0.041666664930555625,0.0013789009591467132,0.044453461350964396,0
2,8,Lisa Rinna,0.0,0.10000062491721588,0.041666664930555625,0.0011591277576467407,0.047510229691956715,0
2,8,Stacy Keibler,28.6665,0.09999990647172052,0.24999998958333375,1.1519245181839081e-05,0.025237526076018583,0
2,8,Jerry Rice,26.666600000000003,0.09999990647172052,0.20833332465277812,1.1519245181815083e-05,0.014208442973965611,0
2,8,Giselle Fernandez,0.0,0.10000062491721588,0.041666664930555625,0.0014314798164746687,0.040672584006853155,0
2,8,Master P,0.0,0.10000062491721588,0.041666664930555625,0.0012386848861087405,0.046564574705321965,0
2,8,Drew Lachey,28.9998,0.09999990647172052,0.2916666545138894,1.1519317644957588e-05,0.023311579963240757,0
2,8,Kenny Mayne,0.0,0.10000062491721588,0.041666664930555625,0.001078978863389128,0.04255022588627456,0
3,1,Harry Hamlin,17.0,0.09090900000009092,0.06153846059171599,1.3877787807814457e-17,0.0,0
3,1,Vivica A. Fox,22.0,0.09090900000009092,0.1307692287573965,1.3877787807814457e-17,0.007467483638661238,0
3,1,Monique Coleman,19.0,0.09090900000009092,0.09230769088757398,1.3877787807814457e-17,1.3877787807814457e-17,0
3,1,Joey Lawrence,21.0,0.09090900000009092,0.10769230603550299,1.3877787807814457e-17,1.3877787807814457e-17,0
3,1,Mario Lopez,26.0,0.09090900000009092,0.16923076662721898,1.3877787807814457e-17,2.7755575615628914e-17,0
3,1,Emmitt Smith,24.0,0.09090900000009092,0.15384615147928998,1.3877787807814457e-17,0.0,0
3,1,Shanna Moakler,18.0,0.09090900000009092,0.07692307573964499,1.3877787807814457e-17,0.0,0
3,1,Willa Ford,22.0,0.09090900000009092,0.1307692287573965,1.3877787807814457e-17,0.007467483638661239,0
3,1,Sara Evans,15.0,0.09090900000009092,0.030769230295857996,1.3877787807814457e-17,0.0,0
3,1,Jerry Springer,16.0,0.09090900000009092,0.04615384544378699,1.3877787807814457e-17,6.938893903907228e-18,0
3,1,Tucker Carlson,12.0,0.09090900000009092,1.5384615147929e-08,1.3877787807814457e-17,3.308722450212111e-24,1
3,2,Harry Hamlin,21.0,0.0925722133554926,0.06666666555555557,0.002978884919187113,0.01433333309444445,0
3,2,Vivica A. Fox,24.0,0.09092454042374483,0.1416666643055556,8.856896153898409e-05,0.008273115626108642,0
3,2,Monique Coleman,26.0,0.09092454042374659,0.16666666388888896,4.432324354072116e-05,2.7755575615628914e-17,0
3,2,Joey Lawrence,29.0,0.09092454042374451,0.18333333027777785,4.444190736039198e-05,0.0,0
3,2,Mario Lopez,21.0,0.09257181306544572,0.06666666555555557,0.002990639035757095,0.013119112217451084,0
3,2,Emmitt Smith,24.0,0.0909245420919772,0.1416666643055556,6.741763698818588e-05,0.008273115626108642,0
3,2,Shanna Moakler,22.0,0.04290055263776728,1.6666666388888892e-08,0.0013227817516909873,3.308722450212111e-24,1
3,2,Willa Ford,23.0,0.09092454173379767,0.11666666472222226,9.612779450071145e-05,2.7755575615628914e-17,0
3,2,Sara Evans,21.0,0.09257139843698024,0.06666666555555557,0.002945948843904472,0.01331665601501452,0
3,2,Jerry Springer,19.0,0.08625534065023938,0.03333333277777779,0.005863101941525769,0.0,0
3,2,Tucker Carlson,0.0,0.13850497675806403,0.016666666388888893,0.0014114502292392611,0.0,0
3,3,Harry Hamlin,22.0,0.02181760559752124,1.8348623516539018e-08,0.0014655101700480945,6.992011785509297e-10,1
3,3,Vivica A. Fox,27.0,0.09077964711036192,0.1834862351653902,0.0002673870677290609,0.009601395516459124,0
3,3,Monique Coleman,27.0,0.09077965638098882,0.1834862351653902,0.00016021352277453504,0.009644589474011563,0
3,3,Joey Lawrence,22.0,0.0910020604740512,0.11009174109923411,0.0006718709098198927,0.018492276351205296,0
3,3,Mario Lopez,22.0,0.09100203825008524,0.11009174109923411,0.0010183013966195492,0.01694226283914909,0
3,3,Emmitt Smith,19.0,0.08602645803127212,0.04587155879134755,0.002843862061784623,0.0023073045694040383,0
3,3,Shanna Moakler,0.0,0.12806816817413935,0.018348623516539018,0.0016787768764152488,0.007194925605823413,0
3,3,Willa Ford,22.0,0.09100204166855412,0.11009174109923411,0.0012416298930093461,0.018885264340676236,0
3,3,Sara Evans,25.0,0.09077966077646023,0.15596329989058166,0.00017050100502278792,0.0034503824067467544,0
3,3,Jerry Springer,21.0,0.09067418555777053,0.06422018230788656,0.0035969283718692117,0.0019940303403802166,0
3,3,Tucker Carlson,0.0,0.12806747797979565,0.018348623516539018,0.0017776203324081277,0.008142301115252347,0
3,4,Harry Hamlin,0.0,0.15135291547819715,0.020408162848813003,0.0018060966674543647,0.014044570321682184,0
3,4,Vivica A. Fox,24.0,0.030208985941087497,2.0408162848813002e-08,0.001675612782042316,1.168902348184239e-09,1
3,4,Monique Coleman,24.0,0.030408934206961623,0.12244897709287803,0.0006415626594031059,0.013473695405913757,0
3,4,Joey Lawrence,27.0,0.09199109385463256,0.16326530279050402,0.000500472604663145,0.003656844592704592,0
3,4,Mario Lopez,29.0,0.09199108253524672,0.20408162848813005,0.0004876402318723319,0.005857174759321706,0
3,4,Emmitt Smith,24.0,0.030683653374152426,0.12244897709287803,0.0008073417170628424,0.013180055117123255,0
3,4,Shanna Moakler,0.0,0.15135256729730548,0.020408162848813003,0.0017600656200347838,0.012929383175280373,0
3,4,Willa Ford,28.0,0.0919910741208755,0.18367346563931702,0.0005027997554165123,0.004740587681777801,0
3,4,Sara Evans,20.0,0.10634575059472215,0.06122448854643901,0.002765943074852969,0.0029764403900899047,0
3,4,Jerry Springer,22.0,0.07232037735617453,0.08163265139525201,0.005425588253609913,0.002072807177062758,0
3,4,Tucker Carlson,0.0,0.15135256524164434,0.020408162848813003,0.0018443763033835071,0.011672319236901325,0
3,5,Harry Hamlin,0.0,0.14910223687808283,0.024096384961532893,0.0019627879512388664,0.020466540705267877,0
3,5,Vivica A. Fox,0.0,0.14910223687821744,0.024096384961532893,0.0023058253237214967,0.021563816596092078,0
3,5,Monique Coleman,27.0,0.08321061418555255,0.19277107969226315,0.008596258813990953,0.021586542003730013,0
3,5,Joey Lawrence,25.0,0.05141252585152463,0.13253011728843092,0.006286771469580727,0.003136410929316629,0
3,5,Mario Lopez,27.0,0.08321063303833899,0.19277107969226315,0.006422848661888988,0.023463496108172062,0
3,5,Emmitt Smith,27.0,0.08321063303833866,0.19277107969226315,0.005104321698557226,0.022164184421252456,0
3,5,Shanna Moakler,0.0,0.14910118365095099,0.024096384961532893,0.002223920975859129,0.018631614484418288,0
3,5,Willa Ford,27.0,9.999990004754295e-09,2.4096384961532892e-08,0.0011165616184619295,1.5763871368559804e-09,1
3,5,Sara Evans,24.0,0.051275436064298886,0.09638553984613157,0.00553579149992037,0.010126331649763743,0
3,5,Jerry Springer,24.0,0.05127543209159534,0.09638553984613157,0.003674673597277926,0.009809650585539058,0
3,5,Tucker Carlson,0.0,0.1490980583241097,0.024096384961532893,0.0019876034614022516,0.019998544635067773,0
3,6,Harry Hamlin,0.0,0.09090529527592549,2.6666665955555575e-08,0.0030430125661104826,2.5961466215113386e-09,1
3,6,Vivica A. Fox,0.0,0.09090973595672344,0.026666665955555575,0.0014147427977670803,0.02672290701571062,0
3,6,Monique Coleman,23.0,0.09090900498829149,0.14666666275555568,1.5605341416838974e-05,0.005776267031507707,0
3,6,Joey Lawrence,24.0,0.09090900498829149,0.17333332871111123,1.5605341416797236e-05,0.00814507939897011,0
3,6,Mario Lopez,28.0,0.09090900498829149,0.2266666606222224,1.5605343414316966e-05,0.013142918142114587,0
3,6,Emmitt Smith,25.0,0.09090900498829149,0.19999999466666682,1.5605343415134184e-05,0.010620702922713792,0
3,6,Shanna Moakler,0.0,0.09090973595672344,0.026666665955555575,0.0014368725576359538,0.031074256436316908,0
3,6,Willa Ford,0.0,0.09090973595672344,0.026666665955555575,0.0010465038158913441,0.028208722650384408,0
3,6,Sara Evans,0.0,0.09090973595672344,0.026666665955555575,0.001455399083443041,0.029816852928617032,0
3,6,Jerry Springer,18.0,0.09090900498829149,0.11999999680000009,1.5605387102071027e-05,0.0037239975542161475,0
3,6,Tucker Carlson,0.0,0.09090973595672344,0.026666665955555575,0.0011112668703104477,0.03084313394043601,0
3,7,Harry Hamlin,0.0,0.16666649166714084,0.02941176384083048,0.0012126945039889641,0.031457354091864315,0
3,7,Vivica A. Fox,0.0,0.1666664916668974,0.02941176384083048,0.0012705535218737643,0.03301925063889423,0
3,7,Monique Coleman,27.0,9.999990000009723e-09,0.16176470112456762,0.001107153957792486,0.00473360922686533,0
3,7,Joey Lawrence,28.5,9.999990000009723e-09,0.23529411072664383,0.0011071540243346514,0.016789150761400647,0
3,7,Mario Lopez,28.0,9.999990000009723e-09,0.1911764649653981,0.0011071526551096945,0.01257001730630645,0
3,7,Emmitt Smith,28.5,9.999990000009723e-09,0.23529411072664383,0.0011071537191424067,0.016985534301414414,0
3,7,Shanna Moakler,0.0,0.16666649166673494,0.02941176384083048,0.0012847304944909761,0.03114702843584263,0
3,7,Willa Ford,0.0,0.1666664916668522,0.02941176384083048,0.0016310827570072302,0.03217134975197344,0
3,7,Sara Evans,0.0,0.16666649166679784,0.02941176384083048,0.001183967715657548,0.03342176902729873,0
3,7,Jerry Springer,23.0,9.99999410096848e-09,2.9411763840830475e-08,8.60103808834614e-13,2.2540997391787163e-09,1
3,7,Tucker Carlson,0.0,0.16666649166662276,0.02941176384083048,0.0008985891190409456,0.03016874702040963,0
3,8,Harry Hamlin,0.0,0.14285698826019833,0.035714284438775556,0.0013385537554807879,0.038338970982088195,0
3,8,Vivica A. Fox,0.0,0.14285698825815657,0.035714284438775556,0.0010534047273654979,0.03763495587509213,0
3,8,Monique Coleman,26.5,9.999990000009152e-09,3.571428443877555e-08,1.8979717790171067e-08,3.6420269175477383e-09,1
3,8,Joey Lawrence,27.0,1.0000154872378416e-08,0.23214284885204112,1.0849728541291054e-08,0.016947349412662245,0
3,8,Mario Lopez,28.5,1.000014812515923e-08,0.28571427551020445,1.0851044951865487e-08,0.01896370862465785,0
3,8,Emmitt Smith,27.0,1.0000222398211803e-08,0.23214284885204112,1.0852917351701807e-08,0.020107766930039843,0
3,8,Shanna Moakler,0.0,0.14285698825720677,0.035714284438775556,0.0009662324431231866,0.0415281824436649,0
3,8,Willa Ford,0.0,0.1428569882575343,0.035714284438775556,0.00107218151884882,0.038639337186143916,0
3,8,Sara Evans,0.0,0.14285698340100988,0.035714284438775556,0.0009207080900772692,0.04137599377206624,0
3,8,Jerry Springer,0.0,0.14285698825770032,0.035714284438775556,0.0011222593003216003,0.039950439172372544,0
3,8,Tucker Carlson,0.0,0.14285703530867847,0.035714284438775556,0.0011881064228391447,0.041947841757293165,0
3,9,Harry Hamlin,0.0,0.09090396815056412,3.7735847632609523e-08,0.003229187388307922,3.2749530573160745e-09,1
3,9,Vivica A. Fox,0.0,0.09090971593212356,0.03773584763260953,0.0006683250459839001,0.04526548458598379,0
3,9,Monique Coleman,0.0,0.09090971593212356,0.03773584763260953,0.0006967317528183316,0.045058172151294,0
3,9,Joey Lawrence,29.5,0.09090900677519037,0.24528300961196192,1.343801438191364e-05,0.023320027635385054,0
3,9,Mario Lopez,29.5,0.09090900677519037,0.24528300961196192,1.3438014323709974e-05,0.02320990573412547,0
3,9,Emmitt Smith,29.5,0.09090900677519037,0.24528300961196192,1.3438014323814977e-05,0.022592391707097776,0
3,9,Shanna Moakler,0.0,0.09090971593212356,0.03773584763260953,0.0008509717853509435,0.042776534670221494,0
3,9,Willa Ford,0.0,0.09090971593212356,0.03773584763260953,0.0012069878342693499,0.04511799341445982,0
3,9,Sara Evans,0.0,0.09090971593212356,0.03773584763260953,0.0009048925388752349,0.04453274481211404,0
3,9,Jerry Springer,0.0,0.09090971593212356,0.03773584763260953,0.0011935986314453454,0.04114071281992041,0
3,9,Tucker Carlson,0.0,0.09090971593212356,0.03773584763260953,0.001011771439134392,0.0442242138293157,0
3,10,Harry Hamlin,0.0,0.09090330740049457,4.761904535147403e-08,0.00406709340995163,4.44996834506755e-09,1
3,10,Vivica A. Fox,0.0,0.09090970965885,0.04761904535147403,0.001184805267668579,0.05536255170671205,0
3,10,Monique Coleman,0.0,0.09090970965885,0.04761904535147403,0.0012920200597498236,0.05729935330460274,0
3,10,Joey Lawrence,0.0,0.09090970965885,0.04761904535147403,0.0012306193545707964,0.04791412477628902,0
3,10,Mario Lopez,29.666600000000003,0.0909090076648528,0.3095237947845812,3.595587529538993e-05,0.02569923402929478,0
3,10,Emmitt Smith,29.666600000000003,0.0909090076648528,0.3095237947845812,3.595587529519156e-05,0.02556367481496886,0
3,10,Shanna Moakler,0.0,0.09090970965885,0.04761904535147403,0.0010395935004416438,0.0506352217651809,0
3,10,Willa Ford,0.0,0.09090970965885,0.04761904535147403,0.0010340189607053719,0.04939726169424349,0
3,10,Sara Evans,0.0,0.09090970965885,0.04761904535147403,0.0010197888738872093,0.056078719217077105,0
3,10,Jerry Springer,0.0,0.09090970965885,0.04761904535147403,0.0009211259162751375,0.05233838748597271,0
3,10,Tucker Carlson,0.0,0.09090970965885,0.04761904535147403,0.0007546014232774357,0.05685314755893631,0
4,1,John Ratzenberger,17.0,0.09090900000009092,0.06153846059171599,1.3877787807814457e-17,0.0,0
4,1,Ian Ziering,21.0,0.09090900000009092,0.1307692287573965,1.3877787807814457e-17,0.007667652678575879,0
4,1,Clyde Drexler,16.0,0.09090900000009092,0.04615384544378699,1.3877787807814457e-17,6.938893903907228e-18,0
4,1,Laila Ali,23.0,0.09090900000009092,0.15384615147928998,1.3877787807814457e-17,0.0,0
4,1,Apolo Anton Ohno,21.0,0.09090900000009092,0.1307692287573965,1.3877787807814457e-17,0.007667652678575877,0
4,1,Shandi Finnessey,19.0,0.09090900000009092,0.0999999984615385,1.3877787807814457e-17,0.007636722126198652,0
4,1,Paulina Porizkova,19.0,0.09090900000009092,0.0999999984615385,1.3877787807814457e-17,0.007636722126198653,0
4,1,Heather Mills,18.0,0.09090900000009092,0.07692307573964499,1.3877787807814457e-17,0.0,0
4,1,Billy Ray Cyrus,13.0,0.09090900000009092,1.5384615147929e-08,1.3877787807814457e-17,3.308722450212111e-24,1
4,1,Joey Fatone,24.0,0.09090900000009092,0.16923076662721898,1.3877787807814457e-17,2.7755575615628914e-17,0
4,1,Leeza Gibbons,15.0,0.09090900000009092,0.030769230295857996,1.3877787807814457e-17,0.0,0
4,2,John Ratzenberger,21.0,0.09091978298067832,0.0731707305175491,0.0019865014622025287,0.01672528637299841,0
4,2,Ian Ziering,22.0,0.09091207479294201,0.11382113636063193,0.0005562454147875947,0.002005026214439683,0
4,2,Clyde Drexler,18.0,0.09352547762310189,0.016260162337233132,0.0033999333441731426,0.0002864323163485263,0
4,2,Laila Ali,27.0,0.09091207482777745,0.17886178570956446,0.0005562581682490769,0.003150755479833794,0
4,2,Apolo Anton Ohno,26.0,0.09091207339265096,0.16260162337233133,0.0005562480368962121,0.002864323163485271,0
4,2,Shandi Finnessey,20.0,0.09828532169965051,0.032520324674466264,0.0021861763951536947,0.0005728646326970526,0
4,2,Paulina Porizkova,21.0,0.08086847938417548,1.626016233723313e-08,0.0014849439840549895,2.864323163485255e-10,1
4,2,Heather Mills,24.0,0.09091207450262162,0.13821137986648163,0.0005562478858725067,0.008421237076074855,0
4,2,Billy Ray Cyrus,21.0,0.09091978349044763,0.0731707305175491,0.0019620557477244916,0.019177707885035266,0
4,2,Joey Fatone,24.0,0.0909120745517631,0.13821137986648163,0.0005562819233546947,0.008554026965737305,0
4,2,Leeza Gibbons,21.0,0.090919782755191,0.0731707305175491,0.0021082441043573006,0.017670365275899668,0
4,3,John Ratzenberger,20.0,0.0924136495990576,0.049180327062617595,0.002728456393012466,0.0006715989736074813,0
4,3,Ian Ziering,24.0,0.09084604828617067,0.1557377023649557,0.003689412695462655,0.019519104994700307,0
4,3,Clyde Drexler,16.0,0.09151061114258244,0.03278688470841173,0.0016637153540102402,0.00044773264907165325,0
4,3,Laila Ali,21.0,0.09101149627425226,0.08196721177102932,0.000870955266156026,0.012805758610910179,0
4,3,Apolo Anton Ohno,23.0,0.0908469726556245,0.11475409647944104,0.0030456557356344292,0.001567064271750791,0
4,3,Shandi Finnessey,21.0,0.04176707200834969,1.6393442354205864e-08,0.0037687156580767907,2.2386632453582653e-10,1
4,3,Paulina Porizkova,0.0,0.13805092116130338,0.016393442354205864,0.0038977482261832986,0.00022386632453582663,0
4,3,Heather Mills,24.0,0.09084662178460394,0.1557377023649557,6.551433896247739e-05,0.016247270482604378,0
4,3,Billy Ray Cyrus,21.0,0.0910121587159869,0.08196721177102932,0.0012110203813132622,0.011359202587228808,0
4,3,Joey Fatone,24.0,0.09084748584704427,0.1557377023649557,7.575047633367076e-05,0.018640580997512868,0
4,3,Leeza Gibbons,24.0,0.09084596252602438,0.1557377023649557,7.078598362625725e-05,0.01933347825699737,0
4,4,John Ratzenberger,16.0,0.0892437442400697,0.07079645892395649,0.004628549493544144,0.0077874833381024735,0
4,4,Ian Ziering,24.0,0.09122445441349257,0.15044247521340753,0.00026614211714130813,0.0021984226337451894,0
4,4,Clyde Drexler,15.0,0.07251223139699967,0.0442477868274728,0.010810346192153472,0.0019487492260174936,0
4,4,Laila Ali,21.0,0.09122445441361662,0.10619468838593472,0.0002686111609380895,0.008379239704180037,0
4,4,Apolo Anton Ohno,26.0,0.09122445640935152,0.16814158994439665,0.00027018935421229523,0.0028035093972895737,0
4,4,Shandi Finnessey,0.0,0.12501304379019035,0.017699114730989122,0.004689929693321714,0.007481844588048936,0
4,4,Paulina Porizkova,0.0,0.12500868935582807,0.017699114730989122,0.004847309420880339,0.00772476348024747,0
4,4,Heather Mills,23.0,0.09122445644033401,0.13274336048241842,0.0002724676834032199,0.0016192270659800615,0
4,4,Billy Ray Cyrus,21.0,0.09122445443384893,0.10619468838593472,0.000266332282446828,0.008311409181561974,0
4,4,Joey Fatone,28.0,0.09122445441095253,0.18584070467538577,0.000267131350148299,0.003420775479856241,0
4,4,Leeza Gibbons,16.0,0.04087456069631606,1.769911473098912e-08,0.004369534721916353,6.385284170524478e-10,1
4,5,John Ratzenberger,18.0,0.09119432305500748,0.09615384430473377,0.00044738681250385665,0.0024790830256786415,0
4,5,Ian Ziering,24.0,0.0911943272478284,0.13461538202662726,0.00044737923333941916,0.0027959206947007656,0
4,5,Clyde Drexler,13.0,0.03503111514077593,1.923076886094675e-08,0.0021679218785555492,1.0849829564024193e-09,1
4,5,Laila Ali,28.0,0.0911943234600439,0.17307691974852077,0.00044743486190510233,0.004122935125830902,0
4,5,Apolo Anton Ohno,30.0,0.0911945062906936,0.19230768860946754,0.000447401297982441,0.005207918082233319,0
4,5,Shandi Finnessey,0.0,0.1088666097023567,0.019230768860946754,0.0038657551044692564,0.012726190637657073,0
4,5,Paulina Porizkova,0.0,0.10886661587830104,0.019230768860946754,0.0035451928343949927,0.012310568679731857,0
4,5,Heather Mills,21.0,0.09119450515244695,0.11538461316568052,0.00044875632592516655,0.0008679862566236412,0
4,5,Billy Ray Cyrus,17.0,0.09119471912218098,0.07692307544378701,0.00044550783961019933,0.002707570347794009,0
4,5,Joey Fatone,25.0,0.0911947032684663,0.15384615088757403,0.00044583614789740766,0.00400406567344857,0
4,5,Leeza Gibbons,0.0,0.10887325168289878,0.019230768860946754,0.0025570858872950137,0.013210490804060858,0
4,6,John Ratzenberger,19.0,0.08340459266622671,0.07954545273760336,0.011737313688080498,0.0014676701678864575,0
4,6,Ian Ziering,24.0,0.07896278225446225,0.1477272693698348,0.003965498780384931,0.003424563181486921,0
4,6,Clyde Drexler,0.0,0.13523897581178618,0.022727272210743815,0.002135358889372333,0.017526709793406554,0
4,6,Laila Ali,28.0,0.07896275855990985,0.20454544989669432,0.0039664138860752455,0.012330874398045942,0
4,6,Apolo Anton Ohno,28.0,0.07896275859915844,0.20454544989669432,0.003968453570370756,0.011597453615514588,0
4,6,Shandi Finnessey,0.0,0.13524622633884542,0.022727272210743815,0.0017094257620187607,0.018587865223882713,0
4,6,Paulina Porizkova,0.0,0.1352504335217485,0.022727272210743815,0.001588768585436266,0.020036317043192437,0
4,6,Heather Mills,23.0,9.999990000010001e-09,2.2727272210743815e-08,0.0013445632924979575,1.630744449791126e-09,1
4,6,Billy Ray Cyrus,21.0,0.05976295765657534,0.10227272494834716,0.010273347018342368,0.000163074281904668,0
4,6,Joey Fatone,27.0,0.07896280568843905,0.1704545415805786,0.0039682546891596305,0.005055307631278039,0
4,6,Leeza Gibbons,0.0,0.13524469890385837,0.022727272210743815,0.001818148556054734,0.01853701559782375,0
4,7,John Ratzenberger,22.5,9.999990017435418e-09,2.5641024983563464e-08,1.602915508537777e-05,2.314224689877533e-09,1
4,7,Ian Ziering,27.0,0.047127585393447365,0.16666666239316252,0.004009295451525389,0.010786665499672648,0
4,7,Clyde Drexler,0.0,0.1454964082948657,0.025641024983563465,0.001970982459093305,0.027816955422458826,0
4,7,Laila Ali,29.5,0.04712758104889764,0.21794871236028945,0.004007834599499469,0.01409983010665244,0
4,7,Apolo Anton Ohno,27.0,0.047127587114878834,0.16666666239316252,0.004012936428816306,0.012672128056468638,0
4,7,Shandi Finnessey,0.0,0.1454865699954302,0.025641024983563465,0.002194432717054288,0.025426713291533225,0
4,7,Paulina Porizkova,0.0,0.1454865698869416,0.025641024983563465,0.0017195557385972836,0.02405783926111953,0
4,7,Heather Mills,0.0,0.14548656988607317,0.025641024983563465,0.0019908746711177973,0.023954224109527,0
4,7,Billy Ray Cyrus,19.0,0.0840429069104315,0.10256409993425386,0.014456060026503447,0.0002314222375652855,0
4,7,Joey Fatone,29.5,0.04712758061845051,0.21794871236028945,0.00400109201455486,0.015145507997887577,0
4,7,Leeza Gibbons,0.0,0.14548963085159367,0.025641024983563465,0.0023419008198415775,0.023363146472528032,0
4,8,John Ratzenberger,0.0,0.15126616975244858,0.02941176384083048,0.0017697713600582895,0.031158309714271568,0
4,8,Ian Ziering,23.5,0.02309898539511012,0.16176470112456762,0.002454033446603001,0.0059683947920602136,0
4,8,Clyde Drexler,0.0,0.15126616539460425,0.02941176384083048,0.0018719602222138732,0.029871900551984243,0
4,8,Laila Ali,26.5,0.02309899031053974,0.1911764649653981,0.0024540119234225436,0.008810487685521881,0
4,8,Apolo Anton Ohno,29.0,0.023098987313369176,0.24999999264705905,0.002453599411794004,0.01449467347244521,0
4,8,Shandi Finnessey,0.0,0.1512656617946282,0.02941176384083048,0.0017134779493598873,0.027442462314062513,0
4,8,Paulina Porizkova,0.0,0.15126627581713828,0.02941176384083048,0.00247050234675417,0.03494617051544767,0
4,8,Heather Mills,0.0,0.15126627172246215,0.02941176384083048,0.0019520045150042626,0.03563843373173879,0
4,8,Billy Ray Cyrus,19.0,9.999990000345009e-09,2.9411763840830475e-08,1.5685380940058119e-16,2.8420928934616672e-09,1
4,8,Joey Fatone,27.5,0.023098990788376517,0.22058822880622858,0.002454184008730219,0.01165258057898355,0
4,8,Leeza Gibbons,0.0,0.1512724917123329,0.02941176384083048,0.0020455232699688806,0.03039049946723949,0
4,9,John Ratzenberger,0.0,0.14285699466038995,0.035714284438775556,0.0012763968918041875,0.04267074227953659,0
4,9,Ian Ziering,29.0,9.999990000008717e-09,3.5714284438775556e-08,2.5753269588197114e-08,3.1923846005763806e-09,1
4,9,Clyde Drexler,0.0,0.14285699466169074,0.035714284438775556,0.001186076418169467,0.03949220151681304,0
4,9,Laila Ali,30.0,1.0000277965539276e-08,0.2678571332908167,1.8412740632236192e-08,0.018299060237831757,0
4,9,Apolo Anton Ohno,29.5,1.0000300906253782e-08,0.21428570663265337,1.8410567482581166e-08,0.014416918570290857,0
4,9,Shandi Finnessey,0.0,0.14285699466229992,0.035714284438775556,0.0014632021932497869,0.0390688133956435,0
4,9,Paulina Porizkova,0.0,0.14285699466154964,0.035714284438775556,0.0013610077621903675,0.03861646787502313,0
4,9,Heather Mills,0.0,0.14285699466179866,0.035714284438775556,0.0012049662032227292,0.040917495393801455,0
4,9,Billy Ray Cyrus,0.0,0.14285699466195428,0.035714284438775556,0.0015274509072241648,0.04477659204916459,0
4,9,Joey Fatone,30.0,1.0000277048202477e-08,0.2678571332908167,1.8405783986280932e-08,0.024683686215345613,0
4,9,Leeza Gibbons,0.0,0.14285699203047086,0.035714284438775556,0.001438465657163895,0.039449632010483134,0
4,10,John Ratzenberger,0.0,0.09090396815056412,3.7735847632609523e-08,0.0035853197118269195,3.984056727923358e-09,1
4,10,Ian Ziering,0.0,0.09090971593212356,0.03773584763260952,0.0011241820315593635,0.042275807827734435,0
4,10,Clyde Drexler,0.0,0.09090971593212356,0.03773584763260952,0.0013358346421687949,0.04514696937809103,0
4,10,Laila Ali,28.333200000000005,0.09090900677519037,0.20754716197935236,2.846235891533358e-05,0.01614783294692003,0
4,10,Apolo Anton Ohno,29.3332,0.09090900677519037,0.28301885724457143,2.8462381648401412e-05,0.02060932482724093,0
4,10,Shandi Finnessey,0.0,0.09090971593212356,0.03773584763260952,0.0006866330329037836,0.04034362532635631,0
4,10,Paulina Porizkova,0.0,0.09090971593212356,0.03773584763260952,0.0010783157929390714,0.043025508546258244,0
4,10,Heather Mills,0.0,0.09090971593212356,0.03773584763260952,0.001225127955662491,0.04510097306219691,0
4,10,Billy Ray Cyrus,0.0,0.09090971593212356,0.03773584763260952,0.0013853740633246211,0.04813086728293528,0
4,10,Joey Fatone,28.6665,0.09090900677519037,0.2452830096119619,2.8462388573486043e-05,0.01821852421071513,0
4,10,Leeza Gibbons,0.0,0.09090971593212356,0.03773584763260952,0.001107325100447417,0.046380217713766096,0
5,1,Cameron Mathison,21.0,0.08333325000008333,0.0779220769101029,0.0,0.01683509632484166,0
5,1,Jane Seymour,24.0,0.08333325000008333,0.12337662177432959,0.0,0.006472693835095979,0
5,1,Sabrina Bryan,26.0,0.08333325000008333,0.1558441538202058,0.0,2.7755575615628914e-17,0
5,1,Jennie Garth,21.0,0.08333325000008333,0.0779220769101029,0.0,0.018062689272654645,0
5,1,Floyd Mayweather Jr. ,18.0,0.08333325000008333,0.025974025636700968,0.0,3.469446951953614e-18,0
5,1,Josie Maran,16.0,0.08333325000008333,1.2987012818350482e-08,0.0,1.6543612251060553e-24,1
5,1,Albert Reed,21.0,0.08333325000008333,0.0779220769101029,0.0,0.0202264125517939,0
5,1,Helio Castroneves,25.0,0.08333325000008333,0.14285714100185531,0.0,2.7755575615628914e-17,0
5,1,Mel B,24.0,0.08333325000008333,0.12337662177432959,0.0,0.006472693835095979,0
5,1,Wayne Newton,19.0,0.08333325000008333,0.03896103845505145,0.0,6.938893903907228e-18,0
5,1,Marie Osmond,21.0,0.08333325000008333,0.0779220769101029,0.0,0.01799533283194505,0
5,1,Mark Cuban,21.0,0.08333325000008333,0.0779220769101029,0.0,0.01804213481692007,0
5,2,Cameron Mathison,21.0,0.083333090883307,0.08333333217592595,0.0009803503505669557,0.02053496068785536,0
5,2,Jane Seymour,21.0,0.0833332241135397,0.08333333217592595,0.0002417374360723269,0.019518119933253142,0
5,2,Sabrina Bryan,26.0,0.08333975166817371,0.15277777565586423,4.6727295491582e-05,0.0030415640640681168,0
5,2,Jennie Garth,21.0,0.08333309088332164,0.08333333217592595,0.0006843072518987547,0.016465868786164465,0
5,2,Floyd Mayweather Jr. ,21.0,0.08333308414841087,0.08333333217592595,0.0011169546996365866,0.019565821230533253,0
5,2,Josie Maran,0.0,0.12394326447185457,0.013888888695987657,0.003744897940790849,0.00027650582400619246,0
5,2,Albert Reed,21.0,0.03576118577875353,1.3888888695987657e-08,0.003429702167803416,2.765058240061925e-10,1
5,2,Helio Castroneves,27.0,0.08333994266456478,0.1666666643518519,4.982658065291782e-05,0.0033180698880743136,0
5,2,Mel B,23.0,0.0833400562316849,0.12499999826388891,0.0024048310829994255,0.0024885524160557304,0
5,2,Wayne Newton,15.0,0.08416952546643357,0.027777777391975313,0.0016278414537379048,0.0005530116480123849,0
5,2,Marie Osmond,24.0,0.08334003333689548,0.13888888695987658,5.469164048532903e-05,0.002765058240061919,0
5,2,Mark Cuban,18.0,0.08943275035406031,0.041666666087962975,0.0037958975279681105,0.0008295174720185784,0
5,3,Cameron Mathison,23.0,0.08333581161040612,0.07913668950882462,0.00029628644298421587,0.00037867707674815916,0
5,3,Jane Seymour,27.0,0.08333580797133375,0.15107913451684699,0.0002962922166779175,0.011811779432719119,0
5,3,Sabrina Bryan,27.0,0.0833358112706976,0.15107913451684699,0.00029628651201254043,0.010189330431838351,0
5,3,Jennie Garth,26.0,0.08333581127069922,0.11510791201283581,0.0002962838489301624,0.006978173947651995,0
5,3,Floyd Mayweather Jr. ,21.0,0.08333581209197509,0.06474820050722013,0.0002961851616338175,0.0008415045635706428,0
5,3,Josie Maran,0.0,0.1084225185574969,0.014388489001604476,0.0009716121317008396,0.0062081027080477065,0
5,3,Albert Reed,0.0,0.1084225227172492,0.014388489001604476,0.000960014359610448,0.006270460007960123,0
5,3,Helio Castroneves,24.0,0.08333581127068251,0.09352517851042909,0.0002961698086317288,8.41504100743123e-05,0
5,3,Mel B,27.0,0.08333581133179128,0.15107913451684699,0.0002961957386420655,0.011593388548462457,0
5,3,Wayne Newton,18.0,0.033132706118773426,1.4388489001604474e-08,0.0011567053944041637,4.6282748682247887e-10,1
5,3,Marie Osmond,26.0,0.08333530797564687,0.11510791201283581,0.00029618999800190744,0.006686180417952156,0
5,3,Mark Cuban,20.0,0.08333526781424795,0.05035971150561566,0.0002962017519766107,0.0013043320503931233,0
5,4,Cameron Mathison,27.0,0.08327533851809399,0.14516128798126957,0.00046838258030141206,0.011943168463443964,0
5,4,Jane Seymour,26.0,0.08327533867563494,0.09677419198751304,0.0004693439937726352,0.01135037548173459,0
5,4,Sabrina Bryan,30.0,0.08327533841052293,0.17741935197710723,0.00046027609711509594,0.005315638188609923,0
5,4,Jennie Garth,27.0,0.08327533897135506,0.14516128798126957,0.0004617611637568811,0.011763988791443108,0
5,4,Floyd Mayweather Jr. ,23.0,0.014899995394630963,1.612903199791884e-08,0.0020805352050625456,9.85537866870685e-10,1
5,4,Josie Maran,0.0,0.11314228378302771,0.01612903199791884,0.004967484051612267,0.01020122978043928,0
5,4,Albert Reed,0.0,0.11318644836967919,0.01612903199791884,0.0021488793241098325,0.010238968676346105,0
5,4,Helio Castroneves,27.0,0.08327533891469803,0.14516128798126957,0.00048223531392936684,0.013053548640573568,0
5,4,Mel B,26.0,0.08327533873136081,0.09677419198751304,0.0004506194343519936,0.011831074015559457,0
5,4,Wayne Newton,0.0,0.11314228378310276,0.01612903199791884,0.00205597425569292,0.01101503027828044,0
5,4,Marie Osmond,26.0,0.08327533795774106,0.09677419198751304,0.00045521654603568025,0.012580045291609705,0
5,4,Mark Cuban,22.0,0.06270061849115266,0.04838709599375652,0.009750538654842874,0.0033323373903361426,0
5,5,Cameron Mathison,26.0,0.08260196022057875,0.1428571403061225,0.0013157043546507968,0.007850124073919069,0
5,5,Jane Seymour,26.0,0.0826019605624938,0.1428571403061225,0.0013164231114642846,0.008444416152364412,0
5,5,Sabrina Bryan,28.0,0.08260196111334553,0.16964285411352048,0.0013177272975094204,0.004898708684500484,0
5,5,Jennie Garth,25.0,0.08260196022176823,0.11607142649872453,0.001316284625550629,0.001706831565444227,0
5,5,Floyd Mayweather Jr. ,0.0,0.1055068198954438,0.017857142538265314,0.0030187366040465213,0.017035115338331675,0
5,5,Josie Maran,0.0,0.10550302416102861,0.017857142538265314,0.0018318417432638507,0.01601967710243661,0
5,5,Albert Reed,0.0,0.10550302416103768,0.017857142538265314,0.0021157356214524304,0.01496583914611489,0
5,5,Helio Castroneves,23.0,0.08260195950079373,0.09821428396045923,0.001336905312804237,0.0008086831418097751,0
5,5,Mel B,29.0,0.08260196177411992,0.1874999966517858,0.0013278370949640487,0.0059828162038057025,0
5,5,Wayne Newton,0.0,0.10556237490015188,0.017857142538265314,0.004486087905824497,0.013881105499358214,0
5,5,Marie Osmond,21.0,0.08231198349024815,0.07142857015306125,0.010237195584450527,0.0066417381822295295,0
5,5,Mark Cuban,21.0,9.999990000136065e-09,1.7857142538265312e-08,0.001522489982689875,1.0918698058817594e-09,1
5,6,Cameron Mathison,25.0,0.048892262435967955,0.13684210238227154,0.008173528012970194,0.00778544951118671,0
5,6,Jane Seymour,22.0,0.0585379430215629,0.08421052454293633,0.01151914801310245,0.0025133731452212614,0
5,6,Sabrina Bryan,25.0,9.999990030216339e-09,2.105263113573408e-08,0.0005990571252920018,1.5563174899148257e-09,1
5,6,Jennie Garth,27.0,0.049114695679860654,0.16842104908587266,0.007011755841213576,0.005864366966232861,0
5,6,Floyd Mayweather Jr. ,0.0,0.1386673691331076,0.021052631135734082,0.001619440814329268,0.021210489108724282,0
5,6,Josie Maran,0.0,0.1386673691330812,0.021052631135734082,0.0015834504863041945,0.022873510894006334,0
5,6,Albert Reed,0.0,0.13865576157093326,0.021052631135734082,0.0016214894309226405,0.022059526748809864,0
5,6,Helio Castroneves,28.0,0.0491147136205302,0.18947368022160674,0.00701569232262015,0.007410934045694994,0
5,6,Mel B,30.0,0.04911471957582082,0.21052631135734082,0.007020850059731026,0.008960878037528956,0
5,6,Wayne Newton,0.0,0.13866138554243523,0.021052631135734082,0.0017661692628744184,0.020060478819446517,0
5,6,Marie Osmond,23.0,0.05190989739695072,0.10526315567867041,0.01488966593046199,0.0028528604717337033,0
5,6,Mark Cuban,0.0,0.13866287289075938,0.021052631135734082,0.0017185120134586029,0.02053079967708613,0
5,7,Cameron Mathison,25.5,0.007873622834487606,0.1264367787026028,0.0026240119888792015,0.010054189412896371,0
5,7,Jane Seymour,25.0,9.999990070511682e-09,2.2988505218655053e-08,2.016178533915695e-16,1.948053804600425e-09,1
5,7,Sabrina Bryan,0.0,0.16010514828407005,0.022988505218655055,0.0020843452295739254,0.02484822352360244,0
5,7,Jennie Garth,26.5,0.007873640078600353,0.19540229435856796,0.0020272398874804226,0.012293143770532611,0
5,7,Floyd Mayweather Jr. ,0.0,0.1601051798374245,0.022988505218655055,0.0020783632781429086,0.02579945245684249,0
5,7,Josie Maran,0.0,0.16010517983183195,0.022988505218655055,0.0018624613783964628,0.025721729326576723,0
5,7,Albert Reed,0.0,0.1601051798314391,0.022988505218655055,0.0019435154635128583,0.027696236522833997,0
5,7,Helio Castroneves,26.0,0.007873624928090569,0.16091953653058538,0.0020280927235166225,0.011598702396181264,0
5,7,Mel B,27.0,0.007873622834435398,0.21839079957722302,0.0020271978612149497,0.012087573115857356,0
5,7,Wayne Newton,0.0,0.16010499338278444,0.022988505218655055,0.0017472572742245037,0.02886259444683965,0
5,7,Marie Osmond,26.0,0.007873622667776055,0.16091953653058538,0.002027190984015245,0.01589414063068734,0
5,7,Mark Cuban,0.0,0.16010517549006995,0.022988505218655055,0.0019296519863902302,0.022900407164192428,0
5,8,Cameron Mathison,25.5,1.0027227541302062e-08,2.8571427755102065e-08,6.621690340798379e-09,2.124065516808183e-09,1
5,8,Jane Seymour,0.0,0.14285692473457315,0.028571427755102068,0.0009701638140766037,0.03575539251080999,0
5,8,Sabrina Bryan,0.0,0.14285716315064326,0.028571427755102068,0.0010515917881224399,0.03134500604769227,0
5,8,Jennie Garth,25.0,9.999989997842315e-09,0.1714285665306124,1.9922760416807506e-09,0.009204897571474682,0
5,8,Floyd Mayweather Jr. ,0.0,0.14285692473453973,0.028571427755102068,0.0009865602495349912,0.031871689798565694,0
5,8,Josie Maran,0.0,0.14285692473459896,0.028571427755102068,0.0011184102019995796,0.034127275198403126,0
5,8,Albert Reed,0.0,0.14285692473466635,0.028571427755102068,0.0008291062302438464,0.03390609577972868,0
5,8,Helio Castroneves,28.5,9.999989997842318e-09,0.2571428497959186,1.8655821225913662e-09,0.013278125131061521,0
5,8,Mel B,28.0,9.999989997842318e-09,0.22857142204081654,1.8656062438534043e-09,0.012453653073151334,0
5,8,Wayne Newton,0.0,0.14285716314995583,0.028571427755102068,0.0010096049693482433,0.03470461397533932,0
5,8,Marie Osmond,24.5,9.999989997842315e-09,0.14285713877551032,2.135217275424403e-09,0.004650569824159012,0
5,8,Mark Cuban,0.0,0.14285692473483555,0.028571427755102068,0.0009649721103513972,0.03374531741626402,0
5,9,Cameron Mathison,0.0,0.12499987000107281,0.033898303935650714,0.0010850516888303336,0.04431757037787315,0
5,9,Jane Seymour,0.0,0.12499986999898861,0.033898303935650714,0.00116001891539105,0.037992821148147005,0
5,9,Sabrina Bryan,0.0,0.12499986999878411,0.033898303935650714,0.001193949982376209,0.04283791519906443,0
5,9,Jennie Garth,29.0,9.999989999998599e-09,3.389830393565071e-08,6.03756538438796e-08,3.125164273622348e-09,1
5,9,Floyd Mayweather Jr. ,0.0,0.12499986999808527,0.033898303935650714,0.0014723196492362237,0.04020251339214831,0
5,9,Josie Maran,0.0,0.12499986999834728,0.033898303935650714,0.0013239008213035029,0.040931805322958065,0
5,9,Albert Reed,0.0,0.12499986999797515,0.033898303935650714,0.0013510867994790978,0.035161528089570536,0
5,9,Helio Castroneves,30.0,1.0002587671011973e-08,0.2711864314852057,5.620512212083311e-08,0.01771605342073281,0
5,9,Mel B,30.0,1.0002631643726045e-08,0.2711864314852057,5.619931026974966e-08,0.02093258220246072,0
5,9,Wayne Newton,0.0,0.12499986999854222,0.033898303935650714,0.0010669969678265023,0.04166164270862509,0
5,9,Marie Osmond,28.0,1.000618442726652e-08,0.18644067164607891,5.894828503376181e-08,0.009064032666362123,0
5,9,Mark Cuban,0.0,0.12499986999781094,0.033898303935650714,0.0014142212929117218,0.04100514413777764,0
5,10,Cameron Mathison,0.0,0.08332755676243894,3.4482757431629055e-08,0.0033900972786854093,3.5898088966326256e-09,1
5,10,Jane Seymour,0.0,0.08333395902002731,0.034482757431629055,0.0008095563095675884,0.048141197647731976,0
5,10,Sabrina Bryan,0.0,0.08333395902002731,0.034482757431629055,0.0008189804769559161,0.04707294472097821,0
5,10,Jennie Garth,0.0,0.08333395902002731,0.034482757431629055,0.0009723563071637031,0.0447861885934874,0
5,10,Floyd Mayweather Jr. ,0.0,0.08333395902002731,0.034482757431629055,0.000899141935736822,0.039589011078126034,0
5,10,Josie Maran,0.0,0.08333395902002731,0.034482757431629055,0.0007326459782154255,0.04153646324487228,0
5,10,Albert Reed,0.0,0.08333395902002731,0.034482757431629055,0.0012490561201343297,0.04666301097006036,0
5,10,Helio Castroneves,27.999900000000004,0.08333325702611422,0.24137930202140337,1.7205045399586863e-05,0.02188705196172905,0
5,10,Mel B,28.333199999999998,0.08333325702611422,0.27586205945303244,1.7205100483703456e-05,0.01774624390810039,0
5,10,Wayne Newton,0.0,0.08333395902002731,0.034482757431629055,0.0012152572963675151,0.04443881516407484,0
5,10,Marie Osmond,23.0,0.08333325702611422,0.20689654458977433,1.7205104719173456e-05,0.013115290528428646,0
5,10,Mark Cuban,0.0,0.08333395902002731,0.034482757431629055,0.0007672606220388328,0.04339452991464135,0
6,1,Cristian de la Fuente,21.0,0.08333325194249702,0.08450704106328112,1.274580222096429e-05,0.00654023273813664,0
6,1,Steve Guttenberg,18.0,0.08333325194249702,0.056338027375520745,1.2745802220964287e-05,0.006602231215213181,0
6,1,Priscilla Presley,24.0,0.08333325194249702,0.14084506843880185,1.2745802220964197e-05,0.006672273843410283,0
6,1,Marlee Matlin,22.0,0.08333325194249702,0.11267605475104149,1.2745802220964197e-05,0.006459801096796115,0
6,1,Shannon Elizabeth,21.0,0.08333325194249702,0.08450704106328112,1.2745802220964197e-05,0.006457052138406949,0
6,1,Marissa Jaret Winokur,18.0,0.08333325194249702,0.056338027375520745,1.2745802220964197e-05,0.006456820594426969,0
6,1,Jason Taylor,22.0,0.08333325194249702,0.11267605475104149,1.2745802220964197e-05,0.00656831828316979,0
6,1,Kristi Yamaguchi,27.0,0.08333325194249702,0.16197182870462215,1.2745802220964197e-05,0.000984278853281837,0
6,1,Monica Seles,15.0,0.08333167604988373,1.4084506843880184e-08,0.00043568741751689733,8.202323777348675e-11,1
6,1,Penn Jillette,16.0,0.08333325194249702,0.03521126710970046,1.2745802220964197e-05,0.00024606971332045925,0
6,1,Adam Carolla,15.0,0.08333480452614611,0.014084506843880186,0.00044223693187354484,0.006151742915034745,0
6,1,Mario,24.0,0.08333325194249702,0.14084506843880185,1.2745802221005105e-05,0.006478292702129875,0
6,2,Cristian de la Fuente,20.0,0.08333325000008333,0.06493506409175241,0.0,1.3877787807814457e-17,0
6,2,Steve Guttenberg,16.0,0.08333325000008333,0.025974025636700968,0.0,3.469446951953614e-18,0
6,2,Priscilla Presley,21.0,0.08333325000008333,0.08441558331927815,0.0,0.006488309524461845,0
6,2,Marlee Matlin,24.0,0.08333325000008333,0.1103896089559791,0.0,0.006446583628481175,0
6,2,Shannon Elizabeth,24.0,0.08333325000008333,0.1103896089559791,0.0,0.006446583628481174,0
6,2,Marissa Jaret Winokur,21.0,0.08333325000008333,0.08441558331927815,0.0,0.006488309524461845,0
6,2,Jason Taylor,27.0,0.08333325000008333,0.14935064741103055,0.0,0.006488309524461853,0
6,2,Kristi Yamaguchi,27.0,0.08333325000008333,0.14935064741103055,0.0,0.006488309524461853,0
6,2,Monica Seles,15.0,0.08333325000008333,1.2987012818350482e-08,0.0,1.6543612251060553e-24,1
6,2,Penn Jillette,17.0,0.08333325000008333,0.03896103845505145,0.0,6.938893903907228e-18,0
6,2,Adam Carolla,19.0,0.08333325000008333,0.051948051273401935,0.0,6.938893903907228e-18,0
6,2,Mario,26.0,0.08333325000008333,0.12987012818350482,0.0,2.7755575615628914e-17,0
6,3,Cristian de la Fuente,25.0,0.08185244766214601,0.1417910426598352,0.0005906090705888356,0.003016877640531498,0
6,3,Steve Guttenberg,21.0,0.03262642500808905,1.4925372911561597e-08,0.007010817601038648,5.886971414781062e-10,1
6,3,Priscilla Presley,26.0,0.08185244138974226,0.1567164155713968,0.0005893274109074953,0.003550209977931466,0
6,3,Marlee Matlin,21.0,0.07914484664762395,0.074626864557808,0.004199443054889954,0.01565592366837686,0
6,3,Shannon Elizabeth,24.0,0.08185243406532056,0.1268656697482736,0.0005941114205584648,0.002508433606305461,0
6,3,Marissa Jaret Winokur,19.0,0.07127981854727891,0.037313432278904,0.008566758226018214,0.0019980169011331256,0
6,3,Jason Taylor,23.0,0.0818524340655638,0.11194029683671199,0.0005924499265178027,0.0020435401305859686,0
6,3,Kristi Yamaguchi,27.0,0.08185244138916183,0.17164178848295839,0.0005929976134381678,0.004098726598059261,0
6,3,Monica Seles,0.0,0.12465581952471853,0.0149253729115616,0.007202313890351687,0.005948497304926188,0
6,3,Penn Jillette,0.0,0.1247402031339896,0.0149253729115616,0.007080911321279488,0.006468071800345552,0
6,3,Adam Carolla,21.0,0.07914484445753517,0.074626864557808,0.0071563115370447215,0.015459927581536735,0
6,3,Mario,21.0,0.07914484410983051,0.074626864557808,0.005255501093456541,0.013745533470840867,0
6,4,Cristian de la Fuente,26.0,0.08331507116328789,0.12698412496850595,0.00045603885576211154,0.0020150926595718186,0
6,4,Steve Guttenberg,0.0,0.10447971465910513,0.015873015621063243,0.003944320823520605,0.010888476419061145,0
6,4,Priscilla Presley,22.0,0.0833150914545458,0.06349206248425297,0.00045599208008645625,0.0015314705631371169,0
6,4,Marlee Matlin,24.0,0.08331509145451657,0.09523809372637947,0.0004559939075504492,0.012328023316610757,0
6,4,Shannon Elizabeth,28.0,0.08331507115610229,0.1428571405895692,0.0004558695645118932,0.002901733465249054,0
6,4,Marissa Jaret Winokur,24.0,0.08331507115616786,0.09523809372637947,0.0004558659771852028,0.010357627516557494,0
6,4,Jason Taylor,29.0,0.08331507115602271,0.16666666402116406,0.0004558708558138973,0.008464652569030501,0
6,4,Kristi Yamaguchi,29.0,0.08331507115617896,0.16666666402116406,0.00045605645312492694,0.008339111985030772,0
6,4,Monica Seles,0.0,0.1044854328700469,0.015873015621063243,0.004198012599596718,0.009856562172693324,0
6,4,Penn Jillette,0.0,0.10446945771617193,0.015873015621063243,0.0022908701637707994,0.009695663191956251,0
6,4,Adam Carolla,19.0,0.020043733546102924,1.5873015621063245e-08,0.0017841800890486515,8.866408056772351e-10,1
6,4,Mario,24.0,0.08331512251275117,0.09523809372637947,0.0004563383318765199,0.012546925453789338,0
6,5,Cristian de la Fuente,23.0,0.08164861110567853,0.10619468838593472,0.0020015387613956798,0.0073426016704771025,0
6,5,Steve Guttenberg,0.0,0.10711491826447424,0.017699114730989122,0.003512989383376874,0.016544511581694198,0
6,5,Priscilla Presley,21.0,9.999990001685335e-09,1.769911473098912e-08,0.011663277573095618,9.416108309241758e-10,1
6,5,Marlee Matlin,22.0,0.08164861109595717,0.07964601628945105,0.0020067737740661197,0.0005992069780072817,0
6,5,Shannon Elizabeth,23.0,0.08164842067931499,0.10619468838593472,0.0020045634984290983,0.007318527526537966,0
6,5,Marissa Jaret Winokur,24.0,0.08164842050126259,0.13274336048241842,0.0020042801960629573,0.002225625514765253,0
6,5,Jason Taylor,27.0,0.08164842067936018,0.1592920325789021,0.002004435000586294,0.008518667322362212,0
6,5,Kristi Yamaguchi,29.0,0.08164842067927974,0.18584070467538577,0.002004511022955382,0.005050458007537774,0
6,5,Monica Seles,0.0,0.10711480774297823,0.017699114730989122,0.00434472050582064,0.014542033359237906,0
6,5,Penn Jillette,0.0,0.10711480774303175,0.017699114730989122,0.011758471960740214,0.014886281647902486,0
6,5,Adam Carolla,0.0,0.10711490639227622,0.017699114730989122,0.0035074229950875922,0.015294939296651757,0
6,5,Mario,27.0,0.0816486451173965,0.1592920325789021,0.002021886628207656,0.008140661768917663,0
6,6,Cristian de la Fuente,27.0,0.06960256028018695,0.15999999680000007,0.001277405545461229,0.005620024864275628,0
6,6,Steve Guttenberg,0.0,0.11646534723776597,0.01999999960000001,0.0015968474809460278,0.02040642176499282,0
6,6,Priscilla Presley,0.0,0.11646534724932482,0.01999999960000001,0.0017669191819757084,0.020551062741509443,0
6,6,Marlee Matlin,21.0,9.999990004953742e-09,1.9999999600000007e-08,2.264204619949259e-06,1.429463035227178e-09,1
6,6,Shannon Elizabeth,24.0,0.06960252304428564,0.10999999780000005,0.0012832163302998905,0.008451460270752718,0
6,6,Marissa Jaret Winokur,26.0,0.06960252304435688,0.13999999720000006,0.0012798425720178446,0.0038440554110630684,0
6,6,Jason Taylor,24.0,0.06960248436000058,0.10999999780000005,0.0012778139340812711,0.008185433258614547,0
6,6,Kristi Yamaguchi,30.0,0.06960248436016406,0.1999999960000001,0.0012798527182245826,0.007797070971287978,0
6,6,Monica Seles,0.0,0.11653316260384722,0.01999999960000001,0.0016943532236913428,0.01978294242536899,0
6,6,Penn Jillette,0.0,0.11645623250616984,0.01999999960000001,0.0015181358223172842,0.01973809637391156,0
6,6,Adam Carolla,0.0,0.11646380266878242,0.01999999960000001,0.002292571165636738,0.02051451700565484,0
6,6,Mario,28.0,0.06960252264612558,0.17999999640000008,0.0012784816595181163,0.0063676079360608,0
6,7,Cristian de la Fuente,23.0,0.015384007331418328,0.1071428545918368,0.002793382885841398,0.001997291113972448,0
6,7,Steve Guttenberg,0.0,0.16410247795810942,0.0238095232426304,0.0014800561822931276,0.02635892583542971,0
6,7,Priscilla Presley,0.0,0.1641024961168868,0.0238095232426304,0.0015635878984129484,0.026793211253306023,0
6,7,Marlee Matlin,0.0,0.16410249730661639,0.0238095232426304,0.001498218787813754,0.025883130707415318,0
6,7,Shannon Elizabeth,25.5,9.999992017875801e-09,2.38095232426304e-08,2.714815728247278e-13,2.040657546066252e-09,1
6,7,Marissa Jaret Winokur,26.0,9.999990000009852e-09,0.178571424319728,0.002187736662073637,0.009863155219760021,0
6,7,Jason Taylor,27.5,9.999990000009852e-09,0.2261904708049888,0.0022032541149353993,0.013411310729652858,0
6,7,Kristi Yamaguchi,27.0,9.999990000009852e-09,0.20238094756235842,0.0022032563097345763,0.011634242400083893,0
6,7,Monica Seles,0.0,0.16410247350252466,0.0238095232426304,0.0012866731324566241,0.027345671078123527,0
6,7,Penn Jillette,0.0,0.16410252120407087,0.0238095232426304,0.0015957976046501292,0.027146094911939853,0
6,7,Adam Carolla,0.0,0.16410247658142144,0.0238095232426304,0.0016031853346618425,0.02691804675090131,0
6,7,Mario,25.5,9.999990000009852e-09,0.1428571394557824,0.0021015115644604935,0.008934985567299797,0
6,8,Cristian de la Fuente,28.5,1.00339508324883e-08,0.2571428497959186,4.096832328159283e-09,0.014408447428888195,0
6,8,Steve Guttenberg,0.0,0.14285699282985756,0.028571427755102068,0.0011333565554991927,0.036205232563086706,0
6,8,Priscilla Presley,0.0,0.14285699282983397,0.028571427755102068,0.0010337418268192686,0.03325754177212297,0
6,8,Marlee Matlin,0.0,0.14285699282994377,0.028571427755102068,0.00117118574788993,0.0326321964650429,0
6,8,Shannon Elizabeth,0.0,0.14285699283001313,0.028571427755102068,0.0012669548300039029,0.03226497723772222,0
6,8,Marissa Jaret Winokur,25.0,1.0075696117972116e-08,0.14285713877551032,4.953850811805525e-09,0.004521205196600054,0
6,8,Jason Taylor,26.0,1.0047855749277426e-08,0.1714285665306124,4.368016546916438e-09,0.008695971152196995,0
6,8,Kristi Yamaguchi,27.5,1.0033852162980284e-08,0.22857142204081654,4.0968234208715355e-09,0.011933616645977245,0
6,8,Monica Seles,0.0,0.14285699282999323,0.028571427755102068,0.00121624047992488,0.034325660783439786,0
6,8,Penn Jillette,0.0,0.14285699282996644,0.028571427755102068,0.0009150292508266147,0.032398089205874066,0
6,8,Adam Carolla,0.0,0.14285699283004752,0.028571427755102068,0.0011126396917581132,0.034239931662100036,0
6,8,Mario,26.5,9.999989999769588e-09,2.8571427755102065e-08,5.602338887497065e-08,2.4766668351887655e-09,1
6,9,Cristian de la Fuente,28.0,9.999986297338598e-09,0.24590163128191372,1.828216080005316e-08,0.013399695501210777,0
6,9,Steve Guttenberg,0.0,0.12499987000024916,0.03278688417092183,0.001345224047765312,0.04253115607788889,0
6,9,Priscilla Presley,0.0,0.12499987000002173,0.03278688417092183,0.0012681496397975672,0.03784540487944237,0
6,9,Marlee Matlin,0.0,0.12499987000024916,0.03278688417092183,0.001166812460702077,0.04034283543734485,0
6,9,Shannon Elizabeth,0.0,0.12499987000030598,0.03278688417092183,0.001154398533797752,0.03973921345015489,0
6,9,Marissa Jaret Winokur,26.0,9.999986297338598e-09,3.278688417092183e-08,2.2823516388670075e-08,2.5898070291914942e-09,1
6,9,Jason Taylor,27.5,9.999986297338598e-09,0.2131147471109919,1.8297059964563143e-08,0.012133438158981732,0
6,9,Kristi Yamaguchi,28.5,9.999986297338598e-09,0.2786885154528356,1.8297159135650774e-08,0.01578491461054226,0
6,9,Monica Seles,0.0,0.12499987000013547,0.03278688417092183,0.001391315426433197,0.03958812120581216,0
6,9,Penn Jillette,0.0,0.12499987000002179,0.03278688417092183,0.001294477190302371,0.04172628300748764,0
6,9,Adam Carolla,0.0,0.12499987000024913,0.03278688417092183,0.0014011815065370148,0.038325586135573644,0
6,9,Mario,0.0,0.12499987000019229,0.03278688417092183,0.000990259281552439,0.04096682752408358,0
6,10,Cristian de la Fuente,26.0,0.08333325702611422,0.20689654458977433,1.853712033819595e-05,0.0122533992774083,0
6,10,Steve Guttenberg,0.0,0.08332755676243894,3.4482757431629055e-08,0.004925676678714766,3.0923147850273964e-09,1
6,10,Priscilla Presley,0.0,0.08333395902002731,0.034482757431629055,0.0017825730392063387,0.04283332280348559,0
6,10,Marlee Matlin,0.0,0.08333395902002731,0.034482757431629055,0.000981530070003163,0.04093600768252027,0
6,10,Shannon Elizabeth,0.0,0.08333395902002731,0.034482757431629055,0.00157144228349252,0.046863122678750084,0
6,10,Marissa Jaret Winokur,0.0,0.08333395902002731,0.034482757431629055,0.0013426084892165899,0.04238218093999361,0
6,10,Jason Taylor,28.5,0.08333325702611422,0.24137930202140337,1.850263977731117e-05,0.015200080387389946,0
6,10,Kristi Yamaguchi,30.0,0.08333325702611422,0.27586205945303244,1.8502639776951126e-05,0.018195161861715894,0
6,10,Monica Seles,0.0,0.08333395902002731,0.034482757431629055,0.0009492838231521627,0.04327112990867697,0
6,10,Penn Jillette,0.0,0.08333395902002731,0.034482757431629055,0.0013373258976987373,0.04141893008521966,0
6,10,Adam Carolla,0.0,0.08333395902002731,0.034482757431629055,0.0012483431383051647,0.044915219290158535,0
6,10,Mario,0.0,0.08333395902002731,0.034482757431629055,0.0010493570896945434,0.04508773178484913,0
7,1,Ted McGinley,18.5,1.1627906841535966e-08,1.1627906841535966e-08,1.0457655220253605e-10,1.0297018911089384e-10,1
7,1,Cloris Leachman,16.0,0.023255813683071936,0.023255813683071936,0.00020915310440507186,0.00020594037822178736,0
7,1,Susan Lucci,18.5,0.05813953420767984,0.05813953420767984,0.00963464432561705,0.00953139748832644,0
7,1,Cody Linley,20.5,0.09302325473228774,0.09302325473228774,0.0008366124176202875,0.0008237615128871494,0
7,1,Misty May-Treanor,21.0,0.1046511615738237,0.1046511615738237,0.0009411889698228232,0.0009267317019980432,0
7,1,Maurice Greene,19.5,0.08139534789075177,0.08139534789075177,0.0007320358654177461,0.0007207913237762506,0
7,1,Warren Sapp,21.5,0.12209302183612766,0.12209302183612766,0.005593463154654678,0.005638442500306885,0
7,1,Jeffrey Ross,12.0,0.011627906841535968,0.011627906841535968,0.00010457655220253593,0.00010297018911089368,0
7,1,Toni Braxton,22.5,0.1395348820984316,0.1395348820984316,0.0012549186264304202,0.0012356422693307137,0
7,1,Lance Bass,21.5,0.12209302183612766,0.12209302183612766,0.005635483863825795,0.006143420127590081,0
7,1,Kim Kardashian,18.5,0.05813953420767984,0.05813953420767984,0.009345013711379463,0.009451319951203893,0
7,1,Rocco DiSpirito,17.5,0.0348837205246079,0.0348837205246079,0.00031372965660760504,0.0003089105673326784,0
7,1,Brooke Burke,24.5,0.15116278893996757,0.15116278893996757,0.0013594951786329616,0.0013386124584416129,0
7,2,Ted McGinley,0.0,0.012499999843750002,0.012499999843750002,0.005507431369764771,0.005642830428532043,0
7,2,Cloris Leachman,15.0,0.031249999609375006,0.031249999609375006,0.0016315366444747345,0.0014534883660931573,0
7,2,Susan Lucci,21.0,0.10624999867187503,0.10624999867187503,0.009313956999509383,0.009422876107829721,0
7,2,Cody Linley,21.0,0.10624999867187503,0.10624999867187503,0.009740109058031321,0.009890045734070029,0
7,2,Misty May-Treanor,21.0,0.10624999867187503,0.10624999867187503,0.009826706168129706,0.009442692670442943,0
7,2,Maurice Greene,19.0,0.06874999914062502,0.06874999914062502,0.00045683028394704825,0.00040697676343631197,0
7,2,Warren Sapp,24.0,0.14999999812500003,0.14999999812500003,0.005360874920092569,0.005961828652528231,0
7,2,Jeffrey Ross,0.0,0.012499999843750002,0.012499999843750002,0.005268532606475578,0.005392892322471104,0
7,2,Toni Braxton,23.0,0.13124999835937504,0.13124999835937504,0.0015010136502657523,0.0013372092409917548,0
7,2,Lance Bass,20.0,0.08124999898437502,0.08124999898437502,6.526149710449189e-05,5.8139562550701965e-05,0
7,2,Kim Kardashian,17.0,1.2499999843750002e-08,1.2499999843750002e-08,3.915687868425613e-10,3.488372008856144e-10,1
7,2,Rocco DiSpirito,16.0,0.04374999945312501,0.04374999945312501,0.0012399678576321767,0.0011046511652075459,0
7,2,Brooke Burke,24.0,0.14999999812500003,0.14999999812500003,0.0070942954167359205,0.006402733483111567,0
7,3,Ted McGinley,0.0,1.4184396961923448e-08,1.4184396961923448e-08,8.033506397706392e-10,9.053029699096586e-10,1
7,3,Cloris Leachman,16.0,0.049645389366732066,0.049645389366732066,0.0019838622846708814,0.002130835523875203,0
7,3,Susan Lucci,21.0,0.08510638177154069,0.08510638177154069,0.006283054492035185,0.006372853249785238,0
7,3,Cody Linley,21.0,0.08510638177154069,0.08510638177154069,0.0062559480436735785,0.006015003107745417,0
7,3,Misty May-Treanor,0.0,0.014184396961923447,0.014184396961923447,0.01194064095725272,0.010395988204779796,0
7,3,Maurice Greene,24.0,0.13475177113827275,0.13475177113827275,0.003250798609446977,0.003689367290317629,0
7,3,Warren Sapp,25.0,0.1489361681001962,0.1489361681001962,0.004023757906637625,0.004567304869358505,0
7,3,Jeffrey Ross,0.0,0.014184396961923447,0.014184396961923447,0.012280835996629566,0.012409739319031955,0
7,3,Toni Braxton,22.0,0.11347517569538758,0.11347517569538758,0.006459137207956341,0.006046181437024447,0
7,3,Lance Bass,22.0,0.11347517569538758,0.11347517569538758,0.006555507655784767,0.007115620626502013,0
7,3,Kim Kardashian,0.0,0.014184396961923447,0.014184396961923447,0.012747193211762663,0.013159422776628927,0
7,3,Rocco DiSpirito,20.0,0.06382978632865552,0.06382978632865552,0.0013469144930348168,0.0013980061475836931,0
7,3,Brooke Burke,28.0,0.16312056506211964,0.16312056506211964,0.004806694111769024,0.005454196867653447,0
7,4,Ted McGinley,0.0,0.014705882136678205,0.014705882136678205,0.013892905352059915,0.012759593833381808,0
7,4,Cloris Leachman,22.0,0.09558823388840833,0.09558823388840833,0.009915879514873575,0.0105754290790396,0
7,4,Susan Lucci,24.0,0.13970588029844294,0.13970588029844294,0.003327855217151976,0.003392394638941185,0
7,4,Cody Linley,23.0,0.12499999816176474,0.12499999816176474,0.00245971905467459,0.002507422105196259,0
7,4,Misty May-Treanor,0.0,0.014705882136678205,0.014705882136678205,0.012962367073744539,0.012315637384126851,0
7,4,Maurice Greene,20.0,0.06617646961505191,0.06617646961505191,0.0010128255952349668,0.0010324680297834627,0
7,4,Warren Sapp,22.0,0.09558823388840833,0.09558823388840833,0.010126524150829848,0.010476532260389367,0
7,4,Jeffrey Ross,0.0,0.014705882136678205,0.014705882136678205,0.012276193154372145,0.01259160918466008,0
7,4,Toni Braxton,22.0,0.09558823388840833,0.09558823388840833,0.010759360280504808,0.009963323623643336,0
7,4,Lance Bass,26.0,0.16176470350346026,0.16176470350346026,0.006883972907225937,0.008108550782081782,0
7,4,Kim Kardashian,0.0,0.014705882136678205,0.014705882136678205,0.01224968537569074,0.01388376141027745,0
7,4,Rocco DiSpirito,18.0,1.4705882136678204e-08,1.4705882136678204e-08,8.681361624773896e-10,8.849725337449306e-10,1
7,4,Brooke Burke,26.0,0.16176470350346026,0.16176470350346026,0.00864351173865988,0.0069773987344545745,0
7,5,Ted McGinley,0.0,0.01709401680181168,0.01709401680181168,0.01876088530213672,0.017258330890254674,0
7,5,Cloris Leachman,21.0,0.07692307560815256,0.07692307560815256,0.0066699761330863095,0.007152686589256917,0
7,5,Susan Lucci,22.0,0.11111110921177592,0.11111110921177592,0.006622332633217208,0.0064403482065593185,0
7,5,Cody Linley,28.0,0.1709401680181168,0.1709401680181168,0.005157276459884574,0.006721212568014798,0
7,5,Misty May-Treanor,0.0,0.01709401680181168,0.01709401680181168,0.01662923880573505,0.017580934015398335,0
7,5,Maurice Greene,27.0,0.15384615121630513,0.15384615121630513,0.0047673337629948595,0.005427759800893009,0
7,5,Warren Sapp,25.0,0.13675213441449344,0.13675213441449344,0.003069400754222131,0.004138302660155477,0
7,5,Jeffrey Ross,0.0,0.01709401680181168,0.01709401680181168,0.018232755425262055,0.016536401620650204,0
7,5,Toni Braxton,22.0,1.7094016801811677e-08,1.7094016801811677e-08,9.962275924526035e-10,1.2998258304691645e-09,1
7,5,Lance Bass,21.0,0.07692307560815256,0.07692307560815256,0.007083645627398925,0.006861844324471231,0
7,5,Kim Kardashian,0.0,0.01709401680181168,0.01709401680181168,0.01593327402753654,0.019471942274847547,0
7,5,Rocco DiSpirito,0.0,0.01709401680181168,0.01709401680181168,0.019047420462279117,0.017662984289147445,0
7,5,Brooke Burke,29.0,0.18803418481992848,0.18803418481992848,0.006028953815474965,0.008016727180826333,0
7,6,Ted McGinley,0.0,0.018518518175582997,0.018518518175582997,0.021797819896101734,0.022676597957683283,0
7,6,Cloris Leachman,15.0,1.8518518175582995e-08,1.8518518175582995e-08,1.2190831067825756e-09,1.454584099188673e-09,1
7,6,Susan Lucci,23.0,0.12962962722908097,0.12962962722908097,0.007887929844114632,0.008553788175808597,0
7,6,Cody Linley,23.0,0.12962962722908097,0.12962962722908097,0.007111944628872446,0.0074365697774894015,0
7,6,Misty May-Treanor,0.0,0.018518518175582997,0.018518518175582997,0.022669845558683073,0.02256024715906197,0
7,6,Maurice Greene,21.0,0.10185184996570648,0.10185184996570648,0.0012190830051923179,0.001454583977973331,0
7,6,Warren Sapp,25.0,0.15740740449245547,0.15740740449245547,0.004876332325540045,0.005818336275539349,0
7,6,Jeffrey Ross,0.0,0.018518518175582997,0.018518518175582997,0.02241490858878006,0.021766353253727864,0
7,6,Toni Braxton,0.0,0.018518518175582997,0.018518518175582997,0.02227682662688628,0.020965512755760512,0
7,6,Lance Bass,27.0,0.19444444084362147,0.19444444084362147,0.007314498539105204,0.008727504473916703,0
7,6,Kim Kardashian,0.0,0.018518518175582997,0.018518518175582997,0.021686239703594196,0.019008838283994727,0
7,6,Rocco DiSpirito,0.0,0.018518518175582997,0.018518518175582997,0.021241419362942104,0.022271642146610347,0
7,6,Brooke Burke,26.0,0.17592592266803847,0.17592592266803847,0.006095415432322626,0.007272920374728029,0
7,7,Ted McGinley,0.0,0.022222221728395074,0.022222221728395074,0.027890325656713295,0.02772583467669665,0
7,7,Cloris Leachman,0.0,0.022222221728395074,0.022222221728395074,0.026898677996274073,0.02795535278535724,0
7,7,Susan Lucci,24.0,2.2222221728395074e-08,2.2222221728395074e-08,1.75860779422862e-09,1.8173942483111395e-09,1
7,7,Cody Linley,22.0,0.13333333037037046,0.13333333037037046,0.003956867390463746,0.004089136907250545,0
7,7,Misty May-Treanor,0.0,0.022222221728395074,0.022222221728395074,0.025898998003914767,0.02618497319630294,0
7,7,Maurice Greene,25.0,0.18888888469135812,0.18888888469135812,0.010879134660276554,0.008892313880104695,0
7,7,Warren Sapp,21.0,0.11111110864197538,0.11111110864197538,0.002198259596235124,0.0022717426589394032,0
7,7,Jeffrey Ross,0.0,0.022222221728395074,0.022222221728395074,0.028324796613302953,0.025764899672317574,0
7,7,Toni Braxton,0.0,0.022222221728395074,0.022222221728395074,0.029687608620556253,0.027586974772962347,0
7,7,Lance Bass,25.0,0.18888888469135812,0.18888888469135812,0.011694303570486635,0.01365451226352352,0
7,7,Kim Kardashian,0.0,0.022222221728395074,0.022222221728395074,0.026142289993936075,0.02846152645128923,0
7,7,Rocco DiSpirito,0.0,0.022222221728395074,0.022222221728395074,0.029445157543220603,0.03004658374911384,0
7,7,Brooke Burke,30.0,0.22222221728395075,0.22222221728395075,0.010991298567378223,0.011358713900495102,0
7,8,Ted McGinley,0.0,0.02531645505527962,0.02531645505527962,0.032403418710664884,0.030427497180883292,0
7,8,Cloris Leachman,0.0,0.02531645505527962,0.02531645505527962,0.034569601806566416,0.029530347472715206,0
7,8,Susan Lucci,0.0,0.02531645505527962,0.02531645505527962,0.03442164588612356,0.03570485913349674,0
7,8,Cody Linley,24.0,0.15189873033167772,0.15189873033167772,0.0087413748647167,0.010222810737010746,0
7,8,Misty May-Treanor,0.0,0.02531645505527962,0.02531645505527962,0.03160731130207392,0.033261841631954114,0
7,8,Maurice Greene,24.0,2.531645505527962e-08,2.531645505527962e-08,2.3180513140769484e-09,2.467038284061825e-09,1
7,8,Warren Sapp,27.0,0.21518986796987677,0.21518986796987677,0.013233562855466379,0.01436024185864991,0
7,8,Jeffrey Ross,0.0,0.02531645505527962,0.02531645505527962,0.033164460089563745,0.031468067237452685,0
7,8,Toni Braxton,0.0,0.02531645505527962,0.02531645505527962,0.033763416215152046,0.03651891420913725,0
7,8,Lance Bass,25.0,0.18987341291459717,0.18987341291459717,0.00990687238853296,0.010354370690686916,0
7,8,Kim Kardashian,0.0,0.02531645505527962,0.02531645505527962,0.03293522143110331,0.031007015415340084,0
7,8,Rocco DiSpirito,0.0,0.02531645505527962,0.02531645505527962,0.03211947215051699,0.03465797641497246,0
7,8,Brooke Burke,27.5,0.2405063230251564,0.2405063230251564,0.014982834199309262,0.014668223835898104,0
7,9,Ted McGinley,0.0,0.030303029384756687,0.030303029384756687,0.04165823153878806,0.0374787719095334,0
7,9,Cloris Leachman,0.0,0.030303029384756687,0.030303029384756687,0.04069376296519597,0.041174799332900226,0
7,9,Susan Lucci,0.0,0.030303029384756687,0.030303029384756687,0.03939162091102969,0.03891591472627565,0
7,9,Cody Linley,23.0,3.0303029384756685e-08,3.0303029384756685e-08,2.156281550233428e-09,3.0715961158324326e-09,1
7,9,Misty May-Treanor,0.0,0.030303029384756687,0.030303029384756687,0.03871077481783423,0.03975112851937534,0
7,9,Maurice Greene,0.0,0.030303029384756687,0.030303029384756687,0.038584546613777665,0.03712462409290716,0
7,9,Warren Sapp,24.5,0.22727272038567517,0.22727272038567517,0.01354340869922377,0.016766161943218137,0
7,9,Jeffrey Ross,0.0,0.030303029384756687,0.030303029384756687,0.04280700681238271,0.03798907883690297,0
7,9,Toni Braxton,0.0,0.030303029384756687,0.030303029384756687,0.03567302293638969,0.04095414577713553,0
7,9,Lance Bass,28.5,0.2727272644628102,0.2727272644628102,0.013476759509268799,0.019197475467986364,0
7,9,Kim Kardashian,0.0,0.030303029384756687,0.030303029384756687,0.04200503958499977,0.042401237804230156,0
7,9,Rocco DiSpirito,0.0,0.030303029384756687,0.030303029384756687,0.04373930737609978,0.0423094046035436,0
7,9,Brooke Burke,24.5,0.22727272038567517,0.22727272038567517,0.013490225841513862,0.01736254893936699,0
7,10,Ted McGinley,0.0,3.1746030738221243e-08,3.1746030738221243e-08,2.6048929766880963e-09,3.2559006048415982e-09,1
7,10,Cloris Leachman,0.0,0.03174603073822124,0.03174603073822124,0.04691064994925339,0.03860625701275646,0
7,10,Susan Lucci,0.0,0.03174603073822124,0.03174603073822124,0.040995958807388884,0.044524664760505955,0
7,10,Cody Linley,0.0,0.03174603073822124,0.03174603073822124,0.04518132313795098,0.0457670278484929,0
7,10,Misty May-Treanor,0.0,0.03174603073822124,0.03174603073822124,0.041697402881333306,0.0420165794193697,0
7,10,Maurice Greene,0.0,0.03174603073822124,0.03174603073822124,0.04409281537222111,0.04112667170928205,0
7,10,Warren Sapp,27.5,0.22222221516754873,0.22222221516754873,0.015096195461251516,0.020817687386045256,0
7,10,Jeffrey Ross,0.0,0.03174603073822124,0.03174603073822124,0.043945085271859294,0.04245366907786921,0
7,10,Toni Braxton,0.0,0.03174603073822124,0.03174603073822124,0.044496625244406555,0.04042680625528994,0
7,10,Lance Bass,27.5,0.22222221516754873,0.22222221516754873,0.01532627156914468,0.01519349956312392,0
7,10,Kim Kardashian,0.0,0.03174603073822124,0.03174603073822124,0.04419974786230877,0.041206237107195585,0
7,10,Rocco DiSpirito,0.0,0.03174603073822124,0.03174603073822124,0.045637438923262615,0.0441590950037214,0
7,10,Brooke Burke,30.0,0.26984126127488056,0.26984126127488056,0.01629806557214951,0.020905225268500402,0
8,1,Gilles Marini,24.0,0.14606741408913018,0.14606741408913018,0.0,0.0,0
8,1,Denise Richards,18.0,0.07303370704456509,0.07303370704456509,0.005545601141848559,0.00557738135126127,0
8,1,David Alan Grier,19.0,0.08988763943946473,0.08988763943946473,1.3877787807814457e-17,1.3877787807814457e-17,0
8,1,Lawrence Taylor,16.0,0.03370786478979927,0.03370786478979927,6.938893903907228e-18,6.938893903907228e-18,0
8,1,Ty Murray,14.0,1.123595492993309e-08,1.123595492993309e-08,0.0,0.0,1
8,1,Shawn Johnson,23.0,0.12921348169423055,0.12921348169423055,0.005613481283802137,0.005504471270249033,0
8,1,Steve Wozniak,13.0,0.011235954929933092,0.011235954929933092,1.734723475976807e-18,1.734723475976807e-18,0
8,1,Belinda Carlisle,17.0,0.05056179718469891,0.05056179718469891,0.005577381351261268,0.005617977464966543,0
8,1,Chuck Wicks,20.0,0.10112359436939782,0.10112359436939782,1.3877787807814457e-17,1.3877787807814457e-17,0
8,1,Lil' Kim,21.0,0.11235954929933091,0.11235954929933091,1.3877787807814457e-17,1.3877787807814457e-17,0
8,1,Steve-O,17.0,0.05056179718469891,0.05056179718469891,0.0055773813512612685,0.005617977464966543,0
8,1,Holly Madison,18.0,0.07303370704456509,0.07303370704456509,0.005545601141848559,0.005577381351261272,0
8,1,Melissa Rycroft,23.0,0.12921348169423055,0.12921348169423055,0.005613481283802137,0.005504471270249033,0
8,2,Gilles Marini,27.0,0.1502890156035952,0.1502890156035952,0.0008575595355324507,0.0008575595355324507,0
8,2,Denise Richards,21.0,0.10404624157171975,0.10404624157171975,0.0005936950630609279,0.0005936950630609279,0
8,2,David Alan Grier,17.0,0.028901733769922153,0.028901733769922153,0.005676949116829181,0.005734742875748633,0
8,2,Lawrence Taylor,20.0,0.08092485455578204,0.08092485455578204,0.009022825564027063,0.009679281714983503,0
8,2,Ty Murray,20.0,0.08092485455578204,0.08092485455578204,0.010062591770611482,0.009573920101181157,0
8,2,Shawn Johnson,24.0,0.12716762858765748,0.12716762858765748,0.0007256272992966996,0.0007256272992966996,0
8,2,Steve Wozniak,17.0,0.028901733769922153,0.028901733769922153,0.005666445294224306,0.005805756950912328,0
8,2,Belinda Carlisle,18.0,1.1560693507968861e-08,1.1560693507968861e-08,6.596611811788094e-11,6.596611811788094e-11,1
8,2,Chuck Wicks,20.0,0.08092485455578204,0.08092485455578204,0.009079915117619445,0.009063220926168,0
8,2,Lil' Kim,23.0,0.11560693507968861,0.11560693507968861,0.0006596611811788103,0.0006596611811788103,0
8,2,Steve-O,14.0,0.011560693507968862,0.011560693507968862,6.596611811788155e-05,6.596611811788155e-05,0
8,2,Holly Madison,18.0,0.052023120785859876,0.052023120785859876,0.005409221751632342,0.005409221751632342,0
8,2,Melissa Rycroft,26.0,0.13872832209562633,0.13872832209562633,0.0007915934174145614,0.0007915934174145613,0
8,3,Gilles Marini,27.0,0.13793103289734446,0.13793103289734446,0.010009903819232025,0.00879592011485563,0
8,3,Denise Richards,16.0,1.149425274144537e-08,1.149425274144537e-08,1.6543612251060553e-24,1.6543612251060553e-24,1
8,3,David Alan Grier,24.0,0.10344827467300834,0.10344827467300834,0.0,0.0,0
8,3,Lawrence Taylor,20.0,0.06896551644867223,0.06896551644867223,0.0,0.0,0
8,3,Ty Murray,23.0,0.08620689556084028,0.08620689556084028,0.005728706046510092,0.005631010838225567,0
8,3,Shawn Johnson,27.0,0.13793103289734446,0.13793103289734446,0.008677970515506948,0.009478403628104927,0
8,3,Steve Wozniak,10.0,0.02298850548289074,0.02298850548289074,0.0,0.0,0
8,3,Belinda Carlisle,0.0,0.01149425274144537,0.01149425274144537,0.0,0.0,0
8,3,Chuck Wicks,23.0,0.08620689556084028,0.08620689556084028,0.005728706046510092,0.005631010838225567,0
8,3,Lil' Kim,25.0,0.11494252741445371,0.11494252741445371,1.3877787807814457e-17,1.3877787807814457e-17,0
8,3,Steve-O,15.0,0.034482758224336114,0.034482758224336114,0.0,0.0,0
8,3,Holly Madison,17.0,0.057471263707226855,0.057471263707226855,6.938893903907228e-18,6.938893903907228e-18,0
8,3,Melissa Rycroft,27.0,0.13793103289734446,0.13793103289734446,0.00919827530748767,0.00943369392774292,0
8,4,Gilles Marini,30.0,0.15243902253123143,0.15243902253123143,0.0021979196988767703,0.0019518256349179463,0
8,4,Denise Richards,0.0,0.012195121802498515,0.012195121802498515,0.005045201621375202,0.005326727909871096,0
8,4,David Alan Grier,22.0,0.08536585261748961,0.08536585261748961,0.0054389750606724544,0.005735458707108174,0
8,4,Lawrence Taylor,19.0,0.06707316991374183,0.06707316991374183,0.0005171576161339082,0.00045925312602597055,0
8,4,Ty Murray,25.0,0.10975609622248664,0.10975609622248664,0.005930217203800858,0.00579212850428016,0
8,4,Shawn Johnson,25.0,0.10975609622248664,0.10975609622248664,0.005666218854108589,0.005773512377960129,0
8,4,Steve Wozniak,12.0,1.2195121802498514e-08,1.2195121802498514e-08,3.878681878586684e-10,3.444398229919881e-10,1
8,4,Belinda Carlisle,0.0,0.012195121802498515,0.012195121802498515,0.005317524897288334,0.005461605073056984,0
8,4,Chuck Wicks,22.0,0.08536585261748961,0.08536585261748961,0.005429928344791566,0.005771148856222558,0
8,4,Lil' Kim,27.0,0.1280487789262344,0.1280487789262344,0.0014221833231594335,0.00126294598893397,0
8,4,Steve-O,15.0,0.042682926308744804,0.042682926308744804,0.001292893991851245,0.001148132772009947,0
8,4,Holly Madison,16.0,0.05487804811124332,0.05487804811124332,0.0009050258039925732,0.000803692949017956,0
8,4,Melissa Rycroft,29.0,0.1402439007287329,0.1402439007287329,0.0018100515110180955,0.0016073858119259523,0
8,5,Gilles Marini,29.0,0.17692307420118347,0.17692307420118347,0.006384311753378574,0.005280442219518149,0
8,5,Denise Richards,0.0,0.015384615147928998,0.015384615147928998,0.013758870930275788,0.012374988624897769,0
8,5,David Alan Grier,22.0,1.5384615147929e-08,1.5384615147929e-08,1.0494759190413533e-09,8.680179109895296e-10,1
8,5,Lawrence Taylor,20.0,0.0692307681656805,0.0692307681656805,0.0009620196799108993,0.0007956831574085611,0
8,5,Ty Murray,21.0,0.08461538331360949,0.08461538331360949,8.745623913045437e-05,7.233475358097025e-05,0
8,5,Shawn Johnson,26.0,0.15384615147928998,0.15384615147928998,0.00833638465008244,0.007686393594545811,0
8,5,Steve Wozniak,0.0,0.015384615147928998,0.015384615147928998,0.011847858378909977,0.013840188079027933,0
8,5,Belinda Carlisle,0.0,0.015384615147928998,0.015384615147928998,0.013681401234385208,0.014007680997574861,0
8,5,Chuck Wicks,23.0,0.11538461360946749,0.11538461360946749,0.00218640807721316,0.0018083705755600281,0
8,5,Lil' Kim,26.0,0.15384615147928998,0.15384615147928998,0.007921826577122032,0.007650528289008606,0
8,5,Steve-O,18.0,0.053846153017751495,0.053846153017751495,0.002011495598952252,0.0016637010683980896,0
8,5,Holly Madison,0.0,0.015384615147928998,0.015384615147928998,0.012255919024890564,0.013127695782211471,0
8,5,Melissa Rycroft,25.0,0.1307692287573965,0.1307692287573965,0.003235883996254514,0.002676388486549557,0
8,6,Gilles Marini,26.0,0.13934426001074984,0.13934426001074984,0.00818312021162799,0.007608657294121536,0
8,6,Denise Richards,0.0,0.016393442354205864,0.016393442354205864,0.01697530360587792,0.017136233212923027,0
8,6,David Alan Grier,0.0,0.016393442354205864,0.016393442354205864,0.01863437401079165,0.017944699429035323,0
8,6,Lawrence Taylor,22.0,0.09836065412523519,0.09836065412523519,0.0010983540490174914,0.0010657852323693578,0
8,6,Ty Murray,18.0,0.08196721177102932,0.08196721177102932,9.985047702018255e-05,9.688967227675025e-05,0
8,6,Shawn Johnson,26.0,0.13934426001074984,0.13934426001074984,0.007124981042913867,0.007765106576191374,0
8,6,Steve Wozniak,0.0,0.016393442354205864,0.016393442354205864,0.01690003534175899,0.01733090188586869,0
8,6,Belinda Carlisle,0.0,0.016393442354205864,0.016393442354205864,0.016133930503382903,0.015338153654271143,0
8,6,Chuck Wicks,23.0,0.11475409647944104,0.11475409647944104,0.0022965585750551647,0.0022284601370154643,0
8,6,Lil' Kim,28.0,0.1803278658962645,0.1803278658962645,0.007089376679205872,0.006879159755599902,0
8,6,Steve-O,16.0,1.6393442354205864e-08,1.6393442354205864e-08,1.1982045260376746e-09,1.1626749046461078e-09,1
8,6,Holly Madison,0.0,0.016393442354205864,0.016393442354205864,0.017404232972826547,0.018077167692399636,0
8,6,Melissa Rycroft,27.0,0.16393442354205864,0.16393442354205864,0.005891172153168196,0.0057164848509537935,0
8,7,Gilles Marini,27.0,0.14814814540466398,0.14814814540466398,0.008996492190411822,0.008299315182724257,0
8,7,Denise Richards,0.0,0.018518518175582997,0.018518518175582997,0.022325943376819517,0.022598712310060262,0
8,7,David Alan Grier,0.0,0.018518518175582997,0.018518518175582997,0.019513405814789424,0.02114303201181428,0
8,7,Lawrence Taylor,21.0,1.8518518175582995e-08,1.8518518175582995e-08,1.4729037166985788e-09,1.2978101374817623e-09,1
8,7,Ty Murray,24.0,0.10185184996570648,0.10185184996570648,0.0014729035939566025,0.0012978100293309178,0
8,7,Shawn Johnson,28.0,0.17592592266803847,0.17592592266803847,0.007836493397218484,0.006489050579257975,0
8,7,Steve Wozniak,0.0,0.018518518175582997,0.018518518175582997,0.021379255116249316,0.021922825536832415,0
8,7,Belinda Carlisle,0.0,0.018518518175582997,0.018518518175582997,0.0214322622814786,0.0218214374233725,0
8,7,Chuck Wicks,27.0,0.14814814540466398,0.14814814540466398,0.00895441227973614,0.008793910690260722,0
8,7,Lil' Kim,26.0,0.12037036814128949,0.12037036814128949,0.0029458073106551847,0.0032229067663668664,0
8,7,Steve-O,0.0,0.018518518175582997,0.018518518175582997,0.022382969552327756,0.023079560020013722,0
8,7,Holly Madison,0.0,0.018518518175582997,0.018518518175582997,0.02250366068937162,0.019957287270622084,0
8,7,Melissa Rycroft,29.0,0.19444444084362147,0.19444444084362147,0.008837422177449502,0.007786860716739736,0
8,8,Gilles Marini,27.5,0.19565216965973545,0.19565216965973545,0.011534270373470549,0.011640113006891955,0
8,8,Denise Richards,0.0,0.02173912996219283,0.02173912996219283,0.028925428747704384,0.028589102391151852,0
8,8,David Alan Grier,0.0,0.02173912996219283,0.02173912996219283,0.027785214709782423,0.028600422504937356,0
8,8,Lawrence Taylor,0.0,0.02173912996219283,0.02173912996219283,0.028160969531151412,0.026763087003659182,0
8,8,Ty Murray,26.0,0.1630434747164462,0.1630434747164462,0.010951035203204887,0.01095165250647984,0
8,8,Shawn Johnson,26.0,0.1630434747164462,0.1630434747164462,0.010976196902024908,0.012065036158475635,0
8,8,Steve Wozniak,0.0,0.02173912996219283,0.02173912996219283,0.026205812681725598,0.027740260307873455,0
8,8,Belinda Carlisle,0.0,0.02173912996219283,0.02173912996219283,0.025493737793953263,0.02695598411756428,0
8,8,Chuck Wicks,25.5,2.173912996219283e-08,2.173912996219283e-08,1.8105470393219354e-09,1.7903545207945922e-09,1
8,8,Lil' Kim,28.0,0.21739129962192827,0.21739129962192827,0.012688792580344124,0.010777361268583344,0
8,8,Steve-O,0.0,0.02173912996219283,0.02173912996219283,0.026658349464680663,0.02459699429181123,0
8,8,Holly Madison,0.0,0.02173912996219283,0.02173912996219283,0.02927542546984186,0.029179801590133315,0
8,8,Melissa Rycroft,23.0,0.10869564981096413,0.10869564981096413,0.002485328468501235,0.0021686203646584133,0
8,9,Gilles Marini,28.0,0.20512819986850772,0.20512819986850772,0.013278662705528393,0.014003509888684488,0
8,9,Denise Richards,0.0,0.025641024983563465,0.025641024983563465,0.03283898746035542,0.033720390267998515,0
8,9,David Alan Grier,0.0,0.025641024983563465,0.025641024983563465,0.030976574766664794,0.03335315360063959,0
8,9,Lawrence Taylor,0.0,0.025641024983563465,0.025641024983563465,0.03567187750100067,0.03516396015927469,0
8,9,Ty Murray,23.0,0.14102563740959906,0.14102563740959906,0.004360117124452998,0.004638945447380297,0
8,9,Shawn Johnson,28.0,0.20512819986850772,0.20512819986850772,0.012535582405428238,0.014026089820375814,0
8,9,Steve Wozniak,0.0,0.025641024983563465,0.025641024983563465,0.03422765695500182,0.03586264597356745,0
8,9,Belinda Carlisle,0.0,0.025641024983563465,0.025641024983563465,0.03334341912096973,0.034200177570481,0
8,9,Chuck Wicks,0.0,0.025641024983563465,0.025641024983563465,0.03410499201849338,0.03157592287958951,0
8,9,Lil' Kim,26.0,2.5641024983563464e-08,2.5641024983563464e-08,1.9378299048616987e-09,2.0617536085302647e-09,1
8,9,Steve-O,0.0,0.025641024983563465,0.025641024983563465,0.0334511362695062,0.03348883654856364,0
8,9,Holly Madison,0.0,0.025641024983563465,0.025641024983563465,0.03058471541745401,0.03307509998846217,0
8,9,Melissa Rycroft,28.5,0.2435897373438529,0.2435897373438529,0.013250286465424225,0.014659073337962939,0
8,10,Gilles Marini,30.0,0.2727272644628102,0.2727272644628102,0.020538768528601235,0.016473785190392578,0
8,10,Denise Richards,0.0,0.030303029384756687,0.030303029384756687,0.03851097862588643,0.04176465775513465,0
8,10,David Alan Grier,0.0,0.030303029384756687,0.030303029384756687,0.04222376740080122,0.038803322793216334,0
8,10,Lawrence Taylor,0.0,0.030303029384756687,0.030303029384756687,0.03846723214823787,0.0431191308823981,0
8,10,Ty Murray,24.0,3.0303029384756685e-08,3.0303029384756685e-08,3.2862030083922364e-09,2.6358056656068878e-09,1
8,10,Shawn Johnson,28.0,0.2424242350780535,0.2424242350780535,0.017026152433278045,0.015367357408982945,0
8,10,Steve Wozniak,0.0,0.030303029384756687,0.030303029384756687,0.03890074386839518,0.037938672512522226,0
8,10,Belinda Carlisle,0.0,0.030303029384756687,0.030303029384756687,0.040151541791191,0.03854518031965291,0
8,10,Chuck Wicks,0.0,0.030303029384756687,0.030303029384756687,0.035565946242876706,0.04011337149550424,0
8,10,Lil' Kim,0.0,0.030303029384756687,0.030303029384756687,0.036035734064052034,0.04182518412472182,0
8,10,Steve-O,0.0,0.030303029384756687,0.030303029384756687,0.040162980151227816,0.04163867645319094,0
8,10,Holly Madison,0.0,0.030303029384756687,0.030303029384756687,0.041268326557681666,0.03663385088299151,0
8,10,Melissa Rycroft,27.5,0.21212120569329682,0.21212120569329682,0.017274963374749975,0.011458771497309774,0
8,11,Gilles Marini,29.0,0.23809523053665935,0.23809523053665935,0.016197578713000028,0.014102940568717654,0
8,11,Denise Richards,0.0,3.1746030738221243e-08,3.1746030738221243e-08,2.8398777809555416e-09,2.4725192754579527e-09,1
8,11,David Alan Grier,0.0,0.03174603073822124,0.03174603073822124,0.046391344038203074,0.0435412014231879,0
8,11,Lawrence Taylor,0.0,0.03174603073822124,0.03174603073822124,0.04573742996516266,0.045028056126047496,0
8,11,Ty Murray,0.0,0.03174603073822124,0.03174603073822124,0.04109618997931903,0.04563040513033981,0
8,11,Shawn Johnson,30.0,0.26984126127488056,0.26984126127488056,0.01761972211798657,0.015880997864045406,0
8,11,Steve Wozniak,0.0,0.03174603073822124,0.03174603073822124,0.04413236141390628,0.04117424083461999,0
8,11,Belinda Carlisle,0.0,0.03174603073822124,0.03174603073822124,0.038377730572754475,0.044069122626723335,0
8,11,Chuck Wicks,0.0,0.03174603073822124,0.03174603073822124,0.038704759498856746,0.04170223679704308,0
8,11,Lil' Kim,0.0,0.03174603073822124,0.03174603073822124,0.04291853931460033,0.04116442189266319,0
8,11,Steve-O,0.0,0.03174603073822124,0.03174603073822124,0.04665617444635295,0.04544999561256854,0
8,11,Holly Madison,0.0,0.03174603073822124,0.03174603073822124,0.04592160106393073,0.04237210062332223,0
8,11,Melissa Rycroft,28.5,0.2063491997984381,0.2063491997984381,0.011816462207054283,0.0125674884661748,0
9,1,Ashley Hamiliton,18.9999,7.874015686031373e-09,7.874015686031373e-09,4.067485531725679e-11,4.586698824729789e-11,1
9,1,Debi Mazar,22.0,0.04724409411618823,0.04724409411618823,0.003663698442041462,0.0035814550091195912,0
9,1,Melissa Joan Hart,24.0,0.05905511764523529,0.05905511764523529,0.000325398842538054,0.00036693590597838285,0
9,1,Mark Dacascos,28.9998,0.08267716470332942,0.08267716470332942,0.0004474234084898273,0.0005045368707202799,0
9,1,Chuck Liddell,22.0,0.04724409411618823,0.04724409411618823,0.003712611479269559,0.003510143637681073,0
9,1,Natalie Coughlin,26.9998,0.07086614117428236,0.07086614117428236,0.003710154432031614,0.0037312587703809625,0
9,1,Louie Vito,26.9998,0.07086614117428236,0.07086614117428236,0.0036329245251194887,0.0037742028534813164,0
9,1,Michael Irvin,19.0,0.019685039215078432,0.019685039215078432,0.006537351300761961,0.0063418902547096685,0
9,1,Joanna Krupa,33.9999,0.12204724313348628,0.12204724313348628,0.000650797685076108,0.0007338718119567657,0
9,1,Kathy Ireland,19.9999,0.03149606274412549,0.03149606274412549,0.0036148743891271044,0.003763538766805361,0
9,1,Tom DeLay,19.9999,0.03149606274412549,0.03149606274412549,0.0036992148877209308,0.0036851606659699487,0
9,1,Macy Gray,18.9999,0.007874015686031372,0.007874015686031372,0.005887086986561788,0.005603419912353922,0
9,1,Aaron Carter,31.999899999999997,0.11417322744745491,0.11417322744745491,0.0006101228297588523,0.0006880048237094687,0
9,1,Mya,30.999899999999997,0.10629921176142353,0.10629921176142353,0.003799070239448378,0.003918146722854113,0
9,1,Donny Osmond,29.999899999999997,0.09055118038936079,0.09055118038936079,0.0004880982638070785,0.0005504038589675714,0
9,1,Kelly Osbourne,30.9998,0.09842519607539216,0.09842519607539216,0.0037291862179377336,0.0034799469647525364,0
9,2,Ashley Hamiliton,0.0,0.007999999936,0.007999999936,0.003329594337090881,0.0035769522122973173,0
9,2,Debi Mazar,21.0,0.091999999264,0.091999999264,0.005743732408486734,0.006209627589929201,0
9,2,Melissa Joan Hart,19.0,0.047999999616,0.047999999616,0.007298938847808296,0.008617282608738147,0
9,2,Mark Dacascos,21.0,0.091999999264,0.091999999264,0.006258815229585321,0.0061422770239741445,0
9,2,Chuck Liddell,19.0,0.047999999616,0.047999999616,0.008461031700624224,0.008500651687005088,0
9,2,Natalie Coughlin,21.0,0.091999999264,0.091999999264,0.0067652715442263174,0.006414477857518626,0
9,2,Louie Vito,19.0,0.047999999616,0.047999999616,0.009235383082027423,0.007873020393242839,0
9,2,Michael Irvin,20.0,0.07199999942400001,0.07199999942400001,0.003757369826911556,0.003851180190554187,0
9,2,Joanna Krupa,20.0,0.07199999942400001,0.07199999942400001,0.003914746164147983,0.0038065689201512427,0
9,2,Kathy Ireland,18.0,7.999999936000001e-09,7.999999936000001e-09,2.0496796836008698e-10,2.037089440775281e-10,1
9,2,Tom DeLay,18.0,0.023999999808,0.023999999808,0.004023666726288991,0.0041021832749400045,0
9,2,Macy Gray,0.0,0.007999999936,0.007999999936,0.003644389981807839,0.00357308828389983,0
9,2,Aaron Carter,27.0,0.11999999904000001,0.11999999904000001,0.0038272281420970522,0.004002822723916898,0
9,2,Mya,27.0,0.11999999904000001,0.11999999904000001,0.004335427121969653,0.004150424547372031,0
9,2,Donny Osmond,25.0,0.107999999136,0.107999999136,0.0011568933513860353,0.0011793601769421625,0
9,2,Kelly Osbourne,19.0,0.047999999616,0.047999999616,0.008682280624566783,0.008552388359992318,0
9,3,Ashley Hamiliton,0.0,0.008733624377872276,0.008733624377872276,0.005738571103176454,0.005433528171067173,0
9,3,Debi Mazar,17.0,8.733624377872277e-09,8.733624377872277e-09,3.997240152073289e-10,3.8496277848670157e-10,1
9,3,Melissa Joan Hart,19.0,0.0698689950229782,0.0698689950229782,0.0003287183525056909,0.0002960256511313906,0
9,3,Mark Dacascos,18.0,0.061135370645105935,0.061135370645105935,0.00032969142111886137,0.00037438896662795516,0
9,3,Chuck Liddell,17.0,0.04803493407829752,0.04803493407829752,0.0039916314032183075,0.0038068020695397843,0
9,3,Natalie Coughlin,26.0,0.12227074129021187,0.12227074129021187,0.002610544348975481,0.002448808287176909,0
9,3,Louie Vito,20.0,0.08296943158978662,0.08296943158978662,0.00435492866291364,0.003907479205561141,0
9,3,Michael Irvin,14.0,0.02620087313361683,0.02620087313361683,0.0018184732363634157,0.0018205047551590528,0
9,3,Joanna Krupa,23.0,0.11353711691233959,0.11353711691233959,0.002213194753258627,0.0020666015217522863,0
9,3,Kathy Ireland,0.0,0.008733624377872276,0.008733624377872276,0.006763805364763862,0.00612075209236281,0
9,3,Tom DeLay,15.0,0.0349344975114891,0.0349344975114891,0.00142406809065331,0.0014408785253414405,0
9,3,Macy Gray,0.0,0.008733624377872276,0.008733624377872276,0.005545197951311251,0.0062462120537890254,0
9,3,Aaron Carter,21.0,0.10043668034553117,0.10043668034553117,0.004278636166780943,0.004662976450623643,0
9,3,Mya,27.0,0.13100436566808416,0.13100436566808416,0.0030085230856270804,0.002831761799061524,0
9,3,Donny Osmond,21.0,0.10043668034553117,0.10043668034553117,0.004266455364648421,0.0038899208183665115,0
9,3,Kelly Osbourne,20.0,0.08296943158978662,0.08296943158978662,0.0038365757451727213,0.004243318053484294,0
9,4,Ashley Hamiliton,0.0,0.010204081528529781,0.010204081528529781,0.010860821192246257,0.011514854391024692,0
9,4,Debi Mazar,0.0,0.010204081528529781,0.010204081528529781,0.011393912766840958,0.010908281039465327,0
9,4,Melissa Joan Hart,28.0,0.13775510063515203,0.13775510063515203,0.006480577966020354,0.005359254107096989,0
9,4,Mark Dacascos,22.0,0.08163265222823825,0.08163265222823825,0.0010308393579635234,0.0007332846864501299,0
9,4,Chuck Liddell,17.0,1.020408152852978e-08,1.020408152852978e-08,7.028450487408125e-10,4.999668543963095e-10,1
9,4,Natalie Coughlin,24.0,0.1071428560495627,0.1071428560495627,0.0050361036747408675,0.004774170132694046,0
9,4,Louie Vito,16.0,0.045918366878384013,0.045918366878384013,0.004660280832065579,0.004650792448517971,0
9,4,Michael Irvin,16.0,0.045918366878384013,0.045918366878384013,0.004425293918555536,0.004179191384742411,0
9,4,Joanna Krupa,26.0,0.12244897834235736,0.12244897834235736,0.003842219552926773,0.0027331521040353675,0
9,4,Kathy Ireland,0.0,0.010204081528529781,0.010204081528529781,0.011507145513944182,0.011313928826818217,0
9,4,Tom DeLay,0.0,0.010204081528529781,0.010204081528529781,0.010745056623691624,0.01040432461409128,0
9,4,Macy Gray,0.0,0.010204081528529781,0.010204081528529781,0.011616563899083918,0.011976242507044512,0
9,4,Aaron Carter,18.0,0.07142857069970847,0.07142857069970847,0.00032799430922270903,0.0002333178320538196,0
9,4,Mya,28.0,0.13775510063515203,0.13775510063515203,0.0064281022309929355,0.005577422026687176,0
9,4,Donny Osmond,24.0,0.1071428560495627,0.1071428560495627,0.005211480368281009,0.00453976412782208,0
9,4,Kelly Osbourne,23.0,0.09183673375676803,0.09183673375676803,0.0017336844067043326,0.0012332515408464367,0
9,5,Ashley Hamiliton,0.0,0.011111110987654323,0.011111110987654323,0.013399899427529598,0.013587278879274063,0
9,5,Debi Mazar,0.0,0.011111110987654323,0.011111110987654323,0.013323621082068433,0.013821789541349085,0
9,5,Melissa Joan Hart,23.0,0.08333333240740742,0.08333333240740742,0.0011699814916453573,0.002403878934190823,0
9,5,Mark Dacascos,26.0,0.1277777763580247,0.1277777763580247,0.004141751920498373,0.0036921541706610053,0
9,5,Chuck Liddell,0.0,0.011111110987654323,0.011111110987654323,0.014336685784998212,0.01327974992295942,0
9,5,Natalie Coughlin,22.0,1.1111110987654323e-08,1.1111110987654323e-08,7.501815411408102e-10,6.735096946225968e-10,1
9,5,Louie Vito,22.0,0.06666666592592593,0.06666666592592593,0.004625072213165688,0.004650544507143393,0
9,5,Michael Irvin,21.0,0.04999999944444445,0.04999999944444445,0.0017345457463321175,0.0010787683539295215,0
9,5,Joanna Krupa,24.0,0.10555555438271606,0.10555555438271606,0.007748211962417675,0.0073249335603732145,0
9,5,Kathy Ireland,0.0,0.011111110987654323,0.011111110987654323,0.013776344858219563,0.012025433273861288,0
9,5,Tom DeLay,0.0,0.011111110987654323,0.011111110987654323,0.013595207035544983,0.014980567384795971,0
9,5,Macy Gray,0.0,0.011111110987654323,0.011111110987654323,0.014823236855206109,0.015334815481562514,0
9,5,Aaron Carter,24.0,0.10555555438271606,0.10555555438271606,0.006817676942937829,0.007244571212225713,0
9,5,Mya,27.0,0.13888888734567903,0.13888888734567903,0.0048902232836889725,0.004363726053468376,0
9,5,Donny Osmond,29.0,0.14999999833333336,0.14999999833333336,0.005639149159851368,0.005035815558279431,0
9,5,Kelly Osbourne,24.0,0.10555555438271606,0.10555555438271606,0.009096863884072699,0.008478070237578707,0
9,6,Ashley Hamiliton,0.0,0.012195121802498515,0.012195121802498515,0.016802399350389435,0.017144887725470577,0
9,6,Debi Mazar,0.0,0.012195121802498515,0.012195121802498515,0.016716026616936448,0.016664217591817625,0
9,6,Melissa Joan Hart,23.9999,1.2195121802498514e-08,1.2195121802498514e-08,8.331492021064346e-10,8.305591500965071e-10,1
9,6,Mark Dacascos,32.0,0.12195121802498515,0.12195121802498515,0.003874503520696027,0.0041281154188398395,0
9,6,Chuck Liddell,0.0,0.012195121802498515,0.012195121802498515,0.017262726154854767,0.01759624277026125,0
9,6,Natalie Coughlin,0.0,0.012195121802498515,0.012195121802498515,0.017479167957828747,0.015941463862258237,0
9,6,Louie Vito,24.0,0.08536585261748961,0.08536585261748961,0.0047533720049231926,0.004441806437668757,0
9,6,Michael Irvin,21.9998,0.060975609012492576,0.060975609012492576,0.0004444037473265776,0.0004654711005308028,0
9,6,Joanna Krupa,35.9999,0.1585365834324807,0.1585365834324807,0.006353760907388504,0.006338552011792899,0
9,6,Kathy Ireland,0.0,0.012195121802498515,0.012195121802498515,0.017796981857523996,0.017383779273120535,0
9,6,Tom DeLay,0.0,0.012195121802498515,0.012195121802498515,0.016904698175613332,0.017957808993462793,0
9,6,Macy Gray,0.0,0.012195121802498515,0.012195121802498515,0.015533877815518274,0.01730747655511584,0
9,6,Aaron Carter,32.9998,0.13414633982748367,0.13414633982748367,0.0064727768393884515,0.0075212088515609725,0
9,6,Mya,33.0,0.14634146162998218,0.14634146162998218,0.007587220057268751,0.006642979458349575,0
9,6,Donny Osmond,30.999899999999997,0.10975609622248664,0.10975609622248664,0.0036045610842135485,0.0030264990412805443,0
9,6,Kelly Osbourne,24.9998,0.09756097441998812,0.09756097441998812,0.0025655496260976345,0.002346888969200206,0
9,7,Ashley Hamiliton,0.0,0.015151514921946744,0.015151514921946744,0.025369957646938557,0.025575910723277098,0
9,7,Debi Mazar,0.0,0.015151514921946744,0.015151514921946744,0.022886184209897888,0.023826272796303866,0
9,7,Melissa Joan Hart,0.0,0.015151514921946744,0.015151514921946744,0.02072346346833409,0.02496165760768364,0
9,7,Mark Dacascos,21.5,1.5151514921946744e-08,1.5151514921946744e-08,1.198725384274285e-09,1.4617386080930362e-09,1
9,7,Chuck Liddell,0.0,0.015151514921946744,0.015151514921946744,0.025779864783956098,0.022516986602351914,0
9,7,Natalie Coughlin,0.0,0.015151514921946744,0.015151514921946744,0.023345935791106037,0.02227798363742083,0
9,7,Louie Vito,0.0,0.015151514921946744,0.015151514921946744,0.023749993216771303,0.022180467837658823,0
9,7,Michael Irvin,23.5,0.10606060445362721,0.10606060445362721,0.0031166859191981166,0.003800520283592655,0
9,7,Joanna Krupa,27.5,0.18181817906336092,0.18181817906336092,0.009110312840569543,0.011109213324057836,0
9,7,Kathy Ireland,0.0,0.015151514921946744,0.015151514921946744,0.024724930640728813,0.0227997423199445,0
9,7,Tom DeLay,0.0,0.015151514921946744,0.015151514921946744,0.023981810094594037,0.024961769081964538,0
9,7,Macy Gray,0.0,0.015151514921946744,0.015151514921946744,0.024158540469589863,0.024058308497978194,0
9,7,Aaron Carter,26.5,0.16666666414141418,0.16666666414141418,0.008850491376852294,0.010791444358697291,0
9,7,Mya,24.5,0.12121211937557395,0.12121211937557395,0.004315411303472399,0.005262258891685689,0
9,7,Donny Osmond,26.0,0.14393939175849407,0.14393939175849407,0.00969991110600688,0.009885532729568715,0
9,7,Kelly Osbourne,26.0,0.14393939175849407,0.14393939175849407,0.008295760715039962,0.008878778479821815,0
9,8,Ashley Hamiliton,0.0,0.020618556275906058,0.020618556275906058,0.03187261186736567,0.03259015070543583,0
9,8,Debi Mazar,0.0,0.020618556275906058,0.020618556275906058,0.03435152793561809,0.02988659198531179,0
9,8,Melissa Joan Hart,0.0,0.020618556275906058,0.020618556275906058,0.03429234864542184,0.03184436139770148,0
9,8,Mark Dacascos,0.0,0.020618556275906058,0.020618556275906058,0.02954402082780222,0.0320536876072377,0
9,8,Chuck Liddell,0.0,0.020618556275906058,0.020618556275906058,0.033241994405223255,0.03136140582340919,0
9,8,Natalie Coughlin,0.0,0.020618556275906058,0.020618556275906058,0.031002221317916426,0.03376189447449533,0
9,8,Louie Vito,0.0,0.020618556275906058,0.020618556275906058,0.03322966609955681,0.032844858580519644,0
9,8,Michael Irvin,0.0,0.020618556275906058,0.020618556275906058,0.03567176379987164,0.03254395310670675,0
9,8,Joanna Krupa,26.0,0.20618556275906058,0.20618556275906058,0.009051536154826038,0.009060355683718053,0
9,8,Kathy Ireland,0.0,0.020618556275906058,0.020618556275906058,0.03221707390622144,0.03167338633270367,0
9,8,Tom DeLay,0.0,0.020618556275906058,0.020618556275906058,0.03186882715015722,0.034757517327045906,0
9,8,Macy Gray,0.0,0.020618556275906058,0.020618556275906058,0.03335069086782014,0.03141994154347905,0
9,8,Aaron Carter,25.0,2.0618556275906055e-08,2.0618556275906055e-08,1.2980870531383231e-09,1.3090873318182914e-09,1
9,8,Mya,29.5,0.22680411903496664,0.22680411903496664,0.01010316275090536,0.010133295222414143,0
9,8,Donny Osmond,25.0,0.15463917206929542,0.15463917206929542,0.007863960998633242,0.009000412613688558,0
9,8,Kelly Osbourne,25.5,0.18556700648315452,0.18556700648315452,0.008716482297431084,0.009470141462075646,0
9,9,Ashley Hamiliton,0.0,0.025974025299375966,0.025974025299375966,0.033109534917892425,0.03875709004390525,0
9,9,Debi Mazar,0.0,0.025974025299375966,0.025974025299375966,0.03673334597760882,0.03853501450173543,0
9,9,Melissa Joan Hart,0.0,0.025974025299375966,0.025974025299375966,0.040066367568294375,0.03868149441092644,0
9,9,Mark Dacascos,0.0,0.025974025299375966,0.025974025299375966,0.03827303975594889,0.034877838333414915,0
9,9,Chuck Liddell,0.0,0.025974025299375966,0.025974025299375966,0.031591919684003926,0.040046360281011564,0
9,9,Natalie Coughlin,0.0,0.025974025299375966,0.025974025299375966,0.04169179407583507,0.03901115769784499,0
9,9,Louie Vito,0.0,0.025974025299375966,0.025974025299375966,0.03365559448485618,0.03712519925416833,0
9,9,Michael Irvin,0.0,0.025974025299375966,0.025974025299375966,0.03571394240058493,0.039293489535439194,0
9,9,Joanna Krupa,27.0,2.5974025299375966e-08,2.5974025299375966e-08,2.406708941090472e-09,1.9396383197920564e-09,1
9,9,Kathy Ireland,0.0,0.025974025299375966,0.025974025299375966,0.03790638429748172,0.03859499493642679,0
9,9,Tom DeLay,0.0,0.025974025299375966,0.025974025299375966,0.04095228922095122,0.04072022574905268,0
9,9,Macy Gray,0.0,0.025974025299375966,0.025974025299375966,0.03708108321637269,0.03679689434057824,0
9,9,Aaron Carter,0.0,0.025974025299375966,0.025974025299375966,0.04165709957274509,0.03489238849332137,0
9,9,Mya,28.9999,0.2727272656434477,0.2727272656434477,0.019056986162911252,0.015387797207707764,0
9,9,Donny Osmond,24.666600000000003,0.19480518974531977,0.19480518974531977,0.011837200342443056,0.009568882248331592,0
9,9,Kelly Osbourne,25.9998,0.22077921504469572,0.22077921504469572,0.01493543597469946,0.011508520568123652,0
9,10,Ashley Hamiliton,0.0,2.5641024983563464e-08,2.5641024983563464e-08,1.9041268807187483e-09,1.9341847380601784e-09,1
9,10,Debi Mazar,0.0,0.025641024983563465,0.025641024983563465,0.0398408757154543,0.043234260121878254,0
9,10,Melissa Joan Hart,0.0,0.025641024983563465,0.025641024983563465,0.04156657573914738,0.03985701431769932,0
9,10,Mark Dacascos,0.0,0.025641024983563465,0.025641024983563465,0.04023074939147697,0.03907632926490136,0
9,10,Chuck Liddell,0.0,0.025641024983563465,0.025641024983563465,0.03986950540792724,0.03802210363718936,0
9,10,Natalie Coughlin,0.0,0.025641024983563465,0.025641024983563465,0.03887035411085781,0.040809571457502046,0
9,10,Louie Vito,0.0,0.025641024983563465,0.025641024983563465,0.037325456008965585,0.0432154824320021,0
9,10,Michael Irvin,0.0,0.025641024983563465,0.025641024983563465,0.0371818817611192,0.03881930511806018,0
9,10,Joanna Krupa,0.0,0.025641024983563465,0.025641024983563465,0.045600908500136955,0.03780892404794409,0
9,10,Kathy Ireland,0.0,0.025641024983563465,0.025641024983563465,0.03722004781543516,0.04086420043395416,0
9,10,Tom DeLay,0.0,0.025641024983563465,0.025641024983563465,0.04115989711684282,0.036130927942450375,0
9,10,Macy Gray,0.0,0.025641024983563465,0.025641024983563465,0.037008131512114385,0.03911738705873331,0
9,10,Aaron Carter,0.0,0.025641024983563465,0.025641024983563465,0.038952290030961574,0.036651734414336605,0
9,10,Mya,28.333199999999998,0.2307692248520712,0.2307692248520712,0.014491805454461782,0.013405166173587788,0
9,10,Donny Osmond,28.9998,0.25641024983563465,0.25641024983563465,0.01565641168363372,0.015302087299921397,0
9,10,Kelly Osbourne,25.2222,0.20512819986850772,0.20512819986850772,0.01206377318594043,0.011520643460782853,0
10,1,Aiden Turner,15.0,0.09090900000009092,0.030769230295857996,1.3877787807814457e-17,0.0,0
10,1,Shannen Doherty,18.0,0.09090900000009092,0.07692307573964499,1.3877787807814457e-17,0.012551432455744816,0
10,1,Niecy Nash,18.0,0.09090900000009092,0.07692307573964499,1.3877787807814457e-17,0.012292297875772759,0
10,1,Buzz Aldrin,14.0,0.09090900000009092,1.5384615147929e-08,1.3877787807814457e-17,3.308722450212111e-24,1
10,1,Chad Ochocinco,18.0,0.09090900000009092,0.07692307573964499,1.3877787807814457e-17,0.012445383449244366,0
10,1,Evan Lysacek,23.0,0.09090900000009092,0.15384615147928998,1.3877787807814457e-17,0.0,0
10,1,Pamela Anderson,21.0,0.09090900000009092,0.1307692287573965,1.3877787807814457e-17,0.007636722126198653,0
10,1,Nicole Scherzinger,25.0,0.09090900000009092,0.16923076662721898,1.3877787807814457e-17,2.7755575615628914e-17,0
10,1,Erin Andrews,21.0,0.09090900000009092,0.1307692287573965,1.3877787807814457e-17,0.007636722126198652,0
10,1,Kate Gosselin,16.0,0.09090900000009092,0.04615384544378699,1.3877787807814457e-17,6.938893903907228e-18,0
10,1,Jake Pavelka,20.0,0.09090900000009092,0.10769230603550299,1.3877787807814457e-17,1.3877787807814457e-17,0
10,2,Aiden Turner,19.0,0.09567814082293274,0.06611570138651733,0.008406223073947392,0.0005304769704191629,0
10,2,Shannen Doherty,20.0,0.0682970862106795,1.6528925346629332e-08,0.004024747863096982,1.326192426047901e-10,1
10,2,Niecy Nash,21.0,0.09090368635800998,0.11570247742640534,0.0003660198886952764,0.0009283346982335384,0
10,2,Buzz Aldrin,12.0,0.10465942980786627,0.016528925346629333,0.0040261555358191824,0.00013261924260479072,0
10,2,Chad Ochocinco,16.0,0.09515474327249551,0.049586776039888,0.014758168918547485,0.0003978577278143722,0
10,2,Evan Lysacek,24.0,0.09090369375036865,0.16528925346629333,0.0003656643714408813,0.0013261924260479143,0
10,2,Pamela Anderson,22.0,0.09090368662188143,0.13223140277303466,0.0003657026225217215,0.0010609539408383258,0
10,2,Nicole Scherzinger,28.0,0.09090368662188182,0.18181817881292267,0.0003657026230048697,0.0014588116686527015,0
10,2,Erin Andrews,23.0,0.0909036819580829,0.148760328119664,0.0003679775046073542,0.0011935731834431134,0
10,2,Kate Gosselin,15.0,0.09100688414799567,0.033057850693258665,0.003612868296865217,0.00026523848520958144,0
10,2,Jake Pavelka,20.0,0.09068428042880561,0.09090908940646134,0.00728134488006464,0.007294058475882753,0
10,3,Aiden Turner,20.0,0.09090957123681774,0.0703124989013672,0.00014761291628430617,0.007711851554035485,0
10,3,Shannen Doherty,0.0,0.12290815167719756,0.015624999755859379,0.0007176160007238876,0.0,0
10,3,Niecy Nash,21.0,0.09090961934465841,0.10937499829101566,0.00014760920307788018,0.012747548584801514,0
10,3,Buzz Aldrin,13.0,0.05890439384318904,1.562499975585938e-08,0.0008839422704671353,0.0,1
10,3,Chad Ochocinco,20.0,0.09090960873844575,0.0703124989013672,0.00014761447673471316,0.007711851554035485,0
10,3,Evan Lysacek,26.0,0.09090960873844338,0.1718749973144532,0.00014761447673466806,2.7755575615628914e-17,0
10,3,Pamela Anderson,21.0,0.0909096087384597,0.10937499829101566,0.00014761444303014557,0.012484365027080656,0
10,3,Nicole Scherzinger,23.0,0.09090960873845481,0.1484374976806641,0.00014761444303033625,0.007711851554035485,0
10,3,Erin Andrews,23.0,0.090909610034705,0.1484374976806641,0.00014760784131899514,0.007711851554035485,0
10,3,Kate Gosselin,15.0,0.090909608668881,0.04687499926757814,0.00014760936670445978,1.3877787807814457e-17,0
10,3,Jake Pavelka,21.0,0.09090961024174758,0.10937499829101566,0.00014760691344495105,0.012639842562600387,0
10,4,Aiden Turner,16.5,0.03609654441452051,1.75438593413358e-08,0.003203082999552033,6.394463097186583e-10,1
10,4,Shannen Doherty,0.0,0.12487763567352819,0.017543859341335802,0.003289192046476293,0.0066956794355264035,0
10,4,Niecy Nash,18.0,0.08844901968354929,0.0789473670360111,0.000420899263449324,0.0007673902631844364,0
10,4,Buzz Aldrin,0.0,0.12490586421481772,0.017543859341335802,0.003322845615739263,0.0076839718061278515,0
10,4,Chad Ochocinco,22.0,0.08844901981544141,0.13157894506001852,0.00041997089281497704,0.0012033867209494085,0
10,4,Evan Lysacek,26.0,0.08844901981579983,0.1842105230840259,0.0004199680376994079,0.003109250694060391,0
10,4,Pamela Anderson,23.5,0.08844901981573759,0.1491228044013543,0.0004199705770444867,0.0018357895286726838,0
10,4,Nicole Scherzinger,25.0,0.088449019815801,0.16666666374269012,0.0004199732334836154,0.0024718191586434665,0
10,4,Erin Andrews,19.5,0.08844902401378092,0.1140350857186827,0.00041900510171840406,0.0024040640330442076,0
10,4,Kate Gosselin,16.0,0.09497581717376277,0.043859648353339505,0.007170688329964302,0.003061081983564963,0
10,4,Jake Pavelka,19.0,0.08844901556426084,0.0964912263773469,0.00041888261749889683,0.0024430993228108434,0
10,5,Aiden Turner,0.0,0.1130056597101332,0.019230768860946754,0.0017606801549679308,0.013250492882803194,0
10,5,Shannen Doherty,0.0,0.11305359267566498,0.019230768860946754,0.0031990892119281916,0.011973878481328935,0
10,5,Niecy Nash,18.0,0.09065048114925417,0.08653845987426038,0.0007476968368531519,0.008620683049203232,0
10,5,Buzz Aldrin,0.0,0.11304842085226263,0.019230768860946754,0.00249439661797336,0.013057070810819088,0
10,5,Chad Ochocinco,18.0,0.09065057516495006,0.08653845987426038,0.0007477062071985733,0.008446718153580524,0
10,5,Evan Lysacek,27.0,0.09065057516498361,0.17307691974852077,0.0007477125958130636,0.003962469785289229,0
10,5,Pamela Anderson,21.0,0.09065057516485354,0.11538461316568052,0.0007477081644816268,0.0008342040830012668,0
10,5,Nicole Scherzinger,29.0,0.09065057516491892,0.19230768860946754,0.0007477080530801131,0.005005225019385213,0
10,5,Erin Andrews,22.0,0.09065064754751617,0.13461538202662726,0.0007478044464083454,0.0018769593170972494,0
10,5,Kate Gosselin,15.0,0.02633715772660607,1.923076886094675e-08,0.0018805257293122515,1.0427552340959865e-09,1
10,5,Jake Pavelka,23.0,0.09065073967985675,0.15384615088757403,0.000747695823092247,0.002919714551193234,0
10,6,Aiden Turner,0.0,0.11964672507453152,0.02173912996219283,0.0013026233595254883,0.018193353231004506,0
10,6,Shannen Doherty,0.0,0.11954336247169181,0.02173912996219283,0.0014839047255408762,0.018776542303426316,0
10,6,Niecy Nash,25.9998,0.08694516962560433,0.09782608482986772,0.0008487758325862781,0.00017441577133941996,0
10,6,Buzz Aldrin,0.0,0.11958360343782125,0.02173912996219283,0.0015989403520494077,0.017671889413545618,0
10,6,Chad Ochocinco,30.999899999999997,0.08694515768948179,0.1630434747164462,0.0008383490250436237,0.005883683039005186,0
10,6,Evan Lysacek,27.0,0.08694515768952721,0.11956521479206056,0.0008319461280873737,0.0015697401978987742,0
10,6,Pamela Anderson,29.9998,0.08694515768946447,0.14130434475425338,0.0008364322696903504,0.0037123638702258443,0
10,6,Nicole Scherzinger,35.9999,0.08694515768944881,0.20652173464083187,0.0008344695870785196,0.008546364074851513,0
10,6,Erin Andrews,34.0,0.08694516262236546,0.18478260467863905,0.0008490606253466226,0.006802208105613335,0
10,6,Kate Gosselin,0.0,0.11955433601107349,0.02173912996219283,0.0018068079446208157,0.017016086165928604,0
10,6,Jake Pavelka,24.999899999999997,9.999990000041846e-09,2.173912996219283e-08,7.035836783620516e-05,1.7441559692381873e-09,1
10,7,Aiden Turner,0.0,0.16392106628970204,0.025974025299375966,0.001975949561931602,0.023531250464970645,0
10,7,Shannen Doherty,0.0,0.16390417484669645,0.025974025299375966,0.002041360343499766,0.024696470518170914,0
10,7,Niecy Nash,24.5,0.04034636050345861,0.10389610119750387,0.0049363129575328655,0.001560379986958642,0
10,7,Buzz Aldrin,0.0,0.16391328951717166,0.025974025299375966,0.0020073539664475742,0.02577569795791343,0
10,7,Chad Ochocinco,26.0,0.03500918662181295,0.18181817709563178,0.0024140165369150443,0.01257214936678878,0
10,7,Evan Lysacek,27.0,0.03500918662125666,0.22077921504469572,0.002355543251819107,0.0138953061839352,0
10,7,Pamela Anderson,25.5,9.999990016481194e-09,2.5974025299375966e-08,2.739890970119444e-15,2.2536601741201068e-09,1
10,7,Nicole Scherzinger,27.0,0.03500918663415243,0.22077921504469572,0.0024215297791142557,0.0158983737127366,0
10,7,Erin Andrews,25.5,0.03504151555254433,0.14285713914656784,0.005362797990237607,0.012331729495917473,0
10,7,Kate Gosselin,0.0,0.1639041646818592,0.025974025299375966,0.0018780213072669496,0.025001325529682556,0
10,7,Jake Pavelka,0.0,0.1639408587323557,0.025974025299375966,0.0023711063017718506,0.026867202379569702,0
10,8,Aiden Turner,0.0,0.16666840868345575,0.02941176384083048,0.00096298540904264,0.03231496973772542,0
10,8,Shannen Doherty,0.0,0.1666684086831918,0.02941176384083048,0.0012578024498450526,0.03331566181724033,0
10,8,Niecy Nash,21.5,9.999985721172658e-09,2.9411763840830475e-08,8.116808476230255e-12,2.775877617693153e-09,1
10,8,Buzz Aldrin,0.0,0.16666840868944865,0.02941176384083048,0.0012844833966276987,0.02775797956813269,0
10,8,Chad Ochocinco,22.5,9.999985697699411e-09,0.16176470112456762,0.000601952705444188,0.005829342719567859,0
10,8,Evan Lysacek,26.5,9.999985697699411e-09,0.20588234688581333,0.0006019529933088035,0.01430745413080276,0
10,8,Pamela Anderson,0.0,0.16666840868944865,0.02941176384083048,0.0011337816016473853,0.03119578491672,0
10,8,Nicole Scherzinger,29.5,9.999985697699411e-09,0.24999999264705905,0.0006019529064579221,0.014156975572647315,0
10,8,Erin Andrews,26.5,9.999985697699411e-09,0.20588234688581333,0.0006019532118011327,0.014454295978759355,0
10,8,Kate Gosselin,0.0,0.1666684086895624,0.02941176384083048,0.001202251727530676,0.03163813233553953,0
10,8,Jake Pavelka,0.0,0.1666569065663939,0.02941176384083048,0.00109451792722933,0.03331894310761361,0
10,9,Aiden Turner,0.0,0.14285699428598767,0.035714284438775556,0.001266070649361633,0.041769436349111684,0
10,9,Shannen Doherty,0.0,0.1428569942858483,0.035714284438775556,0.0014600433553341005,0.045292352888647164,0
10,9,Niecy Nash,0.0,0.14285699428596396,0.035714284438775556,0.0015948919592969732,0.03697460969097253,0
10,9,Buzz Aldrin,0.0,0.14285699428587484,0.035714284438775556,0.0011522505800081945,0.043318895124120446,0
10,9,Chad Ochocinco,26.0,1.0000117900092469e-08,3.571428443877555e-08,1.3293405402944831e-08,3.3499219034823734e-09,1
10,9,Evan Lysacek,29.5,9.999990000001064e-09,0.2678571332908167,1.4776889317962952e-08,0.020243686699228432,0
10,9,Pamela Anderson,0.0,0.14285699428581927,0.035714284438775556,0.0012624731828014928,0.040245355674665126,0
10,9,Nicole Scherzinger,29.5,9.999990000001064e-09,0.2678571332908167,1.4776883411930302e-08,0.018529851017815013,0
10,9,Erin Andrews,28.0,9.999990000001064e-09,0.21428570663265334,1.4776860884616703e-08,0.010719749756151399,0
10,9,Kate Gosselin,0.0,0.14285699428576212,0.035714284438775556,0.001192162844083601,0.03559068214195018,0
10,9,Jake Pavelka,0.0,0.14285699428565612,0.035714284438775556,0.0011482560957344905,0.03697773589311179,0
10,10,Aiden Turner,0.0,0.09090396815056412,3.7735847632609523e-08,0.004522885308644765,3.6521891324180587e-09,1
10,10,Shannen Doherty,0.0,0.09090971593212356,0.03773584763260952,0.001331075718976512,0.04458773132681716,0
10,10,Niecy Nash,0.0,0.09090971593212356,0.03773584763260952,0.0012329802701789752,0.04769739145537993,0
10,10,Buzz Aldrin,0.0,0.09090971593212356,0.03773584763260952,0.0014496506504308112,0.04292608243562195,0
10,10,Chad Ochocinco,0.0,0.09090971593212356,0.03773584763260952,0.001479266870830697,0.04522098977878041,0
10,10,Evan Lysacek,26.888699999999996,0.09090900677519037,0.20754716197935236,2.671631069273437e-05,0.018108203487369294,0
10,10,Pamela Anderson,0.0,0.09090971593212356,0.03773584763260952,0.0015816936603961227,0.04225413736881574,0
10,10,Nicole Scherzinger,28.7777,0.09090900677519037,0.28301885724457143,2.6716191009389854e-05,0.019276111541557266,0
10,10,Erin Andrews,26.9998,0.09090900677519037,0.2452830096119619,2.6713636343506656e-05,0.017712241538439946,0
10,10,Kate Gosselin,0.0,0.09090971593212356,0.03773584763260952,0.0011593156820348116,0.04342326962965019,0
10,10,Jake Pavelka,0.0,0.09090971593212356,0.03773584763260952,0.0011654936380718966,0.0457173178170619,0
11,1,David Hasselhoff,15.0,0.08333028561368529,1.5384615147929e-08,0.0005514822975228929,1.3104496381687066e-10,1
11,1,Florence Henderson,18.0,0.08333325365843587,0.0692307681656805,1.6819553669239423e-05,0.006869359575741303,0
11,1,Kyle Massey,23.0,0.08333325365843587,0.1461538439053255,1.6819553669239524e-05,0.006991549707379158,0
11,1,Jennifer Grey,24.0,0.08333325365843587,0.16923076662721898,1.681955366923953e-05,0.0015725395658024418,0
11,1,Rick Fox,22.0,0.08333325365843587,0.12307692118343198,1.6819553668904404e-05,0.0011794046743518396,0
11,1,Kurt Warner,19.0,0.08333325365843587,0.0999999984615385,1.681955366890451e-05,0.006785990278940941,0
11,1,Margaret Cho,15.0,0.08333471573069597,0.015384615147928998,0.0003290143043312945,0.010564237934448092,0
11,1,Michael Bolton,16.0,0.08333325365843587,0.04615384544378699,1.681955367005802e-05,0.0005241798552674836,0
11,1,Brandy,23.0,0.08333325365843587,0.1461538439053255,1.6819553669205636e-05,0.0064948409664697965,0
11,1,The Situation,15.0,0.08333471573069597,0.015384615147928998,0.0003471225466058746,0.010279627454572959,0
11,1,Audrina Patridge,19.0,0.08333325365843587,0.0999999984615385,1.6819553669161953e-05,0.006558418618079186,0
11,1,Bristol Palin,18.0,0.08333325365843587,0.0692307681656805,1.6819553669186083e-05,0.00640046747625589,0
11,2,David Hasselhoff,0.0,0.1108685173984045,0.013157894563711914,0.0007730554383895604,1.734723475976807e-18,0
11,2,Florence Henderson,19.0,0.08325474276796062,0.06578947281855957,0.00014902952407338087,0.0,0
11,2,Kyle Massey,22.0,0.08325473926770612,0.12499999835526318,0.0001490273963698934,0.006531407096160884,0
11,2,Jennifer Grey,24.0,0.08325473926771204,0.15789473476454297,0.0001490273963701871,0.0,0
11,2,Rick Fox,21.0,0.08325473910556909,0.0921052619459834,0.00014903076392213996,0.011361596242569999,0
11,2,Kurt Warner,21.0,0.083254739105577,0.0921052619459834,0.00014903076376281352,0.009972260564310475,0
11,2,Margaret Cho,18.0,0.08325473427465117,0.0460526309729917,0.00014902839117603847,0.006531407096160884,0
11,2,Michael Bolton,12.0,0.056583098706810366,1.3157894563711913e-08,0.0008524620950334379,1.6543612251060553e-24,1
11,2,Brandy,21.0,0.0832547375296783,0.0921052619459834,0.00014903227415331683,0.010513149522426022,0
11,2,The Situation,18.0,0.0832547375207573,0.0460526309729917,0.0001490339273866855,0.006531407096160884,0
11,2,Audrina Patridge,23.0,0.08325473753025438,0.14473684020083105,0.00014903623040959954,0.0,0
11,2,Bristol Palin,22.0,0.08325473752591916,0.12499999835526318,0.0001490347942955821,0.006531407096160884,0
11,3,David Hasselhoff,0.0,0.1095620030005625,0.014388489001604476,0.0015141022854442022,0.006302634431863656,0
11,3,Florence Henderson,20.0,0.08363292994666573,0.07194244500802238,0.00035683617592435865,0.006821947076543547,0
11,3,Kyle Massey,23.0,0.08363292995709642,0.10071942301123132,0.00035684491210034825,0.006839758932317742,0
11,3,Jennifer Grey,24.0,0.0836329299571059,0.13669064551524251,0.0003568442018660667,0.010866881912690864,0
11,3,Rick Fox,24.0,0.08363292869227187,0.13669064551524251,0.0003568174596702102,0.011303781896369307,0
11,3,Kurt Warner,23.0,0.08363292869228264,0.10071942301123132,0.00035681625824373844,0.0067373100118742505,0
11,3,Margaret Cho,18.0,0.02815447720864922,1.4388489001604474e-08,0.0013196839942400014,4.37094408888774e-10,1
11,3,Michael Bolton,0.0,0.10958643548962275,0.014388489001604476,0.0011989419341658508,0.006354653258213539,0
11,3,Brandy,24.0,0.08363283567000555,0.13669064551524251,0.0003568053510535854,0.010872743911601345,0
11,3,The Situation,20.0,0.08363286784651365,0.07194244500802238,0.0003568942641157009,0.006788060181077199,0
11,3,Audrina Patridge,26.0,0.08363289780685611,0.16546762351845146,0.00035682884191938865,0.0022649437154150668,0
11,3,Bristol Palin,19.0,0.08363283573336763,0.05035971150561566,0.000382019984289938,0.0012318115556951299,0
11,4,David Hasselhoff,0.0,0.09844228702352435,0.015873015621063243,0.003950666124930019,0.010601816630054686,0
11,4,Florence Henderson,17.5,0.085562633625127,0.09523809372637947,0.0006152409202714453,0.0027765507459015415,0
11,4,Kyle Massey,20.0,0.08556262215808987,0.12698412496850595,0.000615232711131034,0.003443378570147942,0
11,4,Jennifer Grey,28.0,0.08556262215809173,0.17460317183169569,0.0006152324393444486,0.004516974705567974,0
11,4,Rick Fox,19.5,0.0855626579631601,0.11111110934744271,0.0006153314613339181,0.0029198334247013233,0
11,4,Kurt Warner,17.0,0.08556265796305722,0.07936507810531622,0.0006153581357120667,0.0028524271221590574,0
11,4,Margaret Cho,0.0,0.0984149021128226,0.015873015621063243,0.003307926713866964,0.010994473187232432,0
11,4,Michael Bolton,0.0,0.09841597966729546,0.015873015621063243,0.003070434815521608,0.009713913477717624,0
11,4,Brandy,24.0,0.08556276793838771,0.15873015621063244,0.0006172463389794029,0.0036603070742245994,0
11,4,The Situation,14.0,0.020224551245543385,1.5873015621063245e-08,0.0021149718179123964,8.566676313433682e-10,1
11,4,Audrina Patridge,23.0,0.08556265024006496,0.1428571405895692,0.0006164682743300243,0.0028036394428812327,0
11,4,Bristol Palin,16.0,0.0855626679058358,0.06349206248425297,0.000616788903004742,0.001479698713835604,0
11,5,David Hasselhoff,0.0,0.11877511965364893,0.018348623516539018,0.0023113820735151587,0.01660253277488097,0
11,5,Florence Henderson,21.0,0.0034916364277912957,1.8348623516539018e-08,0.0017171200224828738,1.2753297472780767e-09,1
11,5,Kyle Massey,20.0,0.03272582482514424,0.08256880582442558,0.010263042888634801,0.0005796954556109224,0
11,5,Jennifer Grey,25.0,0.08287754129426314,0.17431192340712068,0.0020675822391155213,0.0057969532807794705,0
11,5,Rick Fox,24.0,0.08287754193940225,0.14678898813231214,0.002060826370980818,0.008380648260406708,0
11,5,Kurt Warner,24.0,0.08287754193943148,0.14678898813231214,0.0020612322693507475,0.00889947232578737,0
11,5,Margaret Cho,0.0,0.11877425288524718,0.018348623516539018,0.002202876774511011,0.015252727713002736,0
11,5,Michael Bolton,0.0,0.11877895428821805,0.018348623516539018,0.0023288349517027176,0.01590066958763435,0
11,5,Brandy,27.0,0.08287754024001266,0.1926605469236597,0.002068486433486464,0.007072283028057536,0
11,5,The Situation,0.0,0.11878420074169897,0.018348623516539018,0.0022718740377182314,0.014542764502914656,0
11,5,Audrina Patridge,23.0,0.08287754161575679,0.11926605285750362,0.0020639921312295187,0.00197096403894523,0
11,5,Bristol Palin,18.0,0.07428130415038495,0.06422018230788656,0.009815630272495773,0.001855025202888997,0
11,6,David Hasselhoff,0.0,0.15446896574792682,0.022222221728395074,0.001521473476837387,0.022033546250981993,0
11,6,Florence Henderson,0.0,0.15447265773442193,0.022222221728395074,0.0015739829202840155,0.02156589177693342,0
11,6,Kyle Massey,29.999899999999997,0.02823965417281942,0.1555555520987655,0.007653258258724946,0.012458703111278412,0
11,6,Jennifer Grey,29.0,0.03663841947105972,0.13333333037037046,0.00579165340776459,0.005427882596492921,0
11,6,Rick Fox,30.0,0.03448160466704563,0.1777777738271606,0.00822895632508532,0.010713409743908055,0
11,6,Kurt Warner,21.9999,0.04829560033944607,0.0888888869135803,0.002919706402951417,0.000191996641111303,0
11,6,Margaret Cho,0.0,0.1544701989356091,0.022222221728395074,0.0013496788643819453,0.021610332186679626,0
11,6,Michael Bolton,0.0,0.15446791873122637,0.022222221728395074,0.0017033466864662984,0.021375104216397618,0
11,6,Brandy,35.9999,0.03634003873148852,0.22222221728395075,0.00697725557632595,0.012479769000469217,0
11,6,The Situation,0.0,0.15447668996577488,0.022222221728395074,0.0014752304985648792,0.022176485439199187,0
11,6,Audrina Patridge,31.9998,9.999990000010001e-09,2.2222221728395074e-08,3.417278530548834e-05,2.11196094026342e-09,1
11,6,Bristol Palin,27.9998,0.043647241504191664,0.11111110864197538,0.009346772461319626,0.004133696133995298,0
11,7,David Hasselhoff,0.0,0.1645306768880119,0.024096384961532893,0.0012774128786653685,0.027167564272616854,0
11,7,Florence Henderson,0.0,0.1645293333456781,0.024096384961532893,0.001185060123611522,0.02823988448404197,0
11,7,Kyle Massey,33.5,0.004019770330003702,0.13253011728843092,0.001173157229546012,0.0059924350093020174,0
11,7,Jennifer Grey,36.5,9.999990000009065e-09,0.21686746465379605,0.002058224681019272,0.013634438091626488,0
11,7,Rick Fox,34.5,1.0000010036772693e-08,2.4096384961532892e-08,9.598328919128081e-14,2.1891920118340547e-09,1
11,7,Kurt Warner,35.0,9.999990000009065e-09,0.1807228872114967,0.0020169886634858977,0.010228901376153591,0
11,7,Margaret Cho,0.0,0.16452934828575855,0.024096384961532893,0.001291700285528202,0.026494763228828804,0
11,7,Michael Bolton,0.0,0.16452716840160725,0.024096384961532893,0.0010429807004302262,0.024462367423386765,0
11,7,Brandy,36.5,9.999990000009065e-09,0.21686746465379605,0.0020582294176602635,0.015184176572949676,0
11,7,The Situation,0.0,0.16452705184053068,0.024096384961532893,0.0014326684613187271,0.02741775814422354,0
11,7,Audrina Patridge,0.0,0.16452727299123956,0.024096384961532893,0.0010726984815777113,0.026774909649525606,0
11,7,Bristol Palin,32.5,0.008808337918190282,0.10843373232689803,0.001959042761035411,0.002380921512610904,0
11,8,David Hasselhoff,0.0,0.1428569928558673,0.027777777006172864,0.0010162399550879512,0.034488671969723356,0
11,8,Florence Henderson,0.0,0.14285699285569473,0.027777777006172864,0.001117238086413849,0.031112545740251,0
11,8,Kyle Massey,28.0,1.0002058545328592e-08,0.19444443904321004,1.2104532018723788e-09,0.012300587473001896,0
11,8,Jennifer Grey,28.5,1.0002111648307022e-08,0.23611110455246934,1.210453190801739e-09,0.019848290392338836,0
11,8,Rick Fox,0.0,0.14285699285558812,0.027777777006172864,0.0009631845410217542,0.035569022195262236,0
11,8,Kurt Warner,24.0,9.999989999995232e-09,2.7777777006172862e-08,2.535677700981042e-09,2.7538555817902856e-09,1
11,8,Margaret Cho,0.0,0.14285699285550676,0.027777777006172864,0.0008837236156839402,0.031309660813136554,0
11,8,Michael Bolton,0.0,0.14285699285559303,0.027777777006172864,0.0011750649044129442,0.03440419477744047,0
11,8,Brandy,28.5,1.00021618927725e-08,0.23611110455246934,1.2104520640816836e-09,0.017946519795658023,0
11,8,The Situation,0.0,0.14285699285549716,0.027777777006172864,0.0010217037878455877,0.03197641769604464,0
11,8,Audrina Patridge,0.0,0.14285699285568015,0.027777777006172864,0.00074351800772641,0.032319971627273764,0
11,8,Bristol Palin,23.5,1.0005250667108857e-08,0.1388888850308643,1.4027539806403934e-09,0.008281857006538312,0
11,9,David Hasselhoff,0.0,0.12500010840550443,0.033898303935650714,0.001076308631522739,0.04361280965823006,0
11,9,Florence Henderson,0.0,0.12499820108534898,0.033898303935650714,0.0010644749450629037,0.04354844066785652,0
11,9,Kyle Massey,29.0,9.999989992445084e-09,0.25423727951738034,4.8433782522155e-08,0.014269549649993786,0
11,9,Jennifer Grey,30.0,9.999989992445084e-09,0.2881355834530311,4.8447045460298e-08,0.017007632685850607,0
11,9,Rick Fox,0.0,0.12500010840446665,0.033898303935650714,0.0011168055782072972,0.03497403922518844,0
11,9,Kurt Warner,0.0,0.12500010840422748,0.033898303935650714,0.0013313186265667672,0.044127975307590994,0
11,9,Margaret Cho,0.0,0.12500010840428416,0.033898303935650714,0.0012275433139739573,0.0357404840443833,0
11,9,Michael Bolton,0.0,0.12500010840432682,0.033898303935650714,0.0012674309025600225,0.03784309913558694,0
11,9,Brandy,28.5,1.0084859285252576e-08,3.389830393565071e-08,7.252738511089451e-08,2.9222687053649045e-09,1
11,9,The Situation,0.0,0.1250001084039431,0.033898303935650714,0.001231474165469552,0.04348525784331048,0
11,9,Audrina Patridge,0.0,0.12500010840406975,0.033898303935650714,0.0010032998330451919,0.03941017927602252,0
11,9,Bristol Palin,26.5,9.99998999244508e-09,0.18644067164607891,5.3372566040826556e-08,0.008242812544017071,0
11,10,David Hasselhoff,0.0,0.08332755676243894,3.4482757431629055e-08,0.0033661485906611274,2.9157649263190927e-09,1
11,10,Florence Henderson,0.0,0.08333395902002731,0.034482757431629055,0.001119175104906588,0.043039589432558686,0
11,10,Kyle Massey,27.333199999999998,0.08333325702611422,0.24137930202140337,3.268000068718158e-05,0.01452511715650805,0
11,10,Jennifer Grey,30.0,0.08333325702611422,0.27586205945303244,3.2680000687003824e-05,0.017339830083698427,0
11,10,Rick Fox,0.0,0.08333395902002731,0.034482757431629055,0.0013185979733217378,0.04343358912706981,0
11,10,Kurt Warner,0.0,0.08333395902002731,0.034482757431629055,0.0009517768838676604,0.03808711470702311,0
11,10,Margaret Cho,0.0,0.08333395902002731,0.034482757431629055,0.0009058010150017647,0.04575224831616706,0
11,10,Michael Bolton,0.0,0.08333395902002731,0.034482757431629055,0.001227432273624891,0.04578495921903623,0
11,10,Brandy,0.0,0.08333395902002731,0.034482757431629055,0.0016116413243553566,0.046582567044891575,0
11,10,The Situation,0.0,0.08333395902002731,0.034482757431629055,0.0014695982425335596,0.04202007065335141,0
11,10,Audrina Patridge,0.0,0.08333395902002731,0.034482757431629055,0.0013358443017885584,0.042685902738189174,0
11,10,Bristol Palin,25.666600000000003,0.08333325702611422,0.20689654458977433,3.2684659246932524e-05,0.011759749984593249,0
12,1,Ralph Macchio,24.0,0.09090900000009092,0.16923076662721898,1.3877787807814457e-17,2.7755575615628914e-17,0
12,1,Chelsea Kane,21.0,0.09090900000009092,0.1307692287573965,1.3877787807814457e-17,0.007686151264395706,0
12,1,Kirstie Alley,23.0,0.09090900000009092,0.15384615147928998,1.3877787807814457e-17,0.0,0
12,1,Hines Ward,21.0,0.09090900000009092,0.1307692287573965,1.3877787807814457e-17,0.007686151264395705,0
12,1,Sugar Ray Leonard,17.0,0.09090900000009092,0.04615384544378699,1.3877787807814457e-17,6.938893903907228e-18,0
12,1,Chris Jericho,19.0,0.09090900000009092,0.0999999984615385,1.3877787807814457e-17,0.007536891400303761,0
12,1,Petra Nemcova,18.0,0.09090900000009092,0.0692307681656805,1.3877787807814457e-17,0.007667652678575875,0
12,1,Mike Catherwood,13.0,0.09090900000009092,1.5384615147929e-08,1.3877787807814457e-17,3.308722450212111e-24,1
12,1,Romeo,19.0,0.09090900000009092,0.0999999984615385,1.3877787807814457e-17,0.007536891400303761,0
12,1,Wendy Williams,14.0,0.09090900000009092,0.030769230295857996,1.3877787807814457e-17,0.0,0
12,1,Kendra Wilkinson,18.0,0.09090900000009092,0.0692307681656805,1.3877787807814457e-17,0.007667652678575876,0
12,2,Ralph Macchio,21.0,0.09090900399102149,0.12962962722908097,2.316095348374735e-05,0.0016577428333675317,0
12,2,Chelsea Kane,18.0,0.09090900399102149,0.06481481361454049,2.316095348374724e-05,0.00781890817430194,0
12,2,Kirstie Alley,20.0,0.09090900399102149,0.11111110905349798,2.316095348374724e-05,0.0014505249791965926,0
12,2,Hines Ward,23.0,0.09090900399102149,0.16666666358024698,2.316095348374724e-05,0.01359954642697728,0
12,2,Sugar Ray Leonard,17.0,0.09091046606347673,0.018518518175582997,0.0002720198766785127,0.013369691961547562,0
12,2,Chris Jericho,23.0,0.09090900399102149,0.16666666358024698,2.3160953483859032e-05,0.012843665302073507,0
12,2,Petra Nemcova,18.0,0.09090900399102149,0.06481481361454049,2.3160953483790995e-05,0.007908025034417798,0
12,2,Mike Catherwood,17.0,0.09090603594587475,1.8518518175582995e-08,0.0003081392520613284,2.0721785417094215e-10,1
12,2,Romeo,23.0,0.09090900399102149,0.16666666358024698,2.316095348384832e-05,0.012220813282389876,0
12,2,Wendy Williams,17.0,0.09091046606347673,0.018518518175582997,0.00025838246779746107,0.011100180250495017,0
12,2,Kendra Wilkinson,19.0,0.09090900399102149,0.092592590877915,2.316095348392975e-05,0.0012433071250256534,0
12,3,Ralph Macchio,21.0,0.09082953524898059,0.09374999853515628,4.149928695091223e-05,0.011924239831395577,0
12,3,Chelsea Kane,23.0,0.09082953524896904,0.13281249792480473,4.1501404245292725e-05,0.007812499877929687,0
12,3,Kirstie Alley,21.0,0.09082953524897806,0.09374999853515628,4.15017122512664e-05,0.012086924564775378,0
12,3,Hines Ward,25.0,0.09082953524896657,0.16406249743652349,4.150171225164149e-05,0.007711851554035498,0
12,3,Sugar Ray Leonard,20.0,0.0908296161194138,0.05468749914550783,4.148968330304969e-05,0.007756045907556066,0
12,3,Chris Jericho,21.0,0.09082961611940528,0.09374999853515628,4.1489683305560146e-05,0.013258251940087581,0
12,3,Petra Nemcova,25.0,0.0908295352855312,0.16406249743652349,4.1493744813924834e-05,0.007711851554035498,0
12,3,Mike Catherwood,0.0,0.12629755293825232,0.015624999755859379,0.00043495777038043444,0.0,0
12,3,Romeo,20.0,0.09082953587059682,0.05468749914550783,4.150706236986401e-05,0.007756045907556066,0
12,3,Wendy Williams,15.0,0.05623543106021042,1.562499975585938e-08,0.0002867978384987804,0.0,1
12,3,Kendra Wilkinson,23.0,0.09082957161169603,0.13281249792480473,4.148143261771269e-05,0.007812499877929687,0
12,4,Ralph Macchio,25.0,0.09114316410453621,0.1578947340720222,0.00035022096925974944,0.008113492065721243,0
12,4,Chelsea Kane,26.0,0.09114316389119921,0.1842105230840259,0.00035030953225178907,0.002813217527776962,0
12,4,Kirstie Alley,22.0,0.09114316399292713,0.0789473670360111,0.0003502955217655792,0.0007033044552051164,0
12,4,Hines Ward,25.0,0.09114316399325469,0.1578947340720222,0.00035029577464476146,0.008764077946271041,0
12,4,Sugar Ray Leonard,21.0,0.021985318097349268,1.75438593413358e-08,0.00266122780208654,5.8608699716368e-10,1
12,4,Chris Jericho,23.0,0.09114316376536229,0.1140350857186827,0.00035106517508290777,0.012499922197579434,0
12,4,Petra Nemcova,23.0,0.09114316394147783,0.1140350857186827,0.00035088638653397547,0.013708777463018124,0
12,4,Mike Catherwood,0.0,0.12389611075184681,0.017543859341335802,0.002602504814631309,0.007330632254374733,0
12,4,Romeo,23.0,0.09114316367061231,0.1140350857186827,0.0003505250671325895,0.013848301360576517,0
12,4,Wendy Williams,0.0,0.12389849206851816,0.017543859341335802,0.0023694492139313375,0.007768201631055159,0
12,4,Kendra Wilkinson,18.0,0.09221693172391628,0.043859648353339505,0.006661509095119169,0.001875478449532476,0
12,5,Ralph Macchio,22.0,0.09090735232409479,0.0784313710111496,0.0010617734491700985,0.013805441613068237,0
12,5,Chelsea Kane,26.0,0.09091746318225369,0.1568627420222992,0.000249437868837601,0.014847303580821106,0
12,5,Kirstie Alley,23.0,0.09091746318221096,0.11764705651672439,0.00025616482159497524,0.0019419298889109728,0
12,5,Hines Ward,27.0,0.09091746318220509,0.19607842752787397,0.00024813115812107777,0.006025215927623845,0
12,5,Sugar Ray Leonard,0.0,0.11924255435702254,0.0196078427527874,0.0007536462484129518,0.013395203919812675,0
12,5,Chris Jericho,26.0,0.0909174659297154,0.1568627420222992,0.00026280802800124743,0.01481106101816991,0
12,5,Petra Nemcova,22.0,0.005870933385471802,1.9607842752787398e-08,0.0009378380701771858,1.1016296232801043e-09,1
12,5,Mike Catherwood,0.0,0.11923794145885352,0.0196078427527874,0.0008431353910329458,0.01258616194780004,0
12,5,Romeo,26.0,0.09091746449568379,0.1568627420222992,0.00025667126567073447,0.01442824770548963,0
12,5,Wendy Williams,0.0,0.11924548099549008,0.0196078427527874,0.0006606942502469455,0.013079150431247997,0
12,5,Kendra Wilkinson,22.0,0.09090741750799847,0.0784313710111496,0.0006858147744670411,0.01420061393756992,0
12,6,Ralph Macchio,24.0,0.08520952401929616,0.09782608482986772,0.0012390650266006927,0.00014455573468017077,0
12,6,Chelsea Kane,28.0,0.08520960838834472,0.19565216965973545,0.0012093479832021,0.00988999445612155,0
12,6,Kirstie Alley,26.0,0.0852095240176599,0.14130434475425338,0.0011967718601080363,0.0027465560678113466,0
12,6,Hines Ward,27.0,0.08520952401767759,0.1630434747164462,0.0012090837801724728,0.004192111969057102,0
12,6,Sugar Ray Leonard,0.0,0.1221853750254411,0.02173912996219283,0.0017250517420910147,0.017873591648679507,0
12,6,Chris Jericho,22.0,9.99999000515336e-09,2.173912996219283e-08,3.594569116459878e-05,1.445555901245756e-09,1
12,6,Petra Nemcova,0.0,0.12218537501961552,0.02173912996219283,0.001747040288675075,0.019365040639161283,0
12,6,Mike Catherwood,0.0,0.12218537501966095,0.02173912996219283,0.0028896435664881575,0.019731254945080438,0
12,6,Romeo,28.0,0.0852095797125517,0.19565216965973545,0.0012248767495357342,0.011557841940314709,0
12,6,Wendy Williams,0.0,0.12218537520512367,0.02173912996219283,0.001820765151832064,0.017092975424754013,0
12,6,Kendra Wilkinson,25.0,0.08520972957563865,0.11956521479206056,0.0011939823234250004,0.0013010001665655913,0
12,7,Ralph Macchio,33.0,0.057693614913422266,0.22368420463988936,0.002042469648378931,0.015481735990255747,0
12,7,Chelsea Kane,32.0,0.05769362277209451,0.18421052146814418,0.0020417085978789275,0.007692523909884807,0
12,7,Kirstie Alley,30.0,0.009109874154979452,0.11842104951523555,0.008062771114452211,0.012785695109480235,0
12,7,Hines Ward,33.0,0.05769362271647252,0.22368420463988936,0.0020491754736507465,0.012955792376416787,0
12,7,Sugar Ray Leonard,0.0,0.16178219286437823,0.026315788781163457,0.002045275608405638,0.026532882640708074,0
12,7,Chris Jericho,0.0,0.16175224632181448,0.026315788781163457,0.002103889782002433,0.02240109905851092,0
12,7,Petra Nemcova,0.0,0.16175224632185506,0.026315788781163457,0.0020296947717602307,0.025387927120347615,0
12,7,Mike Catherwood,0.0,0.16175224632181426,0.026315788781163457,0.002096903467705107,0.02668969254113407,0
12,7,Romeo,30.0,0.009109879547886703,0.11842104951523555,0.00588773962907932,0.014192596734484192,0
12,7,Wendy Williams,0.0,0.16165944406629265,0.026315788781163457,0.0020873720788566973,0.025147466227284032,0
12,7,Kendra Wilkinson,30.5,9.999989999981594e-09,2.6315788781163454e-08,1.271586906714416e-16,2.1478895868207236e-09,1
12,8,Ralph Macchio,23.0,9.999989997180094e-09,0.1363636322314051,1.4137072549914568e-09,0.002990641980640608,0
12,8,Chelsea Kane,27.5,9.999989997180097e-09,0.25757574977043185,8.240484262942487e-10,0.013300778690194581,0
12,8,Kirstie Alley,26.5,9.999989997180097e-09,0.19696969100091846,8.254054209628542e-10,0.010590062537119159,0
12,8,Hines Ward,27.0,9.999989997180097e-09,0.22727272038567517,8.145836735164231e-10,0.012174567707979386,0
12,8,Sugar Ray Leonard,0.0,0.16666649166008424,0.030303029384756687,0.0012747656376188258,0.030200243003002707,0
12,8,Chris Jericho,0.0,0.16666649165996608,0.030303029384756687,0.0011995791771790816,0.033564998118846355,0
12,8,Petra Nemcova,0.0,0.16666649166013173,0.030303029384756687,0.0009687535918609886,0.033365784830575305,0
12,8,Mike Catherwood,0.0,0.16666649166019415,0.030303029384756687,0.0008257466474461175,0.030510376472953786,0
12,8,Romeo,26.0,1.0040518488333847e-08,3.0303029384756685e-08,9.750939847694551e-10,2.44347988887329e-09,1
12,8,Wendy Williams,0.0,0.16666649166014028,0.030303029384756687,0.00133890311953479,0.033693771734610856,0
12,8,Kendra Wilkinson,0.0,0.16666649166000527,0.030303029384756687,0.0012413338195337033,0.034192482261318866,0
12,9,Ralph Macchio,24.0,1.0000006390928178e-08,3.5714284438775556e-08,5.411318857023959e-09,2.7442090426775583e-09,1
12,9,Chelsea Kane,36.5,9.999990000008833e-09,0.28571427551020445,4.046518526340674e-09,0.014269886747502401,0
12,9,Kirstie Alley,27.0,9.999990000008833e-09,0.21428570663265337,4.030829699349908e-09,0.008781468662147275,0
12,9,Hines Ward,30.0,9.999990000008833e-09,0.24999999107142892,4.03096402305321e-09,0.011525677704824844,0
12,9,Sugar Ray Leonard,0.0,0.14285699296264173,0.035714284438775556,0.0010855845516693425,0.04008140200788178,0
12,9,Chris Jericho,0.0,0.14285699296380697,0.035714284438775556,0.0013050459099005558,0.04206243491106374,0
12,9,Petra Nemcova,0.0,0.14285699296275486,0.035714284438775556,0.0012593530012492895,0.04128584859771662,0
12,9,Mike Catherwood,0.0,0.14285699296379895,0.035714284438775556,0.0015262781170024091,0.04096739290222734,0
12,9,Romeo,0.0,0.14285698771576588,0.035714284438775556,0.0012618732190638545,0.03859389312447695,0
12,9,Wendy Williams,0.0,0.1428569929640865,0.035714284438775556,0.0010908719421671175,0.04173845533368431,0
12,9,Kendra Wilkinson,0.0,0.14285700746816873,0.035714284438775556,0.0013819835218478434,0.03948519021111486,0
12,10,Ralph Macchio,0.0,0.09090396815056412,3.7735847632609523e-08,0.0036186312257675468,3.798069912002482e-09,1
12,10,Chelsea Kane,29.666600000000003,0.09090900677519037,0.2641509334282667,2.2124395496861447e-05,0.021425039786227545,0
12,10,Kirstie Alley,27.999899999999997,0.09090900677519037,0.20754716197935236,2.212436562238875e-05,0.012100737740799878,0
12,10,Hines Ward,29.666600000000003,0.09090900677519037,0.2641509334282667,2.2124365850471466e-05,0.020137417461959406,0
12,10,Sugar Ray Leonard,0.0,0.09090971593212356,0.03773584763260952,0.0010731943510104603,0.039099119794041806,0
12,10,Chris Jericho,0.0,0.09090971593212356,0.03773584763260952,0.0015443993713607123,0.044686883880821336,0
12,10,Petra Nemcova,0.0,0.09090971593212356,0.03773584763260952,0.00119789506093976,0.04593542237475175,0
12,10,Mike Catherwood,0.0,0.09090971593212356,0.03773584763260952,0.001462465635953248,0.04923329404728708,0
12,10,Romeo,0.0,0.09090971593212356,0.03773584763260952,0.0011730304565521976,0.043652083787691046,0
12,10,Wendy Williams,0.0,0.09090971593212356,0.03773584763260952,0.0010689351942086787,0.04476740313933435,0
12,10,Kendra Wilkinson,0.0,0.09090971593212356,0.03773584763260952,0.0011367676484055934,0.04587950012855878,0
13,1,Elisabetta Canalis,15.0,0.08333325000008333,0.025974025636700968,0.0,3.469446951953614e-18,0
13,1,David Arquette,18.0,0.08333325000008333,0.09090908972845338,0.0,2.7755575615628914e-17,0
13,1,Ricki Lake,20.0,0.08333325000008333,0.11688311536515435,0.0,0.0,0
13,1,J.R. Martinez,22.0,0.08333325000008333,0.14935064741103055,0.0,0.006472693835095987,0
13,1,Metta World Peace (Ron),14.0,0.08333325000008333,1.2987012818350482e-08,0.0,1.6543612251060553e-24,1
13,1,Hope Solo,21.0,0.08333325000008333,0.12987012818350482,0.0,2.7755575615628914e-17,0
13,1,Chynna Phillips,22.0,0.08333325000008333,0.14935064741103055,0.0,0.006472693835095987,0
13,1,Kristin Cavallari,19.0,0.08333325000008333,0.10389610254680387,0.0,1.3877787807814457e-17,0
13,1,Carson Kressley,17.0,0.08333325000008333,0.07142857050092766,0.0,0.006472693835095987,0
13,1,Chaz Bono,17.0,0.08333325000008333,0.07142857050092766,0.0,0.006472693835095987,0
13,1,Nancy Grace,16.0,0.08333325000008333,0.04545454486422669,0.0,0.006409850659224311,0
13,1,Rob Kardashian,16.0,0.08333325000008333,0.04545454486422669,0.0,0.006409850659224313,0
13,2,Elisabetta Canalis,21.0,0.04177753306776028,1.4184396961923448e-08,0.001909157377832908,2.0511882549197771e-10,1
13,2,David Arquette,18.0,0.07961167822675992,0.049645389366732066,0.0019236325990222114,0.006822613721322312,0
13,2,Ricki Lake,23.0,0.08334500100098495,0.17021276354308137,8.917729177850128e-05,0.0024614259059037246,0
13,2,J.R. Martinez,22.0,0.08334500100098456,0.1489361681001962,0.0004676684157590125,0.007284879396443925,0
13,2,Metta World Peace (Ron),0.0,0.13589759944082816,0.014184396961923447,0.0016062302924951162,0.00020511882549197798,0
13,2,Hope Solo,19.0,0.08419554016474631,0.07092198480961724,0.002546788395154964,0.0010255941274598859,0
13,2,Chynna Phillips,21.0,0.08328618429266696,0.10638297721442586,0.0008336393077129553,0.015626791222824194,0
13,2,Kristin Cavallari,22.0,0.08334501550981313,0.1489361681001962,0.0005566090634948889,0.007403720132605471,0
13,2,Carson Kressley,18.0,0.07961145743703325,0.049645389366732066,0.0021887648062845024,0.007217031075972832,0
13,2,Chaz Bono,17.0,0.0790115567037302,0.028368793923846895,0.0020289426424917904,0.00041023765098395596,0
13,2,Nancy Grace,21.0,0.083286259428734,0.10638297721442586,0.0006765801123200094,0.01437282971297938,0
13,2,Rob Kardashian,21.0,0.0832861737269584,0.10638297721442586,0.0006409962751031892,0.016964320266548868,0
13,3,Elisabetta Canalis,0.0,0.11722581428139826,0.015384615147928998,0.00473405939819564,0.006545705987071773,0
13,3,David Arquette,24.0,0.08369062649135356,0.10769230603550299,0.004689417119403949,0.01510076957365754,0
13,3,Ricki Lake,27.0,0.08331918039067687,0.17692307420118347,0.00021653820722213797,0.003615512584524399,0
13,3,J.R. Martinez,26.0,0.08331918039069773,0.15384615147928998,0.00021698548351173743,0.007745989091703103,0
13,3,Metta World Peace (Ron),0.0,0.11723458985624576,0.015384615147928998,0.00471222081739977,0.006910791485747143,0
13,3,Hope Solo,24.0,0.08382422465861486,0.10769230603550299,0.0025673300243823248,0.01621130579624691,0
13,3,Chynna Phillips,26.0,0.08344634317142871,0.15384615147928998,0.0003684039956958803,0.007777713452380387,0
13,3,Kristin Cavallari,24.0,0.015993271378886557,1.5384615147929e-08,0.004376344563326804,5.150390902537319e-10,1
13,3,Carson Kressley,23.0,0.08325920748702263,0.0692307681656805,0.008069067378937662,0.0012932528409540416,0
13,3,Chaz Bono,18.0,0.08080665824003322,0.038461537869822496,0.004576863427652442,0.0017861405729223659,0
13,3,Nancy Grace,21.0,0.08397796813789772,0.053846153017751495,0.0036964118015933435,0.001471779624790403,0
13,3,Rob Kardashian,24.0,0.08390193551674428,0.10769230603550299,0.004598258128102062,0.01680871229864103,0
13,4,Elisabetta Canalis,0.0,0.1121411208760477,0.016393442354205864,0.0035502634839091438,0.011069895346924274,0
13,4,David Arquette,23.0,0.08458184568847943,0.11475409647944104,0.0005124390612852003,0.0019058442492185335,0
13,4,Ricki Lake,29.0,0.08458185804147592,0.1803278658962645,0.000510301291845118,0.005410837452933834,0
13,4,J.R. Martinez,26.0,0.08458185804132316,0.16393442354205864,0.0004968717779200301,0.004503390310995626,0
13,4,Metta World Peace (Ron),0.0,0.11213631800991501,0.016393442354205864,0.003743562761922463,0.010769843658610272,0
13,4,Hope Solo,24.0,0.08458184639685591,0.13934426001074984,0.00048619288880699343,0.007888014203729116,0
13,4,Chynna Phillips,21.0,0.011717222716649949,1.6393442354205864e-08,0.003648665169661267,9.283332266225358e-10,1
13,4,Kristin Cavallari,0.0,0.11213567189237462,0.016393442354205864,0.004346112070330491,0.010840109149914554,0
13,4,Carson Kressley,20.0,0.06322826424000708,0.049180327062617595,0.01143237580107863,0.002359026326968877,0
13,4,Chaz Bono,21.0,0.08286555612670918,0.08196721177102932,0.002208514247009913,0.010479730591020869,0
13,4,Nancy Grace,21.0,0.08286557088161091,0.08196721177102932,0.0010665788271000134,0.010427520082154137,0
13,4,Rob Kardashian,24.0,0.08458186708955127,0.13934426001074984,0.0005173751124424983,0.007762865771809548,0
13,5,Elisabetta Canalis,0.0,0.10445386438394609,0.017699114730989122,0.004333045201746577,0.014233416052703974,0
13,5,David Arquette,25.0,0.08268222328263926,0.1592920325789021,0.001101472039651234,0.0084804599404453,0
13,5,Ricki Lake,24.0,0.08268225401089555,0.12389380311692384,0.0011005869808430196,0.007656410665232255,0
13,5,J.R. Martinez,28.0,0.08268225401087098,0.18584070467538577,0.0011002112411484385,0.006103978014195817,0
13,5,Metta World Peace (Ron),0.0,0.10445258429366894,0.017699114730989122,0.0036212099560614533,0.01641152460104418,0
13,5,Hope Solo,24.0,0.08268194741344552,0.12389380311692384,0.0010988818200034216,0.007736727293797561,0
13,5,Chynna Phillips,0.0,0.10445391055994874,0.017699114730989122,0.007643884800472848,0.015356770378980866,0
13,5,Kristin Cavallari,0.0,0.10445391088032528,0.017699114730989122,0.003675775319270861,0.015019792483517931,0
13,5,Carson Kressley,19.0,0.003409645389253111,1.769911473098912e-08,0.011418891695591566,1.138029818545489e-09,1
13,5,Chaz Bono,21.0,0.082682073744691,0.07964601628945105,0.0010867911970648993,0.0022666413873705642,0
13,5,Nancy Grace,22.0,0.08268225691638806,0.09734513102044016,0.0010946277279242616,0.002234410498763919,0
13,5,Rob Kardashian,25.0,0.08268207511492738,0.1592920325789021,0.0011051293650047142,0.008851477147003529,0
13,6,Elisabetta Canalis,0.0,0.11429571019758902,0.01999999960000001,0.0014980727742710546,0.02044487677931905,0
13,6,David Arquette,23.0,0.07131333458332033,0.13999999720000006,0.0013712272348181806,0.0035929751901515997,0
13,6,Ricki Lake,29.0,0.07131329432101835,0.18999999620000008,0.0013678618836935543,0.011388790087269481,0
13,6,J.R. Martinez,29.0,0.07131319412744773,0.18999999620000008,0.0013817714100204834,0.010254264603911493,0
13,6,Metta World Peace (Ron),0.0,0.11438626770409624,0.01999999960000001,0.0019296877197931559,0.021062399862239397,0
13,6,Hope Solo,20.0,0.07131319472267303,0.09999999800000005,0.0013828765808121032,0.0006653656675240177,0
13,6,Chynna Phillips,0.0,0.11466720704082234,0.01999999960000001,0.0019302904017905321,0.0211575785407555,0
13,6,Kristin Cavallari,0.0,0.11436066250486841,0.01999999960000001,0.0017940308902005275,0.01817397234890524,0
13,6,Carson Kressley,0.0,0.11440937223983662,0.01999999960000001,0.0019834668698245407,0.019036614020954922,0
13,6,Chaz Bono,19.0,9.999990001470537e-09,1.9999999600000007e-08,0.00038133149516923976,1.4638047613137902e-09,1
13,6,Nancy Grace,24.0,0.07131349398645129,0.15999999680000007,0.0013863456571547453,0.0050567799514653925,0
13,6,Rob Kardashian,22.0,0.07131325857288666,0.11999999760000006,0.0013858681373753823,0.0021291704288378113,0
13,7,Elisabetta Canalis,0.0,0.1602679284262257,0.02352941121107268,0.0019639185815554802,0.029214047209676557,0
13,7,David Arquette,23.5,9.999990000013038e-09,2.3529411211072677e-08,1.6547488965527517e-16,1.909339346653865e-09,1
13,7,Ricki Lake,26.5,0.0015961720318068205,0.22352940650519046,0.002514649837683205,0.0107391189204375,0
13,7,J.R. Martinez,24.0,0.0015961790441579677,0.15294117287197243,0.0029274718981342116,0.00636517574797444,0
13,7,Metta World Peace (Ron),0.0,0.16025194912770352,0.02352941121107268,0.0018238084279014663,0.02636763753865697,0
13,7,Hope Solo,25.0,0.0015961751553191512,0.17647058408304508,0.0025140593406612847,0.007325380551009854,0
13,7,Chynna Phillips,0.0,0.16026792842623178,0.02352941121107268,0.0019468969230484407,0.024206799153226398,0
13,7,Kristin Cavallari,0.0,0.1602679284262631,0.02352941121107268,0.0018582287040125336,0.025011672734144185,0
13,7,Carson Kressley,0.0,0.16026791836820503,0.02352941121107268,0.0016090178245324117,0.026260167758758106,0
13,7,Chaz Bono,0.0,0.16026793848844273,0.02352941121107268,0.001723380169129163,0.02813152488331853,0
13,7,Nancy Grace,22.0,0.0320227005503922,0.10588235044982705,0.0021767603689538634,0.0012372412815532094,0
13,7,Rob Kardashian,25.5,0.0015961719562621508,0.19999999529411777,0.002513900119706535,0.009136751999590244,0
13,8,Elisabetta Canalis,0.0,0.14285699285775755,0.027027026296566857,0.0009032832017030039,0.027745116123524514,0
13,8,David Arquette,0.0,0.14285699285728795,0.027027026296566857,0.0012255743679275965,0.033945428830219525,0
13,8,Ricki Lake,26.0,9.999990000008656e-09,0.20270269722425144,2.2564521363900166e-10,0.016150647449708698,0
13,8,J.R. Martinez,30.0,9.999990000008656e-09,0.24324323666910172,2.2564706989258423e-10,0.015190120839635658,0
13,8,Metta World Peace (Ron),0.0,0.14285699285724376,0.027027026296566857,0.0008896058944422757,0.03219682511520238,0
13,8,Hope Solo,26.0,9.999990000008656e-09,0.20270269722425144,2.256465826518216e-10,0.015063335058942693,0
13,8,Chynna Phillips,0.0,0.14285699285714631,0.027027026296566857,0.0010853259633189613,0.034129870732827625,0
13,8,Kristin Cavallari,0.0,0.14285699285721304,0.027027026296566857,0.0011262924110245313,0.03217316205692907,0
13,8,Carson Kressley,0.0,0.14285699285719172,0.027027026296566857,0.0009704585203189899,0.03447686098099475,0
13,8,Chaz Bono,0.0,0.14285699285719183,0.027027026296566857,0.001240169203548155,0.032953972002675656,0
13,8,Nancy Grace,22.0,1.0000007946380534e-08,2.7027026296566858e-08,5.991938884456204e-10,2.6950214827582863e-09,1
13,8,Rob Kardashian,25.5,9.999990000008656e-09,0.16216215777940116,2.256475830202042e-10,0.009432121186951033,0
13,9,Elisabetta Canalis,0.0,0.12499951237906254,0.03278688417092183,0.0012334688594835637,0.03929380130649688,0
13,9,David Arquette,0.0,0.12499998920740754,0.03278688417092183,0.0011575105918523161,0.03995556170010617,0
13,9,Ricki Lake,33.4999,1.0000127478320549e-08,0.2786885154528356,1.5756451230661614e-08,0.018507187648917338,0
13,9,J.R. Martinez,28.0,1.0000118436274689e-08,0.2131147471109919,1.575643201655688e-08,0.012044360113377511,0
13,9,Metta World Peace (Ron),0.0,0.12499951237842657,0.03278688417092183,0.0014113908346751478,0.039496380809234344,0
13,9,Hope Solo,24.4998,9.999990000009477e-09,3.278688417092183e-08,3.026749777607695e-08,3.231413767769912e-09,1
13,9,Chynna Phillips,0.0,0.1249999892070083,0.03278688417092183,0.0013213238531356454,0.04211637823578549,0
13,9,Kristin Cavallari,0.0,0.12499998920683841,0.03278688417092183,0.001214546068877739,0.04034149976524541,0
13,9,Carson Kressley,0.0,0.12499998920717265,0.03278688417092183,0.0012626186080419567,0.038889724948905566,0
13,9,Chaz Bono,0.0,0.12499998920741204,0.03278688417092183,0.0014162299448867337,0.03846581451933748,0
13,9,Nancy Grace,0.0,0.12499998920734648,0.03278688417092183,0.00137422915620364,0.04041812554950992,0
13,9,Rob Kardashian,32.4998,1.000008969300778e-08,0.24590163128191372,1.5756474607624893e-08,0.015275773881147425,0
13,10,Elisabetta Canalis,0.0,0.08332755676243894,3.4482757431629055e-08,0.0035892300320679916,3.1550048520969883e-09,1
13,10,David Arquette,0.0,0.08333395902002731,0.034482757431629055,0.0011846176610994094,0.04165210320337151,0
13,10,Ricki Lake,27.999899999999997,0.08333325702611422,0.20689654458977436,1.4168085107832835e-05,0.01923739390865595,0
13,10,J.R. Martinez,28.1665,0.08333325702611422,0.2413793020214034,1.4168085107754622e-05,0.019677167297456746,0
13,10,Metta World Peace (Ron),0.0,0.08333395902002731,0.034482757431629055,0.0009342024795860746,0.044080513128734705,0
13,10,Hope Solo,0.0,0.08333395902002731,0.034482757431629055,0.0008196062385624463,0.04118886842346225,0
13,10,Chynna Phillips,0.0,0.08333395902002731,0.034482757431629055,0.001485352876018656,0.044691744251661294,0
13,10,Kristin Cavallari,0.0,0.08333395902002731,0.034482757431629055,0.0010435097362869372,0.042121725229924044,0
13,10,Carson Kressley,0.0,0.08333395902002731,0.034482757431629055,0.0007347420594205544,0.0372284474041282,0
13,10,Chaz Bono,0.0,0.08333395902002731,0.034482757431629055,0.0012751062021120513,0.04092739079680677,0
13,10,Nancy Grace,0.0,0.08333395902002731,0.034482757431629055,0.0011881944611713713,0.04592401594749351,0
13,10,Rob Kardashian,28.333199999999998,0.08333325702611422,0.27586205945303244,1.416809009599413e-05,0.023050234705469685,0
14,1,William Levy,24.0,0.08333325365843587,0.138461536331361,1.7677392555449427e-05,0.001339078494562587,0
14,1,Jack Wagner,23.0,0.08333325365843587,0.0999999984615385,1.767739255544954e-05,0.01394578380313798,0
14,1,Sherri Sheperd,23.0,0.08333325365843587,0.0999999984615385,1.767739255544954e-05,0.01490708817705473,0
14,1,Jaleel White,26.0,0.08333325365843587,0.16153845905325448,1.767739255544954e-05,0.006671179852682377,0
14,1,Roshon Fegan,23.0,0.08333325365843587,0.0999999984615385,1.767739255606713e-05,0.014952801891429014,0
14,1,Melissa Gilbert,20.0,0.08333028561368529,1.5384615147929e-08,0.0003007082407654666,1.339078494562587e-10,1
14,1,Martina Navratilova,20.0,0.08333471573069597,0.015384615147928998,0.00020415520446932073,0.01042662893787889,0
14,1,Donald Driver,21.0,0.08333325365843587,0.053846153017751495,1.7677392556133647e-05,0.00641779797029751,0
14,1,Gavin DeGraw,20.0,0.08333471573069597,0.015384615147928998,0.00020214124479751586,0.011095603645209343,0
14,1,Gladys Knight,23.0,0.08333325365843587,0.0999999984615385,1.7677392557013975e-05,0.014788299049682152,0
14,1,Katherine Jenkins,26.0,0.08333325365843587,0.16153845905325448,1.7677392557013975e-05,0.006796461696150756,0
14,1,Maria Menounos,21.0,0.08333325365843587,0.053846153017751495,1.7677392557013975e-05,0.006527772548323973,0
14,2,William Levy,25.0,0.08333325000008333,0.12337662177432959,0.0,0.006446583628481175,0
14,2,Jack Wagner,21.0,0.08333325000008333,0.058441557682577173,0.0,0.00647269383509598,0
14,2,Sherri Sheperd,23.0,0.08333325000008333,0.09090908972845338,0.0,2.7755575615628914e-17,0
14,2,Jaleel White,22.0,0.08333325000008333,0.0779220769101029,0.0,1.3877787807814457e-17,0
14,2,Roshon Fegan,26.0,0.08333325000008333,0.14935064741103055,0.0,0.0064935064091752445,0
14,2,Melissa Gilbert,20.0,0.08333325000008333,0.03896103845505145,0.0,6.938893903907228e-18,0
14,2,Martina Navratilova,17.0,0.08333325000008333,1.2987012818350482e-08,0.0,1.6543612251060553e-24,1
14,2,Donald Driver,24.0,0.08333325000008333,0.10389610254680387,0.0,1.3877787807814457e-17,0
14,2,Gavin DeGraw,21.0,0.08333325000008333,0.058441557682577173,0.0,0.00647269383509598,0
14,2,Gladys Knight,19.0,0.08333325000008333,0.025974025636700968,0.0,3.469446951953614e-18,0
14,2,Katherine Jenkins,26.0,0.08333325000008333,0.14935064741103055,0.0,0.0064935064091752445,0
14,2,Maria Menounos,25.0,0.08333325000008333,0.12337662177432959,0.0,0.006446583628481175,0
14,3,William Levy,28.0,0.0833453077148408,0.14864864663988317,8.019592907898328e-05,0.002615896992587636,0
14,3,Jack Wagner,24.0,0.04060101096944446,1.3513513330898468e-08,0.0028118466196463457,2.378088175079673e-10,1
14,3,Sherri Sheperd,24.0,0.08326454343964472,0.05405405332359388,0.004319811872890178,0.01999960942078695,0
14,3,Jaleel White,25.0,0.08334524163740795,0.10135134998173852,9.076080404864581e-05,0.007055437866778752,0
14,3,Roshon Fegan,25.0,0.08334530757967258,0.10135134998173852,9.52489824915399e-05,0.006962503303343593,0
14,3,Melissa Gilbert,24.0,0.08326457255890292,0.05405405332359388,0.0022606745697617246,0.018475818667016145,0
14,3,Martina Navratilova,0.0,0.12626801417418054,0.01351351333089847,0.0028482141099856516,0.0002378088175079668,0
14,3,Donald Driver,26.0,0.0833453076063991,0.12162161997808622,9.326870046611544e-05,0.0021402793575717016,0
14,3,Gavin DeGraw,24.0,0.08326455225913308,0.05405405332359388,0.0012751639819429,0.018397430677554658,0
14,3,Gladys Knight,24.0,0.0832646138851629,0.05405405332359388,0.001684445783764046,0.01982336983786435,0
14,3,Katherine Jenkins,29.0,0.08334523943832127,0.16216215997078162,9.085254226194832e-05,0.0028537058100956136,0
14,3,Maria Menounos,27.0,0.08334528873788974,0.1351351333089847,0.00010115000830990855,0.002378088175079678,0
14,4,William Levy,22.0,0.08369839296005352,0.08029196963077417,0.0003661528733963268,0.009681987447245287,0
14,4,Jack Wagner,0.0,0.11937915145859089,0.01459853993286803,0.004394370092297634,0.006067178160730821,0
14,4,Sherri Sheperd,21.0,0.02932637696012629,1.459853993286803e-08,0.004524831966468646,5.139866184393072e-10,1
14,4,Jaleel White,22.0,0.08369839313389325,0.08029196963077417,0.0003654281813654077,0.0118705700451583,0
14,4,Roshon Fegan,26.0,0.08369839636957634,0.14598539932868032,0.00036498298698870135,0.006747026602407111,0
14,4,Melissa Gilbert,22.0,0.08369839636941225,0.08029196963077417,0.00036497883942327857,0.011243804416161907,0
14,4,Martina Navratilova,0.0,0.11937402160089869,0.01459853993286803,0.00423784607111623,0.006152481030578596,0
14,4,Donald Driver,27.0,0.08369839565556225,0.16788320922798236,0.00036440384397388027,0.0027101112141357524,0
14,4,Gavin DeGraw,23.0,0.08369839187477096,0.10948904949651023,0.00036525657980258306,0.0006541647403785127,0
14,4,Gladys Knight,20.0,0.06233229852954988,0.03649634983217008,0.011377951013986826,0.0019157683518180174,0
14,4,Katherine Jenkins,24.0,0.0836983917297094,0.12408758942937827,0.0003646744567980163,0.0011681513588178258,0
14,4,Maria Menounos,26.0,0.08369839335885614,0.14598539932868032,0.0003646670847255548,0.00747084724457857,0
14,5,William Levy,29.0,0.08338392673301592,0.16666666402116406,0.0003372457367679655,0.008604885444990343,0
14,5,Jack Wagner,0.0,0.10442799549932735,0.015873015621063243,0.004832569207158917,0.010318213304823019,0
14,5,Sherri Sheperd,0.0,0.10443536163796306,0.015873015621063243,0.0028509318113236755,0.011350324826167194,0
14,5,Jaleel White,24.0,0.0833839343850006,0.09523809372637947,0.0003377570594686417,0.0002293056023218546,0
14,5,Roshon Fegan,26.0,0.0833839532837691,0.11111110934744271,0.00033799750371957396,0.0010700930910978051,0
14,5,Melissa Gilbert,21.0,0.08338394392805598,0.06349206248425297,0.00033783818608335014,0.0014522693752300603,0
14,5,Martina Navratilova,0.0,0.10442742402181489,0.015873015621063243,0.003114938324102392,0.010450661111903924,0
14,5,Donald Driver,27.0,0.08338402169505096,0.13492063277903757,0.0003378040776462421,0.006270219739902451,0
14,5,Gavin DeGraw,19.0,0.01963675999391001,1.5873015621063245e-08,0.0023425540368292304,8.407874887759555e-10,1
14,5,Gladys Knight,22.0,0.08338391863265227,0.07936507810531622,0.00033739934190431286,0.0006114818864541018,0
14,5,Katherine Jenkins,29.0,0.08338389986645182,0.16666666402116406,0.00033770065390711544,0.007605038542965431,0
14,5,Maria Menounos,27.0,0.0833838603239882,0.13492063277903757,0.0003373293670469839,0.007196478974699022,0
14,6,William Levy,36.0,0.083371028714963,0.15044247521340753,0.000625688529975206,0.0032697086980977923,0
14,6,Jack Wagner,0.0,0.10188933591123377,0.017699114730989122,0.003404723935679807,0.016015893905306142,0
14,6,Sherri Sheperd,0.0,0.1018731279450705,0.017699114730989122,0.003775370464854316,0.015469510905355682,0
14,6,Jaleel White,36.9998,0.08337113120472692,0.16814158994439665,0.0006333447282568178,0.004241784283264042,0
14,6,Roshon Fegan,27.9998,0.08337103075297375,0.07964601628945105,0.0006331190726010436,0.0006185936425672157,0
14,6,Melissa Gilbert,30.0,0.08337098646985158,0.11504424575142928,0.0006334040041196139,0.007236061427881788,0
14,6,Martina Navratilova,0.0,0.1018759204603126,0.017699114730989122,0.003704202694181988,0.01653293145242663,0
14,6,Donald Driver,33.9999,0.08337108815157107,0.13274336048241842,0.000633615831606054,0.002297633112931544,0
14,6,Gavin DeGraw,0.0,0.10188259760229654,0.017699114730989122,0.00415437607813527,0.013831995222038759,0
14,6,Gladys Knight,24.0,0.008880760145844067,1.769911473098912e-08,0.0021689198672105985,9.72075585166251e-10,1
14,6,Katherine Jenkins,38.9999,0.0833710016822082,0.18584070467538577,0.0006232931922755291,0.00521385986843029,0
14,6,Maria Menounos,29.999899999999997,0.08337099095994807,0.09734513102044016,0.0006204576184606634,0.007419268301369742,0
14,7,William Levy,26.5,0.05242432237790829,0.15306122136609754,0.0021836928745114937,0.013651738360189803,0
14,7,Jack Wagner,0.0,0.13887702655242185,0.020408162848813003,0.0015178939470849666,0.0211142715961056,0
14,7,Sherri Sheperd,0.0,0.1388770263397196,0.020408162848813003,0.0014678359594656094,0.021689219749170655,0
14,7,Jaleel White,25.5,9.999990000004823e-09,2.0408162848813002e-08,8.68813391020153e-05,1.1900792740949543e-09,1
14,7,Roshon Fegan,26.0,0.05242432232320484,0.12244897709287803,0.0021999488026257868,0.007889989577817466,0
14,7,Melissa Gilbert,23.5,0.043488510029128576,0.08163265139525201,0.008811407849848293,0.0007697857378350953,0
14,7,Martina Navratilova,0.0,0.13887701804539407,0.020408162848813003,0.00152651269502743,0.020988421567438027,0
14,7,Donald Driver,26.5,0.05242432232284992,0.15306122136609754,0.002181377657214937,0.013237341270639625,0
14,7,Gavin DeGraw,0.0,0.13887888887001404,0.020408162848813003,0.0027928693548217795,0.018702245734950017,0
14,7,Gladys Knight,0.0,0.1388789102487465,0.020408162848813003,0.001508879243558229,0.021822019668736814,0
14,7,Katherine Jenkins,27.0,0.05242432338013791,0.18367346563931702,0.0021863182181174274,0.008930506902736501,0
14,7,Maria Menounos,28.5,0.052424319511484636,0.20408162848813005,0.002182306006687336,0.006586972568847167,0
14,8,William Levy,28.5,1.0011069642083871e-08,0.2405063230251564,2.2476896374245626e-11,0.015057485714892179,0
14,8,Jack Wagner,0.0,0.16473086600929493,0.02531645505527962,0.0010413574685049795,0.028934951844279952,0
14,8,Sherri Sheperd,0.0,0.16473086600918174,0.02531645505527962,0.0008922566908643841,0.02813155342710908,0
14,8,Jaleel White,0.0,0.16473086600918435,0.02531645505527962,0.0009101658693800462,0.024542519429485488,0
14,8,Roshon Fegan,28.0,9.999989999900213e-09,2.531645505527962e-08,5.894958571937703e-11,2.4476697752475818e-09,1
14,8,Melissa Gilbert,25.5,0.00893754052536005,0.11392404774875829,0.0013630829342244134,0.003958635786196714,0
14,8,Martina Navratilova,0.0,0.16473086600917053,0.02531645505527962,0.0008249035896739652,0.026653939333148458,0
14,8,Donald Driver,27.5,1.0014503911499946e-08,0.17721518538695735,0.00022765153892574078,0.012740947301780518,0
14,8,Gavin DeGraw,0.0,0.1647614105061501,0.02531645505527962,0.0008315727858241271,0.028192309889670367,0
14,8,Gladys Knight,0.0,0.16473086600913,0.02531645505527962,0.0007272034975125551,0.029207379029907617,0
14,8,Katherine Jenkins,27.5,1.0014500192213529e-08,0.17721518538695735,0.00029662523911599676,0.014984359872331788,0
14,8,Maria Menounos,26.5,0.002645678883464569,0.1392405028040379,0.0014906580174737468,0.005413760851488194,0
14,9,William Levy,29.0,9.999989981710496e-09,0.2727272628099177,7.840750063207996e-08,0.01936026918098247,0
14,9,Jack Wagner,0.0,0.1250003468899703,0.03636363504132236,0.0010823427965695829,0.042866809435480976,0
14,9,Sherri Sheperd,0.0,0.1250003468898578,0.03636363504132236,0.0010041093903941512,0.04515164550303815,0
14,9,Jaleel White,0.0,0.12500034688976366,0.03636363504132236,0.001097435124113001,0.040048876284669715,0
14,9,Roshon Fegan,0.0,0.12500034688993888,0.03636363504132236,0.001369017616458967,0.03828250320829741,0
14,9,Melissa Gilbert,0.0,0.1250003468899727,0.03636363504132236,0.0013101476143294007,0.04357085473670557,0
14,9,Martina Navratilova,0.0,0.12500034688981426,0.03636363504132236,0.0012515260132358369,0.039885085717684635,0
14,9,Donald Driver,28.5,9.999989981710496e-09,0.23636362776859535,8.002956734415048e-08,0.019977794027412024,0
14,9,Gavin DeGraw,0.0,0.12499843922842492,0.03636363504132236,0.0012165368182811068,0.04144428149256538,0
14,9,Gladys Knight,0.0,0.12499843922848836,0.03636363504132236,0.0015044994516310558,0.04281145463380898,0
14,9,Katherine Jenkins,28.0,9.999989981710496e-09,0.19999999272727298,8.094189723985013e-08,0.013842739698055623,0
14,9,Maria Menounos,29.5,1.0204800999781504e-08,3.636363504132236e-08,1.0374271713127095e-07,3.9416490216634256e-09,1
14,10,William Levy,29.666600000000003,0.08333325702611422,0.22413792330558885,3.0970508387186796e-05,0.019517205341643643,0
14,10,Jack Wagner,0.0,0.08332755676243894,3.4482757431629055e-08,0.0038451570565830274,3.181376280371742e-09,1
14,10,Sherri Sheperd,0.0,0.08333395902002731,0.034482757431629055,0.0010582877437719498,0.04717502161197567,0
14,10,Jaleel White,0.0,0.08333395902002731,0.034482757431629055,0.0009798126852514316,0.04501694202469123,0
14,10,Roshon Fegan,0.0,0.08333395902002731,0.034482757431629055,0.0011367125805423989,0.0458976363121155,0
14,10,Melissa Gilbert,0.0,0.08333395902002731,0.034482757431629055,0.0011990472020407107,0.037980420920799736,0
14,10,Martina Navratilova,0.0,0.08333395902002731,0.034482757431629055,0.001314751040106924,0.04265953103987073,0
14,10,Donald Driver,29.666600000000003,0.08333325702611422,0.22413792330558885,3.097483598067233e-05,0.02037115078744833,0
14,10,Gavin DeGraw,0.0,0.08333395902002731,0.034482757431629055,0.0010188249168273582,0.04897947205659912,0
14,10,Gladys Knight,0.0,0.08333395902002731,0.034482757431629055,0.001065398089950529,0.040203277497179966,0
14,10,Katherine Jenkins,30.0,0.08333325702611422,0.27586205945303244,3.095700719305128e-05,0.02160825722126517,0
14,10,Maria Menounos,0.0,0.08333395902002731,0.034482757431629055,0.0011067024783887325,0.04178270088843479,0
15,1,Gilles Marini,24.0,0.13333333185185187,0.13333333185185187,2.7755575615628914e-17,2.7755575615628914e-17,0
15,1,Sabrina Bryan,22.5,0.12222222086419755,0.12222222086419755,1.3877787807814457e-17,1.3877787807814457e-17,0
15,1,Kirstie Alley,19.0,0.022222221975308647,0.022222221975308647,3.469446951953614e-18,3.469446951953614e-18,0
15,1,Kelly Monaco,21.5,0.07777777691358026,0.07777777691358026,0.00915167113474766,0.008314794100444384,0
15,1,Apolo Anton Ohno,22.0,0.10555555438271606,0.10555555438271606,0.005443310479036948,0.005515410448046933,0
15,1,Emmitt Smith,24.5,0.1444444428395062,0.1444444428395062,0.0,0.0,0
15,1,Shawn Johnson,22.0,0.10555555438271606,0.10555555438271606,0.005443310479036949,0.005515410448046934,0
15,1,Pamela Anderson,17.0,1.1111110987654323e-08,1.1111110987654323e-08,1.6543612251060553e-24,1.6543612251060553e-24,1
15,1,Helio Castroneves,21.5,0.07777777691358026,0.07777777691358026,0.007916227970067193,0.00959423684669644,0
15,1,Joey Fatone,20.5,0.04444444395061729,0.04444444395061729,6.938893903907228e-18,6.938893903907228e-18,0
15,1,Drew Lachey,21.5,0.07777777691358026,0.07777777691358026,0.009688990717496392,0.008844332676010706,0
15,1,Bristol Palin,19.5,0.03333333296296297,0.03333333296296297,6.938893903907228e-18,6.938893903907228e-18,0
15,1,Melissa Rycroft,21.0,0.05555555493827161,0.05555555493827161,6.938893903907228e-18,6.938893903907228e-18,0
15,2,Gilles Marini,25.5,0.14117646892733565,0.14117646892733565,0.0014444209451798065,0.0013463463121070707,0
15,2,Sabrina Bryan,26.0,0.1529411746712803,0.1529411746712803,0.0015647893572781162,0.0014585418381159836,0
15,2,Kirstie Alley,21.0,0.03529411723183391,0.03529411723183391,0.0003611052362949516,0.00033658657802676766,0
15,2,Kelly Monaco,22.0,0.047058822975778555,0.047058822975778555,0.0004814736483932654,0.0004487821040356864,0
15,2,Apolo Anton Ohno,24.5,0.11764705743944638,0.11764705743944638,0.0012036841209831632,0.0011219552600892162,0
15,2,Emmitt Smith,22.5,0.07058823446366783,0.07058823446366783,0.008298397622932819,0.00923639266592264,0
15,2,Shawn Johnson,25.0,0.12941176318339104,0.12941176318339104,0.0013240525330814777,0.0012341507860981346,0
15,2,Pamela Anderson,0.0,0.011764705743944639,0.011764705743944639,0.00012036841209831635,0.0001121955260089216,0
15,2,Helio Castroneves,23.0,0.09411764595155711,0.09411764595155711,0.002281204054042887,0.0020202006656015346,0
15,2,Joey Fatone,22.5,1.1764705743944639e-08,1.1764705743944639e-08,1.2036841209831722e-10,1.1219552600892244e-10,1
15,2,Drew Lachey,22.5,0.07058823446366783,0.07058823446366783,0.009453288431591373,0.009375026535102856,0
15,2,Bristol Palin,18.0,0.023529411487889278,0.023529411487889278,0.0002407368241966327,0.0002243910520178432,0
15,2,Melissa Rycroft,23.5,0.10588235169550175,0.10588235169550175,0.0010833157088848506,0.001799264984211194,0
15,3,Gilles Marini,25.5,0.10457516203169723,0.10457516203169723,0.01352552650520653,0.015109091673339287,0
15,3,Sabrina Bryan,25.5,0.10457516203169723,0.10457516203169723,0.014663540660020792,0.013706245257217125,0
15,3,Kirstie Alley,24.0,0.052287581015848614,0.052287581015848614,0.00617834957941339,0.006150619551785287,0
15,3,Kelly Monaco,27.0,0.15686274304754586,0.15686274304754586,0.008148263112141564,0.007228305382218935,0
15,3,Apolo Anton Ohno,25.5,0.10457516203169723,0.10457516203169723,0.0152823076227097,0.012127360805083752,0
15,3,Emmitt Smith,25.0,0.07189542389679185,0.07189542389679185,0.005856785859942229,0.0033251172403424185,0
15,3,Shawn Johnson,26.5,0.1372549001666026,0.1372549001666026,0.0046176037845060336,0.005132432278412663,0
15,3,Pamela Anderson,0.0,0.013071895253962153,0.013071895253962153,0.0057273097958193174,0.00570205242907285,0
15,3,Helio Castroneves,25.5,1.3071895253962154e-08,1.3071895253962154e-08,3.8082896880007064e-10,4.166964194281956e-10,1
15,3,Joey Fatone,0.0,0.013071895253962153,0.013071895253962153,0.005906056056779439,0.005782461227812995,0
15,3,Drew Lachey,24.0,0.052287581015848614,0.052287581015848614,0.0063359925821888825,0.005674399969413399,0
15,3,Bristol Palin,22.5,0.032679738134905385,0.032679738134905385,0.0016195271879067654,0.0017158564632267464,0
15,3,Melissa Rycroft,27.0,0.15686274304754586,0.15686274304754586,0.007585627728415349,0.007471118987329439,0
15,4,Gilles Marini,39.5,0.1641791020271776,0.1641791020271776,0.007856281440178229,0.0085207105241618,0
15,4,Sabrina Bryan,35.5,0.09701492392515039,0.09701492392515039,0.004938967497716567,0.0048118633590561125,0
15,4,Kirstie Alley,30.0,0.052238805190465594,0.052238805190465594,0.0017540146027141964,0.0020121425283645055,0
15,4,Kelly Monaco,37.5,0.1417910426598352,0.1417910426598352,0.006662756879410855,0.005722627963427581,0
15,4,Apolo Anton Ohno,34.5,0.0820895510135888,0.0820895510135888,0.0016611596105837825,0.0019112094877941199,0
15,4,Emmitt Smith,36.0,0.11194029683671199,0.11194029683671199,0.004983090893436394,0.005179284516755248,0
15,4,Shawn Johnson,39.5,0.1641791020271776,0.1641791020271776,0.007612032065830064,0.008053328189165009,0
15,4,Pamela Anderson,0.0,0.0149253729115616,0.0149253729115616,0.012906706692586437,0.014600160227901017,0
15,4,Helio Castroneves,0.0,0.0149253729115616,0.0149253729115616,0.013776955593732279,0.011664923509983646,0
15,4,Joey Fatone,0.0,0.0149253729115616,0.0149253729115616,0.011406050913560055,0.012269890830970392,0
15,4,Drew Lachey,0.0,0.0149253729115616,0.0149253729115616,0.013154287143811618,0.01255094374411669,0
15,4,Bristol Palin,32.0,1.4925372911561597e-08,1.4925372911561597e-08,8.419269756257358e-10,9.65828374981828e-10,1
15,4,Melissa Rycroft,37.0,0.1268656697482736,0.1268656697482736,0.0058632969806236565,0.006769839471089732,0
15,5,Gilles Marini,28.25,0.13281249792480473,0.13281249792480473,0.019722389344300772,0.015501387125135997,0
15,5,Sabrina Bryan,29.25,0.1718749973144532,0.1718749973144532,0.0064560426189286275,0.007473116788266465,0
15,5,Kirstie Alley,26.25,0.07812499877929689,0.07812499877929689,0.004681348664574296,0.004401924398055153,0
15,5,Kelly Monaco,25.75,0.062499999023437516,0.062499999023437516,0.0052798880431841645,0.004946244813619302,0
15,5,Apolo Anton Ohno,28.25,0.13281249792480473,0.13281249792480473,0.013663155479309177,0.018010827203527723,0
15,5,Emmitt Smith,28.0,0.09374999853515628,0.09374999853515628,0.011421873835066581,0.0180459953798178,0
15,5,Shawn Johnson,28.25,0.13281249792480473,0.13281249792480473,0.017040435309085555,0.016988308281919412,0
15,5,Pamela Anderson,0.0,1.562499975585938e-08,1.562499975585938e-08,1.084683096817051e-09,1.2671480193608834e-09,1
15,5,Helio Castroneves,0.0,0.015624999755859379,0.015624999755859379,0.015294719617034368,0.014520583277408038,0
15,5,Joey Fatone,0.0,0.015624999755859379,0.015624999755859379,0.017827412143766225,0.016187779739911024,0
15,5,Drew Lachey,0.0,0.015624999755859379,0.015624999755859379,0.016025651551194422,0.017207511699080597,0
15,5,Bristol Palin,0.0,0.015624999755859379,0.015624999755859379,0.015694305797217395,0.017582687008407743,0
15,5,Melissa Rycroft,28.25,0.13281249792480473,0.13281249792480473,0.018621099841392475,0.017632307376291092,0
15,6,Gilles Marini,27.5,0.11926605285750362,0.11926605285750362,0.009040599216863284,0.012418306278206635,0
15,6,Sabrina Bryan,30.0,1.8348623516539018e-08,1.8348623516539018e-08,1.2130756009029408e-09,1.3248858454044468e-09,1
15,6,Kirstie Alley,27.5,0.11926605285750362,0.11926605285750362,0.00939961878153086,0.012681980163247598,0
15,6,Kelly Monaco,27.0,0.0917431175826951,0.0917431175826951,0.0076918049701833685,0.00976821878881327,0
15,6,Apolo Anton Ohno,30.0,0.1926605469236597,0.1926605469236597,0.009666847425079,0.011333980396616003,0
15,6,Emmitt Smith,26.5,0.07339449406615607,0.07339449406615607,0.0035440848481888723,0.006253708649710276,0
15,6,Shawn Johnson,28.0,0.14678898813231214,0.14678898813231214,0.008031399064366805,0.007182090769976484,0
15,6,Pamela Anderson,0.0,0.018348623516539018,0.018348623516539018,0.017762995427351103,0.01940188548652669,0
15,6,Helio Castroneves,0.0,0.018348623516539018,0.018348623516539018,0.018430803304759456,0.01928754493176828,0
15,6,Joey Fatone,0.0,0.018348623516539018,0.018348623516539018,0.019030939743502326,0.01987679454237791,0
15,6,Drew Lachey,0.0,0.018348623516539018,0.018348623516539018,0.018650362776446834,0.016894477912534483,0
15,6,Bristol Palin,0.0,0.018348623516539018,0.018348623516539018,0.019933093606181035,0.015729789190894364,0
15,6,Melissa Rycroft,29.5,0.16513761164885116,0.16513761164885116,0.007203608207936597,0.008421439501240642,0
15,7,Gilles Marini,33.4998,0.11304347629489607,0.11304347629489607,0.005921928413097525,0.004410860327432773,0
15,7,Sabrina Bryan,0.0,1.7391304045368624e-08,1.7391304045368624e-08,1.3940743314441372e-09,1.1574833790415543e-09,1
15,7,Kirstie Alley,27.999899999999997,0.07826086820415881,0.07826086820415881,0.0017033604758447162,0.0016342159368237929,0
15,7,Kelly Monaco,36.0,0.14782608438563333,0.14782608438563333,0.005340825191282676,0.0052959188001473305,0
15,7,Apolo Anton Ohno,33.0,0.09565217224952745,0.09565217224952745,0.005007162236323069,0.003992949027427486,0
15,7,Emmitt Smith,34.4999,0.1304347803402647,0.1304347803402647,0.004035881538867681,0.004205166948776861,0
15,7,Shawn Johnson,37.9998,0.16521738843100195,0.16521738843100195,0.006672724741074983,0.0063205146575669524,0
15,7,Pamela Anderson,0.0,0.017391304045368625,0.017391304045368625,0.021571943705965758,0.019475351233711333,0
15,7,Helio Castroneves,0.0,0.017391304045368625,0.017391304045368625,0.0180150021503983,0.0197776031216496,0
15,7,Joey Fatone,0.0,0.017391304045368625,0.017391304045368625,0.02160017038783458,0.02009534470995064,0
15,7,Drew Lachey,0.0,0.017391304045368625,0.017391304045368625,0.020014918878592153,0.0207745808841187,0
15,7,Bristol Palin,0.0,0.017391304045368625,0.017391304045368625,0.020298227667442912,0.021790641722632894,0
15,7,Melissa Rycroft,38.9999,0.18260869247637057,0.18260869247637057,0.008799925690280961,0.007997342800515126,0
15,8,Gilles Marini,29.2777,2.020201979389859e-08,2.020201979389859e-08,1.486301989571817e-09,1.6255355582929375e-09,1
15,8,Sabrina Bryan,0.0,0.02020201979389859,0.02020201979389859,0.02420240120824365,0.022153622690007292,0
15,8,Kirstie Alley,25.5,0.09090908907254366,0.09090908907254366,0.0010013726005346558,0.0011949034039644589,0
15,8,Kelly Monaco,28.3333,0.13131312866034084,0.13131312866034084,0.007314139960541657,0.007023768211450533,0
15,8,Apolo Anton Ohno,29.2777,0.18181817814508733,0.18181817814508733,0.014112129814843383,0.015897647395314112,0
15,8,Emmitt Smith,29.0554,0.15151514845423944,0.15151514845423944,0.012668236858940229,0.011911171325507215,0
15,8,Shawn Johnson,27.8333,0.11111110886644225,0.11111110886644225,0.007398200857311683,0.006778578181614748,0
15,8,Pamela Anderson,0.0,0.02020201979389859,0.02020201979389859,0.021380120342326385,0.025674653440253152,0
15,8,Helio Castroneves,0.0,0.02020201979389859,0.02020201979389859,0.022715471138684357,0.02433512856356611,0
15,8,Joey Fatone,0.0,0.02020201979389859,0.02020201979389859,0.024174711541551982,0.020164352512148914,0
15,8,Drew Lachey,0.0,0.02020201979389859,0.02020201979389859,0.023482933351632637,0.022090450273797767,0
15,8,Bristol Palin,0.0,0.02020201979389859,0.02020201979389859,0.023096871813468405,0.023365827654032667,0
15,8,Melissa Rycroft,30.0,0.21212120783593522,0.21212120783593522,0.010486751218249506,0.010525963292020107,0
15,9,Gilles Marini,0.0,0.026315788781163457,0.026315788781163457,0.03404021041558144,0.033206700137072914,0
15,9,Sabrina Bryan,0.0,0.026315788781163457,0.026315788781163457,0.0334513843186938,0.03674597234271389,0
15,9,Kirstie Alley,0.0,0.026315788781163457,0.026315788781163457,0.03577599887568601,0.03405468702558916,0
15,9,Kelly Monaco,27.110999999999997,0.17105262707756247,0.17105262707756247,0.010581501313714737,0.0108324588300745,0
15,9,Apolo Anton Ohno,28.611,2.6315788781163454e-08,2.6315788781163454e-08,2.784538192520688e-09,2.870381981641423e-09,1
15,9,Emmitt Smith,27.0,0.144736838296399,0.144736838296399,0.01211340767041282,0.012936299932369054,0
15,9,Shawn Johnson,29.5,0.24999999342105284,0.24999999342105284,0.018000463950027922,0.018333721558308723,0
15,9,Pamela Anderson,0.0,0.026315788781163457,0.026315788781163457,0.034570327984320574,0.028129279862498167,0
15,9,Helio Castroneves,0.0,0.026315788781163457,0.026315788781163457,0.032983885881559635,0.03581429775713166,0
15,9,Joey Fatone,0.0,0.026315788781163457,0.026315788781163457,0.03301612629461512,0.033401525799837066,0
15,9,Drew Lachey,0.0,0.026315788781163457,0.026315788781163457,0.0334196203798807,0.03663991337644642,0
15,9,Bristol Palin,0.0,0.026315788781163457,0.026315788781163457,0.03220474450596319,0.0331481024623255,0
15,9,Melissa Rycroft,28.7777,0.22368420463988936,0.22368420463988936,0.0178833150045975,0.015698591863021992,0
15,10,Gilles Marini,0.0,3.174603073822125e-08,3.174603073822125e-08,2.9788178824519212e-09,2.9479278605292936e-09,1
15,10,Sabrina Bryan,0.0,0.03174603073822125,0.03174603073822125,0.04599700254192914,0.04331211166963015,0
15,10,Kirstie Alley,0.0,0.03174603073822125,0.03174603073822125,0.041779945529340466,0.04130993912168276,0
15,10,Kelly Monaco,29.1109,0.23809523053665937,0.23809523053665937,0.02106180575843853,0.01633881506956984,0
15,10,Apolo Anton Ohno,0.0,0.03174603073822125,0.03174603073822125,0.041300412555232244,0.04116870885714701,0
15,10,Emmitt Smith,0.0,0.03174603073822125,0.03174603073822125,0.042780243605778305,0.04227863955775893,0
15,10,Shawn Johnson,28.944300000000002,0.2063491997984381,0.2063491997984381,0.01870224060111053,0.020461444700889137,0
15,10,Pamela Anderson,0.0,0.03174603073822125,0.03174603073822125,0.042903161171345114,0.04166620131468526,0
15,10,Helio Castroneves,0.0,0.03174603073822125,0.03174603073822125,0.0431824266619283,0.041093604557471096,0
15,10,Joey Fatone,0.0,0.03174603073822125,0.03174603073822125,0.040750242341569196,0.04342924926492764,0
15,10,Drew Lachey,0.0,0.03174603073822125,0.03174603073822125,0.0423290405499932,0.04398530681611049,0
15,10,Bristol Palin,0.0,0.03174603073822125,0.03174603073822125,0.04211053438483379,0.043528955027527585,0
15,10,Melissa Rycroft,29.333099999999998,0.2698412612748806,0.2698412612748806,0.01679934282009452,0.02047783416797002,0
16,1,Ingo Rademacher,20.0,0.07311296639002227,0.11029411602508653,0.003125649899303249,0.00765908351812456,0
16,1,Zendaya,24.0,0.08378436065912932,0.17647058564013846,0.000774600574352716,0.002216682891961871,0
16,1,Dorothy Hamill,21.0,0.0840532671592515,0.14705882136678206,0.0012183062615853328,0.010392055789094497,0
16,1,Victor Ortiz,18.0,0.0912189773566576,0.05882352854671282,0.002927881893301139,0.011580477605285957,0
16,1,Alexandra Raisman,21.0,0.05889089306910967,1.4705882136678204e-08,0.0023608111269269216,1.8472357433015523e-10,1
16,1,Jacoby Jones,20.0,0.07311296639489093,0.11029411602508653,0.003627249309872509,0.007171568417975685,0
16,1,D. L. Hughley,12.0,0.09817687526758719,0.014705882136678205,0.002373463497156793,0.00018472357433015586,0
16,1,Andy Dick,17.0,0.08574369548764557,0.02941176427335641,0.0014709757113422254,0.0003694471486603117,0
16,1,Wynonna Judd,18.0,0.09121897728642266,0.05882352854671282,0.003231394882996969,0.013025386427749511,0
16,1,Kellie Pickler,21.0,0.0840532672543179,0.14705882136678206,0.0022360239161428428,0.011111823361295556,0
16,1,Lisa Vanderpump,18.0,0.09121897739253479,0.05882352854671282,0.0032690656788357756,0.011352377908078479,0
16,1,Sean Lowe,19.0,0.0854137762834309,0.08823529282006923,0.0013716316522086084,0.0011083414459809354,0
16,2,Ingo Rademacher,20.0,0.08333325000008333,0.09090908972845338,0.0,0.009887203149867118,0
16,2,Zendaya,26.0,0.08333325000008333,0.14935064741103055,0.0,0.0064935064091752445,0
16,2,Dorothy Hamill,15.0,0.08333325000008333,1.2987012818350482e-08,0.0,1.6543612251060553e-24,1
16,2,Victor Ortiz,18.0,0.08333325000008333,0.051948051273401935,0.0,0.010595365085447797,0
16,2,Alexandra Raisman,24.0,0.08333325000008333,0.12987012818350482,0.0,2.7755575615628914e-17,0
16,2,Jacoby Jones,23.0,0.08333325000008333,0.11688311536515435,0.0,0.0,0
16,2,D. L. Hughley,16.0,0.08333325000008333,0.025974025636700968,0.0,3.469446951953614e-18,0
16,2,Andy Dick,20.0,0.08333325000008333,0.09090908972845338,0.0,0.011214043046530819,0
16,2,Wynonna Judd,18.0,0.08333325000008333,0.051948051273401935,0.0,0.010222684882383015,0
16,2,Kellie Pickler,26.0,0.08333325000008333,0.14935064741103055,0.0,0.006493506409175245,0
16,2,Lisa Vanderpump,18.0,0.08333325000008333,0.051948051273401935,0.0,0.010712514472461514,0
16,2,Sean Lowe,20.0,0.08333325000008333,0.09090908972845338,0.0,0.010470464472199877,0
16,3,Ingo Rademacher,21.0,0.08326979351988349,0.07894736738227148,0.00015954897577460662,0.010608233739758173,0
16,3,Zendaya,25.9998,0.08326979351989174,0.151315787482687,0.00015954860099587066,0.006578947281855957,0
16,3,Dorothy Hamill,0.0,0.11556122690127142,0.013157894563711914,0.0008865564163964248,1.734723475976807e-18,0
16,3,Victor Ortiz,23.0,0.08326979818489386,0.11184210379155127,0.00015954531042404758,0.006233010066579873,0
16,3,Alexandra Raisman,23.0,0.08326980241221069,0.11184210379155127,0.00015955566580562203,0.006233010066579873,0
16,3,Jacoby Jones,25.9998,0.08326980241219795,0.151315787482687,0.00015955570084013972,0.006578947281855957,0
16,3,D. L. Hughley,16.0,0.08326980241220919,0.03947368369113574,0.0001595557015423217,0.0,0
16,3,Andy Dick,18.0,0.08326980241219947,0.052631578254847655,0.00015955570064090288,6.938893903907228e-18,0
16,3,Wynonna Judd,15.0,0.05173977113537089,1.3157894563711913e-08,0.0008479164957427875,1.6543612251060553e-24,1
16,3,Kellie Pickler,25.0,0.08326980231771433,0.13157894563711914,0.00015954865693526194,0.0,0
16,3,Lisa Vanderpump,21.0,0.08326980244254596,0.07894736738227148,0.00015955561203847795,0.010423843189338042,0
16,3,Sean Lowe,21.0,0.08326980233061117,0.07894736738227148,0.00015955601602479167,0.010799096978266193,0
16,4,Ingo Rademacher,23.0,0.0834370327735729,0.10869565059861376,0.00024875648607764286,0.0008831110703646884,0
16,4,Zendaya,26.0,0.08343703277349392,0.14492753413148501,0.00024768936642368436,0.0074104029951344505,0
16,4,Dorothy Hamill,0.0,0.109727678583851,0.014492753413148502,0.0016853982927925997,0.006417535916285598,0
16,4,Victor Ortiz,18.0,0.08360943623794159,0.0434782602394455,0.0014460147167006116,0.006571510541787701,0
16,4,Alexandra Raisman,27.0,0.08343703718980015,0.16666666425120777,0.00022826426090210414,0.0024961782747955695,0
16,4,Jacoby Jones,24.0,0.08343703718978816,0.12318840401176226,0.00022826460322568497,0.0012430047341966178,0
16,4,D. L. Hughley,21.0,0.08343703718980382,0.086956520478891,0.00022825093245620884,0.006831317271337937,0
16,4,Andy Dick,21.0,0.08343703718980786,0.086956520478891,0.00022826418902352914,0.0068821514790247595,0
16,4,Wynonna Judd,0.0,0.1097076584560368,0.014492753413148502,0.0010922138005809118,0.006315600163509954,0
16,4,Kellie Pickler,26.0,0.08343703547148935,0.14492753413148501,0.0002282529277375464,0.006543264394413959,0
16,4,Lisa Vanderpump,18.0,0.029457930578361137,1.4492753413148501e-08,0.0012194011476190838,4.4631065324712927e-10,1
16,4,Sean Lowe,20.0,0.08343704636705329,0.06521739035916826,0.0002475562593980497,0.0009352415373151589,0
16,5,Ingo Rademacher,21.0,0.08338020535111669,0.08799999859200003,0.00047870764542887233,0.007031714735036528,0
16,5,Zendaya,29.0,0.0833802022278906,0.17599999718400006,0.00047877466091153926,0.003969384267493223,0
16,5,Dorothy Hamill,0.0,0.10481742326907088,0.015999999744000005,0.002695985206572014,0.011030849895689405,0
16,5,Victor Ortiz,21.0,0.08338020166939099,0.08799999859200003,0.00026008626102605475,0.0071517500580773165,0
16,5,Alexandra Raisman,25.0,0.0833802044402093,0.12799999795200004,0.00046016922242551823,0.0018249752262566058,0
16,5,Jacoby Jones,26.0,0.08338020303062127,0.14399999769600005,0.0004190298305047804,0.002528160758713757,0
16,5,D. L. Hughley,18.0,0.01871047789988013,1.5999999744000003e-08,0.0022058170235467987,7.3510658526763e-10,1
16,5,Andy Dick,18.0,0.08317734178364135,0.05599999910400002,0.007187398302717131,0.006482196380128605,0
16,5,Wynonna Judd,0.0,0.10482317201623408,0.015999999744000005,0.0035084838970083835,0.010403742092774523,0
16,5,Kellie Pickler,27.0,0.08338020504210286,0.15999999744000004,0.00027151854388832614,0.0032455234478828794,0
16,5,Lisa Vanderpump,0.0,0.10480916214865857,0.015999999744000005,0.0020501458226634987,0.011303711285239994,0
16,5,Sean Lowe,24.0,0.0833802011221834,0.11199999820800004,0.0002947711232744144,0.0011619964347657163,0
16,6,Ingo Rademacher,23.0,0.082217942517989,0.12389380311692384,0.0016433515618280085,0.009604506329057938,0
16,6,Zendaya,25.5,0.08221791358897383,0.15044247521340753,0.0016358918918823186,0.005043896486383025,0
16,6,Dorothy Hamill,0.0,0.10609555286894802,0.017699114730989122,0.0033698802221000046,0.016225742591050727,0
16,6,Victor Ortiz,20.0,9.999990059516529e-09,1.769911473098912e-08,0.0002988796706247308,1.2079401480641164e-09,1
16,6,Alexandra Raisman,26.0,0.08221790716265882,0.16814158994439665,0.0016428214456421983,0.005996049800042255,0
16,6,Jacoby Jones,22.5,0.08221790716259965,0.09734513102044016,0.0016345600244956743,0.005801280896524484,0
16,6,D. L. Hughley,0.0,0.10609791026228872,0.017699114730989122,0.004552666743843195,0.015619497771392876,0
16,6,Andy Dick,21.5,0.08221790716267705,0.07964601628945105,0.0016428003397633785,0.0007686892949444521,0
16,6,Wynonna Judd,0.0,0.10610489375100898,0.017699114730989122,0.002012688077794584,0.014491769703391775,0
16,6,Kellie Pickler,27.0,0.08221784656021154,0.18584070467538577,0.0016336553807981304,0.006478951593440244,0
16,6,Lisa Vanderpump,0.0,0.10617559248206701,0.017699114730989122,0.008377702675941307,0.014881260394867877,0
16,6,Sean Lowe,23.0,0.08221761648158747,0.12389380311692384,0.0016406301913754894,0.009729578588563582,0
16,7,Ingo Rademacher,25.0,0.08333260733903086,0.11999999760000006,0.001048410558551909,0.001825396009574947,0
16,7,Zendaya,30.0,0.08333255828356036,0.17999999640000008,0.001002677995630637,0.006138531534262193,0
16,7,Dorothy Hamill,0.0,0.09873002913133339,0.01999999960000001,0.003710578751036442,0.01991966123432501,0
16,7,Victor Ortiz,0.0,0.09873002876817069,0.01999999960000001,0.002046392370953127,0.021890275726750046,0
16,7,Alexandra Raisman,32.0,0.0833326757368285,0.1999999960000001,0.0010053182687662747,0.006845235349646007,0
16,7,Jacoby Jones,27.0,0.08333267573681807,0.13999999720000006,0.0010049556243843783,0.0030803558445927086,0
16,7,D. L. Hughley,0.0,0.09873012206370889,0.01999999960000001,0.005709310430975167,0.02107613779385802,0
16,7,Andy Dick,17.0,0.00633410465725652,1.9999999600000007e-08,0.001973151324829897,1.2549598350177635e-09,1
16,7,Wynonna Judd,0.0,0.09873971757251068,0.01999999960000001,0.004165986853735137,0.019535452666496932,0
16,7,Kellie Pickler,29.0,0.08333312735365415,0.15999999680000007,0.0009833249685434536,0.004655902359325139,0
16,7,Lisa Vanderpump,0.0,0.09873876254011035,0.01999999960000001,0.0025345387690163543,0.0206119257977328,0
16,7,Sean Lowe,24.0,0.08333259081801751,0.09999999800000005,0.00100482761178487,0.0005704361745571815,0
16,8,Ingo Rademacher,24.0,0.03805888290071222,0.1264367787026028,0.0030218246823625187,0.002327195065693532,0
16,8,Zendaya,29.0,0.03805885931347204,0.21839079957722302,0.0030210853379259756,0.008350523825331429,0
16,8,Dorothy Hamill,0.0,0.13495309667653443,0.022988505218655055,0.01013673766422861,0.024901423321624924,0
16,8,Victor Ortiz,0.0,0.1349530152187572,0.022988505218655055,0.00210575706705782,0.02650630394887794,0
16,8,Alexandra Raisman,28.0,0.03805888287860144,0.19540229435856796,0.003021832629550494,0.007469891056382088,0
16,8,Jacoby Jones,26.0,0.038058882878584235,0.14942528392125784,0.003021316157777979,0.0038330272556030107,0
16,8,D. L. Hughley,0.0,0.1349531641033793,0.022988505218655055,0.002014988351028079,0.02449443162938422,0
16,8,Andy Dick,0.0,0.13495311700753787,0.022988505218655055,0.0018263805402641401,0.024692819296442937,0
16,8,Wynonna Judd,0.0,0.13495235748630777,0.022988505218655055,0.0019852055696771,0.025769149212469904,0
16,8,Kellie Pickler,27.5,0.03805888266605616,0.1724137891399129,0.003022211401670782,0.007935004945838894,0
16,8,Lisa Vanderpump,0.0,0.1349398488710675,0.022988505218655055,0.0036251384832834996,0.02861595327801842,0
16,8,Sean Lowe,21.0,9.999990033309224e-09,2.2988505218655053e-08,8.284442743298295e-09,1.5058321899094748e-09,1
16,9,Ingo Rademacher,25.5,1.0000010452328976e-08,2.7027026296566858e-08,2.4932022238934196e-09,2.057668023051145e-09,1
16,9,Zendaya,27.5,9.999990000008447e-09,0.16216215777940116,9.570763320517818e-10,0.005424760964619562,0
16,9,Dorothy Hamill,0.0,0.14285699285702405,0.027027026296566857,0.0012056802187846436,0.033778254750631564,0
16,9,Victor Ortiz,0.0,0.1428569928564784,0.027027026296566857,0.001037695974868798,0.03397396051468507,0
16,9,Alexandra Raisman,29.5,9.999990000008447e-09,0.2297297235208183,9.506880865428662e-10,0.015300955055373258,0
16,9,Jacoby Jones,29.5,9.999990000008447e-09,0.2297297235208183,9.506962650277946e-10,0.015136418207303461,0
16,9,D. L. Hughley,0.0,0.14285699285728273,0.027027026296566857,0.0008925293939927318,0.03139496516431274,0
16,9,Andy Dick,0.0,0.14285699285764303,0.027027026296566857,0.00131470814820318,0.03209806310575239,0
16,9,Wynonna Judd,0.0,0.14285699285727116,0.027027026296566857,0.0007309122035779302,0.033101109442122564,0
16,9,Kellie Pickler,29.0,9.999990000008447e-09,0.18918918407596802,9.507086630846112e-10,0.007372143834510468,0
16,9,Lisa Vanderpump,0.0,0.14285699285758913,0.027027026296566857,0.0010977930553933762,0.03276831669172119,0
16,9,Sean Lowe,0.0,0.142856992857741,0.027027026296566857,0.0009309974172765774,0.03198341338930552,0
16,10,Ingo Rademacher,0.0,0.1249999531481077,0.033898303935650714,0.0011453206768310175,0.03801580626567003,0
16,10,Zendaya,30.0,9.99998999800466e-09,0.2711864314852057,4.724958299875291e-08,0.02061749933998749,0
16,10,Dorothy Hamill,0.0,0.1249999531485015,0.033898303935650714,0.0014843198023536354,0.041332030704522196,0
16,10,Victor Ortiz,0.0,0.12499995314834024,0.033898303935650714,0.0011981087881443257,0.03871283435529942,0
16,10,Alexandra Raisman,29.0,1.0022796818455057e-08,3.389830393565071e-08,6.122921165792097e-08,3.649972158985647e-09,1
16,10,Jacoby Jones,27.999899999999997,9.99998999800466e-09,0.18644067164607891,4.868755993230022e-08,0.010619568955188055,0
16,10,D. L. Hughley,0.0,0.1249999499926257,0.033898303935650714,0.001465066265455541,0.04387452963100374,0
16,10,Andy Dick,0.0,0.12499994999213351,0.033898303935650714,0.0011261792831080563,0.042420894901963796,0
16,10,Wynonna Judd,0.0,0.12499973351446256,0.033898303935650714,0.001114737642034709,0.03822885696840876,0
16,10,Kellie Pickler,30.0,9.99998999800466e-09,0.2711864314852057,4.725541336881729e-08,0.021197565757895078,0
16,10,Lisa Vanderpump,0.0,0.12499973351656327,0.033898303935650714,0.001141788192921153,0.04145274944505139,0
16,10,Sean Lowe,0.0,0.1249997335174989,0.033898303935650714,0.0008964648323380946,0.04221649551992862,0
17,1,Valerie Harper,21.0,0.08265754720587783,0.06122448896293212,0.005507031912542999,0.006199863792791273,0
17,1,Brant Daugherty,22.0,0.08279340748185848,0.08843537294645751,0.00028655501529694066,0.006709586592920984,0
17,1,Elizabeth Berkley Lauren,24.0,0.08279340743783235,0.1428571409135083,0.000287157863284452,0.0069347255820310615,0
17,1,Leah Remini,21.0,0.059240735446980226,1.3605441991762694e-08,0.0040039308861161815,8.985309714403172e-11,1
17,1,Corbin Bleu,24.0,0.08279340748883632,0.1428571409135083,0.00028692969200553263,0.006725926538323419,0
17,1,Amber Riley,27.0,0.08279340748884201,0.16326530390115232,0.0002869297079873482,0.0010782371657283862,0
17,1,Keyshawn Johnson,17.0,0.097840428496353,0.027210883983525388,0.007846204639032425,0.00017970619428806325,0
17,1,Bill Engvall,18.0,0.09416000965117512,0.04081632597528808,0.004620856459806805,0.00026955929143209655,0
17,1,Christina Milian,22.0,0.08279340744864737,0.08843537294645751,0.0002864837649908497,0.006868449317631874,0
17,1,"Nicole ""Snooki"" Polizzi",23.0,0.08279340745795633,0.1156462569299829,0.0002862902302185454,0.0068518200941142865,0
17,1,Jack Osbourne,23.0,0.0827934074865429,0.1156462569299829,0.0002866424374121363,0.006818495262506652,0
17,1,Bill Nye,14.0,0.0865464269100982,0.013605441991762694,0.0041594762024839155,8.985309714403162e-05,0
17,2,Valerie Harper,19.0,0.08333232920438054,0.03947368369113574,2.7622493020592876e-08,0.0,0
17,2,Brant Daugherty,23.0,0.08333232920438076,0.07894736738227148,2.7622492886900242e-08,0.0,0
17,2,Elizabeth Berkley Lauren,25.0,0.08333232920438056,0.1381578929189751,2.7622492877106904e-08,0.006573682017081445,0
17,2,Leah Remini,24.0,0.08333232920438055,0.10526315650969531,2.762249287675966e-08,0.010686284335310443,0
17,2,Corbin Bleu,26.0,0.08333232920438056,0.15789473476454297,2.7622488959814373e-08,0.0,0
17,2,Amber Riley,24.0,0.08333232920438056,0.10526315650969531,2.7622488956606235e-08,0.010513149522426022,0
17,2,Keyshawn Johnson,18.0,0.07608983332065952,1.3157894563711913e-08,0.00017465057809073288,1.6543612251060553e-24,1
17,2,Bill Engvall,21.0,0.08333232920438058,0.06578947281855957,2.762248895343623e-08,0.0,0
17,2,Christina Milian,25.0,0.08333232920438058,0.1381578929189751,2.762249302475497e-08,0.006573682017081445,0
17,2,"Nicole ""Snooki"" Polizzi",20.0,0.08333232920438058,0.052631578254847655,2.7622491730909612e-08,6.938893903907228e-18,0
17,2,Jack Osbourne,24.0,0.08333232920438058,0.10526315650969531,2.762248754409621e-08,0.011005538626941062,0
17,2,Bill Nye,17.0,0.09058587463653461,0.013157894563711914,0.00017437437226129347,1.734723475976807e-18,0
17,3,Valerie Harper,16.0,0.08333576199255013,0.033112582342879705,0.006864840298113627,0.006274131541603241,0
17,3,Brant Daugherty,27.0,0.08333440050542862,0.1589403952458226,4.7310838257076266e-05,0.0010313640749023904,0
17,3,Elizabeth Berkley Lauren,25.0,0.0833344005054467,0.112582779965791,4.733049205247729e-05,0.006798639171063351,0
17,3,Leah Remini,24.0,0.0833344005054506,0.0794701976229113,4.733049205319144e-05,0.009154727434745347,0
17,3,Corbin Bleu,26.0,0.08333439804108711,0.13907284584009477,4.8147208984053246e-05,0.0068309435678965205,0
17,3,Amber Riley,24.0,0.08333439804108622,0.0794701976229113,4.814720973595099e-05,0.011785753225182365,0
17,3,Keyshawn Johnson,0.0,0.11468416373429999,0.013245032937151882,0.0034533024091171704,8.594700624186672e-05,0
17,3,Bill Engvall,24.0,0.08333439311939231,0.0794701976229113,4.7991106522863184e-05,0.01114150884006292,0
17,3,Christina Milian,26.0,0.08333440098780932,0.13907284584009477,4.533835593805463e-05,0.006416414692331037,0
17,3,"Nicole ""Snooki"" Polizzi",25.0,0.08333439972344944,0.112582779965791,4.984140271673804e-05,0.006465383268698135,0
17,3,Jack Osbourne,22.0,0.08333439764569844,0.05298013174860753,5.31034435284219e-05,0.0003437880249674669,0
17,3,Bill Nye,16.0,0.05196948519930104,1.3245032937151882e-08,0.00371126037676467,8.594700624186622e-11,1
17,4,Valerie Harper,18.0,0.032807634379611476,1.4388489001604474e-08,0.0013418676394059573,3.661253947460147e-10,1
17,4,Brant Daugherty,21.0,0.08330195155490513,0.057553956006417904,0.0002693111661036656,0.006541088902037296,0
17,4,Elizabeth Berkley Lauren,27.0,0.08330195148392779,0.15107913451684699,0.0002691188524295442,0.011388796040548405,0
17,4,Leah Remini,24.0,0.08330195148390963,0.10071942301123132,0.00026912999701878844,0.014360424423997565,0
17,4,Corbin Bleu,27.0,0.0833019428312291,0.15107913451684699,0.000269339824495268,0.01112624079124408,0
17,4,Amber Riley,27.0,0.08330194283126668,0.15107913451684699,0.0002693413137115449,0.01082146412167946,0
17,4,Keyshawn Johnson,0.0,0.1087376759494673,0.014388489001604476,0.0012119235301516513,0.006496554607457026,0
17,4,Bill Engvall,21.0,0.08330194283122608,0.057553956006417904,0.0002692837157930973,0.007027608026462556,0
17,4,Christina Milian,24.0,0.08330184180478999,0.10071942301123132,0.0002693409191710815,0.014717883010676306,0
17,4,"Nicole ""Snooki"" Polizzi",24.0,0.08330188584373188,0.10071942301123132,0.00026934797238711177,0.015024016420795717,0
17,4,Jack Osbourne,24.0,0.08330188580082777,0.10071942301123132,0.0002693302754590263,0.014745966014190148,0
17,4,Bill Nye,0.0,0.10873639320610722,0.014388489001604476,0.0023982982869251257,0.006464226865755508,0
17,5,Valerie Harper,0.0,0.15131344152098491,0.01801801769336905,0.009272407491748246,0.011257958838169033,0
17,5,Brant Daugherty,27.0,0.06311112623555386,0.1441441415469524,0.006537518459933857,0.014575590469149524,0
17,5,Elizabeth Berkley Lauren,26.0,0.0641265917544228,0.09909909731352978,0.005728503238957534,0.008544445750035254,0
17,5,Leah Remini,22.0,0.08774124733090301,0.054054053080107155,0.004341721974769452,0.0019452690076839558,0
17,5,Corbin Bleu,28.0,0.03257062408361337,0.18918918578037505,0.009593330090353038,0.008866869005623649,0
17,5,Amber Riley,26.0,0.06412659955041562,0.09909909731352978,0.005683584257691652,0.008286507219314204,0
17,5,Keyshawn Johnson,0.0,0.15138620376265483,0.01801801769336905,0.009302002007081043,0.011966269310605076,0
17,5,Bill Engvall,24.0,0.07594241207597763,0.0720720707734762,0.0036570956492514945,0.0011332950676126012,0
17,5,Christina Milian,28.0,0.03222618354586983,1.801801769336905e-08,0.009078813131696254,9.187254831672844e-10,1
17,5,"Nicole ""Snooki"" Polizzi",27.0,0.06311113446235628,0.1441441415469524,0.00685828577898491,0.014037218947885113,0
17,5,Jack Osbourne,27.0,0.06311113551383868,0.1441441415469524,0.008045598211628344,0.01245168449763537,0
17,5,Bill Nye,0.0,0.15123230016440933,0.01801801769336905,0.009326744599342204,0.01179590922918773,0
17,6,Valerie Harper,0.0,0.08333088980633857,1.6949152255099113e-08,0.0015331292375500502,1.034424400590826e-09,1
17,6,Brant Daugherty,31.0,0.08333325291280104,0.14406779416834248,4.157778136305662e-06,0.003966336417466337,0
17,6,Elizabeth Berkley Lauren,31.9998,0.08333325291280104,0.16101694642344158,4.15777813631277e-06,0.010090313511100058,0
17,6,Leah Remini,27.999899999999997,0.08333325291280104,0.11016948965814424,4.157778136312025e-06,0.0030609677022797404,0
17,6,Corbin Bleu,26.999899999999997,0.08333325291280104,0.09322033740304514,4.1577781362872e-06,0.008694684222981513,0
17,6,Amber Riley,31.999899999999997,0.08333325291280104,0.1779660986785407,4.157778136287281e-06,0.008095533441136402,0
17,6,Keyshawn Johnson,0.0,0.08333402896408436,0.016949152255099114,0.000576023527974698,0.013920724559004222,0
17,6,Bill Engvall,23.9999,0.08333325291280104,0.059322032892846904,4.1577781362949e-06,0.0021883741238169895,0
17,6,Christina Milian,0.0,0.08333402896408436,0.016949152255099114,0.0007695615146082571,0.01485832148295469,0
17,6,"Nicole ""Snooki"" Polizzi",30.0,0.08333325291280104,0.12711864191324337,4.157778135044611e-06,0.0027103963987683507,0
17,6,Jack Osbourne,26.9998,0.08333325291280104,0.07627118514794602,4.1577781349211084e-06,0.007189419227728649,0
17,6,Bill Nye,0.0,0.08333402896408436,0.016949152255099114,0.0007406728708508319,0.014854591171722683,0
17,7,Valerie Harper,0.0,0.12184981874199918,0.018518518175582997,0.0017187759381116687,0.016262679430495565,0
17,7,Brant Daugherty,28.5,0.07414463499055145,0.14814814540466398,0.0014061963485420034,0.009020500427842236,0
17,7,Elizabeth Berkley Lauren,27.0,0.06917949362834055,0.11111110905349798,0.0032574249521122923,0.00903545002362348,0
17,7,Leah Remini,26.5,0.0730844737721735,0.08333333179012349,0.0057374921326997135,0.008364058746049657,0
17,7,Corbin Bleu,29.5,0.07313950304813036,0.18518518175583,0.0013921036422962737,0.010464645616385833,0
17,7,Amber Riley,29.5,0.07313950347510384,0.18518518175583,0.0015818327929624926,0.01217935421856249,0
17,7,Keyshawn Johnson,0.0,0.1218472388287896,0.018518518175582997,0.0017250852548851997,0.015364898452722507,0
17,7,Bill Engvall,25.0,0.07577245730230085,0.06481481361454049,0.009935237737724282,0.001974493059145994,0
17,7,Christina Milian,0.0,0.12185128936006787,0.018518518175582997,0.0017979815252904864,0.01407372266684848,0
17,7,"Nicole ""Snooki"" Polizzi",27.0,9.999990000101904e-09,1.8518518175582995e-08,0.0008222786230250891,1.3348551785378635e-09,1
17,7,Jack Osbourne,28.5,0.07414399053883727,0.14814814540466398,0.001440003581453917,0.010470333261550686,0
17,7,Bill Nye,0.0,0.12184658631471564,0.018518518175582997,0.0032920979690564825,0.015827841881554606,0
17,8,Valerie Harper,0.0,0.1410478466549328,0.020833332899305567,0.0013623183900666246,0.021433729791269746,0
17,8,Brant Daugherty,27.0,9.999990000054938e-09,2.0833332899305566e-08,2.3892464005819323e-05,1.7921954961723277e-09,1
17,8,Elizabeth Berkley Lauren,25.0,0.05195344337423326,0.10416666449652782,0.012607912035519886,0.0026598988720672664,0
17,8,Leah Remini,28.0,0.04736000401633579,0.15624999674479173,0.005521463868156505,0.010513377248299566,0
17,8,Corbin Bleu,30.0,0.04736003181038157,0.19791666254340287,0.005527123943360915,0.012820744776476376,0
17,8,Amber Riley,28.0,0.04736001718922928,0.15624999674479173,0.00558561352689748,0.009365834533731441,0
17,8,Keyshawn Johnson,0.0,0.14065169728179516,0.020833332899305567,0.0017941866443244713,0.020077364596853758,0
17,8,Bill Engvall,24.0,0.05492112893555771,0.08333333159722227,0.012270580923461567,0.0025805241375730296,0
17,8,Christina Milian,0.0,0.14065400969828784,0.020833332899305567,0.00131255477512566,0.02198794753817833,0
17,8,"Nicole ""Snooki"" Polizzi",0.0,0.1406284668421022,0.020833332899305567,0.00170770257361873,0.020021135726659534,0
17,8,Jack Osbourne,30.0,0.04735999330077025,0.19791666254340287,0.005512146907820045,0.01185898007840314,0
17,8,Bill Nye,0.0,0.14070235089738417,0.020833332899305567,0.001544390031515539,0.020572963391892053,0
17,9,Valerie Harper,0.0,0.16186661063921082,0.02531645505527962,0.0009621325553919,0.02458464066826211,0
17,9,Brant Daugherty,0.0,0.16186661063890287,0.02531645505527962,0.0009380800381904698,0.025156373416648125,0
17,9,Elizabeth Berkley Lauren,28.0,9.999989999855429e-09,2.531645505527962e-08,5.743204651285381e-10,2.4938780183805784e-09,1
17,9,Leah Remini,27.0,1.0019837881661425e-08,0.17721518538695735,3.0964101811669464e-10,0.011385538666894433,0
17,9,Corbin Bleu,29.0,1.0015483952923392e-08,0.2405063230251564,2.3475673240058514e-10,0.014747559570970733,0
17,9,Amber Riley,25.5,0.00012497452021449556,0.1392405028040379,0.0012951878920548186,0.004775573708540579,0
17,9,Keyshawn Johnson,0.0,0.1618666106387632,0.02531645505527962,0.0009291775889047767,0.027041089026134377,0
17,9,Bill Engvall,21.0,0.028674309919525534,0.11392404774875829,0.0010896841129044892,0.002287387119642548,0
17,9,Christina Milian,0.0,0.16186661029024277,0.02531645505527962,0.00092979652080961,0.028746023867149532,0
17,9,"Nicole ""Snooki"" Polizzi",0.0,0.16186600751660896,0.02531645505527962,0.000733871858645354,0.029493334883007555,0
17,9,Jack Osbourne,27.0,1.001989976831294e-08,0.17721518538695735,3.127021834950845e-10,0.013911038573464948,0
17,9,Bill Nye,0.0,0.1618672257823198,0.02531645505527962,0.0009829046756159453,0.030196598088051183,0
17,10,Valerie Harper,0.0,0.14285699324408313,0.027777777006172864,0.0009709861474892637,0.034167824771920936,0
17,10,Brant Daugherty,0.0,0.14285699324254336,0.027777777006172864,0.0009192992980917025,0.03331574708640143,0
17,10,Elizabeth Berkley Lauren,0.0,0.14285699324253506,0.027777777006172864,0.0011313233983763957,0.03448575224785304,0
17,10,Leah Remini,32.5,9.999989999922184e-09,2.7777777006172862e-08,2.257931334492123e-09,3.1142615395512936e-09,1
17,10,Corbin Bleu,37.5,1.0012354920204478e-08,0.22222221604938291,2.458175970845696e-09,0.014721963358400522,0
17,10,Amber Riley,39.5,1.0012381890689199e-08,0.24999999305555576,2.45816292738787e-09,0.01783622489795181,0
17,10,Keyshawn Johnson,0.0,0.14285699274191446,0.027777777006172864,0.001229564681459348,0.031769655183904,0
17,10,Bill Engvall,30.0,1.0032723960600909e-08,0.1388888850308643,3.3166433814858228e-09,0.005379178739746638,0
17,10,Christina Milian,0.0,0.14285699274193164,0.027777777006172864,0.0009110085954666857,0.03290157794594001,0
17,10,"Nicole ""Snooki"" Polizzi",0.0,0.14285699406113675,0.027777777006172864,0.0011730769598675376,0.03093686310617158,0
17,10,Jack Osbourne,35.5,1.0012398644393548e-08,0.19444443904321004,2.458164071681384e-09,0.011607701818849226,0
17,10,Bill Nye,0.0,0.1428569906570063,0.027777777006172864,0.0011893626404476157,0.031506816594292865,0
17,11,Valerie Harper,0.0,0.12499989721930999,0.03278688417092183,0.0014177799125142567,0.03946657932897449,0
17,11,Brant Daugherty,0.0,0.12499989721815127,0.03278688417092183,0.0014976138565146444,0.03661252455100851,0
17,11,Elizabeth Berkley Lauren,0.0,0.12499989721813579,0.03278688417092183,0.0012736998861807396,0.040261184117815166,0
17,11,Leah Remini,0.0,0.12499989721807583,0.03278688417092183,0.001140973867194948,0.04044118050938181,0
17,11,Corbin Bleu,29.6664,1.000001952811625e-08,0.24590163128191372,2.715876420834955e-08,0.012950573107374755,0
17,11,Amber Riley,31.333199999999998,1.0000085160509558e-08,0.2786885154528356,2.7158771393721155e-08,0.015690117471233726,0
17,11,Keyshawn Johnson,0.0,0.12499973414593858,0.03278688417092183,0.0014658650208185622,0.03896420028284472,0
17,11,Bill Engvall,25.499899999999997,9.999990000009731e-09,3.278688417092183e-08,5.783527663076784e-08,2.7395443638589736e-09,1
17,11,Christina Milian,0.0,0.12499989721823265,0.03278688417092183,0.001284349830864665,0.038356808827751304,0
17,11,"Nicole ""Snooki"" Polizzi",0.0,0.12499969469313718,0.03278688417092183,0.0013798241361370406,0.03883195076387849,0
17,11,Jack Osbourne,27.999899999999997,1.0000030308115527e-08,0.2131147471109919,2.715875996500879e-08,0.010211028743515777,0
17,11,Bill Nye,0.0,0.12500004506989398,0.03278688417092183,0.0013409423601706692,0.04265920803041406,0
18,1,Billy Dee Williams,15.0,0.08853362143937907,0.013698629949333838,0.0028030233317785673,0.0001570087721161139,0
18,1,Danica McKellar,24.0,0.08318012453159655,0.12328766954400452,0.0003512302074746664,0.011165798350713312,0
18,1,James Maslow,21.0,0.06525004634240988,1.3698629949333836e-08,0.002707528909825436,1.570087721161146e-10,1
18,1,Candace Cameron Bure,25.0,0.08318012454328848,0.1506849294426722,0.00035176865532548807,0.001727096493277254,0
18,1,Sean Avery,20.0,0.08829943475816145,0.04109588984800151,0.0014675878517549353,0.00047102631634834535,0
18,1,Diana Nyad,18.0,0.09357404978678156,0.027397259898667675,0.003818366602248837,0.0003140175442322278,0
18,1,Charlie White,27.0,0.08318012440537353,0.16438355939200605,0.0003510840767814373,0.0018841052653933814,0
18,1,Amy Purdy,24.0,0.08318012440537106,0.12328766954400452,0.000351086079299342,0.011498283327346788,0
18,1,Meryl Davis,24.0,0.08318012460812851,0.12328766954400452,0.0003508923094145793,0.011123751045524112,0
18,1,Drew Carey,21.0,0.08263055036881284,0.06849314974666919,0.00256142829088905,0.010016903547034524,0
18,1,Cody Simpson,22.0,0.0831801245741226,0.09589040964533686,0.00035138239545804735,0.001099061404812807,0
18,1,NeNe Leakes,21.0,0.08263055023757448,0.06849314974666919,0.0012241774332757158,0.011133997882852378,0
18,2,Billy Dee Williams,15.0,0.08340986603758872,0.027210883983525388,0.006175758448257031,0.0004361505864305066,0
18,2,Danica McKellar,24.0,0.08332837868821646,0.1156462569299829,0.00028232200343781145,0.007394063580192177,0
18,2,James Maslow,25.0,0.08332855435016295,0.14965986190938965,0.0002828535264733656,0.011928417533078056,0
18,2,Candace Cameron Bure,21.0,0.08327081294107729,0.06122448896293212,0.0006731678433842662,0.01459508614022391,0
18,2,Sean Avery,21.0,0.04039156079933046,1.3605441991762694e-08,0.003741282778248499,2.180752932152539e-10,1
18,2,Diana Nyad,0.0,0.12640760053155928,0.013605441991762694,0.003874147137821629,0.0002180752932152533,0
18,2,Charlie White,25.0,0.08332937726661388,0.14965986190938965,0.00028517569653444674,0.01028039292293751,0
18,2,Amy Purdy,24.0,0.08332937726661735,0.1156462569299829,0.00028517751082604093,0.006498395893027027,0
18,2,Meryl Davis,25.0,0.08332948525608318,0.14965986190938965,0.00028763086035404054,0.011449492566969586,0
18,2,Drew Carey,21.0,0.08327189707216805,0.06122448896293212,0.0036551558615927596,0.014322030902383273,0
18,2,Cody Simpson,22.0,0.08332915298592382,0.09523809394233886,0.000283986623229008,0.0015265270525067769,0
18,2,NeNe Leakes,21.0,0.08327293680565867,0.06122448896293212,0.0019765613125567786,0.014668103537534937,0
18,3,Billy Dee Williams,0.0,0.08333028561368529,1.5384615147929e-08,0.0009880514958780532,6.68113856214809e-10,1
18,3,Danica McKellar,36.0,0.08333325365843587,0.1307692287573965,7.112786306716176e-06,0.015586535974341764,0
18,3,James Maslow,36.0,0.08333325365843587,0.1307692287573965,7.112786306716176e-06,0.015597676873392249,0
18,3,Candace Cameron Bure,32.0,0.08333325365843587,0.07692307573964499,7.11278630671618e-06,0.0009353717720850705,0
18,3,Sean Avery,0.0,0.08333471573069597,0.015384615147928998,0.0006422905092739147,0.01029685204627503,0
18,3,Diana Nyad,0.0,0.08333471573069597,0.015384615147928998,0.0005474140408136738,0.011074098366942476,0
18,3,Charlie White,36.0,0.08333325365843587,0.1307692287573965,7.1127863081367795e-06,0.01486419713540774,0
18,3,Amy Purdy,36.0,0.08333325365843587,0.1307692287573965,7.112786308136771e-06,0.014904649489890336,0
18,3,Meryl Davis,39.0,0.08333325365843587,0.16923076662721898,7.1127863079617884e-06,0.0037294984856036284,0
18,3,Drew Carey,30.0,0.08333325365843587,0.04615384544378699,7.112786307701766e-06,0.0019162964669306925,0
18,3,Cody Simpson,35.0,0.08333325365843587,0.09230769088757398,7.112786307701778e-06,0.002098503469109344,0
18,3,NeNe Leakes,31.0,0.08333325365843587,0.06153846059171599,7.112786307701778e-06,0.0013517322685081122,0
18,4,Billy Dee Williams,0.0,0.08333028561368529,1.5384615147929e-08,0.0012901933690257703,7.049415624684048e-10,1
18,4,Danica McKellar,32.0,0.08333325365843587,0.08461538331360949,1.837643961156095e-06,0.007722980968490175,0
18,4,James Maslow,35.0,0.08333325365843587,0.15384615147928998,1.8376439611562421e-06,0.00320428773450847,0
18,4,Candace Cameron Bure,28.0,0.08333325365843587,0.04615384544378699,1.8376439611564323e-06,0.0020809573172252075,0
18,4,Sean Avery,0.0,0.08333471573069597,0.015384615147928998,0.0007548840821858956,0.010255146840766057,0
18,4,Diana Nyad,0.0,0.08333471573069597,0.015384615147928998,0.0008273921893288675,0.01019784833909856,0
18,4,Charlie White,33.0,0.08333325365843587,0.11538461360946749,1.8376439591459576e-06,0.007476961826443894,0
18,4,Amy Purdy,34.0,0.08333325365843587,0.138461536331361,1.837643959145953e-06,0.0032821928621510257,0
18,4,Meryl Davis,39.0,0.08333325365843587,0.16923076662721898,1.8376439538362967e-06,0.003884733520770768,0
18,4,Drew Carey,33.0,0.08333325365843587,0.11538461360946749,1.8376439551528972e-06,0.00740408035367418,0
18,4,Cody Simpson,31.0,0.08333325365843587,0.06153846059171599,1.8376439538533796e-06,0.0014821880808643102,0
18,4,NeNe Leakes,32.0,0.08333325365843587,0.08461538331360949,1.8376439538566132e-06,0.0065652509826940745,0
18,5,Billy Dee Williams,0.0,0.10662044477147746,0.01612903199791884,0.0011548080510708418,0.010545138367534746,0
18,5,Danica McKellar,39.0,0.08342331417770177,0.16129031997918838,0.00036936523709995997,0.005300780159582093,0
18,5,James Maslow,40.0,0.0834233141712341,0.17741935197710723,0.0003685319270197887,0.005669326245074764,0
18,5,Candace Cameron Bure,35.0,0.0834233141705536,0.08064515998959419,0.000644989093115798,0.002187611370014953,0
18,5,Sean Avery,0.0,0.10660462444864145,0.01612903199791884,0.0010839913479966095,0.011153362640548108,0
18,5,Diana Nyad,0.0,0.10660829268392841,0.01612903199791884,0.0010882032965653689,0.009814119988552023,0
18,5,Charlie White,37.0,0.083423314170253,0.13709677198231013,0.00036848468637074434,0.008254178535963245,0
18,5,Amy Purdy,37.0,0.08342331417063328,0.13709677198231013,0.0003685246759161321,0.008472930125330892,0
18,5,Meryl Davis,36.0,0.08342331507988848,0.10483870798647246,0.00037015560234503886,0.009038789480053098,0
18,5,Drew Carey,28.0,0.09515603231282624,0.04838709599375652,0.005169872114069176,0.0022818327900808585,0
18,5,Cody Simpson,34.0,0.0010464062351781644,1.612903199791884e-08,0.0015851156062665695,8.655227525988512e-10,1
18,5,NeNe Leakes,36.0,0.08342331360868399,0.10483870798647246,0.0003706153026000347,0.007810750945953142,0
18,6,Billy Dee Williams,0.0,0.11348335969198206,0.017857142538265314,0.0016969854827060457,0.016233120305257854,0
18,6,Danica McKellar,36.0,0.07800208786784525,0.1428571403061225,0.0007006725667120296,0.0095709594754999,0
18,6,James Maslow,35.0,0.07800203594048108,0.11607142649872453,0.0006968658927528795,0.003176418519259148,0
18,6,Candace Cameron Bure,32.0,0.07810059551345969,0.07142857015306125,0.0015592298420975476,0.007209759335302447,0
18,6,Sean Avery,0.0,0.11347140576645871,0.017857142538265314,0.0013266765125200617,0.015635767070795663,0
18,6,Diana Nyad,0.0,0.11345820175103732,0.017857142538265314,0.0013746750877465749,0.015252332171280053,0
18,6,Charlie White,36.0,0.07800213345577993,0.1428571403061225,0.0006987836783132977,0.008245672902849959,0
18,6,Amy Purdy,38.0,0.0780021334558086,0.16964285411352048,0.0006977601532954803,0.005408762528206624,0
18,6,Meryl Davis,40.0,0.0780020848644907,0.1874999966517858,0.0007003008210902419,0.006599616436294574,0
18,6,Drew Carey,32.0,9.999990000078551e-09,1.7857142538265312e-08,3.3622865100551484e-18,1.1988743759871914e-09,1
18,6,Cody Simpson,0.0,0.11347280574225917,0.017857142538265314,0.001299532345221513,0.013986674563212998,0
18,6,NeNe Leakes,33.0,0.0780021459514076,0.09821428396045923,0.0006963228107301076,0.0008943195154954309,0
18,7,Billy Dee Williams,0.0,0.13033146807387053,0.01999999960000001,0.001754256566071043,0.020620520580820787,0
18,7,Danica McKellar,36.0,0.058009007164227744,0.13999999720000006,0.0012339925813502999,0.0075592860107366,0
18,7,James Maslow,35.0,0.05800899104573769,0.09999999800000005,0.0012330062903844082,0.00533899394436646,0
18,7,Candace Cameron Bure,37.0,0.05800899104573474,0.15999999680000007,0.0012327866736512169,0.007995118648247819,0
18,7,Sean Avery,0.0,0.13046273261746613,0.01999999960000001,0.0017310630113942524,0.020468183001719892,0
18,7,Diana Nyad,0.0,0.1304491999996052,0.01999999960000001,0.001816132747746152,0.021474243314372223,0
18,7,Charlie White,35.5,0.058009027480841045,0.11999999760000006,0.0012305875335343398,0.009468066725003724,0
18,7,Amy Purdy,37.5,0.05800902748086534,0.17999999640000008,0.0012309441988075617,0.010072591793824671,0
18,7,Meryl Davis,39.0,0.05800899084630701,0.1999999960000001,0.001229982436397992,0.008162790041473333,0
18,7,Drew Carey,0.0,0.13034118367038935,0.01999999960000001,0.0022402320425136575,0.018647419595918552,0
18,7,Cody Simpson,0.0,0.1303411884340845,0.01999999960000001,0.0016562069526072287,0.0205442170457556,0
18,7,NeNe Leakes,33.0,1.9192141870894612e-05,1.9999999600000007e-08,5.677328447445353e-17,1.4965115325453026e-09,1
18,8,Billy Dee Williams,0.0,0.16417418141450935,0.024691357415028214,0.0008840658266733184,0.028581725676552053,0
18,8,Danica McKellar,38.0,9.999990060817838e-09,2.469135741502821e-08,2.5761307629302274e-11,2.52445086829944e-09,1
18,8,James Maslow,36.0,0.004993140828557644,0.13580246578265517,0.0014456536373847356,0.016537863011625277,0
18,8,Candace Cameron Bure,36.0,0.004993137124006866,0.13580246578265517,0.0019702493255313257,0.015421563553881888,0
18,8,Sean Avery,0.0,0.1641665003154005,0.024691357415028214,0.0008693716034709037,0.027125649386143716,0
18,8,Diana Nyad,0.0,0.16416650031554578,0.024691357415028214,0.0009666063874203604,0.024619916209921638,0
18,8,Charlie White,40.0,1.0002465706458344e-08,0.2222222167352539,9.556360328571511e-12,0.016337679587930188,0
18,8,Amy Purdy,40.0,1.0002442920435331e-08,0.2222222167352539,9.558789810565064e-12,0.016438018814902842,0
18,8,Meryl Davis,36.0,0.0049931366570765785,0.13580246578265517,0.0014685714633902206,0.015613775533218964,0
18,8,Drew Carey,0.0,0.16417293640270447,0.024691357415028214,0.001031434251178217,0.024588569597248013,0
18,8,Cody Simpson,0.0,0.16416650030742905,0.024691357415028214,0.0011540167314933686,0.028427208941427293,0
18,8,NeNe Leakes,0.0,0.16417293663087118,0.024691357415028214,0.0012169855198444477,0.02741793985893981,0
18,9,Billy Dee Williams,0.0,0.14285701186329297,0.028169013291013713,0.0008496417349468749,0.03125949528170153,0
18,9,Danica McKellar,0.0,0.1428570118630056,0.028169013291013713,0.0010075822591779438,0.03572664579828592,0
18,9,James Maslow,38.0,9.999989998807163e-09,0.18309858639158913,2.62678964659895e-09,0.012051174979877328,0
18,9,Candace Cameron Bure,36.0,9.999989998807163e-09,0.14084506645506856,3.4845876017250474e-09,0.005276466300716649,0
18,9,Sean Avery,0.0,0.14285701186302438,0.028169013291013713,0.001066666742602703,0.03348631734585036,0
18,9,Diana Nyad,0.0,0.1428570118629825,0.028169013291013713,0.0009927479114452903,0.03313957236337681,0
18,9,Charlie White,38.0,1.0015119625584434e-08,2.816901329101371e-08,4.856829611103782e-09,2.7259982586655947e-09,1
18,9,Amy Purdy,39.0,9.999989998807163e-09,0.2253521063281097,2.611847829237206e-09,0.014307398154495278,0
18,9,Meryl Davis,40.0,9.999989998807163e-09,0.25352111961912344,2.6118068502447583e-09,0.016261513137479235,0
18,9,Drew Carey,0.0,0.14285701312400406,0.028169013291013713,0.0010688380764565025,0.03236129909901172,0
18,9,Cody Simpson,0.0,0.14285694533506801,0.028169013291013713,0.0011565121988940908,0.03445018201336648,0
18,9,NeNe Leakes,0.0,0.14285694407454297,0.028169013291013713,0.0010887623482498804,0.034997731707566336,0
18,10,Billy Dee Williams,0.0,0.12499986981188223,0.033898303935650714,0.0014950578093768892,0.04054608998509463,0
18,10,Danica McKellar,0.0,0.1249998698111937,0.033898303935650714,0.0009047478565650929,0.04101270416659662,0
18,10,James Maslow,29.0,9.99998999951196e-09,3.389830393565071e-08,1.40175997504675e-07,3.540261101198189e-09,1
18,10,Candace Cameron Bure,25.9998,1.0245970529691671e-08,0.18644067164607891,8.194462422756114e-08,0.009980358981705743,0
18,10,Sean Avery,0.0,0.12499986981148324,0.033898303935650714,0.0015517922008543652,0.03963688608530102,0
18,10,Diana Nyad,0.0,0.12499986981092956,0.033898303935650714,0.0013249602522710246,0.04198052007848057,0
18,10,Charlie White,0.0,0.12499986981051522,0.033898303935650714,0.0012220522923530807,0.04100688559249307,0
18,10,Amy Purdy,29.666600000000003,1.0099767181555265e-08,0.25423727951738034,7.148147141306328e-08,0.020749050420313313,0
18,10,Meryl Davis,30.0,1.0099947661972394e-08,0.2881355834530311,7.15268719964212e-08,0.02116178750424664,0
18,10,Drew Carey,0.0,0.12499986981103241,0.033898303935650714,0.001530782163234716,0.03779188716373699,0
18,10,Cody Simpson,0.0,0.1249998698105946,0.033898303935650714,0.0012920183620318349,0.04101447120323589,0
18,10,NeNe Leakes,0.0,0.12499987087769392,0.033898303935650714,0.001555046288827257,0.04103359144748147,0
19,1,Antonio Sabato Jr.,25.0,0.03932584225476582,0.03932584225476582,0.005599971080619254,0.005613481283802143,0
19,1,Jonathan Bennett,30.0,0.08988763943946473,0.08988763943946473,1.3877787807814457e-17,1.3877787807814457e-17,0
19,1,Lea Thompson,32.0,0.11797752676429746,0.11797752676429746,0.005613481283802143,0.0055044712702490405,0
19,1,Janel Parrish,29.0,0.07303370704456509,0.07303370704456509,0.005599971080619254,0.005613481283802143,0
19,1,Alfonso Ribeiro,36.0,0.14606741408913018,0.14606741408913018,0.0,0.0,0
19,1,Lolo Jones,22.0,1.123595492993309e-08,1.123595492993309e-08,0.0,0.0,1
19,1,Randy Couture,31.0,0.10112359436939782,0.10112359436939782,1.3877787807814457e-17,1.3877787807814457e-17,0
19,1,Tommy Chong,27.0,0.056179774649665455,0.056179774649665455,6.938893903907228e-18,6.938893903907228e-18,0
19,1,Betsey Johnson,20.0,0.011235954929933092,0.011235954929933092,1.734723475976807e-18,1.734723475976807e-18,0
19,1,Michael Waltrip,25.0,0.03932584225476582,0.03932584225476582,0.005599971080619254,0.005613481283802143,0
19,1,Tavis Smiley,29.0,0.07303370704456509,0.07303370704456509,0.005599971080619254,0.005613481283802143,0
19,1,Bethany Mota,32.0,0.11797752676429746,0.11797752676429746,0.005613481283802143,0.0055044712702490405,0
19,1,Sadie Robertson,34.0,0.1348314591591971,0.1348314591591971,2.7755575615628914e-17,2.7755575615628914e-17,0
19,2,Antonio Sabato Jr.,31.0,0.09826589481773532,0.09826589481773532,0.00589054285233873,0.006144272370043264,0
19,2,Jonathan Bennett,30.0,0.08092485455578204,0.08092485455578204,0.0010734040747916135,0.0011083188162403085,0
19,2,Lea Thompson,35.0,0.1502890156035952,0.1502890156035952,0.0019934647103272865,0.0020583063730177198,0
19,2,Janel Parrish,34.0,0.13872832209562633,0.13872832209562633,0.0018401212710713337,0.0018999751135548104,0
19,2,Alfonso Ribeiro,32.0,0.11560693507968861,0.11560693507968861,0.0015334343925594539,0.0015833125946290182,0
19,2,Lolo Jones,0.0,0.011560693507968862,0.011560693507968862,0.00015334343925594516,0.00015833125946290152,0
19,2,Randy Couture,28.0,0.052023120785859876,0.052023120785859876,0.012074530578515404,0.013198110389430811,0
19,2,Tommy Chong,28.0,0.052023120785859876,0.052023120785859876,0.010539765726471443,0.011673460377499927,0
19,2,Betsey Johnson,28.0,0.052023120785859876,0.052023120785859876,0.013378566860325899,0.012043671961170658,0
19,2,Michael Waltrip,24.0,0.023121387015937724,0.023121387015937724,0.0003066868785118903,0.00031666251892580304,0
19,2,Tavis Smiley,28.0,1.1560693507968861e-08,1.1560693507968861e-08,1.5334343925594536e-10,1.5833125946290177e-10,1
19,2,Bethany Mota,33.0,0.12716762858765748,0.12716762858765748,0.0016867778318154058,0.0017416438540919263,0
19,2,Sadie Robertson,31.0,0.09826589481773532,0.09826589481773532,0.005941127441604601,0.005634886246864848,0
19,3,Antonio Sabato Jr.,29.0,0.060975609012492576,0.060975609012492576,0.0059153795426067175,0.005521133808815539,0
19,3,Jonathan Bennett,32.0,0.10365853532123738,0.10365853532123738,0.010150666282542619,0.00951123879095266,0
19,3,Lea Thompson,31.0,0.07926829171624035,0.07926829171624035,0.0001244453958106265,0.00011481330303398248,0
19,3,Janel Parrish,40.0,0.14634146162998218,0.14634146162998218,0.005656210135287292,0.005741562942987085,0
19,3,Alfonso Ribeiro,32.0,0.10365853532123738,0.10365853532123738,0.008921011491104787,0.008280891354067677,0
19,3,Lolo Jones,0.0,0.012195121802498515,0.012195121802498515,0.00506653395301213,0.005426546093732537,0
19,3,Randy Couture,26.0,1.2195121802498514e-08,1.2195121802498514e-08,3.73336094097852e-10,3.444398229919881e-10,1
19,3,Tommy Chong,34.0,0.1280487789262344,0.1280487789262344,0.0013688989805807818,0.00126294598893397,0
19,3,Betsey Johnson,29.0,0.060975609012492576,0.060975609012492576,0.0056893600238061585,0.005499204206684866,0
19,3,Michael Waltrip,28.0,0.042682926308744804,0.042682926308744804,0.0012444536781041828,0.0011481327720099467,0
19,3,Tavis Smiley,0.0,0.012195121802498515,0.012195121802498515,0.0054197469097068815,0.005381669746276693,0
19,3,Bethany Mota,40.0,0.14634146162998218,0.14634146162998218,0.0065116971088274985,0.006202139285175926,0
19,3,Sadie Robertson,32.0,0.10365853532123738,0.10365853532123738,0.009014101359767171,0.009936643457105977,0
19,4,Antonio Sabato Jr.,29.0,0.09090908963763511,0.09090908963763511,0.005650197853292881,0.005620776474915265,0
19,4,Jonathan Bennett,24.0,0.041958041371216205,0.041958041371216205,0.0018793182618527908,0.0016764837258449324,0
19,4,Lea Thompson,39.0,0.15384615169445942,0.15384615169445942,0.003217688199734291,0.003308633933960399,0
19,4,Janel Parrish,36.0,0.12587412411364862,0.12587412411364862,0.001997544881662179,0.0029648255054643565,0
19,4,Alfonso Ribeiro,40.0,0.16783216548486482,0.16783216548486482,0.00383401371726997,0.003912986142183109,0
19,4,Lolo Jones,0.0,0.013986013790405403,0.013986013790405403,0.008566174978284175,0.009282670730542333,0
19,4,Randy Couture,0.0,0.013986013790405403,0.013986013790405403,0.009958944189730697,0.009266126486589988,0
19,4,Tommy Chong,28.0,0.06993006895202701,0.06993006895202701,0.000761147451921632,0.0006177272649619361,0
19,4,Betsey Johnson,29.0,1.3986013790405401e-08,1.3986013790405401e-08,6.230243267796329e-10,6.098583111147206e-10,1
19,4,Michael Waltrip,25.0,0.05594405516162161,0.05594405516162161,0.0012912908172409807,0.0011064199784957018,0
19,4,Tavis Smiley,0.0,0.013986013790405403,0.013986013790405403,0.010275937651187603,0.010138314314874712,0
19,4,Bethany Mota,33.0,0.11188811032324322,0.11188811032324322,0.001404634326543789,0.0015221623779001132,0
19,4,Sadie Robertson,37.0,0.13986013790405402,0.13986013790405402,0.0026045521958146392,0.003057507442127255,0
19,5,Antonio Sabato Jr.,28.0,0.09219858025250241,0.09219858025250241,0.001154412594060056,0.0013784226219273222,0
19,5,Jonathan Bennett,24.0,0.07801418329057896,0.07801418329057896,0.0009623595489402929,0.0009861353066682708,0
19,5,Lea Thompson,34.0,0.14184396961923448,0.14184396961923448,0.008066525014994122,0.008379998835263105,0
19,5,Janel Parrish,33.0,0.1205673741763493,0.1205673741763493,0.003530892752813516,0.0033808518159774577,0
19,5,Alfonso Ribeiro,34.0,0.14184396961923448,0.14184396961923448,0.007028179360722291,0.006766825234074297,0
19,5,Lolo Jones,0.0,1.4184396961923448e-08,1.4184396961923448e-08,8.711999092812524e-10,8.811624836432673e-10,1
19,5,Randy Couture,0.0,0.014184396961923447,0.014184396961923447,0.012042150127783953,0.012166652161466413,0
19,5,Tommy Chong,23.0,0.06382978632865552,0.06382978632865552,0.0014274389406948326,0.0012640298282221055,0
19,5,Betsey Johnson,0.0,0.014184396961923447,0.014184396961923447,0.013138226993416527,0.01340034649665244,0
19,5,Michael Waltrip,20.0,0.049645389366732066,0.049645389366732066,0.0021603255590884264,0.0019431867165492405,0
19,5,Tavis Smiley,0.0,0.014184396961923447,0.014184396961923447,0.012765947452531777,0.011736567762415736,0
19,5,Bethany Mota,32.0,0.10638297721442586,0.10638297721442586,0.0018047657845481505,0.002092971488430984,0
19,5,Sadie Robertson,36.0,0.16312056506211964,0.16312056506211964,0.005112241149898336,0.005461812795214465,0
19,6,Antonio Sabato Jr.,28.0,0.06201550291448833,0.06201550291448833,0.006282319465776615,0.006782233066162531,0
19,6,Jonathan Bennett,32.0,1.5503875728622083e-08,1.5503875728622083e-08,9.064330696394842e-10,9.08513113371822e-10,1
19,6,Lea Thompson,32.0,0.10852713010035457,0.10852713010035457,0.00627170639407627,0.006566625071207609,0
19,6,Janel Parrish,33.0,0.1317829436932877,0.1317829436932877,0.0036668328562733505,0.0035536717708853243,0
19,6,Alfonso Ribeiro,39.0,0.17829457087915396,0.17829457087915396,0.005673270664646786,0.005631467049265358,0
19,6,Lolo Jones,0.0,0.015503875728622083,0.015503875728622083,0.0131549275799708,0.012409833836813352,0
19,6,Randy Couture,0.0,0.015503875728622083,0.015503875728622083,0.0129975155413952,0.013821819174939019,0
19,6,Tommy Chong,28.0,0.06201550291448833,0.06201550291448833,0.006495979132486239,0.006742360338724534,0
19,6,Betsey Johnson,0.0,0.015503875728622083,0.015503875728622083,0.013935844288011425,0.013135091586747926,0
19,6,Michael Waltrip,30.0,0.08527131650742145,0.08527131650742145,0.0005704102693111047,0.0005613153675030375,0
19,6,Tavis Smiley,0.0,0.015503875728622083,0.015503875728622083,0.014156796383804944,0.013950850366678385,0
19,6,Bethany Mota,36.0,0.16279069515053188,0.16279069515053188,0.005345876060563894,0.004727936446653122,0
19,6,Sadie Robertson,35.0,0.14728681942190977,0.14728681942190977,0.004723972823270342,0.0038267658818586596,0
19,7,Antonio Sabato Jr.,29.5,1.6666666388888892e-08,1.6666666388888892e-08,1.1323349456815335e-09,1.3000365081031605e-09,1
19,7,Jonathan Bennett,0.0,0.016666666388888893,0.016666666388888893,0.017406658348763232,0.01683818649325952,0
19,7,Lea Thompson,35.0,0.16666666388888896,0.16666666388888896,0.005745314696417244,0.006588701330685614,0
19,7,Janel Parrish,33.5,0.13333333111111115,0.13333333111111115,0.006705549219431729,0.006566558175108188,0
19,7,Alfonso Ribeiro,34.0,0.14999999750000004,0.14999999750000004,0.007374336360106381,0.007692172781133272,0
19,7,Lolo Jones,0.0,0.016666666388888893,0.016666666388888893,0.01730986507497185,0.01782638086388217,0
19,7,Randy Couture,0.0,0.016666666388888893,0.016666666388888893,0.0170140029093881,0.01802195671386691,0
19,7,Tommy Chong,30.0,0.09999999833333337,0.09999999833333337,0.0040806515626669445,0.0048694496995407835,0
19,7,Betsey Johnson,0.0,0.016666666388888893,0.016666666388888893,0.016307478220800423,0.01684728311771419,0
19,7,Michael Waltrip,28.0,0.06666666555555557,0.06666666555555557,0.0011030523294845397,0.0013029560636847993,0
19,7,Tavis Smiley,0.0,0.016666666388888893,0.016666666388888893,0.018506300648512795,0.017302913850684047,0
19,7,Bethany Mota,37.5,0.18333333027777785,0.18333333027777785,0.006876232305453595,0.007886308693043076,0
19,7,Sadie Robertson,31.0,0.11666666472222226,0.11666666472222226,0.00298841053838587,0.0027098866328365365,0
19,8,Antonio Sabato Jr.,0.0,0.018518518175582997,0.018518518175582997,0.023336352461327477,0.020486125784198318,0
19,8,Jonathan Bennett,0.0,0.018518518175582997,0.018518518175582997,0.020749961172674355,0.021599399549265128,0
19,8,Lea Thompson,32.0,0.12037036814128949,0.12037036814128949,0.003278703324889789,0.0029810430130951505,0
19,8,Janel Parrish,43.0,0.19444444084362147,0.19444444084362147,0.009836110247894657,0.008943129287705713,0
19,8,Alfonso Ribeiro,41.0,0.17592592266803847,0.17592592266803847,0.0082498753664898,0.008082955300195349,0
19,8,Lolo Jones,0.0,0.018518518175582997,0.018518518175582997,0.02219825057813897,0.021380317395141128,0
19,8,Randy Couture,0.0,0.018518518175582997,0.018518518175582997,0.0213597578992966,0.021888172634207025,0
19,8,Tommy Chong,29.0,0.10185184996570648,0.10185184996570648,0.0016393515941385722,0.0014905214444425091,0
19,8,Betsey Johnson,0.0,0.018518518175582997,0.018518518175582997,0.020253888720894477,0.02322195378639365,0
19,8,Michael Waltrip,25.0,1.8518518175582995e-08,1.8518518175582995e-08,1.6393517307512152e-09,1.4905215686526391e-09,1
19,8,Tavis Smiley,0.0,0.018518518175582997,0.018518518175582997,0.02112845584173663,0.020439964034985953,0
19,8,Bethany Mota,40.0,0.15740740449245547,0.15740740449245547,0.007099287454317114,0.0063293119021098744,0
19,8,Sadie Robertson,38.0,0.1388888863168725,0.1388888863168725,0.004918055055641003,0.00447156458174779,0
19,9,Antonio Sabato Jr.,0.0,0.02173912996219283,0.02173912996219283,0.026938265220601092,0.024530781697103387,0
19,9,Jonathan Bennett,0.0,0.02173912996219283,0.02173912996219283,0.027642763868812814,0.027036241242013235,0
19,9,Lea Thompson,35.0,2.173912996219283e-08,2.173912996219283e-08,2.0639281468891302e-09,2.1704907712015244e-09,1
19,9,Janel Parrish,38.5,0.20652173464083187,0.20652173464083187,0.015439596760643699,0.013316290982244303,0
19,9,Alfonso Ribeiro,38.5,0.20652173464083187,0.20652173464083187,0.012694779361440449,0.015504430222891564,0
19,9,Lolo Jones,0.0,0.02173912996219283,0.02173912996219283,0.02733805318408881,0.02299929658898637,0
19,9,Randy Couture,0.0,0.02173912996219283,0.02173912996219283,0.026889185124224148,0.028241241823001743,0
19,9,Tommy Chong,28.5,0.10869564981096413,0.10869564981096413,0.0024079159993766397,0.0025322390521942137,0
19,9,Betsey Johnson,0.0,0.02173912996219283,0.02173912996219283,0.027492738087267054,0.027444218029174888,0
19,9,Michael Waltrip,0.0,0.02173912996219283,0.02173912996219283,0.027299872430676404,0.029028414135174492,0
19,9,Tavis Smiley,0.0,0.02173912996219283,0.02173912996219283,0.026814527710849707,0.02883452786894226,0
19,9,Bethany Mota,37.0,0.17391303969754263,0.17391303969754263,0.010604622619821433,0.011166726523849835,0
19,9,Sadie Robertson,36.5,0.1521739097353498,0.1521739097353498,0.008960021507323833,0.00839108343229236,0
19,10,Antonio Sabato Jr.,0.0,0.024999999375000016,0.024999999375000016,0.0348255891361355,0.03502784936573198,0
19,10,Jonathan Bennett,0.0,0.024999999375000016,0.024999999375000016,0.034929026567744444,0.03477162184677419,0
19,10,Lea Thompson,0.0,0.024999999375000016,0.024999999375000016,0.034250708187799364,0.031029970870549338,0
19,10,Janel Parrish,39.0,0.23749999406250016,0.23749999406250016,0.012291721001595543,0.012970111156661631,0
19,10,Alfonso Ribeiro,37.5,0.18749999531250014,0.18749999531250014,0.011794863252702936,0.013355225303464937,0
19,10,Lolo Jones,0.0,0.024999999375000016,0.024999999375000016,0.030451642331734318,0.034491326562183254,0
19,10,Randy Couture,0.0,0.024999999375000016,0.024999999375000016,0.032086611050170806,0.03502891473737076,0
19,10,Tommy Chong,31.0,2.4999999375000016e-08,2.4999999375000016e-08,1.9932520812486296e-09,2.023175972939746e-09,1
19,10,Betsey Johnson,0.0,0.024999999375000016,0.024999999375000016,0.031189724801427187,0.029843053413284918,0
19,10,Michael Waltrip,0.0,0.024999999375000016,0.024999999375000016,0.03583173655560248,0.02796183408311829,0
19,10,Tavis Smiley,0.0,0.024999999375000016,0.024999999375000016,0.030649215034340413,0.030200080202069355,0
19,10,Bethany Mota,38.0,0.21249999468750014,0.21249999468750014,0.012097998473897349,0.009980566094440991,0
19,10,Sadie Robertson,37.0,0.1624999959375001,0.1624999959375001,0.007628077784648985,0.009055403666620608,0
19,11,Antonio Sabato Jr.,0.0,0.030303029384756687,0.030303029384756687,0.04058645941695592,0.041246212978922815,0
19,11,Jonathan Bennett,0.0,0.030303029384756687,0.030303029384756687,0.04285336124950019,0.03492158636390057,0
19,11,Lea Thompson,0.0,0.030303029384756687,0.030303029384756687,0.04368113992405876,0.037711223830890754,0
19,11,Janel Parrish,38.99980000000001,0.21212120569329682,0.21212120569329682,0.01393875919438839,0.01952483134244986,0
19,11,Alfonso Ribeiro,40.0,0.2727272644628102,0.2727272644628102,0.02065673653198451,0.020018149629835384,0
19,11,Lolo Jones,0.0,0.030303029384756687,0.030303029384756687,0.03955295508527482,0.040321042764915514,0
19,11,Randy Couture,0.0,0.030303029384756687,0.030303029384756687,0.034646224040131096,0.03679382475506605,0
19,11,Tommy Chong,0.0,0.030303029384756687,0.030303029384756687,0.037750753041666196,0.0387949711885731,0
19,11,Betsey Johnson,0.0,0.030303029384756687,0.030303029384756687,0.043042127560239674,0.04111508356069394,0
19,11,Michael Waltrip,0.0,0.030303029384756687,0.030303029384756687,0.04029294136116368,0.04164502028538152,0
19,11,Tavis Smiley,0.0,0.030303029384756687,0.030303029384756687,0.03860663154048588,0.03849637364144029,0
19,11,Bethany Mota,38.0,3.0303029384756685e-08,3.0303029384756685e-08,3.0345927305632487e-09,3.0350474674177777e-09,1
19,11,Sadie Robertson,39.333200000000005,0.2424242350780535,0.2424242350780535,0.018453343950700377,0.015715621737973442,0
20,1,Suzanne Somers,25.0,0.08333325194249702,0.04929577395358065,1.1141069297114861e-05,0.010092021393874653,0
20,1,Willow Shields,25.0,0.08333325194249702,0.04929577395358065,1.1141069297114861e-05,0.010378483492219238,0
20,1,Riker Lynch,31.0,0.08333325194249702,0.14788732186074194,1.1141069297114861e-05,0.0009277415305753402,0
20,1,Rumer Willis,32.0,0.08333325194249702,0.16197182870462215,1.1141069297114861e-05,0.0010120816697185492,0
20,1,Nastia Liukin,30.0,0.08333325194249702,0.13380281501686175,1.1141069297114861e-05,0.0008434013914321311,0
20,1,Michael Sam,26.0,0.08333325194249702,0.09154929448522121,1.1141069297114861e-05,0.011014086770543828,0
20,1,Robert Herjavec,28.0,0.08333325194249702,0.11971830817298158,1.1141069297114861e-05,0.0007590612522889153,0
20,1,Charlotte McKinney,22.0,0.08333167604988373,1.4084506843880184e-08,0.00023368244251830312,8.434013914321278e-11,1
20,1,Noah Galloway,26.0,0.08333325194249702,0.09154929448522121,1.1141069297114861e-05,0.00930019103404635,0
20,1,Redfoo,22.0,0.08333480452614611,0.014084506843880186,0.00026168789431433323,0.0063255105200811,0
20,1,Patti LaBelle,25.0,0.08333325194249702,0.04929577395358065,1.1141069297159491e-05,0.011410787068459799,0
20,1,Chris Soules,26.0,0.08333325194249702,0.09154929448522121,1.1141069297159491e-05,0.011571469986693018,0
20,2,Suzanne Somers,28.0,0.08596367238536401,0.07857142744897962,0.003865076409080748,0.018117529869735503,0
20,2,Willow Shields,32.0,0.0833341343244063,0.14285714081632656,0.0004052072175656775,0.010875923450729259,0
20,2,Riker Lynch,32.0,0.08333413432414673,0.14285714081632656,0.0004045019582607925,0.01129926837188771,0
20,2,Rumer Willis,32.0,0.08333413432414447,0.14285714081632656,0.0006964848782211422,0.01245727374009132,0
20,2,Nastia Liukin,34.0,0.08333413432414395,0.17142856897959188,0.0004045527070207479,2.7755575615628914e-17,0
20,2,Michael Sam,28.0,0.08596541103181422,0.07857142744897962,0.003823695414733573,0.01571428548979592,0
20,2,Robert Herjavec,28.0,0.08596541103181275,0.07857142744897962,0.0036819357579701137,0.01434558860721524,0
20,2,Charlotte McKinney,26.0,0.08923298641323127,0.028571428163265314,0.0034362308325371392,0.0,0
20,2,Noah Galloway,27.0,0.08597067621937571,0.04285714224489797,0.0037277498256749818,6.938893903907228e-18,0
20,2,Redfoo,31.0,0.059399987817036516,1.4285714081632656e-08,0.0037755575954171515,1.6543612251060553e-24,1
20,2,Patti LaBelle,28.0,0.08596555216130662,0.07857142744897962,0.004296054804149074,0.015088852271885988,0
20,2,Chris Soules,21.0,0.08819876564421764,0.014285714081632657,0.0037035268625852462,0.0,0
20,3,Suzanne Somers,25.0,0.08333141657460573,0.06622516468575941,9.05579751082869e-05,0.00043542713393836187,0
20,3,Willow Shields,32.0,0.08333141657434075,0.11920529643436693,9.055804340539103e-05,0.0007837688410890582,0
20,3,Riker Lynch,34.0,0.08333141657434694,0.15231787877724665,9.055871195863393e-05,0.006889913846177101,0
20,3,Rumer Willis,33.0,0.08333141657434275,0.13245032937151882,9.055871195898154e-05,0.0008708542678767237,0
20,3,Nastia Liukin,34.0,0.08333141686888021,0.15231787877724665,8.979385778338738e-05,0.006500125632384946,0
20,3,Michael Sam,24.0,0.0833314168688867,0.05298013174860753,8.979385778396419e-05,0.00034834170715069293,0
20,3,Robert Herjavec,29.0,0.08333141685790069,0.09271523056006317,9.056240170212967e-05,0.0006095979875137135,0
20,3,Charlotte McKinney,22.0,0.04819653218582668,1.3245032937151882e-08,0.0023433265267719197,8.708542678767272e-11,1
20,3,Noah Galloway,30.0,0.08333141656249111,0.10596026349721506,9.05603895117685e-05,0.0006966834143013859,0
20,3,Redfoo,0.0,0.11844987114317554,0.013245032937151882,0.002199234516082649,8.708542678767323e-05,0
20,3,Patti LaBelle,22.0,0.08336984418340128,0.033112582342879705,0.004371425692217113,0.006357236242585536,0
20,3,Chris Soules,28.0,0.08333141903280168,0.0794701976229113,9.221900382539586e-05,0.0005225125607260342,0
20,4,Suzanne Somers,28.0,0.0641516004247358,0.052238805190465594,0.005850887299321863,0.0014413832305048546,0
20,4,Willow Shields,39.0,0.08352833091312503,0.17164178848295839,0.00033238188576782066,0.0029087360418707936,0
20,4,Riker Lynch,34.0,0.08352833074029459,0.1194029832924928,0.00019901780349818296,0.007417369504144067,0
20,4,Rumer Willis,35.0,0.08352833074029542,0.1417910426598352,0.0002001547563241665,0.002696027799586148,0
20,4,Nastia Liukin,36.0,0.08352833073974608,0.1567164155713968,0.00020397953494327595,0.003145856981388481,0
20,4,Michael Sam,30.0,0.03957589245761865,1.4925372911561597e-08,0.005392386522437369,5.163946065869791e-10,1
20,4,Robert Herjavec,34.0,0.08352833073974586,0.1194029832924928,0.00020465793796987667,0.006840001199600083,0
20,4,Charlotte McKinney,0.0,0.1318454474304492,0.0149253729115616,0.005418154475383981,0.006455799681603999,0
20,4,Noah Galloway,32.0,0.08352833037665698,0.09701492392515039,0.00034663294396468304,0.0006865272576783891,0
20,4,Redfoo,0.0,0.13185631320759342,0.0149253729115616,0.005556992140306144,0.006239220183201132,0
20,4,Patti LaBelle,30.0,0.08255734691607954,0.074626864557808,0.0038064114624333173,0.00644941031792932,0
20,4,Chris Soules,27.0,0.048842415314659514,0.037313432278904,0.00847292472549619,0.0019182442901198747,0
20,5,Suzanne Somers,28.0,0.0102317336524705,1.6806722406609706e-08,0.005242966963323229,1.002992214018156e-09,1
20,5,Willow Shields,34.0,0.0833256415477499,0.13445377925287766,0.0003951268074049049,0.0027913886176425978,0
20,5,Riker Lynch,38.0,0.08334081443117787,0.15966386286279222,0.00040215252866979676,0.009911196219924529,0
20,5,Rumer Willis,39.0,0.08334081443126537,0.1848739464727068,0.00040257606306930307,0.006115152433099147,0
20,5,Nastia Liukin,38.0,0.08335441153717492,0.15966386286279222,0.0004134518170804952,0.007533989013896558,0
20,5,Michael Sam,0.0,0.10913457063890615,0.016806722406609707,0.005030477443442235,0.011288725524984335,0
20,5,Robert Herjavec,24.0,0.08011538515920469,0.05042016721982912,0.006879551217278833,0.0024004920590363766,0
20,5,Charlotte McKinney,0.0,0.10914347977116591,0.016806722406609707,0.005264240571890562,0.011788516511780624,0
20,5,Noah Galloway,28.0,0.08404996441106824,0.1092436956429631,0.008095651094734044,0.007248453299820527,0
20,5,Redfoo,0.0,0.109143819829836,0.016806722406609707,0.005090742618534545,0.010077602646158352,0
20,5,Patti LaBelle,27.0,0.08241074264804817,0.07563025082974369,0.00623985613126844,0.007248322326092355,0
20,5,Chris Soules,27.0,0.08240762194293239,0.07563025082974369,0.006829834327573762,0.008393482084256113,0
20,6,Suzanne Somers,0.0,0.12009931085188782,0.018181817851239675,0.005176413662616472,0.014270962847150827,0
20,6,Willow Shields,36.5,0.07420566032312237,0.16363636066115708,0.0013510093947886727,0.011127257104988839,0
20,6,Riker Lynch,38.0,0.07420570830211037,0.1909090874380166,0.0013637173505750548,0.007387458662584672,0
20,6,Rumer Willis,35.5,0.07420570780912833,0.13636363388429756,0.0013495464715654248,0.009535380633941732,0
20,6,Nastia Liukin,36.5,0.0742057071785316,0.16363636066115708,0.001356112955513305,0.00930034813420837,0
20,6,Michael Sam,0.0,0.1200950148462616,0.018181817851239675,0.005157285407729475,0.016221779297731404,0
20,6,Robert Herjavec,33.5,0.07418189219777195,0.06363636247933886,0.002185585195930566,0.007994600772720399,0
20,6,Charlotte McKinney,0.0,0.12009323948598312,0.018181817851239675,0.005178337012107157,0.01518468265007879,0
20,6,Noah Galloway,34.0,0.07439818574651873,0.09090908925619838,0.001432006171548874,0.01073662663487011,0
20,6,Redfoo,0.0,0.12010291033830532,0.018181817851239675,0.005207633427602644,0.01631040552596223,0
20,6,Patti LaBelle,34.0,9.999990000010001e-09,1.8181817851239675e-08,0.011666665266668066,1.3042120629190952e-09,1
20,6,Chris Soules,35.0,0.07420565292138881,0.1181818160330579,0.001539767346632981,0.006067005898218271,0
20,7,Suzanne Somers,0.0,0.1534969702960965,0.022222221728395074,0.0015388613372680157,0.020691894216668633,0
20,7,Willow Shields,39.0,9.999990000099151e-09,2.2222221728395074e-08,6.627199309291041e-06,2.0513462708026804e-09,1
20,7,Riker Lynch,37.0,0.014007708596705762,0.14444444123456798,0.0069409650652603305,0.009631620357227831,0
20,7,Rumer Willis,37.0,0.014007710316313177,0.14444444123456798,0.00777158228444759,0.011635203713182453,0
20,7,Nastia Liukin,41.0,0.06587118341409073,0.22222221728395075,0.008738150126382268,0.012121591413711635,0
20,7,Michael Sam,0.0,0.153515527757712,0.022222221728395074,0.0016154670525538883,0.023479753939139647,0
20,7,Robert Herjavec,31.0,0.06669391171585158,0.09999999777777784,0.007770652761941433,0.00856893879022607,0
20,7,Charlotte McKinney,0.0,0.15351161743811617,0.022222221728395074,0.0015089206222543194,0.019954256389326148,0
20,7,Noah Galloway,38.0,0.005178358613691521,0.1777777738271606,0.009730579336604674,0.00850932515075954,0
20,7,Redfoo,0.0,0.15351004299754753,0.022222221728395074,0.002135354331568473,0.02265051194858394,0
20,7,Patti LaBelle,0.0,0.153512050705656,0.022222221728395074,0.0015088493284275168,0.021988603866186743,0
20,7,Chris Soules,31.0,0.06669390814922932,0.09999999777777784,0.008011154379403538,0.008941879042307924,0
20,8,Suzanne Somers,0.0,0.14644941423263375,0.022988505218655055,0.001832472831022542,0.02563451391368006,0
20,8,Willow Shields,0.0,0.1464494137281539,0.022988505218655055,0.0018490915641635997,0.028383692610968323,0
20,8,Riker Lynch,39.0,0.024260377937997093,0.19540229435856796,0.002023692820702133,0.010528384441975243,0
20,8,Rumer Willis,40.0,0.02426037793786196,0.21839079957722302,0.0020235196462483856,0.009227107588414786,0
20,8,Nastia Liukin,38.0,0.0242604255044758,0.1724137891399129,0.0020235680069164677,0.006285630448865999,0
20,8,Michael Sam,0.0,0.1464495462699297,0.022988505218655055,0.001892677248274182,0.024122737396814056,0
20,8,Robert Herjavec,31.0,9.999990036889796e-09,2.2988505218655053e-08,2.270455239234593e-16,1.7377484052913249e-09,1
20,8,Charlotte McKinney,0.0,0.14644962493251154,0.022988505218655055,0.0018672260444354165,0.026215573512373636,0
20,8,Noah Galloway,31.5,0.024260428956969473,0.1264367787026028,0.004820995594477067,0.008597356800446957,0
20,8,Redfoo,0.0,0.14644940431950407,0.022988505218655055,0.00203334848497658,0.02398874409497938,0
20,8,Patti LaBelle,0.0,0.146449605898564,0.022988505218655055,0.002610178301292316,0.028664754812708047,0
20,8,Chris Soules,32.0,0.024260370282408735,0.14942528392125784,0.0019892656105818547,0.007311110838258965,0
20,9,Suzanne Somers,0.0,0.12499986987980531,0.035714284438775556,0.0011322464313114713,0.0438659227186979,0
20,9,Willow Shields,0.0,0.12499986987853831,0.035714284438775556,0.0011864449078345396,0.043615545801991215,0
20,9,Riker Lynch,40.0,1.021857944733606e-08,0.28571427551020445,7.475787816206252e-08,0.019532521885119572,0
20,9,Rumer Willis,39.0,1.0324235159088943e-08,0.23214284885204112,7.793233039266817e-08,0.013190410253076323,0
20,9,Nastia Liukin,40.0,9.999989998918635e-09,3.571428443877555e-08,4.9303633796335195e-08,3.081973787054858e-09,1
20,9,Michael Sam,0.0,0.12499986987834104,0.035714284438775556,0.001114893873895111,0.04195364265088194,0
20,9,Robert Herjavec,0.0,0.12499986987818915,0.035714284438775556,0.0011226820027597814,0.037628739214362265,0
20,9,Charlotte McKinney,0.0,0.12499986987837633,0.035714284438775556,0.0011782345736955156,0.043954830802417674,0
20,9,Noah Galloway,38.0,1.0429700196388832e-08,0.19642856441326556,7.874185598721982e-08,0.009180767211105677,0
20,9,Redfoo,0.0,0.12499986987849186,0.035714284438775556,0.0013120462382541795,0.03891321405247897,0
20,9,Patti LaBelle,0.0,0.12499986987825118,0.035714284438775556,0.0011008289902460365,0.04250466721330356,0
20,9,Chris Soules,0.0,0.12499986987850208,0.035714284438775556,0.0012388058826114264,0.04262499267694767,0
20,10,Suzanne Somers,0.0,0.08332755676243894,3.4482757431629055e-08,0.0035306692686170957,2.9382100534757992e-09,1
20,10,Willow Shields,0.0,0.08333395902002731,0.034482757431629055,0.001323654708169965,0.04216737514788237,0
20,10,Riker Lynch,40.0,0.08333325702611422,0.2586206807372179,1.962283600597666e-05,0.018533938966385385,0
20,10,Rumer Willis,40.0,0.08333325702611422,0.2586206807372179,1.9623200824700807e-05,0.01901102764108773,0
20,10,Nastia Liukin,0.0,0.08333395902002731,0.034482757431629055,0.0006596336545200447,0.04523601560249355,0
20,10,Michael Sam,0.0,0.08333395902002731,0.034482757431629055,0.0009619321405040619,0.043936759459400024,0
20,10,Robert Herjavec,0.0,0.08333395902002731,0.034482757431629055,0.0011923451068466813,0.04758725056451767,0
20,10,Charlotte McKinney,0.0,0.08333395902002731,0.034482757431629055,0.0008039712686328152,0.040436289112463115,0
20,10,Noah Galloway,36.0,0.08333325702611422,0.20689654458977433,1.962350948526148e-05,0.012111466426218218,0
20,10,Redfoo,0.0,0.08333395902002731,0.034482757431629055,0.001230292948058765,0.03819253434339156,0
20,10,Patti LaBelle,0.0,0.08333395902002731,0.034482757431629055,0.00104323246487283,0.04286900118996986,0
20,10,Chris Soules,0.0,0.08333395902002731,0.034482757431629055,0.0009481121212655447,0.043781945229661806,0
21,1,Gary Busey,15.0,0.04968944037652869,0.04968944037652869,0.010045286752481139,0.010196387744514484,0
21,1,Alexa PenaVega,22.0,0.10559006080012347,0.10559006080012347,0.006204917345194968,0.006202015076661614,0
21,1,Carlos PenaVega,23.0,1.2422360094132172e-08,1.2422360094132172e-08,7.691318200494784e-11,7.660292183743267e-11,1
21,1,Victor Espinoza,15.0,0.04968944037652869,0.04968944037652869,0.010327839706468162,0.00921942242055593,0
21,1,Alek Skarlatos,22.0,0.10559006080012347,0.10559006080012347,0.006191317943467538,0.005919863242047883,0
21,1,Chaka Khan,13.0,0.024844720188264346,0.024844720188264346,0.00015382636400989428,0.00015320584367486395,0
21,1,Andy Grammer,21.0,0.08074534061185913,0.08074534061185913,0.005912507237472612,0.006136784286098226,0
21,1,Tamar Braxton,23.0,0.13043478098838782,0.13043478098838782,0.005383922817259534,0.005362204605223212,0
21,1,Nick Carter,24.0,0.15527950117665215,0.15527950117665215,0.006093331242756601,0.0062321715669440975,0
21,1,Hayes Grier,21.0,0.08074534061185913,0.08074534061185913,0.005707557850890372,0.0061572526206349065,0
21,1,Bindi Irwin,24.0,0.15527950117665215,0.15527950117665215,0.006380978499654936,0.006318244163773995,0
21,1,Kim Zolciak-Biermann,12.0,0.012422360094132173,0.012422360094132173,7.691318200494714e-05,7.660292183743197e-05,0
21,1,Paula Deen,15.0,0.04968944037652869,0.04968944037652869,0.009747488602428002,0.01063686497607522,0
21,2,Gary Busey,16.5,0.02298850548289074,0.02298850548289074,0.00023038942649969527,0.00020739889034484705,0
21,2,Alexa PenaVega,23.0,0.12643678015589907,0.12643678015589907,0.001267141845748331,0.001140693896896665,0
21,2,Carlos PenaVega,22.5,0.09770114830228566,0.09770114830228566,0.012353463018328128,0.01229906225149938,0
21,2,Victor Espinoza,18.5,1.149425274144537e-08,1.149425274144537e-08,1.1519471324984741e-10,1.0369944517242335e-10,1
21,2,Alek Skarlatos,22.5,0.09770114830228566,0.09770114830228566,0.012171897815919932,0.013554848500402068,0
21,2,Chaka Khan,15.0,0.01149425274144537,0.01149425274144537,0.00011519471324984763,0.00010369944517242353,0
21,2,Andy Grammer,22.0,0.06896551644867223,0.06896551644867223,0.0006911682794990812,0.0006221966710345373,0
21,2,Tamar Braxton,24.5,0.14942528563878982,0.14942528563878982,0.0014975312722480187,0.0013480927872415057,0
21,2,Nick Carter,22.5,0.09770114830228566,0.09770114830228566,0.011889207442799489,0.012813315387116213,0
21,2,Hayes Grier,22.5,0.09770114830228566,0.09770114830228566,0.014065393068102242,0.012515814764723373,0
21,2,Bindi Irwin,24.0,0.13793103289734446,0.13793103289734446,0.0013823365589981625,0.0012443933420690746,0
21,2,Kim Zolciak-Biermann,18.5,0.04597701096578148,0.04597701096578148,0.008620350913685113,0.009342743171615762,0
21,2,Paula Deen,18.5,0.04597701096578148,0.04597701096578148,0.008891437259489612,0.00928816067721014,0
21,3,Gary Busey,25.0,0.051948051273401935,0.051948051273401935,0.0016014361852007503,0.0018054832871419208,0
21,3,Alexa PenaVega,36.0,0.14935064741103055,0.14935064741103055,0.007058827037118414,0.007935629778435586,0
21,3,Carlos PenaVega,31.0,0.09090908972845338,0.09090908972845338,0.0007311649447231995,0.0020297854880171064,0
21,3,Victor Espinoza,0.0,1.2987012818350482e-08,1.2987012818350482e-08,6.207421734936702e-10,6.716908733003954e-10,1
21,3,Alek Skarlatos,33.0,0.12337662177432959,0.12337662177432959,0.00615189144793301,0.005900220719302736,0
21,3,Chaka Khan,0.0,0.012987012818350484,0.012987012818350484,0.008958380491902158,0.008445191866603,0
21,3,Andy Grammer,29.0,0.06493506409175241,0.06493506409175241,0.0018925784385019644,0.0012052883736411264,0
21,3,Tamar Braxton,33.0,0.12337662177432959,0.12337662177432959,0.006307388170319981,0.007046670059790761,0
21,3,Nick Carter,36.0,0.14935064741103055,0.14935064741103055,0.006401062415490371,0.004940860112840518,0
21,3,Hayes Grier,30.0,0.0779220769101029,0.0779220769101029,0.0018804827438320382,0.0007402752769546096,0
21,3,Bindi Irwin,32.0,0.10389610254680387,0.10389610254680387,0.001182886441681499,0.002559910074803102,0
21,3,Kim Zolciak-Biermann,0.0,0.012987012818350484,0.012987012818350484,0.008817752168768223,0.008004629861013574,0
21,3,Paula Deen,20.0,0.03896103845505145,0.03896103845505145,0.0021869033964438556,0.0024431858290382327,0
21,4,Gary Busey,16.0,1.3333333155555557e-08,1.3333333155555557e-08,6.751302104377009e-10,5.680666055918486e-10,1
21,4,Alexa PenaVega,21.0,0.06666666577777779,0.06666666577777779,0.0008439128193079788,0.0007100833043286956,0
21,4,Carlos PenaVega,25.0,0.10666666524444447,0.10666666524444447,0.0011814778120051285,0.0009941165124468531,0
21,4,Victor Espinoza,0.0,0.013333333155555559,0.013333333155555559,0.009365879975616552,0.009416364823638458,0
21,4,Alek Skarlatos,24.0,0.09333333208888892,0.09333333208888892,0.0005063476015674295,0.00042604990685500647,0
21,4,Chaka Khan,0.0,0.013333333155555559,0.013333333155555559,0.00830271832176885,0.008280266896209445,0
21,4,Andy Grammer,23.0,0.07999999893333334,0.07999999893333334,0.0001687826088702799,0.000142016698736849,0
21,4,Tamar Braxton,27.0,0.13333333155555557,0.13333333155555557,0.010372939096738627,0.009898389011498313,0
21,4,Nick Carter,27.0,0.13333333155555557,0.13333333155555557,0.009521783882094964,0.009806025821098484,0
21,4,Hayes Grier,27.0,0.13333333155555557,0.13333333155555557,0.01080361930953909,0.010114853958793456,0
21,4,Bindi Irwin,28.0,0.1599999978666667,0.1599999978666667,0.0038819986537559277,0.0032663829348142472,0
21,4,Kim Zolciak-Biermann,0.0,0.013333333155555559,0.013333333155555559,0.009072960411754405,0.009423846602133959,0
21,4,Paula Deen,18.0,0.053333332622222236,0.053333332622222236,0.0015190430297456758,0.001278149909920541,0
21,5,Gary Busey,0.0,1.4184396961923448e-08,1.4184396961923448e-08,7.675411015936614e-10,7.621577619195617e-10,1
21,5,Alexa PenaVega,40.0,0.16312056506211964,0.16312056506211964,0.004726758675149731,0.004677355310514321,0
21,5,Carlos PenaVega,39.0,0.1489361681001962,0.1489361681001962,0.003983115953332164,0.003933072638549626,0
21,5,Victor Espinoza,0.0,0.014184396961923447,0.014184396961923447,0.012496376456697114,0.011697248858318738,0
21,5,Alek Skarlatos,29.0,0.07092198480961724,0.07092198480961724,0.00600877109009917,0.0065262350623697596,0
21,5,Chaka Khan,0.0,0.014184396961923447,0.014184396961923447,0.012127568506615444,0.01279234135061305,0
21,5,Andy Grammer,36.0,0.1205673741763493,0.1205673741763493,0.0029238679968144224,0.0041782424648929405,0
21,5,Tamar Braxton,29.0,0.07092198480961724,0.07092198480961724,0.007258459740677912,0.0053322370045619,0
21,5,Nick Carter,35.0,0.10638297721442586,0.10638297721442586,0.0018717746079788716,0.003708099177224829,0
21,5,Hayes Grier,30.0,0.09219858025250241,0.09219858025250241,0.002688476550444528,0.0018785303009946294,0
21,5,Bindi Irwin,37.0,0.13475177113827275,0.13475177113827275,0.003762581899996154,0.0034667591600037024,0
21,5,Kim Zolciak-Biermann,0.0,0.014184396961923447,0.014184396961923447,0.012411538505822968,0.013361878537281123,0
21,5,Paula Deen,26.0,0.049645389366732066,0.049645389366732066,0.0018752737819809748,0.0017715652859331436,0
21,6,Gary Busey,0.0,0.014705882136678205,0.014705882136678205,0.012569725580007062,0.01270850419675911,0
21,6,Alexa PenaVega,30.0,0.07352941068339103,0.07352941068339103,0.006305945929391474,0.006371636269138392,0
21,6,Carlos PenaVega,38.0,0.11029411602508653,0.11029411602508653,0.0022310692880026894,0.0016929328799522238,0
21,6,Victor Espinoza,0.0,0.014705882136678205,0.014705882136678205,0.012566930626874511,0.012781028700239077,0
21,6,Alek Skarlatos,30.0,0.07352941068339103,0.07352941068339103,0.006165728808833227,0.006360352310080564,0
21,6,Chaka Khan,0.0,0.014705882136678205,0.014705882136678205,0.013837969479728748,0.012787667022022955,0
21,6,Andy Grammer,40.0,0.15441176243512114,0.15441176243512114,0.011857059507593387,0.012440856979060565,0
21,6,Tamar Braxton,40.0,0.15441176243512114,0.15441176243512114,0.009752743629298139,0.011140287697672422,0
21,6,Nick Carter,39.0,0.12499999816176474,0.12499999816176474,0.003286034465726682,0.002616350856445162,0
21,6,Hayes Grier,32.0,0.09558823388840833,0.09558823388840833,0.000627238001668431,0.0007695149034592812,0
21,6,Bindi Irwin,40.0,0.15441176243512114,0.15441176243512114,0.011136624837579606,0.010134524294349752,0
21,6,Kim Zolciak-Biermann,0.0,0.014705882136678205,0.014705882136678205,0.013552548917473553,0.013557224187605712,0
21,6,Paula Deen,24.0,1.4705882136678204e-08,1.4705882136678204e-08,7.526856772706894e-10,9.234179764929389e-10,1
21,7,Gary Busey,0.0,0.017857142538265314,0.017857142538265314,0.01691916705445394,0.018541268420071526,0
21,7,Alexa PenaVega,27.5,0.12499999776785718,0.12499999776785718,0.012697175328907797,0.010512398068622517,0
21,7,Carlos PenaVega,28.0,0.16071428284438782,0.16071428284438782,0.013345609632968205,0.01332449517860965,0
21,7,Victor Espinoza,0.0,0.017857142538265314,0.017857142538265314,0.0193448097856867,0.018707978289158142,0
21,7,Alek Skarlatos,26.5,0.07142857015306125,0.07142857015306125,0.007251071597411969,0.004429412429516777,0
21,7,Chaka Khan,0.0,0.017857142538265314,0.017857142538265314,0.01781136568263149,0.01885432699159091,0
21,7,Andy Grammer,28.0,0.16071428284438782,0.16071428284438782,0.012857157084668351,0.016145726771575594,0
21,7,Tamar Braxton,27.0,0.09821428396045923,0.09821428396045923,0.01184839770022431,0.011435844300592446,0
21,7,Nick Carter,27.0,0.09821428396045923,0.09821428396045923,0.011966529397751918,0.010685852866062549,0
21,7,Hayes Grier,28.0,1.7857142538265312e-08,1.7857142538265312e-08,1.2071998406356292e-09,1.181571505896381e-09,1
21,7,Bindi Irwin,29.0,0.19642856792091845,0.19642856792091845,0.00798357887634491,0.007791166956022772,0
21,7,Kim Zolciak-Biermann,0.0,0.017857142538265314,0.017857142538265314,0.018627221140773337,0.017394816109358235,0
21,7,Paula Deen,0.0,0.017857142538265314,0.017857142538265314,0.01791323249573353,0.01917277434186945,0
21,8,Gary Busey,0.0,0.018518518175582997,0.018518518175582997,0.021026861006511792,0.02224399523947199,0
21,8,Alexa PenaVega,26.9998,0.12037036814128949,0.12037036814128949,0.0024714778287142896,0.0032247057952498994,0
21,8,Carlos PenaVega,28.9998,0.17592592266803847,0.17592592266803847,0.006178694726253097,0.00806176468966887,0
21,8,Victor Espinoza,0.0,0.018518518175582997,0.018518518175582997,0.020228128318072115,0.01971649084175537,0
21,8,Alek Skarlatos,25.0,0.10185184996570648,0.10185184996570648,0.0012357388628680202,0.001612352830443576,0
21,8,Chaka Khan,0.0,0.018518518175582997,0.018518518175582997,0.024172308190079848,0.02262707094997994,0
21,8,Andy Grammer,23.9998,1.8518518175582995e-08,1.8518518175582995e-08,1.235738965846267e-09,1.612352964806322e-09,1
21,8,Tamar Braxton,28.0,0.14814814540466398,0.14814814540466398,0.008283377209297343,0.008715116133304569,0
21,8,Nick Carter,33.0,0.19444444084362147,0.19444444084362147,0.007414433692099362,0.009674117654475194,0
21,8,Hayes Grier,0.0,0.018518518175582997,0.018518518175582997,0.02261988800377284,0.02317069400236556,0
21,8,Bindi Irwin,28.0,0.14814814540466398,0.14814814540466398,0.008315456433989645,0.00927391953574506,0
21,8,Kim Zolciak-Biermann,0.0,0.018518518175582997,0.018518518175582997,0.02301312558789221,0.020969374326718047,0
21,8,Paula Deen,0.0,0.018518518175582997,0.018518518175582997,0.01977802348148782,0.020715958686997094,0
21,9,Gary Busey,0.0,0.02352941121107268,0.02352941121107268,0.02519687920537817,0.029694481641471208,0
21,9,Alexa PenaVega,30.0,2.3529411211072677e-08,2.3529411211072677e-08,1.8365867973348848e-09,1.960624961116962e-09,1
21,9,Carlos PenaVega,27.0,0.16470587847750875,0.16470587847750875,0.008849977877930364,0.009783544457985838,0
21,9,Victor Espinoza,0.0,0.02352941121107268,0.02352941121107268,0.030389476670027876,0.031275650625204265,0
21,9,Alek Skarlatos,25.5,0.14117646726643607,0.14117646726643607,0.0047464905027818135,0.004850795972653011,0
21,9,Chaka Khan,0.0,0.02352941121107268,0.02352941121107268,0.02899839717957639,0.03061258186396176,0
21,9,Andy Grammer,0.0,0.02352941121107268,0.02352941121107268,0.03155350463355009,0.026780025137575013,0
21,9,Tamar Braxton,24.5,0.1176470560553634,0.1176470560553634,0.002937443562202352,0.0029220515093915773,0
21,9,Nick Carter,27.5,0.18823528968858144,0.18823528968858144,0.009129564791789004,0.00922524476278542,0
21,9,Hayes Grier,0.0,0.02352941121107268,0.02352941121107268,0.027678586081630884,0.027561808203313547,0
21,9,Bindi Irwin,30.0,0.22352940650519046,0.22352940650519046,0.011355527407408843,0.013996448492450452,0
21,9,Kim Zolciak-Biermann,0.0,0.02352941121107268,0.02352941121107268,0.029351705167519407,0.02896235058738923,0
21,9,Paula Deen,0.0,0.02352941121107268,0.02352941121107268,0.027121337063302522,0.027772816740833737,0
21,10,Gary Busey,0.0,2.6315788781163454e-08,2.6315788781163454e-08,2.2825144709398865e-09,2.4651408722023477e-09,1
21,10,Alexa PenaVega,0.0,0.026315788781163457,0.026315788781163457,0.03659463465060876,0.03705058369866696,0
21,10,Carlos PenaVega,31.5,0.22368420463988936,0.22368420463988936,0.015740356217608786,0.015850555044308073,0
21,10,Victor Espinoza,0.0,0.026315788781163457,0.026315788781163457,0.03647364704870797,0.036907436211756156,0
21,10,Alek Skarlatos,28.5,0.18421052146814418,0.18421052146814418,0.010025514752899747,0.010108803306580514,0
21,10,Chaka Khan,0.0,0.026315788781163457,0.026315788781163457,0.031071396465234765,0.034638562440421905,0
21,10,Andy Grammer,0.0,0.026315788781163457,0.026315788781163457,0.034743818548174626,0.03574657334913903,0
21,10,Tamar Braxton,0.0,0.026315788781163457,0.026315788781163457,0.03814865120425333,0.03767139265039282,0
21,10,Nick Carter,27.0,0.15789473268698073,0.15789473268698073,0.007898887990303178,0.007777756248747489,0
21,10,Hayes Grier,0.0,0.026315788781163457,0.026315788781163457,0.038220751637332226,0.039277174711520604,0
21,10,Bindi Irwin,31.5,0.22368420463988936,0.22368420463988936,0.015252316913267411,0.015651356870779096,0
21,10,Kim Zolciak-Biermann,0.0,0.026315788781163457,0.026315788781163457,0.036342444991738894,0.03677252097503772,0
21,10,Paula Deen,0.0,0.026315788781163457,0.026315788781163457,0.037334738957453914,0.03633214513773096,0
21,11,Gary Busey,0.0,0.032258063475546335,0.032258063475546335,0.039790699498234015,0.04237753037500926,0
21,11,Alexa PenaVega,0.0,0.032258063475546335,0.032258063475546335,0.0391266564923252,0.04400360845646188,0
21,11,Carlos PenaVega,30.0,3.225806347554634e-08,3.225806347554634e-08,2.574229212732831e-09,3.003927060451441e-09,1
21,11,Victor Espinoza,0.0,0.032258063475546335,0.032258063475546335,0.04228638964459488,0.041071643091378916,0
21,11,Alek Skarlatos,27.999899999999997,0.19354838085327802,0.19354838085327802,0.00883055076077573,0.010306077401537439,0
21,11,Chaka Khan,0.0,0.032258063475546335,0.032258063475546335,0.04362534348806486,0.038834578393967145,0
21,11,Andy Grammer,0.0,0.032258063475546335,0.032258063475546335,0.038702755146776686,0.040860398048097823,0
21,11,Tamar Braxton,0.0,0.032258063475546335,0.032258063475546335,0.03906159455408094,0.0432796593731834,0
21,11,Nick Carter,30.0,0.2580645078043707,0.2580645078043707,0.019237479435290996,0.02323900871139339,0
21,11,Hayes Grier,0.0,0.032258063475546335,0.032258063475546335,0.03984708068029001,0.041459041135206966,0
21,11,Bindi Irwin,30.0,0.2580645078043707,0.2580645078043707,0.02064140447186588,0.020678613990727766,0
21,11,Kim Zolciak-Biermann,0.0,0.032258063475546335,0.032258063475546335,0.042049928378982485,0.04040570289293165,0
21,11,Paula Deen,0.0,0.032258063475546335,0.032258063475546335,0.043126270657789706,0.040042500942388586,0
22,1,Mischa Barton,16.0,0.08333325000008333,0.03896103845505145,0.0,6.938893903907228e-18,0
22,1,Kim Fields,20.0,0.08333325000008333,0.058441557682577173,0.0,0.006362310937588629,0
22,1,Jodie Sweetin,20.0,0.08333325000008333,0.058441557682577173,0.0,0.0063623109375886295,0
22,1,Doug Flutie,15.0,0.08333325000008333,0.025974025636700968,0.0,3.469446951953614e-18,0
22,1,Von Miller,21.0,0.08333325000008333,0.09740259613762862,0.0,0.014228930646172162,0
22,1,Antonio Brown,21.0,0.08333325000008333,0.09740259613762862,0.0,0.014517598369882742,0
22,1,Paige VanZant,21.0,0.08333325000008333,0.09740259613762862,0.0,0.01404760218950123,0
22,1,Geraldo Rivera,13.0,0.08333325000008333,1.2987012818350482e-08,0.0,1.6543612251060553e-24,1
22,1,Nyle DiMarco,23.0,0.08333325000008333,0.14285714100185531,0.0,0.010837738064457987,0
22,1,Ginger Zee,23.0,0.08333325000008333,0.14285714100185531,0.0,0.009859871506288588,0
22,1,Wanya Morris,23.0,0.08333325000008333,0.14285714100185531,0.0,0.0110198457974547,0
22,1,Marla Maples,21.0,0.08333325000008333,0.09740259613762862,0.0,0.014169539241419858,0
22,2,Mischa Barton,15.0,0.08333325000008333,0.025974025636700968,0.0,3.469446951953614e-18,0
22,2,Kim Fields,19.0,0.08333325000008333,0.04545454486422669,0.0,0.006488309524461849,0
22,2,Jodie Sweetin,21.0,0.08333325000008333,0.12337662177432959,0.0,0.006472693835095979,0
22,2,Doug Flutie,20.0,0.08333325000008333,0.08441558331927815,0.0,0.01379560680773446,0
22,2,Von Miller,20.0,0.08333325000008333,0.08441558331927815,0.0,0.01414094276577082,0
22,2,Antonio Brown,19.0,0.08333325000008333,0.04545454486422669,0.0,0.00648830952446185,0
22,2,Paige VanZant,24.0,0.08333325000008333,0.14935064741103055,0.0,0.006488309524461853,0
22,2,Geraldo Rivera,13.0,0.08333325000008333,1.2987012818350482e-08,0.0,1.6543612251060553e-24,1
22,2,Nyle DiMarco,20.0,0.08333325000008333,0.08441558331927815,0.0,0.015076126412966101,0
22,2,Ginger Zee,21.0,0.08333325000008333,0.12337662177432959,0.0,0.006472693835095979,0
22,2,Wanya Morris,24.0,0.08333325000008333,0.14935064741103055,0.0,0.006488309524461853,0
22,2,Marla Maples,20.0,0.08333325000008333,0.08441558331927815,0.0,0.01349649962395879,0
22,3,Mischa Barton,18.0,0.04281282321700909,1.3157894563711913e-08,0.0009007235465931684,1.6543612251060553e-24,1
22,3,Kim Fields,22.0,0.08384942745905398,0.10526315650969531,0.0001650517134757314,1.3877787807814457e-17,0
22,3,Jodie Sweetin,23.0,0.08384942756884371,0.12499999835526318,0.00016504859789476714,0.006578947281855957,0
22,3,Doug Flutie,20.0,0.08384942756884393,0.052631578254847655,0.00016504859789485282,0.010473551831733477,0
22,3,Von Miller,20.0,0.08384946404710845,0.052631578254847655,0.00016505085751396907,0.010980339879219246,0
22,3,Antonio Brown,20.0,0.08384946404710002,0.052631578254847655,0.0001650508575121875,0.010686284335310443,0
22,3,Paige VanZant,23.0,0.08384946372489395,0.12499999835526318,0.00016505180023980583,0.006578947281855957,0
22,3,Geraldo Rivera,0.0,0.11869172480019474,0.013157894563711914,0.0008196208459638977,1.734723475976807e-18,0
22,3,Nyle DiMarco,25.0,0.0838494405313012,0.15789473476454297,0.00016504950214869734,0.0,0
22,3,Ginger Zee,21.0,0.08384943660210799,0.08552631466412744,0.00016505361873563106,0.006494190798367524,0
22,3,Wanya Morris,24.0,0.08384944041274243,0.14473684020083105,0.00016505676767127397,0.0,0
22,3,Marla Maples,21.0,0.08384946002180062,0.08552631466412744,0.00016505368777193486,0.006494190798367524,0
22,4,Mischa Barton,0.0,0.1125919986881366,0.01481481459533608,0.00526255217429095,0.006013382968250473,0
22,4,Kim Fields,32.0,0.08334852135728835,0.08888888757201649,0.0004141268063932807,0.006882815990587625,0
22,4,Jodie Sweetin,27.0,0.08343677820719683,0.051851851083676286,0.011231618513738297,0.0012189896371883144,0
22,4,Doug Flutie,24.0,0.08324822975359902,0.037037036488340204,0.007231164093184357,0.0016813650008674905,0
22,4,Von Miller,32.0,0.08331263733993789,0.08888888757201649,0.0004167195171976208,0.006899901719391167,0
22,4,Antonio Brown,35.0,0.08331263733998644,0.13333333135802472,0.00041672938652492417,0.007200466397537412,0
22,4,Paige VanZant,36.0,0.08334837419676237,0.16296296054869688,0.00041584692792188456,0.0068848911710870766,0
22,4,Geraldo Rivera,0.0,0.11258466387017403,0.01481481459533608,0.005845379087948561,0.006615365636650562,0
22,4,Nyle DiMarco,34.0,0.08334455343510125,0.1111111094650206,0.00041853443559014726,0.0006305118175283861,0
22,4,Ginger Zee,36.0,0.0832999210662594,0.16296296054869688,0.0004160939013211268,0.008204514145859735,0
22,4,Wanya Morris,35.0,0.08332760845991473,0.13333333135802472,0.0004175045668879958,0.007367060282274537,0
22,4,Marla Maples,28.0,0.024843076286643166,1.481481459533608e-08,0.005322120929118794,4.623753636791761e-10,1
22,5,Mischa Barton,0.0,0.08333028561368529,1.5384615147929e-08,0.0015122379406739045,7.826194667681945e-10,1
22,5,Kim Fields,28.0,0.08333325365843587,0.0692307681656805,4.498440723024236e-06,0.006666723342631666,0
22,5,Jodie Sweetin,35.0,0.08333325365843587,0.15384615147928998,4.498440723790835e-06,0.003423738525455839,0
22,5,Doug Flutie,28.0,0.08333325365843587,0.0692307681656805,4.498440723790874e-06,0.007393125980388983,0
22,5,Von Miller,29.0,0.08333325365843587,0.09230769088757398,4.498440722999155e-06,0.0009508082247001162,0
22,5,Antonio Brown,26.0,0.08333325365843587,0.04615384544378699,4.498440722999178e-06,0.0023775895771374687,0
22,5,Paige VanZant,31.0,0.08333325365843587,0.12307692118343198,4.498440721968527e-06,0.00298194239207661,0
22,5,Geraldo Rivera,0.0,0.08333471573069597,0.015384615147928998,0.0007579263952078839,0.009240928908911457,0
22,5,Nyle DiMarco,37.0,0.08333325365843587,0.16923076662721898,4.4984407231159465e-06,0.00418197787442096,0
22,5,Ginger Zee,32.0,0.08333325365843587,0.138461536331361,4.498440723115892e-06,0.002679555653231271,0
22,5,Wanya Morris,30.0,0.08333325365843587,0.10769230603550299,4.4984407231159576e-06,0.001953807879024634,0
22,5,Marla Maples,0.0,0.08333471573069597,0.015384615147928998,0.0009009520940906763,0.009795477714671767,0
22,6,Mischa Barton,0.0,0.1064846293291748,0.015873015621063243,0.003864190801253088,0.010573044233120686,0
22,6,Kim Fields,24.0,0.08331917879924614,0.07936507810531622,0.0006805020177336724,0.011882466124575957,0
22,6,Jodie Sweetin,25.0,0.08331911149493859,0.11904761715797434,0.0006807128559522999,0.007221128478848507,0
22,6,Doug Flutie,21.0,0.013999555281084125,1.5873015621063245e-08,0.001993019106632457,7.269454423470709e-10,1
22,6,Von Miller,24.0,0.08331906426198636,0.07936507810531622,0.0006807318985822346,0.011292694171712981,0
22,6,Antonio Brown,27.0,0.08331906426205908,0.1428571405895692,0.000681375148343131,0.0023790941088680955,0
22,6,Paige VanZant,28.0,0.0833190921419505,0.15873015621063244,0.0006813670902129324,0.0031060395512151674,0
22,6,Geraldo Rivera,0.0,0.1064757575119808,0.015873015621063243,0.003113083466517346,0.009987894019025752,0
22,6,Nyle DiMarco,25.0,0.08331891150840685,0.11904761715797434,0.0006811802913466227,0.007154555938265207,0
22,6,Ginger Zee,24.0,0.08331885300682151,0.07936507810531622,0.0006810602614972617,0.011436651272298946,0
22,6,Wanya Morris,29.0,0.08331862837914962,0.17460317183169569,0.0006805636949325121,0.003832984993562245,0
22,6,Marla Maples,0.0,0.10648715402420166,0.015873015621063243,0.003819160450039824,0.011593266795240049,0
22,7,Mischa Barton,0.0,0.1214531396348018,0.018348623516539018,0.0015070619662170368,0.015259625547095475,0
22,7,Kim Fields,26.0,9.999990001034939e-09,1.8348623516539018e-08,0.0005190321021704883,1.325811952294719e-09,1
22,7,Jodie Sweetin,25.5,0.07342467340882516,0.06422018230788656,0.008187244570854556,0.010178344694419417,0
22,7,Doug Flutie,0.0,0.12144940210206036,0.018348623516539018,0.00156369876236578,0.01566745742045013,0
22,7,Von Miller,26.0,0.07320250999694773,0.1009174293409646,0.002097207770103098,0.01371894253876328,0
22,7,Antonio Brown,26.0,0.07320250999540406,0.1009174293409646,0.001431230150769267,0.014099747944670536,0
22,7,Paige VanZant,27.5,0.07358149875283833,0.15596329989058166,0.0015026461506833894,0.01597406635843125,0
22,7,Geraldo Rivera,0.0,0.12147460100414634,0.018348623516539018,0.0015472684029081002,0.015954362609922633,0
22,7,Nyle DiMarco,28.0,0.07358405314052924,0.1926605469236597,0.0015047453278293288,0.013606876594867517,0
22,7,Ginger Zee,27.5,0.07357908721695149,0.15596329989058166,0.001506385525939039,0.01648009411658248,0
22,7,Wanya Morris,27.5,0.07359095567961822,0.15596329989058166,0.0015087700205068106,0.01428085901861178,0
22,7,Marla Maples,0.0,0.1214565590688873,0.018348623516539018,0.001542681808049291,0.01604051732064183,0
22,8,Mischa Barton,0.0,0.16342235903828564,0.025641024983563465,0.001231331580134352,0.0285290663724515,0
22,8,Kim Fields,0.0,0.1634223590379583,0.025641024983563465,0.001003613681198666,0.027569150713500606,0
22,8,Jodie Sweetin,30.0,1.00274908910212e-08,2.5641024983563464e-08,1.3407058291166397e-08,2.422112224464023e-09,1
22,8,Doug Flutie,0.0,0.16342235516993228,0.025641024983563465,0.0010612757286920693,0.02682792157548388,0
22,8,Von Miller,0.0,0.16342418086631308,0.025641024983563465,0.0010092974177136865,0.029893226040788725,0
22,8,Antonio Brown,27.0,0.003817794558451439,0.14102563740959906,0.0012564257972135164,0.00486091499163428,0
22,8,Paige VanZant,28.0,9.999989998972311e-09,0.16666666239316252,0.0005930545458342327,0.007258865851958235,0
22,8,Geraldo Rivera,0.0,0.16342413188958238,0.025641024983563465,0.0009154985133337086,0.02860712816155412,0
22,8,Nyle DiMarco,29.0,9.999989998972311e-09,0.192307687376726,2.408930519404331e-10,0.009668868993494117,0
22,8,Ginger Zee,30.0,9.999989998972311e-09,0.2307692248520712,1.8568983202207687e-10,0.015181859023894687,0
22,8,Wanya Morris,25.0,0.015641584441148996,0.1153846124260356,0.0013681426000544874,0.0025098029625571327,0
22,8,Marla Maples,0.0,0.16342419497186694,0.025641024983563465,0.000888718207452222,0.02678576185509411,0
22,9,Mischa Barton,0.0,0.14285699291827164,0.027027026296566857,0.0009991923031969897,0.03255447103510225,0
22,9,Kim Fields,0.0,0.14285699291784934,0.027027026296566857,0.0008843738959730643,0.03257378870838844,0
22,9,Jodie Sweetin,0.0,0.14285699291766313,0.027027026296566857,0.000999012296983944,0.030512622669343827,0
22,9,Doug Flutie,0.0,0.14285699291785084,0.027027026296566857,0.0010947325241621498,0.0335394880606118,0
22,9,Von Miller,0.0,0.14285699277664984,0.027027026296566857,0.0009141576635914454,0.030993794031198774,0
22,9,Antonio Brown,27.5,1.0000035528047946e-08,2.7027026296566858e-08,4.615376102013719e-09,2.4008213198580803e-09,1
22,9,Paige VanZant,29.5,9.999990000006586e-09,0.21621621037253486,2.0066950999127976e-09,0.014539015492291545,0
22,9,Geraldo Rivera,0.0,0.14285699277625682,0.027027026296566857,0.0010438747670212575,0.035394322479546894,0
22,9,Nyle DiMarco,28.5,9.999990000006586e-09,0.18918918407596802,2.006695164024818e-09,0.011530134237520646,0
22,9,Ginger Zee,28.0,9.999990000006586e-09,0.16216215777940116,2.0707414469552593e-09,0.009982890230957569,0
22,9,Wanya Morris,30.0,9.999990000006586e-09,0.24324323666910172,2.0066956559725914e-09,0.01439135930868453,0
22,9,Marla Maples,0.0,0.14285699277646277,0.027027026296566857,0.0009490516906110726,0.03492007541807828,0
22,10,Mischa Barton,0.0,0.08332755676243894,3.4482757431629055e-08,0.0034160677222603597,2.827983845032138e-09,1
22,10,Kim Fields,0.0,0.08333395902002731,0.034482757431629055,0.0008296334683002667,0.04813516255274786,0
22,10,Jodie Sweetin,0.0,0.08333395902002731,0.034482757431629055,0.0009274411894080146,0.035464411163931425,0
22,10,Doug Flutie,0.0,0.08333395902002731,0.034482757431629055,0.0012756734852229802,0.04359911296738175,0
22,10,Von Miller,0.0,0.08333395902002731,0.034482757431629055,0.0015456075463635955,0.0466192061176615,0
22,10,Antonio Brown,0.0,0.08333395902002731,0.034482757431629055,0.0011455880999850646,0.04367833186889781,0
22,10,Paige VanZant,29.666600000000003,0.08333325702611422,0.27586205945303244,2.504288051464887e-05,0.017872894252124547,0
22,10,Geraldo Rivera,0.0,0.08333395902002731,0.034482757431629055,0.0010479292120533965,0.04530896970013703,0
22,10,Nyle DiMarco,28.9998,0.08333325702611422,0.24137930202140337,2.361323311075399e-05,0.013923554366075433,0
22,10,Ginger Zee,28.333199999999998,0.08333325702611422,0.20689654458977433,2.5563440534474625e-05,0.012630670812133956,0
22,10,Wanya Morris,0.0,0.08333395902002731,0.034482757431629055,0.001246022244638873,0.04554870790683492,0
22,10,Marla Maples,0.0,0.08333395902002731,0.034482757431629055,0.001689949272896224,0.03874414935009245,0
23,1,Jake T. Austin,22.0,0.031055900235330433,0.031055900235330433,0.006175493951128468,0.006209613378412461,0
23,1,Maureen McCormick,22.0,0.031055900235330433,0.031055900235330433,0.006154046161201367,0.00620951749824869,0
23,1,Marilu Henner,27.0,0.13043478098838782,0.13043478098838782,0.005362204605223212,0.00540123451086439,0
23,1,Ryan Lochte,24.0,0.05590062042359478,0.05590062042359478,0.006309340227305649,0.006216187227143416,0
23,1,Calvin Johnson Jr.,26.0,0.10559006080012347,0.10559006080012347,0.006317665182288027,0.006011737162745579,0
23,1,Laurie Hernandez,31.0,0.15527950117665215,0.15527950117665215,0.005935081590192076,0.006280826959184774,0
23,1,Amber Rose,24.0,0.05590062042359478,0.05590062042359478,0.006111208460351156,0.006216359625202293,0
23,1,Rick Perry,20.0,0.012422360094132173,0.012422360094132173,7.660292183743199e-05,7.716049191005497e-05,0
23,1,James Hinchcliffe,31.0,0.15527950117665215,0.15527950117665215,0.006568202820745277,0.006281300902896951,0
23,1,Babyface,26.0,0.10559006080012347,0.10559006080012347,0.006074387651769292,0.006226434690118652,0
23,1,Vanilla Ice,25.0,0.08074534061185913,0.08074534061185913,0.006082987964855702,0.006345003365505955,0
23,1,Jana Kramer,27.0,1.2422360094132172e-08,1.2422360094132172e-08,7.660292183743267e-11,7.716049191005566e-11,1
23,1,Terra Jole,25.0,0.08074534061185913,0.08074534061185913,0.0063585819392957335,0.00602181051736469,0
23,2,Jake T. Austin,24.0,1.1363636234504133e-08,1.1363636234504133e-08,9.993777557359357e-11,1.0135616011829602e-10,1
23,2,Maureen McCormick,26.0,0.062499999289772734,0.062499999289772734,0.005493515958563591,0.005655431109485632,0
23,2,Marilu Henner,27.0,0.07954545364152894,0.07954545364152894,0.0006995644290151567,0.0007094931208280738,0
23,2,Ryan Lochte,24.0,0.034090908703512404,0.034090908703512404,0.009735850249951416,0.008767011021288747,0
23,2,Calvin Johnson Jr.,28.0,0.09090908987603308,0.09090908987603308,0.0007995022045887442,0.0008108492809463641,0
23,2,Laurie Hernandez,32.0,0.14772727104855374,0.14772727104855374,0.001299191082456715,0.0013176300815378468,0
23,2,Amber Rose,24.0,0.034090908703512404,0.034090908703512404,0.008944360889371903,0.009563689242504501,0
23,2,Rick Perry,22.0,0.011363636234504135,0.011363636234504135,9.993777557359302e-05,0.00010135616011829552,0
23,2,James Hinchcliffe,29.0,0.10795454422778927,0.10795454422778927,0.005790534617931321,0.005754400842084151,0
23,2,Babyface,30.0,0.12499999857954547,0.12499999857954547,0.0010993155313095235,0.0011149177613012503,0
23,2,Vanilla Ice,26.0,0.062499999289772734,0.062499999289772734,0.005596231368046939,0.005746673113230367,0
23,2,Jana Kramer,29.0,0.10795454422778927,0.10795454422778927,0.0057003783627599365,0.005539044204383664,0
23,2,Terra Jole,31.0,0.13636363481404962,0.13636363481404962,0.0011992533068831272,0.0012162739214195571,0
23,3,Jake T. Austin,0.0,0.011299434900571358,0.011299434900571358,6.255080917838896e-05,6.301819407761774e-05,0
23,3,Maureen McCormick,28.0,0.09604519665485654,0.09604519665485654,0.005548328531223362,0.005572136243682706,0
23,3,Marilu Henner,28.0,0.09604519665485654,0.09604519665485654,0.005669680305211731,0.005197334335829878,0
23,3,Ryan Lochte,25.0,0.05649717450285679,0.05649717450285679,0.009117049301799709,0.01021424560409264,0
23,3,Calvin Johnson Jr.,32.0,0.14689265370742766,0.14689265370742766,0.0008131605193190547,0.000819236523009029,0
23,3,Laurie Hernandez,31.0,0.1355932188068563,0.1355932188068563,0.0007506097101406743,0.0007562183289314199,0
23,3,Amber Rose,25.0,0.05649717450285679,0.05649717450285679,0.009556406271278827,0.007995566499632392,0
23,3,Rick Perry,23.0,1.1299434900571357e-08,1.1299434900571357e-08,6.255080917838926e-11,6.301819407761805e-11,1
23,3,James Hinchcliffe,29.0,0.11299434900571358,0.11299434900571358,0.0006255080917838861,0.000630181940776174,0
23,3,Babyface,25.0,0.05649717450285679,0.05649717450285679,0.008830128960542265,0.009358546410948586,0
23,3,Vanilla Ice,23.0,0.028248587251428394,0.028248587251428394,0.005379369651892259,0.005419564753693319,0
23,3,Jana Kramer,26.0,0.0790960443039995,0.0790960443039995,0.00043785566424872445,0.0004411273585433259,0
23,3,Terra Jole,30.0,0.12429378390628493,0.12429378390628493,0.0006880589009622734,0.0006932001348537901,0
23,4,Jake T. Austin,0.0,0.012195121802498515,0.012195121802498515,0.005008534898780739,0.005509489783754835,0
23,4,Maureen McCormick,24.0,0.10975609622248664,0.10975609622248664,0.005821848020866369,0.005786579428276637,0
23,4,Marilu Henner,21.0,0.042682926308744804,0.042682926308744804,0.001108647451708694,0.0011481327720099467,0
23,4,Ryan Lochte,22.0,0.05487804811124332,0.05487804811124332,0.0007760532245109392,0.000803692949017956,0
23,4,Calvin Johnson Jr.,23.0,0.07926829171624035,0.07926829171624035,0.008542747195919567,0.009233743749787287,0
23,4,Laurie Hernandez,30.0,0.15243902253123143,0.15243902253123143,0.0018847005930710762,0.0019518256349179463,0
23,4,Amber Rose,24.0,0.10975609622248664,0.10975609622248664,0.005793648200716115,0.005860897988589598,0
23,4,Rick Perry,0.0,0.012195121802498515,0.012195121802498515,0.005511505569632855,0.005097958261164232,0
23,4,James Hinchcliffe,28.0,0.1402439007287329,0.1402439007287329,0.0015521063658733181,0.0016073858119259523,0
23,4,Babyface,18.0,1.2195121802498514e-08,1.2195121802498514e-08,3.325942271977522e-10,3.444398229919881e-10,1
23,4,Vanilla Ice,23.0,0.07926829171624035,0.07926829171624035,0.009317197331366586,0.009224161540605185,0
23,4,Jana Kramer,23.0,0.07926829171624035,0.07926829171624035,0.009118834092738741,0.009617139504846358,0
23,4,Terra Jole,25.0,0.1280487789262344,0.1280487789262344,0.0012195121386755713,0.00126294598893397,0
23,5,Jake T. Austin,0.0,1.4184396961923448e-08,1.4184396961923448e-08,8.744051149797257e-10,8.598724166585353e-10,1
23,5,Maureen McCormick,24.0,0.07092198480961724,0.07092198480961724,0.01386514044913289,0.013569437591264912,0
23,5,Marilu Henner,27.0,0.14184396961923448,0.14184396961923448,0.00743659753407251,0.0073356443921011386,0
23,5,Ryan Lochte,24.0,0.07092198480961724,0.07092198480961724,0.014582941212166483,0.013657773669772257,0
23,5,Calvin Johnson Jr.,24.0,0.07092198480961724,0.07092198480961724,0.01214747107274964,0.013651330459986458,0
23,5,Laurie Hernandez,25.0,0.10638297721442586,0.10638297721442586,0.0026146080422708284,0.0015952359653750045,0
23,5,Amber Rose,24.0,0.07092198480961724,0.07092198480961724,0.014539044853084928,0.013762144152435707,0
23,5,Rick Perry,0.0,0.014184396961923447,0.014184396961923447,0.011859825321640247,0.012342413885319734,0
23,5,James Hinchcliffe,29.0,0.16312056506211964,0.16312056506211964,0.005053871804295572,0.004804191484973018,0
23,5,Babyface,0.0,0.014184396961923447,0.014184396961923447,0.011598868587821371,0.01248536565698413,0
23,5,Vanilla Ice,0.0,0.014184396961923447,0.014184396961923447,0.012142073711329042,0.011890326050404436,0
23,5,Jana Kramer,26.0,0.1205673741763493,0.1205673741763493,0.0029632164774765764,0.002336772469925277,0
23,5,Terra Jole,27.0,0.14184396961923448,0.14184396961923448,0.006922603940579474,0.0066567304648145744,0
23,6,Jake T. Austin,0.0,0.014705882136678205,0.014705882136678205,0.012700376003650106,0.0122475689331468,0
23,6,Maureen McCormick,31.0,0.09558823388840833,0.09558823388840833,0.0008726708391211746,0.001926985197219463,0
23,6,Marilu Henner,34.0,0.11029411602508653,0.11029411602508653,0.0019198759507871046,0.0017045448874156485,0
23,6,Ryan Lochte,30.0,0.07352941068339103,0.07352941068339103,0.0062616314794771135,0.006338806027528446,0
23,6,Calvin Johnson Jr.,37.0,0.13235293923010383,0.13235293923010383,0.007317026483456897,0.006583727356156596,0
23,6,Laurie Hernandez,37.0,0.13235293923010383,0.13235293923010383,0.007377516713160928,0.0075048299629927465,0
23,6,Amber Rose,28.0,1.4705882136678204e-08,1.4705882136678204e-08,1.047205111665925e-09,9.297517990336173e-10,1
23,6,Rick Perry,0.0,0.014705882136678205,0.014705882136678205,0.01315538417148193,0.013139560803916657,0
23,6,James Hinchcliffe,38.0,0.15441176243512114,0.15441176243512114,0.005515047244027189,0.004852777924831883,0
23,6,Babyface,0.0,0.014705882136678205,0.014705882136678205,0.012314346657773118,0.012645943586402062,0
23,6,Vanilla Ice,0.0,0.014705882136678205,0.014705882136678205,0.013516371386654543,0.013368701632371143,0
23,6,Jana Kramer,40.0,0.16911764457179934,0.16911764457179934,0.006108696397450803,0.005423552083550116,0
23,6,Terra Jole,30.0,0.07352941068339103,0.07352941068339103,0.006362997980928098,0.006828901157078843,0
23,7,Jake T. Austin,0.0,0.016806722406609707,0.016806722406609707,0.017353057267668472,0.017395548360448383,0
23,7,Maureen McCormick,33.0,1.6806722406609706e-08,1.6806722406609706e-08,1.4853160963045479e-09,9.651414080594588e-10,1
23,7,Marilu Henner,32.0,0.06722688962643883,0.06722688962643883,0.0014033595627378137,0.002233701887881358,0
23,7,Ryan Lochte,33.0,0.0924369732363534,0.0924369732363534,0.006098315119330837,0.007066575337623948,0
23,7,Calvin Johnson Jr.,37.0,0.17647058526940193,0.17647058526940193,0.011716983985804483,0.008178696705103877,0
23,7,Laurie Hernandez,34.5,0.13445377925287766,0.13445377925287766,0.012653500151656945,0.011835850354444552,0
23,7,Amber Rose,0.0,0.016806722406609707,0.016806722406609707,0.017287936685363846,0.018871568310364958,0
23,7,Rick Perry,0.0,0.016806722406609707,0.016806722406609707,0.01756405528334246,0.01730445607091817,0
23,7,James Hinchcliffe,37.0,0.17647058526940193,0.17647058526940193,0.00978467426108655,0.008859134191699062,0
23,7,Babyface,0.0,0.016806722406609707,0.016806722406609707,0.01819453964597097,0.016680825083777266,0
23,7,Vanilla Ice,0.0,0.016806722406609707,0.016806722406609707,0.016412249448204325,0.017700747432797547,0
23,7,Jana Kramer,34.5,0.13445377925287766,0.13445377925287766,0.012028638857503531,0.01017199804704937,0
23,7,Terra Jole,34.5,0.13445377925287766,0.13445377925287766,0.01138075363861927,0.012120294275312877,0
23,8,Jake T. Austin,0.0,0.019230768860946754,0.019230768860946754,0.022981338618033254,0.022759534828104874,0
23,8,Maureen McCormick,0.0,0.019230768860946754,0.019230768860946754,0.02223043417291455,0.021693393558001088,0
23,8,Marilu Henner,23.0,0.08653845987426038,0.08653845987426038,0.00027777826659518626,0.00024418497844294124,0
23,8,Ryan Lochte,26.0,1.923076886094675e-08,1.923076886094675e-08,1.6666704329063432e-09,1.465110603212949e-09,1
23,8,Calvin Johnson Jr.,30.0,0.15384615088757403,0.15384615088757403,0.00896211390320451,0.009979422153442209,0
23,8,Laurie Hernandez,33.0,0.18269230417899415,0.18269230417899415,0.008611130431126901,0.0075697379945076845,0
23,8,Amber Rose,0.0,0.019230768860946754,0.019230768860946754,0.02276540382484015,0.022408665103356623,0
23,8,Rick Perry,0.0,0.019230768860946754,0.019230768860946754,0.022034647511161493,0.022503466792976233,0
23,8,James Hinchcliffe,34.9998,0.20192307303994092,0.20192307303994092,0.010277800864033246,0.009034848597720633,0
23,8,Babyface,0.0,0.019230768860946754,0.019230768860946754,0.021301376250466998,0.022998421773152696,0
23,8,Vanilla Ice,0.0,0.019230768860946754,0.019230768860946754,0.022171757943431222,0.022070186914296342,0
23,8,Jana Kramer,30.0,0.15384615088757403,0.15384615088757403,0.009930003257674602,0.007926867186169152,0
23,8,Terra Jole,24.0,0.10576922873520714,0.10576922873520714,0.001944448699501531,0.0017092955816558906,0
23,9,Jake T. Austin,0.0,0.02150537588160482,0.02150537588160482,0.024806010066140537,0.02626943977421483,0
23,9,Maureen McCormick,0.0,0.02150537588160482,0.02150537588160482,0.02970822607158035,0.029861479518129518,0
23,9,Marilu Henner,36.0,2.150537588160482e-08,2.150537588160482e-08,2.061894372259629e-09,1.5922963843208887e-09,1
23,9,Ryan Lochte,0.0,0.02150537588160482,0.02150537588160482,0.02553844629190669,0.025591655261272057,0
23,9,Calvin Johnson Jr.,37.0,0.15053763117123375,0.15053763117123375,0.007789735617385496,0.008629608909087184,0
23,9,Laurie Hernandez,40.0,0.2043010708752458,0.2043010708752458,0.013863072068119339,0.013181424255105337,0
23,9,Amber Rose,0.0,0.02150537588160482,0.02150537588160482,0.028647906615830738,0.026951745291977983,0
23,9,Rick Perry,0.0,0.02150537588160482,0.02150537588160482,0.027721097541194433,0.028891912156844984,0
23,9,James Hinchcliffe,36.0,0.11827956734882651,0.11827956734882651,0.007657319374769731,0.008790674892496842,0
23,9,Babyface,0.0,0.02150537588160482,0.02150537588160482,0.026986233408810515,0.025082335920751226,0
23,9,Vanilla Ice,0.0,0.02150537588160482,0.02150537588160482,0.02583448818387595,0.028780997438756464,0
23,9,Jana Kramer,40.0,0.2043010708752458,0.2043010708752458,0.0140166949005451,0.010009784959002609,0
23,9,Terra Jole,38.0,0.17204300705283856,0.17204300705283856,0.009656010020461417,0.006605844443147938,0
23,10,Jake T. Austin,0.0,0.027397259523362756,0.027397259523362756,0.03375571483320049,0.033739559775334084,0
23,10,Maureen McCormick,0.0,0.027397259523362756,0.027397259523362756,0.0343416043672387,0.033926945393617826,0
23,10,Marilu Henner,0.0,0.027397259523362756,0.027397259523362756,0.036282208874615085,0.034067790070760315,0
23,10,Ryan Lochte,0.0,0.027397259523362756,0.027397259523362756,0.03618135350176985,0.03667700899370879,0
23,10,Calvin Johnson Jr.,28.0,0.15068492737849515,0.15068492737849515,0.006212173708786735,0.00662111330307118,0
23,10,Laurie Hernandez,30.0,0.2465753357102648,0.2465753357102648,0.019179882655814114,0.019452709988725538,0
23,10,Amber Rose,0.0,0.027397259523362756,0.027397259523362756,0.03409214693346392,0.03347908567878238,0
23,10,Rick Perry,0.0,0.027397259523362756,0.027397259523362756,0.03541994089556446,0.03416238704718823,0
23,10,James Hinchcliffe,29.5,0.20547944642522065,0.20547944642522065,0.016012121417569226,0.018683236571331457,0
23,10,Babyface,0.0,0.027397259523362756,0.027397259523362756,0.033390063091078934,0.03692026718536006,0
23,10,Vanilla Ice,0.0,0.027397259523362756,0.027397259523362756,0.03702339557027394,0.03409096542091162,0
23,10,Jana Kramer,29.0,0.1780821869018579,0.1780821869018579,0.01144421497201375,0.01116869959687154,0
23,10,Terra Jole,30.0,2.7397259523362752e-08,2.7397259523362752e-08,2.550039756878043e-09,2.571295520729745e-09,1
23,11,Jake T. Austin,0.0,0.030303029384756687,0.030303029384756687,0.03979315895941841,0.03719398716943833,0
23,11,Maureen McCormick,0.0,0.030303029384756687,0.030303029384756687,0.03548737835458975,0.03954977849188651,0
23,11,Marilu Henner,0.0,0.030303029384756687,0.030303029384756687,0.038603365490968836,0.03796450434055374,0
23,11,Ryan Lochte,0.0,0.030303029384756687,0.030303029384756687,0.038811579411073875,0.0432890445044271,0
23,11,Calvin Johnson Jr.,38.3331,0.21212120569329682,0.21212120569329682,0.01402372922498116,0.011972159912600843,0
23,11,Laurie Hernandez,39.333200000000005,0.2727272644628102,0.2727272644628102,0.01976409838153212,0.019140605573260586,0
23,11,Amber Rose,0.0,0.030303029384756687,0.030303029384756687,0.0400484656900096,0.03804552284893528,0
23,11,Rick Perry,0.0,0.030303029384756687,0.030303029384756687,0.03818737477633559,0.04182534933002854,0
23,11,James Hinchcliffe,38.9998,0.2424242350780535,0.2424242350780535,0.020322582677479887,0.015587387985121921,0
23,11,Babyface,0.0,0.030303029384756687,0.030303029384756687,0.039633752397190206,0.03845149430156451,0
23,11,Vanilla Ice,0.0,0.030303029384756687,0.030303029384756687,0.03940382560974446,0.03637141185595773,0
23,11,Jana Kramer,35.5,3.0303029384756685e-08,3.0303029384756685e-08,3.131993247926736e-09,2.6516126361395885e-09,1
23,11,Terra Jole,0.0,0.030303029384756687,0.030303029384756687,0.0387156200545351,0.03732239133956837,0
24,1,Charo,21.0,0.08333325000008333,0.03896103845505145,0.0,6.938893903907228e-18,0
24,1,Mr. T,20.0,0.08333325000008333,0.025974025636700968,0.0,3.469446951953614e-18,0
24,1,Heather Morris,28.0,0.08333325000008333,0.11688311536515435,0.0,0.010005901316421133,0
24,1,Nancy Kerrigan,28.0,0.08333325000008333,0.11688311536515435,0.0,0.01022268488238301,0
24,1,Bonner Bolton,22.0,0.08333325000008333,0.051948051273401935,0.0,6.938893903907228e-18,0
24,1,Simone Biles,32.0,0.08333325000008333,0.1558441538202058,0.0,2.7755575615628914e-17,0
24,1,David Ross,28.0,0.08333325000008333,0.11688311536515435,0.0,0.0114433197328975,0
24,1,Rashad Jennings,31.0,0.08333325000008333,0.14285714100185531,0.0,2.7755575615628914e-17,0
24,1,Chris Kattan,17.0,0.08333325000008333,1.2987012818350482e-08,0.0,1.6543612251060553e-24,1
24,1,Erika Jayne,24.0,0.08333325000008333,0.07142857050092766,0.0,0.006488309524461852,0
24,1,Normani,27.0,0.08333325000008333,0.09090908972845338,0.0,2.7755575615628914e-17,0
24,1,Nick Viall,24.0,0.08333325000008333,0.07142857050092766,0.0,0.006488309524461852,0
24,2,Charo,25.0,0.08333325194249702,0.04225352053164056,1.4052420477324715e-05,0.0062764798431152406,0
24,2,Mr. T,22.0,0.08333480452614611,0.014084506843880186,0.0002678671296267331,0.006325510520081099,0
24,2,Heather Morris,30.0,0.08333325194249702,0.13380281501686175,1.405242047731343e-05,0.0008434013914321311,0
24,2,Nancy Kerrigan,28.0,0.08333325194249702,0.09154929448522121,1.405242047731343e-05,0.01174557354581305,0
24,2,Bonner Bolton,28.0,0.08333325194249702,0.09154929448522121,1.4052420477202893e-05,0.009931811817521577,0
24,2,Simone Biles,29.0,0.08333325194249702,0.11971830817298158,1.4052420477202893e-05,0.0007590612522889152,0
24,2,David Ross,27.0,0.08333325194249702,0.06338028079746083,1.4052420477202893e-05,0.00042170069571606555,0
24,2,Rashad Jennings,32.0,0.08333325194249702,0.15492957528268203,1.4052420477202893e-05,0.006756946932225656,0
24,2,Chris Kattan,22.0,0.08333167604988373,1.4084506843880184e-08,0.00022694102450051694,8.434013914321278e-11,1
24,2,Erika Jayne,28.0,0.08333325194249702,0.09154929448522121,1.4052420477290925e-05,0.01033540557965824,0
24,2,Normani,32.0,0.08333325194249702,0.15492957528268203,1.4052420477290925e-05,0.00645817718252421,0
24,2,Nick Viall,25.0,0.08333325194249702,0.04225352053164056,1.4052420477290925e-05,0.0062994494165901915,0
24,3,Charo,24.0,0.04536307946921437,1.3333333155555557e-08,0.0018399806420585406,1.467931783614082e-10,1
24,3,Mr. T,24.0,0.08357965550443701,0.03999999946666667,0.0010340331585258365,0.009982308273944656,0
24,3,Heather Morris,33.0,0.08324583069083301,0.13999999813333336,0.0001532994177179914,0.006731108813461843,0
24,3,Nancy Kerrigan,33.0,0.08324583069081759,0.13999999813333336,0.00015358089119601586,0.006968572151788442,0
24,3,Bonner Bolton,24.0,0.08357965441942711,0.03999999946666667,0.0030145795382969932,0.010953575926380696,0
24,3,Simone Biles,32.0,0.08324583078655669,0.11999999840000003,0.00015325235681301567,0.001321138605252675,0
24,3,David Ross,31.0,0.08324583078656303,0.10666666524444447,0.00015331840310681388,0.0011743454268912676,0
24,3,Rashad Jennings,28.0,0.08324583078655057,0.09333333208888892,0.0001532925810296274,0.0010275522485298546,0
24,3,Chris Kattan,0.0,0.12150993318679451,0.013333333155555559,0.0018545269655811686,0.00014679317836140845,0
24,3,Erika Jayne,26.0,0.08324584578022778,0.07333333235555557,0.00017621404476147226,0.006697242860485298,0
24,3,Normani,34.0,0.08324584713816618,0.1599999978666667,0.00016881232875581617,0.0017615181403368965,0
24,3,Nick Viall,26.0,0.0832458307614123,0.07333333235555557,0.00016700275437767594,0.006718014260071739,0
24,4,Charo,0.0,0.11279619141931398,0.014388489001604476,0.0006777732544217672,0.006199344500728159,0
24,4,Mr. T,28.0,0.02687889331456084,1.4388489001604474e-08,0.0008254076794977893,5.169186843869055e-10,1
24,4,Heather Morris,35.0,0.08306897215852996,0.13669064551524251,0.00019673277484073603,0.0016447412215111882,0
24,4,Nancy Kerrigan,33.0,0.08306889965788142,0.12230215651363804,0.00019673277484158103,0.0011278225371242772,0
24,4,Bonner Bolton,32.0,0.08306889971647888,0.10071942301123132,0.00019673687823945082,0.0068157215177528305,0
24,4,Simone Biles,36.0,0.08306889971649886,0.15107913451684699,0.00019673326530924174,0.0021616599058980855,0
24,4,David Ross,31.0,0.08306889971649968,0.07913668950882462,0.00019673297230392268,0.0004229335160364347,0
24,4,Rashad Jennings,39.0,0.08306889971649542,0.16546762351845146,0.00019673044877138683,0.002678578590284996,0
24,4,Chris Kattan,0.0,0.11270356639128645,0.014388489001604476,0.0007505501300787203,0.005143991592525193,0
24,4,Erika Jayne,30.0,0.08306898213958512,0.057553956006417904,0.0001967103264690664,0.006839947276859371,0
24,4,Normani,32.0,0.0830689642261263,0.10071942301123132,0.00019673173410456046,0.006787800185888911,0
24,4,Nick Viall,30.0,0.08306893182774326,0.057553956006417904,0.0001964070829686304,0.007082625632256253,0
24,5,Charo,0.0,0.12297610224043982,0.016528925346629333,0.00347343498677924,0.009483012437240085,0
24,5,Mr. T,0.0,0.12287280415147052,0.016528925346629333,0.003517263352882321,0.01148457403712146,0
24,5,Heather Morris,34.0,0.08286367447412805,0.12396694009972001,0.0002320642959519494,0.008161684160174673,0
24,5,Nancy Kerrigan,36.0,0.08286367447435192,0.148760328119664,0.00021620784433128978,0.0037189555927301106,0
24,5,Bonner Bolton,30.0,0.05849254588073417,0.06611570138651733,0.005991424266888804,0.0013470341386906902,0
24,5,Simone Biles,38.0,0.08286368464069892,0.16528925346629333,0.0001904221888935104,0.004685969193624103,0
24,5,David Ross,29.0,0.06018680516948589,0.049586776039888,0.008372351018939708,0.0022662139487995155,0
24,5,Rashad Jennings,32.0,0.08063871300041636,0.09090908940646134,0.000368948757207654,0.006406603093487959,0
24,5,Chris Kattan,0.0,0.12285909338656309,0.016528925346629333,0.003493178005414525,0.011716353557398517,0
24,5,Erika Jayne,32.0,0.01765453717905562,1.6528925346629332e-08,0.0035620925329891986,9.767676827949251e-10,1
24,5,Normani,39.0,0.08286368154933792,0.18181817881292267,0.00024738652354376595,0.0056563357466468235,0
24,5,Nick Viall,34.0,0.0828636838543177,0.12396694009972001,0.00023148451914424472,0.0072853061567199956,0
24,6,Charo,0.0,0.14526942696249312,0.02020201979389859,0.0028046809563308786,0.017721111717204426,0
24,6,Mr. T,0.0,0.14529966892556861,0.02020201979389859,0.0027669790886575155,0.01735916429734819,0
24,6,Heather Morris,37.0,0.007778924497173675,2.020201979389859e-08,0.0024742720097354915,1.2689605805801512e-09,1
24,6,Nancy Kerrigan,33.5,0.06454791918379617,0.13131312866034084,0.005641372738828777,0.0025594633587197,0
24,6,Bonner Bolton,31.5,0.08368740672034407,0.11111110886644225,0.007561422528254488,0.00681490596454529,0
24,6,Simone Biles,34.5,0.05717993084359469,0.15151514845423944,0.007486598080170215,0.007345581325704319,0
24,6,David Ross,31.0,0.07845293734296903,0.09090908907254366,0.010960244709094806,0.00785740464908432,0
24,6,Rashad Jennings,35.0,0.03586638001436391,0.171717168248138,0.008377617232242193,0.007451285809107843,0
24,6,Chris Kattan,0.0,0.1452694285981201,0.02020201979389859,0.002691067357599412,0.01617405414533453,0
24,6,Erika Jayne,0.0,0.14526648694999142,0.02020201979389859,0.002693172290050368,0.01658587073460394,0
24,6,Normani,36.0,0.022873349846335076,0.19191918804203661,0.0086063967476724,0.006547113536321507,0
24,6,Nick Viall,30.5,0.06850714011625018,0.07070706927864506,0.004749251758260053,0.00713296619271019,0
24,7,Charo,0.0,0.14222536998872964,0.021276595291987336,0.0016980432408166529,0.02264034283721084,0
24,7,Mr. T,0.0,0.14222240128862992,0.021276595291987336,0.0016492466540817938,0.018593953718117732,0
24,7,Heather Morris,0.0,0.14222240128878247,0.021276595291987336,0.001838399963812491,0.0214069816460428,0
24,7,Nancy Kerrigan,36.0,9.999990000011846e-09,2.1276595291987334e-08,6.951814631587357e-17,1.7329607957073828e-09,1
24,7,Bonner Bolton,31.0,0.06334091817655439,0.08510638116794934,0.0075849712366751025,0.0024432452973645194,0
24,7,Simone Biles,39.0,0.04572840751821487,0.18085105998189235,0.00487200621037929,0.011443138625815827,0
24,7,David Ross,32.0,0.06009143549969477,0.10638297645993668,0.006793183159421124,0.0026834012945064272,0
24,7,Rashad Jennings,39.0,0.04572822292040248,0.18085105998189235,0.00487012680533425,0.010881149262147085,0
24,7,Chris Kattan,0.0,0.1422224013252488,0.021276595291987336,0.0016690298189198144,0.02367318191346844,0
24,7,Erika Jayne,0.0,0.14222252537024593,0.021276595291987336,0.0015142193294718693,0.018099145187295752,0
24,7,Normani,42.0,0.045728343697630076,0.21276595291987335,0.004866582036903215,0.009925138945145845,0
24,7,Nick Viall,34.0,0.02826656292687669,0.12765957175192402,0.00951507659828595,0.0029932957623163147,0
24,8,Charo,0.0,0.14285699287032608,0.027027026296566857,0.0009175083289512224,0.03467610831902194,0
24,8,Mr. T,0.0,0.1428569928703078,0.027027026296566857,0.000938221039007878,0.03049425323677687,0
24,8,Heather Morris,0.0,0.14285699260737003,0.027027026296566857,0.0008927829644001786,0.030326395189243623,0
24,8,Nancy Kerrigan,0.0,0.14285699260731272,0.027027026296566857,0.0008840772988874443,0.03423544640947988,0
24,8,Bonner Bolton,29.0,1.0000012124814873e-08,2.7027026296566858e-08,4.525344883064665e-10,2.3002641467501854e-09,1
24,8,Simone Biles,36.0,9.999990000008287e-09,0.18918918407596802,2.372461495411363e-10,0.008364596688158482,0
24,8,David Ross,32.5,9.999990000008287e-09,0.16216215777940116,2.372442989527668e-10,0.006064332541408296,0
24,8,Rashad Jennings,37.5,9.999990000008287e-09,0.21621621037253486,2.3724802835830523e-10,0.010664860834908663,0
24,8,Chris Kattan,0.0,0.142856992870171,0.027027026296566857,0.001194817030523997,0.033609254904464016,0
24,8,Erika Jayne,0.0,0.1428569928703517,0.027027026296566857,0.0010388906573235296,0.03144102451197852,0
24,8,Normani,39.5,9.999990000008287e-09,0.24324323666910172,2.3724543007305524e-10,0.012965124981658848,0
24,8,Nick Viall,0.0,0.14285699330518875,0.027027026296566857,0.0010697396898095442,0.028985337941852027,0
24,9,Charo,0.0,0.12499988362424509,0.03636363504132237,0.0012100073466429096,0.04518861500069668,0
24,9,Mr. T,0.0,0.12499988362352342,0.03636363504132237,0.001176305296034076,0.04378864651538112,0
24,9,Heather Morris,0.0,0.12499978830215015,0.03636363504132237,0.0013595207181033794,0.040580376688039245,0
24,9,Nancy Kerrigan,0.0,0.12499978830212523,0.03636363504132237,0.001278174305044052,0.040436927114009084,0
24,9,Bonner Bolton,0.0,0.12499988362370452,0.03636363504132237,0.0012366645165097629,0.0410921781581246,0
24,9,Simone Biles,40.0,1.0337607607640362e-08,3.6363635041322363e-08,6.261560966795504e-08,3.1754569640976305e-09,1
24,9,David Ross,35.0,9.999989969755241e-09,0.199999992727273,1.1299683173701001e-07,0.009526370603614987,0
24,9,Rashad Jennings,38.5,9.999989969755235e-09,0.2727272628099177,9.806371624177237e-08,0.018038849395780533,0
24,9,Chris Kattan,0.0,0.12499987241559048,0.03636363504132237,0.0010183766922253305,0.04650658290195477,0
24,9,Erika Jayne,0.0,0.12499997614825367,0.03636363504132237,0.0011873760979596688,0.044252730585381234,0
24,9,Normani,38.0,9.999989969755228e-09,0.23636362776859537,9.983578171913283e-08,0.015562044748986766,0
24,9,Nick Viall,0.0,0.12499988362383284,0.03636363504132237,0.0011473087780802592,0.0451907060701962,0
24,10,Charo,0.0,0.08332755676243894,3.4482757431629055e-08,0.003795521901277641,3.1109221904590247e-09,1
24,10,Mr. T,0.0,0.08333395902002731,0.034482757431629055,0.0009266015192924454,0.04387720442310754,0
24,10,Heather Morris,0.0,0.08333395902002731,0.034482757431629055,0.0009938904160908895,0.044350193453158826,0
24,10,Nancy Kerrigan,0.0,0.08333395902002731,0.034482757431629055,0.0006087266481209136,0.046092081835311126,0
24,10,Bonner Bolton,0.0,0.08333395902002731,0.034482757431629055,0.0009116321112739135,0.04643220219496904,0
24,10,Simone Biles,0.0,0.08333395902002731,0.034482757431629055,0.0006811494280097136,0.046054367466706284,0
24,10,David Ross,36.3333,0.08333325702611422,0.20689654458977433,2.0340361529434802e-05,0.012977591569383376,0
24,10,Rashad Jennings,39.6666,0.08333325702611422,0.27586205945303244,2.0340321376649392e-05,0.02045594671009001,0
24,10,Chris Kattan,0.0,0.08333395902002731,0.034482757431629055,0.0011836079436589363,0.042792615542197744,0
24,10,Erika Jayne,0.0,0.08333395902002731,0.034482757431629055,0.000999390633250581,0.044259855338536776,0
24,10,Normani,39.333200000000005,0.08333325702611422,0.24137930202140337,2.033833623344154e-05,0.017821894875478413,0
24,10,Nick Viall,0.0,0.08333395902002731,0.034482757431629055,0.0006116681994048379,0.04091959537161018,0
25,1,Sasha Pieterse,18.0,0.06818181740702481,0.06818181740702481,0.00800632488802292,0.009079538240204424,0
25,1,Frankie Muniz,19.0,0.09659090799328514,0.09659090799328514,0.005663607114903152,0.0056772708431204666,0
25,1,Jordan Fisher,22.0,0.14204545293130166,0.14204545293130166,0.005640760684078102,0.005640760684078102,0
25,1,Derek Fisher,18.0,0.06818181740702481,0.06818181740702481,0.009599414473617056,0.009864788257995912,0
25,1,Nikki Bella,20.0,0.11363636234504133,0.11363636234504133,1.3877787807814457e-17,1.3877787807814457e-17,0
25,1,Terrell Owens,15.0,0.02272727246900827,0.02272727246900827,3.469446951953614e-18,3.469446951953614e-18,0
25,1,Victoria Arlen,19.0,0.09659090799328514,0.09659090799328514,0.005663607114903152,0.0056772708431204666,0
25,1,Barbara Corcoran,14.0,0.011363636234504135,0.011363636234504135,1.734723475976807e-18,1.734723475976807e-18,0
25,1,Lindsey Stirling,22.0,0.14204545293130166,0.14204545293130166,0.005640760684078102,0.005640760684078102,0
25,1,Debbie Gibson,17.0,0.04545454493801654,0.04545454493801654,6.938893903907228e-18,6.938893903907228e-18,0
25,1,Nick Lachey,18.0,0.06818181740702481,0.06818181740702481,0.010033518092639169,0.008790490630023389,0
25,1,Drew Scott,16.0,1.1363636234504133e-08,1.1363636234504133e-08,1.6543612251060553e-24,1.6543612251060553e-24,1
25,1,Vanessa Lachey,21.0,0.12499999857954547,0.12499999857954547,1.3877787807814457e-17,1.3877787807814457e-17,0
25,2,Sasha Pieterse,22.5,0.10555555438271606,0.10555555438271606,0.005537749180414839,0.005551109270230697,0
25,2,Frankie Muniz,24.0,0.13888888734567903,0.13888888734567903,0.005483983352068216,0.005483983352068216,0
25,2,Jordan Fisher,24.0,0.13888888734567903,0.13888888734567903,0.005483983352068216,0.005483983352068216,0
25,2,Derek Fisher,19.0,0.027777777469135807,0.027777777469135807,0.005483983352068213,0.0055154104480469295,0
25,2,Nikki Bella,19.5,0.04999999944444445,0.04999999944444445,0.005537749180414836,0.0054839833520682136,0
25,2,Terrell Owens,19.5,0.04999999944444445,0.04999999944444445,0.005537749180414836,0.0054839833520682136,0
25,2,Victoria Arlen,22.0,0.08888888790123459,0.08888888790123459,1.3877787807814457e-17,1.3877787807814457e-17,0
25,2,Barbara Corcoran,17.0,1.1111110987654323e-08,1.1111110987654323e-08,1.6543612251060553e-24,1.6543612251060553e-24,1
25,2,Lindsey Stirling,22.5,0.10555555438271606,0.10555555438271606,0.005537749180414838,0.0055511092702306974,0
25,2,Debbie Gibson,20.5,0.0722222214197531,0.0722222214197531,0.005537749180414838,0.005483983352068217,0
25,2,Nick Lachey,19.0,0.027777777469135807,0.027777777469135807,0.005483983352068213,0.0055154104480469295,0
25,2,Drew Scott,20.5,0.0722222214197531,0.0722222214197531,0.005537749180414838,0.005483983352068217,0
25,2,Vanessa Lachey,23.5,0.12222222086419755,0.12222222086419755,1.3877787807814457e-17,1.3877787807814457e-17,0
25,3,Sasha Pieterse,19.0,0.02994011940191474,0.02994011940191474,0.0015021279000905269,0.0015134213193496195,0
25,3,Frankie Muniz,21.0,0.06586826268421242,0.06586826268421242,0.015361488927058015,0.014913413210323022,0
25,3,Jordan Fisher,25.0,0.1377245492488078,0.1377245492488078,0.0016088274895065134,0.0015565123087825984,0
25,3,Derek Fisher,21.0,0.06586826268421242,0.06586826268421242,0.01733037857331947,0.015475680398411804,0
25,3,Nikki Bella,21.0,0.06586826268421242,0.06586826268421242,0.01488124024146459,0.016579404603413464,0
25,3,Terrell Owens,21.0,0.06586826268421242,0.06586826268421242,0.016488610265890706,0.01763065359363136,0
25,3,Victoria Arlen,22.0,0.10179640596651011,0.10179640596651011,0.0006885270368036082,0.000652171511368809,0
25,3,Barbara Corcoran,0.0,1.1976047760765895e-08,1.1976047760765895e-08,3.3363407458164495e-10,3.2941930344173797e-10,1
25,3,Lindsey Stirling,27.0,0.1497005970095737,0.1497005970095737,0.0019334748021994925,0.0018768590356485018,0
25,3,Debbie Gibson,0.0,0.011976047760765895,0.011976047760765895,0.0050953175493740855,0.004839937986841511,0
25,3,Nick Lachey,21.0,0.06586826268421242,0.06586826268421242,0.0155399189012656,0.015023946493945322,0
25,3,Drew Scott,23.0,0.11976047760765896,0.11976047760765896,0.005770248671591989,0.005946865571492313,0
25,3,Vanessa Lachey,23.0,0.11976047760765896,0.11976047760765896,0.005734006762702266,0.0055806557167966675,0
25,4,Sasha Pieterse,24.0,0.08641975201950924,0.08641975201950924,0.020694563626596236,0.02005652079767198,0
25,4,Frankie Muniz,24.0,0.08641975201950924,0.08641975201950924,0.020083473473492486,0.019178970765690608,0
25,4,Jordan Fisher,29.0,0.15432098574912365,0.15432098574912365,0.0018808665621408724,0.0021474217166942496,0
25,4,Derek Fisher,23.0,1.2345678859929891e-08,1.2345678859929891e-08,3.2710723293909657e-10,3.734646517941392e-10,1
25,4,Nikki Bella,24.0,0.08641975201950924,0.08641975201950924,0.01867987450811906,0.02130114736903429,0
25,4,Terrell Owens,24.0,0.08641975201950924,0.08641975201950924,0.01880174123622594,0.019615779377966512,0
25,4,Victoria Arlen,27.0,0.14197530688919374,0.14197530688919374,0.0015537593292017672,0.0017739570649001005,0
25,4,Barbara Corcoran,0.0,0.012345678859929892,0.012345678859929892,0.005410972146749254,0.0054941796497943955,0
25,4,Lindsey Stirling,26.0,0.12962962802926387,0.12962962802926387,0.001226652096262683,0.0014004924131059758,0
25,4,Debbie Gibson,0.0,0.012345678859929892,0.012345678859929892,0.005595035884651431,0.005221096090845727,0
25,4,Nick Lachey,22.0,0.03086419714982473,0.03086419714982473,0.0013902057672500947,0.0015872248012471439,0
25,4,Drew Scott,24.0,0.08641975201950924,0.08641975201950924,0.021225444178110422,0.019364201129383,0
25,4,Vanessa Lachey,24.0,0.08641975201950924,0.08641975201950924,0.01896484046280295,0.019789953489578144,0
25,5,Sasha Pieterse,24.0,1.3605441991762694e-08,1.3605441991762694e-08,4.89113632074195e-10,5.735391180065573e-10,1
25,5,Frankie Muniz,29.0,0.14965986190938965,0.14965986190938965,0.0024089604298319282,0.0029886405625463687,0
25,5,Jordan Fisher,30.0,0.16326530390115232,0.16326530390115232,0.002889311115402758,0.0035545072061811626,0
25,5,Derek Fisher,0.0,0.013605441991762694,0.013605441991762694,0.01014013471176102,0.009923429707333963,0
25,5,Nikki Bella,27.0,0.1156462569299829,0.1156462569299829,0.006154003133281839,0.0065886008427155475,0
25,5,Terrell Owens,25.0,0.08843537294645751,0.08843537294645751,0.006415098127588145,0.0063560850049265,0
25,5,Victoria Arlen,27.0,0.1156462569299829,0.1156462569299829,0.00592862399974985,0.0059753559415278625,0
25,5,Barbara Corcoran,0.0,0.013605441991762694,0.013605441991762694,0.008732403366823823,0.008764693478194174,0
25,5,Lindsey Stirling,28.0,0.13605441991762696,0.13605441991762696,0.001933009641353009,0.002426379522079876,0
25,5,Debbie Gibson,0.0,0.013605441991762694,0.013605441991762694,0.009652360196646422,0.009170370739496518,0
25,5,Nick Lachey,22.0,0.04081632597528808,0.04081632597528808,0.0016332721284473724,0.0017308300061403853,0
25,5,Drew Scott,25.0,0.08843537294645751,0.08843537294645751,0.005864533959769037,0.005936328675021737,0
25,5,Vanessa Lachey,24.0,0.06122448896293212,0.06122448896293212,0.005943697844435783,0.005860515468890926,0
25,6,Sasha Pieterse,0.0,0.014705882136678205,0.014705882136678205,0.011274500400525156,0.012486671539453894,0
25,6,Frankie Muniz,31.0,0.08823529282006923,0.08823529282006923,0.006148985561820718,0.0073543461959884645,0
25,6,Jordan Fisher,39.0,0.15441176243512114,0.15441176243512114,0.003954817208380256,0.004277367172686125,0
25,6,Derek Fisher,0.0,0.014705882136678205,0.014705882136678205,0.013835678080494821,0.012042434537950614,0
25,6,Nikki Bella,36.0,0.11764705709342564,0.11764705709342564,0.006360184494185341,0.006255338527233184,0
25,6,Terrell Owens,37.0,0.13970588029844294,0.13970588029844294,0.0030391647115193703,0.0033923946389411855,0
25,6,Victoria Arlen,31.0,0.08823529282006923,0.08823529282006923,0.006267174281968842,0.0067035774734134105,0
25,6,Barbara Corcoran,0.0,0.014705882136678205,0.014705882136678205,0.012928567010948546,0.013767554134816496,0
25,6,Lindsey Stirling,40.0,0.16911764457179934,0.16911764457179934,0.005107158257763111,0.005162339706431049,0
25,6,Debbie Gibson,0.0,0.014705882136678205,0.014705882136678205,0.013962181367787466,0.012977653715951259,0
25,6,Nick Lachey,26.0,1.4705882136678204e-08,1.4705882136678204e-08,7.928255941534364e-10,8.849725337449306e-10,1
25,6,Drew Scott,30.0,0.06617646961505191,0.06617646961505191,0.0009249632592478064,0.003180903098806963,0
25,6,Vanessa Lachey,36.0,0.11764705709342564,0.11764705709342564,0.006584407022951531,0.006827248929770849,0
25,7,Sasha Pieterse,0.0,0.016393442354205864,0.016393442354205864,0.018186738528225894,0.016805808906093515,0
25,7,Frankie Muniz,30.0,0.1803278658962645,0.1803278658962645,0.007012344722163446,0.007150089700253537,0
25,7,Jordan Fisher,27.0,0.12295081765654398,0.12295081765654398,0.007052205126715845,0.007192186994206088,0
25,7,Derek Fisher,0.0,0.016393442354205864,0.016393442354205864,0.016220434319734932,0.01763615587378224,0
25,7,Nikki Bella,24.0,1.6393442354205864e-08,1.6393442354205864e-08,1.1703183770186942e-09,1.2042621023967602e-09,1
25,7,Terrell Owens,24.5,0.08196721177102932,0.08196721177102932,0.004614976460992985,0.0029794323284299457,0
25,7,Victoria Arlen,28.5,0.1557377023649557,0.1557377023649557,0.007435544862603663,0.00870583949478036,0
25,7,Barbara Corcoran,0.0,0.016393442354205864,0.016393442354205864,0.0167625024113094,0.017238403552822634,0
25,7,Lindsey Stirling,25.5,0.09836065412523519,0.09836065412523519,0.0012199799817075724,0.0011555265466000266,0
25,7,Debbie Gibson,0.0,0.016393442354205864,0.016393442354205864,0.017906505728628452,0.01810073948134419,0
25,7,Nick Lachey,0.0,0.016393442354205864,0.016393442354205864,0.017079085520660005,0.015332881255330442,0
25,7,Drew Scott,28.5,0.1557377023649557,0.1557377023649557,0.009400392596998012,0.008388354754137066,0
25,7,Vanessa Lachey,27.0,0.12295081765654398,0.12295081765654398,0.0074381132593441725,0.007391275690525961,0
25,8,Sasha Pieterse,0.0,0.022222221728395074,0.022222221728395074,0.030887482275258445,0.02878418554432053,0
25,8,Frankie Muniz,26.5,0.1777777738271606,0.1777777738271606,0.00904922009169307,0.009343028318105781,0
25,8,Jordan Fisher,30.0,0.22222221728395075,0.22222221728395075,0.012559076506874238,0.011812049688451511,0
25,8,Derek Fisher,0.0,0.022222221728395074,0.022222221728395074,0.026478401741246268,0.026026958741232818,0
25,8,Nikki Bella,0.0,0.022222221728395074,0.022222221728395074,0.02910938653878351,0.02599523794604411,0
25,8,Terrell Owens,25.5,2.2222221728395074e-08,2.2222221728395074e-08,2.0094522678925753e-09,1.8899279753512818e-09,1
25,8,Victoria Arlen,24.0,0.13333333037037046,0.13333333037037046,0.006165739254430501,0.005532206058688563,0
25,8,Barbara Corcoran,0.0,0.022222221728395074,0.022222221728395074,0.026262554944321326,0.028385218636086222,0
25,8,Lindsey Stirling,27.0,0.19999999555555567,0.19999999555555567,0.011627454944964555,0.010132855685295254,0
25,8,Debbie Gibson,0.0,0.022222221728395074,0.022222221728395074,0.028039118768844344,0.02833307842027252,0
25,8,Nick Lachey,0.0,0.022222221728395074,0.022222221728395074,0.02665154542209373,0.024027133413106555,0
25,8,Drew Scott,23.5,0.11111110864197538,0.11111110864197538,0.004696746044276228,0.004308975082919586,0
25,8,Vanessa Lachey,0.0,0.022222221728395074,0.022222221728395074,0.02580357595589905,0.028664784523361627,0
25,9,Sasha Pieterse,0.0,0.026315788781163457,0.026315788781163457,0.03449763719043739,0.03164713699773734,0
25,9,Frankie Muniz,25.5,0.17105262707756247,0.17105262707756247,0.006670290237872666,0.006900820953719378,0
25,9,Jordan Fisher,29.0,0.24999999342105284,0.24999999342105284,0.01275394071415396,0.013440514312029847,0
25,9,Derek Fisher,0.0,0.026315788781163457,0.026315788781163457,0.036434122025240795,0.032666853811177,0
25,9,Nikki Bella,0.0,0.026315788781163457,0.026315788781163457,0.03300389065469037,0.036618531987049695,0
25,9,Terrell Owens,0.0,0.026315788781163457,0.026315788781163457,0.03465925310371005,0.03437911049139047,0
25,9,Victoria Arlen,28.0,2.6315788781163454e-08,2.6315788781163454e-08,1.9886382072542984e-09,2.076416878346758e-09,1
25,9,Barbara Corcoran,0.0,0.026315788781163457,0.026315788781163457,0.035610463407842,0.03368633754713483,0
25,9,Lindsey Stirling,28.5,0.22368420463988936,0.22368420463988936,0.01325678767016503,0.012870756626829979,0
25,9,Debbie Gibson,0.0,0.026315788781163457,0.026315788781163457,0.03428984952028476,0.03448269224366859,0
25,9,Nick Lachey,0.0,0.026315788781163457,0.026315788781163457,0.03454931869374676,0.0313531927026955,0
25,9,Drew Scott,24.0,0.144736838296399,0.144736838296399,0.004686231163857302,0.004829426154451762,0
25,9,Vanessa Lachey,0.0,0.026315788781163457,0.026315788781163457,0.027636137329096987,0.03720695479790672,0
25,10,Sasha Pieterse,0.0,0.030303029384756687,0.030303029384756687,0.03976401407264652,0.035759759890020545,0
25,10,Frankie Muniz,38.8887,0.21212120569329682,0.21212120569329682,0.012242047846036502,0.013470158118807895,0
25,10,Jordan Fisher,40.0,0.25757574977043185,0.25757574977043185,0.01790025007455455,0.019882316487411997,0
25,10,Derek Fisher,0.0,0.030303029384756687,0.030303029384756687,0.042067009564173155,0.0400669653570165,0
25,10,Nikki Bella,0.0,0.030303029384756687,0.030303029384756687,0.037412271366517695,0.04096512450615601,0
25,10,Terrell Owens,0.0,0.030303029384756687,0.030303029384756687,0.038181905894461944,0.03922961568341752,0
25,10,Victoria Arlen,0.0,0.030303029384756687,0.030303029384756687,0.03993187811724454,0.037854081045137065,0
25,10,Barbara Corcoran,0.0,0.030303029384756687,0.030303029384756687,0.03828663051865069,0.036917108536358836,0
25,10,Lindsey Stirling,40.0,0.25757574977043185,0.25757574977043185,0.01944215415693229,0.01814822581813195,0
25,10,Debbie Gibson,0.0,0.030303029384756687,0.030303029384756687,0.04348187233093978,0.03920140642910534,0
25,10,Nick Lachey,0.0,0.030303029384756687,0.030303029384756687,0.035224365554944806,0.0428998045227078,0
25,10,Drew Scott,37.5,3.0303029384756685e-08,3.0303029384756685e-08,2.858493532414374e-09,2.878268154137291e-09,1
25,10,Vanessa Lachey,0.0,0.030303029384756687,0.030303029384756687,0.038126727781020796,0.03853704415704846,0
26,1,Jamie Anderson,19.0,0.09137591071946936,1.923076886094675e-08,5.701338538263193e-05,0.0,1
26,1,Johnny Damon,18.0,0.10750956299399209,0.03846153772189351,6.911896553453618e-05,0.0,0
26,1,Kareem Abdul-Jabbar,17.0,0.10114438647690417,0.019230768860946754,9.353634884040378e-05,0.0,0
26,1,Arike Ogunbowale,20.0,0.099995591270909,0.07692307544378701,2.940277478719447e-07,0.0,0
26,1,Jennie Finch Daigle,21.0,0.09999559148101575,0.10576922873520714,2.9448244193898154e-07,0.009615384430473377,0
26,1,Chris Mazdzer,21.0,0.09999559148101564,0.10576922873520714,2.94483074641273e-07,0.009615384430473377,0
26,1,Mirai Nagasu,23.0,0.09999559148101562,0.14423076645710065,2.944798511800195e-07,0.009109783888140327,0
26,1,Tonya Harding,23.0,0.0999955914810158,0.14423076645710065,2.9447907639207727e-07,0.009109783888140327,0
26,1,Josh Norman,24.0,0.0999955913078313,0.18269230417899415,2.936295078479959e-07,0.009607689043541985,0
26,1,Adam Rippon,24.0,0.09999559130783135,0.18269230417899415,2.938929462596749e-07,0.009607689043541985,0
26,2,Jamie Anderson,0.0,0.13639837859735426,0.021052631135734082,0.001788293454518734,0.00834519304614659,0
26,2,Johnny Damon,0.0,0.13639113541434258,0.021052631135734082,0.0011161881083201577,0.008192944517564112,0
26,2,Kareem Abdul-Jabbar,29.5,0.026149391751204933,2.105263113573408e-08,0.0011939629970227788,8.991956246135977e-10,1
26,2,Arike Ogunbowale,35.0,0.10015147476804039,0.15789473351800562,0.0004127045725815348,0.001998212399230704,0
26,2,Jennie Finch Daigle,31.5,0.10015143134296182,0.08421052454293633,0.0004126724579270573,0.010151069044399507,0
26,2,Chris Mazdzer,33.0,0.10015140371199963,0.1263157868144045,0.0004126723645865065,0.010026460054319201,0
26,2,Mirai Nagasu,37.0,0.10015140371198682,0.18947368022160674,0.00041267241507666466,0.010563404492656055,0
26,2,Tonya Harding,33.0,0.10015143134295734,0.1263157868144045,0.00041270402839297814,0.010015604984385328,0
26,2,Josh Norman,31.5,0.10015147474013734,0.08421052454293633,0.00041268852130322783,0.009982528919798395,0
26,2,Adam Rippon,37.0,0.10015147462001496,0.18947368022160674,0.00041262705543093896,0.010402967480551473,0
26,3,Jamie Anderson,0.0,0.13739584333905328,0.027397259523362756,0.001785622773424515,0.022004227651852924,0
26,3,Johnny Damon,0.0,0.13739598412269893,0.027397259523362756,0.0018193311219016608,0.02051669063602317,0
26,3,Kareem Abdul-Jabbar,0.0,0.13739423337645845,0.027397259523362756,0.001981509087740571,0.021854927403422677,0
26,3,Arike Ogunbowale,0.0,0.13739420741279737,0.027397259523362756,0.001990257448997307,0.024343828043293703,0
26,3,Jennie Finch Daigle,29.0,9.999990004835668e-09,2.7397259523362752e-08,2.480705681053494e-17,2.3210254314815945e-09,1
26,3,Chris Mazdzer,33.0,0.09008398237673367,0.1232876678551324,0.0014004229077050493,0.0010315666005445488,0
26,3,Mirai Nagasu,35.0,0.09008397932922577,0.16438355714017652,0.0014010663331965583,0.011707439705440519,0
26,3,Tonya Harding,35.0,0.09008397932910933,0.16438355714017652,0.0013972328575618171,0.012446648687798535,0
26,3,Josh Norman,38.0,0.09008351375321577,0.20547944642522065,0.0013981349008974715,0.007994642894989329,0
26,3,Adam Rippon,41.0,0.09008326696171738,0.23287670594858342,0.0014039019639915762,0.010315668326470925,0
26,4,Jamie Anderson,0.0,0.09999553108254328,4.166666493055563e-08,0.004064729654706034,3.1968416367004375e-09,1
26,4,Johnny Damon,0.0,0.10000062491721588,0.041666664930555625,0.0009861742004017822,0.0401631517659317,0
26,4,Kareem Abdul-Jabbar,0.0,0.10000062491721588,0.041666664930555625,0.0011948709783095042,0.045874485840500655,0
26,4,Arike Ogunbowale,0.0,0.10000062491721588,0.041666664930555625,0.0011783057586452206,0.05175852913614223,0
26,4,Jennie Finch Daigle,0.0,0.10000062491721588,0.041666664930555625,0.001248234550679592,0.047379115973463504,0
26,4,Chris Mazdzer,0.0,0.10000062491721588,0.041666664930555625,0.0009349506777761768,0.04403794524028127,0
26,4,Mirai Nagasu,0.0,0.10000062491721588,0.041666664930555625,0.001056708238004002,0.047442878250366964,0
26,4,Tonya Harding,28.0,0.09999990647172052,0.20833332465277812,2.4538475173448265e-05,0.013571872890539738,0
26,4,Josh Norman,28.5,0.09999990647172052,0.24999998958333375,2.4538600392272334e-05,0.017733602286317714,0
26,4,Adam Rippon,29.0,0.09999990647172052,0.2916666545138894,2.453857299736353e-05,0.016484811651604404,0
27,1,Juan Pablo Di Pace,22.0,0.11797752676429746,0.11797752676429746,0.005599971080619254,0.00550447127024904,0
27,1,Evanna Lynch,18.0,0.04494381971973237,0.04494381971973237,0.008408218752208646,0.009268130514875515,0
27,1,Nancy McKeon,19.5,0.06741572957959854,0.06741572957959854,1.3877787807814457e-17,1.3877787807814457e-17,0
27,1,John Schneider,18.0,0.04494381971973237,0.04494381971973237,0.009103203987842246,0.009920781935561604,0
27,1,Milo Manheim,20.0,0.08988763943946473,0.08988763943946473,0.009662921239742455,0.009900400235685699,0
27,1,Danelle Umstead,18.0,0.04494381971973237,0.04494381971973237,0.009900400235685702,0.007989388150515269,0
27,1,Mary Lou Retton,20.0,0.08988763943946473,0.08988763943946473,0.00926540579615872,0.008598258990900007,0
27,1,DeMarcus Ware,23.0,0.14044943662416365,0.14044943662416365,0.005148961397153064,0.005545601141848559,0
27,1,Nikki Glaser,17.5,1.123595492993309e-08,1.123595492993309e-08,0.0,0.0,1
27,1,Bobby Bones,20.0,0.08988763943946473,0.08988763943946473,0.007877999076857585,0.008821476946451053,0
27,1,Tinashe,23.0,0.14044943662416365,0.14044943662416365,0.005148961397153064,0.005545601141848559,0
27,1,Alexis Ren,22.0,0.11797752676429746,0.11797752676429746,0.005599971080619254,0.00550447127024904,0
27,1,Joe Amabile,14.0,0.011235954929933092,0.011235954929933092,1.734723475976807e-18,1.734723475976807e-18,0
27,2,Juan Pablo Di Pace,26.0,0.13636363481404962,0.13636363481404962,0.009370694497191337,0.009270944464817058,0
27,2,Evanna Lynch,24.0,0.10227272611053721,0.10227272611053721,0.0,0.0015909090728305768,0
27,2,Nancy McKeon,20.5,0.05681818117252067,0.05681818117252067,6.938893903907228e-18,6.938893903907228e-18,0
27,2,John Schneider,21.5,0.06818181740702481,0.06818181740702481,1.3877787807814457e-17,1.3877787807814457e-17,0
27,2,Milo Manheim,26.0,0.13636363481404962,0.13636363481404962,0.009772727161673557,0.009599414473617052,0
27,2,Danelle Umstead,18.5,1.1363636234504133e-08,1.1363636234504133e-08,1.6543612251060553e-24,1.6543612251060553e-24,1
27,2,Mary Lou Retton,23.0,0.07954545364152894,0.07954545364152894,1.3877787807814457e-17,1.3877787807814457e-17,0
27,2,DeMarcus Ware,23.5,0.09090908987603308,0.09090908987603308,1.3877787807814457e-17,1.3877787807814457e-17,0
27,2,Nikki Glaser,0.0,0.011363636234504135,0.011363636234504135,1.734723475976807e-18,1.734723475976807e-18,0
27,2,Bobby Bones,19.5,0.04545454493801654,0.04545454493801654,6.938893903907228e-18,6.938893903907228e-18,0
27,2,Tinashe,26.0,0.13636363481404962,0.13636363481404962,0.008651302770178051,0.008503766691488885,0
27,2,Alexis Ren,24.5,0.11363636234504133,0.11363636234504133,1.3877787807814457e-17,0.001590909072830577,0
27,2,Joe Amabile,17.5,0.02272727246900827,0.02272727246900827,3.469446951953614e-18,3.469446951953614e-18,0
27,3,Juan Pablo Di Pace,30.0,0.15624999804687503,0.15624999804687503,0.0021073575678926025,0.0021726611887558926,0
27,3,Evanna Lynch,27.0,0.13124999835937504,0.13124999835937504,0.009888133723111862,0.009928198359994088,0
27,3,Nancy McKeon,22.0,1.2499999843750002e-08,1.2499999843750002e-08,3.61261302513893e-10,3.7245620910752707e-10,1
27,3,John Schneider,21.0,0.04374999945312501,0.04374999945312501,0.0011439941547324365,0.0011794446932118533,0
27,3,Milo Manheim,27.0,0.13124999835937504,0.13124999835937504,0.009363868337944942,0.01008711534825363,0
27,3,Danelle Umstead,0.0,0.012499999843750002,0.012499999843750002,0.005112647305025101,0.005570556273047118,0
27,3,Mary Lou Retton,24.0,0.08124999898437502,0.08124999898437502,6.0210247190756845e-05,6.207606588927141e-05,0
27,3,DeMarcus Ware,26.0,0.09999999875000001,0.09999999875000001,0.0059091943987053756,0.006357057591431781,0
27,3,Nikki Glaser,0.0,0.012499999843750002,0.012499999843750002,0.005630419926296416,0.005368845227464202,0
27,3,Bobby Bones,23.0,0.06874999914062502,0.06874999914062502,0.00042147154970464533,0.00043453227499679384,0
27,3,Tinashe,27.0,0.13124999835937504,0.13124999835937504,0.009429159291863276,0.008795176089791506,0
27,3,Alexis Ren,26.0,0.09999999875000001,0.09999999875000001,0.005917357273425454,0.00583271964584981,0
27,3,Joe Amabile,18.0,0.031249999609375006,0.031249999609375006,0.0015052554572463264,0.0015519009023193774,0
27,4,Juan Pablo Di Pace,24.0,0.1111111094650206,0.1111111094650206,0.006867183472268349,0.0067378358702875575,0
27,4,Evanna Lynch,24.0,0.1111111094650206,0.1111111094650206,0.0066480389389939115,0.00687699366456144,0
27,4,Nancy McKeon,0.0,0.01481481459533608,0.01481481459533608,0.009792468042687887,0.010086266971917631,0
27,4,John Schneider,21.0,0.07407407297668041,0.07407407297668041,0.0006694784882209233,0.00065670777121767,0
27,4,Milo Manheim,29.0,0.17777777514403298,0.17777777514403298,0.00435417131619501,0.005569908915762676,0
27,4,Danelle Umstead,0.0,0.01481481459533608,0.01481481459533608,0.010213963746222956,0.010021437612148236,0
27,4,Mary Lou Retton,26.0,0.15555555325102885,0.15555555325102885,0.006554573812162482,0.006384920920436491,0
27,4,DeMarcus Ware,22.0,0.08888888757201649,0.08888888757201649,0.0005610069790776216,0.0007064529170541929,0
27,4,Nikki Glaser,0.0,0.01481481459533608,0.01481481459533608,0.010308656002234542,0.00923051049278122,0
27,4,Bobby Bones,20.0,0.05925925838134432,0.05925925838134432,0.0012278527523758586,0.0013407618605855705,0
27,4,Tinashe,26.0,1.481481459533608e-08,1.481481459533608e-08,6.804220453915462e-10,8.4681399883915e-10,1
27,4,Alexis Ren,25.0,0.13333333135802472,0.13333333135802472,0.002338803305534965,0.0030508416853851847,0
27,4,Joe Amabile,15.0,0.044444443786008245,0.044444443786008245,0.0018689546908774999,0.002144343147465908,0
27,5,Juan Pablo Di Pace,29.0,0.15602836658115793,0.15602836658115793,0.007327599371622451,0.007281332901635553,0
27,5,Evanna Lynch,24.0,0.08510638177154069,0.08510638177154069,0.00601558087575673,0.006425670762605001,0
27,5,Nancy McKeon,0.0,1.4184396961923448e-08,1.4184396961923448e-08,9.122104363439628e-10,8.935711250488833e-10,1
27,5,John Schneider,24.0,0.08510638177154069,0.08510638177154069,0.00590284721065743,0.006024945645833498,0
27,5,Milo Manheim,27.0,0.13475177113827275,0.13475177113827275,0.0037036571321498297,0.0036179003648927855,0
27,5,Danelle Umstead,0.0,0.014184396961923447,0.014184396961923447,0.011031282227695099,0.013145073089091245,0
27,5,Mary Lou Retton,25.0,0.10638297721442586,0.10638297721442586,0.0020228079111361164,0.001967587656224127,0
27,5,DeMarcus Ware,26.0,0.1205673741763493,0.1205673741763493,0.0028411768897350868,0.0027716119429110797,0
27,5,Nikki Glaser,0.0,0.014184396961923447,0.014184396961923447,0.012937556138648446,0.01158382061461858,0
27,5,Bobby Bones,21.0,0.06382978632865552,0.06382978632865552,0.001461397819631367,0.0014218785882394202,0
27,5,Tinashe,0.0,0.014184396961923447,0.014184396961923447,0.011877270584766291,0.01226570595062011,0
27,5,Alexis Ren,29.0,0.15602836658115793,0.15602836658115793,0.008353825001606583,0.008391966720133023,0
27,5,Joe Amabile,17.0,0.049645389366732066,0.049645389366732066,0.0021936664183991525,0.002144542372325843,0
27,6,Juan Pablo Di Pace,30.0,0.16923076662721898,0.16923076662721898,0.007402563296002591,0.00834698048767699,0
27,6,Evanna Lynch,29.0,0.1461538439053255,0.1461538439053255,0.0034456224848280455,0.0035420468525695827,0
27,6,Nancy McKeon,0.0,0.015384615147928998,0.015384615147928998,0.013930261643408538,0.01370277047812838,0
27,6,John Schneider,19.0,0.053846153017751495,0.053846153017751495,0.0016173331064081766,0.0016625935268110368,0
27,6,Milo Manheim,30.0,0.16923076662721898,0.16923076662721898,0.008815962374567256,0.008145784588056095,0
27,6,Danelle Umstead,0.0,0.015384615147928998,0.015384615147928998,0.012078485194991637,0.014480653161683971,0
27,6,Mary Lou Retton,24.0,1.5384615147929e-08,1.5384615147929e-08,8.438259318727045e-10,8.674400632301041e-10,1
27,6,DeMarcus Ware,26.0,0.11538461360946749,0.11538461360946749,0.0017579706210826417,0.0018071667261093797,0
27,6,Nikki Glaser,0.0,0.015384615147928998,0.015384615147928998,0.012640000330882566,0.01186283267281892,0
27,6,Bobby Bones,22.0,0.07692307573964499,0.07692307573964499,0.006517324442474617,0.006736718529164845,0
27,6,Tinashe,0.0,0.015384615147928998,0.015384615147928998,0.014591594033709118,0.012495586862715187,0
27,6,Alexis Ren,27.0,0.1307692287573965,0.1307692287573965,0.002601796552955344,0.002674606789339482,0
27,6,Joe Amabile,22.0,0.07692307573964499,0.07692307573964499,0.006526550990841388,0.0066251973184129126,0
27,7,Juan Pablo Di Pace,28.0,0.15517241111771707,0.15517241111771707,0.006457143126126751,0.0067110858332228174,0
27,7,Evanna Lynch,29.5,0.1896551691438764,0.1896551691438764,0.007663015816897063,0.008586399465686487,0
27,7,Nancy McKeon,0.0,0.017241379013079674,0.017241379013079674,0.01762801551055876,0.01773295596486037,0
27,7,John Schneider,27.0,1.724137901307967e-08,1.724137901307967e-08,1.1146546959925925e-09,1.2315888055713703e-09,1
27,7,Milo Manheim,29.0,0.17241379013079672,0.17241379013079672,0.008001798767020056,0.007959996581552374,0
27,7,Danelle Umstead,0.0,0.017241379013079674,0.017241379013079674,0.017833111681575094,0.018949412786679908,0
27,7,Mary Lou Retton,0.0,0.017241379013079674,0.017241379013079674,0.017709318280229966,0.01714793687538021,0
27,7,DeMarcus Ware,26.5,0.0948275845719382,0.0948275845719382,0.008241201821151269,0.007247285490038241,0
27,7,Nikki Glaser,0.0,0.017241379013079674,0.017241379013079674,0.018113369064230656,0.017427080556014423,0
27,7,Bobby Bones,26.5,0.0948275845719382,0.0948275845719382,0.0073636921757941455,0.00804573176416208,0
27,7,Tinashe,0.0,0.017241379013079674,0.017241379013079674,0.018284090151002387,0.017295400470116986,0
27,7,Alexis Ren,27.5,0.1379310321046374,0.1379310321046374,0.006515167467682205,0.0066811407168240414,0
27,7,Joe Amabile,23.5,0.0689655160523187,0.0689655160523187,0.0011269970876302512,0.0010634942239495166,0
27,8,Juan Pablo Di Pace,30.0,2.38095232426304e-08,2.38095232426304e-08,1.9128887561854606e-09,2.2418910042093128e-09,1
27,8,Evanna Lynch,29.0,0.20238094756235842,0.20238094756235842,0.011803769002605076,0.016593202970404175,0
27,8,Nancy McKeon,0.0,0.0238095232426304,0.0238095232426304,0.031675184259506495,0.02863345487693779,0
27,8,John Schneider,0.0,0.0238095232426304,0.0238095232426304,0.02953305346979655,0.024717989845251073,0
27,8,Milo Manheim,27.5,0.1666666626984128,0.1666666626984128,0.0067309317731402,0.007846618327908348,0
27,8,Danelle Umstead,0.0,0.0238095232426304,0.0238095232426304,0.02655582796393408,0.03244225682703401,0
27,8,Mary Lou Retton,0.0,0.0238095232426304,0.0238095232426304,0.029456131437449226,0.027137887016895717,0
27,8,DeMarcus Ware,0.0,0.0238095232426304,0.0238095232426304,0.028982168021963545,0.02754365393864412,0
27,8,Nikki Glaser,0.0,0.0238095232426304,0.0238095232426304,0.02744940222546942,0.03063356855221321,0
27,8,Bobby Bones,22.5,0.119047616213152,0.119047616213152,0.006414345576628998,0.006153174974622304,0
27,8,Tinashe,0.0,0.0238095232426304,0.0238095232426304,0.029083177200204147,0.029165567996693474,0
27,8,Alexis Ren,29.0,0.20238094756235842,0.20238094756235842,0.013342565345441431,0.010316147497694493,0
27,8,Joe Amabile,23.0,0.1428571394557824,0.1428571394557824,0.006197001180973678,0.007802224167585115,0
27,9,Juan Pablo Di Pace,0.0,2.6315788781163454e-08,2.6315788781163454e-08,2.330208426304435e-09,2.258209537634864e-09,1
27,9,Evanna Lynch,30.0,0.22368420463988936,0.22368420463988936,0.013793426006109135,0.017592797112462463,0
27,9,Nancy McKeon,0.0,0.026315788781163457,0.026315788781163457,0.033882393000390275,0.03726971388842794,0
27,9,John Schneider,0.0,0.026315788781163457,0.026315788781163457,0.03691324488826422,0.04042782334521125,0
27,9,Milo Manheim,30.0,0.22368420463988936,0.22368420463988936,0.01739602877989904,0.013974451112643725,0
27,9,Danelle Umstead,0.0,0.026315788781163457,0.026315788781163457,0.03539287573116581,0.0373477237226161,0
27,9,Mary Lou Retton,0.0,0.026315788781163457,0.026315788781163457,0.04115437816375057,0.036425940822656856,0
27,9,DeMarcus Ware,0.0,0.026315788781163457,0.026315788781163457,0.03169225918095217,0.030210990180561538,0
27,9,Nikki Glaser,0.0,0.026315788781163457,0.026315788781163457,0.03617299035625145,0.040730809477645666,0
27,9,Bobby Bones,27.0,0.15789473268698073,0.15789473268698073,0.007885590150576749,0.00820207725817561,0
27,9,Tinashe,0.0,0.026315788781163457,0.026315788781163457,0.03537247071602042,0.03493919504897603,0
27,9,Alexis Ren,28.5,0.18421052146814418,0.18421052146814418,0.01006650313897253,0.010352188363557077,0
27,9,Joe Amabile,0.0,0.026315788781163457,0.026315788781163457,0.03928693900789026,0.03744037275102979,0
28,1,Kate Flannery,15.0,0.08294696968750455,0.053030302226813604,0.0010078719955515022,0.0075514761246001285,0
28,1,James Van Der Beek,21.0,0.052538088051947665,1.5151514921946744e-08,0.0009651018219044332,0.0,1
28,1,Kel Mitchell,16.0,0.0843550267331986,0.08333333207070709,0.00161612387023633,0.007575757460973373,0
28,1,Ray Lewis,15.0,0.08299496732332473,0.053030302226813604,0.0010317697486439525,0.0075514761246001285,0
28,1,Lamar Odom,11.0,0.10328120069706676,0.015151514921946744,0.0009669655279386448,0.0,0
28,1,Sailor Brinkley-Cook,18.0,0.08253962467802607,0.13636363429752069,0.0029260006653153035,0.0,0
28,1,Sean Spicer,12.0,0.09861162360858665,0.03030302984389349,0.0008583211561731034,0.0,0
28,1,Mary Wilson,17.0,0.08164065979190312,0.11363636191460058,0.0019055490132535381,0.007521014216948791,0
28,1,Lauren Alaina,19.0,0.08337682657979038,0.15151514921946743,0.003448079422135529,0.0,0
28,1,Ally Brooke,16.0,0.08431445564904567,0.08333333207070709,0.0017400925828445302,0.007575757460973373,0
28,1,Karamo Brown,17.0,0.08164124693211912,0.11363636191460058,0.0014860115694009274,0.007521014216948791,0
28,1,Hannah Brown,20.0,0.08175831026848662,0.16666666414141418,0.0041962184361509286,2.7755575615628914e-17,0
28,2,Kate Flannery,21.0,0.08357440265144558,0.1456953623086707,0.0002356656068036515,0.0009618195797002082,0
28,2,James Van Der Beek,20.0,0.08357440265144958,0.11920529643436693,0.0002356656465136718,0.011206503810946393,0
28,2,Kel Mitchell,20.0,0.08357440265144811,0.11920529643436693,0.00023565615556986924,0.010384734851589271,0
28,2,Ray Lewis,15.0,0.07868994190480604,0.033112582342879705,0.0035626177227771716,0.006382984570903144,0
28,2,Lamar Odom,12.0,0.09143515183294025,0.013245032937151882,0.0021094514684680023,8.743814360911008e-05,0
28,2,Sailor Brinkley-Cook,18.0,0.08357440301137922,0.06622516468575941,0.0002356439636924394,0.0004371907180455461,0
28,2,Sean Spicer,16.0,0.08357440298352668,0.05298013174860753,0.0002356313553724086,0.0003497525744364403,0
28,2,Mary Wilson,15.0,0.07770428120968266,1.3245032937151882e-08,0.0023463062564460725,8.743814360910957e-11,1
28,2,Lauren Alaina,19.0,0.08357440276890472,0.08609271409148724,0.00023563952457005842,0.006478903339478686,0
28,2,Ally Brooke,20.0,0.08357440277212465,0.11920529643436693,0.000235637847887045,0.010915478034892418,0
28,2,Karamo Brown,19.0,0.08357440277521838,0.08609271409148724,0.00023567291451360178,0.0065545596226590465,0
28,2,Hannah Brown,24.0,0.083574402788074,0.1589403952458226,0.00023566529161839482,0.0010492577233093105,0
28,3,Kate Flannery,24.0,0.08333325194249702,0.15492957528268203,7.4954961928608246e-06,0.007098042187072415,0
28,3,James Van Der Beek,23.0,0.08333325194249702,0.12676056159492166,7.4954961928607255e-06,0.00622192047482758,0
28,3,Kel Mitchell,20.0,0.08333325194249702,0.08450704106328112,7.49549619286078e-06,0.00666727430016184,0
28,3,Ray Lewis,0.0,0.08333167604988373,1.4084506843880184e-08,0.0009364615898940487,3.972220032634091e-10,1
28,3,Lamar Odom,12.0,0.08333325194249702,0.03521126710970046,7.4954961929173945e-06,0.001554109606221526,0
28,3,Sailor Brinkley-Cook,23.0,0.08333325194249702,0.12676056159492166,7.4954961929174386e-06,0.007128272655995309,0
28,3,Sean Spicer,15.0,0.08333325194249702,0.04929577395358065,7.4954961930928515e-06,0.001188062080605271,0
28,3,Mary Wilson,0.0,0.08333480452614611,0.014084506843880186,0.0009349797521445764,0.006192190715390022,0
28,3,Lauren Alaina,20.0,0.08333325194249702,0.08450704106328112,7.4954961930928955e-06,0.0066275827563294105,0
28,3,Ally Brooke,24.0,0.08333325194249702,0.15492957528268203,7.4954961930928955e-06,0.006489161032265903,0
28,3,Karamo Brown,16.0,0.08333325194249702,0.06338028079746083,7.495496193092851e-06,0.0008504686862827037,0
28,3,Hannah Brown,21.0,0.08333325194249702,0.1056338013291014,7.495496193092851e-06,0.0007430593931796203,0
28,4,Kate Flannery,26.0,0.08418850693967549,0.06474820050722013,0.00037439022244533255,0.000794717146806354,0
28,4,James Van Der Beek,28.0,0.08418850693928792,0.08633093400962685,0.0003743862380526041,0.006706317755419238,0
28,4,Kel Mitchell,32.0,0.08418835311163332,0.14388489001604476,0.0003743834807113464,0.016021436907537594,0
28,4,Ray Lewis,0.0,0.10444341824911864,0.014388489001604476,0.001901518836841098,0.0062387948606179595,0
28,4,Lamar Odom,20.0,0.03349583560671853,1.4388489001604474e-08,0.0016074331624838182,4.3709440888877403e-10,1
28,4,Sailor Brinkley-Cook,31.0,0.0841885034126242,0.10791366751203356,0.00037440982922160666,0.0005165660798599642,0
28,4,Sean Spicer,21.0,0.08418822043661812,0.05035971150561566,0.0003743784650623111,0.0012318115556951296,0
28,4,Mary Wilson,0.0,0.10436373911248681,0.014388489001604476,0.0016578034314071591,0.0063951398002002205,0
28,4,Lauren Alaina,32.0,0.08418838701724714,0.14388489001604476,0.00037436817979944517,0.014070132073294236,0
28,4,Ally Brooke,32.0,0.08418853179250486,0.14388489001604476,0.0003743769415075532,0.013920547433691656,0
28,4,Karamo Brown,28.0,0.08418835720660983,0.08633093400962685,0.00037441801987076,0.006696989416179986,0
28,4,Hannah Brown,32.0,0.08418864017647519,0.14388489001604476,0.00037431802883839706,0.016216311545912528,0
28,5,Kate Flannery,24.0,0.08333325365843587,0.0999999984615385,8.770739884527529e-06,0.006984155297085022,0
28,5,James Van Der Beek,26.0,0.08333325365843587,0.1461538439053255,8.770739884527615e-06,0.007080595122411094,0
28,5,Kel Mitchell,26.0,0.08333325365843587,0.1461538439053255,8.770739884532042e-06,0.008004202607353145,0
28,5,Ray Lewis,0.0,0.08333028561368529,1.5384615147929e-08,0.000970721789578588,7.567218322356866e-10,1
28,5,Lamar Odom,0.0,0.08333471573069597,0.015384615147928998,0.0007636121868928081,0.010426895768177178,0
28,5,Sailor Brinkley-Cook,24.0,0.08333325365843587,0.0999999984615385,8.770739883760098e-06,0.00691690969734395,0
28,5,Sean Spicer,19.0,0.08333325365843587,0.04615384544378699,8.770739883854634e-06,0.0022437335484052287,0
28,5,Mary Wilson,0.0,0.08333471573069597,0.015384615147928998,0.0006017237103256561,0.010318744816760135,0
28,5,Lauren Alaina,23.0,0.08333325365843587,0.07692307573964499,8.770739885185174e-06,0.000985586491569033,0
28,5,Ally Brooke,27.0,0.08333325365843587,0.16923076662721898,8.770739885095012e-06,0.004033440581820748,0
28,5,Karamo Brown,21.0,0.08333325365843587,0.06153846059171599,8.770739885369342e-06,0.0015589203164110413,0
28,5,Hannah Brown,25.0,0.08333325365843587,0.12307692118343198,8.770739885095068e-06,0.0018618164375903783,0
28,6,Kate Flannery,27.0,0.0819823116593551,0.17857142538265314,0.004090979651695937,0.011450355285091234,0
28,6,James Van Der Beek,27.0,0.08057383276255999,0.17857142538265314,0.004177123011066307,0.013921416389079172,0
28,6,Kel Mitchell,26.0,0.08034809506370766,0.13392856903698985,0.008074695330375045,0.008842571106707718,0
28,6,Ray Lewis,0.0,0.11838463192661029,0.017857142538265314,0.006848689766829278,0.012121108470177864,0
28,6,Lamar Odom,0.0,0.11838440937948438,0.017857142538265314,0.006869539315364981,0.011255497775534312,0
28,6,Sailor Brinkley-Cook,27.0,9.999990000491116e-09,1.7857142538265312e-08,0.0064757882347259675,1.0910547293442855e-09,1
28,6,Sean Spicer,21.0,0.08003324692997105,0.05357142761479594,0.0035786213035475666,0.0023827062370330478,0
28,6,Mary Wilson,0.0,0.11838560764419188,0.017857142538265314,0.006942384196644967,0.011990195303670662,0
28,6,Lauren Alaina,26.0,0.0807176987666505,0.13392856903698985,0.0050736730064832635,0.008068009443936862,0
28,6,Ally Brooke,25.0,0.08035385469084001,0.09821428396045923,0.0038711912363838218,0.00832379055028869,0
28,6,Karamo Brown,25.0,0.08031732393940037,0.09821428396045923,0.004083391969780199,0.007747112437567523,0
28,6,Hannah Brown,24.0,0.08051797723823896,0.07142857015306125,0.004973051492079088,0.0015416061654903175,0
28,7,Kate Flannery,24.0,0.07292725164255981,0.08256880582442558,0.00441774252156233,0.0005718103069488176,0
28,7,James Van Der Beek,27.0,0.07310697137305831,0.17431192340712068,0.0020522638629622307,0.016437728118607636,0
28,7,Kel Mitchell,25.5,0.0731056283946837,0.11926605285750362,0.002048530547868892,0.004704436596459398,0
28,7,Ray Lewis,0.0,0.12124121455292458,0.018348623516539018,0.0014136554632330806,0.014866283093215993,0
28,7,Lamar Odom,0.0,0.12123982763454126,0.018348623516539018,0.0011773545513969683,0.01574377990834831,0
28,7,Sailor Brinkley-Cook,0.0,0.12123985909309083,0.018348623516539018,0.0014003153274231225,0.01630581065344614,0
28,7,Sean Spicer,21.0,0.07659104727085547,0.06422018230788656,0.007047789936172286,0.0018297927306397256,0
28,7,Mary Wilson,0.0,0.12123320375365541,0.018348623516539018,0.0016834358442511523,0.01584690908440341,0
28,7,Lauren Alaina,27.0,0.07310530518744801,0.17431192340712068,0.002068168964488557,0.013143115795379866,0
28,7,Ally Brooke,27.0,0.07310488500391234,0.17431192340712068,0.002046833161004462,0.011737232919924595,0
28,7,Karamo Brown,24.5,9.999990000010001e-09,1.8348623516539018e-08,0.0001961127813219765,1.2579824236909106e-09,1
28,7,Hannah Brown,26.0,0.07310379609428043,0.13761467637404265,0.00204684654735553,0.004528364876335075,0
28,8,Kate Flannery,25.9998,9.99999000001e-09,2.0833332899305566e-08,0.00013624600377744352,1.7554363298480764e-09,1
28,8,James Van Der Beek,31.9998,0.05628721711746044,0.20833332899305565,0.004892811702240269,0.009894277335922217,0
28,8,Kel Mitchell,29.9998,0.05628721673590085,0.14583333029513895,0.004891684643218251,0.008844269684652361,0
28,8,Ray Lewis,0.0,0.13465092073915624,0.020833332899305567,0.0024844638783062156,0.019988685114378565,0
28,8,Lamar Odom,0.0,0.13464104614821895,0.020833332899305567,0.0015392690435739396,0.02043903893735316,0
28,8,Sailor Brinkley-Cook,0.0,0.13463270131343072,0.020833332899305567,0.001913217529625924,0.021633172890371304,0
28,8,Sean Spicer,20.0,0.057283306532164936,0.08333333159722227,0.011194989781903269,0.0006383406431662388,0
28,8,Mary Wilson,0.0,0.13462180281258904,0.020833332899305567,0.001400453170122724,0.02136254434397145,0
28,8,Lauren Alaina,24.0,0.04438236909693979,0.10416666449652782,0.015284320131205625,0.0011170956866818388,0
28,8,Ally Brooke,30.0,0.0562872593867346,0.16666666319444454,0.0048863189363868055,0.010751870476273838,0
28,8,Karamo Brown,0.0,0.13463791340892226,0.020833332899305567,0.0017394402372317476,0.01913048976545387,0
28,8,Hannah Brown,30.9998,0.05628723670949203,0.1874999960937501,0.004891172969144101,0.00813884100607414,0
28,9,Kate Flannery,0.0,0.11983855990311615,0.022988505218655055,0.0024696726482952595,0.023745783360114882,0
28,9,James Van Der Beek,36.0,0.056191861277035925,0.1724137891399129,0.0025557423354048182,0.011178368016972258,0
28,9,Kel Mitchell,37.0,0.056191861273496714,0.19540229435856796,0.0025574049108615265,0.009381755616918947,0
28,9,Ray Lewis,0.0,0.11983852078322405,0.022988505218655055,0.0037759441648451994,0.026799677313063344,0
28,9,Lamar Odom,0.0,0.11983849559849163,0.022988505218655055,0.002519493644189133,0.024024637951482304,0
28,9,Sailor Brinkley-Cook,0.0,0.11983850953610876,0.022988505218655055,0.0019806205577930346,0.025804865173914605,0
28,9,Sean Spicer,25.0,9.999990000202127e-09,2.2988505218655053e-08,6.506214908469905e-06,2.0639862770018946e-09,1
28,9,Mary Wilson,0.0,0.11983849560124489,0.022988505218655055,0.002796201030931366,0.027784896102428354,0
28,9,Lauren Alaina,35.0,0.056191864109612466,0.1264367787026028,0.0025556320656261585,0.008191427301705573,0
28,9,Ally Brooke,40.0,0.056191889647461524,0.21839079957722302,0.002557199707015732,0.01144574189392084,0
28,9,Karamo Brown,0.0,0.11984706194892511,0.022988505218655055,0.0038066689251114202,0.0271061879260433,0
28,9,Hannah Brown,35.5,0.05619187032229284,0.14942528392125784,0.002557599615449231,0.012429467778911586,0
28,10,Kate Flannery,0.0,0.14285700988642766,0.027027026296566857,0.001160726769261457,0.03129908815927982,0
28,10,James Van Der Beek,25.5,9.999997132591365e-09,2.7027026296566858e-08,2.7325805926950608e-09,2.311272776136276e-09,1
28,10,Kel Mitchell,28.5,9.999990000009457e-09,0.21621621037253486,1.822677105460736e-09,0.010787499862921122,0
28,10,Ray Lewis,0.0,0.1428570098870249,0.027027026296566857,0.0007847305243961049,0.031195029762287083,0
28,10,Lamar Odom,0.0,0.14285700988735323,0.027027026296566857,0.0009852316417161475,0.031460706965561934,0
28,10,Sailor Brinkley-Cook,0.0,0.14285700988725852,0.027027026296566857,0.0009514530408924592,0.03239197838864206,0
28,10,Sean Spicer,0.0,0.14285700988726113,0.027027026296566857,0.001164852664813926,0.03443452171357485,0
28,10,Mary Wilson,0.0,0.14285700988708316,0.027027026296566857,0.0011205015231209447,0.03699957927380422,0
28,10,Lauren Alaina,27.0,9.999990000009457e-09,0.17567567092768457,1.8226908846684945e-09,0.010406132361967553,0
28,10,Ally Brooke,29.5,9.999990000009457e-09,0.24324323666910172,1.822733724330163e-09,0.01342799768767205,0
28,10,Karamo Brown,0.0,0.1428568906786343,0.027027026296566857,0.0009675610104442872,0.029285184856084844,0
28,10,Hannah Brown,27.0,9.999990000009457e-09,0.17567567092768457,1.8226013301089066e-09,0.012676513592242436,0
28,11,Kate Flannery,0.0,0.08332821758663084,2.8571427755102065e-08,0.003314170754476913,2.919025630968063e-09,1
28,11,James Van Der Beek,0.0,0.08333396536742968,0.028571427755102068,0.0010375883498830822,0.03864612682944831,0
28,11,Kel Mitchell,29.5,0.08333325621059035,0.2142857081632655,4.602601709760051e-05,0.01604706107999032,0
28,11,Ray Lewis,0.0,0.08333396536742968,0.028571427755102068,0.0012307579695301169,0.035852828585418064,0
28,11,Lamar Odom,0.0,0.08333396536742968,0.028571427755102068,0.0011516535358519929,0.033056160618225805,0
28,11,Sailor Brinkley-Cook,0.0,0.08333396536742968,0.028571427755102068,0.001636156564469332,0.037572348816248574,0
28,11,Sean Spicer,0.0,0.08333396536742968,0.028571427755102068,0.0014561833646816755,0.0353724109980503,0
28,11,Mary Wilson,0.0,0.08333396536742968,0.028571427755102068,0.0012779114121404076,0.037632487309135626,0
28,11,Lauren Alaina,28.5,0.08333325621059035,0.15714285265306135,4.6026016152538775e-05,0.009530290743841752,0
28,11,Ally Brooke,30.0,0.08333325621059035,0.24285713591836755,4.60260169862885e-05,0.018067750706352196,0
28,11,Karamo Brown,0.0,0.08333396536742968,0.028571427755102068,0.0013733613306385986,0.0355373276938199,0
28,11,Hannah Brown,29.0,0.08333325621059035,0.18571428040816343,4.6026016400599645e-05,0.013611061380978463,0
29,1,Anne Heche,18.0,0.075829383167494,0.075829383167494,0.013107326202314718,0.012190768101092863,0
29,1,Jesse Metcalfe,18.0,0.075829383167494,0.075829383167494,0.01385802954777842,0.012225658699919952,0
29,1,Chrishell Stause,13.0,0.02843601868781025,0.02843601868781025,0.00013303463552920617,0.00013303463552920617,0
29,1,Skai Jackson,21.0,9.47867289593675e-09,9.47867289593675e-09,4.4344878509734514e-11,4.4344878509734514e-11,1
29,1,Justina Machado,21.0,0.13744075699108288,0.13744075699108288,0.004035383988730788,0.004035383988730787,0
29,1,Charles Oakley,12.0,0.0189573457918735,0.0189573457918735,8.868975701947135e-05,8.868975701947135e-05,0
29,1,Veron Davis,17.0,0.04739336447968375,0.04739336447968375,0.0002217243925486758,0.0002217243925486758,0
29,1,Johnny Weir,18.0,0.075829383167494,0.075829383167494,0.013913543548757144,0.0140332647235403,0
29,1,Nev Schulman,20.0,0.11848341119920938,0.11848341119920938,0.004614190281172142,0.004727900377296267,0
29,1,AJ McLean,18.0,0.075829383167494,0.075829383167494,0.012171888526558951,0.013279541081401815,0
29,1,Nelly,16.0,0.037914691583747,0.037914691583747,0.0001773795140389427,0.0001773795140389427,0
29,1,Kaitlyn Bristowe,20.0,0.11848341119920938,0.11848341119920938,0.00481184071975086,0.004547510166878997,0
29,1,Carole Baskin,11.0,0.00947867289593675,0.00947867289593675,4.4344878509735675e-05,4.4344878509735675e-05,0
29,1,Monica Aldama,19.0,0.10426540185530425,0.10426540185530425,0.00048779366360709157,0.00048779366360709157,0
29,1,Jeannie Mai,18.0,0.075829383167494,0.075829383167494,0.012880074962193623,0.014315663036011518,0
29,2,Anne Heche,18.0,0.06278026849524423,0.06278026849524423,0.014293922752944693,0.014172222329559277,0
29,2,Jesse Metcalfe,20.0,0.10313901252790124,0.10313901252790124,0.0004272895526799894,0.0004242019120880069,0
29,2,Chrishell Stause,18.0,0.06278026849524423,0.06278026849524423,0.013809035379082811,0.01528264587483639,0
29,2,Skai Jackson,15.0,0.00896860978503489,0.00896860978503489,0.004166073174237334,0.004135968678208202,0
29,2,Justina Machado,21.0,0.11659192720545357,0.11659192720545357,0.004060632120109067,0.004162103698458171,0
29,2,Charles Oakley,15.0,8.96860978503489e-09,8.96860978503489e-09,3.5607462723332425e-11,3.535015934066721e-11,1
29,2,Veron Davis,18.0,0.06278026849524423,0.06278026849524423,0.014562237597722202,0.01504758957613807,0
29,2,Johnny Weir,18.0,0.06278026849524423,0.06278026849524423,0.01433898167336951,0.01463437003344211,0
29,2,Nev Schulman,21.0,0.11659192720545357,0.11659192720545357,0.004368164503981556,0.004306439298793424,0
29,2,AJ McLean,19.0,0.09417040274286635,0.09417040274286635,0.00039168208995665066,0.0003888517527473334,0
29,2,Nelly,18.0,0.06278026849524423,0.06278026849524423,0.013032199231770349,0.013689374919689305,0
29,2,Kaitlyn Bristowe,22.0,0.1300448418830059,0.1300448418830059,0.000534111940849985,0.000530252390110007,0
29,2,Carole Baskin,16.0,0.02690582935510467,0.02690582935510467,0.0042362835509213775,0.004235675343185666,0
29,2,Monica Aldama,16.0,0.02690582935510467,0.02690582935510467,0.004206386394691735,0.004204630795998986,0
29,2,Jeannie Mai,18.0,0.06278026849524423,0.06278026849524423,0.015089567925941672,0.013088956627701542,0
29,3,Anne Heche,15.0,0.025423728598103996,0.025423728598103996,0.0,0.0,0
29,3,Jesse Metcalfe,20.0,0.05932203339557599,0.05932203339557599,0.0,0.0,0
29,3,Chrishell Stause,22.0,0.09322033819304798,0.09322033819304798,0.0069553506287455685,0.006781779272609517,0
29,3,Skai Jackson,18.0,0.03813559289715599,0.03813559289715599,0.004237288099683999,0.004206668996889536,0
29,3,Justina Machado,19.0,0.05084745719620799,0.05084745719620799,0.0,0.0,0
29,3,Charles Oakley,0.0,0.008474576199367999,0.008474576199367999,0.0,0.0,0
29,3,Veron Davis,22.0,0.09322033819304798,0.09322033819304798,0.007039511688578778,0.006771181080053781,0
29,3,Johnny Weir,24.0,0.12288135489083597,0.12288135489083597,0.004223707013147264,0.004182699177859518,0
29,3,Nev Schulman,24.0,0.12288135489083597,0.12288135489083597,0.004223707013147264,0.004182699177859518,0
29,3,AJ McLean,21.0,0.072033897694628,0.072033897694628,0.004237288099683996,0.004233896912186225,0
29,3,Nelly,18.0,0.03813559289715599,0.03813559289715599,0.004237288099683999,0.004206668996889536,0
29,3,Kaitlyn Bristowe,23.0,0.11016949059178398,0.11016949059178398,0.0,0.0,0
29,3,Carole Baskin,12.0,8.474576199367998e-09,8.474576199367998e-09,0.0,0.0,1
29,3,Monica Aldama,21.0,0.072033897694628,0.072033897694628,0.004237288099683996,0.004233896912186225,0
29,3,Jeannie Mai,22.0,0.09322033819304798,0.09322033819304798,0.006496192452315927,0.006924304421256912,0
29,4,Anne Heche,21.0,9.216589776805625e-09,9.216589776805625e-09,2.79864949186043e-10,2.486856734505938e-10,1
29,4,Jesse Metcalfe,21.0,0.036866359107222496,0.036866359107222496,0.010446950863162338,0.008833212359330685,0
29,4,Chrishell Stause,22.0,0.06451612843763938,0.06451612843763938,0.004417593092163382,0.0043677600980805975,0
29,4,Skai Jackson,28.0,0.13364055176368156,0.13364055176368156,0.0022399181372063028,0.0020252477707123047,0
29,4,Justina Machado,24.0,0.09677419265645906,0.09677419265645906,0.013083861270125507,0.01203179192324897,0
29,4,Charles Oakley,0.0,0.009216589776805624,0.009216589776805624,0.004127721723557416,0.0038543816172429296,0
29,4,Veron Davis,22.0,0.06451612843763938,0.06451612843763938,0.004477139138788532,0.004435872616385997,0
29,4,Johnny Weir,24.0,0.09677419265645906,0.09677419265645906,0.011669456559594477,0.012231149736267221,0
29,4,Nev Schulman,24.0,0.09677419265645906,0.09677419265645906,0.012787846393499266,0.011852657852277187,0
29,4,AJ McLean,24.0,0.09677419265645906,0.09677419265645906,0.012418043178805736,0.011826592222003014,0
29,4,Nelly,21.0,0.036866359107222496,0.036866359107222496,0.009985979621402455,0.009196708049350577,0
29,4,Kaitlyn Bristowe,25.0,0.12442396198687593,0.12442396198687593,0.0019709135809419524,0.0017945170248863365,0
29,4,Carole Baskin,0.0,0.009216589776805624,0.009216589776805624,0.00382326567233906,0.004184685736798818,0
29,4,Monica Aldama,24.0,0.09677419265645906,0.09677419265645906,0.012434553969521152,0.0127117124347562,0
29,4,Jeannie Mai,21.0,0.036866359107222496,0.036866359107222496,0.009688089759075372,0.010119401603305614,0
29,5,Anne Heche,0.0,0.009852216651702298,0.009852216651702298,0.006987672494963447,0.007121646651157959,0
29,5,Jesse Metcalfe,19.0,9.8522166517023e-09,9.8522166517023e-09,4.065662236238115e-10,3.768732167407018e-10,1
29,5,Chrishell Stause,19.0,0.03448275828095805,0.03448275828095805,0.004594447336421874,0.00459085335933704,0
29,5,Skai Jackson,24.0,0.07881773321361839,0.07881773321361839,0.01315298754994598,0.012806626207076002,0
29,5,Justina Machado,24.0,0.07881773321361839,0.07881773321361839,0.012745752280405106,0.013156003899073988,0
29,5,Charles Oakley,0.0,0.009852216651702298,0.009852216651702298,0.005558937333116422,0.006117591155267054,0
29,5,Veron Davis,21.0,0.049261083258511494,0.049261083258511494,0.0009323844220209651,0.0008590206931250086,0
29,5,Johnny Weir,29.0,0.1379310331238322,0.1379310331238322,0.0028004609195521083,0.0026122038863635156,0
29,5,Nev Schulman,26.0,0.11330049149457644,0.11330049149457644,0.004659567949220331,0.004530506578372269,0
29,5,AJ McLean,24.0,0.07881773321361839,0.07881773321361839,0.014476293137189724,0.01206896521990551,0
29,5,Nelly,24.0,0.07881773321361839,0.07881773321361839,0.012298066880539492,0.012667531690180998,0
29,5,Kaitlyn Bristowe,27.0,0.1280788164721299,0.1280788164721299,0.0023969580913253846,0.0022385606326618614,0
29,5,Carole Baskin,0.0,0.009852216651702298,0.009852216651702298,0.007033284231138915,0.007321512854335694,0
29,5,Monica Aldama,26.0,0.11330049149457644,0.11330049149457644,0.004979272904545262,0.004780238577241633,0
29,5,Jeannie Mai,24.0,0.07881773321361839,0.07881773321361839,0.011734385112563327,0.012110844903547614,0
29,6,Anne Heche,0.0,0.01075268805642271,0.01075268805642271,0.009597351545712344,0.009387835693807646,0
29,6,Jesse Metcalfe,0.0,0.01075268805642271,0.01075268805642271,0.009986131829842171,0.009554426007314739,0
29,6,Chrishell Stause,24.0,0.07526881639495897,0.07526881639495897,0.004642563096287318,0.004740090933431215,0
29,6,Skai Jackson,18.0,0.037634408197479485,0.037634408197479485,0.0017595614123344175,0.002046857632725683,0
29,6,Justina Machado,27.0,0.12903225667707252,0.12903225667707252,0.00970426821535359,0.011476229593027487,0
29,6,Charles Oakley,0.0,0.01075268805642271,0.01075268805642271,0.009845766644589596,0.010022316796882699,0
29,6,Veron Davis,21.0,1.075268805642271e-08,1.075268805642271e-08,5.598604366550317e-10,6.51272868338334e-10,1
29,6,Johnny Weir,22.0,0.0591397843103249,0.0591397843103249,0.0006398405390243531,0.0007443118960490155,0
29,6,Nev Schulman,26.0,0.10215053653601575,0.10215053653601575,0.0015996012075957758,0.0018607795773043243,0
29,6,AJ McLean,27.0,0.12903225667707252,0.12903225667707252,0.011171524848851616,0.012019198491171296,0
29,6,Nelly,24.0,0.07526881639495897,0.07526881639495897,0.004716459296709401,0.004715996177975235,0
29,6,Kaitlyn Bristowe,27.0,0.12903225667707252,0.12903225667707252,0.010888927920567051,0.011052516066260322,0
29,6,Carole Baskin,0.0,0.01075268805642271,0.01075268805642271,0.009655746785027636,0.009684437932219512,0
29,6,Monica Aldama,27.0,0.12903225667707252,0.12903225667707252,0.011443630701916166,0.009560600335316466,0
29,6,Jeannie Mai,25.0,0.09139784847959304,0.09139784847959304,0.0010397407709407433,0.001209506708965989,0
29,7,Anne Heche,0.0,0.011627906841535968,0.011627906841535968,0.012953811865249423,0.012179744264729288,0
29,7,Jesse Metcalfe,0.0,0.011627906841535968,0.011627906841535968,0.012606096086306019,0.012733436709601918,0
29,7,Chrishell Stause,26.0,0.09302325473228774,0.09302325473228774,0.007472705242669931,0.008812842449716038,0
29,7,Skai Jackson,27.0,0.12790697525689565,0.12790697525689565,0.010160554723620822,0.008425457388415929,0
29,7,Justina Machado,26.0,0.09302325473228774,0.09302325473228774,0.00844747568789444,0.007753710913698953,0
29,7,Charles Oakley,0.0,0.011627906841535968,0.011627906841535968,0.013550791763805827,0.013115010534790575,0
29,7,Veron Davis,0.0,0.011627906841535968,0.011627906841535968,0.011396704714923333,0.01288489648893758,0
29,7,Johnny Weir,27.0,0.12790697525689565,0.12790697525689565,0.007817976391271079,0.007831210636882949,0
29,7,Nev Schulman,30.0,0.15116278893996757,0.15116278893996757,0.004853316527400433,0.004665926210396409,0
29,7,AJ McLean,26.0,0.09302325473228774,0.09302325473228774,0.00821990613135492,0.008141809223716127,0
29,7,Nelly,27.0,0.12790697525689565,0.12790697525689565,0.0077810054375197285,0.009551237545075166,0
29,7,Kaitlyn Bristowe,24.0,0.05813953420767984,0.05813953420767984,0.0008088861468813502,0.0007776544251033668,0
29,7,Carole Baskin,0.0,0.011627906841535968,0.011627906841535968,0.012857476107914914,0.012472128688810497,0
29,7,Monica Aldama,22.0,1.1627906841535966e-08,1.1627906841535966e-08,7.077753342852229e-10,6.804475794374716e-10,1
29,7,Jeannie Mai,25.0,0.0697674410492158,0.0697674410492158,0.00010111081259612862,0.0013971435029226738,0
29,8,Anne Heche,0.0,0.01481481459533608,0.01481481459533608,0.018852619315790107,0.020268159050603994,0
29,8,Jesse Metcalfe,0.0,0.01481481459533608,0.01481481459533608,0.020511421173123035,0.01863548238508435,0
29,8,Chrishell Stause,27.0,1.481481459533608e-08,1.481481459533608e-08,1.1600168821942625e-09,1.3595626657227695e-09,1
29,8,Skai Jackson,26.9998,0.08888888757201649,0.08888888757201649,0.008614238673672189,0.009213242465467677,0
29,8,Justina Machado,28.9998,0.14814814595336082,0.14814814595336082,0.0061966437339041865,0.006942249665141503,0
29,8,Charles Oakley,0.0,0.01481481459533608,0.01481481459533608,0.017940680047384,0.01895077060466806,0
29,8,Veron Davis,0.0,0.01481481459533608,0.01481481459533608,0.02179687301874211,0.01827283296895714,0
29,8,Johnny Weir,30.0,0.17037036784636492,0.17037036784636492,0.008628238900482105,0.010852305394226488,0
29,8,Nev Schulman,30.0,0.17037036784636492,0.17037036784636492,0.010563871639519901,0.010245977131942792,0
29,8,AJ McLean,27.0,0.1111111094650206,0.1111111094650206,0.008917635028152366,0.009659022224206852,0
29,8,Nelly,24.0,0.07407407297668041,0.07407407297668041,0.0007369636989281219,0.0006560354139574447,0
29,8,Kaitlyn Bristowe,28.0,0.13333333135802472,0.13333333135802472,0.005853009721241593,0.005927084617198933,0
29,8,Carole Baskin,0.0,0.01481481459533608,0.01481481459533608,0.020829382064747978,0.020830777128873514,0
29,8,Monica Aldama,0.0,0.01481481459533608,0.01481481459533608,0.0193388149495861,0.01785571275284113,0
29,8,Jeannie Mai,0.0,0.01481481459533608,0.01481481459533608,0.019387408696679424,0.022019029061472874,0
29,9,Anne Heche,0.0,0.016393442354205864,0.016393442354205864,0.024731465053895972,0.022235062089086596,0
29,9,Jesse Metcalfe,0.0,0.016393442354205864,0.016393442354205864,0.02286745780211958,0.023093654101078644,0
29,9,Chrishell Stause,0.0,0.016393442354205864,0.016393442354205864,0.02342849453032136,0.0229069559070319,0
29,9,Skai Jackson,28.9998,0.14754098118785278,0.14754098118785278,0.008397137905648392,0.008629047161041898,0
29,9,Justina Machado,25.9998,0.12295081765654398,0.12295081765654398,0.004327926110087699,0.004671284884945987,0
29,9,Charles Oakley,0.0,0.016393442354205864,0.016393442354205864,0.022152057251111138,0.024028825486144444,0
29,9,Veron Davis,0.0,0.016393442354205864,0.016393442354205864,0.02107454526218731,0.022523450506222245,0
29,9,Johnny Weir,30.0,0.1803278658962645,0.1803278658962645,0.010753855382859641,0.012467775551883609,0
29,9,Nev Schulman,28.9998,0.14754098118785278,0.14754098118785278,0.009328823250979706,0.008944299397027828,0
29,9,AJ McLean,24.9998,1.6393442354205864e-08,1.6393442354205864e-08,1.3770674299612545e-09,1.4180748154076661e-09,1
29,9,Nelly,24.0,0.09016393294813226,0.09016393294813226,0.0015737912501651906,0.001626567881286747,0
29,9,Kaitlyn Bristowe,30.0,0.1803278658962645,0.1803278658962645,0.010699522735003094,0.009050699676059547,0
29,9,Carole Baskin,0.0,0.016393442354205864,0.016393442354205864,0.023768047573400685,0.02328616292902389,0
29,9,Monica Aldama,0.0,0.016393442354205864,0.016393442354205864,0.026087874826817906,0.025503067850574837,0
29,9,Jeannie Mai,0.0,0.016393442354205864,0.016393442354205864,0.022095942219339776,0.02405831187671853,0
29,10,Anne Heche,0.0,0.019047618684807265,0.019047618684807265,0.028488090738924,0.02916983986857808,0
29,10,Jesse Metcalfe,0.0,0.019047618684807265,0.019047618684807265,0.02789851248977846,0.025650854788192023,0
29,10,Chrishell Stause,0.0,0.019047618684807265,0.019047618684807265,0.02985811095460251,0.02715205054123649,0
29,10,Skai Jackson,28.5,1.9047618684807262e-08,1.9047618684807262e-08,1.3554502524450313e-09,1.5190395684071737e-09,1
29,10,Justina Machado,29.0,0.17142856816326538,0.17142856816326538,0.010227838252768164,0.010401920012895666,0
29,10,Charles Oakley,0.0,0.019047618684807265,0.019047618684807265,0.027553838801288477,0.02917682430676322,0
29,10,Veron Davis,0.0,0.019047618684807265,0.019047618684807265,0.02646589453690242,0.03061418735614443,0
29,10,Johnny Weir,28.5,0.14285714013605447,0.14285714013605447,0.011762532207040145,0.011280660375531899,0
29,10,Nev Schulman,30.0,0.19999999619047626,0.19999999619047626,0.011250371488946349,0.010828673892505575,0
29,10,AJ McLean,0.0,0.019047618684807265,0.019047618684807265,0.02793391228366756,0.02993056727233273,0
29,10,Nelly,28.0,0.11428571210884358,0.11428571210884358,0.006828204474304242,0.006890919299917245,0
29,10,Kaitlyn Bristowe,30.0,0.19999999619047626,0.19999999619047626,0.010439450123688188,0.01270134683910324,0
29,10,Carole Baskin,0.0,0.019047618684807265,0.019047618684807265,0.02836134229154815,0.02815489065257864,0
29,10,Monica Aldama,0.0,0.019047618684807265,0.019047618684807265,0.02865283105420559,0.028834758231232386,0
29,10,Jeannie Mai,0.0,0.019047618684807265,0.019047618684807265,0.027870133241375057,0.02751332584660291,0
29,11,Anne Heche,0.0,2.2727272210743815e-08,2.2727272210743815e-08,1.812115119121712e-09,1.9271726559758126e-09,1
29,11,Jesse Metcalfe,0.0,0.022727272210743815,0.022727272210743815,0.033853898326505226,0.03489014137801834,0
29,11,Chrishell Stause,0.0,0.022727272210743815,0.022727272210743815,0.03599523611647943,0.034395374275841224,0
29,11,Skai Jackson,0.0,0.022727272210743815,0.022727272210743815,0.03570785603760896,0.035714909270868615,0
29,11,Justina Machado,30.0,0.20454544989669432,0.20454544989669432,0.015392647685393132,0.017260086875113236,0
29,11,Charles Oakley,0.0,0.022727272210743815,0.022727272210743815,0.03078416703673781,0.03744711927685172,0
29,11,Veron Davis,0.0,0.022727272210743815,0.022727272210743815,0.03578111311654524,0.0324376348562738,0
29,11,Johnny Weir,0.0,0.022727272210743815,0.022727272210743815,0.03397691520464696,0.03242248401894817,0
29,11,Nev Schulman,30.0,0.20454544989669432,0.20454544989669432,0.015265437563387219,0.013286294412305028,0
29,11,AJ McLean,0.0,0.022727272210743815,0.022727272210743815,0.039643447103690874,0.03633960639600092,0
29,11,Nelly,28.5,0.1590909054752067,0.1590909054752067,0.00767866204910734,0.007945594156246717,0
29,11,Kaitlyn Bristowe,30.0,0.20454544989669432,0.20454544989669432,0.014426236908803017,0.015922878562545918,0
29,11,Carole Baskin,0.0,0.022727272210743815,0.022727272210743815,0.03677352947080487,0.03770322903495942,0
29,11,Monica Aldama,0.0,0.022727272210743815,0.022727272210743815,0.030814055321607085,0.03516232863161694,0
29,11,Jeannie Mai,0.0,0.022727272210743815,0.022727272210743815,0.03487557766940648,0.037011443000812265,0
30,1,Martin Kove,13.0,8.403361273921333e-09,8.403361273921333e-09,0.0,0.0,1
30,1,Brian Austin Green,24.0,0.04621848700656734,0.04621848700656734,0.009822950637590304,0.00932129378645101,0
30,1,Melora Hardin,26.0,0.088235293376174,0.088235293376174,0.004033613411482244,0.004171318837548873,0
30,1,Matt James,24.0,0.04621848700656734,0.04621848700656734,0.009119099060344067,0.007863319305544939,0
30,1,"Mike ""The Miz"" Mizanin",24.0,0.04621848700656734,0.04621848700656734,0.009389228642755001,0.009697056548261146,0
30,1,Suni Lee,28.0,0.11344537719793801,0.11344537719793801,0.004201680636960671,0.004171318837548873,0
30,1,Iman Shumpert,21.0,0.016806722547842667,0.016806722547842667,0.0,0.0,0
30,1,Cody Rigsby,24.0,0.04621848700656734,0.04621848700656734,0.008989632946518267,0.010117591137359681,0
30,1,Melanie C,27.0,0.10084033528705601,0.10084033528705601,1.3877787807814457e-17,1.3877787807814457e-17,0
30,1,Jimmie Allen,22.0,0.025210083821764002,0.025210083821764002,3.469446951953614e-18,3.469446951953614e-18,0
30,1,Olivia Jade,25.0,0.07142857082833134,0.07142857082833134,0.004198317946836592,0.004171318837548873,0
30,1,JoJo Siwa,29.0,0.12605041910882,0.12605041910882,2.7755575615628914e-17,2.7755575615628914e-17,0
30,1,Christine Chiu,25.0,0.07142857082833134,0.07142857082833134,0.004198317946836592,0.004171318837548873,0
30,1,Kenya Moore,26.0,0.088235293376174,0.088235293376174,0.004033613411482244,0.004171318837548873,0
30,1,Amanda Kloots,28.0,0.11344537719793801,0.11344537719793801,0.004201680636960671,0.004171318837548873,0
30,2,Martin Kove,15.0,8.403361273921333e-09,8.403361273921333e-09,0.0,0.0,1
30,2,Brian Austin Green,23.0,0.025210083821764002,0.025210083821764002,3.469446951953614e-18,3.469446951953614e-18,0
30,2,Melora Hardin,27.0,0.08403361273921334,0.08403361273921334,0.006714280399186949,0.006597575213933158,0
30,2,Matt James,22.0,0.016806722547842667,0.016806722547842667,0.0,0.0,0
30,2,"Mike ""The Miz"" Mizanin",26.0,0.06722689019137067,0.06722689019137067,0.0,0.0,0
30,2,Suni Lee,28.0,0.10084033528705601,0.10084033528705601,1.3877787807814457e-17,1.3877787807814457e-17,0
30,2,Iman Shumpert,25.0,0.05882352891744934,0.05882352891744934,0.0,0.0,0
30,2,Cody Rigsby,24.0,0.04201680636960667,0.04201680636960667,0.00760771106061169,0.007098726690579735,0
30,2,Melanie C,30.0,0.10924369656097734,0.10924369656097734,0.0,0.0,0
30,2,Jimmie Allen,27.0,0.08403361273921334,0.08403361273921334,0.006117739351347164,0.006775006454242426,0
30,2,Olivia Jade,27.0,0.08403361273921334,0.08403361273921334,0.00759284497691829,0.007002576968381593,0
30,2,JoJo Siwa,31.0,0.11764705783489868,0.11764705783489868,0.0,0.0,0
30,2,Christine Chiu,24.0,0.04201680636960667,0.04201680636960667,0.005882352891744934,0.006500530905311074,0
30,2,Kenya Moore,24.0,0.04201680636960667,0.04201680636960667,0.006896902304625424,0.00685582449847917,0
30,2,Amanda Kloots,32.0,0.12605041910882,0.12605041910882,2.7755575615628914e-17,2.7755575615628914e-17,0
30,3,Martin Kove,0.0,0.008928571348852042,0.008928571348852042,6.756567650185235e-05,6.0232226643879115e-05,0
30,3,Brian Austin Green,19.0,0.031249999720982146,0.031249999720982146,0.004546730660256213,0.004429123153891695,0
30,3,Melora Hardin,23.0,0.1071428561862245,0.1071428561862245,0.0008107881180222283,0.0007227867197265498,0
30,3,Matt James,20.0,0.04910714241868623,0.04910714241868623,0.00431061560020513,0.004527659008649989,0
30,3,"Mike ""The Miz"" Mizanin",22.0,0.09374999916294643,0.09374999916294643,0.004309467399856843,0.004316172003857613,0
30,3,Suni Lee,21.0,0.07142857079081634,0.07142857079081634,0.0064417314026294125,0.0070853879749842525,0
30,3,Iman Shumpert,19.0,0.031249999720982146,0.031249999720982146,0.0043905487720437225,0.004489848034137918,0
30,3,Cody Rigsby,18.0,0.017857142697704085,0.017857142697704085,0.0001351313530037047,0.00012046445328775823,0
30,3,Melanie C,22.0,0.09374999916294643,0.09374999916294643,0.004468013812115746,0.004449013186275855,0
30,3,Jimmie Allen,20.0,0.04910714241868623,0.04910714241868623,0.0044626629882770765,0.004319791622461565,0
30,3,Olivia Jade,24.0,0.12499999888392858,0.12499999888392858,0.007394934698386709,0.007939215364862051,0
30,3,JoJo Siwa,24.0,0.12499999888392858,0.12499999888392858,0.007808076009905833,0.007260575723634778,0
30,3,Christine Chiu,21.0,8.928571348852042e-09,8.928571348852042e-09,6.756567650185207e-11,6.02322266438789e-11,1
30,3,Kenya Moore,21.0,0.07142857079081634,0.07142857079081634,0.007109399717242859,0.0075184166773390165,0
30,3,Amanda Kloots,24.0,0.12499999888392858,0.12499999888392858,0.006752227650400868,0.006759426589047855,0
30,4,Martin Kove,0.0,0.009090909008264463,0.009090909008264463,0.0039698121394132185,0.003722650830918543,0
30,4,Brian Austin Green,26.0,9.090909008264463e-09,9.090909008264463e-09,2.5765045381234715e-10,2.6107225646748993e-10,1
30,4,Melora Hardin,36.5,0.13181818061983472,0.13181818061983472,0.0017115351390641312,0.0017342656850288796,0
30,4,Matt James,28.5,0.031818181528925626,0.031818181528925626,0.0011226198528716876,0.002372019831178489,0
30,4,"Mike ""The Miz"" Mizanin",32.5,0.0727272720661157,0.0727272720661157,0.005546543085001697,0.004612087294448802,0
30,4,Suni Lee,34.0,0.0999999990909091,0.0999999990909091,0.004870259725151445,0.004469971095594546,0
30,4,Iman Shumpert,31.5,0.05909090855371901,0.05909090855371901,0.0003496684914346475,0.0003543123667110415,0
30,4,Cody Rigsby,29.0,0.040909090537190086,0.040909090537190086,0.0027256461644890955,0.0028641036790086746,0
30,4,Melanie C,33.0,0.08636363557851241,0.08636363557851241,0.0031847600993912995,0.004070631316322257,0
30,4,Jimmie Allen,32.5,0.0727272720661157,0.0727272720661157,0.004375852073167686,0.005817759216361895,0
30,4,Olivia Jade,35.0,0.11818181710743803,0.11818181710743803,0.0052316938826268275,0.00456379958762784,0
30,4,JoJo Siwa,35.0,0.11818181710743803,0.11818181710743803,0.004463815326170843,0.004479353835256981,0
30,4,Christine Chiu,0.0,0.009090909008264463,0.009090909008264463,0.003802476650897703,0.00396159586345321,0
30,4,Kenya Moore,29.5,0.04999999954545455,0.04999999954545455,0.0027309039302135293,0.001873167574450494,0
30,4,Amanda Kloots,34.0,0.0999999990909091,0.0999999990909091,0.004703770973024335,0.004422653706841694,0
30,5,Martin Kove,0.0,0.011363636234504135,0.011363636234504135,0.010818773102784628,0.010590379326458519,0
30,5,Brian Austin Green,0.0,0.011363636234504135,0.011363636234504135,0.010622472953933343,0.010165486870758711,0
30,5,Melora Hardin,36.0,0.10795454422778927,0.10795454422778927,0.012489795295549843,0.012166164115038233,0
30,5,Matt James,0.0,0.011363636234504135,0.011363636234504135,0.00958984404773722,0.01048557721185806,0
30,5,"Mike ""The Miz"" Mizanin",32.0,0.05681818117252067,0.05681818117252067,0.0046655514058868905,0.005041502428925609,0
30,5,Suni Lee,36.0,0.10795454422778927,0.10795454422778927,0.015510702426336384,0.013962035241417321,0
30,5,Iman Shumpert,28.0,0.03977272682076447,0.03977272682076447,0.0020909018497357996,0.0017735725935940582,0
30,5,Cody Rigsby,32.0,0.05681818117252067,0.05681818117252067,0.005404796829512861,0.005122680712493125,0
30,5,Melanie C,36.0,1.1363636234504133e-08,1.1363636234504133e-08,7.382641044209311e-10,6.694321946499161e-10,1
30,5,Jimmie Allen,34.0,0.07386363552427687,0.07386363552427687,0.0010147805825673772,0.001036265078931326,0
30,5,Olivia Jade,36.0,0.10795454422778927,0.10795454422778927,0.014231439942692709,0.014318090431228277,0
30,5,JoJo Siwa,40.0,0.1534090891658058,0.1534090891658058,0.005936028238859681,0.005254484503862344,0
30,5,Christine Chiu,0.0,0.011363636234504135,0.011363636234504135,0.009652360831386849,0.009633747836088242,0
30,5,Kenya Moore,36.0,0.10795454422778927,0.10795454422778927,0.012729017324199095,0.014971437488842205,0
30,5,Amanda Kloots,39.0,0.14204545293130166,0.14204545293130166,0.004841920887617009,0.004596732259613029,0
30,6,Martin Kove,0.0,0.011627906841535968,0.011627906841535968,0.012899549496591672,0.013467762899445733,0
30,6,Brian Austin Green,0.0,0.011627906841535968,0.011627906841535968,0.012409606633666996,0.012900384369521789,0
30,6,Melora Hardin,34.0,0.06395348762844782,0.06395348762844782,0.004881592498335784,0.004561795086169789,0
30,6,Matt James,0.0,0.011627906841535968,0.011627906841535968,0.012883959989694022,0.011620236444977719,0
30,6,"Mike ""The Miz"" Mizanin",34.0,0.06395348762844782,0.06395348762844782,0.004645313953669727,0.004572636428370579,0
30,6,Suni Lee,36.0,0.09302325473228774,0.09302325473228774,0.008466484907171997,0.00792299450891107,0
30,6,Iman Shumpert,40.0,0.14534883551919958,0.14534883551919958,0.006806307506450759,0.006412718921839029,0
30,6,Cody Rigsby,36.0,0.09302325473228774,0.09302325473228774,0.007378347550985845,0.008168855412734885,0
30,6,Melanie C,0.0,0.011627906841535968,0.011627906841535968,0.011313245893213622,0.013356946993211482,0
30,6,Jimmie Allen,38.0,0.12209302183612766,0.12209302183612766,0.005178774000347986,0.0054407421370388405,0
30,6,Olivia Jade,36.0,0.09302325473228774,0.09302325473228774,0.007786939839904739,0.008021258298363011,0
30,6,JoJo Siwa,40.0,0.14534883551919958,0.14534883551919958,0.006752906644313896,0.006032444401371168,0
30,6,Christine Chiu,0.0,0.011627906841535968,0.011627906841535968,0.013419483973494663,0.011976708471331926,0
30,6,Kenya Moore,32.0,1.1627906841535966e-08,1.1627906841535966e-08,7.421526436679536e-10,6.474428813307467e-10,1
30,6,Amanda Kloots,38.0,0.12209302183612766,0.12209302183612766,0.006481998229892414,0.005803028758420027,0
30,7,Martin Kove,0.0,0.012820512656147275,0.012820512656147275,0.015543386088427629,0.016643216187508567,0
30,7,Brian Austin Green,0.0,0.012820512656147275,0.012820512656147275,0.01684213271415285,0.01625175653147117,0
30,7,Melora Hardin,38.0,0.12820512656147273,0.12820512656147273,0.00718105910825373,0.006655010853391043,0
30,7,Matt James,0.0,0.012820512656147275,0.012820512656147275,0.016143935884480348,0.015676353956982563,0
30,7,"Mike ""The Miz"" Mizanin",32.0,1.2820512656147274e-08,1.2820512656147274e-08,7.430776398527689e-10,9.197576077053937e-10,1
30,7,Suni Lee,34.0,0.08333333226495727,0.08333333226495727,0.008696083512436538,0.008369955884864874,0
30,7,Iman Shumpert,34.0,0.08333333226495727,0.08333333226495727,0.008406192082496083,0.008878264106092316,0
30,7,Cody Rigsby,36.0,0.10897435757725182,0.10897435757725182,0.0021761558922061357,0.002693575785440256,0
30,7,Melanie C,0.0,0.012820512656147275,0.012820512656147275,0.015584752746971365,0.015789532396389267,0
30,7,Jimmie Allen,38.0,0.12820512656147273,0.12820512656147273,0.006396012272900577,0.006766174398441403,0
30,7,Olivia Jade,42.0,0.16025640820184092,0.16025640820184092,0.005148466451617214,0.006372606216261828,0
30,7,JoJo Siwa,39.0,0.14743589554569364,0.14743589554569364,0.00444478699716893,0.006052395149992513,0
30,7,Christine Chiu,0.0,0.012820512656147275,0.012820512656147275,0.01411263029453286,0.016072166835283962,0
30,7,Kenya Moore,0.0,0.012820512656147275,0.012820512656147275,0.016506653727834233,0.015309038563889472,0
30,7,Amanda Kloots,34.0,0.08333333226495727,0.08333333226495727,0.00824327140554095,0.007924362967095313,0
30,8,Martin Kove,0.0,0.014285714081632657,0.014285714081632657,0.020805578500972737,0.02033622042868895,0
30,8,Brian Austin Green,0.0,0.014285714081632657,0.014285714081632657,0.020325936970878526,0.020460467897536635,0
30,8,Melora Hardin,42.0,0.15714285489795923,0.15714285489795923,0.01218366817062842,0.009244642820596501,0
30,8,Matt James,0.0,0.014285714081632657,0.014285714081632657,0.019275015992699526,0.0210716235513249,0
30,8,"Mike ""The Miz"" Mizanin",0.0,0.014285714081632657,0.014285714081632657,0.019587750951561348,0.01952196848557441,0
30,8,Suni Lee,42.0,0.15714285489795923,0.15714285489795923,0.009405497465104648,0.010763154810466333,0
30,8,Iman Shumpert,35.0,0.08571428448979594,0.08571428448979594,0.0027342164638547045,0.0016915531380700514,0
30,8,Cody Rigsby,38.0,0.11428571265306126,0.11428571265306126,0.003585523364583043,0.0029795815931987595,0
30,8,Melanie C,0.0,0.014285714081632657,0.014285714081632657,0.01803162368782868,0.018926866605562875,0
30,8,Jimmie Allen,32.0,1.4285714081632656e-08,1.4285714081632656e-08,1.1951744833175495e-09,9.931938880470604e-10,1
30,8,Olivia Jade,36.0,0.09999999857142859,0.09999999857142859,0.0035158375444823576,0.0025136326025320594,0
30,8,JoJo Siwa,41.0,0.1285714267346939,0.1285714267346939,0.0046776288230530715,0.005151279650292233,0
30,8,Christine Chiu,0.0,0.014285714081632657,0.014285714081632657,0.01839739565858925,0.018935869407681976,0
30,8,Kenya Moore,0.0,0.014285714081632657,0.014285714081632657,0.019465999399473227,0.015902460380111137,0
30,8,Amanda Kloots,42.0,0.15714285489795923,0.15714285489795923,0.011776887710225089,0.011474169867179218,0
30,9,Martin Kove,0.0,0.01886792417230332,0.01886792417230332,0.027397637705786255,0.0266512210297571,0
30,9,Brian Austin Green,0.0,0.01886792417230332,0.01886792417230332,0.029663621029219236,0.02976643759228125,0
30,9,Melora Hardin,36.0,1.8867924172303316e-08,1.8867924172303316e-08,1.9468877587944166e-09,1.6385881467969233e-09,1
30,9,Matt James,0.0,0.01886792417230332,0.01886792417230332,0.02921036473147825,0.026391158906823836,0
30,9,"Mike ""The Miz"" Mizanin",0.0,0.01886792417230332,0.01886792417230332,0.025446519744163586,0.025853733291327063,0
30,9,Suni Lee,37.5,0.1603773554645782,0.1603773554645782,0.01240316334477507,0.010010802691885617,0
30,9,Iman Shumpert,37.5,0.1603773554645782,0.1603773554645782,0.00956186891374354,0.00940464018805618,0
30,9,Cody Rigsby,35.5,0.11320754503381991,0.11320754503381991,0.006001699846051081,0.005458913498016713,0
30,9,Melanie C,0.0,0.01886792417230332,0.01886792417230332,0.029268838514848298,0.025089270915840452,0
30,9,Jimmie Allen,0.0,0.01886792417230332,0.01886792417230332,0.026251168074230447,0.029976911993913856,0
30,9,Olivia Jade,0.0,0.01886792417230332,0.01886792417230332,0.028463247233147644,0.028217625395782504,0
30,9,JoJo Siwa,40.0,0.2075471658953365,0.2075471658953365,0.014928174275162989,0.012124339954138539,0
30,9,Christine Chiu,0.0,0.01886792417230332,0.01886792417230332,0.027311774022160614,0.029528195253048648,0
30,9,Kenya Moore,0.0,0.01886792417230332,0.01886792417230332,0.02726595922116173,0.02904731325418208,0
30,9,Amanda Kloots,39.5,0.1886792417230332,0.1886792417230332,0.013161865511531243,0.012090458720164177,0
30,10,Martin Kove,0.0,2.2727272210743815e-08,2.2727272210743815e-08,1.74723078805394e-09,1.8367986269339134e-09,1
30,10,Brian Austin Green,0.0,0.022727272210743815,0.022727272210743815,0.03632525194436108,0.03773324765589104,0
30,10,Melora Hardin,0.0,0.022727272210743815,0.022727272210743815,0.03569265507815915,0.035848990868768055,0
30,10,Matt James,0.0,0.022727272210743815,0.022727272210743815,0.03750183733424195,0.03498302171756815,0
30,10,"Mike ""The Miz"" Mizanin",0.0,0.022727272210743815,0.022727272210743815,0.034289967144811105,0.03475717203034255,0
30,10,Suni Lee,0.0,0.022727272210743815,0.022727272210743815,0.03011099704723075,0.038440017438028634,0
30,10,Iman Shumpert,40.0,0.21590908600206624,0.21590908600206624,0.01402118630201639,0.014109557494068892,0
30,10,Cody Rigsby,38.0,0.1590909054752067,0.1590909054752067,0.009270075576244404,0.008346010394810475,0
30,10,Melanie C,0.0,0.022727272210743815,0.022727272210743815,0.037073507402311176,0.03446510577835905,0
30,10,Jimmie Allen,0.0,0.022727272210743815,0.022727272210743815,0.03718073039128112,0.0373041004976359,0
30,10,Olivia Jade,0.0,0.022727272210743815,0.022727272210743815,0.03374754455759521,0.034576024683602526,0
30,10,JoJo Siwa,40.0,0.21590908600206624,0.21590908600206624,0.014540437118089767,0.015241461434962971,0
30,10,Christine Chiu,0.0,0.022727272210743815,0.022727272210743815,0.03448284600416515,0.032097319221638554,0
30,10,Kenya Moore,0.0,0.022727272210743815,0.022727272210743815,0.037632336598428066,0.037373726050368664,0
30,10,Amanda Kloots,39.0,0.18181817768595052,0.18181817768595052,0.009390403149070461,0.01033989799518016,0
31,1,Jason Lewis,18.0,7.462686511472489e-09,7.462686511472489e-09,1.6543612251060553e-24,1.6543612251060553e-24,1
31,1,Cheryl Ladd,21.0,0.04850746232457118,0.04850746232457118,0.0036832724140809705,0.0037313432557362428,0
31,1,Selma Blair,28.0,0.09701492464914235,0.09701492464914235,0.005465621876704477,0.00621870641806925,0
31,1,Joseph Baena,23.0,0.05970149209177991,0.05970149209177991,1.3877787807814457e-17,1.3877787807814457e-17,0
31,1,Trevor Donovan,21.0,0.04850746232457118,0.04850746232457118,0.0036832724140809696,0.0037313432557362428,0
31,1,Daniel Durant,27.0,0.08208955162619738,0.08208955162619738,2.7755575615628914e-17,2.7755575615628914e-17,0
31,1,Wayne Brady,29.0,0.11194029767208734,0.11194029767208734,0.0,0.0,0
31,1,Sam Champion,20.0,0.029850746045889956,0.029850746045889956,0.0059402234607841215,0.006146644814420262,0
31,1,Jessie James Decker,20.0,0.029850746045889956,0.029850746045889956,0.005496105224513235,0.0057496597434378285,0
31,1,Jordin Sparks,26.0,0.07462686511472488,0.07462686511472488,0.0,0.0,0
31,1,Heidi D'Amelio,24.0,0.0671641786032524,0.0671641786032524,0.0,0.0,0
31,1,Charli D'Amelio,32.0,0.11940298418355982,0.11940298418355982,2.7755575615628914e-17,2.7755575615628914e-17,0
31,1,Teresa Giudice,20.0,0.029850746045889956,0.029850746045889956,0.006051682024304847,0.006325259684264357,0
31,1,Vinny Guadagnino,17.0,0.007462686511472489,0.007462686511472489,1.734723475976807e-18,1.734723475976807e-18,0
31,1,Shangela,28.0,0.09701492464914235,0.09701492464914235,0.006334058213603427,0.006277534533693946,0
31,1,Gabby Windey,28.0,0.09701492464914235,0.09701492464914235,0.0063040931117434446,0.005481900756764009,0
31,2,Jason Lewis,0.0,0.007518796935948895,0.007518796935948895,1.734723475976807e-18,1.734723475976807e-18,0
31,2,Cheryl Ladd,21.0,0.01503759387189779,0.01503759387189779,3.469446951953614e-18,3.469446951953614e-18,0
31,2,Selma Blair,28.0,0.07518796935948896,0.07518796935948896,0.0065547352041609,0.006466165364916051,0
31,2,Joseph Baena,24.0,0.03007518774379558,0.03007518774379558,6.938893903907228e-18,6.938893903907228e-18,0
31,2,Trevor Donovan,30.0,0.09774436016733563,0.09774436016733563,0.0,0.0,0
31,2,Daniel Durant,29.0,0.09022556323138674,0.09022556323138674,1.3877787807814457e-17,1.3877787807814457e-17,0
31,2,Wayne Brady,32.0,0.11278195403923343,0.11278195403923343,0.006170912593807632,0.006106448226040827,0
31,2,Sam Champion,26.0,0.04511278161569337,0.04511278161569337,6.938893903907228e-18,6.938893903907228e-18,0
31,2,Jessie James Decker,25.0,0.03759398467974448,0.03759398467974448,0.0,0.0,0
31,2,Jordin Sparks,27.0,0.05639097701961671,0.05639097701961671,0.0036495221077514424,0.003756389745229189,0
31,2,Heidi D'Amelio,28.0,0.07518796935948896,0.07518796935948896,0.005918396543216395,0.0053568460140257824,0
31,2,Charli D'Amelio,32.0,0.11278195403923343,0.11278195403923343,0.005918396543216396,0.005594308300114457,0
31,2,Teresa Giudice,23.0,7.518796935948895e-09,7.518796935948895e-09,0.0,0.0,1
31,2,Vinny Guadagnino,27.0,0.05639097701961671,0.05639097701961671,0.003649522107751442,0.003756389745229189,0
31,2,Shangela,28.0,0.07518796935948896,0.07518796935948896,0.005918396543216395,0.006200158788897544,0
31,2,Gabby Windey,32.0,0.11278195403923343,0.11278195403923343,0.006274479966364832,0.0065977175348984575,0
31,3,Jason Lewis,0.0,0.008032128449541136,0.008032128449541136,0.0035383737979950663,0.0034695050980825017,0
31,3,Cheryl Ladd,24.0,8.032128449541137e-09,8.032128449541137e-09,2.0913543370899657e-10,1.8904997128452516e-10,1
31,3,Selma Blair,28.0,0.06024096337155853,0.06024096337155853,0.00016730836090955942,0.0001512399896309515,0
31,3,Joseph Baena,29.0,0.07228915604587023,0.07228915604587023,0.0038767743593254556,0.0038365245435380076,0
31,3,Trevor Donovan,27.0,0.05220883492201739,0.05220883492201739,0.0003764437946185579,0.00034028996091547834,0
31,3,Daniel Durant,31.0,0.09236947716972307,0.09236947716972307,0.000669233373926425,0.0006049598955071476,0
31,3,Wayne Brady,33.0,0.1164658625183465,0.1164658625183465,0.005827154841655517,0.006555633118594961,0
31,3,Sam Champion,25.0,0.036144578022935116,0.036144578022935116,0.0007947146620365485,0.0007183899034845265,0
31,3,Jessie James Decker,26.0,0.044176706472476256,0.044176706472476256,0.00058557922832755,0.0005293399321999995,0
31,3,Jordin Sparks,29.0,0.07228915604587023,0.07228915604587023,0.0038223746452151985,0.0037868101523305135,0
31,3,Heidi D'Amelio,32.0,0.10040160561926421,0.10040160561926421,0.0008783688076354203,0.0007940098667916716,0
31,3,Charli D'Amelio,33.0,0.1164658625183465,0.1164658625183465,0.006568090485526834,0.0064672704975457405,0
31,3,Teresa Giudice,0.0,0.008032128449541136,0.008032128449541136,0.003495314690930105,0.00368675592722279,0
31,3,Vinny Guadagnino,23.0,0.020080321123852843,0.020080321123852843,0.001212985529454539,0.0010964898460535746,0
31,3,Shangela,30.0,0.08433734872018193,0.08433734872018193,0.0004600979402174296,0.00041590992422262346,0
31,3,Gabby Windey,33.0,0.1164658625183465,0.1164658625183465,0.006458169310177077,0.005691881713235109,0
31,4,Jason Lewis,0.0,0.008547008473957193,0.008547008473957193,0.005944533185880357,0.006021903103849541,0
31,4,Cheryl Ladd,0.0,0.008547008473957193,0.008547008473957193,0.005767087072618031,0.00590772743768678,0
31,4,Selma Blair,32.0,0.08119658050259333,0.08119658050259333,0.003749292171699288,0.00397069562289012,0
31,4,Joseph Baena,28.0,0.038461538132807366,0.038461538132807366,0.004475999777379371,0.004909913879121473,0
31,4,Trevor Donovan,28.0,0.038461538132807366,0.038461538132807366,0.003838182801498009,0.0037633554724587903,0
31,4,Daniel Durant,29.0,0.055555555080721755,0.055555555080721755,0.004288921764235991,0.0037722798270662388,0
31,4,Wayne Brady,36.0,0.1196581186354007,0.1196581186354007,0.006693078598783684,0.00696283562807727,0
31,4,Sam Champion,25.0,8.547008473957193e-09,8.547008473957193e-09,2.8565632805707606e-10,3.136911682013894e-10,1
31,4,Jessie James Decker,31.0,0.06837606779165754,0.06837606779165754,5.713124656766187e-05,6.273821272753509e-05,0
31,4,Jordin Sparks,34.0,0.09829059745050772,0.09829059745050772,0.0041365571035413195,0.004146918577730742,0
31,4,Heidi D'Amelio,34.0,0.09829059745050772,0.09829059745050772,0.00395042811160694,0.0040353003143575325,0
31,4,Charli D'Amelio,36.0,0.1196581186354007,0.1196581186354007,0.005985622898833545,0.006307796299074796,0
31,4,Teresa Giudice,0.0,0.008547008473957193,0.008547008473957193,0.0064739622857313,0.0061007912353879725,0
31,4,Vinny Guadagnino,29.0,0.055555555080721755,0.055555555080721755,0.003780618481275094,0.003969608527516114,0
31,4,Shangela,32.0,0.08119658050259333,0.08119658050259333,0.00411590806520415,0.003946620620192465,0
31,4,Gabby Windey,36.0,0.1196581186354007,0.1196581186354007,0.007160755764063055,0.006383814338104411,0
31,5,Jason Lewis,0.0,0.00938967127333642,0.00938967127333642,0.009425164860342214,0.008875172931422062,0
31,5,Cheryl Ladd,0.0,0.00938967127333642,0.00938967127333642,0.007786577158951346,0.008532513694838872,0
31,5,Selma Blair,40.0,0.10798121964336883,0.10798121964336883,0.0024047550159094523,0.003173764037571724,0
31,5,Joseph Baena,35.0,9.38967127333642e-09,9.38967127333642e-09,4.802564873600742e-10,4.780009472107496e-10,1
31,5,Trevor Donovan,36.0,0.07511737018669136,0.07511737018669136,0.004885471592846016,0.005506823159141212,0
31,5,Daniel Durant,33.5,0.04225352073001389,0.04225352073001389,0.0012255358193968542,0.0013012852334305539,0
31,5,Wayne Brady,41.0,0.12206572655337346,0.12206572655337346,0.0053990769250081725,0.005323118044746363,0
31,5,Sam Champion,0.0,0.00938967127333642,0.00938967127333642,0.008178046687704527,0.009097641802226514,0
31,5,Jessie James Decker,36.0,0.07511737018669136,0.07511737018669136,0.00627838634196321,0.005000119616491412,0
31,5,Jordin Sparks,35.5,0.06103286327668673,0.06103286327668673,0.005561507528125709,0.005410157980010211,0
31,5,Heidi D'Amelio,39.0,0.09859154837003241,0.09859154837003241,0.0030428157195115752,0.0033680488398810894,0
31,5,Charli D'Amelio,42.0,0.1361502334633781,0.1361502334633781,0.004549666819731033,0.003778555852064397,0
31,5,Teresa Giudice,0.0,0.00938967127333642,0.00938967127333642,0.008837313799047562,0.008562769147873054,0
31,5,Vinny Guadagnino,31.0,0.03286384945667747,0.03286384945667747,0.0017024878200695781,0.0017739761995657793,0
31,5,Shangela,38.5,0.089201877096696,0.089201877096696,0.0027225252751221724,0.003974732018206596,0
31,5,Gabby Windey,41.0,0.12206572655337346,0.12206572655337346,0.00536694503528739,0.005991702003241581,0
31,6,Jason Lewis,0.0,0.011049723634809683,0.011049723634809683,0.012950268328807583,0.015031990425730888,0
31,6,Cheryl Ladd,0.0,0.011049723634809683,0.011049723634809683,0.013788063553892033,0.015097357891173013,0
31,6,Selma Blair,0.0,0.011049723634809683,0.011049723634809683,0.014590211194366785,0.01223140838731379,0
31,6,Joseph Baena,0.0,0.011049723634809683,0.011049723634809683,0.014627056718565914,0.012841941981621056,0
31,6,Trevor Donovan,34.0,0.08839778907847747,0.08839778907847747,0.011011515754740348,0.009211633681129722,0
31,6,Daniel Durant,34.0,0.08839778907847747,0.08839778907847747,0.009629806874366209,0.010311554306553894,0
31,6,Wayne Brady,34.0,0.08839778907847747,0.08839778907847747,0.010575794063079512,0.010271487374815855,0
31,6,Sam Champion,0.0,0.011049723634809683,0.011049723634809683,0.013420316794343256,0.015087574782145228,0
31,6,Jessie James Decker,32.0,1.1049723634809683e-08,1.1049723634809683e-08,8.100224416607321e-10,8.280278081659638e-10,1
31,6,Jordin Sparks,34.0,0.08839778907847747,0.08839778907847747,0.009635969863465856,0.010103006745360148,0
31,6,Heidi D'Amelio,36.0,0.12154695998290652,0.12154695998290652,0.0058483744907973844,0.007191793875768384,0
31,6,Charli D'Amelio,40.0,0.14917126906993072,0.14917126906993072,0.006048167510398641,0.006182607579104009,0
31,6,Teresa Giudice,0.0,0.011049723634809683,0.011049723634809683,0.013810654501659107,0.012413056505644803,0
31,6,Vinny Guadagnino,28.0,0.04972375635664358,0.04972375635664358,0.001242034464547951,0.0012696426943896635,0
31,6,Shangela,36.0,0.12154695998290652,0.12154695998290652,0.006579814502723484,0.005582524789556074,0
31,6,Gabby Windey,37.0,0.13812154543512106,0.13812154543512106,0.005302924911083456,0.004982256500917915,0
31,7,Jason Lewis,0.0,0.012195121802498515,0.012195121802498515,0.017435757144582193,0.01695349602007864,0
31,7,Cheryl Ladd,0.0,0.012195121802498515,0.012195121802498515,0.016054679473092363,0.016662857534739447,0
31,7,Selma Blair,0.0,0.012195121802498515,0.012195121802498515,0.016570344497556618,0.017829598052791416,0
31,7,Joseph Baena,0.0,0.012195121802498515,0.012195121802498515,0.01723951868911906,0.013961363839383156,0
31,7,Trevor Donovan,39.0,0.15243902253123143,0.15243902253123143,0.008048172445495222,0.008600929829027487,0
31,7,Daniel Durant,36.5,0.1158536571237359,0.1158536571237359,0.006208528127524446,0.00679816865273016,0
31,7,Wayne Brady,38.0,0.13414633982748367,0.13414633982748367,0.004791302660024862,0.005902867109670367,0
31,7,Sam Champion,0.0,0.012195121802498515,0.012195121802498515,0.017928985726825282,0.017092376130148603,0
31,7,Jessie James Decker,0.0,0.012195121802498515,0.012195121802498515,0.017312850457781994,0.016137945587434373,0
31,7,Jordin Sparks,34.5,1.2195121802498514e-08,1.2195121802498514e-08,8.502158587907051e-10,1.0174591425022776e-09,1
31,7,Heidi D'Amelio,35.0,0.08536585261748961,0.08536585261748961,0.006241883375562312,0.004811393486350231,0
31,7,Charli D'Amelio,39.0,0.15243902253123143,0.15243902253123143,0.007564330116982204,0.009018490788896598,0
31,7,Teresa Giudice,0.0,0.012195121802498515,0.012195121802498515,0.017027759377531614,0.017550232952253383,0
31,7,Vinny Guadagnino,31.5,0.060975609012492576,0.060975609012492576,0.00043339167962510336,0.0004952308731155567,0
31,7,Shangela,36.5,0.1158536571237359,0.1158536571237359,0.005822301546985859,0.006670781546408417,0
31,7,Gabby Windey,35.5,0.09756097441998812,0.09756097441998812,0.0063748081192632235,0.004995399321808402,0
31,8,Jason Lewis,0.0,0.013605441991762694,0.013605441991762694,0.019948054614319005,0.020201819769881127,0
31,8,Cheryl Ladd,0.0,0.013605441991762694,0.013605441991762694,0.020486292942417803,0.018054848425806076,0
31,8,Selma Blair,0.0,0.013605441991762694,0.013605441991762694,0.020225961525959235,0.02057241596153453,0
31,8,Joseph Baena,0.0,0.013605441991762694,0.013605441991762694,0.022413345578747905,0.02287299138267745,0
31,8,Trevor Donovan,39.0,0.10884353593410155,0.10884353593410155,0.007392937409519882,0.006145371309946218,0
31,8,Daniel Durant,39.0,0.10884353593410155,0.10884353593410155,0.005486133743687315,0.005967030626117441,0
31,8,Wayne Brady,45.0,0.16326530390115232,0.16326530390115232,0.007825213625494827,0.007053198691225827,0
31,8,Sam Champion,0.0,0.013605441991762694,0.013605441991762694,0.020802650895989976,0.0199122140362871,0
31,8,Jessie James Decker,0.0,0.013605441991762694,0.013605441991762694,0.019880240723961884,0.020286228272118522,0
31,8,Jordin Sparks,0.0,0.013605441991762694,0.013605441991762694,0.017545659913399115,0.021171842523394827,0
31,8,Heidi D'Amelio,35.0,1.3605441991762694e-08,1.3605441991762694e-08,1.0582442060508154e-09,8.191897675687409e-10,1
31,8,Charli D'Amelio,45.0,0.16326530390115232,0.16326530390115232,0.010145109712230921,0.008019417347944242,0
31,8,Teresa Giudice,0.0,0.013605441991762694,0.013605441991762694,0.020628855834998027,0.019835542994436302,0
31,8,Vinny Guadagnino,29.0,0.07482993095469483,0.07482993095469483,0.0006349464530808755,0.0004915138059285928,0
31,8,Shangela,42.0,0.1428571409135083,0.1428571409135083,0.005926167483334956,0.004587462643772299,0
31,8,Gabby Windey,40.0,0.1292516989217456,0.1292516989217456,0.005377017024731901,0.005929330338993058,0
31,9,Jason Lewis,0.0,0.017391304045368625,0.017391304045368625,0.030168245018458745,0.030224443058320918,0
31,9,Cheryl Ladd,0.0,0.017391304045368625,0.017391304045368625,0.02989158138996002,0.02812942717771742,0
31,9,Selma Blair,0.0,0.017391304045368625,0.017391304045368625,0.028884633820851918,0.03129253945275246,0
31,9,Joseph Baena,0.0,0.017391304045368625,0.017391304045368625,0.026604007994768357,0.027789394043981206,0
31,9,Trevor Donovan,32.5,1.7391304045368624e-08,1.7391304045368624e-08,1.1411469196021e-09,1.3666860178006426e-09,1
31,9,Daniel Durant,34.5,0.1304347803402647,0.1304347803402647,0.004184205295797904,0.00501118197415662,0
31,9,Wayne Brady,36.5,0.15652173640831762,0.15652173640831762,0.008400874951843289,0.009602066210381779,0
31,9,Sam Champion,0.0,0.017391304045368625,0.017391304045368625,0.02747984950346773,0.027139282430624388,0
31,9,Jessie James Decker,0.0,0.017391304045368625,0.017391304045368625,0.027333875662366586,0.024546128474196918,0
31,9,Jordin Sparks,0.0,0.017391304045368625,0.017391304045368625,0.0278479265730242,0.028219593653607614,0
31,9,Heidi D'Amelio,0.0,0.017391304045368625,0.017391304045368625,0.0264721672228743,0.02727208642990198,0
31,9,Charli D'Amelio,40.0,0.1913043444990549,0.1913043444990549,0.009445788474195605,0.01103388325682311,0
31,9,Teresa Giudice,0.0,0.017391304045368625,0.017391304045368625,0.02463370069049119,0.02643103315559445,0
31,9,Vinny Guadagnino,0.0,0.017391304045368625,0.017391304045368625,0.027724120848402433,0.025991396187299422,0
31,9,Shangela,36.5,0.15652173640831762,0.15652173640831762,0.007447323094032329,0.007945398074272912,0
31,9,Gabby Windey,40.0,0.1913043444990549,0.1913043444990549,0.010084967301053996,0.011043019485497657,0
31,10,Jason Lewis,0.0,2.1276595291987334e-08,2.1276595291987334e-08,1.6408921762849405e-09,1.688806056340567e-09,1
31,10,Cheryl Ladd,0.0,0.021276595291987336,0.021276595291987336,0.03294005330713709,0.03516093447155173,0
31,10,Selma Blair,0.0,0.021276595291987336,0.021276595291987336,0.032569951966792916,0.034863307186928726,0
31,10,Joseph Baena,0.0,0.021276595291987336,0.021276595291987336,0.03521336756265205,0.03744906979216015,0
31,10,Trevor Donovan,0.0,0.021276595291987336,0.021276595291987336,0.03673129112664862,0.035917819239700596,0
31,10,Daniel Durant,0.0,0.021276595291987336,0.021276595291987336,0.035510756439537675,0.034220441935839965,0
31,10,Wayne Brady,38.0,0.1702127623358987,0.1702127623358987,0.010207670568630428,0.010387920273422386,0
31,10,Sam Champion,0.0,0.021276595291987336,0.021276595291987336,0.03330543417113104,0.03616635089185049,0
31,10,Jessie James Decker,0.0,0.021276595291987336,0.021276595291987336,0.03607448791614993,0.034500832293021935,0
31,10,Jordin Sparks,0.0,0.021276595291987336,0.021276595291987336,0.03343823732704535,0.03737497252407074,0
31,10,Heidi D'Amelio,0.0,0.021276595291987336,0.021276595291987336,0.03508301911691751,0.033884085633107935,0
31,10,Charli D'Amelio,40.0,0.21276595291987335,0.21276595291987335,0.013724235073411516,0.012195467720564988,0
31,10,Teresa Giudice,0.0,0.021276595291987336,0.021276595291987336,0.03473486505674507,0.03372164157991929,0
31,10,Vinny Guadagnino,0.0,0.021276595291987336,0.021276595291987336,0.036974160736384015,0.030691924909459354,0
31,10,Shangela,38.0,0.1702127623358987,0.1702127623358987,0.00963943469516141,0.011214216892849675,0
31,10,Gabby Windey,40.0,0.21276595291987335,0.21276595291987335,0.011620933151216258,0.015138164242049584,0
32,1,Jamie Lynn Spears,15.0,0.04999999944444445,0.04999999944444445,0.004919814151087506,0.00498206242930563,0
32,1,Mira Sorvino,17.0,0.07777777691358026,0.07777777691358026,0.000615620295080331,0.0006280512346345089,0
32,1,Barry Williams,16.0,0.06666666592592593,0.06666666592592593,0.0005386677581952881,0.000549544830305194,0
32,1,Alyson Hannigan,13.0,0.03333333296296297,0.03333333296296297,0.0003078101475401655,0.00031402561731725445,0
32,1,Xochitl Gomez,18.0,0.09444444339506174,0.09444444339506174,0.004547714961278449,0.004776699453147385,0
32,1,Adrian Peterson,18.0,0.09444444339506174,0.09444444339506174,0.004479355752920201,0.004837672504532278,0
32,1,Matt Walsh,12.0,1.1111110987654323e-08,1.1111110987654323e-08,7.695253688504104e-11,7.850640432931318e-11,1
32,1,Tyson Beckford,12.0,0.011111110987654323,0.011111110987654323,0.007578973064840073,0.008118513203413126,0
32,1,Jason Mraz,21.0,0.1277777763580247,0.1277777763580247,0.004915309907733808,0.005069749586304545,0
32,1,Lele Pons,19.0,0.11111110987654323,0.11111110987654323,0.0008464779057354533,0.0008635704476224487,0
32,1,Harry Jowsey,12.0,0.011111110987654323,0.011111110987654323,0.007985249307367544,0.00711065419604515,0
32,1,Mauricio Umansky,15.0,0.04999999944444445,0.04999999944444445,0.004805400885519294,0.0047410935609320535,0
32,1,Charity Lawson,22.0,0.1444444428395062,0.1444444428395062,0.0010773355163905761,0.001099089660610388,0
32,1,Ariana Madix,21.0,0.1277777763580247,0.1277777763580247,0.004871582628567687,0.004810974739824956,0
32,2,Jamie Lynn Spears,16.0,1.0101009998979696e-08,1.0101009998979696e-08,0.0,0.0,1
32,2,Mira Sorvino,18.0,0.07575757499234773,0.07575757499234773,0.00503431744182593,0.005046462978034434,0
32,2,Barry Williams,15.0,0.04040403999591879,0.04040403999591879,0.00804030244085852,0.007826816336218225,0
32,2,Alyson Hannigan,19.0,0.09090908999081727,0.09090908999081727,1.3877787807814457e-17,1.3877787807814457e-17,0
32,2,Xochitl Gomez,24.0,0.13636363498622592,0.13636363498622592,0.004985439416006903,0.004985439416006902,0
32,2,Adrian Peterson,15.0,0.04040403999591879,0.04040403999591879,0.00804030244085852,0.008918682760273555,0
32,2,Matt Walsh,0.0,0.010101009998979697,0.010101009998979697,0.0,0.0,0
32,2,Tyson Beckford,18.0,0.07575757499234773,0.07575757499234773,0.00503431744182593,0.0050464629780344345,0
32,2,Jason Mraz,24.0,0.13636363498622592,0.13636363498622592,0.004985439416006902,0.004985439416006902,0
32,2,Lele Pons,21.0,0.11616161498826652,0.11616161498826652,0.005014009503289139,0.005034317441825931,0
32,2,Harry Jowsey,15.0,0.04040403999591879,0.04040403999591879,0.008417238967906538,0.007729747990491026,0
32,2,Mauricio Umansky,12.0,0.020202019997959394,0.020202019997959394,0.0,0.0,0
32,2,Charity Lawson,21.0,0.11616161498826652,0.11616161498826652,0.005014009503289139,0.00503431744182593,0
32,2,Ariana Madix,20.0,0.10101009998979697,0.10101009998979697,1.3877787807814457e-17,1.3877787807814457e-17,0
32,3,Jamie Lynn Spears,0.0,0.01047120407883556,0.01047120407883556,0.004792942252856814,0.004671291450328089,0
32,3,Mira Sorvino,26.0,0.08900523467010225,0.08900523467010225,0.0002822651861126236,0.00031894538614785865,0
32,3,Barry Williams,25.0,0.07853403059126669,0.07853403059126669,0.001375408495812015,4.252603305842242e-05,0
32,3,Alyson Hannigan,24.0,0.06282722447301335,0.06282722447301335,0.004732907183722236,0.005009712995299527,0
32,3,Xochitl Gomez,32.0,0.11518324486719116,0.11518324486719116,0.0051530438382704465,0.004953168780683788,0
32,3,Adrian Peterson,22.0,0.036649214275924456,0.036649214275924456,0.00094088403525204,0.001063151379299328,0
32,3,Matt Walsh,0.0,0.01047120407883556,0.01047120407883556,0.004680755737264225,0.0038573842257490195,0
32,3,Tyson Beckford,20.0,1.0471204078835559e-08,1.0471204078835559e-08,2.4462984427293284e-10,2.7641935308943755e-10,1
32,3,Jason Mraz,34.0,0.13612565302486226,0.13612565302486226,0.004866102572878214,0.005463270522707816,0
32,3,Lele Pons,27.0,0.09947643874893781,0.09947643874893781,0.0005268950303855604,0.0005953647392373006,0
32,3,Harry Jowsey,24.0,0.06282722447301335,0.06282722447301335,0.005149156257917208,0.0049725508845633185,0
32,3,Mauricio Umansky,23.0,0.04712041835476002,0.04712041835476002,0.0006962541909791057,0.000786732026209889,0
32,3,Charity Lawson,32.0,0.11518324486719116,0.11518324486719116,0.00484030434438208,0.005168478616315004,0
32,3,Ariana Madix,34.0,0.13612565302486226,0.13612565302486226,0.0051497170113060575,0.0049519921285194534,0
32,4,Jamie Lynn Spears,0.0,0.01190476176303855,0.01190476176303855,0.007818913612010099,0.008198013581360325,0
32,4,Mira Sorvino,21.0,0.08333333234126986,0.08333333234126986,0.008631797822247746,0.007854025051459703,0
32,4,Barry Williams,18.0,0.04166666617063493,0.04166666617063493,0.005527562297277276,0.005657295333768126,0
32,4,Alyson Hannigan,18.0,0.04166666617063493,0.04166666617063493,0.0055921932045477005,0.005645038443333747,0
32,4,Xochitl Gomez,27.0,0.15476190291950115,0.15476190291950115,0.0038444763496183368,0.004074423947525125,0
32,4,Adrian Peterson,21.0,1.1904761763038551e-08,1.1904761763038551e-08,5.685840122240972e-10,5.810800982565821e-10,1
32,4,Matt Walsh,0.0,0.01190476176303855,0.01190476176303855,0.008494364723853298,0.007651194524537888,0
32,4,Tyson Beckford,0.0,0.01190476176303855,0.01190476176303855,0.007757326557850354,0.008155198872996802,0
32,4,Jason Mraz,24.0,0.12499999851190478,0.12499999851190478,0.005439249332054206,0.006430946012939679,0
32,4,Lele Pons,22.0,0.10714285586734695,0.10714285586734695,0.001655796994935505,0.0018233849636831432,0
32,4,Harry Jowsey,21.0,0.08333333234126986,0.08333333234126986,0.008235331250021008,0.008296205314554933,0
32,4,Mauricio Umansky,19.0,0.05952380881519275,0.05952380881519275,0.0010239813966666585,0.0009238319794645658,0
32,4,Charity Lawson,24.0,0.12499999851190478,0.12499999851190478,0.006158276960270161,0.005571262210093654,0
32,4,Ariana Madix,25.0,0.1428571411564626,0.1428571411564626,0.003286419234869443,0.0035027016455589635,0
32,5,Jamie Lynn Spears,0.0,0.012738853340906327,0.012738853340906327,0.011671094914666821,0.010733955757626113,0
32,5,Mira Sorvino,22.0,1.2738853340906327e-08,1.2738853340906327e-08,6.334569625113717e-10,7.948069570090731e-10,1
32,5,Barry Williams,24.0,0.10191082672725062,0.10191082672725062,0.011291593468121343,0.01232780122292052,0
32,5,Alyson Hannigan,21.0,0.05732484003407847,0.05732484003407847,0.0009745492218218765,0.0012227799949991094,0
32,5,Xochitl Gomez,28.0,0.15286624009087593,0.15286624009087593,0.006241710636672464,0.007310887935440124,0
32,5,Adrian Peterson,0.0,0.012738853340906327,0.012738853340906327,0.011126117498440372,0.01116962371624895,0
32,5,Matt Walsh,0.0,0.012738853340906327,0.012738853340906327,0.011411053585702621,0.01189386729516969,0
32,5,Tyson Beckford,0.0,0.012738853340906327,0.012738853340906327,0.011906176243033004,0.011152115865776968,0
32,5,Jason Mraz,27.0,0.13375796007951643,0.13375796007951643,0.0028261925532463567,0.00354606174705533,0
32,5,Lele Pons,24.0,0.10191082672725062,0.10191082672725062,0.013694003693893224,0.01315618698611001,0
32,5,Harry Jowsey,18.0,0.044585986693172146,0.044585986693172146,0.0016080061843332474,0.0020175869520081815,0
32,5,Mauricio Umansky,24.0,0.10191082672725062,0.10191082672725062,0.012780135556988871,0.012072040248188228,0
32,5,Charity Lawson,28.0,0.15286624009087593,0.15286624009087593,0.007006565598991822,0.007029248124972047,0
32,5,Ariana Madix,24.0,0.10191082672725062,0.10191082672725062,0.011079273459532853,0.012190965332335981,0
32,6,Jamie Lynn Spears,0.0,0.014285714081632657,0.014285714081632657,0.01501826371878009,0.015141927357482748,0
32,6,Mira Sorvino,0.0,0.014285714081632657,0.014285714081632657,0.0151987760454451,0.013475531184603705,0
32,6,Barry Williams,32.0,0.08571428448979594,0.08571428448979594,0.0013339294712343506,0.0013143791679452494,0
32,6,Alyson Hannigan,31.0,0.07142857040816328,0.07142857040816328,0.00030961985518945014,0.0003302943753558455,0
32,6,Xochitl Gomez,42.0,0.17142856897959188,0.17142856897959188,0.005354116885867744,0.006339943540729295,0
32,6,Adrian Peterson,0.0,0.014285714081632657,0.014285714081632657,0.016048876231442688,0.015188453003167226,0
32,6,Matt Walsh,0.0,0.014285714081632657,0.014285714081632657,0.01488761978870142,0.015965163660184606,0
32,6,Tyson Beckford,0.0,0.014285714081632657,0.014285714081632657,0.015158564527875775,0.015612637794898033,0
32,6,Jason Mraz,39.0,0.14285714081632656,0.14285714081632656,0.004653193492959704,0.004349278502726975,0
32,6,Lele Pons,37.0,0.11428571265306126,0.11428571265306126,0.0026077914323398487,0.0024685736205041697,0
32,6,Harry Jowsey,29.0,0.05714285632653063,0.05714285632653063,0.0011012711249515936,0.0011968426961898656,0
32,6,Mauricio Umansky,33.0,1.4285714081632656e-08,1.4285714081632656e-08,8.061065888431927e-10,8.79792502219847e-10,1
32,6,Charity Lawson,38.0,0.1285714267346939,0.1285714267346939,0.004282920559994993,0.004230224709207758,0
32,6,Ariana Madix,41.0,0.15714285489795923,0.15714285489795923,0.004548207515866992,0.0054009180178885416,0
32,7,Jamie Lynn Spears,0.0,0.016528925346629333,0.016528925346629333,0.02036928060057822,0.019970627390577814,0
32,7,Mira Sorvino,0.0,0.016528925346629333,0.016528925346629333,0.018833611205338142,0.020435846896342053,0
32,7,Barry Williams,32.5,0.09090908940646134,0.09090908940646134,0.004091012658891207,0.004747787870356916,0
32,7,Alyson Hannigan,35.0,0.10743801475309067,0.10743801475309067,0.004168040180366693,0.0035867108921321103,0
32,7,Xochitl Gomez,37.0,0.18181817881292267,0.18181817881292267,0.01238299379356649,0.013526668012539607,0
32,7,Adrian Peterson,0.0,0.016528925346629333,0.016528925346629333,0.019335832199240024,0.018929435248902875,0
32,7,Matt Walsh,0.0,0.016528925346629333,0.016528925346629333,0.019511614688967064,0.02008559056269425,0
32,7,Tyson Beckford,0.0,0.016528925346629333,0.016528925346629333,0.01939052757514117,0.020173909893994313,0
32,7,Jason Mraz,36.0,0.13223140277303466,0.13223140277303466,0.011762220215166812,0.01148393939329816,0
32,7,Lele Pons,36.5,1.6528925346629332e-08,1.6528925346629332e-08,1.345777104883736e-09,1.1403756573670868e-09,1
32,7,Harry Jowsey,32.0,0.074380164059832,0.074380164059832,0.004035787172630351,0.004850376932908219,0
32,7,Mauricio Umansky,0.0,0.016528925346629333,0.016528925346629333,0.01970516750528749,0.018283823156453445,0
32,7,Charity Lawson,36.0,0.13223140277303466,0.13223140277303466,0.010066000826271107,0.012082723207232521,0
32,7,Ariana Madix,37.0,0.18181817881292267,0.18181817881292267,0.013831245753806133,0.011843774707205166,0
32,8,Jamie Lynn Spears,0.0,0.017857142538265314,0.017857142538265314,0.02246801843708127,0.024226809863619327,0
32,8,Mira Sorvino,0.0,0.017857142538265314,0.017857142538265314,0.025284599098082994,0.02257267844907288,0
32,8,Barry Williams,35.0,1.7857142538265312e-08,1.7857142538265312e-08,1.5751111444520305e-09,1.413776893893864e-09,1
32,8,Alyson Hannigan,36.0,0.1428571403061225,0.1428571403061225,0.006098417727082929,0.004938783998275773,0
32,8,Xochitl Gomez,40.0,0.17857142538265314,0.17857142538265314,0.009563785344059075,0.008416283926028351,0
32,8,Adrian Peterson,0.0,0.017857142538265314,0.017857142538265314,0.023034276649894322,0.02516160556634312,0
32,8,Matt Walsh,0.0,0.017857142538265314,0.017857142538265314,0.02253551998163601,0.021849420083924084,0
32,8,Tyson Beckford,0.0,0.017857142538265314,0.017857142538265314,0.024331971251065152,0.020838112327558302,0
32,8,Jason Mraz,33.0,0.10714285522959188,0.10714285522959188,0.00266299940450745,0.0024561634681700634,0
32,8,Lele Pons,0.0,0.017857142538265314,0.017857142538265314,0.023392592458198084,0.02395911602587769,0
32,8,Harry Jowsey,28.0,0.08928571269132657,0.08928571269132657,0.0010926766365019207,0.0010499035392028803,0
32,8,Mauricio Umansky,0.0,0.017857142538265314,0.017857142538265314,0.021060800849343496,0.024856736047803522,0
32,8,Charity Lawson,39.0,0.16071428284438782,0.16071428284438782,0.008221364856017993,0.0067762458118430695,0
32,8,Ariana Madix,42.0,0.19642856792091845,0.19642856792091845,0.010536077891320186,0.00952091906579039,0
32,9,Jamie Lynn Spears,0.0,0.01980197980590139,0.01980197980590139,0.027148526713047835,0.02677151297287783,0
32,9,Mira Sorvino,0.0,0.01980197980590139,0.01980197980590139,0.026768390435895788,0.0281983639774948,0
32,9,Barry Williams,0.0,0.01980197980590139,0.01980197980590139,0.02872785955553475,0.024386421824011083,0
32,9,Alyson Hannigan,32.0,0.12871286873835905,0.12871286873835905,0.004146102209174909,0.004232139274168095,0
32,9,Xochitl Gomez,41.0,0.18811880815606322,0.18811880815606322,0.008901925471340937,0.009086652113787765,0
32,9,Adrian Peterson,0.0,0.01980197980590139,0.01980197980590139,0.026547984957615175,0.026653809793016313,0
32,9,Matt Walsh,0.0,0.01980197980590139,0.01980197980590139,0.02914983562700324,0.02909738888562468,0
32,9,Tyson Beckford,0.0,0.01980197980590139,0.01980197980590139,0.02780266669941425,0.027947312732775748,0
32,9,Jason Mraz,43.0,0.20792078796196461,0.20792078796196461,0.010487199892062937,0.010704823060327644,0
32,9,Lele Pons,0.0,0.01980197980590139,0.01980197980590139,0.025895806409301825,0.025782597270042618,0
32,9,Harry Jowsey,30.0,1.980197980590139e-08,1.980197980590139e-08,1.5852744207220063e-09,1.6181709465398873e-09,1
32,9,Mauricio Umansky,0.0,0.01980197980590139,0.01980197980590139,0.028708973768963524,0.029884533116031033,0
32,9,Charity Lawson,38.0,0.16831682835016182,0.16831682835016182,0.007316651050618921,0.007818161556513867,0
32,9,Ariana Madix,37.0,0.14851484854426042,0.14851484854426042,0.0057313766298969174,0.005925593473072605,0
32,10,Jamie Lynn Spears,0.0,2.0833332899305566e-08,2.0833332899305566e-08,1.785031027844109e-09,1.5906499337751262e-09,1
32,10,Mira Sorvino,0.0,0.020833332899305567,0.020833332899305567,0.030885817655445534,0.03322366524573019,0
32,10,Barry Williams,0.0,0.020833332899305567,0.020833332899305567,0.031660000766290504,0.029326594027245953,0
32,10,Alyson Hannigan,25.5,0.1249999973958334,0.1249999973958334,0.005277934067924362,0.00474495215984216,0
32,10,Xochitl Gomez,30.0,0.20833332899305565,0.20833332899305565,0.012093867810812845,0.01266094823612938,0
32,10,Adrian Peterson,0.0,0.020833332899305567,0.020833332899305567,0.029419002093801366,0.03208736854455996,0
32,10,Matt Walsh,0.0,0.020833332899305567,0.020833332899305567,0.034602031523209155,0.02923120629384247,0
32,10,Tyson Beckford,0.0,0.020833332899305567,0.020833332899305567,0.032056323398150025,0.027211554490433977,0
32,10,Jason Mraz,28.5,0.14583333029513895,0.14583333029513895,0.00852604784292429,0.007767603162398166,0
32,10,Lele Pons,0.0,0.020833332899305567,0.020833332899305567,0.029824302662244145,0.03028220098214326,0
32,10,Harry Jowsey,0.0,0.020833332899305567,0.020833332899305567,0.029316403445554414,0.031058908705250583,0
32,10,Mauricio Umansky,0.0,0.020833332899305567,0.020833332899305567,0.02904535575837984,0.029166541376520822,0
32,10,Charity Lawson,29.5,0.1874999960937501,0.1874999960937501,0.01100700284468037,0.009475261799672792,0
32,10,Ariana Madix,29.0,0.16666666319444454,0.16666666319444454,0.01191886660317928,0.009026830784812279,0
32,11,Jamie Lynn Spears,0.0,2.0833332899305566e-08,2.0833332899305566e-08,1.7705862756546943e-09,1.5463993112827642e-09,1
32,11,Mira Sorvino,0.0,0.020833332899305567,0.020833332899305567,0.030603274895064786,0.029108155456029034,0
32,11,Barry Williams,0.0,0.020833332899305567,0.020833332899305567,0.030240920595132288,0.03211168547007163,0
32,11,Alyson Hannigan,26.5,0.1249999973958334,0.1249999973958334,0.004894852339047991,0.004688542254209644,0
32,11,Xochitl Gomez,30.0,0.19791666254340287,0.19791666254340287,0.013852863739259133,0.01390152980840975,0
32,11,Adrian Peterson,0.0,0.020833332899305567,0.020833332899305567,0.030504869506884462,0.03355416586621809,0
32,11,Matt Walsh,0.0,0.020833332899305567,0.020833332899305567,0.03144984960458384,0.027959443421956765,0
32,11,Tyson Beckford,0.0,0.020833332899305567,0.020833332899305567,0.03296787114328167,0.03367410695769415,0
32,11,Jason Mraz,30.0,0.19791666254340287,0.19791666254340287,0.015471499171317024,0.012529837712002768,0
32,11,Lele Pons,0.0,0.020833332899305567,0.020833332899305567,0.02920379372267801,0.029609634935808267,0
32,11,Harry Jowsey,0.0,0.020833332899305567,0.020833332899305567,0.028498461393057548,0.02902971391498943,0
32,11,Mauricio Umansky,0.0,0.020833332899305567,0.020833332899305567,0.028217477094176248,0.030503228433586327,0
32,11,Charity Lawson,29.5,0.15624999674479173,0.15624999674479173,0.01369506550483813,0.010945846869149504,0
32,11,Ariana Madix,29.5,0.15624999674479173,0.15624999674479173,0.01419559471308713,0.013323807442767559,0
33,1,Tori Spelling,17.0,0.03333333296296297,0.03333333296296297,6.938893903907228e-18,6.938893903907228e-18,0
33,1,Eric Roberts,15.0,1.1111110987654323e-08,1.1111110987654323e-08,1.6543612251060553e-24,1.6543612251060553e-24,1
33,1,Reginald VelJohnson,16.0,0.022222221975308647,0.022222221975308647,3.469446951953614e-18,3.469446951953614e-18,0
33,1,Chandler Kinney,23.0,0.1444444428395062,0.1444444428395062,0.0,0.0,0
33,1,Dwight Howard ,22.0,0.13333333185185187,0.13333333185185187,2.7755575615628914e-17,2.7755575615628914e-17,0
33,1,Danny Amendola,20.0,0.0999999988888889,0.0999999988888889,2.7755575615628914e-17,2.7755575615628914e-17,0
33,1,Stephen Nedoroscik,21.0,0.11666666537037039,0.11666666537037039,0.005483983352068216,0.005537749180414839,0
33,1,Ilona Maher,18.0,0.05555555493827161,0.05555555493827161,0.008435667860093603,0.009162456844011945,0
33,1,Anna Delvey,18.0,0.05555555493827161,0.05555555493827161,0.009417608828878607,0.009023973457176716,0
33,1,Brooks Nader,18.0,0.05555555493827161,0.05555555493827161,0.009229581967358059,0.009023973457176716,0
33,1,Phaedra Parks,19.0,0.08333333240740742,0.08333333240740742,0.005551109270230697,0.005443310479036948,0
33,1,Jenn Tran,19.0,0.08333333240740742,0.08333333240740742,0.005551109270230698,0.005443310479036949,0
33,1,Joey Graziadei,21.0,0.11666666537037039,0.11666666537037039,0.005483983352068216,0.005537749180414839,0
33,2,Tori Spelling,19.0,1.2422360094132172e-08,1.2422360094132172e-08,6.682705004529823e-11,6.124800306063624e-11,1
33,2,Eric Roberts,15.0,0.012422360094132173,0.012422360094132173,0.005466446874913857,0.005740779579586068,0
33,2,Reginald VelJohnson,15.0,0.012422360094132173,0.012422360094132173,0.005491437666461465,0.005696952424452101,0
33,2,Chandler Kinney,24.0,0.15527950117665215,0.15527950117665215,0.0008687516505888754,0.0007962240397882698,0
33,2,Dwight Howard ,22.0,0.13043478098838782,0.13043478098838782,0.009780193475438442,0.00892211396681393,0
33,2,Danny Amendola,21.0,0.0931677007059913,0.0931677007059913,0.009572890476431919,0.009825755062980338,0
33,2,Stephen Nedoroscik,22.0,0.13043478098838782,0.13043478098838782,0.00908451756003212,0.009485837142144685,0
33,2,Ilona Maher,21.0,0.0931677007059913,0.0931677007059913,0.008619013430186418,0.009288943139973107,0
33,2,Anna Delvey,17.0,0.031055900235330433,0.031055900235330433,0.0002004811501358922,0.00018374400918190644,0
33,2,Brooks Nader,20.0,0.06832298051772695,0.06832298051772695,0.0004009623002717844,0.0003674880183638129,0
33,2,Phaedra Parks,21.0,0.0931677007059913,0.0931677007059913,0.009296123084187383,0.009009907999724056,0
33,2,Jenn Tran,19.0,0.04968944037652869,0.04968944037652869,0.0054798181705414915,0.0050223363122201626,0
33,2,Joey Graziadei,22.0,0.13043478098838782,0.13043478098838782,0.009368685773776666,0.009754098311160057,0
33,3,Tori Spelling,0.0,0.012345678859929892,0.012345678859929892,0.005467647530900213,0.005454851391523778,0
33,3,Eric Roberts,23.0,1.2345678859929891e-08,1.2345678859929891e-08,3.2710723293909657e-10,3.4057044739380844e-10,1
33,3,Reginald VelJohnson,21.0,0.03086419714982473,0.03086419714982473,0.0013902057672500944,0.0014474244298045545,0
33,3,Chandler Kinney,34.5,0.14197530688919374,0.14197530688919374,0.003286220837260164,0.003362227745802575,0
33,3,Dwight Howard ,26.0,0.05555555486968451,0.05555555486968451,0.000735991301371901,0.0007662835350169372,0
33,3,Danny Amendola,30.0,0.09259259144947418,0.09259259144947418,0.0023935866021774005,0.0031999353306031205,0
33,3,Stephen Nedoroscik,31.0,0.12345678859929891,0.12345678859929891,0.006204742721719183,0.00690823046999866,0
33,3,Ilona Maher,28.0,0.07407407315957934,0.07407407315957934,0.0057912015614637,0.005860205917792464,0
33,3,Anna Delvey,0.0,0.012345678859929892,0.012345678859929892,0.005577692507546807,0.005536764611245293,0
33,3,Brooks Nader,30.5,0.10493827030940407,0.10493827030940407,0.004460873700362274,0.0062192001758919245,0
33,3,Phaedra Parks,28.0,0.07407407315957934,0.07407407315957934,0.005836165910503068,0.005786635485938524,0
33,3,Jenn Tran,31.0,0.12345678859929891,0.12345678859929891,0.007438756885505002,0.007620163953577418,0
33,3,Joey Graziadei,35.0,0.15432098574912365,0.15432098574912365,0.003857742608251112,0.003261095426205656,0
33,4,Tori Spelling,0.0,0.015384615147928998,0.015384615147928998,0.012925676009011278,0.014576931869751857,0
33,4,Eric Roberts,0.0,0.015384615147928998,0.015384615147928998,0.013473784400611208,0.012846189993927786,0
33,4,Reginald VelJohnson,0.0,0.015384615147928998,0.015384615147928998,0.014115480375360794,0.011504014416296763,0
33,4,Chandler Kinney,32.0,0.0999999984615385,0.0999999984615385,0.019291772146526165,0.018594623143198,0
33,4,Dwight Howard ,29.0,0.053846153017751495,0.053846153017751495,0.00259359944825121,0.0018462002826888687,0
33,4,Danny Amendola,36.0,0.16923076662721898,0.16923076662721898,0.008253599175900714,0.00834009797547614,0
33,4,Stephen Nedoroscik,33.0,0.1461538439053255,0.1461538439053255,0.004569342145822754,0.005489185877655441,0
33,4,Ilona Maher,32.0,0.0999999984615385,0.0999999984615385,0.018296915654840096,0.017836474978558194,0
33,4,Anna Delvey,0.0,0.015384615147928998,0.015384615147928998,0.01355769295207505,0.014697238364785667,0
33,4,Brooks Nader,32.0,1.5384615147929e-08,1.5384615147929e-08,1.0199446291164218e-09,9.012484517216115e-10,1
33,4,Phaedra Parks,32.0,0.0999999984615385,0.0999999984615385,0.01721410547872929,0.016423801239518424,0
33,4,Jenn Tran,32.0,0.0999999984615385,0.0999999984615385,0.01743415902811209,0.020443325556139313,0
33,4,Joey Graziadei,36.0,0.16923076662721898,0.16923076662721898,0.009039705483840279,0.009106074635922003,0
33,5,Tori Spelling,0.0,0.016666666388888893,0.016666666388888893,0.01666379013701435,0.018083414366462547,0
33,5,Eric Roberts,0.0,0.016666666388888893,0.016666666388888893,0.01844303209962955,0.017057990035209917,0
33,5,Reginald VelJohnson,0.0,0.016666666388888893,0.016666666388888893,0.016584346114309007,0.01764502305847817,0
33,5,Chandler Kinney,27.0,0.18333333027777785,0.18333333027777785,0.008227658407161862,0.006299330758656416,0
33,5,Dwight Howard ,24.0,0.08333333194444448,0.08333333194444448,0.010334730252748744,0.009400905998452494,0
33,5,Danny Amendola,25.5,0.1249999979166667,0.1249999979166667,0.010612815388857557,0.009074471428440081,0
33,5,Stephen Nedoroscik,24.0,0.08333333194444448,0.08333333194444448,0.010966615698576493,0.010004742844074108,0
33,5,Ilona Maher,26.0,0.1583333306944445,0.1583333306944445,0.012925570082373742,0.011675866471867231,0
33,5,Anna Delvey,0.0,0.016666666388888893,0.016666666388888893,0.01624751732338898,0.01735929869272806,0
33,5,Brooks Nader,0.0,0.016666666388888893,0.016666666388888893,0.01740265312116669,0.017238322161078408,0
33,5,Phaedra Parks,24.0,1.6666666388888892e-08,1.6666666388888892e-08,1.3372411790172504e-09,1.012189186245918e-09,1
33,5,Jenn Tran,25.5,0.1249999979166667,0.1249999979166667,0.010058325279974443,0.010165667303974906,0
33,5,Joey Graziadei,26.0,0.1583333306944445,0.1583333306944445,0.010680452862739977,0.010547715659079018,0
33,6,Tori Spelling,0.0,0.01980197980590139,0.01980197980590139,0.023381688005226473,0.02382043178977529,0
33,6,Eric Roberts,0.0,0.01980197980590139,0.01980197980590139,0.021609468510358307,0.020649288263931715,0
33,6,Reginald VelJohnson,0.0,0.01980197980590139,0.01980197980590139,0.025059536803403063,0.02053462561062511,0
33,6,Chandler Kinney,32.0,0.1980197980590139,0.1980197980590139,0.01211768088503826,0.016253810645280628,0
33,6,Dwight Howard ,31.0,0.15841583844721113,0.15841583844721113,0.00908435549674187,0.012281901725036001,0
33,6,Danny Amendola,28.0,0.11881187883540835,0.11881187883540835,0.007939357557241258,0.00714441821333698,0
33,6,Stephen Nedoroscik,28.0,0.11881187883540835,0.11881187883540835,0.007678026970273358,0.009620187496139397,0
33,6,Ilona Maher,24.0,0.08910890912655627,0.08910890912655627,0.0008101622860304973,0.0009113050691661852,0
33,6,Anna Delvey,0.0,0.01980197980590139,0.01980197980590139,0.022989352664301837,0.021624874323357603,0
33,6,Brooks Nader,0.0,0.01980197980590139,0.01980197980590139,0.022511788564488797,0.021107059879442086,0
33,6,Phaedra Parks,0.0,0.01980197980590139,0.01980197980590139,0.022310124412925954,0.02474696250361632,0
33,6,Jenn Tran,31.0,1.980197980590139e-08,1.980197980590139e-08,1.54069115140113e-09,2.1257883587635074e-09,1
33,6,Joey Graziadei,32.0,0.1980197980590139,0.1980197980590139,0.011147364270206704,0.013744754027615717,0
33,7,Tori Spelling,0.0,0.021276595291987336,0.021276595291987336,0.028000725197633275,0.02618171444033252,0
33,7,Eric Roberts,0.0,0.021276595291987336,0.021276595291987336,0.024775983932360027,0.026052870752697733,0
33,7,Reginald VelJohnson,0.0,0.021276595291987336,0.021276595291987336,0.025814252149838315,0.02755600985993356,0
33,7,Chandler Kinney,30.0,0.21276595291987335,0.21276595291987335,0.011807175623319144,0.01286048962082602,0
33,7,Dwight Howard ,24.0,2.1276595291987334e-08,2.1276595291987334e-08,1.9409056085032235e-09,2.1140531173145933e-09,1
33,7,Danny Amendola,25.5,0.12765957175192402,0.12765957175192402,0.0054654344834836575,0.005274613476679434,0
33,7,Stephen Nedoroscik,27.0,0.1702127623358987,0.1702127623358987,0.008740205811072554,0.013298477263086974,0
33,7,Ilona Maher,26.0,0.14893616704391135,0.14893616704391135,0.00794754826963823,0.00778510001241837,0
33,7,Anna Delvey,0.0,0.021276595291987336,0.021276595291987336,0.02662394646080057,0.027235307275666303,0
33,7,Brooks Nader,0.0,0.021276595291987336,0.021276595291987336,0.027278382767665414,0.024448125182877894,0
33,7,Phaedra Parks,0.0,0.021276595291987336,0.021276595291987336,0.028396818297915835,0.028389747436006113,0
33,7,Jenn Tran,0.0,0.021276595291987336,0.021276595291987336,0.027540103962781524,0.027812782938471795,0
33,7,Joey Graziadei,27.5,0.19148935762788602,0.19148935762788602,0.010532536664907399,0.009723766687137791,0
33,8,Tori Spelling,0.0,2.2471909607372818e-08,2.2471909607372818e-08,1.8189152697747285e-09,2.0414135731298867e-09,1
33,8,Eric Roberts,0.0,0.02247190960737282,0.02247190960737282,0.028088370326991016,0.029586533291762664,0
33,8,Reginald VelJohnson,0.0,0.02247190960737282,0.02247190960737282,0.028863604285003765,0.029422678555962662,0
33,8,Chandler Kinney,29.0,0.20224718646635537,0.20224718646635537,0.014070492784810533,0.014524386185887484,0
33,8,Dwight Howard ,0.0,0.02247190960737282,0.02247190960737282,0.03041608251957868,0.03042617303849035,0
33,8,Danny Amendola,27.0,0.14606741244792332,0.14606741244792332,0.007321809156799832,0.007102791056956732,0
33,8,Stephen Nedoroscik,26.5,0.1235955028405505,0.1235955028405505,0.005946920712605352,0.005330290500124733,0
33,8,Ilona Maher,28.5,0.16853932205529615,0.16853932205529615,0.00772497519068153,0.011186407634864799,0
33,8,Anna Delvey,0.0,0.02247190960737282,0.02247190960737282,0.031110067930125145,0.029963129774240975,0
33,8,Brooks Nader,0.0,0.02247190960737282,0.02247190960737282,0.03045699363452163,0.028245540565804726,0
33,8,Phaedra Parks,0.0,0.02247190960737282,0.02247190960737282,0.029871755234749213,0.030244244165956218,0
33,8,Jenn Tran,0.0,0.02247190960737282,0.02247190960737282,0.03281519918206709,0.03170928581681965,0
33,8,Joey Graziadei,29.0,0.20224718646635537,0.20224718646635537,0.015367563145541756,0.0142724623326075,0
33,9,Tori Spelling,0.0,2.2471909607372818e-08,2.2471909607372818e-08,2.201079610095732e-09,1.970358180234146e-09,1
33,9,Eric Roberts,0.0,0.02247190960737282,0.02247190960737282,0.028054176728062232,0.029564217919993797,0
33,9,Reginald VelJohnson,0.0,0.02247190960737282,0.02247190960737282,0.029866759352894286,0.030094572838282204,0
33,9,Chandler Kinney,30.0,0.21348314127004178,0.21348314127004178,0.015742312918390507,0.013661944448127657,0
33,9,Dwight Howard ,0.0,0.02247190960737282,0.02247190960737282,0.03278771693191461,0.02976982582804793,0
33,9,Danny Amendola,28.0,0.1235955028405505,0.1235955028405505,0.006460970713815346,0.007487696653624447,0
33,9,Stephen Nedoroscik,29.5,0.17977527685898256,0.17977527685898256,0.013375089110017892,0.012929404171332448,0
33,9,Ilona Maher,28.5,0.14606741244792332,0.14606741244792332,0.008478414640918929,0.008777838142580725,0
33,9,Anna Delvey,0.0,0.02247190960737282,0.02247190960737282,0.029013172170938555,0.033129573032749986,0
33,9,Brooks Nader,0.0,0.02247190960737282,0.02247190960737282,0.030424089424518887,0.030947975469784828,0
33,9,Phaedra Parks,0.0,0.02247190960737282,0.02247190960737282,0.027122249409043765,0.025409188221859672,0
33,9,Jenn Tran,0.0,0.02247190960737282,0.02247190960737282,0.030099789498942858,0.03209443833999251,0
33,9,Joey Graziadei,29.5,0.17977527685898256,0.17977527685898256,0.013728562742174915,0.015711239175749542,0
34,1,Corey Feldman,9.0,0.011764705743944639,0.011764705743944639,0.005445118038146453,0.00547618202123926,0
34,1,Danielle Fishel,12.0,0.08823529307958479,0.08823529307958479,0.008293079833582571,0.008698121040195907,0
34,1,Elaine Hendrix,12.0,0.08823529307958479,0.08823529307958479,0.008362057062557132,0.008952250036892291,0
34,1,Baron Davis,10.0,0.047058822975778555,0.047058822975778555,0.010458784055566153,0.011454849373041512,0
34,1,Jordan Chiles,10.0,0.047058822975778555,0.047058822975778555,0.01299032473662173,0.010288214152001368,0
34,1,Andy Richter,9.0,0.011764705743944639,0.011764705743944639,0.005488093687220067,0.005461869404269214,0
34,1,Robert Irwin,15.0,0.1529411746712803,0.1529411746712803,0.004654656851147122,0.00462472305608626,0
34,1,Hilaria Baldwin,14.0,0.13529411605536334,0.13529411605536334,0.0007161010448418438,0.0007114958456607522,0
34,1,Lauren Jauregui,13.0,0.11764705743944638,0.11764705743944638,0.005540236824437603,0.005477143305273395,0
34,1,Scott Hoying,10.0,0.047058822975778555,0.047058822975778555,0.012694660503802123,0.0139176868667873,0
34,1,Alix Earle,13.0,0.11764705743944638,0.11764705743944638,0.005384505629592918,0.005521252789545792,0
34,1,Jen Affleck,12.0,0.08823529307958479,0.08823529307958479,0.009548293757985899,0.009069930348911343,0
34,1,Whitney Leavitt,15.0,1.1764705743944639e-08,1.1764705743944639e-08,5.967508707015451e-11,5.929132047173022e-11,1
34,1,Dylan Efron,10.0,0.047058822975778555,0.047058822975778555,0.012578498051863724,0.012581704197017256,0
34,2,Corey Feldman,15.0,9.615384522928995e-09,9.615384522928995e-09,1.6543612251060553e-24,1.6543612251060553e-24,1
34,2,Danielle Fishel,19.0,0.048076922614644975,0.048076922614644975,6.938893903907228e-18,6.938893903907228e-18,0
34,2,Elaine Hendrix,21.0,0.08173076844489646,0.08173076844489646,0.010639673892790101,0.009769912056735875,0
34,2,Baron Davis,18.0,0.03365384583025148,0.03365384583025148,0.004667177301089293,0.0048038445679618,0
34,2,Jordan Chiles,22.0,0.12019230653661243,0.12019230653661243,0.010893853001611829,0.010192307594304733,0
34,2,Andy Richter,16.0,0.01923076904585799,0.01923076904585799,0.0,0.0,0
34,2,Robert Irwin,22.0,0.12019230653661243,0.12019230653661243,0.010393514605348248,0.010141382112821484,0
34,2,Hilaria Baldwin,21.0,0.08173076844489646,0.08173076844489646,0.010336426554747199,0.010920977483068053,0
34,2,Lauren Jauregui,21.0,0.08173076844489646,0.08173076844489646,0.01106228990768541,0.010384615284763315,0
34,2,Scott Hoying,18.0,0.03365384583025148,0.03365384583025148,0.004667177301089292,0.0048038445679618,0
34,2,Alix Earle,21.0,0.08173076844489646,0.08173076844489646,0.010688225459990338,0.011416016874581247,0
34,2,Jen Affleck,22.0,0.12019230653661243,0.12019230653661243,0.01078295818006862,0.010914202682488596,0
34,2,Whitney Leavitt,22.0,0.12019230653661243,0.12019230653661243,0.010734835079051862,0.011359184064332735,0
34,2,Dylan Efron,20.0,0.05769230713757397,0.05769230713757397,6.938893903907228e-18,6.938893903907228e-18,0
34,3,Corey Feldman,0.0,0.01052631567867036,0.01052631567867036,0.004401876390329486,0.004835032843065179,0
34,3,Danielle Fishel,21.0,0.06315789407202217,0.06315789407202217,0.004749834672616698,0.004936471382570123,0
34,3,Elaine Hendrix,21.0,0.06315789407202217,0.06315789407202217,0.004770794920581593,0.0048432498852473025,0
34,3,Baron Davis,0.0,0.01052631567867036,0.01052631567867036,0.0041764920838194474,0.004737867370514786,0
34,3,Jordan Chiles,24.0,0.1368421038227147,0.1368421038227147,0.005073877366540812,0.005317305497534282,0
34,3,Andy Richter,18.0,0.031578947036011086,0.031578947036011086,0.005091427320599375,0.004835268558351849,0
34,3,Robert Irwin,22.0,0.08947368326869808,0.08947368326869808,0.008324508556936906,0.008347209970563964,0
34,3,Hilaria Baldwin,22.0,0.08947368326869808,0.08947368326869808,0.00809180247094335,0.00773037813726009,0
34,3,Lauren Jauregui,18.0,1.0526315678670361e-08,1.0526315678670361e-08,3.4135765848733183e-10,2.3967114991284816e-10,1
34,3,Scott Hoying,22.0,0.08947368326869808,0.08947368326869808,0.008451134042578305,0.008015672231425117,0
34,3,Alix Earle,23.0,0.11578947246537398,0.11578947246537398,0.005744419283627209,0.005163188991662166,0
34,3,Jen Affleck,19.0,0.047368420554016626,0.047368420554016626,0.0009440455775037823,0.000693760026811851,0
34,3,Whitney Leavitt,24.0,0.1368421038227147,0.1368421038227147,0.005803469472309396,0.005058184029067555,0
34,3,Dylan Efron,23.0,0.11578947246537398,0.11578947246537398,0.004739114511194586,0.004957094785758542,0
34,4,Corey Feldman,0.0,0.01204819262592539,0.01204819262592539,0.007501034310719665,0.008396767302637808,0
34,4,Danielle Fishel,21.0,0.05421686681666426,0.05421686681666426,0.005703168511467856,0.005664197697430001,0
34,4,Elaine Hendrix,24.0,0.1325301188851793,0.1325301188851793,0.009468987596139984,0.009289919622499318,0
34,4,Baron Davis,0.0,0.01204819262592539,0.01204819262592539,0.008109446988464096,0.00833510972961841,0
34,4,Jordan Chiles,24.0,0.1325301188851793,0.1325301188851793,0.00951037596597105,0.009197910005549738,0
34,4,Andy Richter,18.0,0.03614457787777617,0.03614457787777617,0.0016993484155276408,0.002249496382940495,0
34,4,Robert Irwin,22.0,0.07228915575555234,0.07228915575555234,0.0006244119307651785,0.0006979866610275217,0
34,4,Hilaria Baldwin,23.0,1.204819262592539e-08,1.204819262592539e-08,5.239919666663042e-10,6.494486680916571e-10,1
34,4,Lauren Jauregui,0.0,0.01204819262592539,0.01204819262592539,0.009013241526699488,0.00805537439609705,0
34,4,Scott Hoying,21.0,0.05421686681666426,0.05421686681666426,0.005183897932481891,0.005554463626607156,0
34,4,Alix Earle,24.0,0.1325301188851793,0.1325301188851793,0.00881972146540023,0.009706325719320952,0
34,4,Jen Affleck,23.0,0.09638554100740312,0.09638554100740312,0.008688935341555215,0.008440640899329178,0
34,4,Whitney Leavitt,25.0,0.15662650413703008,0.15662650413703008,0.003712303838534649,0.0043979073119592,0
34,4,Dylan Efron,23.0,0.09638554100740312,0.09638554100740312,0.00861151688292799,0.008871816461740588,0
34,5,Corey Feldman,0.0,1.204819262592539e-08,1.204819262592539e-08,6.679917322624242e-10,6.37875965051339e-10,1
34,5,Danielle Fishel,29.0,0.06024096312962695,0.06024096312962695,0.0052629893729059145,0.005237008432250775,0
34,5,Elaine Hendrix,30.0,0.08433734838147773,0.08433734838147773,0.00530472596254109,0.005319610585724443,0
34,5,Baron Davis,0.0,0.01204819262592539,0.01204819262592539,0.010263599671707516,0.01113819629453333,0
34,5,Jordan Chiles,32.0,0.10240963732036582,0.10240963732036582,0.0017668647467498897,0.002454998255443393,0
34,5,Andy Richter,24.0,0.042168674190738865,0.042168674190738865,0.0019268089683761663,0.0017655053679319532,0
34,5,Robert Irwin,35.0,0.1325301188851793,0.1325301188851793,0.005971893314266794,0.006322902722029274,0
34,5,Hilaria Baldwin,0.0,0.01204819262592539,0.01204819262592539,0.011124611986061534,0.010995053829938433,0
34,5,Lauren Jauregui,0.0,0.01204819262592539,0.01204819262592539,0.011376841941332714,0.011037065908041387,0
34,5,Scott Hoying,30.0,0.08433734838147773,0.08433734838147773,0.005152497467064945,0.005216843812908971,0
34,5,Alix Earle,35.0,0.1325301188851793,0.1325301188851793,0.006868843602756034,0.006435220376097595,0
34,5,Jen Affleck,29.0,0.06024096312962695,0.06024096312962695,0.005073694058114745,0.005316073232557332,0
34,5,Whitney Leavitt,33.0,0.11445782994629121,0.11445782994629121,0.002383470663983893,0.002638252248494079,0
34,5,Dylan Efron,36.0,0.1506024078240674,0.1506024078240674,0.004400017236635479,0.0049139940666280395,0
34,6,Corey Feldman,0.0,0.012578616193979672,0.012578616193979672,0.012141551646271103,0.009374822451433696,0
34,6,Danielle Fishel,36.0,0.11949685384280688,0.11949685384280688,0.009250977287193837,0.009016039999385035,0
34,6,Elaine Hendrix,36.0,0.11949685384280688,0.11949685384280688,0.009777227493789474,0.009149215393689666,0
34,6,Baron Davis,0.0,0.012578616193979672,0.012578616193979672,0.010851451436469069,0.011523774182713284,0
34,6,Jordan Chiles,39.0,0.15094339432775605,0.15094339432775605,0.00752835009703848,0.0071210119206840845,0
34,6,Andy Richter,27.0,0.044025156678928846,0.044025156678928846,0.002166484834419171,0.0018972610364419262,0
34,6,Robert Irwin,36.0,0.11949685384280688,0.11949685384280688,0.009353489256660236,0.009874153848354513,0
34,6,Hilaria Baldwin,0.0,0.012578616193979672,0.012578616193979672,0.010311401069493664,0.01234803297145841,0
34,6,Lauren Jauregui,0.0,0.012578616193979672,0.012578616193979672,0.011020456459041265,0.010627139928682788,0
34,6,Scott Hoying,28.0,1.257861619397967e-08,1.257861619397967e-08,8.283618240908062e-10,7.254233161271095e-10,1
34,6,Alix Earle,35.0,0.09433962145484753,0.09433962145484753,0.001688245582449068,0.002838713105357003,0
34,6,Jen Affleck,32.0,0.07547169716387803,0.07547169716387803,0.0054991789804351345,0.0053996462779329615,0
34,6,Whitney Leavitt,39.0,0.15094339432775605,0.15094339432775605,0.007114595809173649,0.006253626840188395,0
34,6,Dylan Efron,32.0,0.07547169716387803,0.07547169716387803,0.005465406783516419,0.005374356969055187,0
34,7,Corey Feldman,0.0,0.014084506843880186,0.014084506843880186,0.014702097550584183,0.015230049576716892,0
34,7,Danielle Fishel,35.0,0.0985915479071613,0.0985915479071613,0.0015762058105159905,0.0013968381386911199,0
34,7,Elaine Hendrix,32.0,0.07042253421940092,0.07042253421940092,0.00047286184560818014,0.0004190515324018194,0
34,7,Baron Davis,0.0,0.014084506843880186,0.014084506843880186,0.015309237850228932,0.014267010496566687,0
34,7,Jordan Chiles,38.0,0.11971830817298158,0.11971830817298158,0.0066139628434656395,0.006170179907949418,0
34,7,Andy Richter,29.0,0.056338027375520745,0.056338027375520745,0.0014973956736702675,0.0013269963679482923,0
34,7,Robert Irwin,41.0,0.14084506843880185,0.14084506843880185,0.004649807294702249,0.004316892885712027,0
34,7,Hilaria Baldwin,0.0,0.014084506843880186,0.014084506843880186,0.01417699778738839,0.014077837240729535,0
34,7,Lauren Jauregui,0.0,0.014084506843880186,0.014084506843880186,0.015468424934962406,0.015939551790916915,0
34,7,Scott Hoying,0.0,0.014084506843880186,0.014084506843880186,0.014904796055255078,0.01539673002096176,0
34,7,Alix Earle,43.0,0.16901408212656224,0.16901408212656224,0.006698874950826429,0.006215892709506123,0
34,7,Jen Affleck,34.0,1.4084506843880184e-08,1.4084506843880184e-08,1.0245338280620863e-09,9.079448355464712e-10,1
34,7,Whitney Leavitt,42.0,0.15492957528268203,0.15492957528268203,0.005674341122764339,0.005893769365176587,0
34,7,Dylan Efron,38.0,0.11971830817298158,0.11971830817298158,0.006266873563087719,0.006483108407085289,0
34,8,Corey Feldman,0.0,0.015503875728622083,0.015503875728622083,0.019373461559787516,0.0186294012409709,0
34,8,Danielle Fishel,37.0,1.5503875728622083e-08,1.5503875728622083e-08,1.1182757156395651e-09,9.635886843035077e-10,1
34,8,Elaine Hendrix,37.5,0.10077519223604353,0.10077519223604353,0.010154969512666794,0.010723536548258385,0
34,8,Baron Davis,0.0,0.015503875728622083,0.015503875728622083,0.018506685459629725,0.018538950645862605,0
34,8,Jordan Chiles,39.0,0.16279069515053188,0.16279069515053188,0.010171171153370304,0.011529296201399872,0
34,8,Andy Richter,34.0,0.06976744077879937,0.06976744077879937,0.0006326241761953182,0.0005832773969549554,0
34,8,Robert Irwin,38.0,0.12403100582897666,0.12403100582897666,0.00988994692746357,0.014176739235442142,0
34,8,Hilaria Baldwin,0.0,0.015503875728622083,0.015503875728622083,0.018380242612482504,0.018429039592017776,0
34,8,Lauren Jauregui,0.0,0.015503875728622083,0.015503875728622083,0.01823475991148817,0.020396133658445652,0
34,8,Scott Hoying,0.0,0.015503875728622083,0.015503875728622083,0.01958388842720963,0.020137688794577044,0
34,8,Alix Earle,38.5,0.14728681942190977,0.14728681942190977,0.013455165077783665,0.012543386264509198,0
34,8,Jen Affleck,0.0,0.015503875728622083,0.015503875728622083,0.019114066795545632,0.01735441496328837,0
34,8,Whitney Leavitt,39.5,0.17829457087915396,0.17829457087915396,0.00899698764086871,0.00764505239531277,0
34,8,Dylan Efron,38.0,0.12403100582897666,0.12403100582897666,0.01244992090042782,0.010784569888987057,0
34,9,Corey Feldman,0.0,0.017241379013079674,0.017241379013079674,0.022943314702284466,0.022288356497040595,0
34,9,Danielle Fishel,0.0,0.017241379013079674,0.017241379013079674,0.02235462729170905,0.02385805108062019,0
34,9,Elaine Hendrix,36.0,0.10344827407847804,0.10344827407847804,0.002078102137430014,0.0023374405765682706,0
34,9,Baron Davis,0.0,0.017241379013079674,0.017241379013079674,0.023230708429569195,0.022829368600348558,0
34,9,Jordan Chiles,39.0,0.12068965309155771,0.12068965309155771,0.0034288685942978456,0.004532383926036284,0
34,9,Andy Richter,29.0,1.724137901307967e-08,1.724137901307967e-08,1.3507664568678314e-09,1.519336450736197e-09,1
34,9,Robert Irwin,42.0,0.17241379013079672,0.17241379013079672,0.011798230667922783,0.015034884442319176,0
34,9,Hilaria Baldwin,0.0,0.017241379013079674,0.017241379013079674,0.023141256445215606,0.022876103440450827,0
34,9,Lauren Jauregui,0.0,0.017241379013079674,0.017241379013079674,0.024284436038845572,0.02158594148499556,0
34,9,Scott Hoying,0.0,0.017241379013079674,0.017241379013079674,0.02296309858359604,0.022195649054539135,0
34,9,Alix Earle,40.0,0.1379310321046374,0.1379310321046374,0.004779635051165673,0.005505449888716008,0
34,9,Jen Affleck,0.0,0.017241379013079674,0.017241379013079674,0.020406680928796023,0.022649180131627603,0
34,9,Whitney Leavitt,42.0,0.17241379013079672,0.17241379013079672,0.012973607120820524,0.01238452216466682,0
34,9,Dylan Efron,42.0,0.17241379013079672,0.17241379013079672,0.013935525912219459,0.012023512335298941,0
34,10,Corey Feldman,0.0,0.021276595291987336,0.021276595291987336,0.02662106460736163,0.02885035566197061,0
34,10,Danielle Fishel,0.0,0.021276595291987336,0.021276595291987336,0.02856440632223433,0.030512797825085803,0
34,10,Elaine Hendrix,28.5,0.14893616704391135,0.14893616704391135,0.015084693569926333,0.013691118304461907,0
34,10,Baron Davis,0.0,0.021276595291987336,0.021276595291987336,0.029940180101636356,0.026863109202166887,0
34,10,Jordan Chiles,28.5,0.14893616704391135,0.14893616704391135,0.015394175986766118,0.012140952397911398,0
34,10,Andy Richter,0.0,0.021276595291987336,0.021276595291987336,0.027243608681792448,0.02954925855212346,0
34,10,Robert Irwin,29.5,0.22340425056586702,0.22340425056586702,0.01194939888499268,0.014720473711643655,0
34,10,Hilaria Baldwin,0.0,0.021276595291987336,0.021276595291987336,0.027741822204112924,0.028269412006832927,0
34,10,Lauren Jauregui,0.0,0.021276595291987336,0.021276595291987336,0.032455582511728205,0.02782574223684867,0
34,10,Scott Hoying,0.0,0.021276595291987336,0.021276595291987336,0.030367034694727187,0.03050100258588459,0
34,10,Alix Earle,29.0,0.19148935762788602,0.19148935762788602,0.014103981552110066,0.015497274042590678,0
34,10,Jen Affleck,0.0,0.021276595291987336,0.021276595291987336,0.027069972444549412,0.028509087153930055,0
34,10,Whitney Leavitt,29.0,2.1276595291987334e-08,2.1276595291987334e-08,1.7601303664293872e-09,1.8931695169535223e-09,1
34,10,Dylan Efron,27.5,0.11702127410593034,0.11702127410593034,0.004364664048597547,0.004681228336549853,0
34,11,Corey Feldman,0.0,2.0833332899305566e-08,2.0833332899305566e-08,2.1080077724471707e-09,1.7891687874980253e-09,1
34,11,Danielle Fishel,0.0,0.020833332899305567,0.020833332899305567,0.028740922798861264,0.028948244236545097,0
34,11,Elaine Hendrix,28.9998,0.1249999973958334,0.1249999973958334,0.007510401905397156,0.013487817252260227,0
34,11,Baron Davis,0.0,0.020833332899305567,0.020833332899305567,0.029226005313204347,0.030231636161023395,0
34,11,Jordan Chiles,29.666600000000003,0.17708332964409731,0.17708332964409731,0.016366728536391973,0.016305628716649236,0
34,11,Andy Richter,0.0,0.020833332899305567,0.020833332899305567,0.03002216940081925,0.031971919960836925,0
34,11,Robert Irwin,29.666600000000003,0.17708332964409731,0.17708332964409731,0.016137878303643913,0.014710290286591607,0
34,11,Hilaria Baldwin,0.0,0.020833332899305567,0.020833332899305567,0.03197711112065127,0.030289707918906512,0
34,11,Lauren Jauregui,0.0,0.020833332899305567,0.020833332899305567,0.030780923324118047,0.0284062259306267,0
34,11,Scott Hoying,0.0,0.020833332899305567,0.020833332899305567,0.032412752759409,0.03078116724621827,0
34,11,Alix Earle,30.0,0.20833332899305565,0.20833332899305565,0.015541659317419621,0.015285950728370424,0
34,11,Jen Affleck,0.0,0.020833332899305567,0.020833332899305567,0.03224619138514544,0.03036236153054405,0
34,11,Whitney Leavitt,0.0,0.020833332899305567,0.020833332899305567,0.02969382164756205,0.03106327982058852,0
34,11,Dylan Efron,29.3332,0.14583333029513895,0.14583333029513895,0.015513764577755641,0.015437388729159899,0
