season,week,celebrity_name,ballroom_partner,results,elimination_week,week_total_judge,composite_attractiveness,judge_rank,fan_rank,rank_sum,predicted_eliminated_rank,is_eliminated_this_week,judge_percent,fan_percent,combined_percent,predicted_eliminated_percent
1,2,Evander Holyfield,Edyta Sliwinska,Eliminated Week 3,3.0,14.0,0.4186255998110457,6,4,10,False,False,0.11570247933884298,0.0,0.11570247933884298,True
1,2,Joey McIntyre,Ashly DelGrosso,3rd Place,,21.0,0.8567830957524364,3,3,6,False,False,0.17355371900826447,0.19739279692178047,0.3709465159300449,False
1,2,John O'Hurley,Charlotte Jorgensen,2nd Place,,26.0,0.9621398343882076,1,1,2,False,False,0.21487603305785125,0.25119682829908213,0.4660728613569334,False
1,2,Kelly Monaco,Alec Mazo,1st Place,,17.0,0.4085363581966558,5,5,10,False,False,0.14049586776859505,0.16461897838690134,0.3051148461554964,False
1,2,Rachel Hunter,Jonathan Roberts,Eliminated Week 4,4.0,24.0,0.8633982939341924,2,2,4,False,False,0.19834710743801653,0.2062510588859157,0.4045981663239322,False
1,2,Trista Sutter,Louis van Amstel,Eliminated Week 2,2.0,19.0,0.07088338552367,4,6,10,True,True,0.15702479338842976,0.18054033750632031,0.33756513089475004,False
1,3,Evander Holyfield,Edyta Sliwinska,Eliminated Week 3,3.0,13.0,0.0314551331718223,5,5,10,True,True,0.12264150943396226,0.0,0.12264150943396226,True
1,3,Joey McIntyre,Ashly DelGrosso,3rd Place,,22.0,0.8496699853944807,3,2,5,False,False,0.20754716981132076,0.22617487189567786,0.43372204170699863,False
1,3,John O'Hurley,Charlotte Jorgensen,2nd Place,,24.0,0.9150056218345092,2,1,3,False,False,0.22641509433962265,0.30420646479006413,0.5306215591296868,False
1,3,Kelly Monaco,Alec Mazo,1st Place,,21.0,0.6989250521788635,4,4,8,False,False,0.19811320754716982,0.18070747278021254,0.37882068032738236,False
1,3,Rachel Hunter,Jonathan Roberts,Eliminated Week 4,4.0,26.0,0.8393220003113082,1,3,4,False,False,0.24528301886792453,0.2889111905340455,0.53419420940197,False
1,4,Joey McIntyre,Ashly DelGrosso,3rd Place,,20.0,0.7779454464593754,4,3,7,True,False,0.21739130434782608,0.0,0.21739130434782608,True
1,4,John O'Hurley,Charlotte Jorgensen,2nd Place,,21.0,0.8690671704908046,3,2,5,False,False,0.22826086956521738,0.30448336174600704,0.5327442313112244,False
1,4,Kelly Monaco,Alec Mazo,1st Place,,26.0,0.9105910617529636,1,1,2,False,False,0.2826086956521739,0.40216672505378404,0.684775420705958,False
1,4,Rachel Hunter,Jonathan Roberts,Eliminated Week 4,4.0,25.0,0.0875405905179603,2,4,6,False,True,0.2717391304347826,0.2933499132002088,0.5650890436349914,False
2,1,Drew Lachey,Cheryl Burke,1st Place,,24.0,0.917030063341886,1,1,2,False,False,0.12307692307692308,0.15960524159012718,0.28268216466705026,False
2,1,George Hamilton,Edyta Sliwinska,Eliminated Week 6,6.0,18.0,0.802787525207774,8,6,14,False,False,0.09230769230769231,0.0,0.09230769230769231,True
2,1,Giselle Fernandez,Jonathan Roberts,Eliminated Week 3,3.0,23.0,0.8675169754810019,2,3,5,False,False,0.11794871794871795,0.13869762390308316,0.25664634185180113,False
2,1,Jerry Rice,Anna Trebunskaya,2nd Place,,21.0,0.7503574441026488,5,8,13,False,False,0.1076923076923077,0.10325615630821251,0.2109484640005202,False
2,1,Kenny Mayne,Andrea Hale,Eliminated Week 1,1.0,13.0,0.0431814008090196,9,10,19,True,True,0.06666666666666667,0.07842056445002107,0.14508723111668775,False
2,1,Lisa Rinna,Louis van Amstel,Eliminated Week 7,7.0,19.0,0.7905439646488782,7,7,14,False,False,0.09743589743589744,0.09581497714145691,0.19325087457735435,False
2,1,Master P,Ashly DelGrosso,Eliminated Week 4,4.0,12.0,0.417918224431725,10,9,19,False,False,0.06153846153846154,0.04523393588903318,0.10677239742749473,False
2,1,Stacy Keibler,Tony Dovolani,3rd Place,,22.0,0.8614717877794176,4,4,8,False,False,0.11282051282051282,0.12841971211944167,0.2412402249399545,False
2,1,Tatum O'Neal,Nick Kosovich,Eliminated Week 2,2.0,23.0,0.8922888706177325,2,2,4,False,False,0.11794871794871795,0.13616472167633492,0.25411343962505284,False
2,1,Tia Carrere,Maksim Chmerkoskiy,Eliminated Week 5,5.0,20.0,0.831955661858078,6,5,11,False,False,0.10256410256410256,0.11438706692228931,0.21695116948639187,False
2,2,Drew Lachey,Cheryl Burke,1st Place,,27.0,0.903857706877158,2,2,4,False,False,0.135,0.16179709415179208,0.2967970941517921,False
2,2,George Hamilton,Edyta Sliwinska,Eliminated Week 6,6.0,22.0,0.7710461755335658,5,7,12,False,False,0.11,0.1115872869975924,0.2215872869975924,False
2,2,Giselle Fernandez,Jonathan Roberts,Eliminated Week 3,3.0,24.0,0.8821510705998932,3,3,6,False,False,0.12,0.1360690758302553,0.2560690758302553,False
2,2,Jerry Rice,Anna Trebunskaya,2nd Place,,23.0,0.8554647012650842,4,5,9,False,False,0.115,0.12076087006368091,0.2357608700636809,False
2,2,Lisa Rinna,Louis van Amstel,Eliminated Week 7,7.0,20.0,0.8096314990060581,7,6,13,False,False,0.1,0.08933430601542962,0.1893343060154296,False
2,2,Master P,Ashly DelGrosso,Eliminated Week 4,4.0,16.0,0.5614991216120162,9,8,17,False,False,0.08,0.08575166271096586,0.16575166271096586,False
2,2,Stacy Keibler,Tony Dovolani,3rd Place,,29.0,0.9160921028954068,1,1,2,False,False,0.145,0.1652209727112096,0.31022097271120963,False
2,2,Tatum O'Neal,Nick Kosovich,Eliminated Week 2,2.0,17.0,0.0328907940011495,8,9,17,True,True,0.085,0.0,0.085,True
2,2,Tia Carrere,Maksim Chmerkoskiy,Eliminated Week 5,5.0,22.0,0.8574879326395421,5,4,9,False,False,0.11,0.12947873151907427,0.23947873151907428,False
2,3,Drew Lachey,Cheryl Burke,1st Place,,27.0,0.9093894640496524,1,1,2,False,False,0.14835164835164835,0.24395270703665617,0.39230435538830455,False
2,3,George Hamilton,Edyta Sliwinska,Eliminated Week 6,6.0,22.0,0.6475672218225814,5,5,10,False,False,0.12087912087912088,0.05312507857873716,0.17400419945785806,False
2,3,Giselle Fernandez,Jonathan Roberts,Eliminated Week 3,3.0,22.0,0.072644168940442,5,8,13,False,True,0.12087912087912088,0.12654803708099213,0.247427157960113,False
2,3,Jerry Rice,Anna Trebunskaya,2nd Place,,19.0,0.474594935897441,7,6,13,False,False,0.1043956043956044,0.0,0.1043956043956044,False
2,3,Lisa Rinna,Louis van Amstel,Eliminated Week 7,7.0,25.0,0.8508297525945834,4,4,8,False,False,0.13736263736263737,0.15872153150075885,0.2960841688633962,False
2,3,Master P,Ashly DelGrosso,Eliminated Week 4,4.0,14.0,0.4571570185355424,8,7,15,True,False,0.07692307692307693,0.0051238202560255275,0.08204689717910245,True
2,3,Stacy Keibler,Tony Dovolani,3rd Place,,27.0,0.8928435107343459,1,2,3,False,False,0.14835164835164835,0.2263464806944449,0.37469812904609323,False
2,3,Tia Carrere,Maksim Chmerkoskiy,Eliminated Week 5,5.0,26.0,0.8828933321753307,3,3,6,False,False,0.14285714285714285,0.18618234485238538,0.32903948770952823,False
2,4,Drew Lachey,Cheryl Burke,1st Place,,28.0,0.8940480926090011,1,1,2,False,False,0.17721518987341772,0.2540600212995829,0.4312752111730006,False
2,4,George Hamilton,Edyta Sliwinska,Eliminated Week 6,6.0,21.0,0.5020385757738133,6,6,12,False,False,0.13291139240506328,0.03211198412779199,0.16502337653285526,False
2,4,Jerry Rice,Anna Trebunskaya,2nd Place,,24.0,0.7568134894067982,5,5,10,False,False,0.1518987341772152,0.124752445113195,0.27665117929041017,False
2,4,Lisa Rinna,Louis van Amstel,Eliminated Week 7,7.0,26.0,0.8640017598769683,2,2,4,False,False,0.16455696202531644,0.20110376859483595,0.36566073062015236,False
2,4,Master P,Ashly DelGrosso,Eliminated Week 4,4.0,8.0,0.0406896227224931,7,7,14,True,True,0.05063291139240506,0.0,0.05063291139240506,True
2,4,Stacy Keibler,Tony Dovolani,3rd Place,,26.0,0.8174686834407998,2,3,5,False,False,0.16455696202531644,0.21614107209450625,0.3806980341198227,False
2,4,Tia Carrere,Maksim Chmerkoskiy,Eliminated Week 5,5.0,25.0,0.7999659128946666,4,4,8,False,False,0.15822784810126583,0.171830708770088,0.3300585568713538,False
2,5,Drew Lachey,Cheryl Burke,1st Place,,27.0,0.8823502590866086,2,2,4,False,False,0.17880794701986755,0.2836891690182596,0.46249711603812715,False
2,5,George Hamilton,Edyta Sliwinska,Eliminated Week 6,6.0,24.0,0.7133997708169939,4,4,8,False,False,0.15894039735099338,0.18028748478878892,0.3392278821397823,False
2,5,Jerry Rice,Anna Trebunskaya,2nd Place,,23.0,0.3662815090546072,5,5,10,False,False,0.152317880794702,0.0,0.152317880794702,True
2,5,Lisa Rinna,Louis van Amstel,Eliminated Week 7,7.0,25.0,0.8413530364750981,3,3,6,False,False,0.16556291390728478,0.208288895594861,0.3738518095021458,False
2,5,Stacy Keibler,Tony Dovolani,3rd Place,,30.0,0.8986279297267621,1,1,2,False,False,0.1986754966887417,0.2992892756220027,0.49796477231074443,False
2,5,Tia Carrere,Maksim Chmerkoskiy,Eliminated Week 5,5.0,22.0,0.0382513156755048,6,6,12,True,True,0.1456953642384106,0.02844517497608776,0.17414053921449835,False
2,6,Drew Lachey,Cheryl Burke,1st Place,,30.0,0.900374068598715,1,1,2,False,False,0.22556390977443608,0.39798733307852796,0.623551242852964,False
2,6,George Hamilton,Edyta Sliwinska,Eliminated Week 6,6.0,23.0,0.0509149356281777,4,5,9,True,True,0.17293233082706766,0.0,0.17293233082706766,True
2,6,Jerry Rice,Anna Trebunskaya,2nd Place,,23.0,0.6713494860607601,4,4,8,False,False,0.17293233082706766,0.09210461345770095,0.2650369442847686,False
2,6,Lisa Rinna,Louis van Amstel,Eliminated Week 7,7.0,27.0,0.8165793099285815,3,3,6,False,False,0.20300751879699247,0.13517261288038016,0.3381801316773726,False
2,6,Stacy Keibler,Tony Dovolani,3rd Place,,30.0,0.8816112426828755,1,2,3,False,False,0.22556390977443608,0.37473544058339103,0.6002993503578271,False
2,7,Drew Lachey,Cheryl Burke,1st Place,,27.5,0.8900926348202829,1,1,2,False,False,0.2696078431372549,0.4789230301873172,0.7485308733245721,False
2,7,Jerry Rice,Anna Trebunskaya,2nd Place,,20.5,0.5065851959844871,4,3,7,False,False,0.20098039215686275,0.0,0.20098039215686275,True
2,7,Lisa Rinna,Louis van Amstel,Eliminated Week 7,7.0,26.5,0.0623297668865114,3,4,7,True,True,0.25980392156862747,0.0698238607319118,0.32962778230053924,False
2,7,Stacy Keibler,Tony Dovolani,3rd Place,,27.5,0.8478263981595586,1,2,3,False,False,0.2696078431372549,0.45125310908077104,0.7208609522180259,False
3,1,Emmitt Smith,Cheryl Burke,1st Place,,24.0,0.9119071738653236,2,2,4,False,False,0.11320754716981132,0.12508370469908195,0.23829125186889327,False
3,1,Harry Hamlin,Ashly DelGrosso,Eliminated Week 3,3.0,17.0,0.8213572571859912,8,7,15,False,False,0.08018867924528301,0.08615624817272109,0.1663449274180041,False
3,1,Jerry Springer,Kym Johnson,Eliminated Week 7,7.0,16.0,0.1968189504640091,9,10,19,False,False,0.07547169811320754,0.05426394860607751,0.12973564671928506,False
3,1,Joey Lawrence,Edyta Sliwinska,3rd Place,,21.0,0.8778234952135525,5,5,10,False,False,0.09905660377358491,0.10540941943606824,0.20446602320965315,False
3,1,Mario Lopez,Karina Smirnoff,2nd Place,,26.0,0.9277284455773076,1,1,2,False,False,0.12264150943396226,0.12746003960996524,0.2501015490439275,False
3,1,Monique Coleman,Louis van Amstel,Eliminated Week 8,8.0,19.0,0.8669279003780002,6,6,12,False,False,0.08962264150943396,0.1027059753951543,0.19232861690458825,False
3,1,Sara Evans,Tony Dovolani,Withdrew,5.0,15.0,0.5031810044927084,10,9,19,False,False,0.07075471698113207,0.0859931524144896,0.1567478693956217,False
3,1,Shanna Moakler,Jesse DeSoto,Eliminated Week 2,2.0,18.0,0.5299735314376581,7,8,15,False,False,0.08490566037735849,0.08203417158031472,0.1669398319576732,False
3,1,Tucker Carlson,Elena Grinenko,Eliminated Week 1,1.0,12.0,0.0730574837474354,11,11,22,True,True,0.05660377358490566,0.0,0.05660377358490566,True
3,1,Vivica A. Fox,Nick Kosovich,Eliminated Week 4,4.0,22.0,0.8999615965499698,3,4,7,False,False,0.10377358490566038,0.11070272069561025,0.21447630560127062,False
3,1,Willa Ford,Maksim Chmerkoskiy,Eliminated Week 5,5.0,22.0,0.9077379781160836,3,3,6,False,False,0.10377358490566038,0.1201906193905171,0.22396420429617747,False
3,2,Emmitt Smith,Cheryl Burke,1st Place,,24.0,0.8795661260259732,3,4,7,False,False,0.10434782608695652,0.13858925996192578,0.2429370860488823,False
3,2,Harry Hamlin,Ashly DelGrosso,Eliminated Week 3,3.0,21.0,0.8243395011513266,7,6,13,False,False,0.09130434782608696,0.0872674441963161,0.17857179202240306,False
3,2,Jerry Springer,Kym Johnson,Eliminated Week 7,7.0,19.0,0.079747254967364,10,10,20,True,False,0.08260869565217391,0.039500304802131195,0.1221090004543051,False
3,2,Joey Lawrence,Edyta Sliwinska,3rd Place,,29.0,0.9380644372842034,1,1,2,False,False,0.12608695652173912,0.14823374143812026,0.27432069795985936,False
3,2,Mario Lopez,Karina Smirnoff,2nd Place,,21.0,0.2261220822433227,7,9,16,False,False,0.09130434782608696,0.1077294911112113,0.19903383893729826,False
3,2,Monique Coleman,Louis van Amstel,Eliminated Week 8,8.0,26.0,0.9236792696036162,2,2,4,False,False,0.11304347826086956,0.1399057143322589,0.2529491925931285,False
3,2,Sara Evans,Tony Dovolani,Withdrew,5.0,21.0,0.8191245786042917,7,7,14,False,False,0.09130434782608696,0.09626438036772722,0.18756872819381418,False
3,2,Shanna Moakler,Jesse DeSoto,Eliminated Week 2,2.0,22.0,0.4629885808312057,6,8,14,False,True,0.09565217391304348,0.0,0.09565217391304348,True
3,2,Vivica A. Fox,Nick Kosovich,Eliminated Week 4,4.0,24.0,0.8940894430869876,3,3,6,False,False,0.10434782608695652,0.1257336138881708,0.2300814399751273,False
3,2,Willa Ford,Maksim Chmerkoskiy,Eliminated Week 5,5.0,23.0,0.8741830216492814,5,5,10,False,False,0.1,0.1167760499021385,0.2167760499021385,False
3,3,Emmitt Smith,Cheryl Burke,1st Place,,19.0,0.1710423878861803,9,9,18,True,False,0.09178743961352658,0.07115287337467528,0.16294031298820186,False
3,3,Harry Hamlin,Ashly DelGrosso,Eliminated Week 3,3.0,22.0,0.8881095086367946,4,3,7,False,True,0.10628019323671498,0.0,0.10628019323671498,True
3,3,Jerry Springer,Kym Johnson,Eliminated Week 7,7.0,21.0,0.5849547785296669,8,8,16,False,False,0.10144927536231885,0.09673509013654917,0.19818436549886803,False
3,3,Joey Lawrence,Edyta Sliwinska,3rd Place,,22.0,0.8374793572197026,4,7,11,False,False,0.10628019323671498,0.12809589880791786,0.23437609204463283,False
3,3,Mario Lopez,Karina Smirnoff,2nd Place,,22.0,0.8767068341797275,4,5,9,False,False,0.10628019323671498,0.12696498573728512,0.2332451789740001,False
3,3,Monique Coleman,Louis van Amstel,Eliminated Week 8,8.0,27.0,0.921411232042002,1,2,3,False,False,0.13043478260869565,0.16549596798172714,0.2959307505904228,False
3,3,Sara Evans,Tony Dovolani,Withdrew,5.0,25.0,0.8850327719383506,3,4,7,False,False,0.12077294685990338,0.1439534036964588,0.2647263505563622,False
3,3,Vivica A. Fox,Nick Kosovich,Eliminated Week 4,4.0,27.0,0.929380962438266,1,1,2,False,False,0.13043478260869565,0.15688931435413844,0.2873240969628341,False
3,3,Willa Ford,Maksim Chmerkoskiy,Eliminated Week 5,5.0,22.0,0.8719730900001644,4,6,10,False,False,0.10628019323671498,0.1107124659112481,0.21699265914796306,False
3,4,Emmitt Smith,Cheryl Burke,1st Place,,24.0,0.8700269525882396,4,4,8,False,False,0.12121212121212122,0.16782936603219903,0.2890414872443202,False
3,4,Jerry Springer,Kym Johnson,Eliminated Week 7,7.0,22.0,0.4783180640675128,7,7,14,False,False,0.1111111111111111,0.04413915358472486,0.15525026469583597,False
3,4,Joey Lawrence,Edyta Sliwinska,3rd Place,,27.0,0.8786567128111525,3,3,6,False,False,0.13636363636363635,0.17097585141158506,0.3073394877752214,False
3,4,Mario Lopez,Karina Smirnoff,2nd Place,,29.0,0.9173348517733144,1,1,2,False,False,0.14646464646464646,0.22382668185157678,0.37029132831622324,False
3,4,Monique Coleman,Louis van Amstel,Eliminated Week 8,8.0,24.0,0.8584857630707595,4,5,9,False,False,0.12121212121212122,0.1502930123319224,0.2715051335440436,False
3,4,Sara Evans,Tony Dovolani,Withdrew,5.0,20.0,0.1293087086434563,8,8,16,True,False,0.10101010101010101,0.02614868708978483,0.12715878809988584,False
3,4,Vivica A. Fox,Nick Kosovich,Eliminated Week 4,4.0,24.0,0.7980988646944063,4,6,10,False,True,0.12121212121212122,0.0,0.12121212121212122,True
3,4,Willa Ford,Maksim Chmerkoskiy,Eliminated Week 5,5.0,28.0,0.903381515969788,2,2,4,False,False,0.1414141414141414,0.216787247698207,0.35820138911234845,False
3,5,Emmitt Smith,Cheryl Burke,1st Place,,27.0,0.9197012829303556,1,2,3,False,False,0.14917127071823205,0.23942838285527496,0.388599653573507,False
3,5,Jerry Springer,Kym Johnson,Eliminated Week 7,7.0,24.0,0.7414358787462418,6,5,11,False,False,0.13259668508287292,0.08040654205603094,0.21300322713890385,True
3,5,Joey Lawrence,Edyta Sliwinska,3rd Place,,25.0,0.7122416560762865,5,6,11,True,False,0.13812154696132597,0.151695544030055,0.289817090991381,False
3,5,Mario Lopez,Karina Smirnoff,2nd Place,,27.0,0.8736675091329077,1,4,5,False,False,0.14917127071823205,0.2217983480749998,0.37096961879323187,False
3,5,Monique Coleman,Louis van Amstel,Eliminated Week 8,8.0,27.0,0.919004830837503,1,3,4,False,False,0.14917127071823205,0.22524433709805258,0.37441560781628463,False
3,5,Sara Evans,Tony Dovolani,Withdrew,5.0,24.0,0.6741263488889344,6,7,13,True,True,0.13259668508287292,0.0,0.13259668508287292,True
3,5,Willa Ford,Maksim Chmerkoskiy,Eliminated Week 5,5.0,27.0,0.921225347832932,1,1,2,False,True,0.14917127071823205,0.08142684588558681,0.23059811660381885,False
3,7,Emmitt Smith,Cheryl Burke,1st Place,,28.5,0.912257112158437,1,2,3,False,False,0.2111111111111111,0.3204709061719565,0.5315820172830676,False
3,7,Jerry Springer,Kym Johnson,Eliminated Week 7,7.0,23.0,0.578867446041345,5,5,10,True,True,0.17037037037037037,0.0,0.17037037037037037,True
3,7,Joey Lawrence,Edyta Sliwinska,3rd Place,,28.5,0.9203994168972298,1,1,2,False,False,0.2111111111111111,0.308045368904809,0.5191564800159201,False
3,7,Mario Lopez,Karina Smirnoff,2nd Place,,28.0,0.8542426712407302,3,3,6,False,False,0.2074074074074074,0.1994754066278102,0.4068828140352176,False
3,7,Monique Coleman,Louis van Amstel,Eliminated Week 8,8.0,27.0,0.8438819998721927,4,4,8,False,False,0.2,0.17200831829542432,0.37200831829542436,False
3,8,Emmitt Smith,Cheryl Burke,1st Place,,27.0,0.788665663785469,2,2,4,False,False,0.24770642201834864,0.3238313023048677,0.5715377243232163,False
3,8,Joey Lawrence,Edyta Sliwinska,3rd Place,,27.0,0.5204348579344512,2,4,6,False,False,0.24770642201834864,0.3055921755505539,0.5532985975689025,False
3,8,Mario Lopez,Karina Smirnoff,2nd Place,,28.5,0.9046490975336438,1,1,2,False,False,0.26146788990825687,0.37057652214457837,0.6320444120528352,False
3,8,Monique Coleman,Louis van Amstel,Eliminated Week 8,8.0,26.5,0.7179596164684675,4,3,7,True,True,0.24311926605504589,0.0,0.24311926605504589,True
4,2,Apolo Anton Ohno,Julianne Hough,1st Place,,26.0,0.947714345862788,2,1,3,False,False,0.10612244897959183,0.13917047879771635,0.24529292777730818,False
4,2,Billy Ray Cyrus,Karina Smirnoff,Eliminated Week 8,8.0,21.0,0.8469973624799728,6,6,12,False,False,0.08571428571428572,0.10304375129509427,0.18875803700938,False
4,2,Clyde Drexler,Elena Grinenko,Eliminated Week 5,5.0,18.0,0.0436337917309576,11,11,22,True,False,0.07346938775510205,0.047117545043701595,0.12058693279880364,False
4,2,Heather Mills,Jonathan Roberts,Eliminated Week 6,6.0,24.0,0.9073099892174006,3,3,6,False,False,0.09795918367346938,0.12106584521853046,0.21902502889199985,False
4,2,Ian Ziering,Cheryl Burke,Eliminated Week 9,9.0,22.0,0.8695250780591874,5,5,10,False,False,0.08979591836734693,0.11548805807000227,0.2052839764373492,False
4,2,Joey Fatone,Kym Johnson,2nd Place,,24.0,0.9003066354988726,3,4,7,False,False,0.09795918367346938,0.12867594038474714,0.2266351240582165,False
4,2,John Ratzenberger,Edyta Sliwinska,Eliminated Week 7,7.0,21.0,0.8445287721621023,6,7,13,False,False,0.08571428571428572,0.0687009275151777,0.15441521322946342,False
4,2,Laila Ali,Maksim Chmerkoskiy,3rd Place,,27.0,0.9391309640268414,1,2,3,False,False,0.11020408163265306,0.1437387754654373,0.2539428570980904,False
4,2,Leeza Gibbons,Tony Dovolani,Eliminated Week 4,4.0,21.0,0.8297652140427111,6,8,14,False,False,0.08571428571428572,0.07454186627180664,0.16025615198609236,False
4,2,Paulina Porizkova,Alec Mazo,Eliminated Week 2,2.0,21.0,0.8049912572508245,6,9,15,False,True,0.08571428571428572,0.0,0.08571428571428572,True
4,2,Shandi Finnessey,Brian Fortuna,Eliminated Week 3,3.0,20.0,0.1651224506386376,10,10,20,False,False,0.08163265306122448,0.0584568119377863,0.1400894649990108,False
4,3,Apolo Anton Ohno,Julianne Hough,1st Place,,23.0,0.8869546858150811,5,5,10,False,False,0.10550458715596331,0.11713895001107796,0.22264353716704127,False
4,3,Billy Ray Cyrus,Karina Smirnoff,Eliminated Week 8,8.0,21.0,0.8432174750501725,6,6,12,False,False,0.0963302752293578,0.08932474304044269,0.1856550182698005,False
4,3,Clyde Drexler,Elena Grinenko,Eliminated Week 5,5.0,16.0,0.0435651380212602,10,10,20,True,False,0.07339449541284404,0.0689271760719772,0.14232167148482122,False
4,3,Heather Mills,Jonathan Roberts,Eliminated Week 6,6.0,24.0,0.9152875404413354,1,3,4,False,False,0.11009174311926606,0.13304592021091236,0.24313766333017842,False
4,3,Ian Ziering,Cheryl Burke,Eliminated Week 9,9.0,24.0,0.9212320389901976,1,2,3,False,False,0.11009174311926606,0.1418727071544237,0.25196445027368974,False
4,3,Joey Fatone,Kym Johnson,2nd Place,,24.0,0.93214026589198,1,1,2,False,False,0.11009174311926606,0.14041895179927383,0.2505106949185399,False
4,3,John Ratzenberger,Edyta Sliwinska,Eliminated Week 7,7.0,20.0,0.7913836867845598,9,8,17,False,False,0.09174311926605505,0.06583604404816414,0.15757916331421917,False
4,3,Laila Ali,Maksim Chmerkoskiy,3rd Place,,21.0,0.821173795583469,6,7,13,False,False,0.0963302752293578,0.10829561263833044,0.20462588786768826,False
4,3,Leeza Gibbons,Tony Dovolani,Eliminated Week 4,4.0,24.0,0.9141802647277084,1,4,5,False,False,0.11009174311926606,0.1351398950253976,0.24523163814466367,False
4,3,Shandi Finnessey,Brian Fortuna,Eliminated Week 3,3.0,21.0,0.5502901596264038,6,9,15,False,True,0.0963302752293578,0.0,0.0963302752293578,True
4,4,Apolo Anton Ohno,Julianne Hough,1st Place,,26.0,0.9378208011348684,2,1,3,False,False,0.1368421052631579,0.17239243960394718,0.3092345448671051,False
4,4,Billy Ray Cyrus,Karina Smirnoff,Eliminated Week 8,8.0,21.0,0.8490464887522543,5,5,10,False,False,0.11052631578947368,0.1294566517218447,0.23998296751131837,False
4,4,Clyde Drexler,Elena Grinenko,Eliminated Week 5,5.0,15.0,0.0357949727937475,9,9,18,True,False,0.07894736842105263,0.061164620624382146,0.14011198904543476,False
4,4,Heather Mills,Jonathan Roberts,Eliminated Week 6,6.0,23.0,0.8138111295378248,4,6,10,False,False,0.12105263157894737,0.12657510287600732,0.24762773445495467,False
4,4,Ian Ziering,Cheryl Burke,Eliminated Week 9,9.0,24.0,0.8669288123993881,3,3,6,False,False,0.12631578947368421,0.160757286553802,0.2870730760274862,False
4,4,Joey Fatone,Kym Johnson,2nd Place,,28.0,0.9353875151283702,1,2,3,False,False,0.14736842105263157,0.17458565325231515,0.3219540743049467,False
4,4,John Ratzenberger,Edyta Sliwinska,Eliminated Week 7,7.0,16.0,0.5671651017900134,7,7,14,False,False,0.08421052631578947,0.03209284651021668,0.11630337282600615,False
4,4,Laila Ali,Maksim Chmerkoskiy,3rd Place,,21.0,0.8596508870211614,5,4,9,False,False,0.11052631578947368,0.1429753988574848,0.2535017146469585,False
4,4,Leeza Gibbons,Tony Dovolani,Eliminated Week 4,4.0,16.0,0.293948292384357,7,8,15,False,True,0.08421052631578947,0.0,0.08421052631578947,True
4,5,Apolo Anton Ohno,Julianne Hough,1st Place,,30.0,0.9451578522427048,1,1,2,False,False,0.17045454545454544,0.19504135407439838,0.3654958995289438,False
4,5,Billy Ray Cyrus,Karina Smirnoff,Eliminated Week 8,8.0,17.0,0.0688950273738205,7,7,14,False,False,0.09659090909090909,0.03839758693393465,0.13498849602484375,False
4,5,Clyde Drexler,Elena Grinenko,Eliminated Week 5,5.0,13.0,0.031842455144017,8,8,16,True,True,0.07386363636363637,0.0,0.07386363636363637,True
4,5,Heather Mills,Jonathan Roberts,Eliminated Week 6,6.0,21.0,0.1172935293910514,5,6,11,False,False,0.11931818181818182,0.13371274872897682,0.25303093054715864,False
4,5,Ian Ziering,Cheryl Burke,Eliminated Week 9,9.0,24.0,0.8119401561379671,4,4,8,False,False,0.13636363636363635,0.14861692383710076,0.28498056020073714,False
4,5,Joey Fatone,Kym Johnson,2nd Place,,25.0,0.8414094382005215,3,3,6,False,False,0.14204545454545456,0.1707940840150081,0.31283953856046265,False
4,5,John Ratzenberger,Edyta Sliwinska,Eliminated Week 7,7.0,18.0,0.2214643258791206,6,5,11,False,False,0.10227272727272728,0.13105631225958597,0.23332903953231326,False
4,5,Laila Ali,Maksim Chmerkoskiy,3rd Place,,28.0,0.91399317548393,2,2,4,False,False,0.1590909090909091,0.18238099015099532,0.3414718992419044,False
4,6,Apolo Anton Ohno,Julianne Hough,1st Place,,28.0,0.9408726041897122,1,1,2,False,False,0.16470588235294117,0.2671337194492937,0.4318396018022349,False
4,6,Billy Ray Cyrus,Karina Smirnoff,Eliminated Week 8,8.0,21.0,0.6647560589369073,6,5,11,False,False,0.12352941176470589,0.08783235198097246,0.21136176374567833,False
4,6,Heather Mills,Jonathan Roberts,Eliminated Week 6,6.0,23.0,0.5755429126133704,5,6,11,False,True,0.13529411764705881,0.0,0.13529411764705881,False
4,6,Ian Ziering,Cheryl Burke,Eliminated Week 9,9.0,24.0,0.8221973608334906,4,4,8,False,False,0.1411764705882353,0.16876271100177132,0.3099391815900066,False
4,6,Joey Fatone,Kym Johnson,2nd Place,,27.0,0.8774087861023319,3,3,6,False,False,0.1588235294117647,0.22486631759278244,0.3836898470045471,False
4,6,John Ratzenberger,Edyta Sliwinska,Eliminated Week 7,7.0,19.0,0.2922116129956522,7,7,14,True,False,0.11176470588235295,0.0031699222520730217,0.11493462813442597,True
4,6,Laila Ali,Maksim Chmerkoskiy,3rd Place,,28.0,0.9221299539653124,1,2,3,False,False,0.16470588235294117,0.2482349777231071,0.41294086007604824,False
4,7,Apolo Anton Ohno,Julianne Hough,1st Place,,27.0,0.8884995485176267,3,3,6,False,False,0.17475728155339806,0.22084165083501248,0.39559893238841054,False
4,7,Billy Ray Cyrus,Karina Smirnoff,Eliminated Week 8,8.0,19.0,0.2003151391520196,6,6,12,True,False,0.12297734627831715,0.07349565084927538,0.19647299712759253,False
4,7,Ian Ziering,Cheryl Burke,Eliminated Week 9,9.0,27.0,0.8634857174142865,3,4,7,False,False,0.17475728155339806,0.21539059835551666,0.39014787990891475,False
4,7,Joey Fatone,Kym Johnson,2nd Place,,29.5,0.9231334956130836,1,1,2,False,False,0.19093851132686085,0.2320196742296515,0.4229581855565123,False
4,7,John Ratzenberger,Edyta Sliwinska,Eliminated Week 7,7.0,22.5,0.5327000557167844,5,5,10,False,True,0.14563106796116504,0.0,0.14563106796116504,True
4,7,Laila Ali,Maksim Chmerkoskiy,3rd Place,,29.5,0.9168668680852882,1,2,3,False,False,0.19093851132686085,0.25825242573054397,0.4491909370574048,False
4,8,Apolo Anton Ohno,Julianne Hough,1st Place,,29.0,0.9410453577694822,1,1,2,False,False,0.23107569721115537,0.3167117212550721,0.5477874184662275,False
4,8,Billy Ray Cyrus,Karina Smirnoff,Eliminated Week 8,8.0,19.0,0.1086118198980764,5,5,10,True,True,0.15139442231075698,0.0,0.15139442231075698,True
4,8,Ian Ziering,Cheryl Burke,Eliminated Week 9,9.0,23.5,0.1520941364497587,4,4,8,False,False,0.18725099601593626,0.18121083001256796,0.3684618260285042,False
4,8,Joey Fatone,Kym Johnson,2nd Place,,27.5,0.8857745240172121,2,2,4,False,False,0.21912350597609562,0.27786228763694837,0.49698579361304396,False
4,8,Laila Ali,Maksim Chmerkoskiy,3rd Place,,26.5,0.8409849203804127,3,3,6,False,False,0.21115537848605578,0.22421516109541173,0.43537053958146754,False
4,9,Apolo Anton Ohno,Julianne Hough,1st Place,,29.5,0.8688923075739009,3,3,6,False,False,0.2489451476793249,0.2766292799431247,0.5255744276224497,False
4,9,Ian Ziering,Cheryl Burke,Eliminated Week 9,9.0,29.0,0.7915943408576549,4,4,8,True,True,0.24472573839662448,0.0,0.24472573839662448,True
4,9,Joey Fatone,Kym Johnson,2nd Place,,30.0,0.9218130517897598,1,1,2,False,False,0.25316455696202533,0.36382277287662224,0.6169873298386476,False
4,9,Laila Ali,Maksim Chmerkoskiy,3rd Place,,30.0,0.9199458413645782,1,2,3,False,False,0.25316455696202533,0.359547947180253,0.6127125041422783,False
5,1,Albert Reed,Anna Trebunskaya,Eliminated Week 2,2.0,21.0,0.8828286132643575,5,7,12,False,False,0.08171206225680934,0.08899249901649632,0.17070456127330566,False
5,1,Cameron Mathison,Edyta Sliwinska,Eliminated Week 8,8.0,21.0,0.8814791816646868,5,8,13,False,False,0.08171206225680934,0.09022649876032136,0.1719385610171307,False
5,1,Floyd Mayweather Jr. ,Karina Smirnoff,Eliminated Week 4,4.0,18.0,0.295703253058006,11,10,21,False,False,0.07003891050583658,0.06142973652018955,0.13146864702602612,False
5,1,Helio Castroneves,Julianne Hough,1st Place,,25.0,0.940222176003596,2,1,3,False,False,0.09727626459143969,0.10639991803861365,0.20367618263005333,False
5,1,Jane Seymour,Tony Dovolani,Eliminated Week 7,7.0,24.0,0.8853101256758099,3,5,8,False,False,0.0933852140077821,0.09715989690523567,0.1905451109130178,False
5,1,Jennie Garth,Derek Hough,Eliminated Week 9,9.0,21.0,0.8976159720046208,5,4,9,False,False,0.08171206225680934,0.09807124283087505,0.1797833050876844,False
5,1,Josie Maran,Alec Mazo,Eliminated Week 1,1.0,16.0,0.1722843059716121,12,12,24,True,True,0.0622568093385214,0.0,0.0622568093385214,True
5,1,Marie Osmond,Jonathan Roberts,3rd Place,,21.0,0.8704814642189906,5,9,14,False,False,0.08171206225680934,0.0868622073204896,0.16857426957729893,False
5,1,Mark Cuban,Kym Johnson,Eliminated Week 5,5.0,21.0,0.8852610565057822,5,6,11,False,False,0.08171206225680934,0.09150964880379066,0.1732217110606,False
5,1,Mel B,Maksim Chmerkoskiy,2nd Place,,24.0,0.8994157126373182,3,3,6,False,False,0.0933852140077821,0.10141946940700572,0.19480468341478782,False
5,1,Sabrina Bryan,Mark Ballas,Eliminated Week 6,6.0,26.0,0.9353732890099112,1,2,3,False,False,0.10116731517509728,0.11301910849288689,0.21418642366798418,False
5,1,Wayne Newton,Cheryl Burke,Eliminated Week 3,3.0,19.0,0.2035054806727806,10,11,21,False,False,0.07392996108949416,0.06490977390409544,0.1388397349935896,False
5,2,Albert Reed,Anna Trebunskaya,Eliminated Week 2,2.0,21.0,0.8767993869648448,5,7,12,False,True,0.08823529411764706,0.0,0.08823529411764706,False
5,2,Cameron Mathison,Edyta Sliwinska,Eliminated Week 8,8.0,21.0,0.8741129388792149,5,8,13,False,False,0.08823529411764706,0.10584003899163107,0.19407533310927813,False
5,2,Floyd Mayweather Jr. ,Karina Smirnoff,Eliminated Week 4,4.0,21.0,0.8780693575015263,5,6,11,False,False,0.08823529411764706,0.11044641137280074,0.1986817054904478,False
5,2,Helio Castroneves,Julianne Hough,1st Place,,27.0,0.9559777714787898,1,1,2,False,False,0.1134453781512605,0.14087458466836206,0.25431996281962255,False
5,2,Jane Seymour,Tony Dovolani,Eliminated Week 7,7.0,21.0,0.7710036109504398,5,9,14,False,False,0.08823529411764706,0.09418287958011541,0.18241817369776248,False
5,2,Jennie Garth,Derek Hough,Eliminated Week 9,9.0,21.0,0.8928601911336661,5,4,9,False,False,0.08823529411764706,0.11409951827414842,0.2023348123917955,False
5,2,Marie Osmond,Jonathan Roberts,3rd Place,,24.0,0.9036510068349995,3,3,6,False,False,0.10084033613445378,0.11499430215491749,0.21583463828937127,False
5,2,Mark Cuban,Kym Johnson,Eliminated Week 5,5.0,18.0,0.3970938566712684,10,10,20,False,False,0.07563025210084033,0.046693432529637355,0.12232368463047769,False
5,2,Mel B,Maksim Chmerkoskiy,2nd Place,,23.0,0.8905450928482818,4,5,9,False,False,0.09663865546218488,0.1172048309284629,0.21384348639064776,False
5,2,Sabrina Bryan,Mark Ballas,Eliminated Week 6,6.0,26.0,0.9135667295681128,2,2,4,False,False,0.1092436974789916,0.13753123784680107,0.24677493532579267,False
5,2,Wayne Newton,Cheryl Burke,Eliminated Week 3,3.0,15.0,0.0356062679883755,11,11,22,True,False,0.06302521008403361,0.018132763653123562,0.08115797373715718,True
5,3,Cameron Mathison,Edyta Sliwinska,Eliminated Week 8,8.0,23.0,0.7523745426703348,7,7,14,False,False,0.09623430962343096,0.09858123786178323,0.19481554748521418,False
5,3,Floyd Mayweather Jr. ,Karina Smirnoff,Eliminated Week 4,4.0,21.0,0.5772408471700461,8,8,16,False,False,0.08786610878661087,0.0863706680767297,0.17423677686334058,False
5,3,Helio Castroneves,Julianne Hough,1st Place,,24.0,0.8695118936795984,6,4,10,False,False,0.100418410041841,0.11691358110695839,0.2173319911487994,False
5,3,Jane Seymour,Tony Dovolani,Eliminated Week 7,7.0,27.0,0.8578489446091375,1,6,7,False,False,0.11297071129707113,0.1410904821145151,0.25406119341158623,False
5,3,Jennie Garth,Derek Hough,Eliminated Week 9,9.0,26.0,0.8918573393168768,4,3,7,False,False,0.1087866108786611,0.12892218790297008,0.23770879878163118,False
5,3,Marie Osmond,Jonathan Roberts,3rd Place,,26.0,0.8607642195726914,4,5,9,False,False,0.1087866108786611,0.0838805175324177,0.1926671284110788,False
5,3,Mark Cuban,Kym Johnson,Eliminated Week 5,5.0,20.0,0.3379983871257673,9,9,18,False,False,0.08368200836820083,0.04580864065882784,0.12949064902702867,False
5,3,Mel B,Maksim Chmerkoskiy,2nd Place,,27.0,0.9339860057582368,1,1,2,False,False,0.11297071129707113,0.14740865640510017,0.2603793677021713,False
5,3,Sabrina Bryan,Mark Ballas,Eliminated Week 6,6.0,27.0,0.9243897332994738,1,2,3,False,False,0.11297071129707113,0.1510240283406978,0.2639947396377689,False
5,3,Wayne Newton,Cheryl Burke,Eliminated Week 3,3.0,18.0,0.0493548899116513,10,10,20,True,True,0.07531380753138076,0.0,0.07531380753138076,True
5,4,Cameron Mathison,Edyta Sliwinska,Eliminated Week 8,8.0,27.0,0.8984284887173045,2,4,6,False,False,0.11538461538461539,0.1556651593666373,0.2710497747512527,False
5,4,Floyd Mayweather Jr. ,Karina Smirnoff,Eliminated Week 4,4.0,23.0,0.6840784965833977,8,8,16,False,True,0.09829059829059829,0.0,0.09829059829059829,True
5,4,Helio Castroneves,Julianne Hough,1st Place,,27.0,0.9354796457271728,2,2,4,False,False,0.11538461538461539,0.16726902816581676,0.28265364355043215,False
5,4,Jane Seymour,Tony Dovolani,Eliminated Week 7,7.0,26.0,0.8175276942608988,5,6,11,False,False,0.1111111111111111,0.12847353474386258,0.2395846458549737,False
5,4,Jennie Garth,Derek Hough,Eliminated Week 9,9.0,27.0,0.9196417528034656,2,3,5,False,False,0.11538461538461539,0.17060115167310613,0.2859857670577215,False
5,4,Marie Osmond,Jonathan Roberts,3rd Place,,26.0,0.7136308085934018,5,7,12,False,False,0.1111111111111111,0.05443188630894205,0.16554299742005316,False
5,4,Mark Cuban,Kym Johnson,Eliminated Week 5,5.0,22.0,0.2762992840038387,9,9,18,True,False,0.09401709401709402,0.01763016293064734,0.11164725694774136,False
5,4,Mel B,Maksim Chmerkoskiy,2nd Place,,26.0,0.852196925449525,5,5,10,False,False,0.1111111111111111,0.12709404607123848,0.23820515718234958,False
5,4,Sabrina Bryan,Mark Ballas,Eliminated Week 6,6.0,30.0,0.9393586484075876,1,1,2,False,False,0.1282051282051282,0.17883503073974932,0.3070401589448775,False
5,5,Cameron Mathison,Edyta Sliwinska,Eliminated Week 8,8.0,26.0,0.8755031840478646,3,3,6,False,False,0.1306532663316583,0.16261658945877402,0.2932698557904323,False
5,5,Helio Castroneves,Julianne Hough,1st Place,,23.0,0.6334217167014906,6,6,12,False,False,0.11557788944723618,0.1413865666440182,0.2569644560912544,False
5,5,Jane Seymour,Tony Dovolani,Eliminated Week 7,7.0,26.0,0.79474161399933,3,5,8,False,False,0.1306532663316583,0.13797109488060955,0.26862436121226785,False
5,5,Jennie Garth,Derek Hough,Eliminated Week 9,9.0,25.0,0.8329645328069377,5,4,9,False,False,0.12562814070351758,0.15790160378043763,0.2835297444839552,False
5,5,Marie Osmond,Jonathan Roberts,3rd Place,,21.0,0.5130598470216021,7,8,15,True,False,0.10552763819095477,0.010983416615653416,0.11651105480660819,False
5,5,Mark Cuban,Kym Johnson,Eliminated Week 5,5.0,21.0,0.5463437697327244,7,7,14,False,True,0.10552763819095477,0.0,0.10552763819095477,True
5,5,Mel B,Maksim Chmerkoskiy,2nd Place,,29.0,0.9305311371650784,1,1,2,False,False,0.1457286432160804,0.19693609715914204,0.34266474037522243,False
5,5,Sabrina Bryan,Mark Ballas,Eliminated Week 6,6.0,28.0,0.8786410770666423,2,2,4,False,False,0.1407035175879397,0.19220463146136504,0.33290814904930477,False
5,6,Cameron Mathison,Edyta Sliwinska,Eliminated Week 8,8.0,25.0,0.8507771406640422,4,4,8,False,False,0.1388888888888889,0.14818249396040645,0.28707138284929534,False
5,6,Helio Castroneves,Julianne Hough,1st Place,,28.0,0.9312362938988268,2,1,3,False,False,0.15555555555555556,0.2723842374750681,0.4279397930306237,False
5,6,Jane Seymour,Tony Dovolani,Eliminated Week 7,7.0,22.0,0.073128478530665,7,7,14,True,False,0.12222222222222222,0.0014447449197050766,0.12366696714192729,True
5,6,Jennie Garth,Derek Hough,Eliminated Week 9,9.0,27.0,0.8935636644077369,3,3,6,False,False,0.15,0.23838284311030106,0.388382843110301,False
5,6,Marie Osmond,Jonathan Roberts,3rd Place,,23.0,0.4943069913749435,6,6,12,False,False,0.12777777777777777,0.08349229304744542,0.2112700708252232,False
5,6,Mel B,Maksim Chmerkoskiy,2nd Place,,30.0,0.9201688586833018,1,2,3,False,False,0.16666666666666666,0.2561133874870739,0.42278005415374054,False
5,6,Sabrina Bryan,Mark Ballas,Eliminated Week 6,6.0,25.0,0.7573455251471559,4,5,9,False,True,0.1388888888888889,0.0,0.1388888888888889,False
5,7,Cameron Mathison,Edyta Sliwinska,Eliminated Week 8,8.0,25.5,0.8161069848855578,5,5,10,False,False,0.16346153846153846,0.0961360727158609,0.2595976111773994,False
5,7,Helio Castroneves,Julianne Hough,1st Place,,26.0,0.8914417203986742,3,3,6,False,False,0.16666666666666666,0.20246912229934969,0.36913578896601634,False
5,7,Jane Seymour,Tony Dovolani,Eliminated Week 7,7.0,25.0,0.5122160446098016,6,6,12,True,True,0.16025641025641027,0.0,0.16025641025641027,True
5,7,Jennie Garth,Derek Hough,Eliminated Week 9,9.0,26.5,0.9083101768985694,2,2,4,False,False,0.16987179487179488,0.24071045515825903,0.4105822500300539,False
5,7,Marie Osmond,Jonathan Roberts,3rd Place,,26.0,0.8746954575390696,3,4,7,False,False,0.16666666666666666,0.19557539488407455,0.36224206155074123,False
5,7,Mel B,Maksim Chmerkoskiy,2nd Place,,27.0,0.9179861901746909,1,1,2,False,False,0.17307692307692307,0.26510895494245584,0.4381858780193789,False
5,8,Cameron Mathison,Edyta Sliwinska,Eliminated Week 8,8.0,25.5,0.8514972857661758,3,3,6,False,True,0.19391634980988592,0.0,0.19391634980988592,True
5,8,Helio Castroneves,Julianne Hough,1st Place,,28.5,0.9441102655011075,1,1,2,False,False,0.21673003802281368,0.389823268300242,0.6065533063230557,False
5,8,Jennie Garth,Derek Hough,Eliminated Week 9,9.0,25.0,0.8102633189016208,4,4,8,False,False,0.19011406844106463,0.1965340540344071,0.38664812247547176,False
5,8,Marie Osmond,Jonathan Roberts,3rd Place,,24.5,0.4342145251410272,5,5,10,True,False,0.18631178707224336,0.07756557926905805,0.26387736634130143,False
5,8,Mel B,Maksim Chmerkoskiy,2nd Place,,28.0,0.8869539806809533,2,2,4,False,False,0.21292775665399238,0.33607709839629285,0.5490048550502853,False
5,9,Helio Castroneves,Julianne Hough,1st Place,,30.0,0.9374216598769384,1,1,2,False,False,0.2564102564102564,0.47409358555572473,0.7305038419659811,False
5,9,Jennie Garth,Derek Hough,Eliminated Week 9,9.0,29.0,0.8697819500198815,3,3,6,False,True,0.24786324786324787,0.0,0.24786324786324787,True
5,9,Marie Osmond,Jonathan Roberts,3rd Place,,28.0,0.6897602821898053,4,4,8,True,False,0.23931623931623933,0.0197247063869019,0.25904094570314123,False
5,9,Mel B,Maksim Chmerkoskiy,2nd Place,,30.0,0.9155683814831896,1,2,3,False,False,0.2564102564102564,0.5061817080573734,0.7625919644676298,False
6,2,Adam Carolla,Julianne Hough,Eliminated Week 4,4.0,19.0,0.7828087674263999,9,8,17,False,False,0.07392996108949416,0.0641013983391742,0.13803135942866837,False
6,2,Cristian de la Fuente,Cheryl Burke,3rd Place,,20.0,0.6931905873135582,8,9,17,False,False,0.07782101167315175,0.09410721453572102,0.17192822620887277,False
6,2,Jason Taylor,Edyta Sliwinska,2nd Place,,27.0,0.9346969369419342,1,1,2,False,False,0.10505836575875487,0.12237795277698696,0.2274363185357418,False
6,2,Kristi Yamaguchi,Mark Ballas,1st Place,,27.0,0.928071158657737,1,2,3,False,False,0.10505836575875487,0.12874728569697821,0.23380565145573307,False
6,2,Mario,Karina Smirnoff,Eliminated Week 8,8.0,26.0,0.8899911451300507,3,5,8,False,False,0.10116731517509728,0.11709848425281194,0.21826579942790922,False
6,2,Marissa Jaret Winokur,Tony Dovolani,Eliminated Week 9,9.0,21.0,0.8513456074109587,6,6,12,False,False,0.08171206225680934,0.10209758815110417,0.18380965040791353,False
6,2,Marlee Matlin,Fabian Sanchez,Eliminated Week 6,6.0,24.0,0.8963746036544673,4,4,8,False,False,0.0933852140077821,0.10451622053333143,0.19790143454111353,False
6,2,Monica Seles,Jonathan Roberts,Eliminated Week 2,2.0,15.0,0.2293580099795976,12,11,23,True,True,0.058365758754863814,0.0,0.058365758754863814,True
6,2,Penn Jillette,Kym Johnson,Eliminated Week 2,2.0,17.0,0.3048337114278333,10,10,20,False,True,0.06614785992217899,0.010266009106454706,0.0764138690286337,True
6,2,Priscilla Presley,Louis van Amstel,Eliminated Week 5,5.0,21.0,0.8400159415934019,6,7,13,False,False,0.08171206225680934,0.09785008905562069,0.17956215131243003,False
6,2,Shannon Elizabeth,Derek Hough,Eliminated Week 7,7.0,24.0,0.9142269328772232,4,3,7,False,False,0.0933852140077821,0.11810759872513676,0.21149281273291887,False
6,2,Steve Guttenberg,Anna Trebunskaya,Eliminated Week 3,3.0,16.0,0.1655697923500807,11,12,23,True,False,0.0622568093385214,0.040730158826679845,0.10298696816520125,False
6,3,Adam Carolla,Julianne Hough,Eliminated Week 4,4.0,21.0,0.8790440620723728,6,4,10,False,False,0.09210526315789473,0.10026976254074405,0.1923750256986388,False
6,3,Cristian de la Fuente,Cheryl Burke,3rd Place,,25.0,0.8473495834130642,3,5,8,False,False,0.10964912280701754,0.13039689478657282,0.24004601759359034,False
6,3,Jason Taylor,Edyta Sliwinska,2nd Place,,23.0,0.8464628224825403,5,6,11,False,False,0.10087719298245613,0.10899380471247898,0.2098709976949351,False
6,3,Kristi Yamaguchi,Mark Ballas,1st Place,,27.0,0.9349581170535473,1,1,2,False,False,0.11842105263157894,0.14659472198757326,0.2650157746191522,False
6,3,Mario,Karina Smirnoff,Eliminated Week 8,8.0,21.0,0.8135571663884625,6,7,13,False,False,0.09210526315789473,0.10993169939514925,0.20203696255304399,False
6,3,Marissa Jaret Winokur,Tony Dovolani,Eliminated Week 9,9.0,19.0,0.2705490893772565,10,10,20,True,False,0.08333333333333333,0.08081882121227162,0.16415215454560494,False
6,3,Marlee Matlin,Fabian Sanchez,Eliminated Week 6,6.0,21.0,0.7950494627153324,6,9,15,False,False,0.09210526315789473,0.06158710028706914,0.15369236344496387,False
6,3,Priscilla Presley,Louis van Amstel,Eliminated Week 5,5.0,26.0,0.8894094358533633,2,2,4,False,False,0.11403508771929824,0.1299948688056741,0.24402995652497234,False
6,3,Shannon Elizabeth,Derek Hough,Eliminated Week 7,7.0,24.0,0.8875314096308833,4,3,7,False,False,0.10526315789473684,0.13141232627246666,0.2366754841672035,False
6,3,Steve Guttenberg,Anna Trebunskaya,Eliminated Week 3,3.0,21.0,0.8016303543903333,6,8,14,False,True,0.09210526315789473,0.0,0.09210526315789473,True
6,4,Adam Carolla,Julianne Hough,Eliminated Week 4,4.0,19.0,0.7562213214930955,9,7,16,False,True,0.08444444444444445,0.0,0.08444444444444445,True
6,4,Cristian de la Fuente,Cheryl Burke,3rd Place,,26.0,0.8370737636314312,4,6,10,False,False,0.11555555555555555,0.14599165288701324,0.2615472084425688,False
6,4,Jason Taylor,Edyta Sliwinska,2nd Place,,29.0,0.9255491404919212,1,1,2,False,False,0.1288888888888889,0.1581699516227957,0.2870588405116846,False
6,4,Kristi Yamaguchi,Mark Ballas,1st Place,,29.0,0.9237416075378496,1,2,3,False,False,0.1288888888888889,0.14842120094630337,0.27731008983519223,False
6,4,Mario,Karina Smirnoff,Eliminated Week 8,8.0,24.0,0.8601308950397992,5,4,9,False,False,0.10666666666666667,0.13511630103895908,0.24178296770562574,False
6,4,Marissa Jaret Winokur,Tony Dovolani,Eliminated Week 9,9.0,24.0,0.8471428745397288,5,5,10,False,False,0.10666666666666667,0.1301798181523045,0.2368464848189712,False
6,4,Marlee Matlin,Fabian Sanchez,Eliminated Week 6,6.0,24.0,0.6978763643889969,5,8,13,False,False,0.10666666666666667,0.09551737307215094,0.2021840397388176,False
6,4,Priscilla Presley,Louis van Amstel,Eliminated Week 5,5.0,22.0,0.6957599100683973,8,9,17,True,False,0.09777777777777778,0.031311497439765204,0.129089275217543,False
6,4,Shannon Elizabeth,Derek Hough,Eliminated Week 7,7.0,28.0,0.907506919669648,3,3,6,False,False,0.12444444444444444,0.15529220484070796,0.2797366492851524,False
6,5,Cristian de la Fuente,Cheryl Burke,3rd Place,,23.0,0.7802994752060616,5,5,10,False,False,0.11734693877551021,0.1440763521574461,0.2614232909329563,False
6,5,Jason Taylor,Edyta Sliwinska,2nd Place,,27.0,0.8935251840536209,2,3,5,False,False,0.1377551020408163,0.15856887590308494,0.29632397794390125,False
6,5,Kristi Yamaguchi,Mark Ballas,1st Place,,29.0,0.9234327752847517,1,1,2,False,False,0.14795918367346939,0.1858505824351457,0.3338097661086151,False
6,5,Mario,Karina Smirnoff,Eliminated Week 8,8.0,27.0,0.9083622522998662,2,2,4,False,False,0.1377551020408163,0.17648699265088452,0.31424209469170084,False
6,5,Marissa Jaret Winokur,Tony Dovolani,Eliminated Week 9,9.0,24.0,0.8507653140918843,4,4,8,False,False,0.12244897959183673,0.14616738521024375,0.2686163648020805,False
6,5,Marlee Matlin,Fabian Sanchez,Eliminated Week 6,6.0,22.0,0.4920865001274869,7,8,15,True,False,0.11224489795918367,0.03697407540006911,0.14921897335925277,False
6,5,Priscilla Presley,Louis van Amstel,Eliminated Week 5,5.0,21.0,0.5572094576804836,8,7,15,False,True,0.10714285714285714,0.0,0.10714285714285714,True
6,5,Shannon Elizabeth,Derek Hough,Eliminated Week 7,7.0,23.0,0.763483503364537,5,6,11,False,False,0.11734693877551021,0.1518757362431258,0.269222675018636,False
6,6,Cristian de la Fuente,Cheryl Burke,3rd Place,,27.0,0.8625297078589025,3,3,6,False,False,0.15,0.19660109835612197,0.34660109835612196,False
6,6,Jason Taylor,Edyta Sliwinska,2nd Place,,24.0,0.7329825933332671,5,6,11,False,False,0.13333333333333333,0.13259237395442486,0.2659257072877582,False
6,6,Kristi Yamaguchi,Mark Ballas,1st Place,,30.0,0.9254981512035622,1,1,2,False,False,0.16666666666666666,0.2060635735624732,0.37273024022913986,False
6,6,Mario,Karina Smirnoff,Eliminated Week 8,8.0,28.0,0.8962170923025214,2,2,4,False,False,0.15555555555555556,0.17975946563518394,0.3353150211907395,False
6,6,Marissa Jaret Winokur,Tony Dovolani,Eliminated Week 9,9.0,26.0,0.8338084476382241,4,4,8,False,False,0.14444444444444443,0.17369343661413428,0.3181378810585787,False
6,6,Marlee Matlin,Fabian Sanchez,Eliminated Week 6,6.0,21.0,0.3083411761448513,7,7,14,True,True,0.11666666666666667,0.0,0.11666666666666667,True
6,6,Shannon Elizabeth,Derek Hough,Eliminated Week 7,7.0,24.0,0.8307643060721509,5,5,10,False,False,0.13333333333333333,0.11129005187766178,0.2446233852109951,False
6,7,Cristian de la Fuente,Cheryl Burke,3rd Place,,23.0,0.3411444102358563,6,6,12,True,False,0.1488673139158576,0.11868781822586683,0.26755513214172444,False
6,7,Jason Taylor,Edyta Sliwinska,2nd Place,,27.5,0.9239898893520126,1,1,2,False,False,0.1779935275080906,0.26951052365775796,0.44750405116584857,False
6,7,Kristi Yamaguchi,Mark Ballas,1st Place,,27.0,0.8806314621164942,2,2,4,False,False,0.17475728155339806,0.3005365993370035,0.4752938808904016,False
6,7,Mario,Karina Smirnoff,Eliminated Week 8,8.0,25.5,0.7476952917540938,4,5,9,False,False,0.1650485436893204,0.08099209422482054,0.24604063791414094,False
6,7,Marissa Jaret Winokur,Tony Dovolani,Eliminated Week 9,9.0,26.0,0.8320709820318152,3,4,7,False,False,0.16828478964401294,0.23027296455455118,0.3985577541985641,False
6,7,Shannon Elizabeth,Derek Hough,Eliminated Week 7,7.0,25.5,0.8689921207532263,4,3,7,False,True,0.1650485436893204,0.0,0.1650485436893204,True
6,8,Cristian de la Fuente,Cheryl Burke,3rd Place,,28.5,0.8854998989338578,1,1,2,False,False,0.21348314606741572,0.405898242693678,0.6193813887610937,False
6,8,Jason Taylor,Edyta Sliwinska,2nd Place,,26.0,0.6845868273791242,4,4,8,False,False,0.1947565543071161,0.16222191534451277,0.3569784696516289,False
6,8,Kristi Yamaguchi,Mark Ballas,1st Place,,27.5,0.8444227871881367,2,3,5,False,False,0.20599250936329588,0.34953383057721177,0.5555263399405077,False
6,8,Mario,Karina Smirnoff,Eliminated Week 8,8.0,26.5,0.8623560091507874,3,2,5,False,True,0.19850187265917604,0.0,0.19850187265917604,True
6,8,Marissa Jaret Winokur,Tony Dovolani,Eliminated Week 9,9.0,25.0,0.5604432601607224,5,5,10,True,False,0.18726591760299627,0.08234601138459748,0.26961192898759373,False
6,9,Cristian de la Fuente,Cheryl Burke,3rd Place,,28.0,0.8155023172570881,2,3,5,False,False,0.2545454545454545,0.37234493633506976,0.6268903908805243,False
6,9,Jason Taylor,Edyta Sliwinska,2nd Place,,27.5,0.8485902191422257,3,2,5,False,False,0.25,0.2009194089666414,0.4509194089666414,False
6,9,Kristi Yamaguchi,Mark Ballas,1st Place,,28.5,0.912967905083264,1,1,2,False,False,0.2590909090909091,0.4267356546982889,0.685826563789198,False
6,9,Marissa Jaret Winokur,Tony Dovolani,Eliminated Week 9,9.0,26.0,0.75260135076253,4,4,8,True,True,0.23636363636363636,0.0,0.23636363636363636,True
7,1,Brooke Burke,Derek Hough,1st Place,,24.5,0.950833091712566,1,1,2,False,False,0.09722222222222222,0.11275848295993346,0.20998070518215567,False
7,1,Cloris Leachman,Corky Ballas,Eliminated Week 6,6.0,16.0,0.0977657192988636,12,13,25,True,False,0.06349206349206349,0.0626711231681146,0.1261631866601781,False
7,1,Cody Linley,Julianne Hough,Eliminated Week 9,9.0,20.5,0.9010196502475524,6,5,11,False,False,0.08134920634920635,0.0934105878333077,0.17475979418251406,False
7,1,Jeffrey Ross,Edyta Sliwinska,Eliminated Week 1,1.0,12.0,0.3152337686795438,13,12,25,True,True,0.047619047619047616,0.0,0.047619047619047616,True
7,1,Kim Kardashian,Mark Ballas,Eliminated Week 2,2.0,18.5,0.848715002850811,8,8,16,False,False,0.07341269841269842,0.08783698919798098,0.1612496876106794,False
7,1,Lance Bass,Lacey Schwimmer,3rd Place,,21.5,0.9254645449049532,3,2,5,False,False,0.08531746031746032,0.10045270252395248,0.1857701628414128,False
7,1,Maurice Greene,Cheryl Burke,Eliminated Week 8,8.0,19.5,0.860002924707021,7,7,14,False,False,0.07738095238095238,0.08936382963172416,0.16674478201267656,False
7,1,Misty May-Treanor,Maksim Chmerkoskiy,Withdrew,2.0,21.0,0.8907503555679859,5,6,11,False,False,0.08333333333333333,0.0946280891578753,0.1779614224912086,False
7,1,Rocco DiSpirito,Karina Smirnoff,Eliminated Week 4,4.0,17.5,0.6639785336653085,11,10,21,False,False,0.06944444444444445,0.07148814999552788,0.14093259443997233,False
7,1,Susan Lucci,Tony Dovolani,Eliminated Week 7,7.0,18.5,0.8137441064571914,8,9,17,False,False,0.07341269841269842,0.08033378753607373,0.15374648594877216,False
7,1,Ted McGinley,Inna Brayer,Eliminated Week 1,1.0,18.5,0.4137605418744392,8,11,19,False,True,0.07341269841269842,0.006776578231490181,0.0801892766441886,True
7,1,Toni Braxton,Alec Mazo,Eliminated Week 5,5.0,22.5,0.9218455142801923,2,3,5,False,False,0.08928571428571429,0.09981524453682084,0.18910095882253514,False
7,1,Warren Sapp,Kym Johnson,2nd Place,,21.5,0.9148960970942552,3,4,7,False,False,0.08531746031746032,0.10046443522719856,0.18578189554465888,False
7,2,Brooke Burke,Derek Hough,1st Place,,24.0,0.9450608203459002,1,1,2,False,False,0.1085972850678733,0.15683059435389357,0.2654278794217669,False
7,2,Cloris Leachman,Corky Ballas,Eliminated Week 6,6.0,15.0,0.241953787324317,11,11,22,True,False,0.06787330316742081,0.04570218882659937,0.11357549199402017,True
7,2,Cody Linley,Julianne Hough,Eliminated Week 9,9.0,21.0,0.916753274396064,4,3,7,False,False,0.09502262443438914,0.13379731507242873,0.22881993950681787,False
7,2,Kim Kardashian,Mark Ballas,Eliminated Week 2,2.0,17.0,0.6402815641493247,9,9,18,False,True,0.07692307692307693,0.0,0.07692307692307693,True
7,2,Lance Bass,Lacey Schwimmer,3rd Place,,20.0,0.8352691018383192,7,7,14,False,False,0.09049773755656108,0.08021411860671966,0.17071185616328075,False
7,2,Maurice Greene,Cheryl Burke,Eliminated Week 8,8.0,19.0,0.7973834201310607,8,8,16,False,False,0.08597285067873303,0.10838807853087755,0.19436092920961057,False
7,2,Misty May-Treanor,Maksim Chmerkoskiy,Withdrew,2.0,21.0,0.8929464779188128,4,5,9,False,True,0.09502262443438914,0.024946389855174524,0.11996901428956366,False
7,2,Rocco DiSpirito,Karina Smirnoff,Eliminated Week 4,4.0,16.0,0.4771965363535273,10,10,20,True,False,0.07239819004524888,0.05038574249142132,0.12278393253667019,False
7,2,Susan Lucci,Tony Dovolani,Eliminated Week 7,7.0,21.0,0.8778108713711711,4,6,10,False,False,0.09502262443438914,0.123048845157621,0.21807146959201013,False
7,2,Toni Braxton,Alec Mazo,Eliminated Week 5,5.0,23.0,0.905155658049346,3,4,7,False,False,0.10407239819004525,0.12770912302100557,0.23178152121105083,False
7,2,Warren Sapp,Kym Johnson,2nd Place,,24.0,0.9384361220546404,1,2,3,False,False,0.1085972850678733,0.14897760408425856,0.2575748891521319,False
7,4,Brooke Burke,Derek Hough,1st Place,,26.0,0.9369579762184548,1,2,3,False,False,0.12807881773399016,0.15923693895407973,0.28731575668806986,False
7,4,Cloris Leachman,Corky Ballas,Eliminated Week 6,6.0,22.0,0.7805822938738312,5,7,12,False,False,0.10837438423645321,0.10676984507388411,0.21514422931033733,False
7,4,Cody Linley,Julianne Hough,Eliminated Week 9,9.0,23.0,0.9073115904380644,4,3,7,False,False,0.11330049261083744,0.13378943309973013,0.24708992571056757,False
7,4,Lance Bass,Lacey Schwimmer,3rd Place,,26.0,0.9476169128828014,1,1,2,False,False,0.12807881773399016,0.15173412275311723,0.27981294048710736,False
7,4,Maurice Greene,Cheryl Burke,Eliminated Week 8,8.0,20.0,0.6645833155455942,8,8,16,False,False,0.09852216748768473,0.10666875956176015,0.2051909270494449,False
7,4,Rocco DiSpirito,Karina Smirnoff,Eliminated Week 4,4.0,18.0,0.3356156425024167,9,9,18,True,True,0.08866995073891626,0.0,0.08866995073891626,True
7,4,Susan Lucci,Tony Dovolani,Eliminated Week 7,7.0,24.0,0.859358743935392,3,4,7,False,False,0.11822660098522167,0.13096622696627974,0.2491928279515014,False
7,4,Toni Braxton,Alec Mazo,Eliminated Week 5,5.0,22.0,0.8568586351594744,5,5,10,False,False,0.10837438423645321,0.10227740816710588,0.21065179240355908,False
7,4,Warren Sapp,Kym Johnson,2nd Place,,22.0,0.8538602908544269,5,6,11,False,False,0.10837438423645321,0.10855726542404306,0.21693164966049627,False
7,5,Brooke Burke,Derek Hough,1st Place,,29.0,0.9405491720113324,1,1,2,False,False,0.14871794871794872,0.21650517124519505,0.36522311996314377,False
7,5,Cloris Leachman,Corky Ballas,Eliminated Week 6,6.0,21.0,0.589290507844238,7,6,13,False,False,0.1076923076923077,0.06208672892822675,0.16977903662053445,False
7,5,Cody Linley,Julianne Hough,Eliminated Week 9,9.0,28.0,0.936969243901216,2,2,4,False,False,0.14358974358974358,0.2036538024643773,0.3472435460541209,False
7,5,Lance Bass,Lacey Schwimmer,3rd Place,,21.0,0.2772463998680011,7,8,15,True,False,0.1076923076923077,0.08291176360457533,0.19060407129688303,False
7,5,Maurice Greene,Cheryl Burke,Eliminated Week 8,8.0,27.0,0.8522149821259863,3,4,7,False,False,0.13846153846153847,0.18607524136941928,0.32453677983095774,False
7,5,Susan Lucci,Tony Dovolani,Eliminated Week 7,7.0,22.0,0.3694309706579834,5,7,12,False,False,0.11282051282051282,0.08393896572388611,0.19675947854439893,False
7,5,Toni Braxton,Alec Mazo,Eliminated Week 5,5.0,22.0,0.6794038109472854,5,5,10,False,True,0.11282051282051282,0.0,0.11282051282051282,True
7,5,Warren Sapp,Kym Johnson,2nd Place,,25.0,0.8784178610211529,4,3,7,False,False,0.1282051282051282,0.16482832666432015,0.2930334548694483,False
7,6,Brooke Burke,Derek Hough,1st Place,,26.0,0.9056692264812314,2,2,4,False,False,0.1625,0.20025455234427542,0.36275455234427545,False
7,6,Cloris Leachman,Corky Ballas,Eliminated Week 6,6.0,15.0,0.0729370514941171,7,7,14,True,True,0.09375,0.0,0.09375,True
7,6,Cody Linley,Julianne Hough,Eliminated Week 9,9.0,23.0,0.8781254473888286,4,4,8,False,False,0.14375,0.17599330214579265,0.3197433021457926,False
7,6,Lance Bass,Lacey Schwimmer,3rd Place,,27.0,0.9433451067815828,1,1,2,False,False,0.16875,0.20269830004773667,0.37144830004773666,False
7,6,Maurice Greene,Cheryl Burke,Eliminated Week 8,8.0,21.0,0.2661915285527664,6,6,12,False,False,0.13125,0.10857163858557703,0.23982163858557703,False
7,6,Susan Lucci,Tony Dovolani,Eliminated Week 7,7.0,23.0,0.5458285587512037,4,5,9,False,False,0.14375,0.140689622861489,0.284439622861489,False
7,6,Warren Sapp,Kym Johnson,2nd Place,,25.0,0.8822433754677229,3,3,6,False,False,0.15625,0.17179258401512934,0.3280425840151293,False
7,7,Brooke Burke,Derek Hough,1st Place,,30.0,0.9433911089439412,1,1,2,False,False,0.20408163265306123,0.27203288095081657,0.4761145136038778,False
7,7,Cody Linley,Julianne Hough,Eliminated Week 9,9.0,22.0,0.8317562683413784,5,4,9,False,False,0.14965986394557823,0.1721229389244412,0.3217828028700194,False
7,7,Lance Bass,Lacey Schwimmer,3rd Place,,25.0,0.9068229920247308,2,2,4,False,False,0.17006802721088435,0.24181135761074568,0.41187938482163,False
7,7,Maurice Greene,Cheryl Burke,Eliminated Week 8,8.0,25.0,0.8881337248332647,2,3,5,False,False,0.17006802721088435,0.24256131134635806,0.4126293385572424,False
7,7,Susan Lucci,Tony Dovolani,Eliminated Week 7,7.0,24.0,0.5393750763596101,4,5,9,False,True,0.16326530612244897,0.0,0.16326530612244897,True
7,7,Warren Sapp,Kym Johnson,2nd Place,,21.0,0.1785039337363843,6,6,12,True,False,0.14285714285714285,0.07147151116763849,0.21432865402478135,False
7,8,Brooke Burke,Derek Hough,1st Place,,27.5,0.9288199696403554,1,1,2,False,False,0.21568627450980393,0.3394823799602579,0.5551686544700618,False
7,8,Cody Linley,Julianne Hough,Eliminated Week 9,9.0,24.0,0.8552425713228728,4,4,8,False,False,0.18823529411764706,0.17205730362415295,0.3602925977418,False
7,8,Lance Bass,Lacey Schwimmer,3rd Place,,25.0,0.8763928549445736,3,3,6,False,False,0.19607843137254902,0.20340586869186283,0.3994843000644118,False
7,8,Maurice Greene,Cheryl Burke,Eliminated Week 8,8.0,24.0,0.7285380019479564,4,5,9,True,True,0.18823529411764706,0.0,0.18823529411764706,True
7,8,Warren Sapp,Kym Johnson,2nd Place,,27.0,0.8946916027883817,2,2,4,False,False,0.21176470588235294,0.28505444772372635,0.4968191536060793,False
7,9,Brooke Burke,Derek Hough,1st Place,,24.5,0.8884934675977822,2,2,4,False,False,0.24378109452736318,0.3296069572285022,0.5733880517558654,False
7,9,Cody Linley,Julianne Hough,Eliminated Week 9,9.0,23.0,0.7795006594238186,4,4,8,True,True,0.22885572139303484,0.0,0.22885572139303484,True
7,9,Lance Bass,Lacey Schwimmer,3rd Place,,28.5,0.9354632122734524,1,1,2,False,False,0.2835820895522388,0.3571323510210052,0.640714440573244,False
7,9,Warren Sapp,Kym Johnson,2nd Place,,24.5,0.8399030266020373,2,3,5,False,False,0.24378109452736318,0.31326069175049265,0.5570417862778558,False
8,2,Belinda Carlisle,Jonathan Roberts,Eliminated Week 2,2.0,18.0,0.4045986532756148,9,9,18,False,True,0.06792452830188679,0.0,0.06792452830188679,True
8,2,Chuck Wicks,Julianne Hough,Eliminated Week 8,8.0,20.0,0.815243573460752,6,8,14,False,False,0.07547169811320754,0.08972836309365055,0.1652000612068581,False
8,2,David Alan Grier,Kym Johnson,Eliminated Week 5,5.0,17.0,0.3036974445874407,11,11,22,False,False,0.06415094339622641,0.04398971909742812,0.10814066249365453,False
8,2,Denise Richards,Maksim Chmerkoskiy,Eliminated Week 3,3.0,21.0,0.8240842770095442,5,7,12,False,False,0.07924528301886792,0.08986087593330222,0.16910615895217013,False
8,2,Gilles Marini,Cheryl Burke,2nd Place,,27.0,0.9005264166762679,1,4,5,False,False,0.1018867924528302,0.1084943067033525,0.2103810991561827,False
8,2,Holly Madison,Dmitry Chaplin,Eliminated Week 4,4.0,18.0,0.3405783155328278,9,10,19,False,False,0.06792452830188679,0.07560774324578944,0.14353227154767623,False
8,2,Lawrence Taylor,Edyta Sliwinska,Eliminated Week 7,7.0,20.0,0.8733332400145215,6,5,11,False,False,0.07547169811320754,0.08348555278824703,0.15895725090145457,False
8,2,Lil' Kim,Derek Hough,Eliminated Week 9,9.0,23.0,0.9202407868918115,4,1,5,False,False,0.08679245283018867,0.10041570036486026,0.18720815319504894,False
8,2,Melissa Rycroft,Tony Dovolani,3rd Place,,26.0,0.9110901591250822,2,2,4,False,False,0.09811320754716982,0.10135963829834595,0.19947284584551578,False
8,2,Shawn Johnson,Mark Ballas,1st Place,,24.0,0.9013287064497868,3,3,6,False,False,0.09056603773584905,0.10378957347717303,0.19435561121302208,False
8,2,Steve Wozniak,Karina Smirnoff,Eliminated Week 4,4.0,17.0,0.0806519514490994,11,13,24,False,False,0.06415094339622641,0.05982963741079122,0.12398058080701763,False
8,2,Steve-O,Lacey Schwimmer,Eliminated Week 6,6.0,14.0,0.1796634063795285,13,12,25,True,False,0.052830188679245285,0.06107207866567381,0.1139022673449191,False
8,2,Ty Murray,Chelsie Hightower,Eliminated Week 10,10.0,20.0,0.8723365221718078,6,6,12,False,False,0.07547169811320754,0.08236681092138581,0.15783850903459334,False
8,3,Chuck Wicks,Julianne Hough,Eliminated Week 8,8.0,23.0,0.888106810105972,6,5,11,False,False,0.09055118110236221,0.0977872853607464,0.18833846646310862,False
8,3,David Alan Grier,Kym Johnson,Eliminated Week 5,5.0,24.0,0.8785973761641486,5,6,11,False,False,0.09448818897637795,0.09434548000399193,0.18883366898036988,False
8,3,Denise Richards,Maksim Chmerkoskiy,Eliminated Week 3,3.0,16.0,0.1150331737170897,10,11,21,False,True,0.06299212598425197,0.0,0.06299212598425197,True
8,3,Gilles Marini,Cheryl Burke,2nd Place,,27.0,0.9224237918838007,1,2,3,False,False,0.1062992125984252,0.12124972800408454,0.22754894060250974,False
8,3,Holly Madison,Dmitry Chaplin,Eliminated Week 4,4.0,17.0,0.2987563689170268,9,9,18,False,False,0.06692913385826772,0.06047364768662487,0.1274027815448926,False
8,3,Lawrence Taylor,Edyta Sliwinska,Eliminated Week 7,7.0,20.0,0.3742549047529714,8,8,16,False,False,0.07874015748031496,0.06862827225430147,0.14736842973461645,False
8,3,Lil' Kim,Derek Hough,Eliminated Week 9,9.0,25.0,0.9057124971120484,4,4,8,False,False,0.0984251968503937,0.11038035409303074,0.20880555094342446,False
8,3,Melissa Rycroft,Tony Dovolani,3rd Place,,27.0,0.9178225689687504,1,3,4,False,False,0.1062992125984252,0.11752423833610462,0.22382345093452982,False
8,3,Shawn Johnson,Mark Ballas,1st Place,,27.0,0.9386214658725208,1,1,2,False,False,0.1062992125984252,0.12466099903082274,0.23096021162924796,False
8,3,Steve Wozniak,Karina Smirnoff,Eliminated Week 4,4.0,10.0,0.0634991883746619,12,12,24,True,False,0.03937007874015748,0.06406637682927856,0.10343645556943604,False
8,3,Steve-O,Lacey Schwimmer,Eliminated Week 6,6.0,15.0,0.1616142483634153,11,10,21,False,False,0.05905511811023622,0.06947613554602916,0.1285312536562654,False
8,3,Ty Murray,Chelsie Hightower,Eliminated Week 10,10.0,23.0,0.8582270887151336,6,7,13,False,False,0.09055118110236221,0.07140748285498512,0.16195866395734732,False
8,4,Chuck Wicks,Julianne Hough,Eliminated Week 8,8.0,22.0,0.6163901422576825,6,7,13,False,False,0.09090909090909091,0.1155208148442625,0.2064299057533534,False
8,4,David Alan Grier,Kym Johnson,Eliminated Week 5,5.0,22.0,0.8178501487955734,6,5,11,False,False,0.09090909090909091,0.10689367176517249,0.1978027626742634,False
8,4,Gilles Marini,Cheryl Burke,2nd Place,,30.0,0.9008484489447204,1,1,2,False,False,0.12396694214876033,0.14145596802995364,0.265422910178714,False
8,4,Holly Madison,Dmitry Chaplin,Eliminated Week 4,4.0,16.0,0.1873191396562877,9,9,18,False,True,0.06611570247933884,0.010167925195803102,0.07628362767514195,True
8,4,Lawrence Taylor,Edyta Sliwinska,Eliminated Week 7,7.0,19.0,0.3445748261858808,8,8,16,False,False,0.07851239669421488,0.07335071476107768,0.15186311145529258,False
8,4,Lil' Kim,Derek Hough,Eliminated Week 9,9.0,27.0,0.6959726536477533,3,6,9,False,False,0.1115702479338843,0.13433471381507803,0.24590496174896231,False
8,4,Melissa Rycroft,Tony Dovolani,3rd Place,,29.0,0.89268875025122,2,2,4,False,False,0.11983471074380166,0.13168775320925166,0.25152246395305333,False
8,4,Shawn Johnson,Mark Ballas,1st Place,,25.0,0.868691738401051,4,3,7,False,False,0.10330578512396695,0.1295310682438406,0.23283685336780757,False
8,4,Steve Wozniak,Karina Smirnoff,Eliminated Week 4,4.0,12.0,0.0803861227160744,11,11,22,True,True,0.049586776859504134,0.0,0.049586776859504134,True
8,4,Steve-O,Lacey Schwimmer,Eliminated Week 6,6.0,15.0,0.1741582982892485,10,10,20,True,False,0.06198347107438017,0.0419872333023125,0.10397070437669267,False
8,4,Ty Murray,Chelsie Hightower,Eliminated Week 10,10.0,25.0,0.8683359524352596,4,4,8,False,False,0.10330578512396695,0.11507013683324774,0.21837592195721467,False
8,5,Chuck Wicks,Julianne Hough,Eliminated Week 8,8.0,23.0,0.8829080848435209,5,4,9,False,False,0.10952380952380952,0.12840787623242797,0.2379316857562375,False
8,5,David Alan Grier,Kym Johnson,Eliminated Week 5,5.0,22.0,0.5722522236403607,6,7,13,False,True,0.10476190476190476,0.0,0.10476190476190476,True
8,5,Gilles Marini,Cheryl Burke,2nd Place,,29.0,0.9195949606422792,1,2,3,False,False,0.1380952380952381,0.17523700169724016,0.31333223979247826,False
8,5,Lawrence Taylor,Edyta Sliwinska,Eliminated Week 7,7.0,20.0,0.369502157229345,8,9,17,True,False,0.09523809523809523,0.020483779509922383,0.11572187474801762,False
8,5,Lil' Kim,Derek Hough,Eliminated Week 9,9.0,26.0,0.9276833979287992,2,1,3,False,False,0.12380952380952381,0.17014107724012492,0.29395060104964876,False
8,5,Melissa Rycroft,Tony Dovolani,3rd Place,,25.0,0.8382306367508315,4,5,9,False,False,0.11904761904761904,0.1409222669580279,0.25996988600564697,False
8,5,Shawn Johnson,Mark Ballas,1st Place,,26.0,0.8867409885433253,2,3,5,False,False,0.12380952380952381,0.17180450824206855,0.29561403205159237,False
8,5,Steve-O,Lacey Schwimmer,Eliminated Week 6,6.0,18.0,0.5687064566947881,9,8,17,False,False,0.08571428571428572,0.08851998429770826,0.17423427001199399,False
8,5,Ty Murray,Chelsie Hightower,Eliminated Week 10,10.0,21.0,0.733872432789598,7,6,13,False,False,0.1,0.10448350582247976,0.20448350582247976,False
8,6,Chuck Wicks,Julianne Hough,Eliminated Week 8,8.0,23.0,0.8573561885712421,5,3,8,False,False,0.12365591397849462,0.1443432787344865,0.2679991927129811,False
8,6,Gilles Marini,Cheryl Burke,2nd Place,,26.0,0.827255731992852,3,5,8,False,False,0.13978494623655913,0.17073910193104275,0.3105240481676019,False
8,6,Lawrence Taylor,Edyta Sliwinska,Eliminated Week 7,7.0,22.0,0.4956501240764863,6,8,14,False,False,0.11827956989247312,0.07563683062079703,0.19391640051327014,False
8,6,Lil' Kim,Derek Hough,Eliminated Week 9,9.0,28.0,0.9286825800036886,1,1,2,False,False,0.15053763440860216,0.1985634975296171,0.34910113193821923,False
8,6,Melissa Rycroft,Tony Dovolani,3rd Place,,27.0,0.8561023426345284,2,4,6,False,False,0.14516129032258066,0.17600829545993124,0.32116958578251187,False
8,6,Shawn Johnson,Mark Ballas,1st Place,,26.0,0.8674637304001009,3,2,5,False,False,0.13978494623655913,0.17868375804711378,0.3184687042836729,False
8,6,Steve-O,Lacey Schwimmer,Eliminated Week 6,6.0,16.0,0.6531205248559693,8,7,15,True,True,0.08602150537634409,0.0,0.08602150537634409,True
8,6,Ty Murray,Chelsie Hightower,Eliminated Week 10,10.0,18.0,0.7109244202926024,7,6,13,False,False,0.0967741935483871,0.05602523767701172,0.15279943122539882,False
8,7,Chuck Wicks,Julianne Hough,Eliminated Week 8,8.0,27.0,0.8851808716843216,3,2,5,False,False,0.14835164835164835,0.18875995356503622,0.33711160191668454,False
8,7,Gilles Marini,Cheryl Burke,2nd Place,,27.0,0.3982541287178663,3,7,10,False,False,0.14835164835164835,0.1910265043774335,0.33937815272908184,False
8,7,Lawrence Taylor,Edyta Sliwinska,Eliminated Week 7,7.0,21.0,0.6785001083172506,7,5,12,True,True,0.11538461538461539,0.0,0.11538461538461539,True
8,7,Lil' Kim,Derek Hough,Eliminated Week 9,9.0,26.0,0.6125363320308115,5,6,11,False,False,0.14285714285714285,0.14281814267343482,0.28567528553057764,False
8,7,Melissa Rycroft,Tony Dovolani,3rd Place,,29.0,0.9152681109121644,1,1,2,False,False,0.15934065934065933,0.2119854237143212,0.3713260830549805,False
8,7,Shawn Johnson,Mark Ballas,1st Place,,28.0,0.856093287366567,2,3,5,False,False,0.15384615384615385,0.21163523754046096,0.36548139138661484,False
8,7,Ty Murray,Chelsie Hightower,Eliminated Week 10,10.0,24.0,0.748914769495409,6,4,10,False,False,0.13186813186813187,0.053774738129313354,0.18564286999744523,False
8,8,Chuck Wicks,Julianne Hough,Eliminated Week 8,8.0,25.5,0.8390615476760847,5,3,8,False,True,0.16346153846153846,0.0,0.16346153846153846,True
8,8,Gilles Marini,Cheryl Burke,2nd Place,,27.5,0.8254848233421596,2,5,7,False,False,0.1762820512820513,0.23514015255213183,0.41142220383418315,False
8,8,Lil' Kim,Derek Hough,Eliminated Week 9,9.0,28.0,0.9432656828247586,1,1,2,False,False,0.1794871794871795,0.24066275621149727,0.42014993569867676,False
8,8,Melissa Rycroft,Tony Dovolani,3rd Place,,23.0,0.2658996545540073,6,6,12,True,False,0.14743589743589744,0.12990066081363957,0.277336558249537,False
8,8,Shawn Johnson,Mark Ballas,1st Place,,26.0,0.8360103347865421,3,4,7,False,False,0.16666666666666666,0.21594399082356566,0.3826106574902323,False
8,8,Ty Murray,Chelsie Hightower,Eliminated Week 10,10.0,26.0,0.8507104892998201,3,2,5,False,False,0.16666666666666666,0.17835243959916577,0.34501910626583243,False
8,9,Gilles Marini,Cheryl Burke,2nd Place,,28.0,0.8257674597982919,2,2,4,False,False,0.20973782771535582,0.2987675986057793,0.508505426321135,False
8,9,Lil' Kim,Derek Hough,Eliminated Week 9,9.0,26.0,0.7047119654106777,4,3,7,False,True,0.1947565543071161,0.0,0.1947565543071161,True
8,9,Melissa Rycroft,Tony Dovolani,3rd Place,,28.5,0.9070145928286596,1,1,2,False,False,0.21348314606741572,0.3217184365905351,0.5352015826579508,False
8,9,Shawn Johnson,Mark Ballas,1st Place,,28.0,0.6224129425728744,2,4,6,False,False,0.20973782771535582,0.31423910884020706,0.5239769365555629,False
8,9,Ty Murray,Chelsie Hightower,Eliminated Week 10,10.0,23.0,0.1864520031463857,5,5,10,True,False,0.17228464419475656,0.06527485596347844,0.23755950015823502,False
8,10,Gilles Marini,Cheryl Burke,2nd Place,,30.0,0.9105486741795432,1,1,2,False,False,0.273972602739726,0.3837345903528878,0.6577071930926138,False
8,10,Melissa Rycroft,Tony Dovolani,3rd Place,,27.5,0.6938794638464784,3,3,6,False,False,0.2511415525114155,0.27278809772927837,0.5239296502406938,False
8,10,Shawn Johnson,Mark Ballas,1st Place,,28.0,0.7552674970856301,2,2,4,False,False,0.2557077625570776,0.34347731191783387,0.5991850744749114,False
8,10,Ty Murray,Chelsie Hightower,Eliminated Week 10,10.0,24.0,0.2319198493083646,4,4,8,True,True,0.2191780821917808,0.0,0.2191780821917808,True
9,1,Aaron Carter,Karina Smirnoff,Eliminated Week 8,8.0,31.9999,0.9202548886558404,2,3,5,False,False,0.07881779829674206,0.08516369722150235,0.16398149551824442,False
9,1,Ashley Hamiliton,Edyta Sliwinska,Eliminated Week 1,1.0,18.9999,0.2836506531981413,15,15,30,True,True,0.046797967676719905,0.0017710681914612275,0.048569035868181135,True
9,1,Chuck Liddell,Anna Trebunskaya,Eliminated Week 4,4.0,22.0,0.8291694152210578,10,10,20,False,False,0.05418740566465287,0.06375600187331888,0.11794340753797175,False
9,1,Debi Mazar,Maksim Chmerkoskiy,Eliminated Week 3,3.0,22.0,0.5711127191172146,10,11,21,False,False,0.05418740566465287,0.06567251362353631,0.11985991928818918,False
9,1,Donny Osmond,Kym Johnson,1st Place,,29.9999,0.8941070219512911,5,5,10,False,False,0.07389167050904634,0.07620627614868229,0.15009794665772863,False
9,1,Joanna Krupa,Derek Hough,Eliminated Week 9,9.0,33.9999,0.9466614358102428,1,1,2,False,False,0.08374392608443776,0.09138770992817054,0.17513163601260828,False
9,1,Kathy Ireland,Tony Dovolani,Eliminated Week 2,2.0,19.9999,0.4834408927657186,12,12,24,False,False,0.04926103157056776,0.06069604990754941,0.10995708147811717,False
9,1,Kelly Osbourne,Louis van Amstel,3rd Place,,30.9998,0.9019086453112029,4,4,8,False,False,0.07635448809650482,0.07838725812516881,0.15474174622167364,False
9,1,Louie Vito,Chelsie Hightower,Eliminated Week 6,6.0,26.9998,0.8738394867051025,7,8,15,False,False,0.06650223252111338,0.07055857017722746,0.13706080269834084,False
9,1,Macy Gray,Jonathan Roberts,Eliminated Week 1,1.0,18.9999,0.4822629676365629,15,13,28,False,True,0.046797967676719905,0.0,0.046797967676719905,True
9,1,Mark Dacascos,Lacey Schwimmer,Eliminated Week 7,7.0,28.9998,0.8928013886248207,6,6,12,False,False,0.0714283603088091,0.07393846857496196,0.14536682888377106,False
9,1,Melissa Joan Hart,Mark Ballas,Eliminated Week 6,6.0,24.0,0.8428381639820215,9,9,18,False,False,0.05911353345234858,0.0717134528525204,0.13082698630486897,False
9,1,Michael Irvin,Anna Demidova,Eliminated Week 7,7.0,19.0,0.4788232218753921,14,14,28,False,False,0.046798213983109294,0.0469624807316447,0.09376069471475398,False
9,1,Mya,Dmitry Chaplin,2nd Place,,30.9999,0.9250505590826624,3,2,5,False,False,0.0763547344028942,0.0811510981659282,0.1575058325688224,False
9,1,Natalie Coughlin,Alec Mazo,Eliminated Week 5,5.0,26.9998,0.8770648852564559,7,7,14,False,False,0.06650223252111338,0.070584039691646,0.13708627221275937,False
9,1,Tom DeLay,Cheryl Burke,Withdrew,3.0,19.9999,0.227028043115376,12,16,28,True,False,0.04926103157056776,0.06205131478668145,0.11131234635724921,False
9,2,Aaron Carter,Karina Smirnoff,Eliminated Week 8,8.0,27.0,0.9169870957809438,1,2,3,False,False,0.09183673469387756,0.09387166203517262,0.18570839672905018,False
9,2,Chuck Liddell,Anna Trebunskaya,Eliminated Week 4,4.0,19.0,0.779516572201576,9,8,17,False,False,0.06462585034013606,0.06706599202580142,0.13169184236593748,False
9,2,Debi Mazar,Maksim Chmerkoskiy,Eliminated Week 3,3.0,21.0,0.8988468137980923,4,5,9,False,False,0.07142857142857142,0.08360856087750498,0.1550371323060764,False
9,2,Donny Osmond,Kym Johnson,1st Place,,25.0,0.8991526463185883,3,4,7,False,False,0.08503401360544217,0.08566133168274931,0.17069534528819147,False
9,2,Joanna Krupa,Derek Hough,Eliminated Week 9,9.0,20.0,0.7678923816927729,7,9,16,False,False,0.06802721088435375,0.08023386835703737,0.14826107924139112,False
9,2,Kathy Ireland,Tony Dovolani,Eliminated Week 2,2.0,18.0,0.1410716383353419,13,13,26,False,True,0.061224489795918366,0.0,0.061224489795918366,True
9,2,Kelly Osbourne,Louis van Amstel,3rd Place,,19.0,0.6470689480167611,9,11,20,False,False,0.06462585034013606,0.06749414801370984,0.1321199983538459,False
9,2,Louie Vito,Chelsie Hightower,Eliminated Week 6,6.0,19.0,0.715588644478143,9,10,19,False,False,0.06462585034013606,0.06719584972564986,0.13182170006578592,False
9,2,Mark Dacascos,Lacey Schwimmer,Eliminated Week 7,7.0,21.0,0.901253828063198,4,3,7,False,False,0.07142857142857142,0.0823580004800673,0.15378657190863873,False
9,2,Melissa Joan Hart,Mark Ballas,Eliminated Week 6,6.0,19.0,0.2287659175493451,9,12,21,False,False,0.06462585034013606,0.07338908152852444,0.13801493186866048,False
9,2,Michael Irvin,Anna Demidova,Eliminated Week 7,7.0,20.0,0.8300371633840206,7,7,14,False,False,0.06802721088435375,0.06846768908604542,0.13649489997039915,False
9,2,Mya,Dmitry Chaplin,2nd Place,,27.0,0.9424341184557016,1,1,2,False,False,0.09183673469387756,0.09214510968032402,0.18398184437420156,False
9,2,Natalie Coughlin,Alec Mazo,Eliminated Week 5,5.0,21.0,0.893758850954997,4,6,10,False,False,0.07142857142857142,0.08106333141632131,0.15249190284489272,False
9,2,Tom DeLay,Cheryl Burke,Withdrew,3.0,18.0,0.0484172656579238,13,14,27,True,False,0.061224489795918366,0.05744537509109189,0.11866986488701026,False
9,3,Aaron Carter,Karina Smirnoff,Eliminated Week 8,8.0,21.0,0.8849586773361345,4,5,9,False,False,0.08139534883720931,0.1102303893365835,0.1916257381737928,False
9,3,Chuck Liddell,Anna Trebunskaya,Eliminated Week 4,4.0,17.0,0.5183298732323554,10,10,20,False,False,0.06589147286821706,0.043693986476286105,0.10958545934450317,False
9,3,Debi Mazar,Maksim Chmerkoskiy,Eliminated Week 3,3.0,17.0,0.3756685724895038,10,11,21,False,True,0.06589147286821706,0.006939287170274589,0.07283076003849165,False
9,3,Donny Osmond,Kym Johnson,1st Place,,21.0,0.8950719909340172,4,4,8,False,False,0.08139534883720931,0.10728506063182659,0.18868040946903591,False
9,3,Joanna Krupa,Derek Hough,Eliminated Week 9,9.0,23.0,0.9325313751746938,3,2,5,False,False,0.08914728682170543,0.12069589526148838,0.2098431820831938,False
9,3,Kelly Osbourne,Louis van Amstel,3rd Place,,20.0,0.8766158888171893,6,6,12,False,False,0.07751937984496124,0.09931995923580925,0.17683933908077049,False
9,3,Louie Vito,Chelsie Hightower,Eliminated Week 6,6.0,20.0,0.8749458661516717,6,7,13,False,False,0.07751937984496124,0.09694891045684305,0.17446829030180427,False
9,3,Mark Dacascos,Lacey Schwimmer,Eliminated Week 7,7.0,18.0,0.6152525802323356,9,9,18,False,False,0.06976744186046512,0.08360782746999873,0.15337526933046386,False
9,3,Melissa Joan Hart,Mark Ballas,Eliminated Week 6,6.0,19.0,0.7778872640660055,8,8,16,False,False,0.07364341085271318,0.09227472775845384,0.16591813861116703,False
9,3,Michael Irvin,Anna Demidova,Eliminated Week 7,7.0,14.0,0.123989705341758,13,12,25,True,False,0.05426356589147287,0.00397112987221254,0.05823469576368541,True
9,3,Mya,Dmitry Chaplin,2nd Place,,27.0,0.9469975859854236,1,1,2,False,False,0.10465116279069768,0.12076100762089959,0.22541217041159728,False
9,3,Natalie Coughlin,Alec Mazo,Eliminated Week 5,5.0,26.0,0.9218212146929822,2,3,5,False,False,0.10077519379844961,0.11427181870932389,0.2150470125077735,False
9,3,Tom DeLay,Cheryl Burke,Withdrew,3.0,15.0,0.0429533938138633,12,13,25,True,True,0.05813953488372093,0.0,0.05813953488372093,True
9,4,Aaron Carter,Karina Smirnoff,Eliminated Week 8,8.0,18.0,0.308180668857451,8,10,18,False,False,0.0743801652892562,0.0966460967800088,0.171026262069265,False
9,4,Chuck Liddell,Anna Trebunskaya,Eliminated Week 4,4.0,17.0,0.3575525456912496,9,9,18,False,True,0.07024793388429752,0.0,0.07024793388429752,True
9,4,Donny Osmond,Kym Johnson,1st Place,,24.0,0.8937571406491953,4,4,8,False,False,0.09917355371900827,0.10742626917458559,0.20659982289359385,False
9,4,Joanna Krupa,Derek Hough,Eliminated Week 9,9.0,26.0,0.9150479202609902,3,3,6,False,False,0.10743801652892562,0.12794442460812908,0.2353824411370547,False
9,4,Kelly Osbourne,Louis van Amstel,3rd Place,,23.0,0.847950198738741,6,6,12,False,False,0.09504132231404959,0.10340950735674151,0.19845082967079108,False
9,4,Louie Vito,Chelsie Hightower,Eliminated Week 6,6.0,16.0,0.5163631457986799,10,8,18,False,False,0.06611570247933884,0.0632212330942287,0.12933693557356754,False
9,4,Mark Dacascos,Lacey Schwimmer,Eliminated Week 7,7.0,22.0,0.826858575170432,7,7,14,False,False,0.09090909090909091,0.078155613122134,0.16906470403122492,False
9,4,Melissa Joan Hart,Mark Ballas,Eliminated Week 6,6.0,28.0,0.9414816871838692,1,2,3,False,False,0.11570247933884298,0.1376052630035079,0.2533077423423509,False
9,4,Michael Irvin,Anna Demidova,Eliminated Week 7,7.0,16.0,0.1085389810243232,10,11,21,True,False,0.06611570247933884,0.0440246084063125,0.11014031088565135,False
9,4,Mya,Dmitry Chaplin,2nd Place,,28.0,0.941531218181906,1,1,2,False,False,0.11570247933884298,0.13098449372732215,0.24668697306616513,False
9,4,Natalie Coughlin,Alec Mazo,Eliminated Week 5,5.0,24.0,0.8807420905389365,4,5,9,False,False,0.09917355371900827,0.11058249072702961,0.20975604444603788,False
9,5,Aaron Carter,Karina Smirnoff,Eliminated Week 8,8.0,24.0,0.876377869648701,4,5,9,False,False,0.09917355371900827,0.11760767341062779,0.21678122712963604,False
9,5,Donny Osmond,Kym Johnson,1st Place,,29.0,0.9348931988979698,1,1,2,False,False,0.11983471074380166,0.13438800647694935,0.254222717220751,False
9,5,Joanna Krupa,Derek Hough,Eliminated Week 9,9.0,24.0,0.8869535150487284,4,4,8,False,False,0.09917355371900827,0.1245188025079816,0.22369235622698985,False
9,5,Kelly Osbourne,Louis van Amstel,3rd Place,,24.0,0.8560011391187222,4,6,10,False,False,0.09917355371900827,0.11322516034993266,0.21239871406894092,False
9,5,Louie Vito,Chelsie Hightower,Eliminated Week 6,6.0,22.0,0.7930428072817949,8,7,15,False,False,0.09090909090909091,0.08709672133855917,0.17800581224765008,False
9,5,Mark Dacascos,Lacey Schwimmer,Eliminated Week 7,7.0,26.0,0.9119453996431328,3,3,6,False,False,0.10743801652892562,0.11935058937834107,0.22678860590726668,False
9,5,Melissa Joan Hart,Mark Ballas,Eliminated Week 6,6.0,23.0,0.6447477365248966,7,9,16,False,False,0.09504132231404959,0.10308400658038115,0.19812532889443074,False
9,5,Michael Irvin,Anna Demidova,Eliminated Week 7,7.0,21.0,0.2310439292537812,10,10,20,True,False,0.08677685950413223,0.07373047336713588,0.16050733287126812,False
9,5,Mya,Dmitry Chaplin,2nd Place,,27.0,0.9250734546395494,2,2,4,False,False,0.1115702479338843,0.12699856659009126,0.23856881452397555,False
9,5,Natalie Coughlin,Alec Mazo,Eliminated Week 5,5.0,22.0,0.6588871602090152,8,8,16,False,True,0.09090909090909091,0.0,0.09090909090909091,True
9,6,Aaron Carter,Karina Smirnoff,Eliminated Week 8,8.0,32.9998,0.8989683106814185,3,3,6,False,False,0.12692274704027823,0.16439509133465097,0.2913178383749292,False
9,6,Donny Osmond,Kym Johnson,1st Place,,30.9999,0.8603899712768542,5,5,10,False,False,0.1192307973373754,0.13664319702253996,0.25587399435991537,False
9,6,Joanna Krupa,Derek Hough,Eliminated Week 9,9.0,35.9999,0.926074842692286,1,1,2,False,False,0.13846163313642237,0.19306342349363795,0.3315250566300603,False
9,6,Kelly Osbourne,Louis van Amstel,3rd Place,,24.9998,0.821278044602184,6,6,12,False,False,0.09615340976180302,0.1245988645042166,0.22075227426601962,False
9,6,Louie Vito,Chelsie Hightower,Eliminated Week 6,6.0,24.0,0.7139339341940647,7,7,14,False,True,0.09230801183542559,0.0,0.09230801183542559,True
9,6,Mark Dacascos,Lacey Schwimmer,Eliminated Week 7,7.0,32.0,0.8936210043027635,4,4,8,False,False,0.12307734911390078,0.14970274524531507,0.27278009435921585,False
9,6,Melissa Joan Hart,Mark Ballas,Eliminated Week 6,6.0,23.9999,0.192089912166899,8,8,16,True,True,0.09230762721870961,0.004735862709499118,0.09704348992820873,True
9,6,Michael Irvin,Anna Demidova,Eliminated Week 7,7.0,21.9998,0.144143784479523,9,9,18,True,False,0.08461490828237482,0.056437096660169855,0.14105200494254466,False
9,6,Mya,Dmitry Chaplin,2nd Place,,33.0,0.924680255793169,2,2,4,False,False,0.12692351627371018,0.17042371902997067,0.29734723530368085,False
9,7,Aaron Carter,Karina Smirnoff,Eliminated Week 8,8.0,26.5,0.8392604935018719,2,4,6,False,False,0.150997150997151,0.1742604346629125,0.32525758566006346,False
9,7,Donny Osmond,Kym Johnson,1st Place,,26.0,0.865349492552846,3,3,6,False,False,0.14814814814814814,0.19330434775426258,0.3414524959024107,False
9,7,Joanna Krupa,Derek Hough,Eliminated Week 9,9.0,27.5,0.8988788915923913,1,1,2,False,False,0.15669515669515668,0.26169989901420215,0.41839505570935887,False
9,7,Kelly Osbourne,Louis van Amstel,3rd Place,,26.0,0.8719187264448317,3,2,5,False,False,0.14814814814814814,0.211891425803883,0.3600395739520311,False
9,7,Mark Dacascos,Lacey Schwimmer,Eliminated Week 7,7.0,21.5,0.2439147521503453,7,7,14,True,True,0.1225071225071225,0.0,0.1225071225071225,True
9,7,Michael Irvin,Anna Demidova,Eliminated Week 7,7.0,23.5,0.362637413390403,6,6,12,True,True,0.1339031339031339,0.006211028277814376,0.1401141621809483,True
9,7,Mya,Dmitry Chaplin,2nd Place,,24.5,0.7884674714652193,5,5,10,False,False,0.1396011396011396,0.15263286448692537,0.292234004088065,False
9,8,Aaron Carter,Karina Smirnoff,Eliminated Week 8,8.0,25.0,0.8140186214860594,4,5,9,True,True,0.19083969465648856,0.0,0.19083969465648856,True
9,8,Donny Osmond,Kym Johnson,1st Place,,25.0,0.8176557908391902,4,4,8,False,False,0.19083969465648856,0.14901100345505414,0.33985069811154267,False
9,8,Joanna Krupa,Derek Hough,Eliminated Week 9,9.0,26.0,0.8996780320518065,2,2,4,False,False,0.1984732824427481,0.2941167175959824,0.4925900000387305,False
9,8,Kelly Osbourne,Louis van Amstel,3rd Place,,25.5,0.8465959132524034,3,3,6,False,False,0.1946564885496183,0.2323321281308659,0.4269886166804842,False
9,8,Mya,Dmitry Chaplin,2nd Place,,29.5,0.9408991643683854,1,1,2,False,False,0.22519083969465647,0.3245401508180976,0.5497309905127541,False
9,9,Donny Osmond,Kym Johnson,1st Place,,24.666600000000003,0.6362699940167454,4,4,8,True,False,0.23125016992245911,0.16903703119715274,0.40028720111961186,False
9,9,Joanna Krupa,Derek Hough,Eliminated Week 9,9.0,27.0,0.8965862071945407,2,2,4,False,True,0.2531258701201785,0.0,0.2531258701201785,True
9,9,Kelly Osbourne,Louis van Amstel,3rd Place,,25.9998,0.8408354010702258,3,3,6,False,False,0.2437489628870599,0.23385801936269937,0.4776069822497593,False
9,9,Mya,Dmitry Chaplin,2nd Place,,28.9999,0.9265545125043418,1,1,2,False,False,0.27187499707030244,0.5971049494401479,0.8689799465104504,False
10,2,Aiden Turner,Edyta Sliwinska,Eliminated Week 4,4.0,19.0,0.7849868274827796,8,8,16,False,False,0.08636363636363636,0.08961131052707819,0.17597494689071455,False
10,2,Buzz Aldrin,Ashly DelGrosso,Eliminated Week 3,3.0,12.0,0.5119011936700177,11,9,20,False,False,0.05454545454545454,0.06498291342595552,0.11952836797141006,False
10,2,Chad Ochocinco,Cheryl Burke,Eliminated Week 9,9.0,16.0,0.2361570392356395,9,10,19,False,False,0.07272727272727272,0.07731815950363358,0.1500454322309063,False
10,2,Erin Andrews,Maksim Chmerkoskiy,3rd Place,,23.0,0.9099348079500204,3,3,6,False,False,0.10454545454545454,0.12605875236888908,0.23060420691434363,False
10,2,Evan Lysacek,Anna Trebunskaya,2nd Place,,24.0,0.9185466469205932,2,2,4,False,False,0.10909090909090909,0.12917693890162374,0.2382678479925328,False
10,2,Jake Pavelka,Chelsie Hightower,Eliminated Week 6,6.0,20.0,0.8223201974519712,6,7,13,False,False,0.09090909090909091,0.08648002556967078,0.1773891164787617,False
10,2,Kate Gosselin,Tony Dovolani,Eliminated Week 5,5.0,15.0,0.1272250178446584,10,11,21,True,False,0.06818181818181818,0.06278341643745204,0.13096523461927023,False
10,2,Nicole Scherzinger,Derek Hough,1st Place,,28.0,0.952593949898031,1,1,2,False,False,0.12727272727272726,0.1480636676751484,0.27533639494787565,False
10,2,Niecy Nash,Louis van Amstel,Eliminated Week 8,8.0,21.0,0.8812171704449868,5,5,10,False,False,0.09545454545454546,0.10589364102572695,0.20134818648027242,False
10,2,Pamela Anderson,Damian Whitewood,Eliminated Week 7,7.0,22.0,0.9007242704335776,4,4,8,False,False,0.1,0.10963117456482178,0.20963117456482178,False
10,2,Shannen Doherty,Mark Ballas,Eliminated Week 2,2.0,20.0,0.8583109495119824,6,6,12,False,True,0.09090909090909091,0.0,0.09090909090909091,True
10,3,Aiden Turner,Edyta Sliwinska,Eliminated Week 4,4.0,20.0,0.8003473474266801,7,7,14,False,False,0.09852216748768473,0.09342920880568185,0.1919513762933666,False
10,3,Buzz Aldrin,Ashly DelGrosso,Eliminated Week 3,3.0,13.0,0.2781134535560489,10,10,20,True,True,0.06403940886699508,0.0,0.06403940886699508,True
10,3,Chad Ochocinco,Cheryl Burke,Eliminated Week 9,9.0,20.0,0.7537930172833149,7,8,15,False,False,0.09852216748768473,0.093149022736623,0.19167119022430773,False
10,3,Erin Andrews,Maksim Chmerkoskiy,3rd Place,,23.0,0.9170123292451128,2,3,5,False,False,0.11330049261083744,0.1340502082471682,0.24735070085800565,False
10,3,Evan Lysacek,Anna Trebunskaya,2nd Place,,26.0,0.929725806073066,1,1,2,False,False,0.12807881773399016,0.1365459163004989,0.26462473403448905,False
10,3,Jake Pavelka,Chelsie Hightower,Eliminated Week 6,6.0,21.0,0.8861238463963765,4,4,8,False,False,0.10344827586206896,0.10738843798766981,0.2108367138497388,False
10,3,Kate Gosselin,Tony Dovolani,Eliminated Week 5,5.0,15.0,0.4261598095358118,9,9,18,False,False,0.07389162561576355,0.07179242117746902,0.14568404679323257,False
10,3,Nicole Scherzinger,Derek Hough,1st Place,,23.0,0.9170826705779668,2,2,4,False,False,0.11330049261083744,0.14019573251383452,0.25349622512467196,False
10,3,Niecy Nash,Louis van Amstel,Eliminated Week 8,8.0,21.0,0.8839574537938053,4,5,9,False,False,0.10344827586206896,0.11266703593590455,0.2161153117979735,False
10,3,Pamela Anderson,Damian Whitewood,Eliminated Week 7,7.0,21.0,0.8760966057967293,4,6,10,False,False,0.10344827586206896,0.11078201629515017,0.21423029215721912,False
10,4,Aiden Turner,Edyta Sliwinska,Eliminated Week 4,4.0,16.5,0.5776394696648024,8,7,15,False,True,0.0889487870619946,0.0,0.0889487870619946,True
10,4,Chad Ochocinco,Cheryl Burke,Eliminated Week 9,9.0,22.0,0.8715184221477998,4,4,8,False,False,0.11859838274932614,0.1413348068564957,0.25993318960582185,False
10,4,Erin Andrews,Maksim Chmerkoskiy,3rd Place,,19.5,0.6833959866767167,5,5,10,False,False,0.10512129380053908,0.1320829220930232,0.23720421589356228,False
10,4,Evan Lysacek,Anna Trebunskaya,2nd Place,,26.0,0.9258991739732548,1,2,3,False,False,0.14016172506738545,0.1594166246082406,0.299578349675626,False
10,4,Jake Pavelka,Chelsie Hightower,Eliminated Week 6,6.0,19.0,0.6434103755538529,6,6,12,False,False,0.10242587601078167,0.07569554080743408,0.17812141681821575,False
10,4,Kate Gosselin,Tony Dovolani,Eliminated Week 5,5.0,16.0,0.563305373874788,9,8,17,True,False,0.0862533692722372,0.08061058038183999,0.1668639496540772,False
10,4,Nicole Scherzinger,Derek Hough,1st Place,,25.0,0.9301736631925468,2,1,3,False,False,0.1347708894878706,0.1627384676157062,0.29750935710357684,False
10,4,Niecy Nash,Louis van Amstel,Eliminated Week 8,8.0,18.0,0.3680862188868331,7,9,16,False,False,0.09703504043126684,0.11038432586397665,0.2074193662952435,False
10,4,Pamela Anderson,Damian Whitewood,Eliminated Week 7,7.0,23.5,0.9001344085186587,3,3,6,False,False,0.12668463611859837,0.1377367317732837,0.2644213678918821,False
10,5,Chad Ochocinco,Cheryl Burke,Eliminated Week 9,9.0,18.0,0.2347916439572165,6,7,13,False,False,0.10404624277456648,0.13200929667994774,0.2360555394545142,False
10,5,Erin Andrews,Maksim Chmerkoskiy,3rd Place,,22.0,0.8770041505344072,4,4,8,False,False,0.12716763005780346,0.15423640553954424,0.2814040355973477,False
10,5,Evan Lysacek,Anna Trebunskaya,2nd Place,,27.0,0.9052175341741908,2,2,4,False,False,0.15606936416184972,0.16763399925858685,0.3237033634204366,False
10,5,Jake Pavelka,Chelsie Hightower,Eliminated Week 6,6.0,23.0,0.8931509826557129,3,3,6,False,False,0.1329479768786127,0.15700594260393969,0.2899539194825524,False
10,5,Kate Gosselin,Tony Dovolani,Eliminated Week 5,5.0,15.0,0.1007192221983219,8,8,16,True,True,0.08670520231213873,0.0,0.08670520231213873,True
10,5,Nicole Scherzinger,Derek Hough,1st Place,,29.0,0.9437989153757368,1,1,2,False,False,0.1676300578034682,0.19277979226091083,0.36040985006437903,False
10,5,Niecy Nash,Louis van Amstel,Eliminated Week 8,8.0,18.0,0.4756126509233839,6,6,12,False,False,0.10404624277456648,0.10947293164349384,0.21351917441806031,False
10,5,Pamela Anderson,Damian Whitewood,Eliminated Week 7,7.0,21.0,0.7742598551025622,5,5,10,False,False,0.12138728323699421,0.0868616320135768,0.20824891525057102,False
10,6,Chad Ochocinco,Cheryl Burke,Eliminated Week 9,9.0,30.9999,0.875893518833704,3,3,6,False,False,0.14832537716633504,0.18431568263947007,0.3326410598058051,False
10,6,Erin Andrews,Maksim Chmerkoskiy,3rd Place,,34.0,0.9154947143781024,2,2,4,False,False,0.16267997069846646,0.19314740929732752,0.35582737999579395,False
10,6,Evan Lysacek,Anna Trebunskaya,2nd Place,,27.0,0.8305519420225744,5,5,10,False,False,0.12918703555466454,0.13045509925582252,0.25964213481048704,False
10,6,Jake Pavelka,Chelsie Hightower,Eliminated Week 6,6.0,24.9999,0.5217056167753631,7,7,14,True,True,0.11961714704307623,0.0,0.11961714704307623,True
10,6,Nicole Scherzinger,Derek Hough,1st Place,,35.9999,0.937838487942914,1,1,2,False,False,0.17224890226905065,0.21542797449900436,0.387676876768055,False
10,6,Niecy Nash,Louis van Amstel,Eliminated Week 8,8.0,25.9998,0.7174631521637442,6,6,12,False,False,0.12440137359311731,0.12815003819966314,0.25255141179278046,False
10,6,Pamela Anderson,Damian Whitewood,Eliminated Week 7,7.0,29.9998,0.8660280947830854,4,4,8,False,False,0.14354019367528983,0.14850379610871253,0.29204398978400237,False
10,7,Chad Ochocinco,Cheryl Burke,Eliminated Week 9,9.0,26.0,0.8102338570876297,3,3,6,False,False,0.16720257234726688,0.22537339524198155,0.3925759675892484,False
10,7,Erin Andrews,Maksim Chmerkoskiy,3rd Place,,25.5,0.3911601785402975,4,6,10,False,False,0.1639871382636656,0.192975739902187,0.3569628781658526,False
10,7,Evan Lysacek,Anna Trebunskaya,2nd Place,,27.0,0.8548781986601934,1,2,3,False,False,0.17363344051446947,0.24221875867992784,0.4158521991943973,False
10,7,Nicole Scherzinger,Derek Hough,1st Place,,27.0,0.9082750561631446,1,1,2,False,False,0.17363344051446947,0.2782738842381256,0.4519073247525951,False
10,7,Niecy Nash,Louis van Amstel,Eliminated Week 8,8.0,24.5,0.5910081499168982,6,5,11,True,False,0.15755627009646303,0.061158221937777965,0.21871449203424098,False
10,7,Pamela Anderson,Damian Whitewood,Eliminated Week 7,7.0,25.5,0.7792645370104407,4,4,8,False,True,0.1639871382636656,0.0,0.1639871382636656,True
10,8,Chad Ochocinco,Cheryl Burke,Eliminated Week 9,9.0,22.5,0.5870746656886436,4,4,8,False,False,0.17786561264822134,0.1964716777277726,0.37433729037599395,False
10,8,Erin Andrews,Maksim Chmerkoskiy,3rd Place,,26.5,0.8881503941995317,2,2,4,False,False,0.20948616600790515,0.2582812129630503,0.46776737897095544,False
10,8,Evan Lysacek,Anna Trebunskaya,2nd Place,,26.5,0.8816130072126125,2,3,5,False,False,0.20948616600790515,0.24812586166428952,0.45761202767219467,False
10,8,Nicole Scherzinger,Derek Hough,1st Place,,29.5,0.9358687176586326,1,1,2,False,False,0.233201581027668,0.2971212476448875,0.5303228286725555,False
10,8,Niecy Nash,Louis van Amstel,Eliminated Week 8,8.0,21.5,0.1838257703562004,5,5,10,True,True,0.16996047430830039,0.0,0.16996047430830039,True
10,9,Chad Ochocinco,Cheryl Burke,Eliminated Week 9,9.0,26.0,0.7921856115746722,4,4,8,True,True,0.23008849557522124,0.0,0.23008849557522124,True
10,9,Erin Andrews,Maksim Chmerkoskiy,3rd Place,,28.0,0.8468333246932342,3,3,6,False,False,0.24778761061946902,0.2156467742213991,0.46343438484086813,False
10,9,Evan Lysacek,Anna Trebunskaya,2nd Place,,29.5,0.8756186148430738,1,2,3,False,False,0.2610619469026549,0.3811336339854003,0.6421955808880552,False
10,9,Nicole Scherzinger,Derek Hough,1st Place,,29.5,0.928598889833542,1,1,2,False,False,0.2610619469026549,0.40321959179320066,0.6642815386958556,False
11,1,Audrina Patridge,Tony Dovolani,Eliminated Week 6,6.0,19.0,0.8749801561243791,5,6,11,False,False,0.08370044052863436,0.09426685793509508,0.17796729846372944,False
11,1,Brandy,Maksim Chmerkoskiy,Eliminated Week 9,9.0,23.0,0.923870588691884,2,3,5,False,False,0.1013215859030837,0.10832681026064776,0.20964839616373146,False
11,1,Bristol Palin,Mark Ballas,3rd Place,,18.0,0.8613012410554991,7,7,14,False,False,0.07929515418502203,0.09258320283412222,0.17187835701914425,False
11,1,David Hasselhoff,Kym Johnson,Eliminated Week 1,1.0,15.0,0.3031256519794583,10,12,22,True,True,0.06607929515418502,0.0,0.06607929515418502,True
11,1,Florence Henderson,Corky Ballas,Eliminated Week 5,5.0,18.0,0.7711470210418128,7,8,15,False,False,0.07929515418502203,0.07798632917236695,0.15728148335738898,False
11,1,Jennifer Grey,Derek Hough,1st Place,,24.0,0.9466013872790344,1,1,2,False,False,0.10572687224669604,0.11610894418399965,0.2218358164306957,False
11,1,Kurt Warner,Anna Trebunskaya,Eliminated Week 8,8.0,19.0,0.8816694268197052,5,5,10,False,False,0.08370044052863436,0.09127279893208445,0.1749732394607188,False
11,1,Kyle Massey,Lacey Schwimmer,2nd Place,,23.0,0.9364429734320358,2,2,4,False,False,0.1013215859030837,0.10830583294563877,0.20962741884872246,False
11,1,Margaret Cho,Louis van Amstel,Eliminated Week 3,3.0,15.0,0.5798810014148204,10,10,20,False,False,0.06607929515418502,0.07171389514939805,0.13779319030358306,False
11,1,Michael Bolton,Chelsie Hightower,Eliminated Week 2,2.0,16.0,0.6766195980222864,9,9,18,False,False,0.07048458149779736,0.06736405330150486,0.1378486347993022,False
11,1,Rick Fox,Cheryl Burke,Eliminated Week 7,7.0,22.0,0.8895094412991426,4,4,8,False,False,0.09691629955947137,0.10043568591007764,0.19735198546954902,False
11,1,The Situation,Karina Smirnoff,Eliminated Week 4,4.0,15.0,0.5582491673179211,10,11,21,False,False,0.06607929515418502,0.07163558937506465,0.13771488452924968,False
11,2,Audrina Patridge,Tony Dovolani,Eliminated Week 6,6.0,23.0,0.9118991460650722,2,4,6,False,False,0.10407239819004525,0.11726836207429164,0.2213407602643369,False
11,2,Brandy,Maksim Chmerkoskiy,Eliminated Week 9,9.0,21.0,0.8736277327048578,5,6,11,False,False,0.09502262443438914,0.10421055169691079,0.19923317613129993,False
11,2,Bristol Palin,Mark Ballas,3rd Place,,22.0,0.91632918452807,3,3,6,False,False,0.09954751131221719,0.11873657718522848,0.21828408849744568,False
11,2,Florence Henderson,Corky Ballas,Eliminated Week 5,5.0,19.0,0.4958670770361286,8,10,18,False,False,0.08597285067873303,0.08295558583591812,0.16892843651465117,False
11,2,Jennifer Grey,Derek Hough,1st Place,,24.0,0.94341421028197,1,1,2,False,False,0.1085972850678733,0.12701016066195964,0.23560744572983294,False
11,2,Kurt Warner,Anna Trebunskaya,Eliminated Week 8,8.0,21.0,0.8761715969503289,5,5,10,False,False,0.09502262443438914,0.09911642266765508,0.19413904710204422,False
11,2,Kyle Massey,Lacey Schwimmer,2nd Place,,22.0,0.917547777607673,3,2,5,False,False,0.09954751131221719,0.11416221332226109,0.2137097246344783,False
11,2,Margaret Cho,Louis van Amstel,Eliminated Week 3,3.0,18.0,0.7822201613677492,9,8,17,False,False,0.08144796380090498,0.0465497350164955,0.12799769881740047,False
11,2,Michael Bolton,Chelsie Hightower,Eliminated Week 2,2.0,12.0,0.1512124248786742,11,11,22,True,True,0.05429864253393665,0.0,0.05429864253393665,True
11,2,Rick Fox,Cheryl Burke,Eliminated Week 7,7.0,21.0,0.8675545953424565,5,7,12,False,False,0.09502262443438914,0.10604409587873867,0.2010667203131278,False
11,2,The Situation,Karina Smirnoff,Eliminated Week 4,4.0,18.0,0.7769215097265139,9,9,18,False,False,0.08144796380090498,0.083946295660541,0.16539425946144598,False
11,3,Audrina Patridge,Tony Dovolani,Eliminated Week 6,6.0,26.0,0.9223930152411476,1,2,3,False,False,0.11764705882352941,0.13284197172184148,0.25048903054537086,False
11,3,Brandy,Maksim Chmerkoskiy,Eliminated Week 9,9.0,24.0,0.9219307232512796,2,3,5,False,False,0.1085972850678733,0.1289027866110615,0.2375000716789348,False
11,3,Bristol Palin,Mark Ballas,3rd Place,,19.0,0.2488308541019458,9,10,19,True,False,0.08597285067873303,0.09644096706203767,0.1824138177407707,False
11,3,Florence Henderson,Corky Ballas,Eliminated Week 5,5.0,20.0,0.6698451426040103,7,8,15,False,False,0.09049773755656108,0.08927328573426586,0.17977102329082695,False
11,3,Jennifer Grey,Derek Hough,1st Place,,24.0,0.9253111007186104,2,1,3,False,False,0.1085972850678733,0.13194722603357018,0.24054451110144348,False
11,3,Kurt Warner,Anna Trebunskaya,Eliminated Week 8,8.0,23.0,0.8652273202858032,5,6,11,False,False,0.10407239819004525,0.10558783073187997,0.2096602289219252,False
11,3,Kyle Massey,Lacey Schwimmer,2nd Place,,23.0,0.8887003159514736,5,5,10,False,False,0.10407239819004525,0.11106680001292257,0.21513919820296784,False
11,3,Margaret Cho,Louis van Amstel,Eliminated Week 3,3.0,18.0,0.3788214743720489,10,9,19,False,True,0.08144796380090498,0.0,0.08144796380090498,True
11,3,Rick Fox,Cheryl Burke,Eliminated Week 7,7.0,24.0,0.9113949378621647,2,4,6,False,False,0.1085972850678733,0.12950511809400936,0.23810240316188266,False
11,3,The Situation,Karina Smirnoff,Eliminated Week 4,4.0,20.0,0.8403349876987016,7,7,14,False,False,0.09049773755656108,0.07443401399841151,0.16493175155497258,False
11,4,Audrina Patridge,Tony Dovolani,Eliminated Week 6,6.0,23.0,0.8698649779360677,3,4,7,False,False,0.12849162011173185,0.1389381768419024,0.2674297969536342,False
11,4,Brandy,Maksim Chmerkoskiy,Eliminated Week 9,9.0,24.0,0.9120940307635624,2,2,4,False,False,0.1340782122905028,0.147920215281586,0.2819984275720888,False
11,4,Bristol Palin,Mark Ballas,3rd Place,,16.0,0.1998102658393189,8,8,16,False,False,0.0893854748603352,0.11406382982142192,0.20344930468175712,False
11,4,Florence Henderson,Corky Ballas,Eliminated Week 5,5.0,17.5,0.2048075077717449,6,6,12,False,False,0.09776536312849161,0.09071204371523164,0.18847740684372327,False
11,4,Jennifer Grey,Derek Hough,1st Place,,28.0,0.9450114930775856,1,1,2,False,False,0.1564245810055866,0.16077597488190482,0.3172005558874914,False
11,4,Kurt Warner,Anna Trebunskaya,Eliminated Week 8,8.0,17.0,0.2010842959455252,7,7,14,False,False,0.09497206703910614,0.09063824787373873,0.18561031491284485,False
11,4,Kyle Massey,Lacey Schwimmer,2nd Place,,20.0,0.8877687710335411,4,3,7,False,False,0.11173184357541899,0.1341138728540818,0.2458457164295008,False
11,4,Rick Fox,Cheryl Burke,Eliminated Week 7,7.0,19.5,0.4303759919720445,5,5,10,False,False,0.10893854748603352,0.12283763873013272,0.23177618621616625,False
11,4,The Situation,Karina Smirnoff,Eliminated Week 4,4.0,14.0,0.0583790042540207,9,9,18,True,True,0.0782122905027933,0.0,0.0782122905027933,True
11,5,Audrina Patridge,Tony Dovolani,Eliminated Week 6,6.0,23.0,0.8432292154234736,5,5,10,False,False,0.12637362637362637,0.1322784041984299,0.25865203057205627,False
11,5,Brandy,Maksim Chmerkoskiy,Eliminated Week 9,9.0,27.0,0.9323971251497783,1,1,2,False,False,0.14835164835164835,0.1743368469834294,0.32268849533507776,False
11,5,Bristol Palin,Mark Ballas,3rd Place,,18.0,0.7200355329021,8,6,14,False,False,0.0989010989010989,0.10523190445299896,0.20413300335409784,False
11,5,Florence Henderson,Corky Ballas,Eliminated Week 5,5.0,21.0,0.6015265973139119,6,7,13,False,True,0.11538461538461539,0.0,0.11538461538461539,True
11,5,Jennifer Grey,Derek Hough,1st Place,,25.0,0.9135279420608626,2,2,4,False,False,0.13736263736263737,0.17044315291638135,0.3078057902790187,False
11,5,Kurt Warner,Anna Trebunskaya,Eliminated Week 8,8.0,24.0,0.8941765311863756,3,3,6,False,False,0.13186813186813187,0.15006648243166987,0.2819346142998017,False
11,5,Kyle Massey,Lacey Schwimmer,2nd Place,,20.0,0.5158167520177863,7,8,15,True,False,0.10989010989010989,0.11070951454057817,0.22059962443068806,False
11,5,Rick Fox,Cheryl Burke,Eliminated Week 7,7.0,24.0,0.8844904244550004,3,4,7,False,False,0.13186813186813187,0.15693369447651234,0.28880182634464424,False
11,6,Audrina Patridge,Tony Dovolani,Eliminated Week 6,6.0,31.9998,0.8886562772765848,2,3,5,False,True,0.1545889285615942,0.0,0.1545889285615942,True
11,6,Brandy,Maksim Chmerkoskiy,Eliminated Week 9,9.0,35.9999,0.9254512259952056,1,1,2,False,False,0.17391314849856981,0.25236911125589645,0.42628225975446626,False
11,6,Bristol Palin,Mark Ballas,3rd Place,,27.9998,0.7342812607588347,6,5,11,False,False,0.13526519171803963,0.14570766640292085,0.2809728581209605,False
11,6,Jennifer Grey,Derek Hough,1st Place,,29.0,0.6774691410746012,5,6,11,False,False,0.14009709211577046,0.10571984804494663,0.2458169401607171,False
11,6,Kurt Warner,Anna Trebunskaya,Eliminated Week 8,8.0,21.9999,0.0492109796685359,7,7,14,True,False,0.10628006954612891,0.10087429366158142,0.20715436320771033,False
11,6,Kyle Massey,Lacey Schwimmer,2nd Place,,29.9999,0.891474361401978,4,2,6,False,False,0.144927543233238,0.19494997210407755,0.3398775153373156,False
11,6,Rick Fox,Cheryl Burke,Eliminated Week 7,7.0,30.0,0.8294413956111127,3,4,7,False,False,0.1449280263266591,0.20037910853057717,0.3453071348572363,False
11,7,Brandy,Maksim Chmerkoskiy,Eliminated Week 9,9.0,36.5,0.9142160056335992,1,2,3,False,False,0.1750599520383693,0.23506368520985269,0.410123637248222,False
11,7,Bristol Palin,Mark Ballas,3rd Place,,32.5,0.7282450399230982,6,6,12,True,False,0.15587529976019185,0.07851526184427751,0.23439056160446936,False
11,7,Jennifer Grey,Derek Hough,1st Place,,36.5,0.942356869414968,1,1,2,False,False,0.1750599520383693,0.29420491282276595,0.4692648648611353,False
11,7,Kurt Warner,Anna Trebunskaya,Eliminated Week 8,8.0,35.0,0.8518315422335418,3,3,6,False,False,0.16786570743405277,0.21362020232317033,0.3814859097572231,False
11,7,Kyle Massey,Lacey Schwimmer,2nd Place,,33.5,0.7980491488005887,5,5,10,False,False,0.1606714628297362,0.17859593779993346,0.33926740062966965,False
11,7,Rick Fox,Cheryl Burke,Eliminated Week 7,7.0,34.5,0.8129286864716557,4,4,8,False,True,0.16546762589928057,0.0,0.16546762589928057,True
11,8,Brandy,Maksim Chmerkoskiy,Eliminated Week 9,9.0,28.5,0.903065131807562,1,2,3,False,False,0.21509433962264152,0.26876467349425065,0.48385901311689217,False
11,8,Bristol Palin,Mark Ballas,3rd Place,,23.5,0.04798799272424,5,5,10,True,False,0.17735849056603772,0.20448848817566662,0.38184697874170437,False
11,8,Jennifer Grey,Derek Hough,1st Place,,28.5,0.9035411735488283,1,1,2,False,False,0.21509433962264152,0.3022763784036515,0.517370718026293,False
11,8,Kurt Warner,Anna Trebunskaya,Eliminated Week 8,8.0,24.0,0.1773084848990415,4,4,8,False,True,0.1811320754716981,0.0,0.1811320754716981,True
11,8,Kyle Massey,Lacey Schwimmer,2nd Place,,28.0,0.8459391631405986,3,3,6,False,False,0.21132075471698114,0.2244704599264314,0.43579121464341253,False
11,9,Brandy,Maksim Chmerkoskiy,Eliminated Week 9,9.0,28.5,0.8464675285411565,3,3,6,False,True,0.25,0.0,0.25,True
11,9,Bristol Palin,Mark Ballas,3rd Place,,26.5,0.8297435789182045,4,4,8,True,False,0.2324561403508772,0.25157619651705504,0.48403233686793223,False
11,9,Jennifer Grey,Derek Hough,1st Place,,30.0,0.9277956942256615,1,1,2,False,False,0.2631578947368421,0.42074888699609925,0.6839067817329414,False
11,9,Kyle Massey,Lacey Schwimmer,2nd Place,,29.0,0.8932659004774107,2,2,4,False,False,0.2543859649122807,0.32767491648684566,0.5820608813991264,False
12,2,Chelsea Kane,Mark Ballas,3rd Place,,18.0,0.7799824255021593,7,9,16,False,False,0.08333333333333333,0.0982692751075313,0.18160260844086462,False
12,2,Chris Jericho,Cheryl Burke,Eliminated Week 6,6.0,23.0,0.9328086019513324,1,3,4,False,False,0.10648148148148148,0.12751991584467734,0.23400139732615882,False
12,2,Hines Ward,Kym Johnson,1st Place,,23.0,0.9389870683368982,1,1,2,False,False,0.10648148148148148,0.1253582490092475,0.23183973049072898,False
12,2,Kendra Wilkinson,Louis van Amstel,Eliminated Week 7,7.0,19.0,0.8655064909615875,6,6,12,False,False,0.08796296296296297,0.09609406633580748,0.18405702929877044,False
12,2,Kirstie Alley,Maksim Chmerkoskiy,2nd Place,,20.0,0.8718652719936172,5,5,10,False,False,0.09259259259259259,0.10137305956051346,0.19396565215310604,False
12,2,Mike Catherwood,Lacey Schwimmer,Eliminated Week 2,2.0,17.0,0.6595149669903103,9,11,20,True,True,0.0787037037037037,0.0,0.0787037037037037,True
12,2,Petra Nemcova,Dmitry Chaplin,Eliminated Week 5,5.0,18.0,0.8568632464837237,7,7,14,False,False,0.08333333333333333,0.08420349878799291,0.16753683212132625,False
12,2,Ralph Macchio,Karina Smirnoff,Eliminated Week 9,9.0,21.0,0.8823598933775855,4,4,8,False,False,0.09722222222222222,0.10663671074128014,0.20385893296350238,False
12,2,Romeo,Chelsie Hightower,Eliminated Week 8,8.0,23.0,0.9372699882783182,1,2,3,False,False,0.10648148148148148,0.1219142197370114,0.2283957012184929,False
12,2,Sugar Ray Leonard,Anna Trebunskaya,Eliminated Week 4,4.0,17.0,0.8023057231563685,9,8,17,False,False,0.0787037037037037,0.05813137632841463,0.13683508003211833,False
12,2,Wendy Williams,Tony Dovolani,Eliminated Week 3,3.0,17.0,0.6829966648141131,9,10,19,False,False,0.0787037037037037,0.0804996285475239,0.15920333225122762,False
12,3,Chelsea Kane,Mark Ballas,3rd Place,,23.0,0.8965691765415479,3,4,7,False,False,0.10747663551401869,0.13163487049317635,0.23911150600719505,False
12,3,Chris Jericho,Cheryl Burke,Eliminated Week 6,6.0,21.0,0.8364379552157393,5,7,12,False,False,0.09813084112149532,0.11278779203908836,0.21091863316058368,False
12,3,Hines Ward,Kym Johnson,1st Place,,25.0,0.9351676466398948,1,2,3,False,False,0.11682242990654206,0.13923837461057556,0.2560608045171176,False
12,3,Kendra Wilkinson,Louis van Amstel,Eliminated Week 7,7.0,23.0,0.9054159339466796,3,3,6,False,False,0.10747663551401869,0.1235381604517848,0.2310147959658035,False
12,3,Kirstie Alley,Maksim Chmerkoskiy,2nd Place,,21.0,0.8663764599060031,5,5,10,False,False,0.09813084112149532,0.11121693689005627,0.20934777801155158,False
12,3,Petra Nemcova,Dmitry Chaplin,Eliminated Week 5,5.0,25.0,0.9535674028674358,1,1,2,False,False,0.11682242990654206,0.13801925099769963,0.2548416809042417,False
12,3,Ralph Macchio,Karina Smirnoff,Eliminated Week 9,9.0,21.0,0.856131351841295,5,6,11,False,False,0.09813084112149532,0.10501010797078363,0.20314094909227895,False
12,3,Romeo,Chelsie Hightower,Eliminated Week 8,8.0,20.0,0.7463032727947558,8,9,17,False,False,0.09345794392523364,0.07666571752674517,0.17012366145197882,False
12,3,Sugar Ray Leonard,Anna Trebunskaya,Eliminated Week 4,4.0,20.0,0.8003560787451545,8,8,16,False,False,0.09345794392523364,0.061888789020090346,0.15534673294532397,False
12,3,Wendy Williams,Tony Dovolani,Eliminated Week 3,3.0,15.0,0.1120432847615163,10,10,20,True,True,0.07009345794392523,0.0,0.07009345794392523,True
12,4,Chelsea Kane,Mark Ballas,3rd Place,,26.0,0.93938086558219,1,1,2,False,False,0.1262135922330097,0.16158517548498627,0.28779876771799595,False
12,4,Chris Jericho,Cheryl Burke,Eliminated Week 6,6.0,23.0,0.8687174135965829,4,6,10,False,False,0.11165048543689321,0.12229520379987584,0.23394568923676906,False
12,4,Hines Ward,Kym Johnson,1st Place,,25.0,0.9119157412519592,2,2,4,False,False,0.12135922330097088,0.14660732125072748,0.2679665445516983,False
12,4,Kendra Wilkinson,Louis van Amstel,Eliminated Week 7,7.0,18.0,0.3581424953511949,9,9,18,True,False,0.08737864077669903,0.07633987526302582,0.16371851603972487,False
12,4,Kirstie Alley,Maksim Chmerkoskiy,2nd Place,,22.0,0.7958317594519579,7,8,15,False,False,0.10679611650485436,0.10362506039410692,0.21042117689896128,False
12,4,Petra Nemcova,Dmitry Chaplin,Eliminated Week 5,5.0,23.0,0.8893670293006284,4,4,8,False,False,0.11165048543689321,0.12782590002452335,0.23947638546141656,False
12,4,Ralph Macchio,Karina Smirnoff,Eliminated Week 9,9.0,25.0,0.9104339667467448,2,3,5,False,False,0.12135922330097088,0.14433450349357974,0.2656937267945506,False
12,4,Romeo,Chelsie Hightower,Eliminated Week 8,8.0,23.0,0.8854334569995839,4,5,9,False,False,0.11165048543689321,0.11738696028917461,0.22903744572606782,False
12,4,Sugar Ray Leonard,Anna Trebunskaya,Eliminated Week 4,4.0,21.0,0.8030356191127085,8,7,15,False,True,0.10194174757281553,0.0,0.10194174757281553,True
12,5,Chelsea Kane,Mark Ballas,3rd Place,,26.0,0.8712570115239995,2,4,6,False,False,0.13402061855670103,0.16867089007639743,0.30269150863309846,False
12,5,Chris Jericho,Cheryl Burke,Eliminated Week 6,6.0,26.0,0.9022424204395112,2,2,4,False,False,0.13402061855670103,0.17121172375675517,0.3052323423134562,False
12,5,Hines Ward,Kym Johnson,1st Place,,27.0,0.9309430059922752,1,1,2,False,False,0.13917525773195877,0.18011569811030484,0.31929095584226364,False
12,5,Kendra Wilkinson,Louis van Amstel,Eliminated Week 7,7.0,22.0,0.8384442274634538,6,6,12,False,False,0.1134020618556701,0.07997454116101028,0.1933766030166804,False
12,5,Kirstie Alley,Maksim Chmerkoskiy,2nd Place,,23.0,0.8479282793080863,5,5,10,False,False,0.11855670103092783,0.13510105113531895,0.25365775216624675,False
12,5,Petra Nemcova,Dmitry Chaplin,Eliminated Week 5,5.0,22.0,0.8368199441793148,6,7,13,False,True,0.1134020618556701,0.0,0.1134020618556701,True
12,5,Ralph Macchio,Karina Smirnoff,Eliminated Week 9,9.0,22.0,0.8141799136200017,6,8,14,True,False,0.1134020618556701,0.12309917422264233,0.23650123607831242,False
12,5,Romeo,Chelsie Hightower,Eliminated Week 8,8.0,26.0,0.8941007829961413,2,3,5,False,False,0.13402061855670103,0.14182692153757095,0.275847540094272,False
12,6,Chelsea Kane,Mark Ballas,3rd Place,,28.0,0.9299525091008668,1,1,2,False,False,0.15555555555555556,0.21751857320987655,0.3730741287654321,False
12,6,Chris Jericho,Cheryl Burke,Eliminated Week 6,6.0,22.0,0.0625242596831385,7,7,14,True,True,0.12222222222222222,0.0,0.12222222222222222,True
12,6,Hines Ward,Kym Johnson,1st Place,,27.0,0.8821784559597962,3,3,6,False,False,0.15,0.1776947274383593,0.32769472743835926,False
12,6,Kendra Wilkinson,Louis van Amstel,Eliminated Week 7,7.0,25.0,0.8387975247052963,5,5,10,False,False,0.1388888888888889,0.12858692168078098,0.26747581056966985,False
12,6,Kirstie Alley,Maksim Chmerkoskiy,2nd Place,,26.0,0.8651528900573497,4,4,8,False,False,0.14444444444444443,0.16548895707710334,0.3099334015215478,False
12,6,Ralph Macchio,Karina Smirnoff,Eliminated Week 9,9.0,24.0,0.7044668961700546,6,6,12,False,False,0.13333333333333333,0.10419716728980793,0.23753050062314127,False
12,6,Romeo,Chelsie Hightower,Eliminated Week 8,8.0,28.0,0.9234674517592144,1,2,3,False,False,0.15555555555555556,0.20651365330407204,0.36206920885962757,False
12,7,Chelsea Kane,Mark Ballas,3rd Place,,32.0,0.5835332763847834,3,5,8,False,False,0.16976127320954906,0.3126326044056332,0.48239387761518226,False
12,7,Hines Ward,Kym Johnson,1st Place,,33.0,0.9207345882367076,1,1,2,False,False,0.17506631299734748,0.28151581436373246,0.45658212736107995,False
12,7,Kendra Wilkinson,Louis van Amstel,Eliminated Week 7,7.0,30.5,0.8454928696746183,4,3,7,False,True,0.16180371352785147,0.0,0.16180371352785147,True
12,7,Kirstie Alley,Maksim Chmerkoskiy,2nd Place,,30.0,0.7364782722371033,5,4,9,False,False,0.15915119363395225,0.04224738469845289,0.20139857833240515,False
12,7,Ralph Macchio,Karina Smirnoff,Eliminated Week 9,9.0,33.0,0.900874764559186,1,2,3,False,False,0.17506631299734748,0.3189417511435438,0.49400806414089127,False
12,7,Romeo,Chelsie Hightower,Eliminated Week 8,8.0,30.0,0.5474184571406275,5,6,11,True,False,0.15915119363395225,0.044662445388637714,0.20381363902258998,False
12,8,Chelsea Kane,Mark Ballas,3rd Place,,27.5,0.901487907433996,1,1,2,False,False,0.21153846153846154,0.3355763153648309,0.5471147769032925,False
12,8,Hines Ward,Kym Johnson,1st Place,,27.0,0.7513622708638018,2,3,5,False,False,0.2076923076923077,0.2872366637059695,0.4949289713982772,False
12,8,Kirstie Alley,Maksim Chmerkoskiy,2nd Place,,26.5,0.8251133705233669,3,2,5,False,False,0.20384615384615384,0.23939500933678987,0.4432411631829437,False
12,8,Ralph Macchio,Karina Smirnoff,Eliminated Week 9,9.0,23.0,0.142816597882744,5,5,10,True,False,0.17692307692307693,0.13779201159240967,0.3147150885154866,False
12,8,Romeo,Chelsie Hightower,Eliminated Week 8,8.0,26.0,0.5995803663071657,4,4,8,False,True,0.2,0.0,0.2,True
12,9,Chelsea Kane,Mark Ballas,3rd Place,,36.5,0.924901498156142,1,1,2,False,False,0.31063829787234043,0.4226523636948111,0.7332906615671515,False
12,9,Hines Ward,Kym Johnson,1st Place,,30.0,0.8752329879146783,2,2,4,False,False,0.2553191489361702,0.33006707771150917,0.5853862266476794,False
12,9,Kirstie Alley,Maksim Chmerkoskiy,2nd Place,,27.0,0.6868105197281098,3,3,6,False,False,0.2297872340425532,0.24728055859367967,0.4770677926362329,False
12,9,Ralph Macchio,Karina Smirnoff,Eliminated Week 9,9.0,24.0,0.120954302181554,4,4,8,True,True,0.20425531914893616,0.0,0.20425531914893616,True
13,1,Carson Kressley,Anna Trebunskaya,Eliminated Week 5,5.0,17.0,0.8586122680962224,7,7,14,False,False,0.07834101382488479,0.08308772874958228,0.16142874257446707,False
13,1,Chaz Bono,Lacey Schwimmer,Eliminated Week 6,6.0,17.0,0.8519107119947643,7,8,15,False,False,0.07834101382488479,0.08363233404510001,0.1619733478699848,False
13,1,Chynna Phillips,Tony Dovolani,Eliminated Week 4,4.0,22.0,0.9168955801975356,1,2,3,False,False,0.10138248847926268,0.10813370067963386,0.20951618915889653,False
13,1,David Arquette,Kym Johnson,Eliminated Week 7,7.0,18.0,0.8777819371428293,6,6,12,False,False,0.08294930875576037,0.08984580747302964,0.17279511622879,False
13,1,Elisabetta Canalis,Valentin Chmerkovskiy,Eliminated Week 2,2.0,15.0,0.5385001527786905,11,10,21,False,False,0.06912442396313365,0.07144733361975174,0.14057175758288537,False
13,1,Hope Solo,Maksim Chmerkoskiy,Eliminated Week 9,9.0,21.0,0.9120960693085852,3,4,7,False,False,0.0967741935483871,0.10308593676042638,0.19986013030881347,False
13,1,J.R. Martinez,Karina Smirnoff,1st Place,,22.0,0.93172022308044,1,1,2,False,False,0.10138248847926268,0.11053377477766585,0.21191626325692853,False
13,1,Kristin Cavallari,Mark Ballas,Eliminated Week 3,3.0,19.0,0.8931452256460937,5,5,10,False,False,0.08755760368663594,0.0977797225374077,0.18533732622404364,False
13,1,Metta World Peace (Ron),Peta Murgatroyd,Eliminated Week 1,1.0,14.0,0.4478109714110618,12,11,23,True,True,0.06451612903225806,0.0,0.06451612903225806,True
13,1,Nancy Grace,Tristan MacManus,Eliminated Week 8,8.0,16.0,0.2097488506770718,9,12,21,False,False,0.07373271889400922,0.06576664873229036,0.13949936762629958,False
13,1,Ricki Lake,Derek Hough,3rd Place,,20.0,0.914147739299384,4,3,7,False,False,0.09216589861751152,0.10288976464793721,0.19505566326544874,False
13,1,Rob Kardashian,Cheryl Burke,2nd Place,,16.0,0.8233325477550812,9,9,18,False,False,0.07373271889400922,0.08379724797717482,0.15752996687118404,False
13,2,Carson Kressley,Anna Trebunskaya,Eliminated Week 5,5.0,18.0,0.7842109144196178,9,10,19,False,False,0.08071748878923767,0.05712061096193975,0.13783809975117742,False
13,2,Chaz Bono,Lacey Schwimmer,Eliminated Week 6,6.0,17.0,0.5082475729656468,11,11,22,True,False,0.07623318385650224,0.03357094358819947,0.10980412744470171,False
13,2,Chynna Phillips,Tony Dovolani,Eliminated Week 4,4.0,21.0,0.8769008148470036,4,7,11,False,False,0.09417040358744394,0.11287224590084317,0.2070426494882871,False
13,2,David Arquette,Kym Johnson,Eliminated Week 7,7.0,18.0,0.8088917560911326,9,8,17,False,False,0.08071748878923767,0.07150056687921345,0.15221805566845112,False
13,2,Elisabetta Canalis,Valentin Chmerkovskiy,Eliminated Week 2,2.0,21.0,0.9077216791467766,4,4,8,False,True,0.09417040358744394,0.0,0.09417040358744394,True
13,2,Hope Solo,Maksim Chmerkoskiy,Eliminated Week 9,9.0,19.0,0.7849303170954071,8,9,17,False,False,0.08520179372197309,0.08669704864195583,0.17189884236392894,False
13,2,J.R. Martinez,Karina Smirnoff,1st Place,,22.0,0.9157678645201952,2,3,5,False,False,0.09865470852017937,0.13335761210393385,0.2320123206241132,False
13,2,Kristin Cavallari,Mark Ballas,Eliminated Week 3,3.0,22.0,0.9296172218057056,2,2,4,False,False,0.09865470852017937,0.1414509051771934,0.24010561369737277,False
13,2,Nancy Grace,Tristan MacManus,Eliminated Week 8,8.0,21.0,0.8851726044608915,4,6,10,False,False,0.09417040358744394,0.10204068510362084,0.1962110886910648,False
13,2,Ricki Lake,Derek Hough,3rd Place,,23.0,0.952747344835893,1,1,2,False,False,0.1031390134529148,0.15053592220191866,0.25367493565483346,False
13,2,Rob Kardashian,Cheryl Burke,2nd Place,,21.0,0.8977420740572256,4,5,9,False,False,0.09417040358744394,0.11085345944118169,0.20502386302862563,False
13,3,Carson Kressley,Anna Trebunskaya,Eliminated Week 5,5.0,23.0,0.799893206871179,8,8,16,False,False,0.0970464135021097,0.03448609119794121,0.1315325047000509,False
13,3,Chaz Bono,Lacey Schwimmer,Eliminated Week 6,6.0,18.0,0.1652361576457557,10,10,20,True,False,0.0759493670886076,0.048073630075816755,0.12402299716442436,False
13,3,Chynna Phillips,Tony Dovolani,Eliminated Week 4,4.0,26.0,0.893325159056856,2,3,5,False,False,0.10970464135021098,0.16394361569616286,0.27364825704637386,False
13,3,David Arquette,Kym Johnson,Eliminated Week 7,7.0,24.0,0.8927838678621749,4,4,8,False,False,0.10126582278481013,0.0968759389828152,0.19814176176762532,False
13,3,Hope Solo,Maksim Chmerkoskiy,Eliminated Week 9,9.0,24.0,0.8855785011593414,4,5,9,False,False,0.10126582278481013,0.12369648855796829,0.22496231134277841,False
13,3,J.R. Martinez,Karina Smirnoff,1st Place,,26.0,0.905751088497194,2,2,4,False,False,0.10970464135021098,0.1486784880871056,0.25838312943731656,False
13,3,Kristin Cavallari,Mark Ballas,Eliminated Week 3,3.0,24.0,0.8546229303034194,4,7,11,False,True,0.10126582278481013,0.0,0.10126582278481013,True
13,3,Nancy Grace,Tristan MacManus,Eliminated Week 8,8.0,21.0,0.2164417538463575,9,9,18,False,False,0.08860759493670886,0.037041646044185604,0.12564924098089447,False
13,3,Ricki Lake,Derek Hough,3rd Place,,27.0,0.9375946671849916,1,1,2,False,False,0.11392405063291139,0.19236679174372245,0.30629084237663384,False
13,3,Rob Kardashian,Cheryl Burke,2nd Place,,24.0,0.8832319734048317,4,6,10,False,False,0.10126582278481013,0.15483730961428205,0.25610313239909216,False
13,4,Carson Kressley,Anna Trebunskaya,Eliminated Week 5,5.0,20.0,0.3491942102372887,9,8,17,True,False,0.09569377990430622,0.054879989907137106,0.15057376981144333,False
13,4,Chaz Bono,Lacey Schwimmer,Eliminated Week 6,6.0,21.0,0.8456696388747557,6,5,11,False,False,0.10047846889952153,0.08792854261748553,0.18840701151700706,False
13,4,Chynna Phillips,Tony Dovolani,Eliminated Week 4,4.0,21.0,0.4474822397749314,6,7,13,False,True,0.10047846889952153,0.0,0.10047846889952153,True
13,4,David Arquette,Kym Johnson,Eliminated Week 7,7.0,23.0,0.8497390966470226,5,4,9,False,False,0.11004784688995216,0.13274187754360176,0.2427897244335539,False
13,4,Hope Solo,Maksim Chmerkoskiy,Eliminated Week 9,9.0,24.0,0.8954098686177054,3,3,6,False,False,0.11483253588516747,0.15148053044475582,0.2663130663299233,False
13,4,J.R. Martinez,Karina Smirnoff,1st Place,,26.0,0.8965133268000833,2,2,4,False,False,0.12440191387559808,0.15985944175895633,0.2842613556345544,False
13,4,Nancy Grace,Tristan MacManus,Eliminated Week 8,8.0,21.0,0.1919382090192078,6,9,15,False,False,0.10047846889952153,0.07901377890636042,0.17949224780588197,False
13,4,Ricki Lake,Derek Hough,3rd Place,,29.0,0.9447125066120552,1,1,2,False,False,0.13875598086124402,0.1763594163841871,0.31511539724543114,False
13,4,Rob Kardashian,Cheryl Burke,2nd Place,,24.0,0.8249136746418417,3,6,9,False,False,0.11483253588516747,0.1577364224375158,0.27256895832268324,False
13,5,Carson Kressley,Anna Trebunskaya,Eliminated Week 5,5.0,19.0,0.4424335023256448,8,8,16,True,True,0.10106382978723404,0.0,0.10106382978723404,True
13,5,Chaz Bono,Lacey Schwimmer,Eliminated Week 6,6.0,21.0,0.518941010178716,7,7,14,False,False,0.11170212765957446,0.06285414428738102,0.1745562719469555,False
13,5,David Arquette,Kym Johnson,Eliminated Week 7,7.0,25.0,0.9117969517228064,2,2,4,False,False,0.13297872340425532,0.17808621666606178,0.3110649400703171,False
13,5,Hope Solo,Maksim Chmerkoskiy,Eliminated Week 9,9.0,24.0,0.871809276880954,4,3,7,False,False,0.1276595744680851,0.1357909017477259,0.26345047621581097,False
13,5,J.R. Martinez,Karina Smirnoff,1st Place,,28.0,0.9259074851260464,1,1,2,False,False,0.14893617021276595,0.19019763036683274,0.3391338005795987,False
13,5,Nancy Grace,Tristan MacManus,Eliminated Week 8,8.0,22.0,0.668737027940147,6,6,12,False,False,0.11702127659574468,0.08703186417554815,0.20405314077129283,False
13,5,Ricki Lake,Derek Hough,3rd Place,,24.0,0.8697672103511122,4,4,8,False,False,0.1276595744680851,0.16092275227901595,0.28858232674710105,False
13,5,Rob Kardashian,Cheryl Burke,2nd Place,,25.0,0.8571306002168975,2,5,7,False,False,0.13297872340425532,0.18511649047743436,0.3180952138816897,False
13,6,Chaz Bono,Lacey Schwimmer,Eliminated Week 6,6.0,19.0,0.3596315777845196,7,7,14,True,True,0.1144578313253012,0.0,0.1144578313253012,True
13,6,David Arquette,Kym Johnson,Eliminated Week 7,7.0,23.0,0.8608710838648996,4,4,8,False,False,0.13855421686746988,0.1637923115975745,0.3023465284650444,False
13,6,Hope Solo,Maksim Chmerkoskiy,Eliminated Week 9,9.0,20.0,0.3661670407864901,6,6,12,False,False,0.12048192771084337,0.1372210058986233,0.25770293360946667,False
13,6,J.R. Martinez,Karina Smirnoff,1st Place,,29.0,0.909704834780358,1,2,3,False,False,0.1746987951807229,0.1935961836690634,0.3682949788497863,False
13,6,Nancy Grace,Tristan MacManus,Eliminated Week 8,8.0,24.0,0.8749788180230645,3,3,6,False,False,0.14457831325301204,0.13105561557932482,0.27563392883233684,False
13,6,Ricki Lake,Derek Hough,3rd Place,,29.0,0.9395192042082626,1,1,2,False,False,0.1746987951807229,0.21168496022763325,0.3863837554083561,False
13,6,Rob Kardashian,Cheryl Burke,2nd Place,,22.0,0.794202013984201,5,5,10,False,False,0.13253012048192772,0.16264992302778078,0.2951800435097085,False
13,7,David Arquette,Kym Johnson,Eliminated Week 7,7.0,23.5,0.8159937753387161,5,4,9,False,True,0.16040955631399317,0.0,0.16040955631399317,True
13,7,Hope Solo,Maksim Chmerkoskiy,Eliminated Week 9,9.0,25.0,0.8837863816646643,3,3,6,False,False,0.17064846416382254,0.2053789323587286,0.3760273965225511,False
13,7,J.R. Martinez,Karina Smirnoff,1st Place,,24.0,0.7002940474252828,4,5,9,False,False,0.16382252559726962,0.16570538213483993,0.32952790773210955,False
13,7,Nancy Grace,Tristan MacManus,Eliminated Week 8,8.0,22.0,0.1929663277407778,6,6,12,True,False,0.15017064846416384,0.09241983769627697,0.24259048616044082,False
13,7,Ricki Lake,Derek Hough,3rd Place,,26.5,0.9155674007348208,1,1,2,False,False,0.18088737201365188,0.28409033638318343,0.4649777083968353,False
13,7,Rob Kardashian,Cheryl Burke,2nd Place,,25.5,0.8944245076891777,2,2,4,False,False,0.17406143344709898,0.2524055114269711,0.4264669448740701,False
13,8,Hope Solo,Maksim Chmerkoskiy,Eliminated Week 9,9.0,26.0,0.8872495829724787,2,2,4,False,False,0.20077220077220076,0.2685310139383156,0.46930321471051634,False
13,8,J.R. Martinez,Karina Smirnoff,1st Place,,30.0,0.923132032938896,1,1,2,False,False,0.23166023166023167,0.2752207676645241,0.5068809993247557,False
13,8,Nancy Grace,Tristan MacManus,Eliminated Week 8,8.0,22.0,0.122003687471494,5,5,10,True,True,0.16988416988416988,0.0,0.16988416988416988,True
13,8,Ricki Lake,Derek Hough,3rd Place,,26.0,0.8864303781176378,2,3,5,False,False,0.20077220077220076,0.23740954019379074,0.4381817409659915,False
13,8,Rob Kardashian,Cheryl Burke,2nd Place,,25.5,0.7897708644132743,4,4,8,False,False,0.1969111969111969,0.21883867820336958,0.4157498751145665,False
13,9,Hope Solo,Maksim Chmerkoskiy,Eliminated Week 9,9.0,24.4998,0.661011468772458,4,4,8,True,True,0.20675023945248716,0.0,0.20675023945248716,True
13,9,J.R. Martinez,Karina Smirnoff,1st Place,,28.0,0.8131522807630142,3,3,6,False,False,0.23628791682665332,0.19947958525068765,0.43576750207734094,False
13,9,Ricki Lake,Derek Hough,3rd Place,,33.4999,0.9341234792957582,1,1,2,False,False,0.28270077088932866,0.4299613558765392,0.7126621267658679,False
13,9,Rob Kardashian,Cheryl Burke,2nd Place,,32.4998,0.8822843310849072,2,2,4,False,False,0.27426107283153095,0.37055905887277313,0.6448201317043041,False
14,2,Donald Driver,Peta Murgatroyd,1st Place,,24.0,0.879924325339974,5,4,9,False,False,0.08921933085501858,0.09058953043585048,0.17980886129086907,False
14,2,Gavin DeGraw,Karina Smirnoff,Eliminated Week 5,5.0,21.0,0.831423576441325,8,7,15,False,False,0.07806691449814127,0.08128797203434655,0.1593548865324878,False
14,2,Gladys Knight,Tristan MacManus,Eliminated Week 6,6.0,19.0,0.0532377955396458,11,11,22,False,False,0.07063197026022305,0.05976082931568609,0.13039279957590916,False
14,2,Jack Wagner,Anna Trebunskaya,Eliminated Week 3,3.0,21.0,0.8263360496714368,8,8,16,False,False,0.07806691449814127,0.07056982409339699,0.14863673859153825,False
14,2,Jaleel White,Kym Johnson,Eliminated Week 7,7.0,22.0,0.7294693334575816,7,9,16,False,False,0.08178438661710037,0.08839936148681259,0.17018374810391296,False
14,2,Katherine Jenkins,Mark Ballas,2nd Place,,26.0,0.9255269788195636,1,2,3,False,False,0.09665427509293681,0.11661648401485356,0.21327075910779036,False
14,2,Maria Menounos,Derek Hough,Eliminated Week 9,9.0,25.0,0.9229895842253536,3,3,6,False,False,0.09293680297397769,0.10984477371117689,0.20278157668515456,False
14,2,Martina Navratilova,Tony Dovolani,Eliminated Week 2,2.0,17.0,0.0238563083301882,12,12,24,True,True,0.06319702602230483,0.0,0.06319702602230483,True
14,2,Melissa Gilbert,Maksim Chmerkoskiy,Eliminated Week 8,8.0,20.0,0.6245539976259065,10,10,20,False,False,0.07434944237918216,0.07297232907413263,0.1473217714533148,False
14,2,Roshon Fegan,Chelsie Hightower,Eliminated Week 8,8.0,26.0,0.9302318992962072,1,1,2,False,False,0.09665427509293681,0.10983469061901974,0.20648896571195655,False
14,2,Sherri Sheperd,Valentin Chmerkovskiy,Eliminated Week 4,4.0,23.0,0.8685299970729972,6,6,12,False,False,0.08550185873605948,0.09325337531669893,0.1787552340527584,False
14,2,William Levy,Cheryl Burke,3rd Place,,25.0,0.873594443597678,3,5,8,False,False,0.09293680297397769,0.10687082989802568,0.19980763287200337,False
14,3,Donald Driver,Peta Murgatroyd,1st Place,,26.0,0.8845073333835861,4,4,8,False,False,0.09285714285714286,0.10454002691301209,0.19739716977015495,False
14,3,Gavin DeGraw,Karina Smirnoff,Eliminated Week 5,5.0,24.0,0.8413735571105956,7,8,15,False,False,0.08571428571428572,0.08214221917946504,0.16785650489375076,False
14,3,Gladys Knight,Tristan MacManus,Eliminated Week 6,6.0,24.0,0.3336436204293493,7,11,18,True,False,0.08571428571428572,0.07354295960438338,0.15925724531866908,False
14,3,Jack Wagner,Anna Trebunskaya,Eliminated Week 3,3.0,24.0,0.8459398059439661,7,7,14,False,True,0.08571428571428572,0.0,0.08571428571428572,True
14,3,Jaleel White,Kym Johnson,Eliminated Week 7,7.0,25.0,0.8793147040257072,5,5,10,False,False,0.08928571428571429,0.10039585911892727,0.18968157340464156,False
14,3,Katherine Jenkins,Mark Ballas,2nd Place,,29.0,0.9401109454119037,1,1,2,False,False,0.10357142857142858,0.1324994102910595,0.23607083886248809,False
14,3,Maria Menounos,Derek Hough,Eliminated Week 9,9.0,27.0,0.9080851772294768,3,3,6,False,False,0.09642857142857143,0.12179513210328749,0.21822370353185894,False
14,3,Melissa Gilbert,Maksim Chmerkoskiy,Eliminated Week 8,8.0,24.0,0.7785250142364526,7,10,17,False,False,0.08571428571428572,0.07504749385977617,0.1607617795740619,False
14,3,Roshon Fegan,Chelsie Hightower,Eliminated Week 8,8.0,25.0,0.8672650992783763,5,6,11,False,False,0.08928571428571429,0.09665019009733564,0.1859359043830499,False
14,3,Sherri Sheperd,Valentin Chmerkovskiy,Eliminated Week 4,4.0,24.0,0.8113732798103208,7,9,16,False,False,0.08571428571428572,0.08916374633922335,0.17487803205350905,False
14,3,William Levy,Cheryl Burke,3rd Place,,28.0,0.9129532668610516,2,2,4,False,False,0.1,0.12422296249353004,0.22422296249353005,False
14,4,Donald Driver,Peta Murgatroyd,1st Place,,27.0,0.9079765376036754,1,2,3,False,False,0.11587982832618025,0.1381940998475953,0.25407392817377555,False
14,4,Gavin DeGraw,Karina Smirnoff,Eliminated Week 5,5.0,23.0,0.8572420614898792,5,4,9,False,False,0.09871244635193133,0.11116295567499128,0.20987540202692262,False
14,4,Gladys Knight,Tristan MacManus,Eliminated Week 6,6.0,20.0,0.0867800202193117,10,10,20,True,False,0.08583690987124463,0.051369776655352396,0.13720668652659704,False
14,4,Jaleel White,Kym Johnson,Eliminated Week 7,7.0,22.0,0.8256495288933018,6,6,12,False,False,0.0944206008583691,0.09291972255450273,0.18734032341287182,False
14,4,Katherine Jenkins,Mark Ballas,2nd Place,,24.0,0.8032293294680023,4,7,11,False,False,0.10300429184549356,0.12647854441433645,0.22948283625983001,False
14,4,Maria Menounos,Derek Hough,Eliminated Week 9,9.0,26.0,0.9266434904824572,2,1,3,False,False,0.11158798283261803,0.14243174770825537,0.2540197305408734,False
14,4,Melissa Gilbert,Maksim Chmerkoskiy,Eliminated Week 8,8.0,22.0,0.851277485336505,6,5,11,False,False,0.0944206008583691,0.10178202330574017,0.19620262416410927,False
14,4,Roshon Fegan,Chelsie Hightower,Eliminated Week 8,8.0,26.0,0.9027441780947044,2,3,5,False,False,0.11158798283261803,0.12706060083497223,0.23864858366759026,False
14,4,Sherri Sheperd,Valentin Chmerkovskiy,Eliminated Week 4,4.0,21.0,0.6920952471292852,9,8,17,False,True,0.09012875536480687,0.0,0.09012875536480687,True
14,4,William Levy,Cheryl Burke,3rd Place,,22.0,0.6215756951269167,6,9,15,False,False,0.0944206008583691,0.10860052900425402,0.2030211298626231,False
14,5,Donald Driver,Peta Murgatroyd,1st Place,,27.0,0.8683215663255968,3,3,6,False,False,0.12053571428571429,0.13861929000823972,0.259155004293954,False
14,5,Gavin DeGraw,Karina Smirnoff,Eliminated Week 5,5.0,19.0,0.0605625464763214,9,9,18,True,True,0.08482142857142858,0.0,0.08482142857142858,True
14,5,Gladys Knight,Tristan MacManus,Eliminated Week 6,6.0,22.0,0.2660367284146366,7,8,15,False,False,0.09821428571428571,0.05424727871375227,0.152461564428038,False
14,5,Jaleel White,Kym Johnson,Eliminated Week 7,7.0,24.0,0.6295074371275473,6,6,12,False,False,0.10714285714285714,0.12372667147128535,0.2308695286141425,False
14,5,Katherine Jenkins,Mark Ballas,2nd Place,,29.0,0.9322355231053318,1,1,2,False,False,0.12946428571428573,0.16675462924640191,0.29621891496068764,False
14,5,Maria Menounos,Derek Hough,Eliminated Week 9,9.0,27.0,0.8581053535004833,3,4,7,False,False,0.12053571428571429,0.15739390307761092,0.2779296173633252,False
14,5,Melissa Gilbert,Maksim Chmerkoskiy,Eliminated Week 8,8.0,21.0,0.5018852699716638,8,7,15,False,False,0.09375,0.060825426460495775,0.15457542646049577,False
14,5,Roshon Fegan,Chelsie Hightower,Eliminated Week 8,8.0,26.0,0.842385122175708,5,5,10,False,False,0.11607142857142858,0.12623579468789503,0.2423072232593236,False
14,5,William Levy,Cheryl Burke,3rd Place,,29.0,0.9252665433345216,1,2,3,False,False,0.12946428571428573,0.172197006334319,0.3016612920486047,False
14,6,Donald Driver,Peta Murgatroyd,1st Place,,33.9999,0.8668510368928075,4,4,8,False,False,0.13178291569008135,0.14057251683380748,0.27235543252388883,False
14,6,Gladys Knight,Tristan MacManus,Eliminated Week 6,6.0,24.0,0.0364189913093827,8,8,16,True,True,0.09302350820331685,0.0,0.09302350820331685,True
14,6,Jaleel White,Kym Johnson,Eliminated Week 7,7.0,36.9998,0.9170034071901896,2,1,3,False,False,0.1434104666175451,0.16396111893529441,0.3073715855528395,False
14,6,Katherine Jenkins,Mark Ballas,2nd Place,,38.9999,0.916686774429341,1,2,3,False,False,0.15116281323243902,0.17939869724018645,0.3305615104726255,False
14,6,Maria Menounos,Derek Hough,Eliminated Week 9,9.0,29.9999,0.4438711178886763,6,7,13,False,False,0.11627899765619522,0.11846544688404714,0.23474444454024235,False
14,6,Melissa Gilbert,Maksim Chmerkoskiy,Eliminated Week 8,8.0,30.0,0.8160197154745039,5,5,10,False,False,0.11627938525414606,0.13696809924919212,0.25324748450333817,False
14,6,Roshon Fegan,Chelsie Hightower,Eliminated Week 8,8.0,27.9998,0.4733304851750635,7,6,13,False,False,0.1085266510413013,0.1012577565681254,0.20978440760942668,False
14,6,William Levy,Cheryl Burke,3rd Place,,36.0,0.8852126615375456,3,3,6,False,False,0.13953526230497526,0.15937636428934696,0.29891162659432224,False
14,7,Donald Driver,Peta Murgatroyd,1st Place,,26.5,0.6005707642213849,3,4,7,False,False,0.1444141689373297,0.17825175712524596,0.32266592606257566,False
14,7,Jaleel White,Kym Johnson,Eliminated Week 7,7.0,25.5,0.1051682053815092,6,7,13,True,True,0.13896457765667575,0.0,0.13896457765667575,True
14,7,Katherine Jenkins,Mark Ballas,2nd Place,,27.0,0.8075491597977961,2,2,4,False,False,0.14713896457765668,0.22670763923649878,0.37384660381415546,False
14,7,Maria Menounos,Derek Hough,Eliminated Week 9,9.0,28.5,0.925441168140564,1,1,2,False,False,0.1553133514986376,0.23829677918550185,0.3936101306841394,False
14,7,Melissa Gilbert,Maksim Chmerkoskiy,Eliminated Week 8,8.0,23.5,0.160701215933565,7,6,13,False,False,0.12806539509536785,0.05718734893672718,0.18525274403209502,False
14,7,Roshon Fegan,Chelsie Hightower,Eliminated Week 8,8.0,26.0,0.7754883522097735,5,3,8,False,False,0.14168937329700274,0.0966316802227206,0.23832105351972332,False
14,7,William Levy,Cheryl Burke,3rd Place,,26.5,0.4081470498862057,3,5,8,False,False,0.1444141689373297,0.20292479529330557,0.34733896423063526,False
14,8,Donald Driver,Peta Murgatroyd,1st Place,,27.5,0.8638404225513246,3,4,7,False,False,0.16819571865443425,0.21268253537306117,0.3808782540274954,False
14,8,Katherine Jenkins,Mark Ballas,2nd Place,,27.5,0.8755576875476435,3,3,6,False,False,0.16819571865443425,0.23499616303863702,0.4031918816930713,False
14,8,Maria Menounos,Derek Hough,Eliminated Week 9,9.0,26.5,0.7938381478639741,5,5,10,True,False,0.1620795107033639,0.20890065090851528,0.3709801616118792,False
14,8,Melissa Gilbert,Maksim Chmerkoskiy,Eliminated Week 8,8.0,25.5,0.6692404061846713,6,6,12,True,True,0.1559633027522936,0.0,0.1559633027522936,True
14,8,Roshon Fegan,Chelsie Hightower,Eliminated Week 8,8.0,28.0,0.8935932264845157,2,2,4,False,True,0.1712538226299694,0.06843131306280317,0.23968513569277258,True
14,8,William Levy,Cheryl Burke,3rd Place,,28.5,0.9086441462111354,1,1,2,False,False,0.1743119266055046,0.2749893376169834,0.449301264222488,False
14,9,Donald Driver,Peta Murgatroyd,1st Place,,28.5,0.8300969407082507,3,2,5,False,False,0.24782608695652175,0.2838213617913557,0.5316474487478775,False
14,9,Katherine Jenkins,Mark Ballas,2nd Place,,28.0,0.7974042960292984,4,4,8,True,False,0.24347826086956523,0.23832602628664812,0.4818042871562134,False
14,9,Maria Menounos,Derek Hough,Eliminated Week 9,9.0,29.5,0.9331927593192508,1,1,2,False,True,0.2565217391304348,0.0,0.2565217391304348,True
14,9,William Levy,Cheryl Burke,3rd Place,,29.0,0.8263230473716421,2,3,5,False,False,0.25217391304347825,0.4778526119219961,0.7300265249654743,False
15,1,Apolo Anton Ohno,Karina Smirnoff,Eliminated Week 9,9.0,22.0,0.8943183434618116,4,5,9,False,False,0.07956600361663653,0.09214344447632551,0.17170944809296204,False
15,1,Bristol Palin,Mark Ballas,Eliminated Week 4,4.0,19.5,0.7285185676036833,11,10,21,False,False,0.0705244122965642,0.07239462340752001,0.1429190357040842,False
15,1,Drew Lachey,Anna Trebunskaya,Eliminated Week 3,3.0,21.5,0.8713030195704559,6,7,13,False,False,0.07775768535262206,0.08307498227051918,0.16083266762314125,False
15,1,Emmitt Smith,Cheryl Burke,Eliminated Week 9,9.0,24.5,0.9259554344462712,1,1,2,False,False,0.08860759493670886,0.1038363057806247,0.19244390071733355,False
15,1,Gilles Marini,Peta Murgatroyd,Eliminated Week 8,8.0,24.0,0.9138583104328653,2,3,5,False,False,0.0867992766726944,0.09705055366859615,0.18384983034129054,False
15,1,Helio Castroneves,Chelsie Hightower,Eliminated Week 3,3.0,21.5,0.8647716392179717,6,8,14,False,False,0.07775768535262206,0.08209824127413895,0.159855926626761,False
15,1,Joey Fatone,Kym Johnson,Eliminated Week 2,2.0,20.5,0.7787544715549436,10,9,19,False,False,0.07414104882459313,0.05679055361378296,0.1309316024383761,False
15,1,Kelly Monaco,Valentin Chmerkovskiy,3rd Place,,21.5,0.8792615223156542,6,6,12,False,False,0.07775768535262206,0.08788848472294929,0.16564617007557136,False
15,1,Kirstie Alley,Maksim Chmerkoskiy,Eliminated Week 8,8.0,19.0,0.3953648206526367,12,12,24,False,False,0.06871609403254973,0.06163499152793237,0.1303510855604821,False
15,1,Melissa Rycroft,Tony Dovolani,1st Place,,21.0,0.7227776372637815,9,11,20,False,False,0.0759493670886076,0.07123132127674034,0.14718068836534792,False
15,1,Pamela Anderson,Tristan MacManus,Eliminated Week 1,1.0,17.0,0.0664679407650411,13,13,26,True,True,0.06148282097649186,0.0,0.06148282097649186,True
15,1,Sabrina Bryan,Louis van Amstel,Eliminated Week 6,6.0,22.5,0.9084874054586723,3,4,7,False,False,0.081374321880651,0.09361026892245979,0.1749845908031108,False
15,1,Shawn Johnson,Derek Hough,2nd Place,,22.0,0.9166849485135564,4,2,6,False,False,0.07956600361663653,0.09824622905841084,0.17781223267504737,False
15,2,Apolo Anton Ohno,Karina Smirnoff,Eliminated Week 9,9.0,24.5,0.8933708663423789,4,4,8,False,False,0.08876811594202899,0.09010705622139033,0.1788751721634193,False
15,2,Bristol Palin,Mark Ballas,Eliminated Week 4,4.0,18.0,0.1356045725338059,12,12,24,True,False,0.06521739130434782,0.07279443013767173,0.13801182144201957,False
15,2,Drew Lachey,Anna Trebunskaya,Eliminated Week 3,3.0,22.5,0.8361960573442302,7,7,14,False,False,0.08152173913043478,0.0728433069309968,0.1543650460614316,False
15,2,Emmitt Smith,Cheryl Burke,Eliminated Week 9,9.0,22.5,0.7730183390892286,7,10,17,False,False,0.08152173913043478,0.09225049310770282,0.1737722322381376,False
15,2,Gilles Marini,Peta Murgatroyd,Eliminated Week 8,8.0,25.5,0.9129512803546496,2,2,4,False,False,0.09239130434782608,0.11302483875944767,0.20541614310727374,False
15,2,Helio Castroneves,Chelsie Hightower,Eliminated Week 3,3.0,23.0,0.8388708465889964,6,6,12,False,False,0.08333333333333333,0.07766227630616519,0.16099560963949852,False
15,2,Joey Fatone,Kym Johnson,Eliminated Week 2,2.0,22.5,0.8335680316225262,7,8,15,False,True,0.08152173913043478,0.0,0.08152173913043478,True
15,2,Kelly Monaco,Valentin Chmerkovskiy,3rd Place,,22.0,0.7888310211157683,10,9,19,False,False,0.07971014492753623,0.0758331011105727,0.15554324603810893,False
15,2,Kirstie Alley,Maksim Chmerkoskiy,Eliminated Week 8,8.0,21.0,0.3081881350893438,11,11,22,False,False,0.07608695652173914,0.07120609741912892,0.14729305394086806,False
15,2,Melissa Rycroft,Tony Dovolani,1st Place,,23.5,0.8736859669092436,5,5,10,False,False,0.08514492753623189,0.0983220585543619,0.18346698609059378,False
15,2,Sabrina Bryan,Louis van Amstel,Eliminated Week 6,6.0,26.0,0.9285469374651102,1,1,2,False,False,0.09420289855072464,0.1190213483095818,0.21322424686030644,False
15,2,Shawn Johnson,Derek Hough,2nd Place,,25.0,0.8975801460927602,3,3,6,False,False,0.09057971014492754,0.11693499314298013,0.20751470328790766,False
15,3,Apolo Anton Ohno,Karina Smirnoff,Eliminated Week 9,9.0,25.5,0.8797686141916419,4,3,7,False,False,0.09172661870503597,0.11271474885256119,0.20444136755759718,False
15,3,Bristol Palin,Mark Ballas,Eliminated Week 4,4.0,22.5,0.4038719645692253,11,11,22,True,False,0.08093525179856115,0.07205979962899373,0.15299505142755487,False
15,3,Drew Lachey,Anna Trebunskaya,Eliminated Week 3,3.0,24.0,0.7380698452315273,9,10,19,True,True,0.08633093525179857,0.0,0.08633093525179857,True
15,3,Emmitt Smith,Cheryl Burke,Eliminated Week 9,9.0,25.0,0.7505586334401324,8,8,16,False,False,0.08992805755395683,0.09248638591501142,0.18241444346896823,False
15,3,Gilles Marini,Peta Murgatroyd,Eliminated Week 8,8.0,25.5,0.8676366503327001,4,4,8,False,False,0.09172661870503597,0.11007871007720384,0.2018053287822398,False
15,3,Helio Castroneves,Chelsie Hightower,Eliminated Week 3,3.0,25.5,0.8595968558669432,4,5,9,False,True,0.09172661870503597,0.02353905931653222,0.11526567802156819,True
15,3,Kelly Monaco,Valentin Chmerkovskiy,3rd Place,,27.0,0.9404493854815384,1,1,2,False,False,0.09712230215827339,0.13863583878293387,0.23575814094120726,False
15,3,Kirstie Alley,Maksim Chmerkoskiy,Eliminated Week 8,8.0,24.0,0.7485405186442868,9,9,18,False,False,0.08633093525179857,0.07729173722191263,0.1636226724737112,False
15,3,Melissa Rycroft,Tony Dovolani,1st Place,,27.0,0.922866033480348,1,2,3,False,False,0.09712230215827339,0.13360892815333195,0.23073123031160533,False
15,3,Sabrina Bryan,Louis van Amstel,Eliminated Week 6,6.0,25.5,0.8330131084784307,4,7,11,False,False,0.09172661870503597,0.10815635117441999,0.19988296987945597,False
15,3,Shawn Johnson,Derek Hough,2nd Place,,26.5,0.8373907161332588,3,6,9,False,False,0.09532374100719425,0.1314284408770991,0.22675218188429336,False
15,4,Apolo Anton Ohno,Karina Smirnoff,Eliminated Week 9,9.0,34.5,0.8125799952743115,7,7,14,False,False,0.10730948678071539,0.07316406358777076,0.18047355036848617,False
15,4,Bristol Palin,Mark Ballas,Eliminated Week 4,4.0,32.0,0.4326387370934006,8,8,16,False,True,0.09953343701399689,0.0,0.09953343701399689,True
15,4,Emmitt Smith,Cheryl Burke,Eliminated Week 9,9.0,36.0,0.8438821560126665,5,5,10,False,False,0.1119751166407465,0.12457042920035974,0.23654554584110624,False
15,4,Gilles Marini,Peta Murgatroyd,Eliminated Week 8,8.0,39.5,0.930669986232194,1,2,3,False,False,0.12286158631415241,0.15542278436100995,0.2782843706751624,False
15,4,Kelly Monaco,Valentin Chmerkovskiy,3rd Place,,37.5,0.8975456492067737,3,3,6,False,False,0.1166407465007776,0.1455892314232846,0.2622299779240622,False
15,4,Kirstie Alley,Maksim Chmerkoskiy,Eliminated Week 8,8.0,30.0,0.1792506918293201,9,9,18,True,False,0.09331259720062209,0.09385791817440339,0.1871705153750255,False
15,4,Melissa Rycroft,Tony Dovolani,1st Place,,37.0,0.8648396003996772,4,4,8,False,False,0.1150855365474339,0.13051223567990142,0.2455977722273353,False
15,4,Sabrina Bryan,Louis van Amstel,Eliminated Week 6,6.0,35.5,0.8228226172744912,6,6,12,False,False,0.1104199066874028,0.10632178712750694,0.21674169381490974,False
15,4,Shawn Johnson,Derek Hough,2nd Place,,39.5,0.95545722097535,1,1,2,False,False,0.12286158631415241,0.17056155044576327,0.29342313675991566,False
15,6,Apolo Anton Ohno,Karina Smirnoff,Eliminated Week 9,9.0,30.0,0.8404534034391411,1,1,2,False,False,0.13274336283185842,0.2210659713554035,0.3538093341872619,False
15,6,Emmitt Smith,Cheryl Burke,Eliminated Week 9,9.0,26.5,0.1754236911839796,8,8,16,True,False,0.1172566371681416,0.08080681534985318,0.1980634525179948,False
15,6,Gilles Marini,Peta Murgatroyd,Eliminated Week 8,8.0,27.5,0.6974875066489039,5,6,11,False,False,0.12168141592920353,0.08762365581927213,0.20930507174847568,False
15,6,Kelly Monaco,Valentin Chmerkovskiy,3rd Place,,27.0,0.3573246254325712,7,7,14,False,False,0.11946902654867257,0.09815653218255349,0.21762555873122608,False
15,6,Kirstie Alley,Maksim Chmerkoskiy,Eliminated Week 8,8.0,27.5,0.7920569802690575,5,3,8,False,False,0.12168141592920353,0.12379700476714729,0.24547842069635084,False
15,6,Melissa Rycroft,Tony Dovolani,1st Place,,29.5,0.7614814786332188,3,4,7,False,False,0.13053097345132744,0.18864329331804908,0.31917426676937655,False
15,6,Sabrina Bryan,Louis van Amstel,Eliminated Week 6,6.0,30.0,0.7443756089683127,1,5,6,False,True,0.13274336283185842,0.0,0.13274336283185842,True
15,6,Shawn Johnson,Derek Hough,2nd Place,,28.0,0.7926666831572154,4,2,6,False,False,0.12389380530973451,0.1999067272077214,0.3238005325174559,False
15,8,Apolo Anton Ohno,Karina Smirnoff,Eliminated Week 9,9.0,29.2777,0.6834473463775428,2,4,6,False,False,0.1469193195013584,0.1589498740495938,0.3058691935509522,False
15,8,Emmitt Smith,Cheryl Burke,Eliminated Week 9,9.0,29.0554,0.7110160737627084,4,3,7,False,False,0.1458037890899821,0.18546721386817114,0.33127100295815326,False
15,8,Gilles Marini,Peta Murgatroyd,Eliminated Week 8,8.0,29.2777,0.860138055248146,2,2,4,False,True,0.1469193195013584,0.06852228818100793,0.2154416076823663,True
15,8,Kelly Monaco,Valentin Chmerkovskiy,3rd Place,,28.3333,0.3078504334895142,5,5,10,False,False,0.1421801970519487,0.18407878450045478,0.3262589815524035,False
15,8,Kirstie Alley,Maksim Chmerkoskiy,Eliminated Week 8,8.0,25.5,0.0721033708602233,7,7,14,True,True,0.127962327890669,0.0,0.127962327890669,True
15,8,Melissa Rycroft,Tony Dovolani,1st Place,,30.0,0.8803290782442734,1,1,2,False,False,0.15054391516549293,0.2121373851431579,0.36268130030865087,False
15,8,Shawn Johnson,Derek Hough,2nd Place,,27.8333,0.2714924165335579,6,6,12,True,False,0.13967113179919047,0.1908444542576146,0.3305155860568051,False
15,9,Apolo Anton Ohno,Karina Smirnoff,Eliminated Week 9,9.0,28.611,0.814501406129162,3,3,6,False,True,0.20291532535175605,0.05962613058069891,0.262541455932455,True
15,9,Emmitt Smith,Cheryl Burke,Eliminated Week 9,9.0,27.0,0.5785387645605178,5,5,10,True,True,0.19148976912716834,0.0,0.19148976912716834,True
15,9,Kelly Monaco,Valentin Chmerkovskiy,3rd Place,,27.111,0.8220973128431872,4,2,6,False,False,0.19227700484469115,0.23541191447008156,0.4276889193147727,False
15,9,Melissa Rycroft,Tony Dovolani,1st Place,,28.7777,0.7848968082550123,2,4,6,True,False,0.20409759737077451,0.3210299402463007,0.5251275376170752,False
15,9,Shawn Johnson,Derek Hough,2nd Place,,29.5,0.9321742604549176,1,1,2,False,False,0.20922030330560984,0.3839320147029189,0.5931523180085287,False
16,2,Alexandra Raisman,Mark Ballas,Eliminated Week 10,10.0,24.0,0.9130066519308884,3,3,6,False,False,0.09836065573770492,0.10417537751074364,0.20253603324844854,False
16,2,Andy Dick,Sharna Burgess,Eliminated Week 7,7.0,20.0,0.891559442201054,5,5,10,False,False,0.08196721311475409,0.09181622744584368,0.17378344056059777,False
16,2,D. L. Hughley,Cheryl Burke,Eliminated Week 5,5.0,16.0,0.1327795024595813,11,11,22,False,False,0.06557377049180328,0.0631437746639158,0.1287175451557191,False
16,2,Dorothy Hamill,Tristan MacManus,Withdrew,2.0,15.0,0.0873246817927704,12,12,24,True,True,0.06147540983606557,0.0,0.06147540983606557,True
16,2,Ingo Rademacher,Kym Johnson,Eliminated Week 9,9.0,20.0,0.8804225860662062,5,6,11,False,False,0.08196721311475409,0.09226000410713273,0.17422721722188683,False
16,2,Jacoby Jones,Karina Smirnoff,3rd Place,,23.0,0.8951976026073256,4,4,8,False,False,0.0942622950819672,0.09615914321367687,0.19042143829564406,False
16,2,Kellie Pickler,Derek Hough,1st Place,,26.0,0.9559449255957356,1,1,2,False,False,0.10655737704918032,0.11307630943402092,0.21963368648320125,False
16,2,Lisa Vanderpump,Gleb Savchenko,Eliminated Week 4,4.0,18.0,0.433525465221755,8,8,16,False,False,0.07377049180327869,0.07544286322383202,0.1492133550271107,False
16,2,Sean Lowe,Peta Murgatroyd,Eliminated Week 8,8.0,20.0,0.8742957076222616,5,7,12,False,False,0.08196721311475409,0.090483405381947,0.1724506184967011,False
16,2,Victor Ortiz,Lindsay Arnold,Eliminated Week 6,6.0,18.0,0.4115120128699883,8,10,18,False,False,0.07377049180327869,0.08192882378098484,0.15569931558426353,False
16,2,Wynonna Judd,Tony Dovolani,Eliminated Week 3,3.0,18.0,0.4246095432910474,8,9,17,False,False,0.07377049180327869,0.0798437874718247,0.1536142792751034,False
16,2,Zendaya,Valentin Chmerkovskiy,2nd Place,,26.0,0.9397724189093544,1,2,3,False,False,0.10655737704918032,0.11167028376607781,0.21822766081525813,False
16,3,Alexandra Raisman,Mark Ballas,Eliminated Week 10,10.0,23.0,0.8703020119147066,4,5,9,False,False,0.09787250701703322,0.11998539047360429,0.2178578974906375,False
16,3,Andy Dick,Sharna Burgess,Eliminated Week 7,7.0,18.0,0.5676148411065387,9,8,17,False,False,0.07659587505680861,0.039269694388931756,0.11586556944574036,False
16,3,D. L. Hughley,Cheryl Burke,Eliminated Week 5,5.0,16.0,0.0923411855297419,10,10,20,False,False,0.06808522227271877,0.04820445212691901,0.11628967439963778,False
16,3,Ingo Rademacher,Kym Johnson,Eliminated Week 9,9.0,21.0,0.8661135542579362,6,6,12,False,False,0.08936185423294338,0.10395938795087632,0.19332124218381969,False
16,3,Jacoby Jones,Karina Smirnoff,3rd Place,,25.9998,0.92830280695847,1,2,3,False,False,0.11063763512788959,0.1290116908374202,0.2396493259653098,False
16,3,Kellie Pickler,Derek Hough,1st Place,,25.0,0.9017408213791888,3,3,6,False,False,0.10638315980112308,0.1260320873539827,0.23241524715510575,False
16,3,Lisa Vanderpump,Gleb Savchenko,Eliminated Week 4,4.0,21.0,0.2787635724004117,6,9,15,False,False,0.08936185423294338,0.08283993930085601,0.17220179353379939,False
16,3,Sean Lowe,Peta Murgatroyd,Eliminated Week 8,8.0,21.0,0.8594780955697378,6,7,13,False,False,0.08936185423294338,0.10169439852724378,0.19105625276018717,False
16,3,Victor Ortiz,Lindsay Arnold,Eliminated Week 6,6.0,23.0,0.9001848366209555,4,4,8,False,False,0.09787250701703322,0.11438742860502094,0.21225993562205414,False
16,3,Wynonna Judd,Tony Dovolani,Eliminated Week 3,3.0,15.0,0.0418262745368758,11,11,22,True,True,0.06382989588067384,0.0,0.06382989588067384,True
16,3,Zendaya,Valentin Chmerkovskiy,2nd Place,,25.9998,0.9315692695739808,1,1,2,False,False,0.11063763512788959,0.13461553043514507,0.24525316556303467,False
16,4,Alexandra Raisman,Mark Ballas,Eliminated Week 10,10.0,27.0,0.9248939953717366,1,2,3,False,False,0.12053571428571429,0.14331354625968562,0.2638492605453999,False
16,4,Andy Dick,Sharna Burgess,Eliminated Week 7,7.0,21.0,0.8560446544852153,6,5,11,False,False,0.09375,0.08951077390372994,0.18326077390372994,False
16,4,D. L. Hughley,Cheryl Burke,Eliminated Week 5,5.0,21.0,0.8053078960686875,6,7,13,False,False,0.09375,0.09715078132281753,0.19090078132281751,False
16,4,Ingo Rademacher,Kym Johnson,Eliminated Week 9,9.0,23.0,0.8726806668618518,5,4,9,False,False,0.10267857142857142,0.11256315924003366,0.21524173066860508,False
16,4,Jacoby Jones,Karina Smirnoff,3rd Place,,24.0,0.8521515410591687,4,6,10,False,False,0.10714285714285714,0.11937990096881507,0.22652275811167222,False
16,4,Kellie Pickler,Derek Hough,1st Place,,26.0,0.9273539588805924,2,1,3,False,False,0.11607142857142858,0.1385645833594996,0.25463601193092816,False
16,4,Lisa Vanderpump,Gleb Savchenko,Eliminated Week 4,4.0,18.0,0.0949903127181096,9,10,19,True,True,0.08035714285714286,0.0,0.08035714285714286,True
16,4,Sean Lowe,Peta Murgatroyd,Eliminated Week 8,8.0,20.0,0.682326285076222,8,8,16,False,False,0.08928571428571429,0.08982706995946811,0.1791127842451824,False
16,4,Victor Ortiz,Lindsay Arnold,Eliminated Week 6,6.0,18.0,0.503602108484333,9,9,18,False,False,0.08035714285714286,0.07463245425716529,0.15498959711430815,False
16,4,Zendaya,Valentin Chmerkovskiy,2nd Place,,26.0,0.9139029549938752,2,3,5,False,False,0.11607142857142858,0.13505773072878535,0.25112915930021396,False
16,5,Alexandra Raisman,Mark Ballas,Eliminated Week 10,10.0,25.0,0.8200977252523292,4,6,10,False,False,0.11961722488038277,0.14784165834579208,0.26745888322617484,False
16,5,Andy Dick,Sharna Burgess,Eliminated Week 7,7.0,18.0,0.3223814776272528,8,8,16,False,False,0.0861244019138756,0.013294997380343468,0.09941939929421907,False
16,5,D. L. Hughley,Cheryl Burke,Eliminated Week 5,5.0,18.0,0.0539152636221559,8,9,17,True,True,0.0861244019138756,0.0,0.0861244019138756,True
16,5,Ingo Rademacher,Kym Johnson,Eliminated Week 9,9.0,21.0,0.8190539823706164,6,7,13,False,False,0.10047846889952153,0.09820782091992966,0.1986862898194512,False
16,5,Jacoby Jones,Karina Smirnoff,3rd Place,,26.0,0.8837810572269833,3,3,6,False,False,0.12440191387559808,0.1468411669244401,0.27124308080003817,False
16,5,Kellie Pickler,Derek Hough,1st Place,,27.0,0.9260197541866632,2,2,4,False,False,0.1291866028708134,0.1648497302158865,0.2940363330866999,False
16,5,Sean Lowe,Peta Murgatroyd,Eliminated Week 8,8.0,24.0,0.8393932875511325,5,5,10,False,False,0.11483253588516747,0.12872139520722536,0.24355393109239282,False
16,5,Victor Ortiz,Lindsay Arnold,Eliminated Week 6,6.0,21.0,0.8509626997635311,6,4,10,False,False,0.10047846889952153,0.12821335538125814,0.22869182428077967,False
16,5,Zendaya,Valentin Chmerkovskiy,2nd Place,,29.0,0.9343159873667926,1,1,2,False,False,0.13875598086124402,0.17202987562512462,0.31078585648636864,False
16,6,Alexandra Raisman,Mark Ballas,Eliminated Week 10,10.0,26.0,0.8962629666659576,2,2,4,False,False,0.13793103448275862,0.18016654064806947,0.3180975751308281,False
16,6,Andy Dick,Sharna Burgess,Eliminated Week 7,7.0,21.5,0.3617974894159736,7,7,14,False,False,0.11405835543766578,0.08102271761752283,0.19508107305518863,False
16,6,Ingo Rademacher,Kym Johnson,Eliminated Week 9,9.0,23.0,0.8767632253225294,4,3,7,False,False,0.1220159151193634,0.12942981413846014,0.25144572925782355,False
16,6,Jacoby Jones,Karina Smirnoff,3rd Place,,22.5,0.4546179286570215,6,6,12,False,False,0.11936339522546419,0.10932796095697063,0.2286913561824348,False
16,6,Kellie Pickler,Derek Hough,1st Place,,27.0,0.9331399692314932,1,1,2,False,False,0.14323607427055704,0.19445851336824438,0.33769458763880145,False
16,6,Sean Lowe,Peta Murgatroyd,Eliminated Week 8,8.0,23.0,0.8389750777788899,4,4,8,False,False,0.1220159151193634,0.1345304199427007,0.2565463350620641,False
16,6,Victor Ortiz,Lindsay Arnold,Eliminated Week 6,6.0,20.0,0.220232718903952,8,8,16,True,True,0.10610079575596817,0.0,0.10610079575596817,True
16,6,Zendaya,Valentin Chmerkovskiy,2nd Place,,25.5,0.7580224203127979,3,5,8,False,False,0.13527851458885942,0.17106403332803188,0.3063425479168913,False
16,7,Alexandra Raisman,Mark Ballas,Eliminated Week 10,10.0,32.0,0.9204504802642758,1,1,2,False,False,0.17391304347826086,0.22039001302504171,0.39430305650330255,False
16,7,Andy Dick,Sharna Burgess,Eliminated Week 7,7.0,17.0,0.2916481538420105,7,7,14,True,True,0.09239130434782608,0.0,0.09239130434782608,True
16,7,Ingo Rademacher,Kym Johnson,Eliminated Week 9,9.0,25.0,0.808934888272574,5,5,10,False,False,0.1358695652173913,0.13245981359062237,0.26832937880801366,False
16,7,Jacoby Jones,Karina Smirnoff,3rd Place,,27.0,0.8630544780450387,4,4,8,False,False,0.14673913043478262,0.1703343546550457,0.31707348508982836,False
16,7,Kellie Pickler,Derek Hough,1st Place,,29.0,0.8666475140279747,3,3,6,False,False,0.15760869565217392,0.19404640157397898,0.3516550972261529,False
16,7,Sean Lowe,Peta Murgatroyd,Eliminated Week 8,8.0,24.0,0.7416559664300884,6,6,12,False,False,0.13043478260869565,0.07849872494358381,0.20893350755227946,False
16,7,Zendaya,Valentin Chmerkovskiy,2nd Place,,30.0,0.9059797128994606,2,2,4,False,False,0.16304347826086957,0.2042706922117275,0.36731417047259707,False
16,8,Alexandra Raisman,Mark Ballas,Eliminated Week 10,10.0,28.0,0.6728277583238428,2,5,7,False,False,0.18006430868167203,0.26376809901075804,0.44383240769243004,False
16,8,Ingo Rademacher,Kym Johnson,Eliminated Week 9,9.0,24.0,0.7136055547736314,5,4,9,False,False,0.15434083601286175,0.06676380084246226,0.221104636855324,False
16,8,Jacoby Jones,Karina Smirnoff,3rd Place,,26.0,0.7975816941431484,4,2,6,False,False,0.16720257234726688,0.14323921268553763,0.3104417850328045,False
16,8,Kellie Pickler,Derek Hough,1st Place,,27.5,0.7242090948120112,3,3,6,False,False,0.17684887459807075,0.25176959719762737,0.4286184717956981,False
16,8,Sean Lowe,Peta Murgatroyd,Eliminated Week 8,8.0,21.0,0.1133152369818628,6,6,12,True,True,0.13504823151125403,0.0,0.13504823151125403,True
16,8,Zendaya,Valentin Chmerkovskiy,2nd Place,,29.0,0.9238571529159996,1,1,2,False,False,0.1864951768488746,0.27445929026361465,0.4609544671124892,False
16,9,Alexandra Raisman,Mark Ballas,Eliminated Week 10,10.0,29.5,0.9119952205453684,1,1,2,False,False,0.20921985815602837,0.3153029852077936,0.5245228433638219,False
16,9,Ingo Rademacher,Kym Johnson,Eliminated Week 9,9.0,25.5,0.7893951501418477,5,5,10,True,True,0.18085106382978725,0.0,0.18085106382978725,True
16,9,Jacoby Jones,Karina Smirnoff,3rd Place,,29.5,0.8896273365099923,1,2,3,False,False,0.20921985815602837,0.3197323962007807,0.528952254356809,False
16,9,Kellie Pickler,Derek Hough,1st Place,,29.0,0.8755044628008981,3,3,6,False,False,0.20567375886524822,0.24711173447089227,0.4527854933361405,False
16,9,Zendaya,Valentin Chmerkovskiy,2nd Place,,27.5,0.8052324222586711,4,4,8,False,False,0.1950354609929078,0.11785288412053352,0.3128883451134413,False
16,10,Alexandra Raisman,Mark Ballas,Eliminated Week 10,10.0,29.0,0.8455764579102506,3,3,6,False,True,0.24786345971235874,0.0,0.24786345971235874,True
16,10,Jacoby Jones,Karina Smirnoff,3rd Place,,27.9999,0.7603846126750511,4,4,8,True,False,0.23931558915862322,0.11047099345146207,0.3497865826100853,False
16,10,Kellie Pickler,Derek Hough,1st Place,,30.0,0.9300791037082368,1,1,2,False,False,0.256410475564509,0.445879109128691,0.7022895846932,False
16,10,Zendaya,Valentin Chmerkovskiy,2nd Place,,30.0,0.9156026041293732,1,2,3,False,False,0.256410475564509,0.44364989741984706,0.7000603729843561,False
17,2,Amber Riley,Derek Hough,1st Place,,24.0,0.8976743713561487,4,2,6,False,False,0.09022556390977443,0.11204871345214822,0.20227427736192266,False
17,2,Bill Engvall,Emma Slater,Eliminated Week 11,11.0,21.0,0.4255198056059901,8,9,17,False,False,0.07894736842105263,0.07295902509871781,0.15190639351977042,False
17,2,Bill Nye,Tyne Stecklein,Eliminated Week 3,3.0,17.0,0.0530531993229428,12,12,24,True,False,0.06390977443609022,0.037341840350317776,0.101251614786408,False
17,2,Brant Daugherty,Peta Murgatroyd,Eliminated Week 8,8.0,23.0,0.8498230771942712,7,6,13,False,False,0.08646616541353383,0.0800437348196672,0.16650990023320103,False
17,2,Christina Milian,Mark Ballas,Eliminated Week 5,5.0,25.0,0.7929133162911336,2,7,9,False,False,0.09398496240601503,0.11874871831640958,0.2127336807224246,False
17,2,Corbin Bleu,Karina Smirnoff,2nd Place,,26.0,0.8978072783554899,1,1,2,False,False,0.09774436090225563,0.11944870457418331,0.21719306547643896,False
17,2,Elizabeth Berkley Lauren,Valentin Chmerkovskiy,Eliminated Week 9,9.0,25.0,0.8926896366931525,2,3,5,False,False,0.09398496240601503,0.11702784137222988,0.2110128037782449,False
17,2,Jack Osbourne,Cheryl Burke,3rd Place,,24.0,0.8877004900458574,4,4,8,False,False,0.09022556390977443,0.10845950937184501,0.19868507328161944,False
17,2,Keyshawn Johnson,Sharna Burgess,Eliminated Week 2,2.0,18.0,0.0755662589693898,11,11,22,False,True,0.06766917293233082,0.0,0.06766917293233082,True
17,2,Leah Remini,Tony Dovolani,Eliminated Week 10,10.0,24.0,0.8764355331540477,4,5,9,False,False,0.09022556390977443,0.10233104112854798,0.1925566050383224,False
17,2,"Nicole ""Snooki"" Polizzi",Sasha Farber,Eliminated Week 7,7.0,20.0,0.4520585105158768,9,8,17,False,False,0.07518796992481203,0.06318315673593274,0.13837112666074475,False
17,2,Valerie Harper,Tristan MacManus,Eliminated Week 4,4.0,19.0,0.1974021498213681,10,10,20,False,False,0.07142857142857142,0.06840771478000034,0.13983628620857175,False
17,3,Amber Riley,Derek Hough,1st Place,,24.0,0.8382980237576845,6,6,12,False,False,0.09411764705882353,0.10478824136727097,0.1989058884260945,False
17,3,Bill Engvall,Emma Slater,Eliminated Week 11,11.0,24.0,0.528028418875724,6,8,14,False,False,0.09411764705882353,0.09053696283676446,0.184654609895588,False
17,3,Bill Nye,Tyne Stecklein,Eliminated Week 3,3.0,16.0,0.080760267590256,10,10,20,False,True,0.06274509803921569,0.0,0.06274509803921569,True
17,3,Brant Daugherty,Peta Murgatroyd,Eliminated Week 8,8.0,27.0,0.8469169104921528,1,5,6,False,False,0.10588235294117647,0.12310522627426568,0.22898757921544216,False
17,3,Christina Milian,Mark Ballas,Eliminated Week 5,5.0,26.0,0.8952321597959076,2,3,5,False,False,0.10196078431372549,0.12162203944434984,0.2235828237580753,False
17,3,Corbin Bleu,Karina Smirnoff,2nd Place,,26.0,0.899548983232838,2,2,4,False,False,0.10196078431372549,0.12059180819697561,0.22255259251070109,False
17,3,Elizabeth Berkley Lauren,Valentin Chmerkovskiy,Eliminated Week 9,9.0,25.0,0.8831798512106552,4,4,8,False,False,0.09803921568627451,0.10979673938504092,0.20783595507131541,False
17,3,Jack Osbourne,Cheryl Burke,3rd Place,,22.0,0.415434458189476,9,9,18,False,False,0.08627450980392157,0.09370718820261255,0.17998169800653413,False
17,3,Leah Remini,Tony Dovolani,Eliminated Week 10,10.0,24.0,0.6292518123322679,6,7,13,False,False,0.09411764705882353,0.09723920869668408,0.1913568557555076,False
17,3,"Nicole ""Snooki"" Polizzi",Sasha Farber,Eliminated Week 7,7.0,25.0,0.90186006965457,4,1,5,False,False,0.09803921568627451,0.10472955450357029,0.2027687701898448,False
17,3,Valerie Harper,Tristan MacManus,Eliminated Week 4,4.0,16.0,0.0612656915555348,10,11,21,True,False,0.06274509803921569,0.03388303109246561,0.0966281291316813,False
17,4,Amber Riley,Derek Hough,1st Place,,27.0,0.9196831960486428,1,3,4,False,False,0.11392405063291139,0.13345158664082762,0.247375637273739,False
17,4,Bill Engvall,Emma Slater,Eliminated Week 11,11.0,21.0,0.7838352931204356,8,7,15,False,False,0.08860759493670886,0.08300247732692616,0.171610072263635,False
17,4,Brant Daugherty,Peta Murgatroyd,Eliminated Week 8,8.0,21.0,0.4164578444816708,8,9,17,False,False,0.08860759493670886,0.08319612911814014,0.171803724054849,False
17,4,Christina Milian,Mark Ballas,Eliminated Week 5,5.0,24.0,0.6584222178436088,4,8,12,False,False,0.10126582278481013,0.11024643570522753,0.21151225849003766,False
17,4,Corbin Bleu,Karina Smirnoff,2nd Place,,27.0,0.9262263149136166,1,2,3,False,False,0.11392405063291139,0.12848079278110025,0.24240484341401164,False
17,4,Elizabeth Berkley Lauren,Valentin Chmerkovskiy,Eliminated Week 9,9.0,27.0,0.931286994539856,1,1,2,False,False,0.11392405063291139,0.12778956563884344,0.24171361627175483,False
17,4,Jack Osbourne,Cheryl Burke,3rd Place,,24.0,0.8482088782173657,4,4,8,False,False,0.10126582278481013,0.11535701273354536,0.21662283551835548,False
17,4,Leah Remini,Tony Dovolani,Eliminated Week 10,10.0,24.0,0.8396043191674298,4,5,9,False,False,0.10126582278481013,0.10776543640479874,0.20903125918960885,False
17,4,"Nicole ""Snooki"" Polizzi",Sasha Farber,Eliminated Week 7,7.0,24.0,0.7892447787052351,4,6,10,False,False,0.10126582278481013,0.11071056365059072,0.21197638643540084,False
17,4,Valerie Harper,Tristan MacManus,Eliminated Week 4,4.0,18.0,0.0714549653588132,10,10,20,True,True,0.0759493670886076,0.0,0.0759493670886076,True
17,5,Amber Riley,Derek Hough,1st Place,,26.0,0.7801246800146036,6,5,11,False,False,0.11063829787234042,0.12759454868581344,0.23823284655815385,False
17,5,Bill Engvall,Emma Slater,Eliminated Week 11,11.0,24.0,0.1972585131033359,8,8,16,False,False,0.10212765957446808,0.03425010588883959,0.13637776546330765,False
17,5,Brant Daugherty,Peta Murgatroyd,Eliminated Week 8,8.0,27.0,0.8967584994430522,3,2,5,False,False,0.1148936170212766,0.14675733954765452,0.2616509565689311,False
17,5,Christina Milian,Mark Ballas,Eliminated Week 5,5.0,28.0,0.775823149523204,1,6,7,False,True,0.11914893617021277,0.0,0.11914893617021277,True
17,5,Corbin Bleu,Karina Smirnoff,2nd Place,,28.0,0.921367789780316,1,1,2,False,False,0.11914893617021277,0.19079825320460136,0.30994718937481414,False
17,5,Elizabeth Berkley Lauren,Valentin Chmerkovskiy,Eliminated Week 9,9.0,26.0,0.7981325460391158,6,4,10,False,False,0.11063829787234042,0.12345529946606605,0.23409359733840646,False
17,5,Jack Osbourne,Cheryl Burke,3rd Place,,27.0,0.5620954995397771,3,7,10,False,False,0.1148936170212766,0.1659367548002285,0.28083037182150505,False
17,5,Leah Remini,Tony Dovolani,Eliminated Week 10,10.0,22.0,0.1708737822448037,9,9,18,True,False,0.09361702127659574,0.0693871551423501,0.16300417641894582,False
17,5,"Nicole ""Snooki"" Polizzi",Sasha Farber,Eliminated Week 7,7.0,27.0,0.8694427934055244,3,3,6,False,False,0.1148936170212766,0.14182054326444649,0.2567141602857231,False
17,7,Amber Riley,Derek Hough,1st Place,,29.5,0.9285004016745764,1,1,2,False,False,0.13318284424379231,0.19432020895867289,0.3275030532024652,False
17,7,Bill Engvall,Emma Slater,Eliminated Week 11,11.0,25.0,0.2340581370155662,8,7,15,False,False,0.11286681715575621,0.08357347705899656,0.1964402942147528,False
17,7,Brant Daugherty,Peta Murgatroyd,Eliminated Week 8,8.0,28.5,0.7580761406099236,3,3,6,False,False,0.12866817155756208,0.14977499861985774,0.2784431701774198,False
17,7,Corbin Bleu,Karina Smirnoff,2nd Place,,29.5,0.885004580983672,1,2,3,False,False,0.13318284424379231,0.18456727135883233,0.31775011560262467,False
17,7,Elizabeth Berkley Lauren,Valentin Chmerkovskiy,Eliminated Week 9,9.0,27.0,0.4976922245909986,5,4,9,False,False,0.12189616252821671,0.1351768214741432,0.2570729840023599,False
17,7,Jack Osbourne,Cheryl Burke,3rd Place,,28.5,0.4933026743086885,3,5,8,False,False,0.12866817155756208,0.15287468978863883,0.2815428613462009,False
17,7,Leah Remini,Tony Dovolani,Eliminated Week 10,10.0,26.5,0.0953470636621311,7,8,15,True,False,0.11963882618510158,0.0997125327408583,0.21935135892595986,False
17,7,"Nicole ""Snooki"" Polizzi",Sasha Farber,Eliminated Week 7,7.0,27.0,0.2443766038996062,5,6,11,False,True,0.12189616252821671,0.0,0.12189616252821671,True
17,8,Amber Riley,Derek Hough,1st Place,,28.0,0.1778576251654977,3,5,8,False,False,0.14583333333333334,0.18223382113267617,0.32806715446600954,False
17,8,Bill Engvall,Emma Slater,Eliminated Week 11,11.0,24.0,0.1609491636225367,7,6,13,False,False,0.125,0.0878055378772516,0.2128055378772516,False
17,8,Brant Daugherty,Peta Murgatroyd,Eliminated Week 8,8.0,27.0,0.2494673382251431,5,4,9,False,True,0.140625,0.0,0.140625,True
17,8,Corbin Bleu,Karina Smirnoff,2nd Place,,30.0,0.9208866061874968,1,1,2,False,False,0.15625,0.20835955860941638,0.36460955860941635,False
17,8,Elizabeth Berkley Lauren,Valentin Chmerkovskiy,Eliminated Week 9,9.0,25.0,0.0813102690266802,6,7,13,True,False,0.13020833333333334,0.10794670433935463,0.23815503767268797,False
17,8,Jack Osbourne,Cheryl Burke,3rd Place,,30.0,0.916510274678394,1,2,3,False,False,0.15625,0.2284703327003747,0.3847203327003747,False
17,8,Leah Remini,Tony Dovolani,Eliminated Week 10,10.0,28.0,0.8001225396597424,3,3,6,False,False,0.14583333333333334,0.18518404534092647,0.33101737867425984,False
17,9,Amber Riley,Derek Hough,1st Place,,25.5,0.1523947855973164,5,6,11,True,False,0.1619047619047619,0.17459588086544273,0.33650064277020464,False
17,9,Bill Engvall,Emma Slater,Eliminated Week 11,11.0,21.0,0.2428433544720682,6,5,11,False,False,0.13333333333333333,0.0,0.13333333333333333,True
17,9,Corbin Bleu,Karina Smirnoff,2nd Place,,29.0,0.9134059516959128,1,1,2,False,False,0.18412698412698414,0.2948768830317651,0.47900386715874926,False
17,9,Elizabeth Berkley Lauren,Valentin Chmerkovskiy,Eliminated Week 9,9.0,28.0,0.8907910122890749,2,2,4,False,True,0.17777777777777778,0.02211167707619166,0.19988945485396944,False
17,9,Jack Osbourne,Cheryl Burke,3rd Place,,27.0,0.8089304953448758,3,3,6,False,False,0.17142857142857143,0.26733843116756895,0.4387670025961404,False
17,9,Leah Remini,Tony Dovolani,Eliminated Week 10,10.0,27.0,0.778454242988028,3,4,7,False,False,0.17142857142857143,0.24107712785903168,0.4125056992876031,False
17,10,Amber Riley,Derek Hough,1st Place,,39.5,0.9434589205170528,1,1,2,False,False,0.2257142857142857,0.3843639213907814,0.6100782071050671,False
17,10,Bill Engvall,Emma Slater,Eliminated Week 11,11.0,30.0,0.0676535243313671,5,5,10,True,False,0.17142857142857143,0.029923026393177093,0.20135159782174852,False
17,10,Corbin Bleu,Karina Smirnoff,2nd Place,,37.5,0.875514069071033,2,2,4,False,False,0.21428571428571427,0.31836281193618865,0.532648526221903,False
17,10,Jack Osbourne,Cheryl Burke,3rd Place,,35.5,0.7306019328898847,3,3,6,False,False,0.20285714285714285,0.2673502402798528,0.47020738313699567,False
17,10,Leah Remini,Tony Dovolani,Eliminated Week 10,10.0,32.5,0.1807589120908675,4,4,8,False,True,0.18571428571428572,0.0,0.18571428571428572,True
17,11,Amber Riley,Derek Hough,1st Place,,31.3332,0.8879171857401268,1,1,2,False,False,0.273653835740624,0.40202096674717447,0.6756748024877985,False
17,11,Bill Engvall,Emma Slater,Eliminated Week 11,11.0,25.4999,0.2786370407426631,4,4,8,True,True,0.2227077172456799,0.0,0.2227077172456799,True
17,11,Corbin Bleu,Karina Smirnoff,2nd Place,,29.6664,0.7936389585314738,2,2,4,False,False,0.25909655421775135,0.32805589457409545,0.5871524487918468,False
17,11,Jack Osbourne,Cheryl Burke,3rd Place,,27.9999,0.6685695830251821,3,3,6,False,False,0.2445418927959448,0.2699231386787302,0.514465031474675,False
18,2,Amy Purdy,Derek Hough,2nd Place,,24.0,0.8938472445081893,4,4,8,False,False,0.09836065573770492,0.11401276344034272,0.21237341917804764,False
18,2,Billy Dee Williams,Emma Slater,Withdrew,2.0,15.0,0.1121476155231057,11,11,22,True,True,0.06147540983606557,0.0,0.06147540983606557,True
18,2,Candace Cameron Bure,Mark Ballas,3rd Place,,21.0,0.7625531314639185,7,9,16,False,False,0.0860655737704918,0.09860826060811698,0.1846738343786088,False
18,2,Charlie White,Sharna Burgess,Eliminated Week 9,9.0,25.0,0.9298738412377492,1,2,3,False,False,0.10245901639344263,0.1236190578974938,0.22607807429093643,False
18,2,Cody Simpson,Witney Carson,Eliminated Week 5,5.0,22.0,0.8544123058569073,6,6,12,False,False,0.09016393442622951,0.10009066089285035,0.19025459531907984,False
18,2,Danica McKellar,Valentin Chmerkovskiy,Eliminated Week 8,8.0,24.0,0.8920586314286242,4,5,9,False,False,0.09836065573770492,0.10875843815541726,0.20711909389312216,False
18,2,Drew Carey,Cheryl Burke,Eliminated Week 6,6.0,21.0,0.7293180525757929,7,10,17,True,False,0.0860655737704918,0.09569510624475823,0.18176068001525003,False
18,2,James Maslow,Peta Murgatroyd,Eliminated Week 10,10.0,25.0,0.9294656451703034,1,3,4,False,False,0.10245901639344263,0.12156129442450668,0.22402031081794932,False
18,2,Meryl Davis,Maksim Chmerkoskiy,1st Place,,25.0,0.9327338331811914,1,1,2,False,False,0.10245901639344263,0.12402508100900621,0.22648409740244885,False
18,2,NeNe Leakes,Tony Dovolani,Eliminated Week 7,7.0,21.0,0.7873421902551401,7,8,15,False,False,0.0860655737704918,0.0913046343218321,0.1773702080923239,False
18,2,Sean Avery,Karina Smirnoff,Eliminated Week 2,2.0,21.0,0.797242960057861,7,7,14,False,True,0.0860655737704918,0.022324703005675864,0.10839027677616767,True
18,5,Amy Purdy,Derek Hough,2nd Place,,37.0,0.8955166583673868,3,3,6,False,False,0.11490683229813664,0.1457431859684203,0.260650018266557,False
18,5,Candace Cameron Bure,Mark Ballas,3rd Place,,35.0,0.4461825534194382,7,7,14,False,False,0.10869565217391304,0.10494142148941057,0.21363707366332363,False
18,5,Charlie White,Sharna Burgess,Eliminated Week 9,9.0,37.0,0.8927130679251889,3,4,7,False,False,0.11490683229813664,0.1387156610593251,0.25362249335746173,False
18,5,Cody Simpson,Witney Carson,Eliminated Week 5,5.0,34.0,0.2526363350997024,8,8,16,False,True,0.10559006211180125,0.0,0.10559006211180125,True
18,5,Danica McKellar,Valentin Chmerkovskiy,Eliminated Week 8,8.0,39.0,0.9050201434679332,2,2,4,False,False,0.12111801242236025,0.14983041557697402,0.2709484279993343,False
18,5,Drew Carey,Cheryl Burke,Eliminated Week 6,6.0,28.0,0.0376118031164198,9,9,18,True,False,0.08695652173913043,0.07626848487007903,0.16322500660920947,False
18,5,James Maslow,Peta Murgatroyd,Eliminated Week 10,10.0,40.0,0.9079548514284196,1,1,2,False,False,0.12422360248447205,0.15162902115575397,0.275852623640226,False
18,5,Meryl Davis,Maksim Chmerkoskiy,1st Place,,36.0,0.7438234325862656,5,6,11,False,False,0.11180124223602485,0.11739165175654195,0.22919289399256682,False
18,5,NeNe Leakes,Tony Dovolani,Eliminated Week 7,7.0,36.0,0.8098378326486062,5,5,10,False,False,0.11180124223602485,0.11548015812349524,0.2272814003595201,False
18,6,Amy Purdy,Derek Hough,2nd Place,,38.0,0.916968776811542,2,2,4,False,False,0.1347517730496454,0.17143812820376952,0.30618990125341494,False
18,6,Candace Cameron Bure,Mark Ballas,3rd Place,,32.0,0.1601180411519152,7,7,14,False,False,0.11347517730496454,0.11608142408245065,0.22955660138741518,False
18,6,Charlie White,Sharna Burgess,Eliminated Week 9,9.0,36.0,0.8804372140504078,3,3,6,False,False,0.1276595744680851,0.15062486397986186,0.2782844384479469,False
18,6,Danica McKellar,Valentin Chmerkovskiy,Eliminated Week 8,8.0,36.0,0.854522903734918,3,4,7,False,False,0.1276595744680851,0.1552307930124554,0.2828903674805405,False
18,6,Drew Carey,Cheryl Burke,Eliminated Week 6,6.0,32.0,0.0820882219574827,7,8,15,True,True,0.11347517730496454,0.0,0.11347517730496454,True
18,6,James Maslow,Peta Murgatroyd,Eliminated Week 10,10.0,35.0,0.5999298049202216,5,5,10,False,False,0.12411347517730496,0.12338616766278893,0.2474996428400939,False
18,6,Meryl Davis,Maksim Chmerkoskiy,1st Place,,40.0,0.92391161652422,1,1,2,False,False,0.14184397163120568,0.16633212490507868,0.30817609653628436,False
18,6,NeNe Leakes,Tony Dovolani,Eliminated Week 7,7.0,33.0,0.236661223717682,6,6,12,False,False,0.11702127659574468,0.11690649815359501,0.23392777474933968,False
18,7,Amy Purdy,Derek Hough,2nd Place,,37.5,0.8745684789408125,2,1,3,False,False,0.1482213438735178,0.1981120036672538,0.3463333475407716,False
18,7,Candace Cameron Bure,Mark Ballas,3rd Place,,37.0,0.8011075465127035,3,4,7,False,False,0.14624505928853754,0.15089742471114775,0.2971424839996853,False
18,7,Charlie White,Sharna Burgess,Eliminated Week 9,9.0,35.5,0.6821793819672394,5,5,10,False,False,0.14031620553359683,0.15145221257084354,0.2917684181044404,False
18,7,Danica McKellar,Valentin Chmerkovskiy,Eliminated Week 8,8.0,36.0,0.8352184992591195,4,3,7,False,False,0.1422924901185771,0.16039588421730872,0.3026883743358858,False
18,7,James Maslow,Peta Murgatroyd,Eliminated Week 10,10.0,35.0,0.4517748059912554,6,6,12,False,False,0.1383399209486166,0.14078034786017204,0.27912026880878865,False
18,7,Meryl Davis,Maksim Chmerkoskiy,1st Place,,39.0,0.872674003017864,1,2,3,False,False,0.1541501976284585,0.19836212697327416,0.35251232460173265,False
18,7,NeNe Leakes,Tony Dovolani,Eliminated Week 7,7.0,33.0,0.0369749074396655,7,7,14,True,True,0.13043478260869565,0.0,0.13043478260869565,True
18,8,Amy Purdy,Derek Hough,2nd Place,,40.0,0.9300126480969138,1,1,2,False,False,0.17699115044247787,0.2717021789060308,0.4486933293485087,False
18,8,Candace Cameron Bure,Mark Ballas,3rd Place,,36.0,0.7871736534013718,4,3,7,False,False,0.1592920353982301,0.1529484933911985,0.3122405287894286,False
18,8,Charlie White,Sharna Burgess,Eliminated Week 9,9.0,40.0,0.9062989434628552,1,2,3,False,False,0.17699115044247787,0.21248341182751063,0.3894745622699885,False
18,8,Danica McKellar,Valentin Chmerkovskiy,Eliminated Week 8,8.0,38.0,0.5498615242595948,3,5,8,False,True,0.168141592920354,0.0,0.168141592920354,True
18,8,James Maslow,Peta Murgatroyd,Eliminated Week 10,10.0,36.0,0.6634136823876327,4,4,8,False,False,0.1592920353982301,0.18671612040792682,0.3460081558061569,False
18,8,Meryl Davis,Maksim Chmerkoskiy,1st Place,,36.0,0.4354769425493766,4,6,10,True,False,0.1592920353982301,0.17614979546733325,0.33544183086556334,False
18,9,Amy Purdy,Derek Hough,2nd Place,,39.0,0.7952877864114289,2,2,4,False,False,0.20418848167539266,0.34187154042086465,0.5460600220962573,False
18,9,Candace Cameron Bure,Mark Ballas,3rd Place,,36.0,0.2462330540415587,5,4,9,True,False,0.18848167539267016,0.17301735534259088,0.361499030735261,False
18,9,Charlie White,Sharna Burgess,Eliminated Week 9,9.0,38.0,0.1717881581190408,3,5,8,False,True,0.19895287958115182,0.0,0.19895287958115182,True
18,9,James Maslow,Peta Murgatroyd,Eliminated Week 10,10.0,38.0,0.7330904495616678,3,3,6,False,False,0.19895287958115182,0.13735182044389524,0.3363047000250471,False
18,9,Meryl Davis,Maksim Chmerkoskiy,1st Place,,40.0,0.8667848346064311,1,1,2,False,False,0.2094240837696335,0.3477592837926492,0.5571833675622827,False
18,10,Amy Purdy,Derek Hough,2nd Place,,29.666600000000003,0.571517351345405,2,2,4,False,False,0.2587209505138384,0.3612324136931225,0.6199533642069609,False
18,10,Candace Cameron Bure,Mark Ballas,3rd Place,,25.9998,0.1021063963433778,4,4,8,True,False,0.22674296916969572,0.24388541366286734,0.47062838283256303,False
18,10,James Maslow,Peta Murgatroyd,Eliminated Week 10,10.0,29.0,0.4544409682511493,3,3,6,False,True,0.2529075649013137,0.0,0.2529075649013137,True
18,10,Meryl Davis,Maksim Chmerkoskiy,1st Place,,30.0,0.8766106439646031,1,1,2,False,False,0.2616285154151521,0.3948821726440102,0.6565106880591622,False
19,1,Alfonso Ribeiro,Witney Carson,1st Place,,36.0,0.9376612850582638,1,1,2,False,False,0.0967741935483871,0.10441641842742862,0.20119061197581573,False
19,1,Antonio Sabato Jr.,Cheryl Burke,Eliminated Week 7,7.0,25.0,0.1643443253269048,10,12,22,False,False,0.06720430107526881,0.07248570069905722,0.13969000177432603,False
19,1,Bethany Mota,Derek Hough,Eliminated Week 11,11.0,32.0,0.9256417439893616,3,2,5,False,False,0.08602150537634409,0.10353689331590317,0.18955839869224728,False
19,1,Betsey Johnson,Tony Dovolani,Eliminated Week 4,4.0,20.0,0.0526902394359389,13,13,26,True,False,0.053763440860215055,0.06165548727453671,0.11541892813475177,False
19,1,Janel Parrish,Valentin Chmerkovskiy,3rd Place,,29.0,0.8245151655086154,7,8,15,False,False,0.07795698924731183,0.08726422920759808,0.1652212184549099,False
19,1,Jonathan Bennett,Allison Holker,Eliminated Week 6,6.0,30.0,0.8807696928813911,6,5,11,False,False,0.08064516129032258,0.08442454961056034,0.1650697109008829,False
19,1,Lea Thompson,Artem Chigvintsev,Eliminated Week 9,9.0,32.0,0.8997409527626966,3,3,6,False,False,0.08602150537634409,0.09247039800509196,0.17849190338143606,False
19,1,Lolo Jones,Keo Motsepe,Eliminated Week 1,1.0,22.0,0.3068850069629079,12,10,22,False,True,0.05913978494623656,0.0,0.05913978494623656,True
19,1,Michael Waltrip,Emma Slater,Eliminated Week 8,8.0,25.0,0.1741057958761548,10,11,21,False,False,0.06720430107526881,0.04717164292128905,0.11437594399655787,False
19,1,Randy Couture,Karina Smirnoff,Eliminated Week 3,3.0,31.0,0.8777994845312656,5,6,11,False,False,0.08333333333333333,0.08841478398935396,0.1717481173226873,False
19,1,Sadie Robertson,Mark Ballas,2nd Place,,34.0,0.8966643260079978,2,4,6,False,False,0.0913978494623656,0.10515036797906471,0.1965482174414303,False
19,1,Tavis Smiley,Sharna Burgess,Eliminated Week 2,2.0,29.0,0.8329965150854,7,7,14,False,False,0.07795698924731183,0.08114855161004468,0.1591055408573565,False
19,1,Tommy Chong,Peta Murgatroyd,Eliminated Week 10,10.0,27.0,0.4770814618021883,9,9,18,False,False,0.07258064516129033,0.07186097696007168,0.14444162212136202,False
19,2,Alfonso Ribeiro,Witney Carson,1st Place,,32.0,0.8892041546686358,4,4,8,False,False,0.08839779005524862,0.10522886362949677,0.19362665368474538,False
19,2,Antonio Sabato Jr.,Cheryl Burke,Eliminated Week 7,7.0,31.0,0.8838141339986675,5,5,10,False,False,0.0856353591160221,0.1000695071550818,0.18570486627110389,False
19,2,Bethany Mota,Derek Hough,Eliminated Week 11,11.0,33.0,0.9184785870489752,3,3,6,False,False,0.09116022099447514,0.11881345083577927,0.2099736718302544,False
19,2,Betsey Johnson,Tony Dovolani,Eliminated Week 4,4.0,28.0,0.5769101485177429,8,11,19,False,False,0.07734806629834254,0.07869629352869331,0.15604435982703585,False
19,2,Janel Parrish,Valentin Chmerkovskiy,3rd Place,,34.0,0.9250684094347352,2,2,4,False,False,0.09392265193370165,0.12019068214630702,0.21411333408000865,False
19,2,Jonathan Bennett,Allison Holker,Eliminated Week 6,6.0,30.0,0.862621336486266,7,6,13,False,False,0.08287292817679558,0.08735450387890106,0.17022743205569663,False
19,2,Lea Thompson,Artem Chigvintsev,Eliminated Week 9,9.0,35.0,0.9267044388922312,1,1,2,False,False,0.09668508287292818,0.11472176510298696,0.21140684797591514,False
19,2,Michael Waltrip,Emma Slater,Eliminated Week 8,8.0,24.0,0.4291823709941595,12,12,24,True,False,0.06629834254143646,0.029019077032350668,0.09531741957378713,False
19,2,Randy Couture,Karina Smirnoff,Eliminated Week 3,3.0,28.0,0.6864386820720884,8,10,18,False,False,0.07734806629834254,0.06072813299117155,0.1380761992895141,False
19,2,Sadie Robertson,Mark Ballas,2nd Place,,31.0,0.857101666734289,5,7,12,False,False,0.0856353591160221,0.1063411955660098,0.1919765546820319,False
19,2,Tavis Smiley,Sharna Burgess,Eliminated Week 2,2.0,28.0,0.8143859354010372,8,8,16,False,True,0.07734806629834254,0.0,0.07734806629834254,True
19,2,Tommy Chong,Peta Murgatroyd,Eliminated Week 10,10.0,28.0,0.705620242927955,8,9,17,False,False,0.07734806629834254,0.07883652813322184,0.15618459443156438,False
19,3,Alfonso Ribeiro,Witney Carson,1st Place,,32.0,0.8925155577188545,4,4,8,False,False,0.0906515580736544,0.10551948199276723,0.1961710400664216,False
19,3,Antonio Sabato Jr.,Cheryl Burke,Eliminated Week 7,7.0,29.0,0.2474914133249331,8,9,17,False,False,0.0821529745042493,0.08679805093689812,0.16895102544114743,False
19,3,Bethany Mota,Derek Hough,Eliminated Week 11,11.0,40.0,0.9520926344772208,1,1,2,False,False,0.11331444759206799,0.12753517045517127,0.24084961804723926,False
19,3,Betsey Johnson,Tony Dovolani,Eliminated Week 4,4.0,29.0,0.4055983796380163,8,8,16,False,False,0.0821529745042493,0.07892966109224514,0.16108263559649444,False
19,3,Janel Parrish,Valentin Chmerkovskiy,3rd Place,,40.0,0.942772520766732,1,2,3,False,False,0.11331444759206799,0.12404480975127724,0.23735925734334523,False
19,3,Jonathan Bennett,Allison Holker,Eliminated Week 6,6.0,32.0,0.8979864769996654,4,3,7,False,False,0.0906515580736544,0.10276182387059994,0.19341338194425434,False
19,3,Lea Thompson,Artem Chigvintsev,Eliminated Week 9,9.0,31.0,0.6668993221933501,7,7,14,False,False,0.08781869688385269,0.08614949443842948,0.17396819132228217,False
19,3,Michael Waltrip,Emma Slater,Eliminated Week 8,8.0,28.0,0.2203357323036043,10,10,20,False,False,0.07932011331444759,0.07329328704426456,0.15261340035871215,False
19,3,Randy Couture,Karina Smirnoff,Eliminated Week 3,3.0,26.0,0.055879401444481,11,11,22,True,True,0.07365439093484419,0.0,0.07365439093484419,True
19,3,Sadie Robertson,Mark Ballas,2nd Place,,32.0,0.8153999624801862,4,6,10,False,False,0.0906515580736544,0.11099032229639377,0.20164188037004815,False
19,3,Tommy Chong,Peta Murgatroyd,Eliminated Week 10,10.0,34.0,0.8737985966477572,3,5,8,False,False,0.09631728045325778,0.10397789812195335,0.20029517857521112,False
19,4,Alfonso Ribeiro,Witney Carson,1st Place,,40.0,0.92901163832429,1,1,2,False,False,0.125,0.1458327921134491,0.27083279211344913,False
19,4,Antonio Sabato Jr.,Cheryl Burke,Eliminated Week 7,7.0,29.0,0.3939694521476885,6,9,15,False,False,0.090625,0.10602455137829453,0.19664955137829454,False
19,4,Bethany Mota,Derek Hough,Eliminated Week 11,11.0,33.0,0.8321110268697274,5,3,8,False,False,0.103125,0.12835028137391186,0.23147528137391185,False
19,4,Betsey Johnson,Tony Dovolani,Eliminated Week 4,4.0,29.0,0.4991671100519603,6,7,13,False,True,0.090625,0.0,0.090625,True
19,4,Janel Parrish,Valentin Chmerkovskiy,3rd Place,,36.0,0.7911221946032112,4,5,9,False,False,0.1125,0.12984286794343106,0.24234286794343107,False
19,4,Jonathan Bennett,Allison Holker,Eliminated Week 6,6.0,24.0,0.5099719352970353,10,6,16,False,False,0.075,0.07690266980655555,0.15190266980655553,False
19,4,Lea Thompson,Artem Chigvintsev,Eliminated Week 9,9.0,39.0,0.8264997613141988,2,4,6,False,False,0.121875,0.13037286169321824,0.2522478616932182,False
19,4,Michael Waltrip,Emma Slater,Eliminated Week 8,8.0,25.0,0.3027580740079255,9,10,19,True,False,0.078125,0.05495099791145449,0.1330759979114545,False
19,4,Sadie Robertson,Mark Ballas,2nd Place,,37.0,0.9044222034496596,3,2,5,False,False,0.115625,0.13823369441767921,0.2538586944176792,False
19,4,Tommy Chong,Peta Murgatroyd,Eliminated Week 10,10.0,28.0,0.4094263236207067,8,8,16,False,False,0.0875,0.08948928336200604,0.17698928336200603,False
19,6,Alfonso Ribeiro,Witney Carson,1st Place,,39.0,0.9378991518131716,1,1,2,False,False,0.13310580204778158,0.16828679078710224,0.30139259283488384,False
19,6,Antonio Sabato Jr.,Cheryl Burke,Eliminated Week 7,7.0,28.0,0.0776171846956772,8,9,17,True,False,0.09556313993174062,0.07559382093393684,0.17115696086567744,False
19,6,Bethany Mota,Derek Hough,Eliminated Week 11,11.0,36.0,0.9131407476396391,2,2,4,False,False,0.12286689419795221,0.17656805201920148,0.2994349462171537,False
19,6,Janel Parrish,Valentin Chmerkovskiy,3rd Place,,33.0,0.8206027400940703,4,5,9,False,False,0.11262798634812286,0.15064608674112184,0.2632740730892447,False
19,6,Jonathan Bennett,Allison Holker,Eliminated Week 6,6.0,32.0,0.8822561413122093,5,3,8,False,True,0.10921501706484642,0.0,0.10921501706484642,True
19,6,Lea Thompson,Artem Chigvintsev,Eliminated Week 9,9.0,32.0,0.8215685753178227,5,4,9,False,False,0.10921501706484642,0.11110093583573308,0.22031595290057948,False
19,6,Michael Waltrip,Emma Slater,Eliminated Week 8,8.0,30.0,0.3974826426888483,7,8,15,False,False,0.10238907849829351,0.07221934719500085,0.17460842569329438,False
19,6,Sadie Robertson,Mark Ballas,2nd Place,,35.0,0.6977217296695943,3,6,9,False,False,0.11945392491467577,0.16194995652597668,0.2814038814406524,False
19,6,Tommy Chong,Peta Murgatroyd,Eliminated Week 10,10.0,28.0,0.4273432476643451,8,7,15,False,False,0.09556313993174062,0.083635009961927,0.1791981498936676,False
19,7,Alfonso Ribeiro,Witney Carson,1st Place,,34.0,0.8843407987993817,3,2,5,False,False,0.13152804642166344,0.1610723890504178,0.29260043547208126,False
19,7,Antonio Sabato Jr.,Cheryl Burke,Eliminated Week 7,7.0,29.5,0.0477437147673284,7,8,15,True,True,0.11411992263056092,0.0,0.11411992263056092,True
19,7,Bethany Mota,Derek Hough,Eliminated Week 11,11.0,37.5,0.8785046932590667,1,3,4,False,False,0.1450676982591876,0.19839240619248938,0.34346010445167696,False
19,7,Janel Parrish,Valentin Chmerkovskiy,3rd Place,,33.5,0.4478440126916965,4,5,9,False,False,0.12959381044487428,0.15515152389719472,0.284745334342069,False
19,7,Lea Thompson,Artem Chigvintsev,Eliminated Week 9,9.0,35.0,0.8938692432195771,2,1,3,False,False,0.13539651837524178,0.1591302008772712,0.29452671925251295,False
19,7,Michael Waltrip,Emma Slater,Eliminated Week 8,8.0,28.0,0.229712762847673,8,6,14,False,False,0.10831721470019343,0.07777564412309301,0.18609285882328644,False
19,7,Sadie Robertson,Mark Ballas,2nd Place,,31.0,0.4523361697992074,5,4,9,False,False,0.11992263056092843,0.15047030670500863,0.27039293726593705,False
19,7,Tommy Chong,Peta Murgatroyd,Eliminated Week 10,10.0,30.0,0.1476723883585851,6,7,13,False,False,0.11605415860735009,0.09800752915452528,0.21406168776187537,False
19,8,Alfonso Ribeiro,Witney Carson,1st Place,,41.0,0.895012111081821,2,2,4,False,False,0.16532258064516128,0.2077635182928897,0.373086098938051,False
19,8,Bethany Mota,Derek Hough,Eliminated Week 11,11.0,40.0,0.8793264521512305,3,3,6,False,False,0.16129032258064516,0.2073246902574631,0.36861501283810827,False
19,8,Janel Parrish,Valentin Chmerkovskiy,3rd Place,,43.0,0.9242344847433398,1,1,2,False,False,0.17338709677419356,0.22846406611117218,0.4018511628853657,False
19,8,Lea Thompson,Artem Chigvintsev,Eliminated Week 9,9.0,32.0,0.1860113528445982,5,5,10,False,False,0.12903225806451613,0.08007679968327687,0.20910905774779298,False
19,8,Michael Waltrip,Emma Slater,Eliminated Week 8,8.0,25.0,0.0249254199078915,7,7,14,True,True,0.10080645161290322,0.0,0.10080645161290322,True
19,8,Sadie Robertson,Mark Ballas,2nd Place,,38.0,0.8650911259653282,4,4,8,False,False,0.1532258064516129,0.19177814080855973,0.34500394726017264,False
19,8,Tommy Chong,Peta Murgatroyd,Eliminated Week 10,10.0,29.0,0.0415124336275888,6,6,12,False,False,0.11693548387096774,0.08459278484663844,0.20152826871760618,False
19,9,Alfonso Ribeiro,Witney Carson,1st Place,,38.5,0.9083363496359969,1,1,2,False,False,0.17990654205607476,0.23500886023118955,0.4149154022872643,False
19,9,Bethany Mota,Derek Hough,Eliminated Week 11,11.0,37.0,0.3887074079140141,3,4,7,False,False,0.17289719626168223,0.22128380049661514,0.3941809967582974,False
19,9,Janel Parrish,Valentin Chmerkovskiy,3rd Place,,38.5,0.8901257796289509,1,2,3,False,False,0.17990654205607476,0.23323582361907508,0.41314236567514984,False
19,9,Lea Thompson,Artem Chigvintsev,Eliminated Week 9,9.0,35.0,0.2805927828727059,5,5,10,False,True,0.16355140186915887,0.0,0.16355140186915887,True
19,9,Sadie Robertson,Mark Ballas,2nd Place,,36.5,0.7276875216137935,4,3,7,False,False,0.1705607476635514,0.20176580073575212,0.3723265483993035,False
19,9,Tommy Chong,Peta Murgatroyd,Eliminated Week 10,10.0,28.5,0.0289888528776294,6,6,12,True,False,0.13317757009345793,0.1087057149173681,0.241883285010826,False
19,10,Alfonso Ribeiro,Witney Carson,1st Place,,37.5,0.6205864549685176,3,3,6,False,False,0.2054794520547945,0.2147827903097062,0.4202622423645007,False
19,10,Bethany Mota,Derek Hough,Eliminated Week 11,11.0,38.0,0.5640263036703188,2,4,6,False,False,0.20821917808219179,0.2678804115072167,0.47609958958940846,False
19,10,Janel Parrish,Valentin Chmerkovskiy,3rd Place,,39.0,0.9173305655242324,1,1,2,False,False,0.2136986301369863,0.293314972786379,0.5070136029233654,False
19,10,Sadie Robertson,Mark Ballas,2nd Place,,37.0,0.8037858055646326,4,2,6,False,False,0.20273972602739726,0.22402182539669804,0.42676155142409533,False
19,10,Tommy Chong,Peta Murgatroyd,Eliminated Week 10,10.0,31.0,0.137504140135796,5,5,10,True,True,0.16986301369863013,0.0,0.16986301369863013,True
19,11,Alfonso Ribeiro,Witney Carson,1st Place,,40.0,0.9110511684006632,1,1,2,False,False,0.25586408499804897,0.36416228768225345,0.6200263726803024,False
19,11,Bethany Mota,Derek Hough,Eliminated Week 11,11.0,38.0,0.7750025029962886,4,3,7,True,True,0.24307088074814653,0.0,0.24307088074814653,True
19,11,Janel Parrish,Valentin Chmerkovskiy,3rd Place,,38.99980000000001,0.7852324142652007,3,2,5,False,False,0.24946620355267282,0.29100880600050333,0.5404750095531762,False
19,11,Sadie Robertson,Mark Ballas,2nd Place,,39.333200000000005,0.3969878723287607,2,4,6,False,False,0.25159883070113154,0.3448289063172432,0.5964277370183748,False
20,2,Charlotte McKinney,Keo Motsepe,Eliminated Week 3,3.0,26.0,0.794712988608715,11,9,20,False,False,0.07492795389048991,0.03760178886886957,0.11252974275935948,False
20,2,Chris Soules,Witney Carson,Eliminated Week 8,8.0,21.0,0.0529327327156506,12,12,24,True,False,0.06051873198847262,0.066413088450117,0.1269318204385896,False
20,2,Michael Sam,Peta Murgatroyd,Eliminated Week 4,4.0,28.0,0.8605819328990318,6,7,13,False,False,0.08069164265129683,0.09022371075454719,0.17091535340584402,False
20,2,Nastia Liukin,Derek Hough,Eliminated Week 9,9.0,34.0,0.949687495659749,1,1,2,False,False,0.09798270893371758,0.12748162811626165,0.22546433704997923,False
20,2,Noah Galloway,Sharna Burgess,3rd Place,,27.0,0.7303145113463281,10,10,20,False,False,0.07780979827089338,0.07239608612353243,0.1502058843944258,False
20,2,Patti LaBelle,Artem Chigvintsev,Eliminated Week 6,6.0,28.0,0.6492306768417251,6,11,17,False,False,0.08069164265129683,0.08246218486139811,0.16315382751269494,False
20,2,Redfoo,Emma Slater,Eliminated Week 2,2.0,31.0,0.8658457902218266,5,6,11,False,True,0.0893371757925072,0.0,0.0893371757925072,True
20,2,Riker Lynch,Allison Holker,2nd Place,,32.0,0.9268201507294432,2,2,4,False,False,0.09221902017291066,0.1112069888866365,0.20342600905954716,False
20,2,Robert Herjavec,Kym Johnson,Eliminated Week 8,8.0,28.0,0.8665135634567298,6,5,11,False,False,0.08069164265129683,0.08976225361207384,0.17045389626337065,False
20,2,Rumer Willis,Valentin Chmerkovskiy,1st Place,,32.0,0.9182096956853172,2,4,6,False,False,0.09221902017291066,0.11812959605341569,0.21034861622632633,False
20,2,Suzanne Somers,Tony Dovolani,Eliminated Week 5,5.0,28.0,0.8381433908552398,6,8,14,False,False,0.08069164265129683,0.08435324213126157,0.1650448847825584,False
20,2,Willow Shields,Mark Ballas,Eliminated Week 7,7.0,32.0,0.9267373896643342,2,3,5,False,False,0.09221902017291066,0.11996943214188656,0.21218845231479722,False
20,3,Charlotte McKinney,Keo Motsepe,Eliminated Week 3,3.0,22.0,0.2492304102563418,10,9,19,False,True,0.07028753993610223,0.0,0.07028753993610223,True
20,3,Chris Soules,Witney Carson,Eliminated Week 8,8.0,28.0,0.8069958901032721,7,7,14,False,False,0.08945686900958466,0.093472573186817,0.18292944219640167,False
20,3,Michael Sam,Peta Murgatroyd,Eliminated Week 4,4.0,24.0,0.4571853698793841,9,8,17,False,False,0.07667731629392971,0.07140932861479292,0.14808664490872264,False
20,3,Nastia Liukin,Derek Hough,Eliminated Week 9,9.0,34.0,0.9333565414050564,1,2,3,False,False,0.10862619808306709,0.13620646034922618,0.24483265843229327,False
20,3,Noah Galloway,Sharna Burgess,3rd Place,,30.0,0.8800799626425009,5,4,9,False,False,0.09584664536741214,0.1089773649349723,0.20482401030238445,False
20,3,Patti LaBelle,Artem Chigvintsev,Eliminated Week 6,6.0,22.0,0.1116553982809984,10,11,21,True,False,0.07028753993610223,0.053145590979596015,0.12343313091569824,False
20,3,Riker Lynch,Allison Holker,2nd Place,,34.0,0.9371886981450828,1,1,2,False,False,0.10862619808306709,0.12662161888383805,0.23524781696690514,False
20,3,Robert Herjavec,Kym Johnson,Eliminated Week 8,8.0,29.0,0.8559317650859009,6,5,11,False,False,0.0926517571884984,0.09734461418068792,0.18999637136918632,False
20,3,Rumer Willis,Valentin Chmerkovskiy,1st Place,,33.0,0.8915596167064845,3,3,6,False,False,0.10543130990415335,0.12257892605981971,0.22801023596397307,False
20,3,Suzanne Somers,Tony Dovolani,Eliminated Week 5,5.0,25.0,0.2421607039338476,8,10,18,False,False,0.07987220447284345,0.0706173831941751,0.15048958766701853,False
20,3,Willow Shields,Mark Ballas,Eliminated Week 7,7.0,32.0,0.850348099391171,4,6,10,False,False,0.10223642172523961,0.11962613961607488,0.2218625613413145,False
20,4,Chris Soules,Witney Carson,Eliminated Week 8,8.0,27.0,0.5514230226316752,10,8,18,False,False,0.08307692307692308,0.060431140421784386,0.14350806349870746,False
20,4,Michael Sam,Peta Murgatroyd,Eliminated Week 4,4.0,30.0,0.8241242588761235,7,6,13,False,True,0.09230769230769231,0.0,0.09230769230769231,True
20,4,Nastia Liukin,Derek Hough,Eliminated Week 9,9.0,36.0,0.9252940447859592,2,2,4,False,False,0.11076923076923077,0.1492366770289631,0.2600059077981939,False
20,4,Noah Galloway,Sharna Burgess,3rd Place,,32.0,0.8037830909725555,6,7,13,False,False,0.09846153846153846,0.10892310028860788,0.20738463875014634,False
20,4,Patti LaBelle,Artem Chigvintsev,Eliminated Week 6,6.0,30.0,0.2664753131818778,7,10,17,False,False,0.09230769230769231,0.08168138884495707,0.17398908115264938,False
20,4,Riker Lynch,Allison Holker,2nd Place,,34.0,0.8856073627917684,4,4,8,False,False,0.10461538461538461,0.12320364764708833,0.22781903226247294,False
20,4,Robert Herjavec,Kym Johnson,Eliminated Week 8,8.0,34.0,0.8478953170668331,4,5,9,False,False,0.10461538461538461,0.12036820741201625,0.22498359202740087,False
20,4,Rumer Willis,Valentin Chmerkovskiy,1st Place,,35.0,0.8920643677312116,3,3,6,False,False,0.1076923076923077,0.13801830432108117,0.24571061201338887,False
20,4,Suzanne Somers,Tony Dovolani,Eliminated Week 5,5.0,28.0,0.2912752775338101,9,9,18,True,False,0.08615384615384615,0.06429324545957782,0.15044709161342396,False
20,4,Willow Shields,Mark Ballas,Eliminated Week 7,7.0,39.0,0.9368719298589996,1,1,2,False,False,0.12,0.15384428857592397,0.27384428857592397,False
20,5,Chris Soules,Witney Carson,Eliminated Week 8,8.0,27.0,0.3944014484279367,7,6,13,False,False,0.09540636042402827,0.05729041722741449,0.15269677765144277,False
20,5,Nastia Liukin,Derek Hough,Eliminated Week 9,9.0,38.0,0.910189752023511,2,3,5,False,False,0.13427561837455831,0.17257912243363388,0.3068547408081922,False
20,5,Noah Galloway,Sharna Burgess,3rd Place,,28.0,0.5493792230156178,5,5,10,False,False,0.0989399293286219,0.13519282897944548,0.2341327583080674,False
20,5,Patti LaBelle,Artem Chigvintsev,Eliminated Week 6,6.0,27.0,0.053942794126829,7,9,16,True,False,0.09540636042402827,0.07020284215690344,0.1656092025809317,False
20,5,Riker Lynch,Allison Holker,2nd Place,,38.0,0.9176569877908972,2,2,4,False,False,0.13427561837455831,0.15855382173390414,0.29282944010846246,False
20,5,Robert Herjavec,Kym Johnson,Eliminated Week 8,8.0,24.0,0.2355864812110016,9,7,16,False,False,0.08480565371024736,0.07600879538749256,0.1608144490977399,False
20,5,Rumer Willis,Valentin Chmerkovskiy,1st Place,,39.0,0.9273180284590644,1,1,2,False,False,0.13780918727915195,0.17758095639603078,0.3153901436751827,False
20,5,Suzanne Somers,Tony Dovolani,Eliminated Week 5,5.0,28.0,0.1002194050415674,5,8,13,False,True,0.0989399293286219,0.0,0.0989399293286219,True
20,5,Willow Shields,Mark Ballas,Eliminated Week 7,7.0,34.0,0.8466040370204088,4,4,8,False,False,0.12014134275618374,0.15259121568517514,0.2727325584413589,False
20,6,Chris Soules,Witney Carson,Eliminated Week 8,8.0,35.0,0.8624411582868191,5,4,9,False,False,0.12367491166077739,0.11931113287631132,0.24298604453708872,False
20,6,Nastia Liukin,Derek Hough,Eliminated Week 9,9.0,36.5,0.8948492324741589,2,2,4,False,False,0.12897526501766785,0.18145091986569578,0.3104261848833636,False
20,6,Noah Galloway,Sharna Burgess,3rd Place,,34.0,0.8350283067066712,6,5,11,False,False,0.12014134275618374,0.09328198196332446,0.2134233247195082,False
20,6,Patti LaBelle,Artem Chigvintsev,Eliminated Week 6,6.0,34.0,0.4186343157579997,6,8,14,False,True,0.12014134275618374,0.0,0.12014134275618374,True
20,6,Riker Lynch,Allison Holker,2nd Place,,38.0,0.9163141690257582,1,1,2,False,False,0.13427561837455831,0.17787370291946458,0.3121493212940229,False
20,6,Robert Herjavec,Kym Johnson,Eliminated Week 8,8.0,33.5,0.5824462840764981,8,7,15,True,False,0.11837455830388692,0.09231254878365433,0.21068710708754124,False
20,6,Rumer Willis,Valentin Chmerkovskiy,1st Place,,35.5,0.6632900231659973,4,6,10,False,False,0.1254416961130742,0.156166174120964,0.2816078702340382,False
20,6,Willow Shields,Mark Ballas,Eliminated Week 7,7.0,36.5,0.88540322910761,2,3,5,False,False,0.12897526501766785,0.17960353947058563,0.3085788044882535,False
20,7,Chris Soules,Witney Carson,Eliminated Week 8,8.0,31.0,0.0686925587293882,6,7,13,True,False,0.1220472440944882,0.1158042447243733,0.23785148881886148,False
20,7,Nastia Liukin,Derek Hough,Eliminated Week 9,9.0,41.0,0.9209766446452232,1,1,2,False,False,0.16141732283464566,0.2623245727825648,0.4237418956172105,False
20,7,Noah Galloway,Sharna Burgess,3rd Place,,38.0,0.8760281787303288,3,3,6,False,False,0.14960629921259844,0.19626390606676736,0.3458702052793658,False
20,7,Riker Lynch,Allison Holker,2nd Place,,37.0,0.8483848570661929,4,4,8,False,False,0.14566929133858267,0.16645709073030984,0.31212638206889254,False
20,7,Robert Herjavec,Kym Johnson,Eliminated Week 8,8.0,31.0,0.2091492763166887,6,6,12,False,False,0.1220472440944882,0.08167699056983985,0.20372423466432804,False
20,7,Rumer Willis,Valentin Chmerkovskiy,1st Place,,37.0,0.8154283802694229,4,5,9,False,False,0.14566929133858267,0.1774731951261448,0.32314248646472743,False
20,7,Willow Shields,Mark Ballas,Eliminated Week 7,7.0,39.0,0.9003797467289586,2,2,4,False,True,0.15354330708661418,0.0,0.15354330708661418,True
20,8,Chris Soules,Witney Carson,Eliminated Week 8,8.0,32.0,0.8477852324709937,4,3,7,False,True,0.15130023640661938,0.04118250130896237,0.19248273771558175,True
20,8,Nastia Liukin,Derek Hough,Eliminated Week 9,9.0,38.0,0.7733769715436192,3,4,7,False,False,0.17966903073286053,0.25466690950935356,0.4343359402422141,False
20,8,Noah Galloway,Sharna Burgess,3rd Place,,31.5,0.0649982990330099,5,6,11,True,False,0.14893617021276595,0.18401097143375628,0.3329471416465222,False
20,8,Riker Lynch,Allison Holker,2nd Place,,39.0,0.8993322395592569,2,2,4,False,False,0.18439716312056736,0.23936975783839223,0.4237669209589596,False
20,8,Robert Herjavec,Kym Johnson,Eliminated Week 8,8.0,31.0,0.1070453417131773,6,5,11,True,True,0.14657210401891252,0.0,0.14657210401891252,True
20,8,Rumer Willis,Valentin Chmerkovskiy,1st Place,,40.0,0.9093657208972254,1,1,2,False,False,0.18912529550827423,0.28076985990953557,0.4698951554178098,False
20,9,Nastia Liukin,Derek Hough,Eliminated Week 9,9.0,40.0,0.9260109559662302,1,1,2,False,True,0.25477707006369427,0.0,0.25477707006369427,True
20,9,Noah Galloway,Sharna Burgess,3rd Place,,38.0,0.8147466165089066,4,3,7,False,False,0.24203821656050956,0.18460747949285786,0.42664569605336744,False
20,9,Riker Lynch,Allison Holker,2nd Place,,40.0,0.9125708557137768,1,2,3,False,False,0.25477707006369427,0.48658273980069866,0.741359809864393,False
20,9,Rumer Willis,Valentin Chmerkovskiy,1st Place,,39.0,0.7090797920830565,3,4,7,True,False,0.2484076433121019,0.3288097807064435,0.5772174240185455,False
21,2,Alek Skarlatos,Lindsay Arnold,3rd Place,,22.5,0.9171579527287016,4,2,6,False,False,0.08317929759704251,0.107082268676918,0.19026156627396051,False
21,2,Alexa PenaVega,Mark Ballas,Eliminated Week 9,9.0,23.0,0.790833779752626,3,7,10,False,False,0.08502772643253234,0.11268818481964983,0.19771591125218219,False
21,2,Andy Grammer,Allison Holker,Eliminated Week 8,8.0,22.0,0.8296912959749062,8,6,14,False,False,0.08133086876155268,0.07745618177362576,0.15878705053517844,False
21,2,Bindi Irwin,Derek Hough,1st Place,,24.0,0.7244022890618308,2,9,11,False,False,0.08872458410351201,0.11962050297390156,0.20834508707741356,False
21,2,Carlos PenaVega,Witney Carson,Eliminated Week 11,11.0,22.5,0.8940147150029416,4,5,9,False,False,0.08317929759704251,0.10703503795682733,0.19021433555386985,False
21,2,Chaka Khan,Keo Motsepe,Eliminated Week 2,2.0,15.0,0.068223027269362,13,13,26,True,True,0.05545286506469501,0.0,0.05545286506469501,True
21,2,Gary Busey,Anna Trebunskaya,Eliminated Week 4,4.0,16.5,0.2803040736365957,12,12,24,True,False,0.06099815157116451,0.03497841716287392,0.09597656873403843,False
21,2,Hayes Grier,Emma Slater,Eliminated Week 7,7.0,22.5,0.8940884862086378,4,4,8,False,False,0.08317929759704251,0.1038453961931059,0.1870246937901484,False
21,2,Kim Zolciak-Biermann,Tony Dovolani,Withdrew,2.0,18.5,0.7805468843124169,9,8,17,False,True,0.06839186691312385,0.017796292461102946,0.0861881593742268,True
21,2,Nick Carter,Sharna Burgess,2nd Place,,22.5,0.8997657915330893,4,3,7,False,False,0.08317929759704251,0.10483308700456284,0.18801238460160535,False
21,2,Paula Deen,Louis van Amstel,Eliminated Week 6,6.0,18.5,0.6302513599122292,9,10,19,False,False,0.06839186691312385,0.07749510402879664,0.1458869709419205,False
21,2,Tamar Braxton,Valentin Chmerkovskiy,Withdrew,9.0,24.5,0.9245707667672952,1,1,2,False,False,0.09057301293900184,0.11908433467471335,0.20965734761371518,False
21,2,Victor Espinoza,Karina Smirnoff,Eliminated Week 2,2.0,18.5,0.3953017071346617,9,11,20,True,True,0.06839186691312385,0.018085192273921982,0.08647705918704583,True
21,4,Alek Skarlatos,Lindsay Arnold,3rd Place,,24.0,0.5819825172430808,6,6,12,False,False,0.1016949152542373,0.11398326527622084,0.21567818053045812,False
21,4,Alexa PenaVega,Mark Ballas,Eliminated Week 9,9.0,21.0,0.1467199725552979,8,10,18,False,False,0.08898305084745763,0.10616633217495525,0.19514938302241286,False
21,4,Andy Grammer,Allison Holker,Eliminated Week 8,8.0,23.0,0.3712298561133116,7,8,15,False,False,0.09745762711864407,0.10019633941175239,0.19765396653039646,False
21,4,Bindi Irwin,Derek Hough,1st Place,,28.0,0.9357229569406958,1,1,2,False,False,0.11864406779661017,0.1475731939462687,0.26621726174287885,False
21,4,Carlos PenaVega,Witney Carson,Eliminated Week 11,11.0,25.0,0.7549771261014724,5,5,10,False,False,0.1059322033898305,0.11634915310536252,0.22228135649519304,False
21,4,Gary Busey,Anna Trebunskaya,Eliminated Week 4,4.0,16.0,0.2760155066514538,10,9,19,True,True,0.06779661016949153,0.0,0.06779661016949153,True
21,4,Hayes Grier,Emma Slater,Eliminated Week 7,7.0,27.0,0.900446373208584,2,3,5,False,False,0.11440677966101695,0.13080127870826044,0.2452080583692774,False
21,4,Nick Carter,Sharna Burgess,2nd Place,,27.0,0.900784888452098,2,2,4,False,False,0.11440677966101695,0.1319283521489982,0.24633513181001515,False
21,4,Paula Deen,Louis van Amstel,Eliminated Week 6,6.0,18.0,0.4494141643947961,9,7,16,False,False,0.07627118644067797,0.01977665633656617,0.09604784277724414,False
21,4,Tamar Braxton,Valentin Chmerkovskiy,Withdrew,9.0,27.0,0.8808677631788344,2,4,6,False,False,0.11440677966101695,0.13322542889161543,0.24763220855263238,False
21,6,Alek Skarlatos,Lindsay Arnold,3rd Place,,30.0,0.526423144993333,7,7,14,False,False,0.09584664536741214,0.10802452159799901,0.20387116696541113,False
21,6,Alexa PenaVega,Mark Ballas,Eliminated Week 9,9.0,30.0,0.1527535562875974,7,9,16,False,False,0.09584664536741214,0.11103892459508827,0.2068855699625004,False
21,6,Andy Grammer,Allison Holker,Eliminated Week 8,8.0,40.0,0.9194061178423668,1,1,2,False,False,0.12779552715654952,0.13939930242344623,0.26719482957999574,False
21,6,Bindi Irwin,Derek Hough,1st Place,,40.0,0.7381440426455834,1,6,7,False,False,0.12779552715654952,0.1513514705592133,0.2791469977157628,False
21,6,Carlos PenaVega,Witney Carson,Eliminated Week 11,11.0,38.0,0.7918419697532275,5,5,10,False,False,0.12140575079872204,0.11243636255824178,0.2338421133569638,False
21,6,Hayes Grier,Emma Slater,Eliminated Week 7,7.0,32.0,0.8011033909424596,6,4,10,False,False,0.10223642172523961,0.10940318022662576,0.21163960195186537,False
21,6,Nick Carter,Sharna Burgess,2nd Place,,39.0,0.8661450375847062,4,2,6,False,False,0.12460063897763578,0.12225687306670524,0.24685751204434103,False
21,6,Paula Deen,Louis van Amstel,Eliminated Week 6,6.0,24.0,0.1626976541361274,9,8,17,True,True,0.07667731629392971,0.0,0.07667731629392971,True
21,6,Tamar Braxton,Valentin Chmerkovskiy,Withdrew,9.0,40.0,0.8460158713490429,1,3,4,False,False,0.12779552715654952,0.1460893649726803,0.27388489212922984,False
21,7,Alek Skarlatos,Lindsay Arnold,3rd Place,,26.5,0.1636550274412105,8,8,16,True,False,0.11990950226244344,0.08669821617246949,0.20660771843491293,False
21,7,Alexa PenaVega,Mark Ballas,Eliminated Week 9,9.0,27.5,0.1960162589352345,5,6,11,False,False,0.1244343891402715,0.1332125880123797,0.25764697715265117,False
21,7,Andy Grammer,Allison Holker,Eliminated Week 8,8.0,28.0,0.8948850374212146,2,1,3,False,False,0.12669683257918551,0.15548584110437177,0.2821826736835573,False
21,7,Bindi Irwin,Derek Hough,1st Place,,29.0,0.7934312983427736,1,4,5,False,False,0.13122171945701358,0.21079966544666315,0.34202138490367673,False
21,7,Carlos PenaVega,Witney Carson,Eliminated Week 11,11.0,28.0,0.8822810907315187,2,2,4,False,False,0.12669683257918551,0.17191497784085738,0.2986118104200429,False
21,7,Hayes Grier,Emma Slater,Eliminated Week 7,7.0,28.0,0.8749474984524261,2,3,5,False,True,0.12669683257918551,0.0,0.12669683257918551,True
21,7,Nick Carter,Sharna Burgess,2nd Place,,27.0,0.2743626584065889,6,5,11,False,False,0.12217194570135746,0.11663696734793651,0.23880891304929397,False
21,7,Tamar Braxton,Valentin Chmerkovskiy,Withdrew,9.0,27.0,0.1853902483607449,6,7,13,False,False,0.12217194570135746,0.12525174407532189,0.24742368977667933,False
21,8,Alek Skarlatos,Lindsay Arnold,3rd Place,,25.0,0.0804694889353042,6,7,13,True,False,0.12886637793725134,0.061755251923069174,0.1906216298603205,False
21,8,Alexa PenaVega,Mark Ballas,Eliminated Week 9,9.0,26.9998,0.2169210395841213,5,6,11,False,False,0.13917465724120795,0.14335253000139425,0.2825271872426022,False
21,8,Andy Grammer,Allison Holker,Eliminated Week 8,8.0,23.9998,0.261884775455482,7,5,12,False,True,0.1237106918887378,0.0,0.1237106918887378,True
21,8,Bindi Irwin,Derek Hough,1st Place,,28.0,0.6287248901855492,3,4,7,False,False,0.1443303432897215,0.2165774562614813,0.3609077995512028,False
21,8,Carlos PenaVega,Witney Carson,Eliminated Week 11,11.0,28.9998,0.9118622419207094,2,2,4,False,False,0.14948396747618806,0.2072858744353955,0.35676984191158356,False
21,8,Nick Carter,Sharna Burgess,2nd Place,,33.0,0.9214698625668918,1,1,2,False,False,0.17010361887717176,0.22038675968133226,0.390490378558504,False
21,8,Tamar Braxton,Valentin Chmerkovskiy,Withdrew,9.0,28.0,0.812920385113251,3,3,6,False,False,0.1443303432897215,0.1506421276973275,0.294972470987049,False
21,9,Alek Skarlatos,Lindsay Arnold,3rd Place,,25.5,0.8214959855860495,5,4,9,False,False,0.15501519756838905,0.17631674649980775,0.33133194406819677,False
21,9,Alexa PenaVega,Mark Ballas,Eliminated Week 9,9.0,30.0,0.9114428358733832,1,1,2,False,True,0.182370820668693,0.10844211732314782,0.2908129379918408,True
21,9,Bindi Irwin,Derek Hough,1st Place,,30.0,0.8677231321792724,1,2,3,False,False,0.182370820668693,0.3201194987858812,0.5024903194545742,False
21,9,Carlos PenaVega,Witney Carson,Eliminated Week 11,11.0,27.0,0.3907639665280303,4,5,9,True,False,0.1641337386018237,0.1595591635821037,0.32369290218392743,False
21,9,Nick Carter,Sharna Burgess,2nd Place,,27.5,0.857400774785885,3,3,6,False,False,0.16717325227963525,0.23556247380905954,0.4027357260886948,False
21,9,Tamar Braxton,Valentin Chmerkovskiy,Withdrew,9.0,24.5,0.1232588869386724,6,6,12,True,True,0.14893617021276595,0.0,0.14893617021276595,True
21,11,Alek Skarlatos,Lindsay Arnold,3rd Place,,27.9999,0.8119310235196273,4,4,8,True,False,0.2372874892266858,0.22845121398807872,0.4657387032147645,False
21,11,Bindi Irwin,Derek Hough,1st Place,,30.0,0.8930666693728427,1,3,4,False,False,0.25423750359110475,0.48408356541288683,0.7383210690039916,False
21,11,Carlos PenaVega,Witney Carson,Eliminated Week 11,11.0,30.0,0.9194246521434356,1,1,2,False,True,0.25423750359110475,0.0,0.25423750359110475,True
21,11,Nick Carter,Sharna Burgess,2nd Place,,30.0,0.919076913340922,1,2,3,False,False,0.25423750359110475,0.2874652205990344,0.5417027241901391,False
22,2,Antonio Brown,Sharna Burgess,Eliminated Week 9,9.0,19.0,0.7112682516935038,9,10,19,False,False,0.08050847457627118,0.07964281316289014,0.16015128773916132,False
22,2,Doug Flutie,Karina Smirnoff,Eliminated Week 6,6.0,20.0,0.8818225440594822,5,6,11,False,False,0.0847457627118644,0.09471718147309088,0.1794629441849553,False
22,2,Geraldo Rivera,Edyta Sliwinska,Eliminated Week 2,2.0,13.0,0.0650255034763542,12,12,24,True,True,0.05508474576271186,0.0,0.05508474576271186,True
22,2,Ginger Zee,Valentin Chmerkovskiy,3rd Place,,21.0,0.906519284197288,3,3,6,False,False,0.08898305084745763,0.10697179127337458,0.1959548421208322,False
22,2,Jodie Sweetin,Keo Motsepe,Eliminated Week 8,8.0,21.0,0.8930906021608573,3,4,7,False,False,0.08898305084745763,0.09884710895077325,0.18783015979823087,False
22,2,Kim Fields,Sasha Farber,Eliminated Week 7,7.0,19.0,0.7615072067417312,9,9,18,False,False,0.08050847457627118,0.0666595640150098,0.14716803859128097,False
22,2,Marla Maples,Tony Dovolani,Eliminated Week 4,4.0,20.0,0.8357542197910184,5,8,13,False,False,0.0847457627118644,0.0932796695393298,0.17802543225119422,False
22,2,Mischa Barton,Artem Chigvintsev,Eliminated Week 3,3.0,15.0,0.2794579558364134,11,11,22,False,False,0.0635593220338983,0.03787284676045745,0.10143216879435575,False
22,2,Nyle DiMarco,Peta Murgatroyd,1st Place,,20.0,0.8718244554536619,5,7,12,False,False,0.0847457627118644,0.09432634468054256,0.17907210739240698,False
22,2,Paige VanZant,Mark Ballas,2nd Place,,24.0,0.943265203897738,1,2,3,False,False,0.1016949152542373,0.11670685066753761,0.2184017659217749,False
22,2,Von Miller,Witney Carson,Eliminated Week 7,7.0,20.0,0.8890944582574054,5,5,10,False,False,0.0847457627118644,0.09847557629096476,0.18322133900282916,False
22,2,Wanya Morris,Lindsay Arnold,Eliminated Week 9,9.0,24.0,0.946991345032749,1,1,2,False,False,0.1016949152542373,0.11250025318602927,0.21419516844026656,False
22,3,Antonio Brown,Sharna Burgess,Eliminated Week 9,9.0,20.0,0.6482440796432727,8,10,18,False,False,0.08438818565400844,0.08675905950299814,0.17114724515700658,False
22,3,Doug Flutie,Karina Smirnoff,Eliminated Week 6,6.0,20.0,0.7897496020299419,8,8,16,False,False,0.08438818565400844,0.08301735425573521,0.16740553990974366,False
22,3,Ginger Zee,Valentin Chmerkovskiy,3rd Place,,21.0,0.8706002093406322,6,6,12,False,False,0.08860759493670886,0.09740027369622402,0.1860078686329329,False
22,3,Jodie Sweetin,Keo Motsepe,Eliminated Week 8,8.0,23.0,0.8823425995154043,3,5,8,False,False,0.0970464135021097,0.10607222421554757,0.20311863771765726,False
22,3,Kim Fields,Sasha Farber,Eliminated Week 7,7.0,22.0,0.8842230517237472,5,4,9,False,False,0.09282700421940929,0.08933701322825985,0.18216401744766914,False
22,3,Marla Maples,Tony Dovolani,Eliminated Week 4,4.0,21.0,0.8418609137671028,6,7,13,False,False,0.08860759493670886,0.09194872546077579,0.18055632039748465,False
22,3,Mischa Barton,Artem Chigvintsev,Eliminated Week 3,3.0,18.0,0.5519193643015612,11,11,22,True,True,0.0759493670886076,0.0,0.0759493670886076,True
22,3,Nyle DiMarco,Peta Murgatroyd,1st Place,,25.0,0.9332915586701674,1,1,2,False,False,0.10548523206751055,0.12094797455165483,0.22643320661916538,False
22,3,Paige VanZant,Mark Ballas,2nd Place,,23.0,0.8883760915609584,3,3,6,False,False,0.0970464135021097,0.11637987913527341,0.2134262926373831,False
22,3,Von Miller,Witney Carson,Eliminated Week 7,7.0,20.0,0.6528377616959002,8,9,17,False,False,0.08438818565400844,0.09071400822669679,0.17510219388070522,False
22,3,Wanya Morris,Lindsay Arnold,Eliminated Week 9,9.0,24.0,0.931081597862812,2,2,4,False,False,0.10126582278481013,0.11742348772683443,0.21868931051164456,False
22,4,Antonio Brown,Sharna Burgess,Eliminated Week 9,9.0,35.0,0.9134533184504632,3,4,7,False,False,0.109717868338558,0.1304970725961033,0.24021494093466128,False
22,4,Doug Flutie,Karina Smirnoff,Eliminated Week 6,6.0,24.0,0.0935200331873307,10,10,20,True,False,0.07523510971786834,0.07034957372105703,0.1455846834389254,False
22,4,Ginger Zee,Valentin Chmerkovskiy,3rd Place,,36.0,0.9476086531118812,1,1,2,False,False,0.11285266457680251,0.14654610257418235,0.25939876715098487,False
22,4,Jodie Sweetin,Keo Motsepe,Eliminated Week 8,8.0,27.0,0.2780350636233404,9,9,18,False,False,0.08463949843260188,0.041184616026813184,0.12582411445941505,False
22,4,Kim Fields,Sasha Farber,Eliminated Week 7,7.0,32.0,0.8470182313595203,6,7,13,False,False,0.10031347962382445,0.10653749195243824,0.2068509715762627,False
22,4,Marla Maples,Tony Dovolani,Eliminated Week 4,4.0,28.0,0.599097741033767,8,8,16,False,True,0.0877742946708464,0.0,0.0877742946708464,True
22,4,Nyle DiMarco,Peta Murgatroyd,1st Place,,34.0,0.866714682213087,5,6,11,False,False,0.10658307210031348,0.11419189006791126,0.22077496216822473,False
22,4,Paige VanZant,Mark Ballas,2nd Place,,36.0,0.9458355632076448,1,2,3,False,False,0.11285266457680251,0.14870383314631924,0.26155649772312173,False
22,4,Von Miller,Witney Carson,Eliminated Week 7,7.0,32.0,0.8740933424885053,6,5,11,False,False,0.10031347962382445,0.11262522225508981,0.21293870187891425,False
22,4,Wanya Morris,Lindsay Arnold,Eliminated Week 9,9.0,35.0,0.9180367090486878,3,3,6,False,False,0.109717868338558,0.1293641976600856,0.23908206599864362,False
22,6,Antonio Brown,Sharna Burgess,Eliminated Week 9,9.0,27.0,0.7157009384165256,3,7,10,False,False,0.11894273127753303,0.13992885134934932,0.25887158262688237,False
22,6,Doug Flutie,Karina Smirnoff,Eliminated Week 6,6.0,21.0,0.1776992456428653,9,9,18,True,True,0.09251101321585903,0.0,0.09251101321585903,True
22,6,Ginger Zee,Valentin Chmerkovskiy,3rd Place,,24.0,0.2037892433597946,6,8,14,False,False,0.10572687224669604,0.12266989713150983,0.22839676937820586,False
22,6,Jodie Sweetin,Keo Motsepe,Eliminated Week 8,8.0,25.0,0.7943087075664865,4,6,10,False,False,0.11013215859030837,0.1122559107548399,0.22238806934514826,False
22,6,Kim Fields,Sasha Farber,Eliminated Week 7,7.0,24.0,0.7968601009429346,6,5,11,False,False,0.10572687224669604,0.07517369886048693,0.18090057110718297,False
22,6,Nyle DiMarco,Peta Murgatroyd,1st Place,,25.0,0.8446895817611706,4,2,6,False,False,0.11013215859030837,0.126187195691917,0.23631935428222536,False
22,6,Paige VanZant,Mark Ballas,2nd Place,,28.0,0.8156748764813258,2,4,6,False,False,0.12334801762114538,0.1537760213535956,0.27712403897474097,False
22,6,Von Miller,Witney Carson,Eliminated Week 7,7.0,24.0,0.8334527518027135,6,3,9,False,False,0.10572687224669604,0.12016318887966077,0.2258900611263568,False
22,6,Wanya Morris,Lindsay Arnold,Eliminated Week 9,9.0,29.0,0.9359551239375892,1,1,2,False,False,0.1277533039647577,0.14984523597864052,0.2775985399433982,False
22,7,Antonio Brown,Sharna Burgess,Eliminated Week 9,9.0,26.0,0.6599042745873281,5,7,12,True,False,0.12149532710280374,0.1575339864143461,0.2790293135171498,False
22,7,Ginger Zee,Valentin Chmerkovskiy,3rd Place,,27.5,0.9113268030690966,2,2,4,False,False,0.12850467289719625,0.19329948174253297,0.3218041546397292,False
22,7,Jodie Sweetin,Keo Motsepe,Eliminated Week 8,8.0,25.5,0.0572139094540287,8,8,16,True,False,0.1191588785046729,0.09529776575827949,0.21445664426295238,False
22,7,Kim Fields,Sasha Farber,Eliminated Week 7,7.0,26.0,0.8460281027982682,5,5,10,False,True,0.12149532710280374,0.0,0.12149532710280374,True
22,7,Nyle DiMarco,Peta Murgatroyd,1st Place,,28.0,0.8924477229345121,1,4,5,False,False,0.1308411214953271,0.1477947838580633,0.2786359053533904,False
22,7,Paige VanZant,Mark Ballas,2nd Place,,27.5,0.8974892194727165,2,3,5,False,False,0.12850467289719625,0.20881941866400663,0.3373240915612029,False
22,7,Von Miller,Witney Carson,Eliminated Week 7,7.0,26.0,0.7775965196886303,5,6,11,False,True,0.12149532710280374,0.009556998222874358,0.1310523253256781,True
22,7,Wanya Morris,Lindsay Arnold,Eliminated Week 9,9.0,27.5,0.9132046630961732,2,1,3,False,False,0.12850467289719625,0.1876975653398972,0.3162022382370935,False
22,8,Antonio Brown,Sharna Burgess,Eliminated Week 9,9.0,27.0,0.5344883860414917,5,5,10,False,False,0.15976331360946747,0.22215213512079718,0.3819154487302646,False
22,8,Ginger Zee,Valentin Chmerkovskiy,3rd Place,,30.0,0.9253311779898944,1,1,2,False,False,0.17751479289940827,0.42957309645384617,0.6070878893532544,False
22,8,Jodie Sweetin,Keo Motsepe,Eliminated Week 8,8.0,30.0,0.9103488887438596,1,2,3,False,True,0.17751479289940827,0.021963040054524048,0.19947783295393232,False
22,8,Nyle DiMarco,Peta Murgatroyd,1st Place,,29.0,0.847082816420357,3,3,6,False,False,0.17159763313609466,0.2529209375587056,0.42451857069480026,False
22,8,Paige VanZant,Mark Ballas,2nd Place,,28.0,0.8300952726088378,4,4,8,False,False,0.16568047337278108,0.07339079081212697,0.23907126418490804,False
22,8,Wanya Morris,Lindsay Arnold,Eliminated Week 9,9.0,25.0,0.1903971793773462,6,6,12,True,False,0.14792899408284024,0.0,0.14792899408284024,True
22,9,Antonio Brown,Sharna Burgess,Eliminated Week 9,9.0,27.5,0.7535004114990138,5,5,10,True,True,0.1916376306620209,0.0,0.1916376306620209,True
22,9,Ginger Zee,Valentin Chmerkovskiy,3rd Place,,28.0,0.8208460218999782,4,3,7,False,False,0.1951219512195122,0.26614822997361043,0.46127018119312263,False
22,9,Nyle DiMarco,Peta Murgatroyd,1st Place,,28.5,0.8034847780716474,3,4,7,True,False,0.1986062717770035,0.16171859634173136,0.3603248681187349,True
22,9,Paige VanZant,Mark Ballas,2nd Place,,29.5,0.8854715932561619,2,2,4,False,False,0.20557491289198607,0.41497053306551307,0.6205454459574992,False
22,9,Wanya Morris,Lindsay Arnold,Eliminated Week 9,9.0,30.0,0.937480212913436,1,1,2,False,True,0.20905923344947736,0.15716264061914512,0.3662218740686225,False
23,2,Amber Rose,Maksim Chmerkoskiy,Eliminated Week 6,6.0,24.0,0.6756278631932096,10,12,22,False,False,0.06818181818181818,0.06271472475536524,0.13089654293718342,False
23,2,Babyface,Allison Holker,Eliminated Week 4,4.0,30.0,0.9193314872165362,3,2,5,False,False,0.08522727272727272,0.09704357232965086,0.1822708450569236,False
23,2,Calvin Johnson Jr.,Lindsay Arnold,3rd Place,,28.0,0.8933804976101994,6,4,10,False,False,0.07954545454545454,0.08976187659649695,0.1693073311419515,False
23,2,Jake T. Austin,Jenna Johnson,Eliminated Week 2,2.0,24.0,0.7977301384443933,10,9,19,False,True,0.06818181818181818,0.0,0.06818181818181818,True
23,2,James Hinchcliffe,Sharna Burgess,2nd Place,,29.0,0.8978630714687954,4,3,7,False,False,0.08238636363636363,0.09848081763850608,0.18086718127486973,False
23,2,Jana Kramer,Gleb Savchenko,Eliminated Week 11,11.0,29.0,0.8540201086136187,4,6,10,False,False,0.08238636363636363,0.09285322645744397,0.1752395900938076,False
23,2,Laurie Hernandez,Valentin Chmerkovskiy,1st Place,,32.0,0.8873273006211463,1,5,6,False,False,0.09090909090909091,0.11614075502541617,0.2070498459345071,False
23,2,Marilu Henner,Derek Hough,Eliminated Week 9,9.0,27.0,0.8230900182300334,7,8,15,False,False,0.07670454545454546,0.08844940276333296,0.16515394821787843,False
23,2,Maureen McCormick,Artem Chigvintsev,Eliminated Week 7,7.0,26.0,0.7585001614767084,8,11,19,False,False,0.07386363636363637,0.06875086474975625,0.14261450111339263,False
23,2,Rick Perry,Emma Slater,Eliminated Week 3,3.0,22.0,0.0922849858456501,13,13,26,True,False,0.0625,0.03696691969565359,0.09946691969565359,False
23,2,Ryan Lochte,Cheryl Burke,Eliminated Week 8,8.0,24.0,0.7659997685541199,10,10,20,False,False,0.06818181818181818,0.07691095543208565,0.14509277361390382,False
23,2,Terra Jole,Sasha Farber,Eliminated Week 10,10.0,31.0,0.9335371602418776,2,1,3,False,False,0.08806818181818182,0.10479970063493092,0.19286788245311276,False
23,2,Vanilla Ice,Witney Carson,Eliminated Week 4,4.0,26.0,0.8522332540964734,8,7,15,False,False,0.07386363636363637,0.06712718392136142,0.1409908202849978,False
23,3,Amber Rose,Maksim Chmerkoskiy,Eliminated Week 6,6.0,25.0,0.7249887732366738,8,9,17,False,False,0.07692307692307693,0.08147039820915193,0.15839347513222884,False
23,3,Babyface,Allison Holker,Eliminated Week 4,4.0,25.0,0.8428475979010677,8,5,13,False,False,0.07692307692307693,0.08036674500804986,0.15728982193112678,False
23,3,Calvin Johnson Jr.,Lindsay Arnold,3rd Place,,32.0,0.95247310803396,1,1,2,False,False,0.09846153846153846,0.11402551569967315,0.2124870541612116,False
23,3,James Hinchcliffe,Sharna Burgess,2nd Place,,29.0,0.8817846532758437,4,3,7,False,False,0.08923076923076922,0.10077298233064225,0.19000375156141147,False
23,3,Jana Kramer,Gleb Savchenko,Eliminated Week 11,11.0,26.0,0.3979335348600801,7,10,17,False,False,0.08,0.0813502785447058,0.1613502785447058,False
23,3,Laurie Hernandez,Valentin Chmerkovskiy,1st Place,,31.0,0.8035429236760357,2,7,9,False,False,0.09538461538461539,0.11310384949796873,0.2084884648825841,False
23,3,Marilu Henner,Derek Hough,Eliminated Week 9,9.0,28.0,0.8930733879561995,5,2,7,False,False,0.08615384615384615,0.0980861785857814,0.18424002473962756,False
23,3,Maureen McCormick,Artem Chigvintsev,Eliminated Week 7,7.0,28.0,0.7848699882490439,5,8,13,False,False,0.08615384615384615,0.0866611890321489,0.17281503518599506,False
23,3,Rick Perry,Emma Slater,Eliminated Week 3,3.0,23.0,0.3203988427645982,11,11,22,False,True,0.07076923076923076,0.0,0.07076923076923076,True
23,3,Ryan Lochte,Cheryl Burke,Eliminated Week 8,8.0,25.0,0.804385274853015,8,6,14,False,False,0.07692307692307693,0.08665574726924889,0.16357882419232583,False
23,3,Terra Jole,Sasha Farber,Eliminated Week 10,10.0,30.0,0.8776147226039595,3,4,7,False,False,0.09230769230769231,0.10236283984745495,0.19467053215514726,False
23,3,Vanilla Ice,Witney Carson,Eliminated Week 4,4.0,23.0,0.1562706646225583,11,12,23,True,False,0.07076923076923076,0.055144275975174205,0.12591350674440496,False
23,4,Amber Rose,Maksim Chmerkoskiy,Eliminated Week 6,6.0,24.0,0.8914651613638359,4,4,8,False,False,0.09195402298850575,0.11098301440922483,0.20293703739773056,False
23,4,Babyface,Allison Holker,Eliminated Week 4,4.0,18.0,0.4292052675681705,11,10,21,True,True,0.06896551724137931,0.0,0.06896551724137931,True
23,4,Calvin Johnson Jr.,Lindsay Arnold,3rd Place,,23.0,0.8409375923985123,6,6,12,False,False,0.08812260536398467,0.10561420727538418,0.19373681263936884,False
23,4,James Hinchcliffe,Sharna Burgess,2nd Place,,28.0,0.9236762494845492,2,1,3,False,False,0.10727969348659004,0.12440148732492862,0.23168118081151867,False
23,4,Jana Kramer,Gleb Savchenko,Eliminated Week 11,11.0,23.0,0.7434642395209803,6,7,13,False,False,0.08812260536398467,0.09698760115909776,0.1851102065230824,False
23,4,Laurie Hernandez,Valentin Chmerkovskiy,1st Place,,30.0,0.901692218799806,1,2,3,False,False,0.11494252873563218,0.1341025786113824,0.24904510734701457,False
23,4,Marilu Henner,Derek Hough,Eliminated Week 9,9.0,21.0,0.4376271988686209,10,9,19,False,False,0.08045977011494253,0.09113280785763682,0.17159257797257935,False
23,4,Maureen McCormick,Artem Chigvintsev,Eliminated Week 7,7.0,24.0,0.8701706139478471,4,5,9,False,False,0.09195402298850575,0.10296927773805234,0.19492330072655809,False
23,4,Ryan Lochte,Cheryl Burke,Eliminated Week 8,8.0,22.0,0.100138462327226,9,11,20,True,False,0.0842911877394636,0.09199051787294561,0.17628170561240922,False
23,4,Terra Jole,Sasha Farber,Eliminated Week 10,10.0,25.0,0.9006289671291926,3,3,6,False,False,0.09578544061302682,0.11600022779312148,0.21178566840614832,False
23,4,Vanilla Ice,Witney Carson,Eliminated Week 4,4.0,23.0,0.7252172845304561,6,8,14,False,True,0.08812260536398467,0.02581827995822593,0.1139408853222106,True
23,6,Amber Rose,Maksim Chmerkoskiy,Eliminated Week 6,6.0,28.0,0.3120731732231424,9,7,16,False,True,0.09180327868852459,0.0,0.09180327868852459,True
23,6,Calvin Johnson Jr.,Lindsay Arnold,3rd Place,,37.0,0.9223678906078412,3,2,5,False,False,0.12131147540983607,0.144621880879339,0.2659333562891751,False
23,6,James Hinchcliffe,Sharna Burgess,2nd Place,,38.0,0.923397376884894,2,1,3,False,False,0.12459016393442623,0.150783328976108,0.27537349291053426,False
23,6,Jana Kramer,Gleb Savchenko,Eliminated Week 11,11.0,40.0,0.9150135549081442,1,4,5,False,False,0.13114754098360656,0.15155777906370257,0.28270532004730914,False
23,6,Laurie Hernandez,Valentin Chmerkovskiy,1st Place,,37.0,0.916234230377348,3,3,6,False,False,0.12131147540983607,0.14865206593336797,0.26996354134320405,False
23,6,Marilu Henner,Derek Hough,Eliminated Week 9,9.0,34.0,0.8781702428443162,5,5,10,False,False,0.11147540983606558,0.13077096746097405,0.24224637729703963,False
23,6,Maureen McCormick,Artem Chigvintsev,Eliminated Week 7,7.0,31.0,0.2909691022273496,6,8,14,False,False,0.10163934426229508,0.10287393096006714,0.20451327522236223,False
23,6,Ryan Lochte,Cheryl Burke,Eliminated Week 8,8.0,30.0,0.6270078456515003,7,6,13,False,False,0.09836065573770492,0.10993319307321565,0.20829384881092056,False
23,6,Terra Jole,Sasha Farber,Eliminated Week 10,10.0,30.0,0.1699123286111584,7,9,16,True,False,0.09836065573770492,0.06080685365322571,0.15916750939093063,False
23,7,Calvin Johnson Jr.,Lindsay Arnold,3rd Place,,37.0,0.9378584048027908,1,1,2,False,False,0.13430127041742287,0.18042412697338778,0.3147253973908106,False
23,7,James Hinchcliffe,Sharna Burgess,2nd Place,,37.0,0.927863333786495,1,2,3,False,False,0.13430127041742287,0.17570239306580382,0.3100036634832267,False
23,7,Jana Kramer,Gleb Savchenko,Eliminated Week 11,11.0,34.5,0.2326751209823263,3,5,8,False,False,0.12522686025408347,0.1441423988167894,0.26936925907087284,False
23,7,Laurie Hernandez,Valentin Chmerkovskiy,1st Place,,34.5,0.1802885232300128,3,6,9,False,False,0.12522686025408347,0.16222987942830527,0.2874567396823887,False
23,7,Marilu Henner,Derek Hough,Eliminated Week 9,9.0,32.0,0.1246115811409661,8,7,15,True,False,0.1161524500907441,0.09619907200278795,0.21235152209353203,False
23,7,Maureen McCormick,Artem Chigvintsev,Eliminated Week 7,7.0,33.0,0.0942097786244839,6,8,14,False,True,0.11978221415607986,0.0,0.11978221415607986,True
23,7,Ryan Lochte,Cheryl Burke,Eliminated Week 8,8.0,33.0,0.7365378731549664,6,4,10,False,False,0.11978221415607986,0.09416461745685922,0.2139468316129391,False
23,7,Terra Jole,Sasha Farber,Eliminated Week 10,10.0,34.5,0.8190960983715686,3,3,6,False,False,0.12522686025408347,0.14713751225606655,0.27236437251015,False
23,8,Calvin Johnson Jr.,Lindsay Arnold,3rd Place,,30.0,0.8795622002249708,3,2,5,False,False,0.14925387985460684,0.19174536855592753,0.34099924841053436,False
23,8,James Hinchcliffe,Sharna Burgess,2nd Place,,34.9998,0.922212917231949,1,1,2,False,False,0.1741285314711756,0.2126251663871308,0.3867536978583064,False
23,8,Jana Kramer,Gleb Savchenko,Eliminated Week 11,11.0,30.0,0.8349142282246844,3,4,7,False,False,0.14925387985460684,0.16452612636120292,0.31378000621580976,False
23,8,Laurie Hernandez,Valentin Chmerkovskiy,1st Place,,33.0,0.8777519416624238,2,3,5,False,False,0.1641792678400675,0.2196257265604438,0.3838049944005113,False
23,8,Marilu Henner,Derek Hough,Eliminated Week 9,9.0,23.0,0.0572710027312673,7,7,14,True,False,0.11442797455519857,0.1417239283693275,0.25615190292452605,False
23,8,Ryan Lochte,Cheryl Burke,Eliminated Week 8,8.0,26.0,0.2445119149671087,5,5,10,False,True,0.12935336254065924,0.0,0.12935336254065924,True
23,8,Terra Jole,Sasha Farber,Eliminated Week 10,10.0,24.0,0.1141464135451965,6,6,12,False,False,0.11940310388368545,0.06975368376596738,0.18915678764965282,False
23,9,Calvin Johnson Jr.,Lindsay Arnold,3rd Place,,37.0,0.8679166821682887,4,1,5,False,False,0.16299559471365638,0.17605251021655163,0.339048104930208,False
23,9,James Hinchcliffe,Sharna Burgess,2nd Place,,36.0,0.6290793831445999,5,6,11,True,False,0.15859030837004406,0.1447036011065627,0.3032939094766067,False
23,9,Jana Kramer,Gleb Savchenko,Eliminated Week 11,11.0,40.0,0.8240264239226335,1,4,5,False,False,0.1762114537444934,0.2351164643594211,0.4113279181039145,False
23,9,Laurie Hernandez,Valentin Chmerkovskiy,1st Place,,40.0,0.8321303677347907,1,3,4,False,False,0.1762114537444934,0.25796969052195756,0.43418114426645094,False
23,9,Marilu Henner,Derek Hough,Eliminated Week 9,9.0,36.0,0.7926133857703934,5,5,10,False,True,0.15859030837004406,0.0,0.15859030837004406,True
23,9,Terra Jole,Sasha Farber,Eliminated Week 10,10.0,38.0,0.8660564939165036,3,2,5,False,False,0.16740088105726872,0.18615773379550693,0.3535586148527756,False
23,10,Calvin Johnson Jr.,Lindsay Arnold,3rd Place,,28.0,0.7381917007911738,5,3,8,False,False,0.19112627986348124,0.17769752588804014,0.3688238057515214,False
23,10,James Hinchcliffe,Sharna Burgess,2nd Place,,29.5,0.838094851193449,3,2,5,False,False,0.20136518771331058,0.2623007844290685,0.4636659721423791,False
23,10,Jana Kramer,Gleb Savchenko,Eliminated Week 11,11.0,29.0,0.1476736700941496,4,5,9,True,False,0.19795221843003413,0.06757849619605473,0.26553071462608885,False
23,10,Laurie Hernandez,Valentin Chmerkovskiy,1st Place,,30.0,0.6903098237771951,1,4,5,False,False,0.20477815699658702,0.4924231934868366,0.6972013504834236,False
23,10,Terra Jole,Sasha Farber,Eliminated Week 10,10.0,30.0,0.8922076974849026,1,1,2,False,True,0.20477815699658702,0.0,0.20477815699658702,True
23,11,Calvin Johnson Jr.,Lindsay Arnold,3rd Place,,38.3331,0.8743503565804884,3,3,6,False,False,0.25191616266698036,0.29721359840487743,0.5491297610718577,False
23,11,James Hinchcliffe,Sharna Burgess,2nd Place,,38.9998,0.8813131476751122,2,2,4,False,False,0.25629755904896034,0.31818623809495755,0.5744837971439178,False
23,11,Jana Kramer,Gleb Savchenko,Eliminated Week 11,11.0,35.5,0.725056531181674,4,4,8,True,True,0.2332976924558098,0.0,0.2332976924558098,True
23,11,Laurie Hernandez,Valentin Chmerkovskiy,1st Place,,39.333200000000005,0.9240745365448596,1,1,2,False,False,0.2584885858282496,0.38460016350016496,0.6430887493284145,False
24,2,Bonner Bolton,Sharna Burgess,Eliminated Week 8,8.0,28.0,0.8827902953416122,5,5,10,False,False,0.08536585365853659,0.09640027808291167,0.18176613174144826,False
24,2,Charo,Keo Motsepe,Eliminated Week 3,3.0,25.0,0.1904758377113412,9,11,20,False,False,0.07621951219512195,0.07081500712083398,0.14703451931595593,False
24,2,Chris Kattan,Witney Carson,Eliminated Week 2,2.0,22.0,0.2425291004698337,11,10,21,False,True,0.06707317073170732,0.0,0.06707317073170732,True
24,2,David Ross,Lindsay Arnold,2nd Place,,27.0,0.8470105878935767,8,7,15,False,False,0.08231707317073171,0.08637453585256079,0.1686916090232925,False
24,2,Erika Jayne,Gleb Savchenko,Eliminated Week 5,5.0,28.0,0.839037085236364,5,8,13,False,False,0.08536585365853659,0.08166877551851219,0.16703462917704878,False
24,2,Heather Morris,Maksim Chmerkoskiy,Eliminated Week 6,6.0,30.0,0.90513862127239,3,2,5,False,False,0.09146341463414634,0.10755256632630487,0.1990159809604512,False
24,2,Mr. T,Kym Herjavec,Eliminated Week 4,4.0,22.0,0.0863517074998365,11,12,23,True,False,0.06707317073170732,0.05076008351500368,0.11783325424671101,False
24,2,Nancy Kerrigan,Artem Chigvintsev,Eliminated Week 7,7.0,28.0,0.8720904922824841,5,6,11,False,False,0.08536585365853659,0.09093053465321668,0.17629638831175326,False
24,2,Nick Viall,Peta Murgatroyd,Eliminated Week 7,7.0,25.0,0.7666545317637459,9,9,18,False,False,0.07621951219512195,0.07928709658535972,0.15550660878048167,False
24,2,Normani,Valentin Chmerkovskiy,3rd Place,,32.0,0.9441707979251708,1,1,2,False,False,0.0975609756097561,0.1210658670216225,0.2186268426313786,False
24,2,Rashad Jennings,Emma Slater,1st Place,,32.0,0.8969285057962773,1,3,4,False,False,0.0975609756097561,0.11267940233442722,0.21024037794418332,False
24,2,Simone Biles,Sasha Farber,Eliminated Week 9,9.0,29.0,0.8868054943885052,4,4,8,False,False,0.08841463414634146,0.1024658529892467,0.19088048713558814,False
24,3,Bonner Bolton,Sharna Burgess,Eliminated Week 8,8.0,24.0,0.3244921334341134,9,8,17,False,False,0.0761904761904762,0.08820182394820353,0.16439230013867973,False
24,3,Charo,Keo Motsepe,Eliminated Week 3,3.0,24.0,0.1196123535228849,9,10,19,True,True,0.0761904761904762,0.0,0.0761904761904762,True
24,3,David Ross,Lindsay Arnold,2nd Place,,31.0,0.8890382075523303,5,5,10,False,False,0.09841269841269841,0.10366018911336303,0.20207288752606145,False
24,3,Erika Jayne,Gleb Savchenko,Eliminated Week 5,5.0,26.0,0.0636179709042017,7,11,18,False,False,0.08253968253968254,0.08308192916554663,0.16562161170522915,False
24,3,Heather Morris,Maksim Chmerkoskiy,Eliminated Week 6,6.0,33.0,0.9173787541812634,2,2,4,False,False,0.10476190476190476,0.12316548277677246,0.22792738753867722,False
24,3,Mr. T,Kym Herjavec,Eliminated Week 4,4.0,24.0,0.1887925357697909,9,9,18,False,False,0.0761904761904762,0.05739684181270671,0.1335873180031829,False
24,3,Nancy Kerrigan,Artem Chigvintsev,Eliminated Week 7,7.0,33.0,0.9078601882646892,2,3,5,False,False,0.10476190476190476,0.11639921741294756,0.22116112217485234,False
24,3,Nick Viall,Peta Murgatroyd,Eliminated Week 7,7.0,26.0,0.7183477383719562,7,7,14,False,False,0.08253968253968254,0.09033360476850717,0.1728732873081897,False
24,3,Normani,Valentin Chmerkovskiy,3rd Place,,34.0,0.936641893693704,1,1,2,False,False,0.10793650793650794,0.13242332612698907,0.240359834063497,False
24,3,Rashad Jennings,Emma Slater,1st Place,,28.0,0.7195276150326227,6,6,12,False,False,0.08888888888888889,0.09437051858828636,0.18325940747717526,False
24,3,Simone Biles,Sasha Farber,Eliminated Week 9,9.0,32.0,0.8913458375279105,4,4,8,False,False,0.10158730158730159,0.11096706628667737,0.21255436787397897,False
24,4,Bonner Bolton,Sharna Burgess,Eliminated Week 8,8.0,32.0,0.8768100035151074,5,4,9,False,False,0.09815950920245399,0.10839673820819398,0.206556247410648,False
24,4,David Ross,Lindsay Arnold,2nd Place,,31.0,0.7773268415838627,7,6,13,False,False,0.0950920245398773,0.10965987053694082,0.20475189507681812,False
24,4,Erika Jayne,Gleb Savchenko,Eliminated Week 5,5.0,30.0,0.504955159396242,8,9,17,False,False,0.09202453987730061,0.08369153040414717,0.17571607028144778,False
24,4,Heather Morris,Maksim Chmerkoskiy,Eliminated Week 6,6.0,35.0,0.89267140309625,3,3,6,False,False,0.10736196319018405,0.13192205992599076,0.2392840231161748,False
24,4,Mr. T,Kym Herjavec,Eliminated Week 4,4.0,28.0,0.3130023542549169,10,10,20,True,True,0.08588957055214724,0.0,0.08588957055214724,True
24,4,Nancy Kerrigan,Artem Chigvintsev,Eliminated Week 7,7.0,33.0,0.755440330475836,4,7,11,False,False,0.10122699386503067,0.11600977375690422,0.2172367676219349,False
24,4,Nick Viall,Peta Murgatroyd,Eliminated Week 7,7.0,30.0,0.7351468107095763,8,8,16,False,False,0.09202453987730061,0.047122509154273705,0.13914704903157432,False
24,4,Normani,Valentin Chmerkovskiy,3rd Place,,32.0,0.8628597107478966,5,5,10,False,False,0.09815950920245399,0.12494863966629854,0.22310814886875252,False
24,4,Rashad Jennings,Emma Slater,1st Place,,39.0,0.9214740394166124,1,1,2,False,False,0.1196319018404908,0.14055022147028068,0.2601821233107715,False
24,4,Simone Biles,Sasha Farber,Eliminated Week 9,9.0,36.0,0.9191437835388044,2,2,4,False,False,0.11042944785276074,0.1376986568769701,0.24812810472973085,False
24,5,Bonner Bolton,Sharna Burgess,Eliminated Week 8,8.0,30.0,0.0803165159838636,8,9,17,True,False,0.09868421052631579,0.09775825314048027,0.19644246366679607,False
24,5,David Ross,Lindsay Arnold,2nd Place,,29.0,0.4228827923111841,9,7,16,False,False,0.09539473684210527,0.09617665991771056,0.19157139675981583,False
24,5,Erika Jayne,Gleb Savchenko,Eliminated Week 5,5.0,32.0,0.4001711735897244,6,8,14,False,True,0.10526315789473684,0.0,0.10526315789473684,True
24,5,Heather Morris,Maksim Chmerkoskiy,Eliminated Week 6,6.0,34.0,0.8561598890483293,4,4,8,False,False,0.1118421052631579,0.14230952841679628,0.2541516336799542,False
24,5,Nancy Kerrigan,Artem Chigvintsev,Eliminated Week 7,7.0,36.0,0.7276901397735478,3,5,8,False,False,0.11842105263157894,0.11553747845621862,0.23395853108779757,False
24,5,Nick Viall,Peta Murgatroyd,Eliminated Week 7,7.0,34.0,0.8653781962289675,4,3,7,False,False,0.1118421052631579,0.09752272801873271,0.2093648332818906,False
24,5,Normani,Valentin Chmerkovskiy,3rd Place,,39.0,0.9397455667557452,1,1,2,False,False,0.12828947368421054,0.17513912174276275,0.3034285954269733,False
24,5,Rashad Jennings,Emma Slater,1st Place,,32.0,0.4588569573897686,6,6,12,False,False,0.10526315789473684,0.11825436378079932,0.22351752167553615,False
24,5,Simone Biles,Sasha Farber,Eliminated Week 9,9.0,38.0,0.9103768403238244,2,2,4,False,False,0.125,0.15730186652649952,0.2823018665264995,False
24,6,Bonner Bolton,Sharna Burgess,Eliminated Week 8,8.0,31.5,0.7676284543683252,6,4,10,False,False,0.1171003717472119,0.16836620899704324,0.2854665807442551,False
24,6,David Ross,Lindsay Arnold,2nd Place,,31.0,0.5618177030003355,7,6,13,False,False,0.11524163568773234,0.02769285192695279,0.14293448761468514,False
24,6,Heather Morris,Maksim Chmerkoskiy,Eliminated Week 6,6.0,37.0,0.9037625955520178,1,1,2,False,True,0.137546468401487,0.0,0.137546468401487,False
24,6,Nancy Kerrigan,Artem Chigvintsev,Eliminated Week 7,7.0,33.5,0.5097885777015339,5,7,12,False,False,0.12453531598513011,0.13572770956459174,0.26026302554972186,False
24,6,Nick Viall,Peta Murgatroyd,Eliminated Week 7,7.0,30.5,0.0325437982253702,8,8,16,True,False,0.11338289962825279,0.0005622184710617611,0.11394511809931455,True
24,6,Normani,Valentin Chmerkovskiy,3rd Place,,36.0,0.8639089359706966,2,2,4,False,False,0.13382899628252787,0.28942344966431977,0.42325244594684763,False
24,6,Rashad Jennings,Emma Slater,1st Place,,35.0,0.6913436803689184,3,5,8,False,False,0.13011152416356878,0.16300390621980396,0.29311543038337273,False
24,6,Simone Biles,Sasha Farber,Eliminated Week 9,9.0,34.5,0.7864322658498275,4,3,7,False,False,0.12825278810408922,0.2152236551562266,0.3434764432603158,False
24,7,Bonner Bolton,Sharna Burgess,Eliminated Week 8,8.0,31.0,0.1856580456591093,7,7,14,True,False,0.1225296442687747,0.06871013056594592,0.19123977483472063,False
24,7,David Ross,Lindsay Arnold,2nd Place,,32.0,0.4822763583287373,6,6,12,True,False,0.12648221343873517,0.1356870351255683,0.26216924856430346,False
24,7,Nancy Kerrigan,Artem Chigvintsev,Eliminated Week 7,7.0,36.0,0.8200198404458998,4,4,8,False,True,0.1422924901185771,0.010996311896937273,0.15328880201551437,True
24,7,Nick Viall,Peta Murgatroyd,Eliminated Week 7,7.0,34.0,0.7081655925733672,5,5,10,False,True,0.13438735177865613,0.0,0.13438735177865613,True
24,7,Normani,Valentin Chmerkovskiy,3rd Place,,42.0,0.9328724862933212,1,1,2,False,False,0.16600790513833993,0.29233352440815147,0.4583414295464914,False
24,7,Rashad Jennings,Emma Slater,1st Place,,39.0,0.8858503346844321,2,3,5,False,False,0.1541501976284585,0.23302253252841248,0.387172730156871,False
24,7,Simone Biles,Sasha Farber,Eliminated Week 9,9.0,39.0,0.90333802750411,2,2,4,False,False,0.1541501976284585,0.2592504654749845,0.413400663103443,False
24,8,Bonner Bolton,Sharna Burgess,Eliminated Week 8,8.0,29.0,0.1166094743910068,5,5,10,True,True,0.166189111747851,0.0,0.166189111747851,True
24,8,David Ross,Lindsay Arnold,2nd Place,,32.5,0.7914047703085341,4,2,6,False,False,0.18624641833810887,0.1682788141860978,0.35452523252420665,False
24,8,Normani,Valentin Chmerkovskiy,3rd Place,,39.5,0.8426054018438208,1,1,2,False,False,0.22636103151862463,0.34515747555946147,0.5715185070780862,False
24,8,Rashad Jennings,Emma Slater,1st Place,,37.5,0.7392043316953537,2,3,5,False,False,0.2148997134670487,0.26587657548551363,0.4807762889525623,False
24,8,Simone Biles,Sasha Farber,Eliminated Week 9,9.0,36.0,0.5844801059909428,3,4,7,False,False,0.20630372492836677,0.22068713476892715,0.4269908596972939,False
24,9,David Ross,Lindsay Arnold,2nd Place,,35.0,0.7025248972323883,4,3,7,False,False,0.23102310231023102,0.2611459873312014,0.49216908964143247,False
24,9,Normani,Valentin Chmerkovskiy,3rd Place,,38.0,0.6292653349321033,3,4,7,True,False,0.2508250825082508,0.3870327894869799,0.6378578719952307,False
24,9,Rashad Jennings,Emma Slater,1st Place,,38.5,0.7578750373529288,2,2,4,False,False,0.25412541254125415,0.35182122318181863,0.6059466357230727,False
24,9,Simone Biles,Sasha Farber,Eliminated Week 9,9.0,40.0,0.9130011970132842,1,1,2,False,True,0.264026402640264,0.0,0.264026402640264,True
25,2,Barbara Corcoran,Keo Motsepe,Eliminated Week 2,2.0,17.0,0.0455593650481278,13,13,26,True,True,0.062157221206581355,0.0,0.062157221206581355,True
25,2,Debbie Gibson,Alan Bersten,Eliminated Week 2,2.0,20.5,0.866962551078738,7,7,14,False,True,0.07495429616087751,0.023188813801606464,0.09814310996248397,True
25,2,Derek Fisher,Sharna Burgess,Eliminated Week 4,4.0,19.0,0.5946155169523017,11,12,23,True,False,0.06946983546617916,0.05925937687812025,0.1287292123442994,False
25,2,Drew Scott,Emma Slater,Eliminated Week 10,10.0,20.5,0.8035545084169629,7,8,15,False,False,0.07495429616087751,0.06903535780854532,0.14398965396942282,False
25,2,Frankie Muniz,Witney Carson,3rd Place,,24.0,0.9496308180545548,1,2,3,False,False,0.08775137111517367,0.11075687093909112,0.1985082420542648,False
25,2,Jordan Fisher,Lindsay Arnold,1st Place,,24.0,0.9513061237499598,1,1,2,False,False,0.08775137111517367,0.11159523751036912,0.1993466086255428,False
25,2,Lindsey Stirling,Mark Ballas,2nd Place,,22.5,0.9045274699233042,4,4,8,False,False,0.08226691042047532,0.10212646185496144,0.18439337227543676,False
25,2,Nick Lachey,Peta Murgatroyd,Eliminated Week 6,6.0,19.0,0.7352382401149228,11,11,22,False,False,0.06946983546617916,0.07382172068295861,0.14329155614913777,False
25,2,Nikki Bella,Artem Chigvintsev,Eliminated Week 7,7.0,19.5,0.7523628903799483,9,10,19,False,False,0.0712979890310786,0.0773202259991764,0.14861821503025502,False
25,2,Sasha Pieterse,Gleb Savchenko,Eliminated Week 5,5.0,22.5,0.891582981273451,4,5,9,False,False,0.08226691042047532,0.0951400370842312,0.17740694750470654,False
25,2,Terrell Owens,Cheryl Burke,Eliminated Week 8,8.0,19.5,0.7685344705175612,9,9,18,False,False,0.0712979890310786,0.07995024485029718,0.1512482338813758,False
25,2,Vanessa Lachey,Maksim Chmerkoskiy,Eliminated Week 7,7.0,23.5,0.9087919331276962,3,3,6,False,False,0.08592321755027423,0.10263958345293482,0.18856280100320905,False
25,2,Victoria Arlen,Valentin Chmerkovskiy,Eliminated Week 9,9.0,22.0,0.8778120842757833,6,6,12,False,False,0.08043875685557587,0.09516606913770811,0.17560482599328398,False
25,4,Derek Fisher,Sharna Burgess,Eliminated Week 4,4.0,23.0,0.7517634489811709,10,10,20,False,True,0.08487084870848709,0.0,0.08487084870848709,True
25,4,Drew Scott,Emma Slater,Eliminated Week 10,10.0,24.0,0.8595522388730733,4,8,12,False,False,0.08856088560885608,0.08832738164339347,0.17688826725224954,False
25,4,Frankie Muniz,Witney Carson,3rd Place,,24.0,0.8984465285813604,4,3,7,False,False,0.08856088560885608,0.09714390581160381,0.1857047914204599,False
25,4,Jordan Fisher,Lindsay Arnold,1st Place,,29.0,0.9532138547596604,1,1,2,False,False,0.1070110701107011,0.1266194847042314,0.2336305548149325,False
25,4,Lindsey Stirling,Mark Ballas,2nd Place,,26.0,0.8229961207906547,3,9,12,False,False,0.0959409594095941,0.11605597049747643,0.21199692990707053,False
25,4,Nick Lachey,Peta Murgatroyd,Eliminated Week 6,6.0,22.0,0.4356988202758606,11,11,22,True,False,0.08118081180811808,0.05107947400269324,0.1322602858108113,False
25,4,Nikki Bella,Artem Chigvintsev,Eliminated Week 7,7.0,24.0,0.876680183384342,4,7,11,False,False,0.08856088560885608,0.09800390452578533,0.18656479013464142,False
25,4,Sasha Pieterse,Gleb Savchenko,Eliminated Week 5,5.0,24.0,0.8790951538391243,4,6,10,False,False,0.08856088560885608,0.09399773394532934,0.18255861955418543,False
25,4,Terrell Owens,Cheryl Burke,Eliminated Week 8,8.0,24.0,0.8791179196481889,4,5,9,False,False,0.08856088560885608,0.10055951489826877,0.18912040050712486,False
25,4,Vanessa Lachey,Maksim Chmerkoskiy,Eliminated Week 7,7.0,24.0,0.8886913841213419,4,4,8,False,False,0.08856088560885608,0.10511202279393474,0.19367290840279083,False
25,4,Victoria Arlen,Valentin Chmerkovskiy,Eliminated Week 9,9.0,27.0,0.9101765753412584,2,2,4,False,False,0.0996309963099631,0.12310060717728338,0.22273160348724647,False
25,5,Drew Scott,Emma Slater,Eliminated Week 10,10.0,25.0,0.83614396696631,6,6,12,False,False,0.09578544061302682,0.10765112931559905,0.20343656992862585,False
25,5,Frankie Muniz,Witney Carson,3rd Place,,29.0,0.9263245632894452,2,2,4,False,False,0.1111111111111111,0.14417030700530434,0.25528141811641547,False
25,5,Jordan Fisher,Lindsay Arnold,1st Place,,30.0,0.944132861810836,1,1,2,False,False,0.11494252873563218,0.1527882492913829,0.26773077802701506,False
25,5,Lindsey Stirling,Mark Ballas,2nd Place,,28.0,0.8645654635369406,3,4,7,False,False,0.10727969348659004,0.12616269162989346,0.23344238511648352,False
25,5,Nick Lachey,Peta Murgatroyd,Eliminated Week 6,6.0,22.0,0.2302516129640657,10,10,20,True,False,0.0842911877394636,0.06032343857744754,0.14461462631691113,False
25,5,Nikki Bella,Artem Chigvintsev,Eliminated Week 7,7.0,27.0,0.8535863998116939,4,5,9,False,False,0.10344827586206896,0.10595299205343381,0.2094012679155028,False
25,5,Sasha Pieterse,Gleb Savchenko,Eliminated Week 5,5.0,24.0,0.7907514798642685,8,8,16,False,True,0.09195402298850575,0.0,0.09195402298850575,True
25,5,Terrell Owens,Cheryl Burke,Eliminated Week 8,8.0,25.0,0.8155295144016161,6,7,13,False,False,0.09578544061302682,0.11410853887818394,0.20989397949121075,False
25,5,Vanessa Lachey,Maksim Chmerkoskiy,Eliminated Week 7,7.0,24.0,0.7536229986631517,8,9,17,False,False,0.09195402298850575,0.0592465000954331,0.15120052308393883,False
25,5,Victoria Arlen,Valentin Chmerkovskiy,Eliminated Week 9,9.0,27.0,0.8739829787017852,4,3,7,False,False,0.10344827586206896,0.12959615315332193,0.2330444290153909,False
25,6,Drew Scott,Emma Slater,Eliminated Week 10,10.0,30.0,0.6463829310492681,8,8,16,False,False,0.09803921568627451,0.05031429270355166,0.14835350838982617,False
25,6,Frankie Muniz,Witney Carson,3rd Place,,31.0,0.8311112992702198,6,7,13,False,False,0.10130718954248366,0.12050228073771707,0.22180947028020073,False
25,6,Jordan Fisher,Lindsay Arnold,1st Place,,39.0,0.9288571736355472,2,1,3,False,False,0.12745098039215685,0.1492776647123578,0.27672864510451467,False
25,6,Lindsey Stirling,Mark Ballas,2nd Place,,40.0,0.9242241786238626,1,2,3,False,False,0.13071895424836602,0.15909814243472997,0.28981709668309596,False
25,6,Nick Lachey,Peta Murgatroyd,Eliminated Week 6,6.0,26.0,0.2199589115093079,9,9,18,True,True,0.08496732026143791,0.0,0.08496732026143791,True
25,6,Nikki Bella,Artem Chigvintsev,Eliminated Week 7,7.0,36.0,0.8549927014970069,4,5,9,False,False,0.11764705882352941,0.12695272837949095,0.24459978720302036,False
25,6,Terrell Owens,Cheryl Burke,Eliminated Week 8,8.0,37.0,0.8913121180149522,3,3,6,False,False,0.12091503267973856,0.14003558940988792,0.2609506220896265,False
25,6,Vanessa Lachey,Maksim Chmerkoskiy,Eliminated Week 7,7.0,36.0,0.8874734615334212,4,4,8,False,False,0.11764705882352941,0.13236723694330477,0.2500142957668342,False
25,6,Victoria Arlen,Valentin Chmerkovskiy,Eliminated Week 9,9.0,31.0,0.841664679433815,6,6,12,False,False,0.10130718954248366,0.12145206467895987,0.22275925422144355,False
25,7,Drew Scott,Emma Slater,Eliminated Week 10,10.0,28.5,0.7530764825432511,2,3,5,False,False,0.1325581395348837,0.1485312082937423,0.28108934782862605,False
25,7,Frankie Muniz,Witney Carson,3rd Place,,30.0,0.9286717071893276,1,1,2,False,False,0.13953488372093023,0.18529157083085016,0.3248264545517804,False
25,7,Jordan Fisher,Lindsay Arnold,1st Place,,27.0,0.6996484133556711,4,5,9,False,False,0.12558139534883722,0.15980503923383751,0.28538643458267476,False
25,7,Lindsey Stirling,Mark Ballas,2nd Place,,25.5,0.2330966979951874,6,7,13,False,False,0.1186046511627907,0.1492703354224693,0.26787498658526,False
25,7,Nikki Bella,Artem Chigvintsev,Eliminated Week 7,7.0,24.0,0.2342654803944219,8,6,14,True,True,0.11162790697674418,0.0,0.11162790697674418,True
25,7,Terrell Owens,Cheryl Burke,Eliminated Week 8,8.0,24.5,0.0722907938870833,7,8,15,True,False,0.11395348837209303,0.12429651135495552,0.23824999972704855,False
25,7,Vanessa Lachey,Maksim Chmerkoskiy,Eliminated Week 7,7.0,27.0,0.7444451644492314,4,4,8,False,True,0.12558139534883722,0.040457568698502255,0.16603896404733948,True
25,7,Victoria Arlen,Valentin Chmerkovskiy,Eliminated Week 9,9.0,28.5,0.8665837777979783,2,2,4,False,False,0.1325581395348837,0.19234776616564284,0.3249059057005266,False
25,8,Drew Scott,Emma Slater,Eliminated Week 10,10.0,23.5,0.0384363680032369,6,6,12,True,False,0.1501597444089457,0.020277768386252743,0.17043751279519845,False
25,8,Frankie Muniz,Witney Carson,3rd Place,,26.5,0.8319359940132182,3,3,6,False,False,0.16932907348242812,0.2527806381175645,0.42210971159999267,False
25,8,Jordan Fisher,Lindsay Arnold,1st Place,,30.0,0.9405826459859296,1,1,2,False,False,0.19169329073482427,0.28401386197984313,0.4757071527146674,False
25,8,Lindsey Stirling,Mark Ballas,2nd Place,,27.0,0.9034167629880876,2,2,4,False,False,0.17252396166134185,0.27548774051921215,0.448011702180554,False
25,8,Terrell Owens,Cheryl Burke,Eliminated Week 8,8.0,25.5,0.668636305860437,4,4,8,False,True,0.16293929712460065,0.0,0.16293929712460065,True
25,8,Victoria Arlen,Valentin Chmerkovskiy,Eliminated Week 9,9.0,24.0,0.282094248784289,5,5,10,False,False,0.15335463258785942,0.16743999099712742,0.32079462358498684,False
25,9,Drew Scott,Emma Slater,Eliminated Week 10,10.0,24.0,0.5746940542691283,5,5,10,True,False,0.17777777777777778,0.07526123696918814,0.25303901474696594,False
25,9,Frankie Muniz,Witney Carson,3rd Place,,25.5,0.7880143509953939,4,4,8,False,False,0.18888888888888888,0.09260973185452004,0.2814986207434089,False
25,9,Jordan Fisher,Lindsay Arnold,1st Place,,29.0,0.92939626204897,1,1,2,False,False,0.21481481481481482,0.47129039518300864,0.6861052099978234,False
25,9,Lindsey Stirling,Mark Ballas,2nd Place,,28.5,0.8901361451375864,2,2,4,False,False,0.2111111111111111,0.36083863599328314,0.5719497471043943,False
25,9,Victoria Arlen,Valentin Chmerkovskiy,Eliminated Week 9,9.0,28.0,0.8772869109875239,3,3,6,False,True,0.2074074074074074,0.0,0.2074074074074074,True
25,10,Drew Scott,Emma Slater,Eliminated Week 10,10.0,37.5,0.752654901083031,4,4,8,True,True,0.2397871457464638,0.0,0.2397871457464638,True
25,10,Frankie Muniz,Witney Carson,3rd Place,,38.8887,0.8619917814462187,3,3,6,False,False,0.24866694332774683,0.2825494974862779,0.5312164408140247,False
25,10,Jordan Fisher,Lindsay Arnold,1st Place,,40.0,0.9396511912334342,1,1,2,False,False,0.2557729554628947,0.36195719358521217,0.6177301490481069,False
25,10,Lindsey Stirling,Mark Ballas,2nd Place,,40.0,0.9289735930961188,1,2,3,False,False,0.2557729554628947,0.35549330892850983,0.6112662643914045,False
26,1,Adam Rippon,Jenna Johnson,1st Place,,24.0,0.9170923419335985,1,1,2,False,False,0.11428571428571428,0.1551054784627814,0.26939119274849566,False
26,1,Arike Ogunbowale,Gleb Savchenko,Eliminated Week 2,2.0,20.0,0.2755534795241747,7,8,15,False,False,0.09523809523809523,0.10724215927988849,0.20248025451798374,False
26,1,Chris Mazdzer,Witney Carson,Eliminated Week 3,3.0,21.0,0.7895025597558379,5,5,10,False,False,0.1,0.12944110017541124,0.22944110017541125,False
26,1,Jamie Anderson,Artem Chigvintsev,Eliminated Week 1,1.0,19.0,0.6689300637566717,8,6,14,False,True,0.09047619047619047,0.007437487749643814,0.09791367822583429,True
26,1,Jennie Finch Daigle,Keo Motsepe,Eliminated Week 3,3.0,21.0,0.2413354208271892,5,9,14,False,False,0.1,0.11813150841599876,0.21813150841599876,False
26,1,Johnny Damon,Emma Slater,Eliminated Week 1,1.0,18.0,0.1973312539128554,9,10,19,True,True,0.08571428571428572,0.0,0.08571428571428572,True
26,1,Josh Norman,Sharna Burgess,2nd Place,,24.0,0.9039453532205308,1,2,3,False,False,0.11428571428571428,0.1546193168397115,0.2689050311254258,False
26,1,Kareem Abdul-Jabbar,Lindsay Arnold,Eliminated Week 2,2.0,17.0,0.2844650098638793,10,7,17,True,False,0.08095238095238096,0.052858835341930144,0.13381121629431109,False
26,1,Mirai Nagasu,Alan Bersten,Eliminated Week 3,3.0,23.0,0.8772763127142487,3,3,6,False,False,0.10952380952380952,0.13900158248672165,0.24852539201053117,False
26,1,Tonya Harding,Sasha Farber,3rd Place,,23.0,0.8310527615690145,3,4,7,False,False,0.10952380952380952,0.13616253124791305,0.24568634077172258,False
26,2,Adam Rippon,Jenna Johnson,1st Place,,37.0,0.9136679372414388,1,2,3,False,False,0.1383177570093458,0.20893517222308722,0.347252929232433,False
26,2,Arike Ogunbowale,Gleb Savchenko,Eliminated Week 2,2.0,35.0,0.4697604684687113,3,6,9,False,True,0.1308411214953271,0.04558744770947935,0.17642856920480643,True
26,2,Chris Mazdzer,Witney Carson,Eliminated Week 3,3.0,33.0,0.8475542462646364,4,3,7,False,False,0.1233644859813084,0.1640405705865184,0.28740505656782683,False
26,2,Jennie Finch Daigle,Keo Motsepe,Eliminated Week 3,3.0,31.5,0.2414042870212818,6,8,14,True,False,0.11775700934579439,0.09923304448949519,0.21699005383528958,False
26,2,Josh Norman,Sharna Burgess,2nd Place,,31.5,0.4149077034954965,6,7,13,True,False,0.11775700934579439,0.12803058460223685,0.24578759394803124,False
26,2,Kareem Abdul-Jabbar,Lindsay Arnold,Eliminated Week 2,2.0,29.5,0.5448267595200953,8,5,13,False,True,0.1102803738317757,0.0,0.1102803738317757,True
26,2,Mirai Nagasu,Alan Bersten,Eliminated Week 3,3.0,37.0,0.913980612393499,1,1,2,False,False,0.1383177570093458,0.20628436698420363,0.3446021239935494,False
26,2,Tonya Harding,Sasha Farber,3rd Place,,33.0,0.5480182323209934,4,4,8,False,False,0.1233644859813084,0.14788881340497925,0.27125329938628767,False
26,3,Adam Rippon,Jenna Johnson,1st Place,,41.0,0.8080229878118327,1,1,2,False,False,0.1943127962085308,0.3496259099649948,0.5439387061735257,False
26,3,Chris Mazdzer,Witney Carson,Eliminated Week 3,3.0,33.0,0.2121078970172402,5,5,10,True,True,0.15639810426540285,0.04390784679943296,0.2003059510648358,True
26,3,Jennie Finch Daigle,Keo Motsepe,Eliminated Week 3,3.0,29.0,0.0031052819549907,6,6,12,True,True,0.13744075829383887,0.0,0.13744075829383887,True
26,3,Josh Norman,Sharna Burgess,2nd Place,,38.0,0.7602645459892624,2,2,4,False,False,0.18009478672985782,0.30088679908125715,0.48098158581111494,False
26,3,Mirai Nagasu,Alan Bersten,Eliminated Week 3,3.0,35.0,0.2355657739145381,3,4,7,True,True,0.16587677725118483,0.07838066539923573,0.24425744265042054,True
26,3,Tonya Harding,Sasha Farber,3rd Place,,35.0,0.2571724833178773,3,3,6,False,False,0.16587677725118483,0.22719877875507932,0.39307555600626415,False
27,1,Alexis Ren,Alan Bersten,4th Place,,22.0,0.9169612090805508,3,2,5,False,False,0.08627450980392157,0.09620882392257625,0.18248333372649783,False
27,1,Bobby Bones,Sharna Burgess,1st Place,,20.0,0.8890985731183998,5,6,11,False,False,0.0784313725490196,0.08876863886812661,0.16720001141714622,False
27,1,Danelle Umstead,Artem Chigvintsev,Eliminated Week 2,2.0,18.0,0.8256641840158598,9,9,18,False,False,0.07058823529411765,0.06330263816212087,0.1338908734562385,False
27,1,DeMarcus Ware,Lindsay Arnold,Eliminated Week 7,7.0,23.0,0.9431519289099934,1,1,2,False,False,0.09019607843137255,0.10408150783958244,0.19427758627095498,False
27,1,Evanna Lynch,Keo Motsepe,3rd Place,,18.0,0.7270753864261998,9,11,20,False,False,0.07058823529411765,0.06896888343299644,0.13955711872711407,False
27,1,Joe Amabile,Jenna Johnson,Eliminated Week 8,8.0,14.0,0.1819225852151108,13,13,26,True,False,0.054901960784313725,0.05344817729394584,0.10835013807825956,False
27,1,John Schneider,Emma Slater,Eliminated Week 7,7.0,18.0,0.76300532926157,9,10,19,False,False,0.07058823529411765,0.07007597239402234,0.14066420768813997,False
27,1,Juan Pablo Di Pace,Cheryl Burke,Eliminated Week 8,8.0,22.0,0.9004500333036812,3,4,7,False,False,0.08627450980392157,0.09735783790025677,0.18363234770417836,False
27,1,Mary Lou Retton,Sasha Farber,Eliminated Week 6,6.0,20.0,0.885667558311252,5,7,12,False,False,0.0784313725490196,0.08675293386084924,0.16518430640986886,False
27,1,Milo Manheim,Witney Carson,2nd Place,,20.0,0.895016612578987,5,5,10,False,False,0.0784313725490196,0.09175248946820046,0.17018386201722008,False
27,1,Nancy McKeon,Valentin Chmerkovskiy,Eliminated Week 3,3.0,19.5,0.8474541652859543,8,8,16,False,False,0.07647058823529412,0.080310124575189,0.1567807128104831,False
27,1,Nikki Glaser,Gleb Savchenko,Eliminated Week 1,1.0,17.5,0.2716069161276417,12,12,24,False,True,0.06862745098039216,0.0,0.06862745098039216,True
27,1,Tinashe,Brandon Armstrong,Eliminated Week 4,4.0,23.0,0.9129224976284264,1,3,4,False,False,0.09019607843137255,0.09897197228213367,0.18916805071350623,False
27,2,Alexis Ren,Alan Bersten,4th Place,,24.5,0.899071744099971,4,4,8,False,False,0.09057301293900184,0.10492928572560488,0.19550229866460672,False
27,2,Bobby Bones,Sharna Burgess,1st Place,,19.5,0.4042855344164952,10,10,20,False,False,0.07208872458410351,0.06282284426302825,0.13491156884713176,False
27,2,Danelle Umstead,Artem Chigvintsev,Eliminated Week 2,2.0,18.5,0.3190904571426499,11,11,22,False,True,0.06839186691312385,0.0,0.06839186691312385,True
27,2,DeMarcus Ware,Lindsay Arnold,Eliminated Week 7,7.0,23.5,0.8751689244872577,6,5,11,False,False,0.08687615526802218,0.09662082157608975,0.18349697684411193,False
27,2,Evanna Lynch,Keo Motsepe,3rd Place,,24.0,0.8132326153864406,5,7,12,False,False,0.08872458410351201,0.09004702310578216,0.1787716072092942,False
27,2,Joe Amabile,Jenna Johnson,Eliminated Week 8,8.0,17.5,0.1263848999740044,12,12,24,True,False,0.06469500924214418,0.06960140397794544,0.13429641322008962,False
27,2,John Schneider,Emma Slater,Eliminated Week 7,7.0,21.5,0.731235287247243,8,8,16,False,False,0.07948243992606285,0.07106793328068317,0.15055037320674602,False
27,2,Juan Pablo Di Pace,Cheryl Burke,Eliminated Week 8,8.0,26.0,0.924150141611161,1,2,3,False,False,0.09611829944547134,0.11994078036878435,0.2160590798142557,False
27,2,Mary Lou Retton,Sasha Farber,Eliminated Week 6,6.0,23.0,0.853643742016749,7,6,13,False,False,0.08502772643253234,0.07416146572467688,0.15918919215720922,False
27,2,Milo Manheim,Witney Carson,2nd Place,,26.0,0.9436068721528376,1,1,2,False,False,0.09611829944547134,0.12134097170169526,0.21745927114716662,False
27,2,Nancy McKeon,Valentin Chmerkovskiy,Eliminated Week 3,3.0,20.5,0.5218333596730839,9,9,18,False,False,0.07578558225508318,0.07562743784539294,0.15141302010047614,False
27,2,Tinashe,Brandon Armstrong,Eliminated Week 4,4.0,26.0,0.9168569185977796,1,3,4,False,False,0.09611829944547134,0.11384003243031696,0.2099583318757883,False
27,3,Alexis Ren,Alan Bersten,4th Place,,26.0,0.8804437901825086,5,6,11,False,False,0.0959409594095941,0.11099787873301128,0.20693883814260539,False
27,3,Bobby Bones,Sharna Burgess,1st Place,,23.0,0.6539540410964736,8,8,16,False,False,0.08487084870848709,0.08054061343209373,0.16541146214058083,False
27,3,DeMarcus Ware,Lindsay Arnold,Eliminated Week 7,7.0,26.0,0.8849253753385945,5,5,10,False,False,0.0959409594095941,0.10522625966321164,0.20116721907280574,False
27,3,Evanna Lynch,Keo Motsepe,3rd Place,,27.0,0.8998569443114336,2,4,6,False,False,0.0996309963099631,0.11950911964960922,0.21914011595957233,False
27,3,Joe Amabile,Jenna Johnson,Eliminated Week 8,8.0,18.0,0.1139442028192425,11,11,22,True,False,0.06642066420664207,0.06250758338256973,0.1289282475892118,False
27,3,John Schneider,Emma Slater,Eliminated Week 7,7.0,21.0,0.1169171035325407,10,10,20,False,False,0.07749077490774908,0.04058303421578081,0.11807380912352988,False
27,3,Juan Pablo Di Pace,Cheryl Burke,Eliminated Week 8,8.0,30.0,0.9223085538519984,1,2,3,False,False,0.11070110701107011,0.13606069308398538,0.2467618000950555,False
27,3,Mary Lou Retton,Sasha Farber,Eliminated Week 6,6.0,24.0,0.8044576021348468,7,7,14,False,False,0.08856088560885608,0.09282042236413429,0.18138130797299037,False
27,3,Milo Manheim,Witney Carson,2nd Place,,27.0,0.9226386924038072,2,1,3,False,False,0.0996309963099631,0.1315908009907263,0.23122179730068937,False
27,3,Nancy McKeon,Valentin Chmerkovskiy,Eliminated Week 3,3.0,22.0,0.376283678081396,9,9,18,False,True,0.08118081180811808,0.0,0.08118081180811808,True
27,3,Tinashe,Brandon Armstrong,Eliminated Week 4,4.0,27.0,0.9011119270853802,2,3,5,False,False,0.0996309963099631,0.1201635944848776,0.2197945907948407,False
27,4,Alexis Ren,Alan Bersten,4th Place,,25.0,0.8823148165191016,4,4,8,False,False,0.10775862068965517,0.1422876724663647,0.2500462931560199,False
27,4,Bobby Bones,Sharna Burgess,1st Place,,20.0,0.1652874064304617,9,8,17,False,False,0.08620689655172414,0.074127530433323,0.16033442698504713,False
27,4,DeMarcus Ware,Lindsay Arnold,Eliminated Week 7,7.0,22.0,0.7418788560588672,7,5,12,False,False,0.09482758620689655,0.10752521669468114,0.2023528029015777,False
27,4,Evanna Lynch,Keo Motsepe,3rd Place,,24.0,0.2614239668065299,5,7,12,False,False,0.10344827586206896,0.10340925123704527,0.20685752709911423,False
27,4,Joe Amabile,Jenna Johnson,Eliminated Week 8,8.0,15.0,0.1041084448594469,10,9,19,True,False,0.06465517241379311,0.0834476638696479,0.148102836283441,False
27,4,John Schneider,Emma Slater,Eliminated Week 7,7.0,21.0,0.0841327309066432,8,10,18,False,False,0.09051724137931035,0.014247017675805024,0.10476425905511537,True
27,4,Juan Pablo Di Pace,Cheryl Burke,Eliminated Week 8,8.0,24.0,0.7382437664686516,5,6,11,False,False,0.10344827586206896,0.13475582804512928,0.23820410390719826,False
27,4,Mary Lou Retton,Sasha Farber,Eliminated Week 6,6.0,26.0,0.9106128596092742,2,2,4,False,False,0.11206896551724138,0.15844326591499625,0.2705122314322376,False
27,4,Milo Manheim,Witney Carson,2nd Place,,29.0,0.935637088065983,1,1,2,False,False,0.125,0.18175655366300744,0.30675655366300747,False
27,4,Tinashe,Brandon Armstrong,Eliminated Week 4,4.0,26.0,0.8968860354575625,2,3,5,False,True,0.11206896551724138,0.0,0.11206896551724138,False
27,6,Alexis Ren,Alan Bersten,4th Place,,27.0,0.8746259759540951,4,3,7,False,False,0.11790393013100436,0.13737413652849984,0.2552780666595042,False
27,6,Bobby Bones,Sharna Burgess,1st Place,,22.0,0.7542163705297539,7,6,13,False,False,0.09606986899563319,0.09798502534026476,0.19405489433589795,False
27,6,DeMarcus Ware,Lindsay Arnold,Eliminated Week 7,7.0,26.0,0.8118526145677115,5,5,10,False,False,0.11353711790393013,0.1348473905726676,0.2483845084765977,False
27,6,Evanna Lynch,Keo Motsepe,3rd Place,,29.0,0.4416384590918393,3,8,11,False,False,0.12663755458515283,0.13771156921809544,0.26434912380324826,False
27,6,Joe Amabile,Jenna Johnson,Eliminated Week 8,8.0,22.0,0.6353258442390135,7,7,14,False,False,0.09606986899563319,0.10919115949568887,0.20526102849132205,False
27,6,John Schneider,Emma Slater,Eliminated Week 7,7.0,19.0,0.0945445373868482,9,9,18,True,False,0.08296943231441048,0.03889866628461322,0.1218680985990237,False
27,6,Juan Pablo Di Pace,Cheryl Burke,Eliminated Week 8,8.0,30.0,0.8983898666932485,1,2,3,False,False,0.13100436681222707,0.17036991795122117,0.30137428476344824,False
27,6,Mary Lou Retton,Sasha Farber,Eliminated Week 6,6.0,24.0,0.8267450449539956,6,4,10,False,True,0.10480349344978165,0.0,0.10480349344978165,True
27,6,Milo Manheim,Witney Carson,2nd Place,,30.0,0.931777952671841,1,1,2,False,False,0.13100436681222707,0.17362213460894912,0.3046265014211762,False
27,7,Alexis Ren,Alan Bersten,4th Place,,27.5,0.8296321547238156,4,3,7,False,False,0.12643678160919541,0.18707347501886587,0.3135102566280613,False
27,7,Bobby Bones,Sharna Burgess,1st Place,,26.5,0.8119986182970637,6,4,10,False,False,0.12183908045977011,0.094714083355855,0.21655316381562512,False
27,7,DeMarcus Ware,Lindsay Arnold,Eliminated Week 7,7.0,26.5,0.7840900926068133,6,5,11,False,True,0.12183908045977011,0.004658763039279437,0.12649784349904955,True
27,7,Evanna Lynch,Keo Motsepe,3rd Place,,29.5,0.8601126705330291,1,2,3,False,False,0.135632183908046,0.19417778115859438,0.3298099650666404,False
27,7,Joe Amabile,Jenna Johnson,Eliminated Week 8,8.0,23.5,0.1052150024075299,8,8,16,True,False,0.10804597701149425,0.06551395825072533,0.17355993526221958,False
27,7,John Schneider,Emma Slater,Eliminated Week 7,7.0,27.0,0.3229035085032318,5,7,12,True,True,0.12413793103448276,0.0,0.12413793103448276,True
27,7,Juan Pablo Di Pace,Cheryl Burke,Eliminated Week 8,8.0,28.0,0.7115534280373454,3,6,9,False,False,0.12873563218390804,0.2186103698612672,0.34734600204517524,False
27,7,Milo Manheim,Witney Carson,2nd Place,,29.0,0.9023467001690034,2,1,3,False,False,0.13333333333333333,0.23525156931541266,0.368584902648746,False
27,8,Alexis Ren,Alan Bersten,4th Place,,29.0,0.8967936416555927,2,2,4,False,False,0.18012422360248448,0.2646417879983062,0.44476601160079066,False
27,8,Bobby Bones,Sharna Burgess,1st Place,,22.5,0.1065020278028973,6,6,12,True,False,0.13975155279503104,0.11867677138499369,0.2584283241800247,True
27,8,Evanna Lynch,Keo Motsepe,3rd Place,,29.0,0.8514808749739196,2,3,5,False,False,0.18012422360248448,0.26217100478107197,0.44229522838355645,False
27,8,Joe Amabile,Jenna Johnson,Eliminated Week 8,8.0,23.0,0.7769980820674085,5,5,10,True,True,0.14285714285714285,0.0,0.14285714285714285,True
27,8,Juan Pablo Di Pace,Cheryl Burke,Eliminated Week 8,8.0,30.0,0.902867462446455,1,1,2,False,True,0.18633540372670807,0.10841630151566223,0.29475170524237027,False
27,8,Milo Manheim,Witney Carson,2nd Place,,27.5,0.8274571005198288,4,4,8,False,False,0.17080745341614906,0.24609413431996582,0.41690158773611485,False
28,2,Ally Brooke,Sasha Farber,3rd Place,,20.0,0.9236143099389236,3,2,5,False,False,0.091324200913242,0.1262441765592643,0.2175683774725063,False
28,2,Hannah Brown,Alan Bersten,1st Place,,24.0,0.9449367061822916,1,1,2,False,False,0.1095890410958904,0.1397756247981087,0.2493646658939991,False
28,2,James Van Der Beek,Emma Slater,Eliminated Week 10,10.0,20.0,0.9005194136912593,3,5,8,False,False,0.091324200913242,0.1199977207441798,0.2113219216574218,False
28,2,Karamo Brown,Jenna Johnson,Eliminated Week 7,7.0,19.0,0.8931691956808115,6,6,12,False,False,0.0867579908675799,0.10693367699049472,0.19369166785807462,False
28,2,Kate Flannery,Pasha Pashkov,Eliminated Week 8,8.0,21.0,0.917322747950292,2,4,6,False,False,0.0958904109589041,0.12034788013296566,0.21623829109186976,False
28,2,Kel Mitchell,Witney Carson,2nd Place,,20.0,0.9222358323973576,3,3,6,False,False,0.091324200913242,0.12645834513110712,0.21778254604434913,False
28,2,Lamar Odom,Peta Murgatroyd,Eliminated Week 4,4.0,12.0,0.5038906740889391,12,10,22,True,False,0.0547945205479452,0.0,0.0547945205479452,True
28,2,Lauren Alaina,Gleb Savchenko,4th Place,,19.0,0.8635747610918916,6,7,13,False,False,0.0867579908675799,0.10160511223643008,0.18836310310401,False
28,2,Mary Wilson,Brandon Armstrong,Eliminated Week 2,2.0,15.0,0.0614814442546579,10,12,22,True,True,0.0684931506849315,0.01912222995367706,0.08761538063860856,False
28,2,Ray Lewis,Cheryl Burke,Withdrew,2.0,15.0,0.0697962637143916,10,11,21,False,True,0.0684931506849315,0.0098954123571517,0.0783885630420832,True
28,2,Sailor Brinkley-Cook,Valentin Chmerkovskiy,Eliminated Week 6,6.0,18.0,0.8520843575750962,8,8,16,False,False,0.0821917808219178,0.10295284336675338,0.18514462418867117,False
28,2,Sean Spicer,Lindsay Arnold,Eliminated Week 9,9.0,16.0,0.7803754209410003,9,9,18,False,False,0.0730593607305936,0.026666977729867643,0.09972633846046125,False
28,4,Ally Brooke,Sasha Farber,3rd Place,,32.0,0.9383378930335802,1,3,4,False,False,0.11347517730496454,0.15916532787379026,0.2726405051787548,False
28,4,Hannah Brown,Alan Bersten,1st Place,,32.0,0.9507467181978736,1,1,2,False,False,0.11347517730496454,0.16018902692567555,0.2736642042306401,False
28,4,James Van Der Beek,Emma Slater,Eliminated Week 10,10.0,28.0,0.8387814910501039,6,7,13,False,False,0.09929078014184398,0.049193424463051465,0.14848420460489545,False
28,4,Karamo Brown,Jenna Johnson,Eliminated Week 7,7.0,28.0,0.8791514518313371,6,6,12,False,False,0.09929078014184398,0.12030502908618729,0.21959580922803126,False
28,4,Kate Flannery,Pasha Pashkov,Eliminated Week 8,8.0,26.0,0.2134697487113372,8,9,17,False,False,0.09219858156028368,0.049228004844583145,0.14142658640486683,False
28,4,Kel Mitchell,Witney Carson,2nd Place,,32.0,0.9494251369426512,1,2,3,False,False,0.11347517730496454,0.1612268253067013,0.27470200261166583,False
28,4,Lamar Odom,Peta Murgatroyd,Eliminated Week 4,4.0,20.0,0.0478715661205251,10,10,20,True,True,0.07092198581560284,0.0,0.07092198581560284,True
28,4,Lauren Alaina,Gleb Savchenko,4th Place,,32.0,0.9343196934204404,1,4,5,False,False,0.11347517730496454,0.15442976048203202,0.26790493778699653,False
28,4,Sailor Brinkley-Cook,Valentin Chmerkovskiy,Eliminated Week 6,6.0,31.0,0.8893629036117289,5,5,10,False,False,0.1099290780141844,0.10257445179045248,0.21250352980463688,False
28,4,Sean Spicer,Lindsay Arnold,Eliminated Week 9,9.0,21.0,0.3714539512043413,9,8,17,False,False,0.07446808510638298,0.04368814922752656,0.11815623433390954,False
28,6,Ally Brooke,Sasha Farber,3rd Place,,25.0,0.3264751338193847,6,8,14,False,False,0.10964912280701754,0.1278447677298275,0.23749389053684505,False
28,6,Hannah Brown,Alan Bersten,1st Place,,24.0,0.349022136410438,8,7,15,True,False,0.10526315789473684,0.0,0.10526315789473684,False
28,6,James Van Der Beek,Emma Slater,Eliminated Week 10,10.0,27.0,0.9055384061083054,1,2,3,False,False,0.11842105263157894,0.20580718904623954,0.3242282416778185,False
28,6,Karamo Brown,Jenna Johnson,Eliminated Week 7,7.0,25.0,0.8652033785566998,6,4,10,False,False,0.10964912280701754,0.09283763799917068,0.20248676080618822,False
28,6,Kate Flannery,Pasha Pashkov,Eliminated Week 8,8.0,27.0,0.906386038231422,1,1,2,False,False,0.11842105263157894,0.19737472234311307,0.315795774974692,False
28,6,Kel Mitchell,Witney Carson,2nd Place,,26.0,0.8824335282237209,4,3,7,False,False,0.11403508771929824,0.056048085412821226,0.17008317313211946,False
28,6,Lauren Alaina,Gleb Savchenko,4th Place,,26.0,0.8268754029662116,4,5,9,False,False,0.11403508771929824,0.10722604519672249,0.22126113291602073,False
28,6,Sailor Brinkley-Cook,Valentin Chmerkovskiy,Eliminated Week 6,6.0,27.0,0.1764828868838613,1,9,10,False,True,0.11842105263157894,0.2071599889468579,0.3255810415784368,False
28,6,Sean Spicer,Lindsay Arnold,Eliminated Week 9,9.0,21.0,0.5611626286154863,9,6,15,False,False,0.09210526315789473,0.0057015633252477825,0.09780682648314251,True
28,7,Ally Brooke,Sasha Farber,3rd Place,,27.0,0.9307566572959024,1,1,2,False,False,0.13366336633663367,0.23263253637933606,0.36629590271596973,False
28,7,Hannah Brown,Alan Bersten,1st Place,,26.0,0.8754259270858018,4,3,7,False,False,0.12871287128712872,0.18754344741432588,0.3162563187014546,False
28,7,James Van Der Beek,Emma Slater,Eliminated Week 10,10.0,27.0,0.9020476604874786,1,2,3,False,False,0.13366336633663367,0.2249550955182659,0.35861846185489954,False
28,7,Karamo Brown,Jenna Johnson,Eliminated Week 7,7.0,24.5,0.0890720629079067,6,8,14,True,True,0.12128712871287128,0.027329478413709727,0.148616607126581,False
28,7,Kate Flannery,Pasha Pashkov,Eliminated Week 8,8.0,24.0,0.4680422317586931,7,7,14,False,False,0.1188118811881188,0.05767155429746741,0.1764834354855862,False
28,7,Kel Mitchell,Witney Carson,2nd Place,,25.5,0.7541683323656181,5,5,10,False,False,0.12623762376237624,0.04207952953765779,0.16831715330003402,False
28,7,Lauren Alaina,Gleb Savchenko,4th Place,,27.0,0.8739811818588819,1,4,5,False,False,0.13366336633663367,0.2277883584392373,0.36145172477587095,False
28,7,Sean Spicer,Lindsay Arnold,Eliminated Week 9,9.0,21.0,0.664306297852907,8,6,14,False,False,0.10396039603960396,0.0,0.10396039603960396,True
28,8,Ally Brooke,Sasha Farber,3rd Place,,30.0,0.704631447964563,3,4,7,False,False,0.15544105882304174,0.2383273326831977,0.39376839150623943,False
28,8,Hannah Brown,Alan Bersten,1st Place,,30.9998,0.8911045908957801,2,1,3,False,False,0.160621391176751,0.2684949061379714,0.4291162973147224,False
28,8,James Van Der Beek,Emma Slater,Eliminated Week 10,10.0,31.9998,0.8591764607967568,1,3,4,False,False,0.1658027598041857,0.2550027642236986,0.4208055240278843,False
28,8,Kate Flannery,Pasha Pashkov,Eliminated Week 8,8.0,25.9998,0.0652753147173048,5,7,12,True,True,0.13471454803957736,0.037564553595405135,0.1722791016349825,False
28,8,Kel Mitchell,Witney Carson,2nd Place,,29.9998,0.8608019172145011,4,2,6,False,False,0.15544002254931627,0.15797970846002726,0.3134197310093435,False
28,8,Lauren Alaina,Gleb Savchenko,4th Place,,24.0,0.4968401205483624,6,6,12,False,False,0.1243528470584334,0.04263073489969992,0.16698358195813331,False
28,8,Sean Spicer,Lindsay Arnold,Eliminated Week 9,9.0,20.0,0.5349246752870261,7,5,12,False,False,0.1036273725486945,0.0,0.1036273725486945,True
28,9,Ally Brooke,Sasha Farber,3rd Place,,40.0,0.90997071534925,1,1,2,False,False,0.19184652278177458,0.298754499928465,0.49060102271023953,False
28,9,Hannah Brown,Alan Bersten,1st Place,,35.5,0.8649095481881239,4,3,7,False,False,0.17026378896882494,0.20830982600733763,0.3785736149761626,False
28,9,James Van Der Beek,Emma Slater,Eliminated Week 10,10.0,36.0,0.7799539995713038,3,5,8,False,False,0.17266187050359713,0.18779575131522272,0.36045762181881985,False
28,9,Kel Mitchell,Witney Carson,2nd Place,,37.0,0.8822423515583946,2,2,4,False,False,0.1774580335731415,0.2658183051110004,0.4432763386841419,False
28,9,Lauren Alaina,Gleb Savchenko,4th Place,,35.0,0.8121978262260217,5,4,9,False,False,0.16786570743405277,0.0393216176379742,0.20718732507202697,False
28,9,Sean Spicer,Lindsay Arnold,Eliminated Week 9,9.0,25.0,0.0600542561155555,6,6,12,True,True,0.11990407673860912,0.0,0.11990407673860912,True
28,10,Ally Brooke,Sasha Farber,3rd Place,,29.5,0.8942064914045373,1,1,2,False,False,0.21454545454545454,0.4090451722670025,0.623590626812457,False
28,10,Hannah Brown,Alan Bersten,1st Place,,27.0,0.8459904465564304,3,2,5,False,False,0.19636363636363635,0.2197173712914503,0.41608100765508665,False
28,10,James Van Der Beek,Emma Slater,Eliminated Week 10,10.0,25.5,0.0215657165874428,5,5,10,True,True,0.18545454545454546,0.15804058509673513,0.34349513055128056,False
28,10,Kel Mitchell,Witney Carson,2nd Place,,28.5,0.8279480145189808,2,3,5,False,False,0.20727272727272728,0.21319687134481205,0.4204695986175393,False
28,10,Lauren Alaina,Gleb Savchenko,4th Place,,27.0,0.7474769474268841,3,4,7,False,False,0.19636363636363635,0.0,0.19636363636363635,True
29,2,AJ McLean,Cheryl Burke,Eliminated Week 9,9.0,19.0,0.8936591434255049,5,6,11,False,False,0.0695970695970696,0.0786672579183499,0.14826432751541951,False
29,2,Anne Heche,Keo Motsepe,Eliminated Week 4,4.0,18.0,0.8735918194068679,6,9,15,False,False,0.06593406593406594,0.06832136133672913,0.13425542727079506,False
29,2,Carole Baskin,Pasha Pashkov,Eliminated Week 3,3.0,16.0,0.1507551999937064,12,14,26,False,False,0.05860805860805861,0.051697359113694163,0.11030541772175277,False
29,2,Charles Oakley,Emma Slater,Eliminated Week 2,2.0,15.0,0.0437275841746813,14,15,29,True,True,0.054945054945054944,0.0,0.054945054945054944,True
29,2,Chrishell Stause,Gleb Savchenko,Eliminated Week 8,8.0,18.0,0.8732085713345393,6,10,16,False,False,0.06593406593406594,0.06954775928616394,0.1354818252202299,False
29,2,Jeannie Mai,Brandon Armstrong,Withdrew,7.0,18.0,0.88020800538054,6,7,13,False,False,0.06593406593406594,0.06831220659226328,0.1342462725263292,False
29,2,Jesse Metcalfe,Sharna Burgess,Eliminated Week 5,5.0,20.0,0.9183252195633854,4,5,9,False,False,0.07326007326007326,0.07959405424751474,0.152854127507588,False
29,2,Johnny Weir,Britt Stewart,Eliminated Week 10,10.0,18.0,0.805669957586755,6,11,17,False,False,0.06593406593406594,0.06513140720573184,0.13106547313979777,False
29,2,Justina Machado,Sasha Farber,4th Place,,21.0,0.9339754132111838,2,3,5,False,False,0.07692307692307693,0.08425004779518973,0.16117312471826667,False
29,2,Kaitlyn Bristowe,Artem Chigvintsev,1st Place,,22.0,0.9419447926825488,1,2,3,False,False,0.08058608058608059,0.08674490413184793,0.1673309847179285,False
29,2,Monica Aldama,Valentin Chmerkovskiy,Eliminated Week 7,7.0,16.0,0.422948423489377,12,12,24,False,False,0.05860805860805861,0.05954726073777669,0.1181553193458353,False
29,2,Nelly,Daniella Karagach,3rd Place,,18.0,0.919207054942964,6,4,10,False,False,0.06593406593406594,0.07624862551776418,0.1421826914518301,False
29,2,Nev Schulman,Jenna Johnson,2nd Place,,21.0,0.945437286562224,2,1,3,False,False,0.07692307692307693,0.08649975062221579,0.16342282754529272,False
29,2,Skai Jackson,Alan Bersten,Eliminated Week 10,10.0,15.0,0.3292127301088361,14,13,27,False,False,0.054945054945054944,0.05358949225380874,0.10853454719886368,False
29,2,Veron Davis,Peta Murgatroyd,Eliminated Week 6,6.0,18.0,0.8800418446316098,6,8,14,False,False,0.06593406593406594,0.07184851324094979,0.13778257917501574,False
29,3,AJ McLean,Cheryl Burke,Eliminated Week 9,9.0,21.0,0.7395453487251284,7,10,17,False,False,0.07473309608540925,0.0874488865769795,0.16218198266238876,False
29,3,Anne Heche,Keo Motsepe,Eliminated Week 4,4.0,15.0,0.3057960985292148,13,13,26,False,False,0.05338078291814947,0.0,0.05338078291814947,True
29,3,Carole Baskin,Pasha Pashkov,Eliminated Week 3,3.0,12.0,0.0361425456894928,14,14,28,True,True,0.042704626334519574,0.04157019591347993,0.08427482224799951,False
29,3,Chrishell Stause,Gleb Savchenko,Eliminated Week 8,8.0,22.0,0.8486663609777156,4,7,11,False,False,0.07829181494661921,0.09298534673618963,0.17127716168280885,False
29,3,Jeannie Mai,Brandon Armstrong,Withdrew,7.0,22.0,0.8956058430933836,4,3,7,False,False,0.07829181494661921,0.09244657055189692,0.17073838549851614,False
29,3,Jesse Metcalfe,Sharna Burgess,Eliminated Week 5,5.0,20.0,0.6046852656783348,9,11,20,False,False,0.0711743772241993,0.07537046188900885,0.14654483911320815,False
29,3,Johnny Weir,Britt Stewart,Eliminated Week 10,10.0,24.0,0.8805127020254664,1,5,6,False,False,0.08540925266903915,0.10217599705531477,0.18758524972435392,False
29,3,Justina Machado,Sasha Farber,4th Place,,19.0,0.5557624820554501,10,12,22,False,False,0.06761565836298933,0.006551159750734614,0.07416681811372394,False
29,3,Kaitlyn Bristowe,Artem Chigvintsev,1st Place,,23.0,0.9024776733109044,3,2,5,False,False,0.08185053380782918,0.09856735946827547,0.18041789327610464,False
29,3,Monica Aldama,Valentin Chmerkovskiy,Eliminated Week 7,7.0,21.0,0.879562055921466,7,6,13,False,False,0.07473309608540925,0.07472822090076338,0.14946131698617263,False
29,3,Nelly,Daniella Karagach,3rd Place,,18.0,0.7823369690427937,11,9,20,False,False,0.06405693950177936,0.07574918989695843,0.1398061293987378,False
29,3,Nev Schulman,Jenna Johnson,2nd Place,,24.0,0.9517475480539532,1,1,2,False,False,0.08540925266903915,0.11025031312706902,0.19565956579610816,False
29,3,Skai Jackson,Alan Bersten,Eliminated Week 10,10.0,18.0,0.7929072936847905,11,8,19,False,False,0.06405693950177936,0.046096296369059216,0.11015323587083858,False
29,3,Veron Davis,Peta Murgatroyd,Eliminated Week 6,6.0,22.0,0.8904019487516213,4,4,8,False,False,0.07829181494661921,0.0960600017642702,0.1743518167108894,False
29,4,AJ McLean,Cheryl Burke,Eliminated Week 9,9.0,24.0,0.9027418857649004,3,6,9,False,False,0.07973421926910298,0.10585664720320685,0.18559086647230982,False
29,4,Anne Heche,Keo Motsepe,Eliminated Week 4,4.0,21.0,0.074563374680093,10,13,23,True,True,0.06976744186046512,0.04211260436244622,0.11188004622291134,False
29,4,Chrishell Stause,Gleb Savchenko,Eliminated Week 8,8.0,22.0,0.7591440718215294,8,9,17,False,False,0.07308970099667775,0.06220399488653397,0.13529369588321172,False
29,4,Jeannie Mai,Brandon Armstrong,Withdrew,7.0,21.0,0.6423279658554637,10,11,21,False,False,0.06976744186046512,0.04796460918523315,0.11773205104569825,False
29,4,Jesse Metcalfe,Sharna Burgess,Eliminated Week 5,5.0,21.0,0.7115549908597582,10,10,20,False,False,0.06976744186046512,0.0,0.06976744186046512,True
29,4,Johnny Weir,Britt Stewart,Eliminated Week 10,10.0,24.0,0.8997359227677308,3,7,10,False,False,0.07973421926910298,0.09351887982529432,0.1732530990943973,False
29,4,Justina Machado,Sasha Farber,4th Place,,24.0,0.92175152789012,3,3,6,False,False,0.07973421926910298,0.10062698975913517,0.18036120902823816,False
29,4,Kaitlyn Bristowe,Artem Chigvintsev,1st Place,,25.0,0.9198311701101906,2,4,6,False,False,0.08305647840531562,0.10510835058744435,0.18816482899275996,False
29,4,Monica Aldama,Valentin Chmerkovskiy,Eliminated Week 7,7.0,24.0,0.916517481846062,3,5,8,False,False,0.07973421926910298,0.10635410393531328,0.18608832320441626,False
29,4,Nelly,Daniella Karagach,3rd Place,,21.0,0.8665472472079515,10,8,18,False,False,0.06976744186046512,0.05729951389070219,0.1270669557511673,False
29,4,Nev Schulman,Jenna Johnson,2nd Place,,24.0,0.92468833646967,3,2,5,False,False,0.07973421926910298,0.10432447159487575,0.18405869086397875,False
29,4,Skai Jackson,Alan Bersten,Eliminated Week 10,10.0,28.0,0.9639195364643984,1,1,2,False,False,0.09302325581395349,0.11757652917286149,0.21059978498681498,False
29,4,Veron Davis,Peta Murgatroyd,Eliminated Week 6,6.0,22.0,0.5788760968724911,8,12,20,False,False,0.07308970099667775,0.05705330559695322,0.13014300659363098,False
29,5,AJ McLean,Cheryl Burke,Eliminated Week 9,9.0,24.0,0.8470815297155385,5,8,13,False,False,0.08362369337979095,0.1058318632815797,0.18945555666137065,False
29,5,Chrishell Stause,Gleb Savchenko,Eliminated Week 8,8.0,19.0,0.4490975678703557,11,10,21,False,False,0.06620209059233449,0.011204249642390746,0.07740634023472524,False
29,5,Jeannie Mai,Brandon Armstrong,Withdrew,7.0,24.0,0.6570404838451411,5,9,14,False,False,0.08362369337979095,0.07557263861364866,0.1591963319934396,False
29,5,Jesse Metcalfe,Sharna Burgess,Eliminated Week 5,5.0,19.0,0.063456952796477,11,12,23,True,True,0.06620209059233449,0.0,0.06620209059233449,True
29,5,Johnny Weir,Britt Stewart,Eliminated Week 10,10.0,29.0,0.9166553190878346,1,2,3,False,False,0.10104529616724739,0.12062515980711365,0.22167045597436102,False
29,5,Justina Machado,Sasha Farber,4th Place,,24.0,0.8826423019142483,5,7,12,False,False,0.08362369337979095,0.10228892873778517,0.18591262211757612,False
29,5,Kaitlyn Bristowe,Artem Chigvintsev,1st Place,,27.0,0.9136097673313848,2,3,5,False,False,0.09407665505226481,0.12095349356458454,0.21503014861684935,False
29,5,Monica Aldama,Valentin Chmerkovskiy,Eliminated Week 7,7.0,26.0,0.8973652822336323,3,5,8,False,False,0.09059233449477352,0.1190553222930957,0.20964765678786923,False
29,5,Nelly,Daniella Karagach,3rd Place,,24.0,0.9136065195531304,5,4,9,False,False,0.08362369337979095,0.09613349586641547,0.17975718924620643,False
29,5,Nev Schulman,Jenna Johnson,2nd Place,,26.0,0.918173799442199,3,1,4,False,False,0.09059233449477352,0.11899888650641849,0.209591221001192,False
29,5,Skai Jackson,Alan Bersten,Eliminated Week 10,10.0,24.0,0.8859749050009346,5,6,11,False,False,0.08362369337979095,0.1085973568263189,0.19222105020610986,False
29,5,Veron Davis,Peta Murgatroyd,Eliminated Week 6,6.0,21.0,0.3065135221737582,10,11,21,False,False,0.07317073170731707,0.020738604860649035,0.0939093365679661,False
29,6,AJ McLean,Cheryl Burke,Eliminated Week 9,9.0,27.0,0.9261529105301488,1,3,4,False,False,0.10074626865671642,0.17436874496925217,0.2751150136259686,False
29,6,Chrishell Stause,Gleb Savchenko,Eliminated Week 8,8.0,24.0,0.7763468634433185,7,7,14,False,False,0.08955223880597014,0.0,0.08955223880597014,True
29,6,Jeannie Mai,Brandon Armstrong,Withdrew,7.0,25.0,0.3714023246061495,6,9,15,False,False,0.09328358208955224,0.011165912762934977,0.10444949485248722,False
29,6,Johnny Weir,Britt Stewart,Eliminated Week 10,10.0,22.0,0.5508561896360185,9,8,17,False,False,0.08208955223880597,0.0465583753262888,0.12864792756509477,False
29,6,Justina Machado,Sasha Farber,4th Place,,27.0,0.934090694201604,1,1,2,False,False,0.10074626865671642,0.1657938800895935,0.26654014874630994,False
29,6,Kaitlyn Bristowe,Artem Chigvintsev,1st Place,,27.0,0.9100812720855692,1,4,5,False,False,0.10074626865671642,0.1631238348494228,0.2638701035061392,False
29,6,Monica Aldama,Valentin Chmerkovskiy,Eliminated Week 7,7.0,27.0,0.9333925766954744,1,2,3,False,False,0.10074626865671642,0.17395607150960335,0.2747023401663198,False
29,6,Nelly,Daniella Karagach,3rd Place,,24.0,0.8783449657422607,7,6,13,False,False,0.08955223880597014,0.1108141010708816,0.20036633987685176,False
29,6,Nev Schulman,Jenna Johnson,2nd Place,,26.0,0.8852131191940106,5,5,10,False,False,0.09701492537313433,0.11632634788651422,0.21334127325964855,False
29,6,Skai Jackson,Alan Bersten,Eliminated Week 10,10.0,18.0,0.2773519072312677,11,10,21,False,False,0.06716417910447761,0.02640965534596045,0.09357383445043806,False
29,6,Veron Davis,Peta Murgatroyd,Eliminated Week 6,6.0,21.0,0.0499133618798195,10,11,21,True,True,0.07835820895522388,0.011483076189547914,0.0898412851447718,False
29,7,AJ McLean,Cheryl Burke,Eliminated Week 9,9.0,26.0,0.7588384134003159,5,6,11,False,False,0.1,0.11290900364042807,0.21290900364042809,False
29,7,Chrishell Stause,Gleb Savchenko,Eliminated Week 8,8.0,26.0,0.4795144834949845,5,8,13,False,False,0.1,0.10095189319391712,0.20095189319391712,False
29,7,Jeannie Mai,Brandon Armstrong,Withdrew,7.0,25.0,0.0570915865070403,8,9,17,True,True,0.09615384615384616,0.0,0.09615384615384616,True
29,7,Johnny Weir,Britt Stewart,Eliminated Week 10,10.0,27.0,0.8936443412969373,2,4,6,False,False,0.10384615384615385,0.12352321597751438,0.22736936982366823,False
29,7,Justina Machado,Sasha Farber,4th Place,,26.0,0.8704016304575208,5,5,10,False,False,0.1,0.10095194861150213,0.20095194861150212,False
29,7,Kaitlyn Bristowe,Artem Chigvintsev,1st Place,,24.0,0.6022137873642323,9,7,16,False,False,0.09230769230769231,0.0751604039092049,0.16746809621689723,False
29,7,Monica Aldama,Valentin Chmerkovskiy,Eliminated Week 7,7.0,22.0,0.0437200697221005,10,10,20,True,True,0.08461538461538462,0.07867795556081673,0.16329334017620134,True
29,7,Nelly,Daniella Karagach,3rd Place,,27.0,0.9446978954516804,2,2,4,False,False,0.10384615384615385,0.13687948467253405,0.2407256385186879,False
29,7,Nev Schulman,Jenna Johnson,2nd Place,,30.0,0.9509094412586848,1,1,2,False,False,0.11538461538461539,0.13511885967698645,0.25050347506160187,False
29,7,Skai Jackson,Alan Bersten,Eliminated Week 10,10.0,27.0,0.9304818445234596,2,3,5,False,False,0.10384615384615385,0.1358272347570962,0.23967338860325005,False
29,8,AJ McLean,Cheryl Burke,Eliminated Week 9,9.0,27.0,0.2608066748607419,5,7,12,False,False,0.12162184076007344,0.11036671742538569,0.23198855818545913,False
29,8,Chrishell Stause,Gleb Savchenko,Eliminated Week 8,8.0,27.0,0.0702093403492478,5,8,13,True,True,0.12162184076007344,0.06311356418371943,0.18473540494379287,False
29,8,Johnny Weir,Britt Stewart,Eliminated Week 10,10.0,30.0,0.9038590254418116,1,2,3,False,False,0.13513537862230382,0.21046730112889642,0.34560267975120024,False
29,8,Justina Machado,Sasha Farber,4th Place,,28.9998,0.8842760235885029,3,3,6,False,False,0.13062996509903624,0.1780165375254296,0.3086465026244658,False
29,8,Kaitlyn Bristowe,Artem Chigvintsev,1st Place,,28.0,0.8318177655775101,4,4,8,False,False,0.1261263533808169,0.11751549231157324,0.24364184569239014,False
29,8,Nelly,Daniella Karagach,3rd Place,,24.0,0.66100507885102,8,5,13,False,False,0.10810830289784307,0.09025709869257376,0.19836540159041682,False
29,8,Nev Schulman,Jenna Johnson,2nd Place,,30.0,0.9380073968563748,1,1,2,False,False,0.13513537862230382,0.23026328873242188,0.3653986673547257,False
29,8,Skai Jackson,Alan Bersten,Eliminated Week 10,10.0,26.9998,0.4741890909197142,7,6,13,False,False,0.1216209398575493,0.0,0.1216209398575493,True
29,9,AJ McLean,Cheryl Burke,Eliminated Week 9,9.0,24.9998,0.051338140910526,6,7,13,True,True,0.12953317941214265,0.141493122044223,0.27102630145636564,False
29,9,Johnny Weir,Britt Stewart,Eliminated Week 10,10.0,30.0,0.9100004155644216,1,2,3,False,False,0.15544105882304177,0.19211087257552628,0.34755193139856805,False
29,9,Justina Machado,Sasha Farber,4th Place,,25.9998,0.7235448955564554,5,5,10,False,False,0.1347145480395774,0.15500256347392144,0.2897171115134988,False
29,9,Kaitlyn Bristowe,Artem Chigvintsev,1st Place,,30.0,0.9135488343715804,1,1,2,False,False,0.15544105882304177,0.1629719741839006,0.31841303300694235,False
29,9,Nelly,Daniella Karagach,3rd Place,,24.0,0.4972325980954508,7,6,13,False,False,0.12435284705843341,0.0,0.12435284705843341,True
29,9,Nev Schulman,Jenna Johnson,2nd Place,,28.9998,0.784402246866402,3,3,6,False,False,0.15025865392188156,0.1002233436945287,0.25048199761641027,False
29,9,Skai Jackson,Alan Bersten,Eliminated Week 10,10.0,28.9998,0.7593560291372243,3,4,7,False,False,0.15025865392188156,0.2481981240279,0.39845677794978157,False
29,10,Johnny Weir,Britt Stewart,Eliminated Week 10,10.0,28.5,0.063515519837192,4,6,10,True,True,0.16379310344827586,0.048259288256343326,0.21205239170461918,True
29,10,Justina Machado,Sasha Farber,4th Place,,29.0,0.8573570419768844,3,3,6,False,False,0.16666666666666666,0.2285428515945075,0.3952095182611741,False
29,10,Kaitlyn Bristowe,Artem Chigvintsev,1st Place,,30.0,0.9144023829192728,1,2,3,False,False,0.1724137931034483,0.2714746357043854,0.4438884288078337,False
29,10,Nelly,Daniella Karagach,3rd Place,,28.0,0.8407665464518108,6,4,10,True,False,0.16091954022988506,0.0,0.16091954022988506,True
29,10,Nev Schulman,Jenna Johnson,2nd Place,,30.0,0.9373916130074926,1,1,2,False,False,0.1724137931034483,0.3193286807399192,0.4917424738433675,False
29,10,Skai Jackson,Alan Bersten,Eliminated Week 10,10.0,28.5,0.092565841461445,4,5,9,False,True,0.16379310344827586,0.1323945437048445,0.29618764715312035,False
30,2,Amanda Kloots,Alan Bersten,4th Place,,32.0,0.9431019886462686,1,1,2,False,False,0.08311688311688312,0.11433802795168242,0.19745491106856555,False
30,2,Brian Austin Green,Sharna Burgess,Eliminated Week 4,4.0,23.0,0.4631433761361903,13,13,26,False,False,0.05974025974025974,0.004119401101403412,0.06385966084166315,False
30,2,Christine Chiu,Pasha Pashkov,Eliminated Week 3,3.0,24.0,0.685041706889028,10,11,21,False,False,0.06233766233766234,0.032211762756360514,0.09454942509402285,False
30,2,Cody Rigsby,Cheryl Burke,3rd Place,,24.0,0.7345782796303786,10,10,20,False,False,0.06233766233766234,0.06227337932033476,0.12461104165799711,False
30,2,Iman Shumpert,Daniella Karagach,1st Place,,25.0,0.8234843359697754,9,9,18,False,False,0.06493506493506493,0.07208438971384844,0.13701945464891335,False
30,2,Jimmie Allen,Emma Slater,Eliminated Week 8,8.0,27.0,0.8875936097295114,5,5,10,False,False,0.07012987012987013,0.08238583248460857,0.1525157026144787,False
30,2,JoJo Siwa,Jenna Johnson,2nd Place,,31.0,0.9385281545169402,2,2,4,False,False,0.08051948051948052,0.11484597562125304,0.19536545614073356,False
30,2,Kenya Moore,Brandon Armstrong,Eliminated Week 6,6.0,24.0,0.6847138775393731,10,12,22,False,False,0.06233766233766234,0.038769573524005584,0.10110723586166792,False
30,2,Martin Kove,Britt Stewart,Eliminated Week 2,2.0,15.0,0.0212232423993331,15,15,30,True,True,0.03896103896103896,0.0,0.03896103896103896,True
30,2,Matt James,Lindsay Arnold,Eliminated Week 4,4.0,22.0,0.3032644225486345,14,14,28,False,False,0.05714285714285714,0.04076199234741234,0.09790484949026948,False
30,2,Melanie C,Gleb Savchenko,Eliminated Week 5,5.0,30.0,0.8827345328343587,3,6,9,False,False,0.07792207792207792,0.09149351560197008,0.169415593524048,False
30,2,Melora Hardin,Artem Chigvintsev,Eliminated Week 9,9.0,27.0,0.8808036133200625,5,7,12,False,False,0.07012987012987013,0.07899115313728401,0.14912102326715415,False
30,2,"Mike ""The Miz"" Mizanin",Witney Carson,Eliminated Week 7,7.0,26.0,0.866301749433514,8,8,16,False,False,0.06753246753246753,0.07055330155830884,0.13808576909077636,False
30,2,Olivia Jade,Valentin Chmerkovskiy,Eliminated Week 8,8.0,27.0,0.9013047387121504,5,4,9,False,False,0.07012987012987013,0.09953064369511411,0.16966051382498423,False
30,2,Suni Lee,Sasha Farber,Eliminated Week 9,9.0,28.0,0.9050063079082384,4,3,7,False,False,0.07272727272727272,0.09764105118641384,0.17036832391368656,False
30,3,Amanda Kloots,Alan Bersten,4th Place,,24.0,0.92857805126942,1,2,3,False,False,0.08053691275167785,0.121732356098383,0.20226926885006086,False
30,3,Brian Austin Green,Sharna Burgess,Eliminated Week 4,4.0,19.0,0.7036988166176501,12,10,22,False,False,0.06375838926174497,0.03935106330504654,0.10310945256679152,False
30,3,Christine Chiu,Pasha Pashkov,Eliminated Week 3,3.0,21.0,0.0977332823276336,7,14,21,False,True,0.07046979865771812,0.0,0.07046979865771812,True
30,3,Cody Rigsby,Cheryl Burke,3rd Place,,18.0,0.2559665336529282,14,13,27,True,False,0.06040268456375839,0.03729233301000845,0.09769501757376683,False
30,3,Iman Shumpert,Daniella Karagach,1st Place,,19.0,0.7879443085597974,12,8,20,False,False,0.06375838926174497,0.049559683091291974,0.11331807235303695,False
30,3,Jimmie Allen,Emma Slater,Eliminated Week 8,8.0,20.0,0.557439734828582,10,12,22,False,False,0.06711409395973154,0.04583167707659404,0.11294577103632558,False
30,3,JoJo Siwa,Jenna Johnson,2nd Place,,24.0,0.9371923290361256,1,1,2,False,False,0.08053691275167785,0.1301610229997915,0.21069793575146933,False
30,3,Kenya Moore,Brandon Armstrong,Eliminated Week 6,6.0,21.0,0.6701674491829044,7,11,18,False,False,0.07046979865771812,0.046770479211797326,0.11724027786951544,False
30,3,Matt James,Lindsay Arnold,Eliminated Week 4,4.0,20.0,0.7569657863488589,10,9,19,False,False,0.06711409395973154,0.052837384042586616,0.11995147800231816,False
30,3,Melanie C,Gleb Savchenko,Eliminated Week 5,5.0,22.0,0.8373436026986122,5,7,12,False,False,0.0738255033557047,0.07803691514332729,0.15186241849903198,False
30,3,Melora Hardin,Artem Chigvintsev,Eliminated Week 9,9.0,23.0,0.8867158978761567,4,5,9,False,False,0.07718120805369127,0.09009192988240651,0.16727313793609777,False
30,3,"Mike ""The Miz"" Mizanin",Witney Carson,Eliminated Week 7,7.0,22.0,0.8889255349037771,5,4,9,False,False,0.0738255033557047,0.09383034002683267,0.16765584338253736,False
30,3,Olivia Jade,Valentin Chmerkovskiy,Eliminated Week 8,8.0,24.0,0.8993115701085206,1,3,4,False,False,0.08053691275167785,0.13587639635878287,0.21641330911046072,False
30,3,Suni Lee,Sasha Farber,Eliminated Week 9,9.0,21.0,0.8509144627044638,7,6,13,False,False,0.07046979865771812,0.07862841975315105,0.14909821841086918,False
30,4,Amanda Kloots,Alan Bersten,4th Place,,34.0,0.91122236530391,4,4,8,False,False,0.0815347721822542,0.11652290010367976,0.19805767228593396,False
30,4,Brian Austin Green,Sharna Burgess,Eliminated Week 4,4.0,26.0,0.0433850108478323,13,13,26,True,True,0.06235011990407674,0.0,0.06235011990407674,True
30,4,Cody Rigsby,Cheryl Burke,3rd Place,,29.0,0.6896460371081814,11,11,22,False,False,0.06954436450839328,0.030118110216785836,0.09966247472517911,False
30,4,Iman Shumpert,Daniella Karagach,1st Place,,31.5,0.8520975941608041,9,7,16,False,False,0.07553956834532374,0.07031318321602124,0.14585275156134497,False
30,4,Jimmie Allen,Emma Slater,Eliminated Week 8,8.0,32.5,0.7966466479463272,7,8,15,False,False,0.07793764988009592,0.07386216738498128,0.15179981726507719,False
30,4,JoJo Siwa,Jenna Johnson,2nd Place,,35.0,0.9433505738232564,2,1,3,False,False,0.08393285371702638,0.15058676905830046,0.23451962277532684,False
30,4,Kenya Moore,Brandon Armstrong,Eliminated Week 6,6.0,29.5,0.7056791699456274,10,10,20,False,False,0.07074340527577938,0.014814729873743798,0.08555813514952318,True
30,4,Matt James,Lindsay Arnold,Eliminated Week 4,4.0,28.5,0.0795590833023823,12,12,24,True,True,0.0683453237410072,0.029825485915720696,0.09817080965672789,False
30,4,Melanie C,Gleb Savchenko,Eliminated Week 5,5.0,33.0,0.7132486547301348,6,9,15,False,False,0.07913669064748201,0.01817120108682377,0.09730789173430578,False
30,4,Melora Hardin,Artem Chigvintsev,Eliminated Week 9,9.0,36.5,0.9125560004529965,1,3,4,False,False,0.08752997601918465,0.14250714300085873,0.23003711902004337,False
30,4,"Mike ""The Miz"" Mizanin",Witney Carson,Eliminated Week 7,7.0,32.5,0.8635087928525962,7,6,13,False,False,0.07793764988009592,0.08547805174566751,0.16341570162576344,False
30,4,Olivia Jade,Valentin Chmerkovskiy,Eliminated Week 8,8.0,35.0,0.9324765791709484,2,2,4,False,False,0.08393285371702638,0.14456664105823547,0.22849949477526185,False
30,4,Suni Lee,Sasha Farber,Eliminated Week 9,9.0,34.0,0.894141479059219,4,5,9,False,False,0.0815347721822542,0.12323361733918153,0.20476838952143572,False
30,5,Amanda Kloots,Alan Bersten,4th Place,,39.0,0.89718286624934,2,3,5,False,False,0.1012987012987013,0.15343716681310604,0.2547358681118074,False
30,5,Cody Rigsby,Cheryl Burke,3rd Place,,32.0,0.6217028393676335,9,7,16,False,False,0.08311688311688312,0.013007355851873098,0.09612423896875621,False
30,5,Iman Shumpert,Daniella Karagach,1st Place,,28.0,0.4270505247100198,11,9,20,True,False,0.07272727272727272,0.0,0.07272727272727272,True
30,5,Jimmie Allen,Emma Slater,Eliminated Week 8,8.0,34.0,0.7883089149611343,8,5,13,False,False,0.08831168831168831,0.003547452315482113,0.09185914062717043,False
30,5,JoJo Siwa,Jenna Johnson,2nd Place,,40.0,0.938556163454269,1,1,2,False,False,0.1038961038961039,0.1963506933213023,0.3002467972174062,False
30,5,Kenya Moore,Brandon Armstrong,Eliminated Week 6,6.0,36.0,0.6660294129902047,3,6,9,False,False,0.09350649350649351,0.10418460717922225,0.19769110068571577,False
30,5,Melanie C,Gleb Savchenko,Eliminated Week 5,5.0,36.0,0.1274393267088426,3,11,14,False,True,0.09350649350649351,0.10655645471535974,0.20006294822185325,False
30,5,Melora Hardin,Artem Chigvintsev,Eliminated Week 9,9.0,36.0,0.5405553256678023,3,8,11,False,False,0.09350649350649351,0.11145742145475827,0.20496391496125177,False
30,5,"Mike ""The Miz"" Mizanin",Witney Carson,Eliminated Week 7,7.0,32.0,0.1847621806946803,9,10,19,False,False,0.08311688311688312,0.011806304681001268,0.09492318779788439,False
30,5,Olivia Jade,Valentin Chmerkovskiy,Eliminated Week 8,8.0,36.0,0.8582583391252605,3,4,7,False,False,0.09350649350649351,0.1601143310482825,0.25362082455477597,False
30,5,Suni Lee,Sasha Farber,Eliminated Week 9,9.0,36.0,0.8980116271199774,3,2,5,False,False,0.09350649350649351,0.13953821261961252,0.23304470612610603,False
30,6,Amanda Kloots,Alan Bersten,4th Place,,38.0,0.8717704189213511,3,3,6,False,False,0.1043956043956044,0.12924646476887203,0.23364206916447644,False
30,6,Cody Rigsby,Cheryl Burke,3rd Place,,36.0,0.8532665415479349,5,4,9,False,False,0.0989010989010989,0.11470260488533773,0.21360370378643662,False
30,6,Iman Shumpert,Daniella Karagach,1st Place,,40.0,0.9635912413944392,1,1,2,False,False,0.10989010989010989,0.17659273714897689,0.2864828470390868,False
30,6,Jimmie Allen,Emma Slater,Eliminated Week 8,8.0,38.0,0.7841817146649047,3,7,10,False,False,0.1043956043956044,0.1143006033839276,0.218696207779532,False
30,6,JoJo Siwa,Jenna Johnson,2nd Place,,40.0,0.9318615549575564,1,2,3,False,False,0.10989010989010989,0.17151523165647994,0.2814053415465898,False
30,6,Kenya Moore,Brandon Armstrong,Eliminated Week 6,6.0,32.0,0.0174746152057453,10,10,20,True,True,0.08791208791208792,0.0,0.08791208791208792,True
30,6,Melora Hardin,Artem Chigvintsev,Eliminated Week 9,9.0,34.0,0.5381953777289136,8,9,17,False,False,0.09340659340659341,0.04689566594083257,0.14030225934742596,False
30,6,"Mike ""The Miz"" Mizanin",Witney Carson,Eliminated Week 7,7.0,34.0,0.6288748807714333,8,8,16,False,False,0.09340659340659341,0.015405879230923934,0.10881247263751734,False
30,6,Olivia Jade,Valentin Chmerkovskiy,Eliminated Week 8,8.0,36.0,0.8099982306549743,5,6,11,False,False,0.0989010989010989,0.12152913066618645,0.22043022956728536,False
30,6,Suni Lee,Sasha Farber,Eliminated Week 9,9.0,36.0,0.8436471511090033,5,5,10,False,False,0.0989010989010989,0.10981168231846279,0.2087127812195617,False
30,7,Amanda Kloots,Alan Bersten,4th Place,,34.0,0.5376232645971298,6,8,14,False,False,0.10397553516819572,0.07058258036752783,0.17455811553572353,False
30,7,Cody Rigsby,Cheryl Burke,3rd Place,,36.0,0.8006674155640392,5,4,9,False,False,0.11009174311926606,0.11396082950557132,0.22405257262483738,False
30,7,Iman Shumpert,Daniella Karagach,1st Place,,34.0,0.7564290713717884,6,6,12,False,False,0.10397553516819572,0.104048513464529,0.20802404863272472,False
30,7,Jimmie Allen,Emma Slater,Eliminated Week 8,8.0,38.0,0.7739188467097771,3,5,8,False,False,0.1162079510703364,0.12982044619363267,0.24602839726396908,False
30,7,JoJo Siwa,Jenna Johnson,2nd Place,,39.0,0.913834494102364,2,2,4,False,False,0.11926605504587157,0.1663660963850251,0.28563215143089665,False
30,7,Melora Hardin,Artem Chigvintsev,Eliminated Week 9,9.0,38.0,0.8596419535417499,3,3,6,False,False,0.1162079510703364,0.12858451968255336,0.24479247075288973,False
30,7,"Mike ""The Miz"" Mizanin",Witney Carson,Eliminated Week 7,7.0,32.0,0.0384989272577389,9,9,18,True,True,0.09785932721712538,0.0,0.09785932721712538,True
30,7,Olivia Jade,Valentin Chmerkovskiy,Eliminated Week 8,8.0,42.0,0.9375438968390992,1,1,2,False,False,0.12844036697247707,0.1924363568093475,0.3208767237818246,False
30,7,Suni Lee,Sasha Farber,Eliminated Week 9,9.0,34.0,0.6721873011952095,6,7,13,False,False,0.10397553516819572,0.09420065759181338,0.19817619276000908,False
30,8,Amanda Kloots,Alan Bersten,4th Place,,42.0,0.9287843839837112,1,1,2,False,False,0.13636363636363635,0.16345966170444995,0.2998232980680863,False
30,8,Cody Rigsby,Cheryl Burke,3rd Place,,38.0,0.8161311451084189,5,4,9,False,False,0.12337662337662338,0.12606295417600175,0.24943957755262514,False
30,8,Iman Shumpert,Daniella Karagach,1st Place,,35.0,0.5418734880757343,7,6,13,False,False,0.11363636363636363,0.11626938830452464,0.22990575194088828,True
30,8,Jimmie Allen,Emma Slater,Eliminated Week 8,8.0,32.0,0.0079488037776422,8,8,16,True,True,0.1038961038961039,0.0,0.1038961038961039,True
30,8,JoJo Siwa,Jenna Johnson,2nd Place,,41.0,0.6500015703689187,4,5,9,False,False,0.1331168831168831,0.14108344975015136,0.2742003328670345,False
30,8,Melora Hardin,Artem Chigvintsev,Eliminated Week 9,9.0,42.0,0.8869850057665304,1,3,4,False,False,0.13636363636363635,0.15846270313275437,0.2948263394963907,False
30,8,Olivia Jade,Valentin Chmerkovskiy,Eliminated Week 8,8.0,36.0,0.0566402480774353,6,7,13,True,True,0.11688311688311688,0.1276973074566514,0.2445804243397683,False
30,8,Suni Lee,Sasha Farber,Eliminated Week 9,9.0,42.0,0.9252149865630832,1,2,3,False,False,0.13636363636363635,0.16696453547546666,0.303328171839103,False
30,9,Amanda Kloots,Alan Bersten,4th Place,,39.5,0.7619996136465961,2,3,5,False,False,0.1747787610619469,0.19577255368423746,0.37055131474618436,False
30,9,Cody Rigsby,Cheryl Burke,3rd Place,,35.5,0.4698403327662808,6,4,10,True,False,0.1570796460176991,0.10552822589604455,0.2626078719137437,True
30,9,Iman Shumpert,Daniella Karagach,1st Place,,37.5,0.8907026498309949,3,2,5,False,False,0.16592920353982302,0.2186067259355742,0.3845359294753972,False
30,9,JoJo Siwa,Jenna Johnson,2nd Place,,40.0,0.917248890774128,1,1,2,False,False,0.17699115044247787,0.30264752055625405,0.4796386709987319,False
30,9,Melora Hardin,Artem Chigvintsev,Eliminated Week 9,9.0,36.0,0.0352825068655829,5,6,11,True,True,0.1592920353982301,0.0,0.1592920353982301,True
30,9,Suni Lee,Sasha Farber,Eliminated Week 9,9.0,37.5,0.088405577936977,3,5,8,False,True,0.16592920353982302,0.17744497392788974,0.34337417746771276,False
31,1,Charli D'Amelio,Mark Ballas,1st Place,,32.0,0.9410059254487354,1,1,2,False,False,0.08376963350785341,0.08864993157138994,0.17241956507924333,False
31,1,Cheryl Ladd,Louis van Amstel,Eliminated Week 3,3.0,21.0,0.81610332987434,10,10,20,False,False,0.0549738219895288,0.06021887417966387,0.11519269616919267,False
31,1,Daniel Durant,Britt Stewart,Eliminated Week 9,9.0,27.0,0.8666731442929397,6,7,13,False,False,0.07068062827225131,0.06804884673029202,0.13872947500254335,False
31,1,Gabby Windey,Valentin Chmerkovskiy,2nd Place,,28.0,0.917389637757266,3,3,6,False,False,0.07329842931937172,0.0826925702045859,0.15599099952395762,False
31,1,Heidi D'Amelio,Artem Chigvintsev,Eliminated Week 8,8.0,24.0,0.856328054401164,8,8,16,False,False,0.06282722513089005,0.0655290026069352,0.12835622773782523,False
31,1,Jason Lewis,Peta Murgatroyd,Eliminated Week 1,1.0,18.0,0.0488811295805926,15,16,31,True,True,0.04712041884816754,0.026753415345084106,0.07387383419325165,False
31,1,Jessie James Decker,Alan Bersten,Eliminated Week 6,6.0,20.0,0.8002506381232173,12,11,23,False,False,0.05235602094240838,0.05729665399531283,0.10965267493772121,False
31,1,Jordin Sparks,Brandon Armstrong,Eliminated Week 7,7.0,26.0,0.8716142353393475,7,5,12,False,False,0.06806282722513089,0.06759566552045122,0.13565849274558212,False
31,1,Joseph Baena,Daniella Karagach,Eliminated Week 5,5.0,23.0,0.8679864109360917,9,6,15,False,False,0.060209424083769635,0.07001904265645471,0.13022846674022434,False
31,1,Sam Champion,Cheryl Burke,Eliminated Week 4,4.0,20.0,0.455517514126558,12,13,25,False,False,0.05235602094240838,0.06087081067637481,0.11322683161878319,False
31,1,Selma Blair,Sasha Farber,Withdrew,5.0,28.0,0.9139395002723684,3,4,7,False,False,0.07329842931937172,0.07811672186824695,0.15141515118761867,False
31,1,Shangela,Gleb Savchenko,4th Place,,28.0,0.8290152232483532,3,9,12,False,False,0.07329842931937172,0.07613786577564534,0.14943629509501705,False
31,1,Teresa Giudice,Pasha Pashkov,Eliminated Week 2,2.0,20.0,0.4509809871570528,12,14,26,False,False,0.05235602094240838,0.054294831391001795,0.10665085233341018,False
31,1,Trevor Donovan,Emma Slater,Eliminated Week 9,9.0,21.0,0.7749441961171504,10,12,22,False,False,0.0549738219895288,0.06148039102427658,0.11645421301380537,False
31,1,Vinny Guadagnino,Koko Iwasaki,Eliminated Week 8,8.0,17.0,0.3857584386044537,16,15,31,False,False,0.04450261780104712,0.0,0.04450261780104712,True
31,1,Wayne Brady,Witney Carson,3rd Place,,29.0,0.930552187118412,2,2,4,False,False,0.07591623036649214,0.08229537645428477,0.1582116068207769,False
31,2,Charli D'Amelio,Mark Ballas,1st Place,,32.0,0.9356756456690868,1,3,4,False,False,0.07766990291262135,0.11569755663325682,0.19336745954587817,False
31,2,Cheryl Ladd,Louis van Amstel,Eliminated Week 3,3.0,21.0,0.2036993031655517,15,14,29,False,False,0.050970873786407765,0.0,0.050970873786407765,True
31,2,Daniel Durant,Britt Stewart,Eliminated Week 9,9.0,29.0,0.8761705984249337,5,7,12,False,False,0.0703883495145631,0.07637179289827978,0.14676014241284288,False
31,2,Gabby Windey,Valentin Chmerkovskiy,2nd Place,,32.0,0.9440497564069944,1,1,2,False,False,0.07766990291262135,0.11337677592572774,0.19104667883834908,False
31,2,Heidi D'Amelio,Artem Chigvintsev,Eliminated Week 8,8.0,28.0,0.8792142603405955,6,6,12,False,False,0.06796116504854369,0.07636452170774798,0.14432568675629165,False
31,2,Jessie James Decker,Alan Bersten,Eliminated Week 6,6.0,25.0,0.7190102402104456,12,11,23,False,False,0.06067961165048544,0.028650337478723725,0.08932994912920916,False
31,2,Jordin Sparks,Brandon Armstrong,Eliminated Week 7,7.0,27.0,0.8344423772041182,9,8,17,False,False,0.06553398058252427,0.05785165333461534,0.12338563391713961,False
31,2,Joseph Baena,Daniella Karagach,Eliminated Week 5,5.0,24.0,0.6264833257032536,13,13,26,False,False,0.05825242718446602,0.0595685721319658,0.11782099931643182,False
31,2,Sam Champion,Cheryl Burke,Eliminated Week 4,4.0,26.0,0.7307943931371056,11,10,21,False,False,0.06310679611650485,0.05726905120065376,0.12037584731715861,False
31,2,Selma Blair,Sasha Farber,Withdrew,5.0,28.0,0.8804026676621853,6,5,11,False,False,0.06796116504854369,0.07871542900092932,0.146676594049473,False
31,2,Shangela,Gleb Savchenko,4th Place,,28.0,0.8031735846236916,6,9,15,False,False,0.06796116504854369,0.0738080329094775,0.14176919795802118,False
31,2,Teresa Giudice,Pasha Pashkov,Eliminated Week 2,2.0,23.0,0.0406017883183595,14,15,29,True,True,0.055825242718446605,0.009448263729945073,0.06527350644839168,False
31,2,Trevor Donovan,Emma Slater,Eliminated Week 9,9.0,30.0,0.8962203627493414,4,4,8,False,False,0.07281553398058252,0.08717707347293302,0.15999260745351554,False
31,2,Vinny Guadagnino,Koko Iwasaki,Eliminated Week 8,8.0,27.0,0.6891383147748961,9,12,21,False,False,0.06553398058252427,0.057834675360094526,0.1233686559426188,False
31,2,Wayne Brady,Witney Carson,3rd Place,,32.0,0.9421215219215636,1,2,3,False,False,0.07766990291262135,0.10786626421564965,0.185536167128271,False
31,3,Charli D'Amelio,Mark Ballas,1st Place,,33.0,0.9318390664999702,1,3,4,False,False,0.08188585607940446,0.11090391788462908,0.19278977396403355,False
31,3,Cheryl Ladd,Louis van Amstel,Eliminated Week 3,3.0,24.0,0.0455452961083532,13,14,27,True,True,0.05955334987593052,0.0417146758391851,0.10126802571511562,False
31,3,Daniel Durant,Britt Stewart,Eliminated Week 9,9.0,31.0,0.8602711196460782,5,6,11,False,False,0.07692307692307693,0.0717716699195103,0.1486947468425872,False
31,3,Gabby Windey,Valentin Chmerkovskiy,2nd Place,,33.0,0.936006236358911,1,1,2,False,False,0.08188585607940446,0.1084561467917191,0.19034200287112357,False
31,3,Heidi D'Amelio,Artem Chigvintsev,Eliminated Week 8,8.0,32.0,0.8894171488887189,4,5,9,False,False,0.0794044665012407,0.08632076001420642,0.16572522651544713,False
31,3,Jessie James Decker,Alan Bersten,Eliminated Week 6,6.0,26.0,0.7870911954590856,11,10,21,False,False,0.06451612903225806,0.060610060016008764,0.12512618904826683,False
31,3,Jordin Sparks,Brandon Armstrong,Eliminated Week 7,7.0,29.0,0.8445741641049338,7,7,14,False,False,0.07196029776674938,0.07126333156956792,0.1432236293363173,False
31,3,Joseph Baena,Daniella Karagach,Eliminated Week 5,5.0,29.0,0.8988524912802827,7,4,11,False,False,0.07196029776674938,0.08422071489321535,0.15618101265996473,False
31,3,Sam Champion,Cheryl Burke,Eliminated Week 4,4.0,25.0,0.2271933953487481,12,12,24,False,False,0.062034739454094295,0.06090222368384289,0.12293696313793719,False
31,3,Selma Blair,Sasha Farber,Withdrew,5.0,28.0,0.8427686199197327,9,8,17,False,False,0.06947890818858561,0.06774397295914601,0.13722288114773162,False
31,3,Shangela,Gleb Savchenko,4th Place,,30.0,0.8278795990944494,6,9,15,False,False,0.07444168734491315,0.06777262737500618,0.14221431471991933,False
31,3,Trevor Donovan,Emma Slater,Eliminated Week 9,9.0,27.0,0.7162459503640963,10,11,21,False,False,0.06699751861042183,0.06384261041888359,0.13084012902930542,False
31,3,Vinny Guadagnino,Koko Iwasaki,Eliminated Week 8,8.0,23.0,0.1058988867093675,14,13,27,False,False,0.05707196029776675,0.0,0.05707196029776675,True
31,3,Wayne Brady,Witney Carson,3rd Place,,33.0,0.9350810296485724,1,2,3,False,False,0.08188585607940446,0.10447728863507923,0.18636314471448368,False
31,4,Charli D'Amelio,Mark Ballas,1st Place,,36.0,0.933541986024198,1,3,4,False,False,0.08780487804878048,0.17737012977103664,0.2651750078198171,False
31,4,Daniel Durant,Britt Stewart,Eliminated Week 9,9.0,29.0,0.4382915763729968,9,12,21,False,False,0.07073170731707316,0.03238520699508819,0.10311691431216136,False
31,4,Gabby Windey,Valentin Chmerkovskiy,2nd Place,,36.0,0.9359023585949282,1,1,2,False,False,0.08780487804878048,0.17043825881235788,0.25824313686113837,False
31,4,Heidi D'Amelio,Artem Chigvintsev,Eliminated Week 8,8.0,34.0,0.8748815663663211,4,4,8,False,False,0.08292682926829269,0.10361165784792481,0.1865384871162175,False
31,4,Jessie James Decker,Alan Bersten,Eliminated Week 6,6.0,31.0,0.8323965383407688,8,7,15,False,False,0.07560975609756097,0.06279560810135278,0.13840536419891375,False
31,4,Jordin Sparks,Brandon Armstrong,Eliminated Week 7,7.0,34.0,0.8682698739887162,4,5,9,False,False,0.08292682926829269,0.10357598999282368,0.18650281926111636,False
31,4,Joseph Baena,Daniella Karagach,Eliminated Week 5,5.0,28.0,0.5415076075446006,11,11,22,False,False,0.06829268292682927,0.05323625249125965,0.12152893541808893,False
31,4,Sam Champion,Cheryl Burke,Eliminated Week 4,4.0,25.0,0.0239437213309873,13,13,26,True,True,0.06097560975609756,0.013435845406347487,0.07441145516244504,False
31,4,Selma Blair,Sasha Farber,Withdrew,5.0,32.0,0.865108981150795,6,6,12,False,False,0.07804878048780488,0.08364522217330134,0.16169400266110623,False
31,4,Shangela,Gleb Savchenko,4th Place,,32.0,0.641570545635731,6,9,15,False,False,0.07804878048780488,0.02952751781881401,0.10757629830661888,False
31,4,Trevor Donovan,Emma Slater,Eliminated Week 9,9.0,28.0,0.776921551108902,11,8,19,False,False,0.06829268292682927,0.0,0.06829268292682927,True
31,4,Vinny Guadagnino,Koko Iwasaki,Eliminated Week 8,8.0,29.0,0.5997465249161511,9,10,19,False,False,0.07073170731707316,0.011300929874123403,0.08203263719119656,False
31,4,Wayne Brady,Witney Carson,3rd Place,,36.0,0.9348638806610854,1,2,3,False,False,0.08780487804878048,0.15867738071557008,0.24648225876435056,False
31,5,Charli D'Amelio,Mark Ballas,1st Place,,42.0,0.9291472022876412,1,1,2,False,False,0.09364548494983277,0.1699472922445148,0.2635927771943476,False
31,5,Daniel Durant,Britt Stewart,Eliminated Week 9,9.0,33.5,0.4052686396179623,11,9,20,False,False,0.07469342251950947,0.041672366682198675,0.11636578920170815,False
31,5,Gabby Windey,Valentin Chmerkovskiy,2nd Place,,41.0,0.9142694255650148,2,3,5,False,False,0.09141583054626533,0.15443718653700142,0.24585301708326673,False
31,5,Heidi D'Amelio,Artem Chigvintsev,Eliminated Week 8,8.0,39.0,0.7686143495208513,5,6,11,False,False,0.08695652173913043,0.09618787562603826,0.1831443973651687,False
31,5,Jessie James Decker,Alan Bersten,Eliminated Week 6,6.0,36.0,0.8352801654671369,7,4,11,False,False,0.0802675585284281,0.09150670424002141,0.1717742627684495,False
31,5,Jordin Sparks,Brandon Armstrong,Eliminated Week 7,7.0,35.5,0.6446378770069875,9,8,17,False,False,0.07915273132664437,0.03959328130545177,0.11874601263209614,False
31,5,Joseph Baena,Daniella Karagach,Eliminated Week 5,5.0,35.0,0.0995999655721573,10,12,22,True,True,0.07803790412486064,0.0676826551498933,0.14572055927475394,False
31,5,Selma Blair,Sasha Farber,Withdrew,5.0,40.0,0.1348744853286647,4,11,15,False,True,0.08918617614269789,0.11717426895890057,0.20636044510159846,False
31,5,Shangela,Gleb Savchenko,4th Place,,38.5,0.6965670383535979,6,7,13,False,False,0.0858416945373467,0.0,0.0858416945373467,True
31,5,Trevor Donovan,Emma Slater,Eliminated Week 9,9.0,36.0,0.8093949745703216,7,5,12,False,False,0.0802675585284281,0.05738816822239647,0.13765572675082458,False
31,5,Vinny Guadagnino,Koko Iwasaki,Eliminated Week 8,8.0,31.0,0.1463002284020361,12,10,22,True,False,0.06911928651059086,0.019337782088349863,0.08845706859894073,True
31,5,Wayne Brady,Witney Carson,3rd Place,,41.0,0.914584165538384,2,2,4,False,False,0.09141583054626533,0.1450724189452334,0.23648824949149871,False
31,6,Charli D'Amelio,Mark Ballas,1st Place,,40.0,0.9069237405143576,1,1,2,False,False,0.11594202898550725,0.14447492145864713,0.26041695044415436,False
31,6,Daniel Durant,Britt Stewart,Eliminated Week 9,9.0,34.0,0.7858956823334444,5,4,9,False,False,0.09855072463768116,0.09761744760222106,0.19616817223990224,False
31,6,Gabby Windey,Valentin Chmerkovskiy,2nd Place,,37.0,0.8999601172679284,2,2,4,False,False,0.1072463768115942,0.1350668870777897,0.2423132638893839,False
31,6,Heidi D'Amelio,Artem Chigvintsev,Eliminated Week 8,8.0,36.0,0.6303360860890976,3,8,11,False,False,0.10434782608695652,0.11858223351297695,0.22293005959993345,False
31,6,Jessie James Decker,Alan Bersten,Eliminated Week 6,6.0,32.0,0.0501473582049406,9,10,19,True,True,0.0927536231884058,0.07705780853522808,0.1698114317236339,False
31,6,Jordin Sparks,Brandon Armstrong,Eliminated Week 7,7.0,34.0,0.7769759014487138,5,5,10,False,False,0.09855072463768116,0.09820584871463334,0.1967565733523145,False
31,6,Shangela,Gleb Savchenko,4th Place,,36.0,0.6773060399968245,3,7,10,False,False,0.10434782608695652,0.1166395485828342,0.2209873746697907,False
31,6,Trevor Donovan,Emma Slater,Eliminated Week 9,9.0,34.0,0.7416692833637171,5,6,11,False,False,0.09855072463768116,0.10063318764486083,0.199183912282542,False
31,6,Vinny Guadagnino,Koko Iwasaki,Eliminated Week 8,8.0,28.0,0.0717513642918955,10,9,19,False,False,0.08115942028985507,0.0,0.08115942028985507,True
31,6,Wayne Brady,Witney Carson,3rd Place,,34.0,0.8366130496465487,5,3,8,False,False,0.09855072463768116,0.11172211687080882,0.21027284150849,False
31,7,Charli D'Amelio,Mark Ballas,1st Place,,39.0,0.9179427093795962,1,1,2,False,False,0.11981566820276497,0.20978453579633907,0.32960020399910406,False
31,7,Daniel Durant,Britt Stewart,Eliminated Week 9,9.0,36.5,0.7897362467601872,4,4,8,False,False,0.11213517665130568,0.12631912109356813,0.2384542977448738,False
31,7,Gabby Windey,Valentin Chmerkovskiy,2nd Place,,35.5,0.6011884536403826,6,7,13,False,False,0.10906298003072197,0.12301477134731846,0.23207775137804043,False
31,7,Heidi D'Amelio,Artem Chigvintsev,Eliminated Week 8,8.0,35.0,0.6037407797758441,7,6,13,False,False,0.10752688172043011,0.0,0.10752688172043011,True
31,7,Jordin Sparks,Brandon Armstrong,Eliminated Week 7,7.0,34.5,0.0478130884313225,8,9,17,True,True,0.10599078341013825,0.015313612623673421,0.12130439603381167,False
31,7,Shangela,Gleb Savchenko,4th Place,,36.5,0.643190175915599,4,5,9,False,False,0.11213517665130568,0.13713618301196073,0.2492713596632664,False
31,7,Trevor Donovan,Emma Slater,Eliminated Week 9,9.0,39.0,0.8877903846454789,1,2,3,False,False,0.11981566820276497,0.17127932423400405,0.291094992436769,False
31,7,Vinny Guadagnino,Koko Iwasaki,Eliminated Week 8,8.0,31.5,0.3756785294453779,9,8,17,False,False,0.0967741935483871,0.04833764823629917,0.14511184178468628,False
31,7,Wayne Brady,Witney Carson,3rd Place,,38.0,0.8800776226990821,3,3,6,False,False,0.11674347158218126,0.168814803656837,0.2855582752390182,False
31,8,Charli D'Amelio,Mark Ballas,1st Place,,45.0,0.9102384007268056,1,1,2,False,False,0.14331210191082802,0.285832107372622,0.42914420928345,False
31,8,Daniel Durant,Britt Stewart,Eliminated Week 9,9.0,39.0,0.6816034529122245,5,5,10,False,False,0.12420382165605096,0.0020857404318824734,0.12628956208793343,False
31,8,Gabby Windey,Valentin Chmerkovskiy,2nd Place,,40.0,0.8109015599914072,4,4,8,False,False,0.12738853503184713,0.17018732531467848,0.2975758603465256,False
31,8,Heidi D'Amelio,Artem Chigvintsev,Eliminated Week 8,8.0,35.0,0.0320670374658562,7,7,14,True,True,0.11146496815286625,0.006544805052634507,0.11800977320550075,True
31,8,Shangela,Gleb Savchenko,4th Place,,42.0,0.8599359073959598,3,3,6,False,False,0.1337579617834395,0.21195399851359628,0.34571196029703577,False
31,8,Trevor Donovan,Emma Slater,Eliminated Week 9,9.0,39.0,0.5033188470731722,5,6,11,False,False,0.12420382165605096,0.05697026583990051,0.18117408749595146,False
31,8,Vinny Guadagnino,Koko Iwasaki,Eliminated Week 8,8.0,29.0,0.0151649983145079,8,8,16,True,True,0.09235668789808917,0.0,0.09235668789808917,True
31,8,Wayne Brady,Witney Carson,3rd Place,,45.0,0.8870091347095548,1,2,3,False,False,0.14331210191082802,0.2664257574746858,0.40973785938551377,False
31,9,Charli D'Amelio,Mark Ballas,1st Place,,40.0,0.8930695315086628,1,2,3,False,False,0.18181818181818182,0.2605727439410648,0.4423909257592466,False
31,9,Daniel Durant,Britt Stewart,Eliminated Week 9,9.0,34.5,0.031813359928286,5,5,10,True,True,0.15681818181818183,0.14434463870445027,0.3011628205226321,True
31,9,Gabby Windey,Valentin Chmerkovskiy,2nd Place,,40.0,0.9076598141750458,1,1,2,False,False,0.18181818181818182,0.24935551436671458,0.4311736961848964,False
31,9,Shangela,Gleb Savchenko,4th Place,,36.5,0.3914586768488903,3,4,7,False,False,0.16590909090909092,0.1538119940870236,0.3197210849961145,False
31,9,Trevor Donovan,Emma Slater,Eliminated Week 9,9.0,32.5,0.0100777668514381,6,6,12,True,True,0.14772727272727273,0.0,0.14772727272727273,True
31,9,Wayne Brady,Witney Carson,3rd Place,,36.5,0.7127049391564282,3,3,6,False,False,0.16590909090909092,0.19191510890074684,0.35782419980983776,False
32,1,Adrian Peterson,Britt Stewart,Eliminated Week 4,4.0,18.0,0.8524498492431277,5,8,13,False,False,0.07792207792207792,0.08186238739541718,0.1597844653174951,False
32,1,Alyson Hannigan,Sasha Farber,5th Place,,13.0,0.7365613661923714,11,10,21,False,False,0.05627705627705628,0.012199311819983443,0.06847636809703972,False
32,1,Ariana Madix,Pasha Pashkov,3rd Place,,21.0,0.9038466158163718,2,4,6,False,False,0.09090909090909091,0.11241373258202053,0.20332282349111144,False
32,1,Barry Williams,Peta Murgatroyd,Eliminated Week 8,8.0,16.0,0.8535003546380207,8,7,15,False,False,0.06926406926406926,0.06564681406745741,0.13491088333152668,False
32,1,Charity Lawson,Artem Chigvintsev,4th Place,,22.0,0.9296530231764444,1,2,3,False,False,0.09523809523809523,0.13231325345643694,0.22755134869453217,False
32,1,Harry Jowsey,Rylee Arnold,Eliminated Week 9,9.0,12.0,0.6459178815695652,12,12,24,False,False,0.05194805194805195,0.026885022950323415,0.07883307489837536,False
32,1,Jamie Lynn Spears,Alan Bersten,Eliminated Week 2,2.0,15.0,0.4996425527919059,9,13,22,False,False,0.06493506493506493,0.0650343797977636,0.1299694447328285,False
32,1,Jason Mraz,Daniella Karagach,2nd Place,,21.0,0.9548923853888092,2,1,3,False,False,0.09090909090909091,0.13448678649314177,0.22539587740223269,False
32,1,Lele Pons,Brandon Armstrong,Eliminated Week 7,7.0,19.0,0.902428311494757,4,5,9,False,False,0.08225108225108226,0.10028151760021374,0.182532599851296,False
32,1,Matt Walsh,Koko Iwasaki,Eliminated Week 1,1.0,12.0,0.0690652737428446,12,14,26,True,True,0.05194805194805195,0.0,0.05194805194805195,True
32,1,Mauricio Umansky,Emma Slater,Eliminated Week 6,6.0,15.0,0.8408837637836034,9,9,18,False,False,0.06493506493506493,0.05802245014486289,0.12295751507992782,False
32,1,Mira Sorvino,Gleb Savchenko,Eliminated Week 5,5.0,17.0,0.8564239772911585,7,6,13,False,False,0.0735930735930736,0.06964366983522244,0.14323674342829604,False
32,1,Tyson Beckford,Jenna Johnson,Eliminated Week 3,3.0,12.0,0.7208253701238545,12,11,23,False,False,0.05194805194805195,0.025332415918505893,0.07728046786655784,False
32,1,Xochitl Gomez,Valentin Chmerkovskiy,1st Place,,18.0,0.9048150145262908,5,3,8,False,False,0.07792207792207792,0.1158782579386507,0.19380033586072862,False
32,2,Adrian Peterson,Britt Stewart,Eliminated Week 4,4.0,15.0,0.648487530777237,10,10,20,False,False,0.06302521008403361,0.0,0.06302521008403361,False
32,2,Alyson Hannigan,Sasha Farber,5th Place,,19.0,0.881257862792516,6,5,11,False,False,0.07983193277310924,0.08933885883816275,0.169170791611272,False
32,2,Ariana Madix,Pasha Pashkov,3rd Place,,20.0,0.813364033490953,5,8,13,False,False,0.08403361344537816,0.0849423399915212,0.16897595343689936,False
32,2,Barry Williams,Peta Murgatroyd,Eliminated Week 8,8.0,15.0,0.7203285146134109,10,9,19,False,False,0.06302521008403361,0.03711945859748354,0.10014466868151715,False
32,2,Charity Lawson,Artem Chigvintsev,4th Place,,21.0,0.9107993131872842,3,4,7,False,False,0.08823529411764706,0.12220531589174641,0.21044061000939346,False
32,2,Harry Jowsey,Rylee Arnold,Eliminated Week 9,9.0,15.0,0.8225305080845382,10,7,17,False,False,0.06302521008403361,0.0234469501332029,0.08647216021723651,False
32,2,Jamie Lynn Spears,Alan Bersten,Eliminated Week 2,2.0,16.0,0.1060263494079106,9,13,22,False,True,0.06722689075630252,0.05613926439496671,0.12336615515126922,False
32,2,Jason Mraz,Daniella Karagach,2nd Place,,24.0,0.9678255898519196,1,1,2,False,False,0.10084033613445378,0.1595482095470625,0.26038854568151626,False
32,2,Lele Pons,Brandon Armstrong,Eliminated Week 7,7.0,21.0,0.9114210689648328,3,3,6,False,False,0.08823529411764706,0.11752282845005342,0.20575812256770049,False
32,2,Mauricio Umansky,Emma Slater,Eliminated Week 6,6.0,12.0,0.4670339153051052,13,12,25,True,False,0.05042016806722689,0.00785989907949644,0.05828006714672333,True
32,2,Mira Sorvino,Gleb Savchenko,Eliminated Week 5,5.0,18.0,0.636617100463386,7,11,18,False,False,0.07563025210084033,0.06464041381143096,0.14027066591227128,False
32,2,Tyson Beckford,Jenna Johnson,Eliminated Week 3,3.0,18.0,0.8305416431436263,7,6,13,False,False,0.07563025210084033,0.06801613586308573,0.14364638796392606,False
32,2,Xochitl Gomez,Valentin Chmerkovskiy,1st Place,,24.0,0.9557017455150768,1,2,3,False,False,0.10084033613445378,0.16922032540178755,0.2700606615362413,False
32,3,Adrian Peterson,Britt Stewart,Eliminated Week 4,4.0,22.0,0.3297519822613459,11,11,22,False,False,0.06811145510835913,0.021727596087285167,0.0898390511956443,False
32,3,Alyson Hannigan,Sasha Farber,5th Place,,24.0,0.6352692031217542,8,8,16,False,False,0.07430340557275542,0.0840493136393513,0.1583527192121067,False
32,3,Ariana Madix,Pasha Pashkov,3rd Place,,34.0,0.9433035873807362,1,2,3,False,False,0.10526315789473684,0.127854145253629,0.23311730314836585,False
32,3,Barry Williams,Peta Murgatroyd,Eliminated Week 8,8.0,25.0,0.7058295401327026,7,7,14,False,False,0.07739938080495357,0.07255368521333468,0.14995306601828823,False
32,3,Charity Lawson,Artem Chigvintsev,4th Place,,32.0,0.9181674412602624,3,4,7,False,False,0.09907120743034056,0.12080096765217052,0.21987217508251108,False
32,3,Harry Jowsey,Rylee Arnold,Eliminated Week 9,9.0,24.0,0.8525225127609967,8,6,14,False,False,0.07430340557275542,0.08592622268409592,0.16022962825685133,False
32,3,Jason Mraz,Daniella Karagach,2nd Place,,34.0,0.9708072319288996,1,1,2,False,False,0.10526315789473684,0.14013231465548798,0.2453954725502248,False
32,3,Lele Pons,Brandon Armstrong,Eliminated Week 7,7.0,27.0,0.8842532600907497,5,5,10,False,False,0.08359133126934984,0.10614817210153427,0.1897395033708841,False
32,3,Mauricio Umansky,Emma Slater,Eliminated Week 6,6.0,23.0,0.5401617365876223,10,10,20,False,False,0.07120743034055728,0.037655505788297065,0.10886293612885434,False
32,3,Mira Sorvino,Gleb Savchenko,Eliminated Week 5,5.0,26.0,0.6334619275402542,6,9,15,False,False,0.0804953560371517,0.07276225103087905,0.15325760706803077,False
32,3,Tyson Beckford,Jenna Johnson,Eliminated Week 3,3.0,20.0,0.058266040041108,12,12,24,True,True,0.06191950464396285,0.0,0.06191950464396285,True
32,3,Xochitl Gomez,Valentin Chmerkovskiy,1st Place,,32.0,0.9205588873317004,3,3,6,False,False,0.09907120743034056,0.13038982589393502,0.2294610333242756,False
32,4,Adrian Peterson,Britt Stewart,Eliminated Week 4,4.0,21.0,0.0924762284788641,6,11,17,False,True,0.0875,0.05450698535117834,0.14200698535117834,False
32,4,Alyson Hannigan,Sasha Farber,5th Place,,18.0,0.6529997857927547,10,9,19,False,False,0.075,0.0,0.075,True
32,4,Ariana Madix,Pasha Pashkov,3rd Place,,25.0,0.8686754285775482,2,4,6,False,False,0.10416666666666667,0.13144164746292242,0.2356083141295891,False
32,4,Barry Williams,Peta Murgatroyd,Eliminated Week 8,8.0,18.0,0.4123995458207083,10,10,20,True,False,0.075,0.004065781516243663,0.07906578151624366,False
32,4,Charity Lawson,Artem Chigvintsev,4th Place,,24.0,0.8886961443728969,3,3,6,False,False,0.1,0.1311694618597403,0.2311694618597403,False
32,4,Harry Jowsey,Rylee Arnold,Eliminated Week 9,9.0,21.0,0.8456739540830338,6,6,12,False,False,0.0875,0.09992970468811517,0.18742970468811515,False
32,4,Jason Mraz,Daniella Karagach,2nd Place,,24.0,0.9073464819952854,3,2,5,False,False,0.1,0.1382455572986495,0.23824555729864952,False
32,4,Lele Pons,Brandon Armstrong,Eliminated Week 7,7.0,22.0,0.8628700194609618,5,5,10,False,False,0.09166666666666666,0.10842825959771839,0.20009492626438505,False
32,4,Mauricio Umansky,Emma Slater,Eliminated Week 6,6.0,19.0,0.7075250230268404,9,7,16,False,False,0.07916666666666666,0.07968446071256566,0.15885112737923232,False
32,4,Mira Sorvino,Gleb Savchenko,Eliminated Week 5,5.0,21.0,0.6818898443806771,6,8,14,False,False,0.0875,0.09713645508580608,0.18463645508580606,False
32,4,Xochitl Gomez,Valentin Chmerkovskiy,1st Place,,27.0,0.9238636542932064,1,1,2,False,False,0.1125,0.15539168642706042,0.2678916864270604,False
32,5,Alyson Hannigan,Sasha Farber,5th Place,,21.0,0.2775131577258545,9,9,18,False,False,0.0875,0.004746644030980827,0.09224664403098082,False
32,5,Ariana Madix,Pasha Pashkov,3rd Place,,24.0,0.8312158632515921,4,3,7,False,False,0.1,0.11416627013464094,0.21416627013464096,False
32,5,Barry Williams,Peta Murgatroyd,Eliminated Week 8,8.0,24.0,0.8089764324052683,4,5,9,False,False,0.1,0.11344140031223589,0.2134414003122359,False
32,5,Charity Lawson,Artem Chigvintsev,4th Place,,28.0,0.8456751964429194,1,2,3,False,False,0.11666666666666667,0.15600360155541884,0.2726702682220855,False
32,5,Harry Jowsey,Rylee Arnold,Eliminated Week 9,9.0,18.0,0.3985582562262801,10,8,18,False,False,0.075,0.0,0.075,True
32,5,Jason Mraz,Daniella Karagach,2nd Place,,27.0,0.9276915209064424,3,1,4,False,False,0.1125,0.1510576418545214,0.2635576418545214,False
32,5,Lele Pons,Brandon Armstrong,Eliminated Week 7,7.0,24.0,0.8097754650814236,4,4,8,False,False,0.1,0.09370538875060912,0.1937053887506091,False
32,5,Mauricio Umansky,Emma Slater,Eliminated Week 6,6.0,24.0,0.726494891022956,4,6,10,False,False,0.1,0.0963636882005408,0.1963636882005408,False
32,5,Mira Sorvino,Gleb Savchenko,Eliminated Week 5,5.0,22.0,0.0530744846940489,8,10,18,True,True,0.09166666666666666,0.09884602150660446,0.1905126881732711,False
32,5,Xochitl Gomez,Valentin Chmerkovskiy,1st Place,,28.0,0.7172592737358843,1,7,8,False,False,0.11666666666666667,0.1716693436544478,0.28833601032111444,False
32,6,Alyson Hannigan,Sasha Farber,5th Place,,31.0,0.4983449343406542,8,7,15,False,False,0.09627329192546584,0.03386161941104717,0.130134911336513,False
32,6,Ariana Madix,Pasha Pashkov,3rd Place,,41.0,0.906405341144884,2,3,5,False,False,0.12732919254658384,0.18811477938716414,0.31544397193374796,False
32,6,Barry Williams,Peta Murgatroyd,Eliminated Week 8,8.0,32.0,0.2190316363951659,7,8,15,False,False,0.09937888198757763,0.0,0.09937888198757763,True
32,6,Charity Lawson,Artem Chigvintsev,4th Place,,38.0,0.8771046899692433,4,4,8,False,False,0.11801242236024845,0.14712563325246572,0.2651380556127142,False
32,6,Harry Jowsey,Rylee Arnold,Eliminated Week 9,9.0,29.0,0.7673282297609563,9,6,15,False,False,0.09006211180124224,0.02600074015490021,0.11606285195614245,False
32,6,Jason Mraz,Daniella Karagach,2nd Place,,39.0,0.9315607398498852,3,2,5,False,False,0.12111801242236025,0.20678762945588242,0.32790564187824267,False
32,6,Lele Pons,Brandon Armstrong,Eliminated Week 7,7.0,37.0,0.8716992633511326,5,5,10,False,False,0.11490683229813664,0.10285889281867318,0.2177657251168098,False
32,6,Mauricio Umansky,Emma Slater,Eliminated Week 6,6.0,33.0,0.0796466517806182,6,9,15,True,True,0.10248447204968944,0.01090551977062677,0.11338999182031621,False
32,6,Xochitl Gomez,Valentin Chmerkovskiy,1st Place,,42.0,0.9460336805202396,1,1,2,False,False,0.13043478260869565,0.2843451857492405,0.4147799683579362,False
32,7,Alyson Hannigan,Sasha Farber,5th Place,,35.0,0.8187546853424937,6,4,10,False,False,0.12411347517730496,0.022951454494303244,0.1470649296716082,False
32,7,Ariana Madix,Pasha Pashkov,3rd Place,,37.0,0.8827698801774753,1,2,3,False,False,0.13120567375886524,0.21804264650997082,0.34924832026883607,False
32,7,Barry Williams,Peta Murgatroyd,Eliminated Week 8,8.0,32.5,0.4972200090566812,7,7,14,True,False,0.11524822695035461,0.0,0.11524822695035461,False
32,7,Charity Lawson,Artem Chigvintsev,4th Place,,36.0,0.6383064514674419,4,5,9,False,False,0.1276595744680851,0.1789191333539916,0.3065787078220767,False
32,7,Harry Jowsey,Rylee Arnold,Eliminated Week 9,9.0,32.0,0.5628657610924964,8,6,14,False,False,0.11347517730496454,0.0014251819063354982,0.11490035921130004,True
32,7,Jason Mraz,Daniella Karagach,2nd Place,,36.0,0.8817468209059272,4,3,7,False,False,0.1276595744680851,0.20153250548044968,0.3291920799485348,False
32,7,Lele Pons,Brandon Armstrong,Eliminated Week 7,7.0,36.5,0.1126769711404771,3,8,11,False,True,0.12943262411347517,0.1165338628713742,0.24596648698484935,False
32,7,Xochitl Gomez,Valentin Chmerkovskiy,1st Place,,37.0,0.9115030576061413,1,1,2,False,False,0.13120567375886524,0.26059521538357494,0.39180088914244016,False
32,8,Alyson Hannigan,Sasha Farber,5th Place,,36.0,0.8377769749057689,4,3,7,False,False,0.1422924901185771,0.15940388372229192,0.301696373840869,False
32,8,Ariana Madix,Pasha Pashkov,3rd Place,,42.0,0.912793538397163,1,1,2,False,False,0.16600790513833993,0.2424783159847314,0.4084862211230713,False
32,8,Barry Williams,Peta Murgatroyd,Eliminated Week 8,8.0,35.0,0.0665110682342113,5,7,12,False,True,0.1383399209486166,0.0,0.1383399209486166,True
32,8,Charity Lawson,Artem Chigvintsev,4th Place,,39.0,0.7888046489771224,3,4,7,False,False,0.1541501976284585,0.2085583442239453,0.3627085418524038,False
32,8,Harry Jowsey,Rylee Arnold,Eliminated Week 9,9.0,28.0,0.2434316133095037,7,6,13,True,False,0.11067193675889328,0.02876063729784606,0.13943257405673934,False
32,8,Jason Mraz,Daniella Karagach,2nd Place,,33.0,0.6657556262151332,6,5,11,False,False,0.13043478260869565,0.12069770456329378,0.25113248717198944,False
32,8,Xochitl Gomez,Valentin Chmerkovskiy,1st Place,,40.0,0.8648394543679995,2,2,4,False,False,0.15810276679841898,0.24010111420789165,0.39820388100631066,False
32,9,Alyson Hannigan,Sasha Farber,5th Place,,32.0,0.5648714912037597,5,5,10,False,False,0.14479638009049775,0.06537759240188724,0.210173972492385,False
32,9,Ariana Madix,Pasha Pashkov,3rd Place,,37.0,0.7417690521106202,4,4,8,False,False,0.167420814479638,0.13697235264061455,0.30439316712025255,False
32,9,Charity Lawson,Artem Chigvintsev,4th Place,,38.0,0.768376061554176,3,3,6,False,False,0.17194570135746606,0.19181291895359537,0.36375862031106143,False
32,9,Harry Jowsey,Rylee Arnold,Eliminated Week 9,9.0,30.0,0.046977766011463,6,6,12,True,True,0.13574660633484162,0.0,0.13574660633484162,True
32,9,Jason Mraz,Daniella Karagach,2nd Place,,43.0,0.9526423199918016,1,1,2,False,False,0.19457013574660634,0.32638640406614644,0.5209565398127528,False
32,9,Xochitl Gomez,Valentin Chmerkovskiy,1st Place,,41.0,0.8477862450192335,2,2,4,False,False,0.18552036199095023,0.2794507319377565,0.4649710939287067,False
33,2,Anna Delvey,Ezra Sosa,Eliminated Week 2,2.0,17.0,0.0496129036359175,11,13,24,True,True,0.06589147286821706,0.0266173705317239,0.09250884339994096,True
33,2,Brooks Nader,Gleb Savchenko,Eliminated Week 4,4.0,20.0,0.7822799420527432,8,8,16,False,False,0.07751937984496124,0.04753612926020954,0.12505550910517077,False
33,2,Chandler Kinney,Brandon Armstrong,3rd Place,,24.0,0.9250503512605174,1,3,4,False,False,0.09302325581395349,0.11901075039849511,0.2120340062124486,False
33,2,Danny Amendola,Witney Carson,5th Place,,21.0,0.8924516991443728,5,6,11,False,False,0.08139534883720931,0.10185289789377308,0.1832482467309824,False
33,2,Dwight Howard ,Daniella Karagach,Eliminated Week 7,7.0,22.0,0.9430561613016972,2,1,3,False,False,0.08527131782945736,0.12332283096678986,0.20859414879624721,False
33,2,Eric Roberts,Britt Stewart,Eliminated Week 3,3.0,15.0,0.1691929966505837,12,11,23,True,False,0.05813953488372093,0.041445142798915945,0.09958467768263687,False
33,2,Ilona Maher,Alan Bersten,2nd Place,,21.0,0.8947861075845718,5,5,10,False,False,0.08139534883720931,0.09983982876036096,0.18123517759757027,False
33,2,Jenn Tran,Sasha Farber,Eliminated Week 6,6.0,19.0,0.7694385782126333,9,9,18,False,False,0.07364341085271318,0.06759837542438504,0.1412417862770982,False
33,2,Joey Graziadei,Jenna Johnson,1st Place,,22.0,0.9326660885041098,2,2,4,False,False,0.08527131782945736,0.12055989544523862,0.205831213274696,False
33,2,Phaedra Parks,Val Chmerkovskiy,Eliminated Week 5,5.0,21.0,0.8618726990601031,5,7,12,False,False,0.08139534883720931,0.08740720671316801,0.16880255555037732,False
33,2,Reginald VelJohnson,Emma Slater,Eliminated Week 3,3.0,15.0,0.2856412641403236,12,10,22,False,False,0.05813953488372093,0.0,0.05813953488372093,True
33,2,Stephen Nedoroscik,Rylee Arnold,4th Place,,22.0,0.9205426204894596,2,4,6,False,False,0.08527131782945736,0.11314990550025393,0.1984212233297113,False
33,2,Tori Spelling,Pasha Pashkov,Eliminated Week 2,2.0,19.0,0.0706710287311561,9,12,21,False,True,0.07364341085271318,0.051659666306685816,0.125303077159399,False
33,3,Brooks Nader,Gleb Savchenko,Eliminated Week 4,4.0,30.5,0.8518785280187257,5,6,11,False,False,0.0959119496855346,0.07165288963408092,0.16756483931961552,False
33,3,Chandler Kinney,Brandon Armstrong,3rd Place,,34.5,0.9124267585247836,2,3,5,False,False,0.10849056603773585,0.13810756112015699,0.24659812715789284,False
33,3,Danny Amendola,Witney Carson,5th Place,,30.0,0.853900351679397,6,5,11,False,False,0.09433962264150944,0.10289218404584156,0.19723180668735102,False
33,3,Dwight Howard ,Daniella Karagach,Eliminated Week 7,7.0,26.0,0.8351038439500563,9,8,17,False,False,0.08176100628930817,0.08788646709342038,0.16964747338272856,False
33,3,Eric Roberts,Britt Stewart,Eliminated Week 3,3.0,23.0,0.0371298834699007,10,10,20,True,True,0.07232704402515723,0.0,0.07232704402515723,True
33,3,Ilona Maher,Alan Bersten,2nd Place,,28.0,0.8393301778407765,7,7,14,False,False,0.0880503144654088,0.09385088459145004,0.18190119905685884,False
33,3,Jenn Tran,Sasha Farber,Eliminated Week 6,6.0,31.0,0.9149357847872406,3,2,5,False,False,0.09748427672955975,0.13778656190800548,0.23527083863756523,False
33,3,Joey Graziadei,Jenna Johnson,1st Place,,35.0,0.9531772876745698,1,1,2,False,False,0.11006289308176101,0.16325617879943466,0.27331907188119564,False
33,3,Phaedra Parks,Val Chmerkovskiy,Eliminated Week 5,5.0,28.0,0.6691248635785589,7,9,16,False,False,0.0880503144654088,0.06636270485015396,0.15441301931556276,False
33,3,Reginald VelJohnson,Emma Slater,Eliminated Week 3,3.0,21.0,0.0213193524119212,11,11,22,True,True,0.0660377358490566,0.008489217993273443,0.07452695384233005,True
33,3,Stephen Nedoroscik,Rylee Arnold,4th Place,,31.0,0.908901191895174,3,4,7,False,False,0.09748427672955975,0.12971534996418252,0.22719962669374227,False
33,4,Brooks Nader,Gleb Savchenko,Eliminated Week 4,4.0,32.0,0.0989732546258933,4,9,13,False,True,0.10884353741496598,0.0,0.10884353741496598,False
33,4,Chandler Kinney,Brandon Armstrong,3rd Place,,32.0,0.6422919703318786,4,7,11,False,False,0.10884353741496598,0.033060207643710475,0.14190374505867645,False
33,4,Danny Amendola,Witney Carson,5th Place,,36.0,0.9290891440251892,1,2,3,False,False,0.12244897959183673,0.24347151318601684,0.36592049277785355,False
33,4,Dwight Howard ,Daniella Karagach,Eliminated Week 7,7.0,29.0,0.6768980755282561,9,6,15,True,False,0.09863945578231292,0.005643407532340858,0.10428286331465378,True
33,4,Ilona Maher,Alan Bersten,2nd Place,,32.0,0.8544029924445148,4,4,8,False,False,0.10884353741496598,0.1391012133329862,0.2479447507479522,False
33,4,Jenn Tran,Sasha Farber,Eliminated Week 6,6.0,32.0,0.8238265189395593,4,5,9,False,False,0.10884353741496598,0.09819439831558488,0.20703793573055085,False
33,4,Joey Graziadei,Jenna Johnson,1st Place,,36.0,0.93176363670861,1,1,2,False,False,0.12244897959183673,0.24476158653292887,0.3672105661247656,False
33,4,Phaedra Parks,Val Chmerkovskiy,Eliminated Week 5,5.0,32.0,0.8597469095171738,4,3,7,False,False,0.10884353741496598,0.09411758978396223,0.20296112719892823,False
33,4,Stephen Nedoroscik,Rylee Arnold,4th Place,,33.0,0.6239640222798194,3,8,11,False,False,0.11224489795918367,0.1416500836724697,0.25389498163165336,False
33,5,Chandler Kinney,Brandon Armstrong,3rd Place,,27.0,0.8243267983287483,1,4,5,False,False,0.13366336633663367,0.20270109472546594,0.3363644610620996,False
33,5,Danny Amendola,Witney Carson,5th Place,,25.5,0.8061277698532295,4,5,9,False,False,0.12623762376237624,0.16651934147471498,0.2927569652370912,False
33,5,Dwight Howard ,Daniella Karagach,Eliminated Week 7,7.0,24.0,0.7920079764914443,6,6,12,False,False,0.1188118811881188,0.0990982004804535,0.2179100816685723,False
33,5,Ilona Maher,Alan Bersten,2nd Place,,26.0,0.8831648258612758,2,1,3,False,False,0.12871287128712872,0.1728400328945862,0.3015529041817149,False
33,5,Jenn Tran,Sasha Farber,Eliminated Week 6,6.0,25.5,0.8530453237604363,4,3,7,False,False,0.12623762376237624,0.1518255504289859,0.2780631741913622,False
33,5,Joey Graziadei,Jenna Johnson,1st Place,,26.0,0.8789007306588359,2,2,4,False,False,0.12871287128712872,0.1986850942539566,0.32739796554108536,False
33,5,Phaedra Parks,Val Chmerkovskiy,Eliminated Week 5,5.0,24.0,0.0519162686157943,6,8,14,True,True,0.1188118811881188,0.008330685741836883,0.12714256692995568,False
33,5,Stephen Nedoroscik,Rylee Arnold,4th Place,,24.0,0.5176079255153101,6,7,13,False,False,0.1188118811881188,0.0,0.1188118811881188,True
33,6,Chandler Kinney,Brandon Armstrong,3rd Place,,32.0,0.8980190873704031,1,2,3,False,False,0.1553398058252427,0.21351443099016548,0.3688542368154082,False
33,6,Danny Amendola,Witney Carson,5th Place,,28.0,0.6465280165211726,5,5,10,False,False,0.13592233009708737,0.13402707903318806,0.26994940913027543,False
33,6,Dwight Howard ,Daniella Karagach,Eliminated Week 7,7.0,31.0,0.8974431343577989,3,3,6,False,False,0.15048543689320387,0.19893690399590974,0.3494223408891136,False
33,6,Ilona Maher,Alan Bersten,2nd Place,,24.0,0.5189095238966461,7,6,13,True,False,0.11650485436893204,0.0,0.11650485436893204,True
33,6,Jenn Tran,Sasha Farber,Eliminated Week 6,6.0,31.0,0.1200019663244204,3,7,10,False,True,0.15048543689320387,0.19265006356028047,0.34313550045348434,False
33,6,Joey Graziadei,Jenna Johnson,1st Place,,32.0,0.9356105888154844,1,1,2,False,False,0.1553398058252427,0.2403608036766058,0.3957006095018485,False
33,6,Stephen Nedoroscik,Rylee Arnold,4th Place,,28.0,0.7524259165161753,5,4,9,False,False,0.13592233009708737,0.020510718743850343,0.15643304884093773,False
33,7,Chandler Kinney,Brandon Armstrong,3rd Place,,30.0,0.9084152994408304,1,1,2,False,False,0.1875,0.27816705705141986,0.46566705705141986,False
33,7,Danny Amendola,Witney Carson,5th Place,,25.5,0.7828434049625583,5,5,10,False,False,0.159375,0.0,0.159375,True
33,7,Dwight Howard ,Daniella Karagach,Eliminated Week 7,7.0,24.0,0.0564180911041359,6,6,12,True,True,0.15,0.0841013546667708,0.2341013546667708,False
33,7,Ilona Maher,Alan Bersten,2nd Place,,26.0,0.8380434604390219,4,4,8,False,False,0.1625,0.15706142863078415,0.3195614286307842,False
33,7,Joey Graziadei,Jenna Johnson,1st Place,,27.5,0.8957560067471676,2,2,4,False,False,0.171875,0.36383842982067377,0.5357134298206738,False
33,7,Stephen Nedoroscik,Rylee Arnold,4th Place,,27.0,0.8447671632318318,3,3,6,False,False,0.16875,0.1168317298303515,0.2855817298303515,False
34,2,Alix Earle,Val Chmerkovskiy (Joey Graziadei week 9),2nd Place,,21.0,0.9567317039113608,5,3,8,False,False,0.07553956834532374,0.09757706172319092,0.17311663006851466,False
34,2,Andy Richter,Emma Slater/Kaitlyn Bristowe (week 9),Eliminated Week 9,9.0,16.0,0.4819294088663362,13,11,24,False,False,0.05755395683453238,0.0,0.05755395683453238,True
34,2,Baron Davis,Britt Stewart,Eliminated Week 2,2.0,18.0,0.0888209321221777,11,13,24,True,True,0.06474820143884892,0.05342738426755069,0.1181755857063996,False
34,2,Corey Feldman,Jenna Johnson,Eliminated Week 2,2.0,15.0,0.0716416414536295,14,14,28,True,True,0.0539568345323741,0.01650135366888924,0.07045818820126334,True
34,2,Danielle Fishel,Pasha Pashkov,Eliminated Week 8,8.0,19.0,0.3869651583335491,10,12,22,False,False,0.0683453237410072,0.04601171176407621,0.11435703550508342,False
34,2,Dylan Efron,Daniella Karagach (Rumer Willis week 9),4th Place,,20.0,0.8704544651600252,9,8,17,False,False,0.07194244604316546,0.06279334468829087,0.13473579073145633,False
34,2,Elaine Hendrix,Alan Bersten (Rashad Jennings week 9),5th Place,,21.0,0.9126335404595391,5,5,10,False,False,0.07553956834532374,0.07981301579321083,0.1553525841385346,False
34,2,Hilaria Baldwin,Gleb Savchenko,Eliminated Week 4,4.0,21.0,0.8762452474688734,5,7,12,False,False,0.07553956834532374,0.07744104618929593,0.15298061453461967,False
34,2,Jen Affleck,Jan Ravnik,Eliminated Week 7,7.0,22.0,0.9471807728790644,1,4,5,False,False,0.07913669064748201,0.09622312024486043,0.17535981089234243,False
34,2,Jordan Chiles,Ezra Sosa (Apolo Anton Ohno week 9),3rd Place,,22.0,0.9935413766888932,1,2,3,False,False,0.07913669064748201,0.11366080614892039,0.1927974967964024,False
34,2,Lauren Jauregui,Brandon Armstrong,Eliminated Week 3,3.0,21.0,0.901240007892282,5,6,11,False,False,0.07553956834532374,0.08095824242105196,0.1564978107663757,False
34,2,Robert Irwin,Witney Carson (Xoshitl Gomez week 9),1st Place,,22.0,0.9954761569492726,1,1,2,False,False,0.07913669064748201,0.1159712904666169,0.1951079811140989,False
34,2,Scott Hoying,Rylee Arnold,Eliminated Week 6,6.0,18.0,0.8061921733909634,11,10,21,False,False,0.06474820143884892,0.052372231478635234,0.11712043291748415,False
34,2,Whitney Leavitt,Mark Ballas,Eliminated Week 10,10.0,22.0,0.8672397179513809,1,9,10,False,False,0.07913669064748201,0.10724939114541054,0.18638608179289257,False
34,3,Alix Earle,Val Chmerkovskiy (Joey Graziadei week 9),2nd Place,,23.0,0.960291650023906,3,2,5,False,False,0.08949416342412451,0.1352980003048465,0.22479216372897104,False
34,3,Andy Richter,Emma Slater/Kaitlyn Bristowe (week 9),Eliminated Week 9,9.0,18.0,0.7731893531416761,11,8,19,False,False,0.07003891050583658,0.02097656740975674,0.09101547791559332,False
34,3,Danielle Fishel,Pasha Pashkov,Eliminated Week 8,8.0,21.0,0.5602560846576374,8,9,17,False,False,0.08171206225680934,0.030047253017112557,0.1117593152739219,False
34,3,Dylan Efron,Daniella Karagach (Rumer Willis week 9),4th Place,,23.0,0.9292015657903828,3,4,7,False,False,0.08949416342412451,0.117597969338612,0.20709213276273652,False
34,3,Elaine Hendrix,Alan Bersten (Rashad Jennings week 9),5th Place,,21.0,0.8569358545929446,8,7,15,False,False,0.08171206225680934,0.07977533370461401,0.16148739596142336,False
34,3,Hilaria Baldwin,Gleb Savchenko,Eliminated Week 4,4.0,22.0,0.4459654301171898,5,10,15,False,False,0.08560311284046693,0.09608670921980174,0.18168982206026868,False
34,3,Jen Affleck,Jan Ravnik,Eliminated Week 7,7.0,19.0,0.4004521542349483,10,11,21,False,False,0.07392996108949416,0.026696157047011667,0.10062611813650583,False
34,3,Jordan Chiles,Ezra Sosa (Apolo Anton Ohno week 9),3rd Place,,24.0,0.9848253792802452,1,1,2,False,False,0.0933852140077821,0.1470501228012479,0.24043533680903,False
34,3,Lauren Jauregui,Brandon Armstrong,Eliminated Week 3,3.0,18.0,0.0540420797767177,11,12,23,True,True,0.07003891050583658,0.0,0.07003891050583658,True
34,3,Robert Irwin,Witney Carson (Xoshitl Gomez week 9),1st Place,,22.0,0.9417432290233336,5,3,8,False,False,0.08560311284046693,0.12461810056044785,0.21022121340091476,False
34,3,Scott Hoying,Rylee Arnold,Eliminated Week 6,6.0,22.0,0.886776833520939,5,6,11,False,False,0.08560311284046693,0.082335445979691,0.16793855882015793,False
34,3,Whitney Leavitt,Mark Ballas,Eliminated Week 10,10.0,24.0,0.9221837798420832,1,5,6,False,False,0.0933852140077821,0.13951834061685806,0.23290355462464016,False
34,4,Alix Earle,Val Chmerkovskiy (Joey Graziadei week 9),2nd Place,,24.0,0.9715031623680092,2,1,3,False,False,0.0967741935483871,0.13866295932747108,0.23543715287585817,False
34,4,Andy Richter,Emma Slater/Kaitlyn Bristowe (week 9),Eliminated Week 9,9.0,18.0,0.7820134850809323,11,9,20,True,False,0.07258064516129033,0.0,0.07258064516129033,True
34,4,Danielle Fishel,Pasha Pashkov,Eliminated Week 8,8.0,21.0,0.3065271162954108,9,10,19,False,False,0.0846774193548387,0.031216605990962196,0.1158940253458009,False
34,4,Dylan Efron,Daniella Karagach (Rumer Willis week 9),4th Place,,23.0,0.8942597533303416,5,6,11,False,False,0.09274193548387097,0.09317138873088154,0.1859133242147525,False
34,4,Elaine Hendrix,Alan Bersten (Rashad Jennings week 9),5th Place,,24.0,0.9249281342222382,2,4,6,False,False,0.0967741935483871,0.11988296382897852,0.21665715737736563,False
34,4,Hilaria Baldwin,Gleb Savchenko,Eliminated Week 4,4.0,23.0,0.1042745399575958,5,11,16,False,True,0.09274193548387097,0.09572374159700912,0.18846567708088008,False
34,4,Jen Affleck,Jan Ravnik,Eliminated Week 7,7.0,23.0,0.8626624347449734,5,7,12,False,False,0.09274193548387097,0.06921161522492683,0.1619535507087978,False
34,4,Jordan Chiles,Ezra Sosa (Apolo Anton Ohno week 9),3rd Place,,24.0,0.9627798507656076,2,2,4,False,False,0.0967741935483871,0.13738526732837117,0.23415946087675826,False
34,4,Robert Irwin,Witney Carson (Xoshitl Gomez week 9),1st Place,,22.0,0.8966285541576633,8,5,13,False,False,0.08870967741935484,0.10787568441698807,0.1965853618363429,False
34,4,Scott Hoying,Rylee Arnold,Eliminated Week 6,6.0,21.0,0.8008853246486438,9,8,17,False,False,0.0846774193548387,0.0694971042623726,0.1541745236172113,False
34,4,Whitney Leavitt,Mark Ballas,Eliminated Week 10,10.0,25.0,0.931592127650822,1,3,4,False,False,0.10080645161290322,0.13737266929203895,0.23817912090494217,False
34,6,Alix Earle,Val Chmerkovskiy (Joey Graziadei week 9),2nd Place,,35.0,0.8985280058126611,6,5,11,False,False,0.10294117647058823,0.12180779629921867,0.2247489727698069,False
34,6,Andy Richter,Emma Slater/Kaitlyn Bristowe (week 9),Eliminated Week 9,9.0,27.0,0.6563454047141661,10,9,19,False,False,0.07941176470588235,0.0,0.07941176470588235,True
34,6,Danielle Fishel,Pasha Pashkov,Eliminated Week 8,8.0,36.0,0.8319326150152437,3,6,9,False,False,0.10588235294117647,0.10562786565214917,0.21151021859332564,False
34,6,Dylan Efron,Daniella Karagach (Rumer Willis week 9),4th Place,,32.0,0.6726463970925727,7,8,15,False,False,0.09411764705882353,0.08423789989319662,0.17835554695202016,False
34,6,Elaine Hendrix,Alan Bersten (Rashad Jennings week 9),5th Place,,36.0,0.9046312142297508,3,4,7,False,False,0.10588235294117647,0.11788166463859323,0.22376401757976971,False
34,6,Jen Affleck,Jan Ravnik,Eliminated Week 7,7.0,32.0,0.7968069991506387,7,7,14,False,False,0.09411764705882353,0.03947215814507921,0.13358980520390273,False
34,6,Jordan Chiles,Ezra Sosa (Apolo Anton Ohno week 9),3rd Place,,39.0,0.980916980996596,1,1,2,False,False,0.11470588235294117,0.17575867232869252,0.2904645546816337,False
34,6,Robert Irwin,Witney Carson (Xoshitl Gomez week 9),1st Place,,36.0,0.94919819905697,3,2,5,False,False,0.10588235294117647,0.15672089142974238,0.26260324437091886,False
34,6,Scott Hoying,Rylee Arnold,Eliminated Week 6,6.0,28.0,0.057536472868287,9,10,19,True,True,0.08235294117647059,0.034826641625886286,0.11717958280235688,False
34,6,Whitney Leavitt,Mark Ballas,Eliminated Week 10,10.0,39.0,0.9285911839377544,1,3,4,False,False,0.11470588235294117,0.16366640998744186,0.278372292340383,False
34,7,Alix Earle,Val Chmerkovskiy (Joey Graziadei week 9),2nd Place,,43.0,0.9786843416815042,1,1,2,False,False,0.12951807228915663,0.21611494371606682,0.34563301600522345,False
34,7,Andy Richter,Emma Slater/Kaitlyn Bristowe (week 9),Eliminated Week 9,9.0,29.0,0.4543721198069333,9,7,16,False,False,0.08734939759036145,0.03360739899967127,0.12095679659003272,False
34,7,Danielle Fishel,Pasha Pashkov,Eliminated Week 8,8.0,35.0,0.2043115536623482,6,8,14,False,False,0.10542168674698796,0.0,0.10542168674698796,True
34,7,Dylan Efron,Daniella Karagach (Rumer Willis week 9),4th Place,,38.0,0.8935515880534443,4,5,9,False,False,0.1144578313253012,0.14086244627840883,0.25532027760371,False
34,7,Elaine Hendrix,Alan Bersten (Rashad Jennings week 9),5th Place,,32.0,0.5982568406552631,8,6,14,False,False,0.0963855421686747,0.04157477956703605,0.13796032173571077,False
34,7,Jen Affleck,Jan Ravnik,Eliminated Week 7,7.0,34.0,0.0660762241676109,7,9,16,True,True,0.10240963855421686,0.03973700115032468,0.14214663970454156,False
34,7,Jordan Chiles,Ezra Sosa (Apolo Anton Ohno week 9),3rd Place,,38.0,0.9148408257097398,4,3,7,False,False,0.1144578313253012,0.16936256848791378,0.283820399813215,False
34,7,Robert Irwin,Witney Carson (Xoshitl Gomez week 9),1st Place,,41.0,0.9465463987447305,3,2,5,False,False,0.12349397590361445,0.189536908201513,0.31303088410512747,False
34,7,Whitney Leavitt,Mark Ballas,Eliminated Week 10,10.0,42.0,0.8944724159663185,2,4,6,False,False,0.12650602409638553,0.1692039535990655,0.29570997769545104,False
34,8,Alix Earle,Val Chmerkovskiy (Joey Graziadei week 9),2nd Place,,38.5,0.9120228403776,3,3,6,False,False,0.12769485903814262,0.17576106031542157,0.3034559193535642,False
34,8,Andy Richter,Emma Slater/Kaitlyn Bristowe (week 9),Eliminated Week 9,9.0,34.0,0.6391949675321843,8,7,15,False,False,0.11276948590381426,0.06782832487177327,0.18059781077558754,False
34,8,Danielle Fishel,Pasha Pashkov,Eliminated Week 8,8.0,37.0,0.0426544449190288,7,8,15,True,True,0.12271973466003316,0.07559533429177678,0.19831506895180995,False
34,8,Dylan Efron,Daniella Karagach (Rumer Willis week 9),4th Place,,38.0,0.8670388356109964,4,5,9,False,False,0.12603648424543948,0.14149040427850418,0.2675268885239437,False
34,8,Elaine Hendrix,Alan Bersten (Rashad Jennings week 9),5th Place,,37.5,0.837845864343778,6,6,12,False,False,0.12437810945273632,0.0,0.12437810945273632,True
34,8,Jordan Chiles,Ezra Sosa (Apolo Anton Ohno week 9),3rd Place,,39.0,0.9475700398020256,2,1,3,False,False,0.12935323383084577,0.18588466017036379,0.31523789400120955,False
34,8,Robert Irwin,Witney Carson (Xoshitl Gomez week 9),1st Place,,38.0,0.8962063440739937,4,4,8,False,False,0.12603648424543948,0.16703380559655914,0.2930702898419986,False
34,8,Whitney Leavitt,Mark Ballas,Eliminated Week 10,10.0,39.5,0.9162834323550734,1,2,3,False,False,0.1310116086235489,0.18640641047560122,0.31741801909915013,False
34,9,Alix Earle,Val Chmerkovskiy (Joey Graziadei week 9),2nd Place,,40.0,0.8813549049907619,4,4,8,False,False,0.14814814814814814,0.17817990703493136,0.3263280551830795,False
34,9,Andy Richter,Emma Slater/Kaitlyn Bristowe (week 9),Eliminated Week 9,9.0,29.0,0.0330537931542623,7,7,14,True,True,0.10740740740740741,0.026786468053039487,0.1341938754604469,False
34,9,Dylan Efron,Daniella Karagach (Rumer Willis week 9),4th Place,,42.0,0.9311454064172856,1,2,3,False,False,0.15555555555555556,0.19666526177518862,0.3522208173307442,False
34,9,Elaine Hendrix,Alan Bersten (Rashad Jennings week 9),5th Place,,36.0,0.4533299070738166,6,6,12,False,False,0.13333333333333333,0.0,0.13333333333333333,True
34,9,Jordan Chiles,Ezra Sosa (Apolo Anton Ohno week 9),3rd Place,,39.0,0.8807898181507323,5,5,10,False,False,0.14444444444444443,0.16260349607997954,0.30704794052442397,False
34,9,Robert Irwin,Witney Carson (Xoshitl Gomez week 9),1st Place,,42.0,0.9688217802367306,1,1,2,False,False,0.15555555555555556,0.22611574604884738,0.38167130160440293,False
34,9,Whitney Leavitt,Mark Ballas,Eliminated Week 10,10.0,42.0,0.9166573252861456,1,3,4,False,False,0.15555555555555556,0.20964912100801364,0.3652046765635692,False
34,10,Alix Earle,Val Chmerkovskiy (Joey Graziadei week 9),2nd Place,,29.0,0.9205020722076775,2,2,4,False,False,0.1686046511627907,0.2640179154357136,0.4326225665985043,False
34,10,Dylan Efron,Daniella Karagach (Rumer Willis week 9),4th Place,,27.5,0.6207613291877181,6,5,11,True,False,0.15988372093023256,0.024914010576276898,0.18479773150650947,False
34,10,Elaine Hendrix,Alan Bersten (Rashad Jennings week 9),5th Place,,28.5,0.8151449809914034,4,4,8,False,False,0.16569767441860464,0.0,0.16569767441860464,True
34,10,Jordan Chiles,Ezra Sosa (Apolo Anton Ohno week 9),3rd Place,,28.5,0.8810183759344867,4,3,7,False,False,0.16569767441860464,0.1833317996271779,0.34902947404578255,False
34,10,Robert Irwin,Witney Carson (Xoshitl Gomez week 9),1st Place,,29.5,0.9505201143126326,1,1,2,False,False,0.17151162790697674,0.31118849115236147,0.4827001190593382,False
34,10,Whitney Leavitt,Mark Ballas,Eliminated Week 10,10.0,29.0,0.113422500449709,2,6,8,False,True,0.1686046511627907,0.21654778320847018,0.3851524343712609,False
