season,week,celebrity_name,ballroom_partner,judge_percent,fan_percent,judge_weight,fan_weight,combined_dynamic,is_eliminated_this_week,predicted_eliminated
1,2,Evander Holyfield,Edyta Sliwinska,0.113575722053002,0.0,0.5454816671291636,0.45451833287083643,0.06195347421087004,False,True
1,2,Joey McIntyre,Ashly DelGrosso,0.1703635830795031,0.1973927969217804,0.5454816671291636,0.45451833287083643,0.18264885629390432,False,False
1,2,John O'Hurley,Charlotte Jorgensen,0.2273745361817473,0.2511968282990821,0.5454816671291636,0.45451833287083643,0.23820220468008035,False,False
1,2,Kelly Monaco,Alec Mazo,0.1386422370405515,0.1646189783869013,0.5454816671291636,0.45451833287083643,0.15044914221071135,False,False
1,2,Rachel Hunter,Jonathan Roberts,0.1952082710308202,0.2062510588859157,0.5454816671291636,0.45451833287083643,0.20022742055696452,False,False
1,2,Trista Sutter,Louis van Amstel,0.1548356506143757,0.1805403375063203,0.5454816671291636,0.45451833287083643,0.16651890204746922,True,False
1,4,Joey McIntyre,Ashly DelGrosso,0.2140912652420362,0.0,0.6453419763401284,0.35465802365987165,0.13816208022845428,False,True
1,4,John O'Hurley,Charlotte Jorgensen,0.2410552132768063,0.304483361746007,0.6453419763401284,0.35465802365987165,0.26355051505729793,False,False
1,4,Kelly Monaco,Alec Mazo,0.278260309415402,0.402166725053784,0.6453419763401284,0.35465802365987165,0.3222047139044891,False,False
1,4,Rachel Hunter,Jonathan Roberts,0.2665932120657554,0.2933499132002088,0.6453419763401284,0.35465802365987165,0.2760826908097585,True,False
2,1,Drew Lachey,Cheryl Burke,0.1212115781030167,0.1596052415901271,0.5492294588490461,0.45077054115095394,0.13851831056986907,False,False
2,1,George Hamilton,Edyta Sliwinska,0.0998241145400861,0.0,0.5492294588490461,0.45077054115095394,0.05482634440893668,False,False
2,1,Giselle Fernandez,Jonathan Roberts,0.1164269099167586,0.1386976239030831,0.5492294588490461,0.45077054115095394,0.1264658917121922,False,False
2,1,Jerry Rice,Anna Trebunskaya,0.1060601308401396,0.1032561563082125,0.5492294588490461,0.45077054115095394,0.10479618172300934,False,False
2,1,Kenny Mayne,Andrea Hale,0.0703550458613673,0.078420564450021,0.5492294588490461,0.45077054115095394,0.07399074404023781,True,False
2,1,Lisa Rinna,Louis van Amstel,0.0964907944676235,0.0958149771414569,0.5492294588490461,0.45077054115095394,0.09618615592578819,False,False
2,1,Master P,Ashly DelGrosso,0.0606057890515083,0.0452339358890331,0.5492294588490461,0.45077054115095394,0.05367661048296635,False,True
2,1,Stacy Keibler,Tony Dovolani,0.1113232646488594,0.1284197121194416,0.5492294588490461,0.45077054115095394,0.1190298395269326,False,False
2,1,Tatum O'Neal,Nick Kosovich,0.1164269099167586,0.1361647216763349,0.5492294588490461,0.45077054115095394,0.12532413400475848,False,False
2,1,Tia Carrere,Maksim Chmerkoskiy,0.1012754626538815,0.1143870669222893,0.5492294588490461,0.45077054115095394,0.10718578760530884,False,False
2,2,Drew Lachey,Cheryl Burke,0.1334138054914976,0.161797094151792,0.5726317804085381,0.4273682195914619,0.14554392103239813,False,False
2,2,George Hamilton,Edyta Sliwinska,0.1191512356160564,0.1115872869975924,0.5726317804085381,0.4273682195914619,0.11591864436190215,False,False
2,2,Giselle Fernandez,Jonathan Roberts,0.1185900493257757,0.1360690758302553,0.5726317804085381,0.4273682195914619,0.12606002976318711,False,False
2,2,Jerry Rice,Anna Trebunskaya,0.1140370373803236,0.1207608700636809,0.5726317804085381,0.4273682195914619,0.11691058978304089,False,False
2,2,Lisa Rinna,Louis van Amstel,0.0992132812146017,0.0893343060154296,0.5726317804085381,0.4273682195914619,0.09499132117234332,False,False
2,2,Stacy Keibler,Tony Dovolani,0.1436845497117675,0.1652209727112096,0.5726317804085381,0.4273682195914619,0.15288853246540768,False,False
2,2,Tatum O'Neal,Nick Kosovich,0.0843895250488797,0.0,0.5726317804085381,0.4273682195914619,0.048324123976570904,True,True
2,2,Tia Carrere,Maksim Chmerkoskiy,0.1088487234370357,0.1294787315190742,0.5726317804085381,0.4273682195914619,0.11766533326121396,False,False
2,3,Drew Lachey,Cheryl Burke,0.146601975579128,0.2439527070366561,0.5975991435593502,0.4024008564406498,0.185775993292761,False,False
2,3,George Hamilton,Edyta Sliwinska,0.131441469582156,0.0531250785787371,0.5975991435593502,0.4024008564406498,0.09992688676903942,False,False
2,3,Giselle Fernandez,Jonathan Roberts,0.1194922450746873,0.1265480370809921,0.5975991435593502,0.4024008564406498,0.12233150182089145,True,False
2,3,Jerry Rice,Anna Trebunskaya,0.1030867862019241,0.0,0.5975991435593502,0.4024008564406498,0.06160457514655568,False,True
2,3,Lisa Rinna,Louis van Amstel,0.1357813534723682,0.1587215315007588,0.5975991435593502,0.4024008564406498,0.14501250075789354,False,False
2,3,Stacy Keibler,Tony Dovolani,0.146601975579128,0.2263464806944448,0.5975991435593502,0.4024008564406498,0.17869123273396725,False,False
2,3,Tia Carrere,Maksim Chmerkoskiy,0.141133489288207,0.1861823448523853,0.5975991435593502,0.4024008564406498,0.1592611873489035,False,False
2,5,Drew Lachey,Cheryl Burke,0.1757812507724735,0.2836891690182596,0.6584216698382763,0.3415783301617237,0.2126402572980969,False,False
2,5,George Hamilton,Edyta Sliwinska,0.1718750007553075,0.1802874847887889,0.6584216698382763,0.3415783301617237,0.17474852300397625,False,False
2,5,Lisa Rinna,Louis van Amstel,0.1635742167222568,0.208288895594861,0.6584216698382763,0.3415783301617237,0.17884778206527865,False,False
2,5,Stacy Keibler,Tony Dovolani,0.1953125008583039,0.2992892756220027,0.6584216698382763,0.3415783301617237,0.23082871395768978,False,False
2,5,Tia Carrere,Maksim Chmerkoskiy,0.1433105472301233,0.0284451749760877,0.6584216698382763,0.3415783301617237,0.10407502518218503,True,True
2,6,Drew Lachey,Cheryl Burke,0.2213858775109629,0.3979873330785279,0.6848185346696738,0.3151814653303262,0.2770473830562165,False,False
2,6,George Hamilton,Edyta Sliwinska,0.1875138336857276,0.0,0.6848185346696738,0.3151814653303262,0.12841294881495288,True,True
2,6,Lisa Rinna,Louis van Amstel,0.1992472897598667,0.1351726128803801,0.6848185346696738,0.3151814653303262,0.17905213921042293,False,False
2,6,Stacy Keibler,Tony Dovolani,0.2213858775109629,0.374735440583391,0.6848185346696738,0.3151814653303262,0.26971881750789606,False,False
2,7,Drew Lachey,Cheryl Burke,0.2694852946691151,0.4789230301873172,0.7162757342186393,0.2837242657813607,0.3289078624059278,False,False
2,7,Lisa Rinna,Louis van Amstel,0.2599264700367671,0.0698238607319117,0.7162757342186393,0.2837242657813607,0.20598974678862614,True,True
2,7,Stacy Keibler,Tony Dovolani,0.2694852946691151,0.451253109080771,0.7162757342186393,0.2837242657813607,0.3210572343557448,False,False
3,1,Emmitt Smith,Cheryl Burke,0.1117987429452187,0.1250837046990819,0.5289615799943317,0.4710384200056683,0.11805647033959416,False,False
3,1,Harry Hamlin,Ashly DelGrosso,0.0851957990064143,0.086156248172721,0.5289615799943317,0.4710384200056683,0.08564820746420718,False,False
3,1,Jerry Springer,Kym Johnson,0.0812746973732397,0.0542639486060775,0.5289615799943317,0.4710384200056683,0.06855159695078555,False,False
3,1,Joey Lawrence,Edyta Sliwinska,0.0978239000770664,0.1054094194360682,0.5289615799943317,0.4710384200056683,0.10139697113085303,False,False
3,1,Mario Lopez,Karina Smirnoff,0.1209522654273811,0.1274600396099652,0.5289615799943317,0.4710384200056683,0.12401767709609919,False,False
3,1,Monique Coleman,Louis van Amstel,0.088530629512099,0.1027059753951543,0.5289615799943317,0.4710384200056683,0.09520776203988722,False,False
3,1,Sara Evans,Tony Dovolani,0.0698742143407617,0.0859931524144896,0.5289615799943317,0.4710384200056683,0.0774668534631797,False,False
3,1,Shanna Moakler,Jesse DeSoto,0.0834996870019015,0.0820341715803147,0.5289615799943317,0.4710384200056683,0.08280937293322331,False,False
3,1,Tucker Carlson,Elena Grinenko,0.0556897493484018,0.0,0.5289615799943317,0.4710384200056683,0.029457737804818918,True,True
3,1,Vivica A. Fox,Nick Kosovich,0.1028548425872639,0.1107027206956102,0.5289615799943317,0.4710384200056683,0.1065514946918164,False,False
3,1,Willa Ford,Maksim Chmerkoskiy,0.1025054723802513,0.1201906193905171,0.5289615799943317,0.4710384200056683,0.11083585608553487,False,False
3,2,Emmitt Smith,Cheryl Burke,0.1028382847776779,0.1385892599619257,0.5717007641449836,0.4282992358550164,0.11815040013016288,False,False
3,2,Harry Hamlin,Ashly DelGrosso,0.0965796864728484,0.0872674441963161,0.5717007641449836,0.4282992358550164,0.09259126022171284,False,False
3,2,Jerry Springer,Kym Johnson,0.0888224401259184,0.0395003048021311,0.5717007641449836,0.4282992358550164,0.06769780725600259,False,False
3,2,Joey Lawrence,Edyta Sliwinska,0.1243947709381559,0.1482337414381202,0.5717007641449836,0.4282992358550164,0.1346049837868609,False,False
3,2,Mario Lopez,Karina Smirnoff,0.0901812644281609,0.1077294911112113,0.5717007641449836,0.4282992358550164,0.09769715650712199,False,False
3,2,Monique Coleman,Louis van Amstel,0.1115399853409462,0.1399057143322589,0.5717007641449836,0.4282992358550164,0.12368900539239591,False,False
3,2,Sara Evans,Tony Dovolani,0.0899834991804681,0.0962643803677272,0.5717007641449836,0.4282992358550164,0.09267359579346732,False,False
3,2,Shanna Moakler,Jesse DeSoto,0.0943343494621023,0.0,0.5717007641449836,0.4282992358550164,0.05393101967260381,True,True
3,2,Vivica A. Fox,Nick Kosovich,0.1028382847776779,0.1257336138881708,0.5717007641449836,0.4282992358550164,0.11264433674035113,False,False
3,2,Willa Ford,Maksim Chmerkoskiy,0.0984874344960437,0.1167760499021385,0.5717007641449836,0.4282992358550164,0.10632043449932038,False,False
3,3,Emmitt Smith,Cheryl Burke,0.090329013367665,0.0711528733746753,0.6022979447338661,0.3977020552661339,0.08270262308038188,False,False
3,3,Harry Hamlin,Ashly DelGrosso,0.1117557827454049,0.0,0.6022979447338661,0.3977020552661339,0.06731027825968183,True,True
3,3,Jerry Springer,Kym Johnson,0.1086558848989006,0.0967350901365491,0.6022979447338661,0.3977020552661339,0.10391496032150764,False,False
3,3,Joey Lawrence,Edyta Sliwinska,0.1050130391059795,0.1280958988079178,0.6022979447338661,0.3977020552661339,0.11419313985086019,False,False
3,3,Mario Lopez,Karina Smirnoff,0.1050130391059795,0.1269649857372851,0.6022979447338661,0.3977020552661339,0.11374337339834222,False,False
3,3,Monique Coleman,Louis van Amstel,0.1281515071823404,0.1654959679817271,0.6022979447338661,0.3977020552661339,0.14300347599506208,False,False
3,3,Sara Evans,Tony Dovolani,0.1183621566901308,0.1439534036964588,0.6022979447338661,0.3977020552661339,0.12853984822137074,False,False
3,3,Vivica A. Fox,Nick Kosovich,0.1281515071823404,0.1568893143541384,0.6022979447338661,0.3977020552661339,0.1395805921584063,False,False
3,3,Willa Ford,Maksim Chmerkoskiy,0.1045680697212585,0.1107124659112481,0.6022979447338661,0.3977020552661339,0.10701170871438676,False,False
3,4,Emmitt Smith,Cheryl Burke,0.1200568045066967,0.167829366032199,0.622955993277674,0.37704400672232596,0.13806916251566093,False,False
3,4,Jerry Springer,Kym Johnson,0.119833550834752,0.0441391535847248,0.622955993277674,0.37704400672232596,0.09129343200917032,False,False
3,4,Joey Lawrence,Edyta Sliwinska,0.1350639050700338,0.170975851411585,0.622955993277674,0.37704400672232596,0.14860428920784946,False,False
3,4,Mario Lopez,Karina Smirnoff,0.1450061094746265,0.2238266818515767,0.622955993277674,0.37704400672232596,0.17472493389577887,False,False
3,4,Monique Coleman,Louis van Amstel,0.1200568045066967,0.1502930123319224,0.622955993277674,0.37704400672232596,0.13145718545320875,False,False
3,4,Sara Evans,Tony Dovolani,0.0999848077846152,0.0261486870897848,0.622955993277674,0.37704400672232596,0.0721453409970031,False,True
3,4,Vivica A. Fox,Nick Kosovich,0.1200568045066967,0.0,0.622955993277674,0.37704400672232596,0.07479010590121278,True,False
3,4,Willa Ford,Maksim Chmerkoskiy,0.1399412133158821,0.216787247698207,0.622955993277674,0.37704400672232596,0.1689155500201155,False,False
3,5,Emmitt Smith,Cheryl Burke,0.1474903184234239,0.2394283828552749,0.6480794549652084,0.35192054503479164,0.1798452121677247,False,False
3,5,Jerry Springer,Kym Johnson,0.1429173632248592,0.0804065420560309,0.6480794549652084,0.35192054503479164,0.12091852096855275,False,True
3,5,Joey Lawrence,Edyta Sliwinska,0.1360188578161795,0.151695544030055,0.6480794549652084,0.35192054503479164,0.14153580577290598,False,False
3,5,Mario Lopez,Karina Smirnoff,0.1474903184234239,0.2217983480749998,0.6480794549652084,0.35192054503479164,0.17364084071886793,False,False
3,5,Monique Coleman,Louis van Amstel,0.1474903184234239,0.2252443370980525,0.6480794549652084,0.35192054503479164,0.17485355505404454,False,False
3,5,Willa Ford,Maksim Chmerkoskiy,0.1474903184234239,0.0814268458855868,0.6480794549652084,0.35192054503479164,0.12424122516101727,True,False
3,8,Emmitt Smith,Cheryl Burke,0.2478108578018463,0.3238313023048677,0.7095122019096444,0.29048779809035563,0.26989386933537907,False,False
3,8,Joey Lawrence,Edyta Sliwinska,0.2475606709798407,0.3055921755505539,0.7095122019096444,0.29048779809035563,0.2644181149624576,False,False
3,8,Mario Lopez,Karina Smirnoff,0.2614460846347793,0.3705765221445783,0.7095122019096444,0.29048779809035563,0.293147145131638,False,False
3,8,Monique Coleman,Louis van Amstel,0.2431823865835335,0.0,0.7095122019096444,0.29048779809035563,0.17254087057052522,True,True
4,2,Apolo Anton Ohno,Julianne Hough,0.0983532368652397,0.1391704787977163,0.55790385576733,0.44209614423266996,0.11639838214179965,False,False
4,2,Billy Ray Cyrus,Karina Smirnoff,0.0907171389504471,0.1030437512950942,0.55790385576733,0.44209614423266996,0.09616668673946642,False,False
4,2,Clyde Drexler,Elena Grinenko,0.0724468724504374,0.0471175450437015,0.55790385576733,0.44209614423266996,0.061248874467912565,False,False
4,2,Heather Mills,Jonathan Roberts,0.0965958299339166,0.1210658452185304,0.55790385576733,0.44209614423266996,0.10741392934055885,False,False
4,2,Ian Ziering,Cheryl Burke,0.0885461774394236,0.1154880580700022,0.55790385576733,0.44209614423266996,0.10045707898457926,False,False
4,2,Joey Fatone,Kym Johnson,0.0965958299339166,0.1286759403847471,0.55790385576733,0.44209614423266996,0.11077832307078694,False,False
4,2,John Ratzenberger,Edyta Sliwinska,0.0921383510112726,0.0687009275151777,0.55790385576733,0.44209614423266996,0.08177675645290086,False,False
4,2,Laila Ali,Maksim Chmerkoskiy,0.1086703086756562,0.1437387754654373,0.55790385576733,0.44209614423266996,0.12417394262756987,False,False
4,2,Leeza Gibbons,Tony Dovolani,0.0907171389504471,0.0745418662718066,0.55790385576733,0.44209614423266996,0.08356611326730809,False,False
4,2,Paulina Porizkova,Alec Mazo,0.084521351192177,0.0,0.55790385576733,0.44209614423266996,0.04715478772478017,True,True
4,2,Shandi Finnessey,Brian Fortuna,0.0806977645970657,0.0584568119377862,0.55790385576733,0.44209614423266996,0.07086512518233688,False,False
4,3,Apolo Anton Ohno,Julianne Hough,0.0975418292821918,0.1171389500110779,0.5893719652640567,0.41062803473594334,0.10558895645357731,False,False
4,3,Billy Ray Cyrus,Karina Smirnoff,0.1016783246264614,0.0893247430404427,0.5893719652640567,0.41062803473594334,0.09660559769784441,False,False
4,3,Clyde Drexler,Elena Grinenko,0.0719526628067926,0.0689271760719772,0.5893719652640567,0.41062803473594334,0.07071031313475569,False,False
4,3,Heather Mills,Jonathan Roberts,0.1082673270697855,0.1330459202109123,0.5893719652640567,0.41062803473594334,0.11844211207484792,False,False
4,3,Ian Ziering,Cheryl Burke,0.1082673270697855,0.1418727071544237,0.5893719652640567,0.41062803473594334,0.1220666382504949,False,False
4,3,Joey Fatone,Kym Johnson,0.1082673270697855,0.1404189517992738,0.5893719652640567,0.41062803473594334,0.12146968554602283,False,False
4,3,John Ratzenberger,Edyta Sliwinska,0.098353580129974,0.0658360440481641,0.5893719652640567,0.41062803473594334,0.08500096819424527,False,False
4,3,Laila Ali,Maksim Chmerkoskiy,0.0947339111860623,0.1082956126383304,0.5893719652640567,0.41062803473594334,0.10030272600108273,False,False
4,3,Leeza Gibbons,Tony Dovolani,0.1162037995730988,0.1351398950253976,0.5893719652640567,0.41062803473594334,0.12397949123424848,False,False
4,3,Shandi Finnessey,Brian Fortuna,0.0947339111860623,0.0,0.5893719652640567,0.41062803473594334,0.055833511412880135,True,True
4,4,Apolo Anton Ohno,Julianne Hough,0.1268932345611853,0.1723924396039471,0.6051188985219842,0.3948811014780158,0.14486001076484517,False,False
4,4,Billy Ray Cyrus,Karina Smirnoff,0.1171537350171821,0.1294566517218447,0.6051188985219842,0.3948811014780158,0.12201192431691155,False,False
4,4,Clyde Drexler,Elena Grinenko,0.077673616813263,0.0611646206243821,0.6051188985219842,0.3948811014780158,0.07115452621390135,False,False
4,4,Heather Mills,Jonathan Roberts,0.1199701637818386,0.1265751028760073,0.6051188985219842,0.3948811014780158,0.12257832940653914,False,False
4,4,Ian Ziering,Cheryl Burke,0.1250379533652188,0.160757286553802,0.6051188985219842,0.3948811014780158,0.13914284299878676,False,False
4,4,Joey Fatone,Kym Johnson,0.1451141972207915,0.1745856532523151,0.6051188985219842,0.3948811014780158,0.15675191824068044,False,False
4,4,John Ratzenberger,Edyta Sliwinska,0.0901979989459265,0.0320928465102166,0.6051188985219842,0.3948811014780158,0.06725337235056536,False,False
4,4,Laila Ali,Maksim Chmerkoskiy,0.1091523839422594,0.1429753988574848,0.6051188985219842,0.3948811014780158,0.12250845332729096,False,False
4,4,Leeza Gibbons,Tony Dovolani,0.0888067163523343,0.0,0.6051188985219842,0.3948811014780158,0.05373862238047881,True,True
4,5,Apolo Anton Ohno,Julianne Hough,0.1590283831255107,0.1950413540743983,0.6219773093261932,0.3780226906738068,0.17264210330276683,False,False
4,5,Billy Ray Cyrus,Karina Smirnoff,0.1032594054119026,0.0383975869339346,0.6219773093261932,0.3780226906738068,0.0787401662688651,False,False
4,5,Clyde Drexler,Elena Grinenko,0.0733207601512247,0.0,0.6219773093261932,0.3780226906738068,0.045603849116609904,True,True
4,5,Heather Mills,Jonathan Roberts,0.1186694373661246,0.1337127487289768,0.6219773093261932,0.3780226906738068,0.12435615040415385,False,False
4,5,Ian Ziering,Cheryl Burke,0.1356222141327139,0.1486169238371007,0.6219773093261932,0.3780226906738068,0.14053450925969121,False,False
4,5,Joey Fatone,Kym Johnson,0.1411318672175816,0.1707940840150081,0.6219773093261932,0.3780226906738068,0.15234485822269456,False,False
4,5,John Ratzenberger,Edyta Sliwinska,0.1108832886107706,0.1310563122595859,0.6219773093261932,0.3780226906738068,0.11850914928952208,False,False
4,5,Laila Ali,Maksim Chmerkoskiy,0.1580846439841709,0.1823809901509953,0.6219773093261932,0.3780226906738068,0.1672692141356961,False,False
4,6,Apolo Anton Ohno,Julianne Hough,0.1530466358319602,0.2671337194492937,0.6472980659047745,0.35270193409522554,0.19328537087907743,False,False
4,6,Billy Ray Cyrus,Karina Smirnoff,0.1314504566751287,0.0878323519809724,0.6472980659047745,0.35270193409522554,0.11606626678793174,False,False
4,6,Heather Mills,Jonathan Roberts,0.1342825339241376,0.0,0.6472980659047745,0.35270193409522554,0.08692082449388654,True,False
4,6,Ian Ziering,Cheryl Burke,0.1399687656007567,0.1687627110017713,0.6472980659047745,0.35270193409522554,0.15012444583392687,False,False
4,6,Joey Fatone,Kym Johnson,0.1574648613008513,0.2248663175927824,0.6472980659047745,0.35270193409522554,0.1812374852958502,False,False
4,6,John Ratzenberger,Edyta Sliwinska,0.1206356536896948,0.003169922252073,0.6472980659047745,0.35270193409522554,0.07920526302173525,False,True
4,6,Laila Ali,Maksim Chmerkoskiy,0.1631510929774705,0.248234977723107,0.6472980659047745,0.35270193409522554,0.19316034368759175,False,False
4,8,Apolo Anton Ohno,Julianne Hough,0.2176711612255306,0.316711721255072,0.6973346228013938,0.3026653771986062,0.24764730968483295,False,False
4,8,Billy Ray Cyrus,Karina Smirnoff,0.1627839796698317,0.0,0.6973346228013938,0.3026653771986062,0.11351490506117186,True,True
4,8,Ian Ziering,Cheryl Burke,0.187910301968036,0.1812108300125679,0.6973346228013938,0.3026653771986062,0.18588260376160276,False,False
4,8,Joey Fatone,Kym Johnson,0.2197611984990378,0.2778622876369483,0.6973346228013938,0.3026653771986062,0.23734638655861334,False,False
4,8,Laila Ali,Maksim Chmerkoskiy,0.2118733586375636,0.2242151610954117,0.6973346228013938,0.3026653771986062,0.21560879493377888,False,False
4,9,Apolo Anton Ohno,Julianne Hough,0.2375923985309981,0.2766292799431247,0.724517741485694,0.27548225851430597,0.24834636678776587,False,False
4,9,Ian Ziering,Cheryl Burke,0.2481360347829986,0.0,0.724517741485694,0.27548225851430597,0.17977895950219375,True,True
4,9,Joey Fatone,Kym Johnson,0.2571357833430016,0.3638227728766222,0.724517741485694,0.27548225851430597,0.2865261561738155,False,False
4,9,Laila Ali,Maksim Chmerkoskiy,0.2571357833430016,0.359547947180253,0.724517741485694,0.27548225851430597,0.28534851753622476,False,False
5,1,Albert Reed,Anna Trebunskaya,0.0754273226387526,0.0889924990164963,0.5499916606852632,0.4500083393147368,0.08153176513301254,False,False
5,1,Cameron Mathison,Edyta Sliwinska,0.0804071913242732,0.0902264987603213,0.5499916606852632,0.4500083393147368,0.08482596155679004,False,False
5,1,Floyd Mayweather Jr. ,Karina Smirnoff,0.0689204497065199,0.0614297365201895,0.5499916606852632,0.4500083393147368,0.06554956630525635,False,False
5,1,Helio Castroneves,Julianne Hough,0.0954835413128866,0.1063999180386136,0.5499916606852632,0.4500083393147368,0.10039600187456504,False,False
5,1,Jane Seymour,Tony Dovolani,0.1001753442153022,0.0971598969052356,0.5499916606852632,0.4500083393147368,0.09881836777900804,False,False
5,1,Jennie Garth,Derek Hough,0.0804071913242732,0.098071242830875,0.5499916606852632,0.4500083393147368,0.08835616180832905,False,False
5,1,Josie Maran,Alec Mazo,0.0613104830616959,0.0,0.5499916606852632,0.4500083393147368,0.033720254396517824,True,True
5,1,Marie Osmond,Jonathan Roberts,0.0863013930219138,0.0868622073204896,0.5499916606852632,0.4500083393147368,0.08655376413307986,False,False
5,1,Mark Cuban,Kym Johnson,0.0863013930219138,0.0915096488037906,0.5499916606852632,0.4500083393147368,0.08864515155704256,False,False
5,1,Mel B,Maksim Chmerkoskiy,0.0918939329420265,0.1014194694070057,0.5499916606852632,0.4500083393147368,0.09618050378771376,False,False
5,1,Sabrina Bryan,Mark Ballas,0.093610693545324,0.1130191084928868,0.5499916606852632,0.4500083393147368,0.10234464212460806,False,False
5,1,Wayne Newton,Cheryl Burke,0.0797610638851179,0.0649097739040954,0.5499916606852632,0.4500083393147368,0.07307785954407638,False,False
5,2,Albert Reed,Anna Trebunskaya,0.0815342717733181,0.0,0.5740936883587198,0.42590631164128023,0.04680831080998644,True,True
5,2,Cameron Mathison,Edyta Sliwinska,0.0869173339396009,0.105840038991631,0.5740936883587198,0.42590631164128023,0.09497663345458685,False,False
5,2,Floyd Mayweather Jr. ,Karina Smirnoff,0.0869173339396009,0.1104464113728007,0.5740936883587198,0.42590631164128023,0.0969385165254971,False,False
5,2,Helio Castroneves,Julianne Hough,0.111750857922344,0.140874584668362,0.5740936883587198,0.42590631164128023,0.12415483696198903,False,False
5,2,Jane Seymour,Tony Dovolani,0.0947502578997124,0.0941828795801154,0.5740936883587198,0.42590631164128023,0.09450860789230761,False,False
5,2,Jennie Garth,Derek Hough,0.0869173339396009,0.1140995182741484,0.5740936883587198,0.42590631164128023,0.0984943978118814,False,False
5,2,Marie Osmond,Jonathan Roberts,0.1066157231987214,0.1149943021549174,0.5740936883587198,0.42590631164128023,0.11018421285875007,False,False
5,2,Mark Cuban,Kym Johnson,0.079961792399041,0.0466934325296373,0.5740936883587198,0.42590631164128023,0.06579258795270848,False,False
5,2,Mel B,Maksim Chmerkoskiy,0.0952986470033139,0.1172048309284628,0.5740936883587198,0.42590631164128023,0.10462862900100958,False,False
5,2,Sabrina Bryan,Mark Ballas,0.1010442570322024,0.137531237846801,0.5740936883587198,0.42590631164128023,0.11658429245387425,False,False
5,2,Wayne Newton,Cheryl Burke,0.0682921909525435,0.0181327636531235,0.5740936883587198,0.42590631164128023,0.04692897427740859,False,False
5,3,Cameron Mathison,Edyta Sliwinska,0.0940897574065736,0.0985812378617832,0.6010726073857736,0.3989273926142264,0.09588153199354812,False,False
5,3,Floyd Mayweather Jr. ,Karina Smirnoff,0.0856752275624097,0.0863706680767297,0.6010726073857736,0.3989273926142264,0.08595265783350567,False,False
5,3,Helio Castroneves,Julianne Hough,0.0979145457856111,0.1169135811069583,0.6010726073857736,0.3989273926142264,0.10549378140854174,False,False
5,3,Jane Seymour,Tony Dovolani,0.1200808463676257,0.1410904821145151,0.6010726073857736,0.3989273926142264,0.12846216557590695,False,False
5,3,Jennie Garth,Derek Hough,0.106329075629775,0.12892218790297,0.6010726073857736,0.3989273926142264,0.11534208699996117,False,False
5,3,Marie Osmond,Jonathan Roberts,0.1141234657553804,0.0838805175324177,0.6010726073857736,0.3989273926142264,0.10205872527582685,False,False
5,3,Mark Cuban,Kym Johnson,0.0875220263051977,0.0458086406588278,0.6010726073857736,0.3989273926142264,0.07088141413217966,False,False
5,3,Mel B,Maksim Chmerkoskiy,0.1101538640088125,0.1474086564051001,0.6010726073857736,0.3989273926142264,0.12501582120184782,False,False
5,3,Sabrina Bryan,Mark Ballas,0.1033316909054848,0.1510240283406978,0.6010726073857736,0.3989273926142264,0.12235747072619219,False,False
5,3,Wayne Newton,Cheryl Burke,0.0807795002731291,0.0,0.6010726073857736,0.3989273926142264,0.04855434485248952,True,True
5,4,Cameron Mathison,Edyta Sliwinska,0.1133777531505812,0.1556651593666373,0.6235590385621979,0.37644096143780215,0.12929646500326425,False,False
5,4,Floyd Mayweather Jr. ,Karina Smirnoff,0.0968071577549266,0.0,0.6235590385621979,0.37644096143780215,0.060364978215601044,True,True
5,4,Helio Castroneves,Julianne Hough,0.1133777531505812,0.1672690281658167,0.6235590385621979,0.37644096143780215,0.13366463653042546,False,False
5,4,Jane Seymour,Tony Dovolani,0.11926415287925,0.1284735347438625,0.6235590385621979,0.37644096143780215,0.1227309414426126,False,False
5,4,Jennie Garth,Derek Hough,0.1135715606718399,0.1706011516731061,0.6235590385621979,0.37644096143780215,0.1350398347387612,False,False
5,4,Marie Osmond,Jonathan Roberts,0.116904495634501,0.054431886308942,0.6235590385621979,0.37644096143780215,0.09338724651645938,False,False
5,4,Mark Cuban,Kym Johnson,0.0991192025245824,0.0176301629306473,0.6235590385621979,0.37644096143780215,0.06844339011319833,False,False
5,4,Mel B,Maksim Chmerkoskiy,0.1094046858827689,0.1270940460712384,0.6235590385621979,0.37644096143780215,0.11606368563933593,False,False
5,4,Sabrina Bryan,Mark Ballas,0.1181732383509685,0.1788350307397493,0.6235590385621979,0.37644096143780215,0.1410088218003415,False,False
5,5,Cameron Mathison,Edyta Sliwinska,0.128245467715241,0.162616589458774,0.6457559043446421,0.35424409565535786,0.14042123465393905,False,False
5,5,Helio Castroneves,Julianne Hough,0.1135712263278863,0.1413865666440182,0.6457559043446421,0.35424409565535786,0.12342464640352047,False,False
5,5,Jane Seymour,Tony Dovolani,0.1398028516260323,0.1379710948806095,0.6457559043446421,0.35424409565535786,0.1391539626142894,False,False
5,5,Jennie Garth,Derek Hough,0.1231896371464048,0.1579016037804376,0.6457559043446421,0.35424409565535786,0.1354861463750967,False,False
5,5,Marie Osmond,Jonathan Roberts,0.1111759594825101,0.0109834166156534,0.6457559043446421,0.35424409565535786,0.07568334274322978,False,False
5,5,Mark Cuban,Kym Johnson,0.1111759594825101,0.0,0.6457559043446421,0.35424409565535786,0.07179253225701161,True,True
5,5,Mel B,Maksim Chmerkoskiy,0.1431663342621726,0.196936097159142,0.6457559043446421,0.35424409565535786,0.16221395529321253,False,False
5,5,Sabrina Bryan,Mark Ballas,0.1296725639572425,0.192204631461365,0.6457559043446421,0.35424409565535786,0.15182417965970016,False,False
5,6,Cameron Mathison,Edyta Sliwinska,0.1371445884299268,0.1481824939604064,0.6640623689371524,0.3359376310628476,0.14085263626573163,False,False
5,6,Helio Castroneves,Julianne Hough,0.1539579863689031,0.2723842374750681,0.6640623689371524,0.3359376310628476,0.1937418206211621,False,False
5,6,Jane Seymour,Tony Dovolani,0.13153472913554,0.001444744919705,0.6640623689371524,0.3359376310628476,0.08783260801306916,False,False
5,6,Jennie Garth,Derek Hough,0.1483535203892443,0.238382843110301,0.6640623689371524,0.3359376310628476,0.1785977577903487,False,False
5,6,Marie Osmond,Jonathan Roberts,0.1355211354005007,0.0834922930474454,0.6640623689371524,0.3359376310628476,0.11804268935347295,False,False
5,6,Mel B,Maksim Chmerkoskiy,0.1648372448769381,0.2561133874870739,0.6640623689371524,0.3359376310628476,0.19550033599794175,False,False
5,6,Sabrina Bryan,Mark Ballas,0.1286507953989467,0.0,0.6640623689371524,0.3359376310628476,0.08543215195827344,True,True
5,7,Cameron Mathison,Edyta Sliwinska,0.1592463766261083,0.0961360727158609,0.6884365779020082,0.3115634220979918,0.13958351437018734,False,False
5,7,Helio Castroneves,Julianne Hough,0.1622439561546984,0.2024691222993496,0.6884365779020082,0.3115634220979918,0.1747766465731862,False,False
5,7,Jane Seymour,Tony Dovolani,0.1703298197319013,0.0,0.6884365779020082,0.3115634220979918,0.11726127821089609,True,True
5,7,Jennie Garth,Derek Hough,0.1654288833499947,0.240710455158259,0.6884365779020082,0.3115634220979918,0.18888386748349323,False,False
5,7,Marie Osmond,Jonathan Roberts,0.1741371535920061,0.1955753948840745,0.6884365779020082,0.3115634220979918,0.18081652541272542,False,False
5,7,Mel B,Maksim Chmerkoskiy,0.1686138105452911,0.2651089549424558,0.6884365779020082,0.3115634220979918,0.1986781679495116,False,False
5,8,Cameron Mathison,Edyta Sliwinska,0.1913036252208189,0.0,0.7086681667296787,0.2913318332703213,0.13557078937397926,True,True
5,8,Helio Castroneves,Julianne Hough,0.213809934070327,0.389823268300242,0.7086681667296787,0.2913318332703213,0.26508822141155,False,False
5,8,Jennie Garth,Derek Hough,0.1875525737459008,0.1965340540344071,0.7086681667296787,0.2913318332703213,0.1901691648638326,False,False
5,8,Marie Osmond,Jonathan Roberts,0.1972749843675443,0.077565579269058,0.7086681667296787,0.2913318332703213,0.16239982392050273,False,False
5,8,Mel B,Maksim Chmerkoskiy,0.2100588825954089,0.3360770983962928,0.7086681667296787,0.2913318332703213,0.24677200043013536,False,False
5,9,Helio Castroneves,Julianne Hough,0.2519876792990421,0.4740935855557247,0.7297186845745106,0.2702813154254894,0.3120187558058687,False,False
5,9,Jennie Garth,Derek Hough,0.2434830960676446,0.0,0.7297186845745106,0.2702813154254894,0.17767416457861082,True,True
5,9,Marie Osmond,Jonathan Roberts,0.2525415453342712,0.0197247063869018,0.7297186845745106,0.2702813154254894,0.18961550385037187,False,False
5,9,Mel B,Maksim Chmerkoskiy,0.2519876792990421,0.5061817080573734,0.7297186845745106,0.2702813154254894,0.32069157576514856,False,False
6,2,Adam Carolla,Julianne Hough,0.0729964080538274,0.0641013983391741,0.5226474457049538,0.4773525542950462,0.0687503524460584,False,False
6,2,Cristian de la Fuente,Cheryl Burke,0.0771544295868299,0.094107214535721,0.5226474457049538,0.4773525542950462,0.08524688478459769,False,False
6,2,Jason Taylor,Edyta Sliwinska,0.1039505799050705,0.1223779527769869,0.5226474457049538,0.4773525542950462,0.11274693341442704,False,False
6,2,Kristi Yamaguchi,Mark Ballas,0.1039505799050705,0.1287472856969782,0.5226474457049538,0.4773525542950462,0.1157873507529404,False,False
6,2,Mario,Karina Smirnoff,0.094045480286286,0.1170984842528119,0.5226474457049538,0.4773525542950462,0.10504989061388097,False,False
6,2,Marissa Jaret Winokur,Tony Dovolani,0.080850451037277,0.1020975881511041,0.5226474457049538,0.4773525542950462,0.09099282621001945,False,False
6,2,Marlee Matlin,Fabian Sanchez,0.0924005154711738,0.1045162205333314,0.5226474457049538,0.4773525542950462,0.09818397822968014,False,False
6,2,Monica Seles,Jonathan Roberts,0.0577503221694836,0.0,0.5226474457049538,0.4773525542950462,0.03018305837051877,True,True
6,2,Penn Jillette,Kym Johnson,0.0701655210528776,0.0102660091064547,0.5226474457049538,0.4773525542950462,0.04157233602422599,True,True
6,2,Priscilla Presley,Louis van Amstel,0.0881366321292534,0.0978500890556206,0.5226474457049538,0.4773525542950462,0.0927733756040897,False,False
6,2,Shannon Elizabeth,Derek Hough,0.0924005154711738,0.1181075987251367,0.5226474457049538,0.4773525542950462,0.1046718573259284,False,False
6,2,Steve Guttenberg,Anna Trebunskaya,0.066198564931676,0.0407301588266798,0.5226474457049538,0.4773525542950462,0.054041156223632515,False,False
6,3,Adam Carolla,Julianne Hough,0.0910984147015035,0.100269762540744,0.5768032366529942,0.42319676334700584,0.09497969942259962,False,False
6,3,Cristian de la Fuente,Cheryl Burke,0.1083716209286057,0.1303968947865728,0.5768032366529942,0.42319676334700584,0.1176926455371288,False,False
6,3,Jason Taylor,Edyta Sliwinska,0.0999716361060357,0.1089938047124789,0.5768032366529942,0.42319676334700584,0.10378978865865343,False,False
6,3,Kristi Yamaguchi,Mark Ballas,0.1171265331876474,0.1465947219875732,0.5768032366529942,0.42319676334700584,0.1295973753094745,False,False
6,3,Mario,Karina Smirnoff,0.0855673870252476,0.1099316993951492,0.5768032366529942,0.42319676334700584,0.09587828516136537,False,False
6,3,Marissa Jaret Winokur,Tony Dovolani,0.0822251932969714,0.0808188212122716,0.5768032366529942,0.42319676334700584,0.08163002118266487,False,False
6,3,Marlee Matlin,Fabian Sanchez,0.0910984147015035,0.0615871002870691,0.5768032366529942,0.42319676334700584,0.07860932195919902,False,False
6,3,Priscilla Presley,Louis van Amstel,0.1226519958898632,0.1299948688056741,0.5768032366529942,0.42319676334700584,0.12575947594150277,False,False
6,3,Shannon Elizabeth,Derek Hough,0.1041124739445754,0.1314123262724666,0.5768032366529942,0.42319676334700584,0.11566568308959019,False,False
6,3,Steve Guttenberg,Anna Trebunskaya,0.0977763302180461,0.0,0.5768032366529942,0.42319676334700584,0.05639770373782095,True,True
6,4,Adam Carolla,Julianne Hough,0.0838461930685894,0.0,0.6015207893002102,0.39847921069978975,0.05043522823443571,True,True
6,4,Cristian de la Fuente,Cheryl Burke,0.1155765682956455,0.1459916528870132,0.6015207893002102,0.39847921069978975,0.12769634719698103,False,False
6,4,Jason Taylor,Edyta Sliwinska,0.1288714190532611,0.1581699516227957,0.6015207893002102,0.39847921069978975,0.14054627518623133,False,False
6,4,Kristi Yamaguchi,Mark Ballas,0.1288714190532611,0.1484212009463033,0.6015207893002102,0.39847921069978975,0.13666160071135358,False,False
6,4,Mario,Karina Smirnoff,0.1001042441030164,0.135116301038959,0.6015207893002102,0.39847921069978975,0.1140558209158269,False,False
6,4,Marissa Jaret Winokur,Tony Dovolani,0.1063588060609253,0.1301798181523045,0.6015207893002102,0.39847921069978975,0.11585098415716824,False,False
6,4,Marlee Matlin,Fabian Sanchez,0.1063588060609253,0.0955173730721509,0.6015207893002102,0.39847921069978975,0.10203872040070383,False,False
6,4,Priscilla Presley,Louis van Amstel,0.1062817989629393,0.0313114974397652,0.6015207893002102,0.39847921069978975,0.07640769238605963,False,False
6,4,Shannon Elizabeth,Derek Hough,0.1237307453414364,0.1552922048407079,0.6015207893002102,0.39847921069978975,0.1363073308112395,False,False
6,5,Cristian de la Fuente,Cheryl Burke,0.1173126998100838,0.1440763521574461,0.6299956315240465,0.3700043684759535,0.12721536809497958,False,False
6,5,Jason Taylor,Edyta Sliwinska,0.1375653815569294,0.1585688759030849,0.6299956315240465,0.3700043684759535,0.14533676621826694,False,False
6,5,Kristi Yamaguchi,Mark Ballas,0.1478827846005126,0.1858505824351457,0.6299956315240465,0.3700043684759535,0.16193103566073871,False,False
6,5,Mario,Karina Smirnoff,0.1290455274923311,0.1764869926508845,0.6299956315240465,0.3700043684759535,0.1465990768478956,False,False
6,5,Marissa Jaret Winokur,Tony Dovolani,0.122280339161715,0.1461673852102437,0.6299956315240465,0.3700043684759535,0.13111865054965688,False,False
6,5,Marlee Matlin,Fabian Sanchez,0.1119629361181318,0.0369740754000691,0.6299956315240465,0.3700043684759535,0.08421673006541378,False,False
6,5,Priscilla Presley,Louis van Amstel,0.1166376314502123,0.0,0.6299956315240465,0.3700043684759535,0.07348119828494548,True,True
6,5,Shannon Elizabeth,Derek Hough,0.1173126998100838,0.1518757362431258,0.6299956315240465,0.3700043684759535,0.1301011742781029,False,False
6,6,Cristian de la Fuente,Cheryl Burke,0.1514578484351424,0.1966010983561219,0.650610449779173,0.34938955022082696,0.16723042822053982,False,False
6,6,Jason Taylor,Edyta Sliwinska,0.1346291986090155,0.1325923739544248,0.650610449779173,0.34938955022082696,0.13391755335906938,False,False
6,6,Kristi Yamaguchi,Mark Ballas,0.1682864982612694,0.2060635735624732,0.650610449779173,0.34938955022082696,0.1814854136094153,False,False
6,6,Mario,Karina Smirnoff,0.1472081711653888,0.1797594656351839,0.650610449779173,0.34938955022082696,0.15858125329929623,False,False
6,6,Marissa Jaret Winokur,Tony Dovolani,0.1459885361372797,0.1736934366141342,0.650610449779173,0.34938955022082696,0.15566833885380066,False,False
6,6,Marlee Matlin,Fabian Sanchez,0.1178005487828885,0.0,0.650610449779173,0.34938955022082696,0.0766422680278685,True,True
6,6,Shannon Elizabeth,Derek Hough,0.1346291986090155,0.1112900518776617,0.650610449779173,0.34938955022082696,0.1264747446300099,False,False
6,7,Cristian de la Fuente,Cheryl Burke,0.150329642531631,0.1186878182258668,0.6765472547948529,0.3234527452051471,0.14009500759663263,False,False
6,7,Jason Taylor,Edyta Sliwinska,0.1800036491734641,0.2695105236577579,0.6765472547948529,0.3234527452051471,0.20895489344014145,False,False
6,7,Kristi Yamaguchi,Mark Ballas,0.1769242702938224,0.3005365993370035,0.6765472547948529,0.3234527452051471,0.21690701746404126,False,False
6,7,Mario,Karina Smirnoff,0.1562503885367039,0.0809920942248205,0.6765472547948529,0.3234527452051471,0.13190788664206832,False,False
6,7,Marissa Jaret Winokur,Tony Dovolani,0.1699256853666571,0.2302729645545511,0.6765472547948529,0.3234527452051471,0.18944517848564285,False,False
6,7,Shannon Elizabeth,Derek Hough,0.1665663640977214,0.0,0.6765472547948529,0.3234527452051471,0.11269001637147337,True,True
6,8,Cristian de la Fuente,Cheryl Burke,0.2160329244213973,0.405898242693678,0.6986449369721226,0.3013550630278774,0.27324979937614846,False,False
6,8,Jason Taylor,Edyta Sliwinska,0.1973989475238326,0.1622219153445127,0.6986449369721226,0.3013550630278774,0.18679817077429997,False,False
6,8,Kristi Yamaguchi,Mark Ballas,0.2084581374341644,0.3495338305772117,0.6986449369721226,0.3013550630278774,0.2509720118329889,False,False
6,8,Mario,Karina Smirnoff,0.188513073011894,0.0,0.6986449369721226,0.3013550630278774,0.1317037040128158,True,True
6,8,Marissa Jaret Winokur,Tony Dovolani,0.1895969176087115,0.0823460113845974,0.6986449369721226,0.3013550630278774,0.15727631400374664,False,False
6,9,Cristian de la Fuente,Cheryl Burke,0.2549999981818254,0.3723449363350697,0.7233406908146628,0.2766593091853372,0.28746456770769807,False,False
6,9,Jason Taylor,Edyta Sliwinska,0.2495454563636291,0.2009194089666413,0.7233406908146628,0.2766593091853372,0.23609260768236498,False,False
6,9,Kristi Yamaguchi,Mark Ballas,0.2595454527272799,0.4267356546982889,0.7233406908146628,0.2766593091853372,0.30580017850713626,False,False
6,9,Marissa Jaret Winokur,Tony Dovolani,0.2359090927272654,0.0,0.7233406908146628,0.2766593091853372,0.1706426461028005,True,True
7,1,Brooke Burke,Derek Hough,0.0959015759160011,0.1127584829599334,0.5500616764092775,0.4499383235907225,0.10348614441227263,False,False
7,1,Cloris Leachman,Corky Ballas,0.069091563205267,0.0626711231681146,0.5500616764092775,0.4499383235907225,0.0662027611782359,False,False
7,1,Cody Linley,Julianne Hough,0.0753563556684911,0.0934105878333077,0.5500616764092775,0.4499383235907225,0.08347964662244638,False,False
7,1,Jeffrey Ross,Edyta Sliwinska,0.0469752929513302,0.0,0.5500616764092775,0.4499383235907225,0.025839308390625607,True,True
7,1,Kim Kardashian,Mark Ballas,0.0723381631247583,0.087836989197981,0.5500616764092775,0.4499383235907225,0.0793116789457683,False,False
7,1,Lance Bass,Lacey Schwimmer,0.0844039932037959,0.1004527025239525,0.5500616764092775,0.4499383235907225,0.09162492257110197,False,False
7,1,Maurice Greene,Cheryl Burke,0.0763348510459116,0.0893638296317241,0.5500616764092775,0.4499383235907225,0.0821970878289115,False,False
7,1,Misty May-Treanor,Maksim Chmerkoskiy,0.0820362884547782,0.0946280891578753,0.5500616764092775,0.4499383235907225,0.08770182215411819,False,False
7,1,Rocco DiSpirito,Karina Smirnoff,0.0685877157292324,0.0714881499955279,0.5500616764092775,0.4499383235907225,0.06989273226069448,False,False
7,1,Susan Lucci,Tony Dovolani,0.078939817629143,0.0803337875360737,0.5500616764092775,0.4499383235907225,0.07956701811220332,False,False
7,1,Ted McGinley,Inna Brayer,0.0777221897938003,0.0067765782314901,0.5500616764092775,0.4499383235907225,0.04580104026133587,True,True
7,1,Toni Braxton,Alec Mazo,0.0881544405993219,0.0998152445368208,0.5500616764092775,0.4499383235907225,0.09340108317468025,False,False
7,1,Warren Sapp,Kym Johnson,0.0841577526781685,0.1004644352271985,0.5500616764092775,0.4499383235907225,0.09149475408760514,False,False
7,2,Brooke Burke,Derek Hough,0.1075886254098689,0.1568305943538936,0.5776477954375375,0.4223522045624625,0.12838607955037404,False,False
7,2,Cloris Leachman,Corky Ballas,0.0739671799692849,0.0457021888265993,0.5776477954375375,0.4223522045624625,0.06202939864823316,False,True
7,2,Cody Linley,Julianne Hough,0.0883096598571932,0.1337973150724287,0.5776477954375375,0.4223522045624625,0.1075214713177251,False,False
7,2,Kim Kardashian,Mark Ballas,0.0761189529212831,0.0,0.5776477954375375,0.4223522045624625,0.043969945345992884,True,True
7,2,Lance Bass,Lacey Schwimmer,0.0897020162135777,0.0802141186067196,0.5776477954375375,0.4223522045624625,0.08569478174265827,False,False
7,2,Maurice Greene,Cheryl Burke,0.0851295000774592,0.1083880785308775,0.5776477954375375,0.4223522045624625,0.09495281196224942,False,False
7,2,Misty May-Treanor,Maksim Chmerkoskiy,0.0941400472336353,0.0249463898551745,0.5776477954375375,0.4223522045624625,0.06491595349810268,True,False
7,2,Rocco DiSpirito,Karina Smirnoff,0.0716809219012256,0.0503857424914213,0.5776477954375375,0.4223522045624625,0.06268685593094159,False,False
7,2,Susan Lucci,Tony Dovolani,0.1026238766167914,0.123048845157621,0.5776477954375375,0.4223522045624625,0.11125040710812972,False,False
7,2,Toni Braxton,Alec Mazo,0.1031505943898114,0.1277091230210056,0.5776477954375375,0.4223522045624625,0.11352294309800662,False,False
7,2,Warren Sapp,Kym Johnson,0.1075886254098689,0.1489776040842585,0.5776477954375375,0.4223522045624625,0.1250693517975861,False,False
7,4,Brooke Burke,Derek Hough,0.1262114500667445,0.1592369389540797,0.6213834818639331,0.3786165181360669,0.13871544567900873,False,False
7,4,Cody Linley,Julianne Hough,0.1049252995310279,0.1337894330997301,0.6213834818639331,0.3786165181360669,0.1158537372818243,False,False
7,4,Lance Bass,Lacey Schwimmer,0.1262114500667445,0.1517341227531172,0.6213834818639331,0.3786165181360669,0.13587475553278544,False,False
7,4,Maurice Greene,Cheryl Burke,0.0972858244930563,0.1066687595617601,0.6213834818639331,0.3786165181360669,0.10083835869866573,False,False
7,4,Rocco DiSpirito,Karina Smirnoff,0.0874011689792134,0.0,0.6213834818639331,0.3786165181360669,0.0543096426992816,True,True
7,4,Susan Lucci,Tony Dovolani,0.1270369277129693,0.1309662269662797,0.6213834818639331,0.3786165181360669,0.12852462531497233,False,False
7,4,Toni Braxton,Alec Mazo,0.1069623825875162,0.1022774081671058,0.6213834818639331,0.3786165181360669,0.10518857388490388,False,False
7,4,Warren Sapp,Kym Johnson,0.1066502364584417,0.108557265424043,0.6213834818639331,0.3786165181360669,0.10737226912538228,False,False
7,5,Brooke Burke,Derek Hough,0.1469397796263222,0.216505171245195,0.6406927827825828,0.3593072172174172,0.17193512690353924,False,False
7,5,Cody Linley,Julianne Hough,0.1332732326203775,0.2036538024643772,0.6406927827825828,0.3593072172174172,0.1585614793172011,False,False
7,5,Lance Bass,Lacey Schwimmer,0.1064781009139534,0.0829117636045753,0.6406927827825828,0.3593072172174172,0.09801054583531377,False,False
7,5,Maurice Greene,Cheryl Burke,0.1369004154607973,0.1860752413694192,0.6406927827825828,0.3593072172174172,0.15456928531517516,False,False
7,5,Susan Lucci,Tony Dovolani,0.1213800591566161,0.0839389657238861,0.6406927827825828,0.3593072172174172,0.10792720406572456,False,False
7,5,Toni Braxton,Alec Mazo,0.1113456719715813,0.0,0.6406927827825828,0.3593072172174172,0.07133836842626905,True,True
7,5,Warren Sapp,Kym Johnson,0.1265568292450032,0.1648283266643201,0.6406927827825828,0.3593072172174172,0.1403080544814815,False,False
7,7,Brooke Burke,Derek Hough,0.2028746546704455,0.2720328809508165,0.6875676644416251,0.3124323355583749,0.2244819208302964,False,False
7,7,Cody Linley,Julianne Hough,0.1396399572328366,0.1721229389244412,0.6875676644416251,0.3124323355583749,0.14978869106864456,False,False
7,7,Lance Bass,Lacey Schwimmer,0.1699075204335829,0.2418113576107456,0.6875676644416251,0.3124323355583749,0.19237260421845293,False,False
7,7,Maurice Greene,Cheryl Burke,0.1686395581212654,0.242561311346358,0.6875676644416251,0.3124323355583749,0.19173510412995093,False,False
7,7,Susan Lucci,Tony Dovolani,0.1769260512725577,0.0,0.6875676644416251,0.3124323355583749,0.12164863185235171,True,False
7,7,Warren Sapp,Kym Johnson,0.1420122582693118,0.0714715111676384,0.6875676644416251,0.3124323355583749,0.11997304790030332,False,True
7,8,Brooke Burke,Derek Hough,0.218503777755064,0.3394823799602579,0.7084582810646995,0.29154171893530045,0.25377408739635615,False,False
7,8,Cody Linley,Julianne Hough,0.1782357900970926,0.1720573036241529,0.7084582810646995,0.29154171893530045,0.17643450353035325,False,False
7,8,Lance Bass,Lacey Schwimmer,0.1989096879805643,0.2034058686918628,0.7084582810646995,0.29154171893530045,0.20022051223378,False,False
7,8,Maurice Greene,Cheryl Burke,0.1900032875859602,0.0,0.7084582810646995,0.29154171893530045,0.13460940251979112,True,True
7,9,Brooke Burke,Derek Hough,0.2473623594941764,0.3296069572285022,0.72893518068329,0.27106481931671,0.2696559765188069,False,False
7,9,Cody Linley,Julianne Hough,0.2176681259098632,0.0,0.72893518068329,0.27106481931671,0.15866595468909925,True,True
7,9,Lance Bass,Lacey Schwimmer,0.2877755426915558,0.3571323510210052,0.72893518068329,0.27106481931671,0.3065757334097617,False,False
8,2,Belinda Carlisle,Jonathan Roberts,0.0716507255401011,0.0,0.5670790563766605,0.43292094362333955,0.04063162582798362,True,True
8,2,Chuck Wicks,Julianne Hough,0.074058695166692,0.0897283630936505,0.5670790563766605,0.43292094362333955,0.08084242259189525,False,False
8,2,David Alan Grier,Kym Johnson,0.0679935519081459,0.0439897190974281,0.5670790563766605,0.43292094362333955,0.05760178995715307,False,False
8,2,Denise Richards,Maksim Chmerkoskiy,0.0778833221709815,0.0898608759333022,0.5670790563766605,0.43292094362333955,0.08306865604806465,False,False
8,2,Gilles Marini,Cheryl Burke,0.1001356999341191,0.1084943067033525,0.5670790563766605,0.43292094362333955,0.10375431586403205,False,False
8,2,Holly Madison,Dmitry Chaplin,0.0667571332894127,0.0756077432457894,0.5670790563766605,0.43292094362333955,0.07058874770336943,False,False
8,2,Lawrence Taylor,Edyta Sliwinska,0.0799353394981627,0.083485552788247,0.5670790563766605,0.43292094362333955,0.08147230118577012,False,False
8,2,Lil' Kim,Derek Hough,0.0856021146058204,0.1004157003648602,0.5670790563766605,0.43292094362333955,0.09201522613106917,False,False
8,2,Melissa Rycroft,Tony Dovolani,0.0967283034873892,0.1013596382983459,0.5670790563766605,0.43292094362333955,0.0987333053239842,False,False
8,2,Shawn Johnson,Mark Ballas,0.0834968738181953,0.103789573477173,0.5670790563766605,0.43292094362333955,0.09228200850322495,False,False
8,2,Steve Wozniak,Karina Smirnoff,0.0690587668956137,0.0598296374107912,0.5670790563766605,0.43292094362333955,0.06506328345022236,False,False
8,2,Steve-O,Lacey Schwimmer,0.052223547961114,0.0610720786656738,0.5670790563766605,0.43292094362333955,0.05605426222341212,False,False
8,2,Ty Murray,Chelsie Hightower,0.0744759257242516,0.0823668109213858,0.5670790563766605,0.43292094362333955,0.07789205518981838,False,False
8,3,Chuck Wicks,Julianne Hough,0.0897346768979374,0.0977872853607463,0.581829211184398,0.418170788815602,0.09310204253085338,False,False
8,3,David Alan Grier,Kym Johnson,0.100437746376546,0.0943454800039919,0.581829211184398,0.418170788815602,0.0978901385418603,False,False
8,3,Denise Richards,Maksim Chmerkoskiy,0.0623296735166503,0.0,0.581829211184398,0.418170788815602,0.03626522477557371,True,True
8,3,Gilles Marini,Cheryl Burke,0.1052753195177915,0.1212497280040845,0.581829211184398,0.418170788815602,0.11195535051536729,False,False
8,3,Holly Madison,Dmitry Chaplin,0.0662566099309223,0.0604736476866248,0.581829211184398,0.418170788815602,0.06383834404753358,False,False
8,3,Lawrence Taylor,Edyta Sliwinska,0.0837579061227022,0.0686282722543014,0.581829211184398,0.418170788815602,0.07743113519346179,False,False
8,3,Lil' Kim,Derek Hough,0.0975049982078644,0.1103803540930307,0.581829211184398,0.418170788815602,0.10288909593464599,False,False
8,3,Melissa Rycroft,Tony Dovolani,0.1052753195177915,0.1175242383361045,0.581829211184398,0.418170788815602,0.11039745956218372,False,False
8,3,Shawn Johnson,Mark Ballas,0.098755289923541,0.1246609990308227,0.581829211184398,0.418170788815602,0.10958830073576051,False,False
8,3,Steve Wozniak,Karina Smirnoff,0.0425350459879374,0.0640663768292785,0.581829211184398,0.418170788815602,0.05153881959011071,False,False
8,3,Steve-O,Lacey Schwimmer,0.0584862886209952,0.0694761355460291,0.581829211184398,0.418170788815602,0.06308192157859935,False,False
8,3,Ty Murray,Chelsie Hightower,0.0896511253793204,0.0714074828549851,0.581829211184398,0.418170788815602,0.08202216699404925,False,False
8,4,Chuck Wicks,Julianne Hough,0.0899930331386694,0.1155208148442625,0.5913690964966485,0.4086309035033515,0.10042447364146223,False,False
8,4,David Alan Grier,Kym Johnson,0.0965899193122279,0.1068936717651725,0.5913690964966485,0.4086309035033515,0.10080035098654953,False,False
8,4,Gilles Marini,Cheryl Burke,0.1225711566277328,0.1414559680299536,0.5913690964966485,0.4086309035033515,0.13028807417351268,False,False
8,4,Holly Madison,Dmitry Chaplin,0.0652207579451261,0.010167925195803,0.5913690964966485,0.4086309035033515,0.042724469158351305,True,True
8,4,Lawrence Taylor,Edyta Sliwinska,0.0836420227369361,0.0733507147610777,0.5913690964966485,0.4086309035033515,0.07943667626052983,False,False
8,4,Lil' Kim,Derek Hough,0.1105075738659571,0.134334713815078,0.5913690964966485,0.4086309035033515,0.12024407959126718,False,False
8,4,Melissa Rycroft,Tony Dovolani,0.1186359769964731,0.1316877532092516,0.5913690964966485,0.4086309035033515,0.12396933610262434,False,False
8,4,Shawn Johnson,Mark Ballas,0.0958569618841859,0.1295310682438406,0.5913690964966485,0.4086309035033515,0.10961724239059956,False,False
8,4,Steve Wozniak,Karina Smirnoff,0.0534468703773822,0.0,0.5913690964966485,0.4086309035033515,0.031606827445645996,True,True
8,4,Steve-O,Lacey Schwimmer,0.0612855783138664,0.0419872333023125,0.5913690964966485,0.4086309035033515,0.05339967815567573,False,False
8,4,Ty Murray,Chelsie Hightower,0.1022501488014426,0.1150701368332477,0.5913690964966485,0.4086309035033515,0.10748879209378127,False,False
8,5,Chuck Wicks,Julianne Hough,0.1086881512995207,0.128407876232428,0.6198029550448583,0.3801970449551417,0.11618553244634028,False,False
8,5,David Alan Grier,Kym Johnson,0.1114369611663047,0.0,0.6198029550448583,0.3801970449551417,0.06906895783209477,True,True
8,5,Gilles Marini,Cheryl Burke,0.1372529770311922,0.1752370016972401,0.6198029550448583,0.3801970449551417,0.15169439096472684,False,False
8,5,Lawrence Taylor,Edyta Sliwinska,0.101434814035668,0.0204837795099223,0.6198029550448583,0.3801970449551417,0.07065746992291783,False,False
8,5,Lil' Kim,Derek Hough,0.1230718575826756,0.1701410772401249,0.6198029550448583,0.3801970449551417,0.14096743580478227,False,False
8,5,Melissa Rycroft,Tony Dovolani,0.1183110532940637,0.1409222669580279,0.6198029550448583,0.3801970449551417,0.1269077699119522,False,False
8,5,Shawn Johnson,Mark Ballas,0.1154496327598593,0.1718045082420685,0.6198029550448583,0.3801970449551417,0.1368755898870102,False,False
8,5,Steve-O,Lacey Schwimmer,0.0850867166910994,0.0885199842977082,0.6198029550448583,0.3801970449551417,0.08639203488967229,False,False
8,5,Ty Murray,Chelsie Hightower,0.099267836139616,0.1044835058224797,0.6198029550448583,0.3801970449551417,0.1012508183405029,False,False
8,6,Chuck Wicks,Julianne Hough,0.1237171088062791,0.1443432787344865,0.637579465082726,0.362420534917274,0.13119245634495463,False,False
8,6,Gilles Marini,Cheryl Burke,0.1398211735750447,0.1707391019310427,0.637579465082726,0.362420534917274,0.15102646570835945,False,False
8,6,Lawrence Taylor,Edyta Sliwinska,0.1270923796558845,0.075636830620797,0.637579465082726,0.362420534917274,0.10844383205012606,False,False
8,6,Lil' Kim,Derek Hough,0.1508098289999647,0.1985634975296171,0.637579465082726,0.362420534917274,0.1681167390927435,False,False
8,6,Melissa Rycroft,Tony Dovolani,0.1449365829188903,0.1760082954599312,0.637579465082726,0.362420534917274,0.15619760959881013,False,False
8,6,Shawn Johnson,Mark Ballas,0.130983885875055,0.1786837580471137,0.637579465082726,0.362420534917274,0.1482712990631381,False,False
8,6,Steve-O,Lacey Schwimmer,0.0860146515562879,0.0,0.637579465082726,0.362420534917274,0.054841175528535104,True,True
8,6,Ty Murray,Chelsie Hightower,0.0966243886125935,0.0560252376770117,0.637579465082726,0.362420534917274,0.0819104226133328,False,False
8,7,Chuck Wicks,Julianne Hough,0.1484289092196665,0.1887599535650362,0.6577324352935455,0.3422675647064545,0.16223291754982422,False,False
8,7,Gilles Marini,Cheryl Burke,0.1484289092196665,0.1910265043774335,0.6577324352935455,0.3422675647064545,0.16300868437666688,False,False
8,7,Lawrence Taylor,Edyta Sliwinska,0.1239073132858428,0.0,0.6577324352935455,0.3422675647064545,0.08149785891817768,True,True
8,7,Lil' Kim,Derek Hough,0.1432064091188862,0.1428181426734348,0.6577324352935455,0.3422675647064545,0.14307351810814434,False,False
8,7,Melissa Rycroft,Tony Dovolani,0.1596985101432936,0.2119854237143212,0.6577324352935455,0.3422675647064545,0.17759462471726606,False,False
8,7,Shawn Johnson,Mark Ballas,0.144393140817385,0.2116352375404609,0.6577324352935455,0.3422675647064545,0.16740792950854805,False,False
8,7,Ty Murray,Chelsie Hightower,0.1319368081952591,0.0537747381293133,0.6577324352935455,0.3422675647064545,0.10518446682137257,False,False
8,8,Chuck Wicks,Julianne Hough,0.1651680736224794,0.0,0.6828937767438068,0.3171062232561932,0.11279224959355409,True,True
8,8,Gilles Marini,Cheryl Burke,0.1780414678692512,0.2351401525521318,0.6828937767438068,0.3171062232561932,0.19614781612193571,False,False
8,8,Lil' Kim,Derek Hough,0.1811990930794067,0.2406627562114972,0.6828937767438068,0.3171062232561932,0.20005539071620246,False,False
8,8,Melissa Rycroft,Tony Dovolani,0.1488941607594019,0.1299006608136395,0.6828937767438068,0.3171062232561932,0.14287120372518447,False,False
8,8,Shawn Johnson,Mark Ballas,0.1581286124306755,0.2159439908235656,0.6828937767438068,0.3171062232561932,0.1764622287189726,False,False
8,8,Ty Murray,Chelsie Hightower,0.168568592238785,0.1783524395991657,0.6828937767438068,0.3171062232561932,0.1716711111241504,False,False
8,9,Gilles Marini,Cheryl Burke,0.212882580375671,0.2987675986057793,0.7058056672532483,0.29419433274675166,0.23814946600682033,False,False
8,9,Lil' Kim,Derek Hough,0.1969448511947229,0.0,0.7058056672532483,0.29419433274675166,0.1390047921095831,True,True
8,9,Melissa Rycroft,Tony Dovolani,0.2162978111065968,0.3217184365905351,0.7058056672532483,0.29419433274675166,0.24731196167858924,False,False
8,9,Shawn Johnson,Mark Ballas,0.1996980967710859,0.314239108840207,0.7058056672532483,0.29419433274675166,0.2333954133888986,False,False
8,9,Ty Murray,Chelsie Hightower,0.1741766605519233,0.0652748559634784,0.7058056672532483,0.29419433274675166,0.1421383668161086,False,False
8,10,Gilles Marini,Cheryl Burke,0.278389265334224,0.3837345903528878,0.7278697779912113,0.27213022200878867,0.307056912019141,False,False
8,10,Melissa Rycroft,Tony Dovolani,0.2547261819566163,0.2727880977292783,0.7278697779912113,0.27213022200878867,0.2596413751057348,False,False
8,10,Shawn Johnson,Mark Ballas,0.2441731404417804,0.3434773119178338,0.7278697779912113,0.27213022200878867,0.2711968066719576,False,False
8,10,Ty Murray,Chelsie Hightower,0.2227114122673792,0.0,0.7278697779912113,0.27213022200878867,0.16210490620316645,True,True
9,1,Aaron Carter,Karina Smirnoff,0.0732150894759478,0.0851636972215023,0.5572882068164184,0.44271179318358156,0.07850487903702946,False,False
9,1,Ashley Hamiliton,Edyta Sliwinska,0.046185256362432,0.0017710681914612,0.5572882068164184,0.44271179318358156,0.0265225714744685,True,True
9,1,Chuck Liddell,Anna Trebunskaya,0.0536783402404144,0.0637560018733188,0.5572882068164184,0.44271179318358156,0.05813983989301489,False,False
9,1,Debi Mazar,Maksim Chmerkoskiy,0.0576131992867354,0.0656725136235363,0.5572882068164184,0.44271179318358156,0.061181152788610665,False,False
9,1,Donny Osmond,Kym Johnson,0.078709113349117,0.0762062761486822,0.5572882068164184,0.44271179318358156,0.07760107780406593,False,False
9,1,Joanna Krupa,Derek Hough,0.0830161511264949,0.0913877099281705,0.5572882068164184,0.44271179318358156,0.08672233893532649,False,False
9,1,Kathy Ireland,Tony Dovolani,0.052371651154977,0.0606960499075494,0.5572882068164184,0.44271179318358156,0.0560569606539035,False,False
9,1,Kelly Osbourne,Louis van Amstel,0.0710389430000346,0.0783872581251688,0.5572882068164184,0.44271179318358156,0.07429212876596081,False,False
9,1,Louie Vito,Chelsie Hightower,0.0617626647776857,0.0705585701772274,0.5572882068164184,0.44271179318358156,0.06565671582978995,False,False
9,1,Macy Gray,Jonathan Roberts,0.04643705184779,0.0,0.5572882068164184,0.44271179318358156,0.02587882135409594,True,True
9,1,Mark Dacascos,Lacey Schwimmer,0.0759981238494916,0.0739384685749619,0.5572882068164184,0.44271179318358156,0.07508629016956454,False,False
9,1,Melissa Joan Hart,Mark Ballas,0.0585998084416682,0.0717134528525204,0.5572882068164184,0.44271179318358156,0.06440537347396844,False,False
9,1,Michael Irvin,Anna Demidova,0.0463533641852058,0.0469624807316447,0.5572882068164184,0.44271179318358156,0.04662302726373756,False,False
9,1,Mya,Dmitry Chaplin,0.0759429705566443,0.0811510981659282,0.5572882068164184,0.44271179318358156,0.0782486700696793,False,False
9,1,Natalie Coughlin,Alec Mazo,0.0658861453340249,0.070584039691646,0.5572882068164184,0.44271179318358156,0.06796595856927437,False,False
9,1,Tom DeLay,Cheryl Burke,0.0531921270113359,0.0620513147866814,0.5572882068164184,0.44271179318358156,0.05711419391750917,False,False
9,2,Aaron Carter,Karina Smirnoff,0.0850903628528832,0.0938716620351726,0.5864567455509133,0.4135432544490867,0.08872180989501827,False,False
9,2,Chuck Liddell,Anna Trebunskaya,0.0637117163406823,0.0670659920258014,0.5864567455509133,0.4135432544490867,0.06509885442382589,False,False
9,2,Debi Mazar,Maksim Chmerkoskiy,0.0757225132312663,0.083608560877505,0.5864567455509133,0.4135432544490867,0.07898373503963241,False,False
9,2,Donny Osmond,Kym Johnson,0.0900170698799404,0.0856613316827493,0.5864567455509133,0.4135432544490867,0.08821578373034579,False,False
9,2,Joanna Krupa,Derek Hough,0.067167266596239,0.0802338683570373,0.5864567455509133,0.4135432544490867,0.0725708716129897,False,False
9,2,Kathy Ireland,Tony Dovolani,0.0649050113410854,0.0,0.5864567455509133,0.4135432544490867,0.03806398172103806,True,True
9,2,Kelly Osbourne,Louis van Amstel,0.0597658506055368,0.0674941480137098,0.5864567455509133,0.4135432544490867,0.0629618358670631,False,False
9,2,Louie Vito,Chelsie Hightower,0.0597658506055368,0.0671958497256498,0.5864567455509133,0.4135432544490867,0.06283847662222218,False,False
9,2,Mark Dacascos,Lacey Schwimmer,0.0757225132312663,0.0823580004800673,0.5864567455509133,0.4135432544490867,0.07846657422299089,False,False
9,2,Melissa Joan Hart,Mark Ballas,0.0638556969714152,0.0733890815285244,0.5864567455509133,0.4135432544490867,0.0677981638470768,False,False
9,2,Michael Irvin,Anna Demidova,0.0670952762808725,0.0684676890860454,0.5864567455509133,0.4135432544490867,0.0676628283387713,False,False
9,2,Mya,Dmitry Chaplin,0.0907082055468375,0.092145109680324,0.5864567455509133,0.4135432544490867,0.09130242755853085,False,False
9,2,Natalie Coughlin,Alec Mazo,0.0705508265364292,0.0810633314163213,0.5864567455509133,0.4135432544490867,0.07489820201687168,False,False
9,2,Tom DeLay,Cheryl Burke,0.0659218399800084,0.0574453750910919,0.5864567455509133,0.4135432544490867,0.062416455103622454,False,False
9,3,Aaron Carter,Karina Smirnoff,0.0758370172962459,0.1102303893365834,0.6042850250139244,0.39571497498607555,0.08944698965287484,False,False
9,3,Chuck Liddell,Anna Trebunskaya,0.0655140242295939,0.0436939864762861,0.6042850250139244,0.39571497498607555,0.056879508535848486,False,False
9,3,Debi Mazar,Maksim Chmerkoskiy,0.0703164911044289,0.0069392871702745,0.6042850250139244,0.39571497498607555,0.04523718243493759,True,False
9,3,Donny Osmond,Kym Johnson,0.0864514374255675,0.1072850606318265,0.6042850250139244,0.39571497498607555,0.0946956141115016,False,False
9,3,Joanna Krupa,Derek Hough,0.0882305025155963,0.1206958952614883,0.6042850250139244,0.39571497498607555,0.10107754459395007,False,False
9,3,Kelly Osbourne,Louis van Amstel,0.0722506018309749,0.0993199592358092,0.6042850250139244,0.39571497498607555,0.08296235191931806,False,False
9,3,Louie Vito,Chelsie Hightower,0.0725291578446035,0.096948910456843,0.6042850250139244,0.39571497498607555,0.08219241963872201,False,False
9,3,Mark Dacascos,Lacey Schwimmer,0.0741012320790579,0.0836078274699987,0.6042850250139244,0.39571497498607555,0.07786313423638677,False,False
9,3,Melissa Joan Hart,Mark Ballas,0.0731975387310924,0.0922747277584538,0.6042850250139244,0.39571497498607555,0.08074666810985935,False,False
9,3,Michael Irvin,Anna Demidova,0.0540073116561513,0.0039711298722125,0.6042850250139244,0.39571497498607555,0.03420724523312123,False,True
9,3,Mya,Dmitry Chaplin,0.1044883721012413,0.1207610076208995,0.6042850250139244,0.39571497498607555,0.11092769765886037,False,False
9,3,Natalie Coughlin,Alec Mazo,0.1000341619499216,0.1142718187093238,0.6042850250139244,0.39571497498607555,0.10566821593832877,False,False
9,3,Tom DeLay,Cheryl Burke,0.0630421512355241,0.0,0.6042850250139244,0.39571497498607555,0.03809542793629029,True,True
9,4,Aaron Carter,Karina Smirnoff,0.0697427914900131,0.0966460967800088,0.6237304412172703,0.3762695587827297,0.07986568630127686,False,False
9,4,Chuck Liddell,Anna Trebunskaya,0.0704234668279746,0.0,0.6237304412172703,0.3762695587827297,0.04392526003666239,True,True
9,4,Donny Osmond,Kym Johnson,0.1063964595014036,0.1074262691745856,0.6237304412172703,0.3762695587827297,0.10678394553276196,False,False
9,4,Joanna Krupa,Derek Hough,0.1075971446322642,0.1279444246081291,0.6237304412172703,0.3762695587827297,0.11525320669121156,False,False
9,4,Kelly Osbourne,Louis van Amstel,0.0893095185697331,0.1034095073567415,0.6237304412172703,0.3762695587827297,0.09461491512946218,False,False
9,4,Louie Vito,Chelsie Hightower,0.0620581689167689,0.0632212330942287,0.6237304412172703,0.3762695587827297,0.0624957945616577,False,False
9,4,Mark Dacascos,Lacey Schwimmer,0.097677860330331,0.078155613122134,0.6237304412172703,0.3762695587827297,0.09033223298685533,False,False
9,4,Melissa Joan Hart,Mark Ballas,0.115720282012562,0.1376052630035079,0.6237304412172703,0.3762695587827297,0.12395493415399364,False,False
9,4,Mya,Dmitry Chaplin,0.1160644817864227,0.1309844937273222,0.6237304412172703,0.3762695587827297,0.12167842809645801,False,False
9,4,Natalie Coughlin,Alec Mazo,0.0991298074781056,0.1105824907270296,0.6237304412172703,0.3762695587827297,0.1034391035510566,False,False
9,5,Aaron Carter,Karina Smirnoff,0.0931536160188092,0.1176076734106277,0.6473260060147614,0.3526739939852386,0.10177792610832608,False,False
9,5,Donny Osmond,Kym Johnson,0.1289656938707833,0.1343880064769493,0.6473260060147614,0.3526739939852386,0.13087800251423637,False,False
9,5,Joanna Krupa,Derek Hough,0.0993038114536494,0.1245188025079816,0.6473260060147614,0.3526739939852386,0.10819648305708279,False,False
9,5,Kelly Osbourne,Louis van Amstel,0.0931536160188092,0.1132251603499326,0.6473260060147614,0.3526739939852386,0.10023232772351826,False,False
9,5,Louie Vito,Chelsie Hightower,0.0852355593558594,0.0870967213385591,0.6473260060147614,0.3526739939852386,0.08589194278575159,False,False
9,5,Mark Dacascos,Lacey Schwimmer,0.1155095631049336,0.119350589378341,0.6473260060147614,0.3526739939852386,0.11686419318177843,False,False
9,5,Melissa Joan Hart,Mark Ballas,0.0952075290449925,0.1030840065803811,0.6473260060147614,0.3526739939852386,0.097985357835933,False,False
9,5,Mya,Dmitry Chaplin,0.1117167878853555,0.1269985665900912,0.6473260060147614,0.3526739939852386,0.11710627381635319,False,False
9,5,Natalie Coughlin,Alec Mazo,0.0908629882248644,0.0,0.6473260060147614,0.3526739939852386,0.05881797526216777,True,True
9,6,Aaron Carter,Karina Smirnoff,0.1191459176198306,0.1643950913346509,0.6666873353063952,0.33331266469360477,0.13422804028590116,False,False
9,6,Donny Osmond,Kym Johnson,0.1282439907500674,0.1366431970225399,0.6666873353063952,0.33331266469360477,0.13104355257405645,False,False
9,6,Joanna Krupa,Derek Hough,0.1385303398813952,0.1930634234936379,0.6666873353063952,0.33331266469360477,0.15670690729415096,False,False
9,6,Kelly Osbourne,Louis van Amstel,0.0905609320490847,0.1245988645042165,0.6666873353063952,0.33331266469360477,0.10190620601636562,False,False
9,6,Louie Vito,Chelsie Hightower,0.0867758465929759,0.0,0.6666873353063952,0.33331266469360477,0.05785235793402763,True,True
9,6,Mark Dacascos,Lacey Schwimmer,0.1324299902012632,0.149702745245315,0.6666873353063952,0.33331266469360477,0.138187218211596,False,False
9,6,Melissa Joan Hart,Mark Ballas,0.0925499284556375,0.0047358627094991,0.6666873353063952,0.33331266469360477,0.06328038820421271,True,True
9,6,Mya,Dmitry Chaplin,0.1273303679830696,0.1704237190299706,0.6666873353063952,0.33331266469360477,0.14169392765108912,False,False
9,7,Aaron Carter,Karina Smirnoff,0.1414059453458377,0.1742604346629125,0.6881357441484095,0.3118642558515905,0.15165208620809126,False,False
9,7,Donny Osmond,Kym Johnson,0.1587565149782646,0.1933043477542626,0.6881357441484095,0.3118642558515905,0.1695307491382364,False,False
9,7,Joanna Krupa,Derek Hough,0.1564513745098406,0.2616998990142021,0.6881357441484095,0.3118642558515905,0.18927462728387118,False,False
9,7,Kelly Osbourne,Louis van Amstel,0.1387530195860097,0.211891425803883,0.6881357441484095,0.3118642558515905,0.1615622742153181,False,False
9,7,Mark Dacascos,Lacey Schwimmer,0.1313234806508234,0.0,0.6881357441484095,0.3118642558515905,0.09036838108181361,True,True
9,7,Mya,Dmitry Chaplin,0.1394829098996445,0.1526328644869254,0.6881357441484095,0.3118642558515905,0.14358391070148907,False,False
9,8,Aaron Carter,Karina Smirnoff,0.180953188312271,0.0,0.7092883628257205,0.2907116371742795,0.128347990686105,True,True
9,8,Donny Osmond,Kym Johnson,0.2065892089704786,0.1490110034550541,0.7092883628257205,0.2907116371742795,0.18985055457953243,False,False
9,8,Joanna Krupa,Derek Hough,0.2003638044753798,0.2941167175959824,0.7092883628257205,0.2907116371742795,0.22761886733852815,False,False
9,8,Kelly Osbourne,Louis van Amstel,0.1845032238964417,0.2323321281308659,0.7092883628257205,0.2907116371742795,0.19840764295068297,False,False
9,8,Mya,Dmitry Chaplin,0.2275905743454287,0.3245401508180976,0.7092883628257205,0.2907116371742795,0.2557749444451513,False,False
9,9,Donny Osmond,Kym Johnson,0.2479474704670657,0.1690370311971527,0.7300075434681437,0.26999245653185633,0.22664224712257403,False,False
9,9,Joanna Krupa,Derek Hough,0.2525253151911336,0.0,0.7300075434681437,0.26999245653185633,0.18434538500619813,True,True
9,9,Kelly Osbourne,Louis van Amstel,0.2281103364336951,0.2338580193626993,0.7300075434681437,0.26999245653185633,0.22966216746706317,False,False
9,9,Mya,Dmitry Chaplin,0.2714168779081055,0.5971049494401479,0.7300075434681437,0.26999245653185633,0.35935020040416454,False,False
10,2,Aiden Turner,Edyta Sliwinska,0.0863986107178443,0.0896113105270781,0.5583078937085355,0.4416921062914645,0.08781763486346697,False,False
10,2,Buzz Aldrin,Ashly DelGrosso,0.0600440492432795,0.0649829134259555,0.5583078937085355,0.4416921062914645,0.06222550656681314,False,False
10,2,Chad Ochocinco,Cheryl Burke,0.0727522358898263,0.0773181595036335,0.5583078937085355,0.4416921062914645,0.07476896830797473,False,False
10,2,Erin Andrews,Maksim Chmerkoskiy,0.1047359264532192,0.126058752368889,0.5583078937085355,0.4416921062914645,0.11415405034399762,False,False
10,2,Evan Lysacek,Anna Trebunskaya,0.102409697446208,0.1291769389016237,0.5583078937085355,0.4416921062914645,0.11423257670426276,False,False
10,2,Jake Pavelka,Chelsie Hightower,0.0910042620463907,0.0864800255696707,0.5583078937085355,0.4416921062914645,0.08900594250762757,False,False
10,2,Kate Gosselin,Tony Dovolani,0.0682318741400904,0.062783416437452,0.5583078937085355,0.4416921062914645,0.06582533338137209,False,False
10,2,Nicole Scherzinger,Derek Hough,0.12759360393833,0.1480636676751484,0.5583078937085355,0.4416921062914645,0.13663506950616583,False,False
10,2,Niecy Nash,Louis van Amstel,0.0955246237961265,0.1058936410257269,0.5583078937085355,0.4416921062914645,0.10010453685644119,False,False
10,2,Pamela Anderson,Damian Whitewood,0.1002155647034834,0.1096311745648217,0.5583078937085355,0.4416921062914645,0.1043743652551566,False,False
10,2,Shannen Doherty,Mark Ballas,0.0910895516252012,0.0,0.5583078937085355,0.4416921062914645,0.05085601570672099,True,True
10,3,Aiden Turner,Edyta Sliwinska,0.0987942064624262,0.0934292088056818,0.5604583233003309,0.43954167669966915,0.09643606639689098,False,False
10,3,Buzz Aldrin,Ashly DelGrosso,0.0706811537570442,0.0,0.5604583233003309,0.43954167669966915,0.03961384092360588,True,True
10,3,Chad Ochocinco,Cheryl Burke,0.0987942064624262,0.093149022736623,0.5604583233003309,0.43954167669966915,0.09631291294230898,False,False
10,3,Erin Andrews,Maksim Chmerkoskiy,0.1135542972457773,0.1340502082471682,0.5604583233003309,0.43954167669966915,0.12256310433281586,False,False
10,3,Evan Lysacek,Anna Trebunskaya,0.120367476909313,0.1365459163004988,0.5604583233003309,0.43954167669966915,0.12747857528569878,False,False
10,3,Jake Pavelka,Chelsie Hightower,0.1033206354834576,0.1073884379876698,0.5604583233003309,0.43954167669966915,0.10510860421664214,False,False
10,3,Kate Gosselin,Tony Dovolani,0.0738004539167554,0.071792421177469,0.5604583233003309,0.43954167669966915,0.07291783983966163,False,False
10,3,Nicole Scherzinger,Derek Hough,0.1140462987958844,0.1401957325138345,0.5604583233003309,0.43954167669966915,0.12554006473701906,False,False
10,3,Niecy Nash,Louis van Amstel,0.1033206354834576,0.1126670359359045,0.5604583233003309,0.43954167669966915,0.10742876800943266,False,False
10,3,Pamela Anderson,Damian Whitewood,0.1033206354834576,0.1107820162951501,0.5604583233003309,0.43954167669966915,0.10660022331592366,False,False
10,4,Aiden Turner,Edyta Sliwinska,0.0897082546899443,0.0,0.5921722420326954,0.40782775796730464,0.053122738308584376,True,True
10,4,Chad Ochocinco,Cheryl Burke,0.1197540810096404,0.1413348068564956,0.5921722420326954,0.40782775796730464,0.12855530004707041,False,False
10,4,Erin Andrews,Maksim Chmerkoskiy,0.1060188464517523,0.1320829220930231,0.5921722420326954,0.40782775796730464,0.11664849998402202,False,False
10,4,Evan Lysacek,Anna Trebunskaya,0.1327915897125954,0.1594166246082405,0.5921722420326954,0.40782775796730464,0.14365001799988758,False,False
10,4,Jake Pavelka,Chelsie Hightower,0.1033576443940035,0.075695540807434,0.5921722420326954,0.40782775796730464,0.09207627070763352,False,False
10,4,Kate Gosselin,Tony Dovolani,0.0868324404976234,0.0806105803818399,0.5921722420326954,0.40782775796730464,0.08429499323621721,False,False
10,4,Nicole Scherzinger,Derek Hough,0.1360217503445341,0.1627384676157061,0.5921722420326954,0.40782775796730464,0.14691756924948254,False,False
10,4,Niecy Nash,Louis van Amstel,0.0978635505708483,0.1103843258639766,0.5921722420326954,0.40782775796730464,0.10296987028665724,False,False
10,4,Pamela Anderson,Damian Whitewood,0.127651842329058,0.1377367317732837,0.5921722420326954,0.40782775796730464,0.1317647401804447,False,False
10,5,Chad Ochocinco,Cheryl Burke,0.1049800565146059,0.1320092966799477,0.6200661191863138,0.3799338808136862,0.11524938062606938,False,False
10,5,Erin Andrews,Maksim Chmerkoskiy,0.128114551227859,0.1542364055395442,0.6200661191863138,0.3799338808136862,0.13803912871054727,False,False
10,5,Evan Lysacek,Anna Trebunskaya,0.1477174702215587,0.1676339992585868,0.6200661191863138,0.3799338808136862,0.15528443439093526,False,False
10,5,Jake Pavelka,Chelsie Hightower,0.134529996793093,0.1570059426039396,0.6200661191863138,0.3799338808136862,0.14306937010996607,False,False
10,5,Kate Gosselin,Tony Dovolani,0.0874833804288382,0.0,0.6200661191863138,0.3799338808136862,0.054245480195809624,True,True
10,5,Nicole Scherzinger,Derek Hough,0.1695233489646283,0.1927797922609108,0.6200661191863138,0.3799338808136862,0.17835925972010835,False,False
10,5,Niecy Nash,Louis van Amstel,0.1049800565146059,0.1094729316434938,0.6200661191863138,0.3799338808136862,0.10668705199833557,False,False
10,5,Pamela Anderson,Damian Whitewood,0.1226711393348107,0.0868616320135768,0.6200661191863138,0.3799338808136862,0.1090658942482282,False,False
10,6,Chad Ochocinco,Cheryl Burke,0.1493383444556078,0.18431568263947,0.6468151794088943,0.3531848205911057,0.16169180936682961,False,False
10,6,Erin Andrews,Maksim Chmerkoskiy,0.1644916786924742,0.1931474092973275,0.6468151794088943,0.3531848205911057,0.17461244776505636,False,False
10,6,Evan Lysacek,Anna Trebunskaya,0.1220137019153675,0.1304550992558225,0.6468151794088943,0.3531848205911057,0.12499507532059434,False,False
10,6,Jake Pavelka,Chelsie Hightower,0.1204340555148807,0.0,0.6468151794088943,0.3531848205911057,0.0778985752247983,True,True
10,6,Nicole Scherzinger,Derek Hough,0.1740383714310233,0.2154279744990043,0.6468151794088943,0.3531848205911057,0.18865655096492523,False,False
10,6,Niecy Nash,Louis van Amstel,0.1252509552668529,0.1281500381996631,0.6468151794088943,0.3531848205911057,0.1262748673523562,False,False
10,6,Pamela Anderson,Damian Whitewood,0.1444328927237934,0.1485037961087125,0.6468151794088943,0.3531848205911057,0.1458706740054398,False,False
10,7,Chad Ochocinco,Cheryl Burke,0.1689663592884487,0.2253733952419815,0.6751776217708011,0.3248223782291989,0.18728862685573514,False,False
10,7,Erin Andrews,Maksim Chmerkoskiy,0.1657967151083261,0.192975739902187,0.6751776217708011,0.3248223782291989,0.17462507057981835,False,False
10,7,Evan Lysacek,Anna Trebunskaya,0.1646771360981241,0.2422187586799278,0.6751776217708011,0.3248223782291989,0.1898643903568965,False,False
10,7,Nicole Scherzinger,Derek Hough,0.1755494630558747,0.2782738842381256,0.6751776217708011,0.3248223782291989,0.20891665384651134,False,False
10,7,Niecy Nash,Louis van Amstel,0.1592136113409001,0.0611582219377779,0.6751776217708011,0.3248223782291989,0.12736302655678775,False,False
10,7,Pamela Anderson,Damian Whitewood,0.1657967151083261,0.0,0.6751776217708011,0.3248223782291989,0.11194223180425067,True,True
10,8,Chad Ochocinco,Cheryl Burke,0.1801686409190519,0.1964716777277726,0.7001011059412862,0.29989889405871384,0.18505790362778574,False,False
10,8,Erin Andrews,Maksim Chmerkoskiy,0.2121485749636956,0.2582812129630503,0.7001011059412862,0.29989889405871384,0.22598370207971308,False,False
10,8,Evan Lysacek,Anna Trebunskaya,0.1991503916778378,0.2481258616642895,0.7001011059412862,0.29989889405871384,0.2138380809627804,False,False
10,8,Nicole Scherzinger,Derek Hough,0.2363212001091326,0.2971212476448875,0.7001011059412862,0.29989889405871384,0.2545550671238227,False,False
10,8,Niecy Nash,Louis van Amstel,0.1722111923302819,0.0,0.7001011059412862,0.29989889405871384,0.1205652462058979,True,True
10,9,Chad Ochocinco,Cheryl Burke,0.2337198491790942,0.0,0.7250093539647461,0.2749906460352539,0.16944907686207297,True,True
10,9,Erin Andrews,Maksim Chmerkoskiy,0.2519186540358551,0.2156467742213991,0.7250093539647461,0.2749906460352539,0.24194422637276475,False,False
10,9,Evan Lysacek,Anna Trebunskaya,0.2489622458100836,0.3811336339854003,0.7250093539647461,0.2749906460352539,0.28530814123179027,False,False
10,9,Nicole Scherzinger,Derek Hough,0.2653992509749671,0.4032195917932006,0.7250093539647461,0.2749906460352539,0.303298555533372,False,False
11,1,Audrina Patridge,Tony Dovolani,0.0821436326042489,0.094266857935095,0.5662248816374278,0.4337751183625722,0.0874023861070728,False,False
11,1,Brandy,Maksim Chmerkoskiy,0.099686170129831,0.1083268102606477,0.5662248816374278,0.4337751183625722,0.1034342648253044,False,False
11,1,Bristol Palin,Mark Ballas,0.0731381072353697,0.0925832028341222,0.5662248816374278,0.4337751183625722,0.08157290588029009,False,False
11,1,David Hasselhoff,Kym Johnson,0.0708276243037458,0.0,0.5662248816374278,0.4337751183625722,0.04010436318804867,True,True
11,1,Florence Henderson,Corky Ballas,0.0857635208756963,0.0779863291723669,0.5662248816374278,0.4337751183625722,0.08238996862405618,False,False
11,1,Jennifer Grey,Derek Hough,0.1115762001810843,0.1161089441839996,0.5662248816374278,0.4337751183625722,0.11354239174745612,False,False
11,1,Kurt Warner,Anna Trebunskaya,0.0826077191306278,0.0912727989320844,0.5662248816374278,0.4337751183625722,0.08636641514712576,False,False
11,1,Kyle Massey,Lacey Schwimmer,0.0935993628664889,0.1083058329456387,0.5662248816374278,0.4337751183625722,0.09997866366576773,False,False
11,1,Margaret Cho,Louis van Amstel,0.0649723642997699,0.071713895149398,0.5662248816374278,0.4337751183625722,0.06789667264201225,False,False
11,1,Michael Bolton,Chelsie Hightower,0.0754820113038884,0.0673640533015048,0.5662248816374278,0.4337751183625722,0.07196064311054207,False,False
11,1,Rick Fox,Cheryl Burke,0.0952309227694787,0.1004356859100776,0.5662248816374278,0.4337751183625722,0.09748861951684114,False,False
11,1,The Situation,Karina Smirnoff,0.0649723642997699,0.0716355893750646,0.5662248816374278,0.4337751183625722,0.06786270554548232,False,False
11,2,Audrina Patridge,Tony Dovolani,0.1031784803565183,0.1172683620742916,0.5768863473101803,0.4231136526898197,0.10914010167609287,False,False
11,2,Brandy,Maksim Chmerkoskiy,0.0941320262522677,0.1042105516969107,0.5768863473101803,0.4231136526898197,0.09839638796687789,False,False
11,2,Bristol Palin,Mark Ballas,0.0924305475207337,0.1187365771852284,0.5768863473101803,0.4231136526898197,0.1035609878198448,False,False
11,2,Florence Henderson,Corky Ballas,0.0938630767989903,0.0829555858359181,0.5768863473101803,0.4231136526898197,0.08924796845592362,False,False
11,2,Jennifer Grey,Derek Hough,0.1154655072832832,0.1270101606619596,0.5768863473101803,0.4231136526898197,0.12035020774337285,False,False
11,2,Kurt Warner,Anna Trebunskaya,0.0941320262522677,0.099116422667655,0.5768863473101803,0.4231136526898197,0.09624099242603626,False,False
11,2,Kyle Massey,Lacey Schwimmer,0.0926599026851037,0.114162213322261,0.5768863473101803,0.4231136526898197,0.10175782388006249,False,False
11,2,Margaret Cho,Louis van Amstel,0.0806845939305151,0.0465497350164955,0.5768863473101803,0.4231136526898197,0.06624166909135262,False,False
11,2,Michael Bolton,Chelsie Hightower,0.0586372187375369,0.0,0.5768863473101803,0.4231136526898197,0.03382701093392572,True,True
11,2,Rick Fox,Cheryl Burke,0.0941320262522677,0.1060440958787386,0.5768863473101803,0.4231136526898197,0.09917218554301926,False,False
11,2,The Situation,Karina Smirnoff,0.0806845939305151,0.083946295660541,0.5768863473101803,0.4231136526898197,0.08206466446349106,False,False
11,3,Audrina Patridge,Tony Dovolani,0.1168944209034428,0.1328419717218414,0.5964652052425596,0.40353479475744036,0.12332981254982914,False,False
11,3,Brandy,Maksim Chmerkoskiy,0.1080063942851613,0.1289027866110615,0.5964652052425596,0.40353479475744036,0.1164388156735644,False,False
11,3,Bristol Palin,Mark Ballas,0.0802094663828398,0.0964409670620376,0.5964652052425596,0.40353479475744036,0.08675944167802513,False,False
11,3,Florence Henderson,Corky Ballas,0.0991296182907614,0.0892732857342658,0.5964652052425596,0.40353479475744036,0.09515224515551488,False,False
11,3,Jennifer Grey,Derek Hough,0.1159237392647199,0.1319472260335701,0.5964652052425596,0.40353479475744036,0.12238977370928641,False,False
11,3,Kurt Warner,Anna Trebunskaya,0.1035061278566129,0.1055878307318799,0.5964652052425596,0.40353479475744036,0.10434616739912975,False,False
11,3,Kyle Massey,Lacey Schwimmer,0.0972012082076462,0.1110668000129225,0.5964652052425596,0.40353479475744036,0.10279645695097883,False,False
11,3,Margaret Cho,Louis van Amstel,0.081004795713871,0.0,0.5964652052425596,0.40353479475744036,0.048316542101105676,True,True
11,3,Rick Fox,Cheryl Burke,0.1080063942851613,0.1295051180940093,0.5964652052425596,0.40353479475744036,0.11668187738491168,False,False
11,3,The Situation,Karina Smirnoff,0.0901178348097831,0.0744340139984115,0.5964652052425596,0.40353479475744036,0.08378886739765379,False,False
11,4,Audrina Patridge,Tony Dovolani,0.1272617459686898,0.1389381768419024,0.6190082227428427,0.38099177725715727,0.13171037011909542,False,False
11,4,Brandy,Maksim Chmerkoskiy,0.1329819234389454,0.147920215281586,0.6190082227428427,0.38099177725715727,0.13867328979725912,False,False
11,4,Bristol Palin,Mark Ballas,0.0833321197888512,0.1140638298214219,0.6190082227428427,0.38099177725715727,0.09504064861231193,False,False
11,4,Florence Henderson,Corky Ballas,0.1064833204313546,0.0907120437152316,0.6190082227428427,0.38099177725715727,0.10047459368566447,False,False
11,4,Jennifer Grey,Derek Hough,0.1665009409655047,0.1607759748819048,0.6190082227428427,0.38099177725715727,0.16431977596257702,False,False
11,4,Kurt Warner,Anna Trebunskaya,0.0940162651089534,0.0906382478737387,0.6190082227428427,0.38099177725715727,0.09272926831890364,False,False
11,4,Kyle Massey,Lacey Schwimmer,0.1037867861041454,0.1341138728540818,0.6190082227428427,0.38099177725715727,0.11534115678403567,False,False
11,4,Rick Fox,Cheryl Burke,0.1082433735144699,0.1228376387301327,0.6190082227428427,0.38099177725715727,0.11380366855674758,False,False
11,4,The Situation,Karina Smirnoff,0.0773935246790853,0.0,0.6190082227428427,0.38099177725715727,0.047907228163404925,True,True
11,5,Audrina Patridge,Tony Dovolani,0.1253751448575484,0.1322784041984299,0.6433580687428673,0.3566419312571327,0.12783713660084922,False,False
11,5,Brandy,Maksim Chmerkoskiy,0.1469665237662489,0.1743368469834294,0.6433580687428673,0.3566419312571327,0.15672792869755608,False,False
11,5,Bristol Palin,Mark Ballas,0.0919096183864701,0.1052319044529989,0.6433580687428673,0.3566419312571327,0.09666090421799692,False,False
11,5,Florence Henderson,Corky Ballas,0.1257380258889018,0.0,0.6433580687428673,0.3566419312571327,0.08089457350342451,True,True
11,5,Jennifer Grey,Derek Hough,0.1464448665485519,0.1704431529163813,0.6433580687428673,0.3566419312571327,0.1550036617456363,False,False
11,5,Kurt Warner,Anna Trebunskaya,0.1306369100144434,0.1500664824316698,0.6433580687428673,0.3566419312571327,0.13756631024482335,False,False
11,5,Kyle Massey,Lacey Schwimmer,0.1022920005233917,0.1107095145405781,0.6433580687428673,0.3566419312571327,0.10529403897886505,False,False
11,5,Rick Fox,Cheryl Burke,0.1306369100144434,0.1569336944765123,0.6433580687428673,0.3566419312571327,0.1400154460108482,False,False
11,6,Audrina Patridge,Tony Dovolani,0.1556170111327308,0.0,0.6682219317847669,0.33177806821523315,0.10398669979768495,True,True
11,6,Brandy,Maksim Chmerkoskiy,0.1751913214781663,0.2523691112558964,0.6682219317847669,0.33177806821523315,0.20079721947974297,False,False
11,6,Bristol Palin,Mark Ballas,0.1278457002599127,0.1457076664029208,0.6682219317847669,0.33177806821523315,0.1337719088813658,False,False
11,6,Jennifer Grey,Derek Hough,0.1514973186768781,0.1057198480449466,0.6682219317847669,0.33177806821523315,0.1363093579028363,False,False
11,6,Kurt Warner,Anna Trebunskaya,0.1069868775185771,0.1008742936615814,0.6682219317847669,0.33177806821523315,0.10495885625469945,False,False
11,6,Kyle Massey,Lacey Schwimmer,0.1369699111726761,0.1949499721040775,0.6682219317847669,0.33177806821523315,0.15620642378349797,False,False
11,6,Rick Fox,Cheryl Burke,0.1458918597610586,0.2003791085305771,0.6682219317847669,0.33177806821523315,0.16396953390017227,False,False
11,7,Brandy,Maksim Chmerkoskiy,0.1766940792149742,0.2350636852098527,0.6888115468807016,0.31118845311929844,0.19485802661370338,False,False
11,7,Bristol Palin,Mark Ballas,0.1472121919505898,0.0785152618442775,0.6888115468807016,0.31118845311929844,0.1258345005367619,False,False
11,7,Jennifer Grey,Derek Hough,0.1892136520015528,0.2942049128227659,0.6888115468807016,0.31118845311929844,0.22188572004755092,False,False
11,7,Kurt Warner,Anna Trebunskaya,0.1686680330229661,0.2136202023231703,0.6888115468807016,0.31118845311929844,0.18265662905185345,False,False
11,7,Kyle Massey,Lacey Schwimmer,0.1516009394354677,0.1785959377999335,0.6888115468807016,0.31118845311929844,0.1600014712184638,False,False
11,7,Rick Fox,Cheryl Burke,0.1666111043744491,0.0,0.6888115468807016,0.31118845311929844,0.1147636525316663,True,True
11,8,Brandy,Maksim Chmerkoskiy,0.2170343568415584,0.2687646734942506,0.7092311161608456,0.29076888383915445,0.23207592327530774,False,False
11,8,Bristol Palin,Mark Ballas,0.1679525384453787,0.2044884881756666,0.7092311161608456,0.29076888383915445,0.17857605576845798,False,False
11,8,Jennifer Grey,Derek Hough,0.2327689191599438,0.3022763784036514,0.7092311161608456,0.29076888383915445,0.25297952550273217,False,False
11,8,Kurt Warner,Anna Trebunskaya,0.1826284604331916,0.0,0.7092311161608456,0.29076888383915445,0.1295257868357693,True,True
11,8,Kyle Massey,Lacey Schwimmer,0.1996157251199273,0.2244704599264313,0.7092311161608456,0.29076888383915445,0.20684270861773266,False,False
11,9,Brandy,Maksim Chmerkoskiy,0.2526399839416823,0.0,0.7300832490165411,0.2699167509834589,0.1844482203076302,True,True
11,9,Bristol Palin,Mark Ballas,0.2203620983065192,0.251576196517055,0.7300832490165411,0.2699167509834589,0.22878730628038563,False,False
11,9,Jennifer Grey,Derek Hough,0.2854311671972268,0.4207488869960992,0.7300832490165411,0.2699167509834589,0.3219556864758285,False,False
11,9,Kyle Massey,Lacey Schwimmer,0.2415667505545717,0.3276749164868456,0.7300832490165411,0.2699167509834589,0.2648087869361556,False,False
12,2,Chelsea Kane,Mark Ballas,0.0772204906418894,0.0982692751075313,0.5649994346367353,0.4350005653632647,0.08637672378465314,False,False
12,2,Chris Jericho,Cheryl Burke,0.1049456296251405,0.1275199158446773,0.5649994346367353,0.4350005653632647,0.11476545689331116,False,False
12,2,Hines Ward,Kym Johnson,0.1049456296251405,0.1253582490092475,0.5649994346367353,0.4350005653632647,0.11382513059777218,False,False
12,2,Kendra Wilkinson,Louis van Amstel,0.0866286307849517,0.0960940663358074,0.5649994346367353,0.4350005653632647,0.09074610060098348,False,False
12,2,Kirstie Alley,Maksim Chmerkoskiy,0.0995253459359816,0.1013730595605134,0.5649994346367353,0.4350005653632647,0.10032910240728235,False,False
12,2,Mike Catherwood,Lacey Schwimmer,0.0776497093200692,0.0,0.5649994346367353,0.4350005653632647,0.043872041865545934,True,True
12,2,Petra Nemcova,Dmitry Chaplin,0.0818877609152139,0.0842034987879929,0.5649994346367353,0.4350005653632647,0.08289510819910588,False,False
12,2,Ralph Macchio,Karina Smirnoff,0.1025389107082371,0.1066367107412801,0.5649994346367353,0.4350005653632647,0.10432145603935641,False,False
12,2,Romeo,Chelsie Hightower,0.0979743415892449,0.1219142197370114,0.5649994346367353,0.4350005653632647,0.10838820211825098,False,False
12,2,Sugar Ray Leonard,Anna Trebunskaya,0.0833417754270654,0.0581313763284146,0.5649994346367353,0.4350005653632647,0.07237523756611877,False,False
12,2,Wendy Williams,Tony Dovolani,0.0833417754270654,0.0804996285475239,0.5649994346367353,0.4350005653632647,0.08210543992761941,False,False
12,3,Chelsea Kane,Mark Ballas,0.0992275329706344,0.1316348704931763,0.5784431400902992,0.4215568599097008,0.11288906841467099,False,False
12,3,Chris Jericho,Cheryl Burke,0.0965805896386842,0.1127877920390883,0.5784431400902992,0.4215568599097008,0.10341284699051952,False,False
12,3,Hines Ward,Kym Johnson,0.114976892427005,0.1392383746105755,0.5784431400902992,0.4215568599097008,0.12520448667306613,False,False
12,3,Kendra Wilkinson,Louis van Amstel,0.1060086939553751,0.1235381604517847,0.5784431400902992,0.4215568599097008,0.11339836080749384,False,False
12,3,Kirstie Alley,Maksim Chmerkoskiy,0.1052843588452759,0.1112169368900562,0.5784431400902992,0.4215568599097008,0.10778527781700271,False,False
12,3,Petra Nemcova,Dmitry Chaplin,0.1147469395044744,0.1380192509976996,0.5784431400902992,0.4215568599097008,0.12455754206039886,False,False
12,3,Ralph Macchio,Karina Smirnoff,0.1036603727530039,0.1050101079707836,0.5784431400902992,0.4215568599097008,0.10422936289312065,False,False
12,3,Romeo,Chelsie Hightower,0.0865005224980925,0.0766657175267451,0.5784431400902992,0.4215568599097008,0.08235459299654696,False,False
12,3,Sugar Ray Leonard,Anna Trebunskaya,0.0989709740124515,0.0618887890200903,0.5784431400902992,0.4215568599097008,0.08333872454848108,False,False
12,3,Wendy Williams,Tony Dovolani,0.0740431233950028,0.0,0.5784431400902992,0.4215568599097008,0.04282973679869891,True,True
12,4,Chelsea Kane,Mark Ballas,0.1171100908856368,0.1615851754849862,0.609881229185961,0.390118770814039,0.13446065622138537,False,False
12,4,Chris Jericho,Cheryl Burke,0.1104450134529106,0.1222952037998758,0.609881229185961,0.390118770814039,0.11506799514498106,False,False
12,4,Hines Ward,Kym Johnson,0.1200086879185206,0.1466073212507274,0.609881229185961,0.390118770814039,0.13038531405941445,False,False
12,4,Kendra Wilkinson,Louis van Amstel,0.0863815749227537,0.0763398752630258,0.609881229185961,0.390118770814039,0.0824641193946169,False,False
12,4,Kirstie Alley,Maksim Chmerkoskiy,0.1151294100570772,0.1036250603941069,0.609881229185961,0.390118770814039,0.11064134730754432,False,False
12,4,Petra Nemcova,Dmitry Chaplin,0.1104450134529106,0.1278259000245233,0.609881229185961,0.390118770814039,0.11722562355788638,False,False
12,4,Ralph Macchio,Karina Smirnoff,0.1288058539482142,0.1443345034935797,0.609881229185961,0.390118770814039,0.13486387162125418,False,False
12,4,Romeo,Chelsie Hightower,0.1035083425311682,0.1173869602891746,0.609881229185961,0.390118770814039,0.10892265183151956,False,False
12,4,Sugar Ray Leonard,Anna Trebunskaya,0.1081660128308076,0.0,0.609881229185961,0.390118770814039,0.06596842086139737,True,True
12,5,Chelsea Kane,Mark Ballas,0.1254726299379684,0.1686708900763974,0.630908542731892,0.369091457268108,0.14141673872390798,False,False
12,5,Chris Jericho,Cheryl Burke,0.1337565938764812,0.1712117237567551,0.630908542731892,0.369091457268108,0.14758096234615775,False,False
12,5,Hines Ward,Kym Johnson,0.13871054228711,0.1801156981103048,0.630908542731892,0.369091457268108,0.15399283158830607,False,False
12,5,Kendra Wilkinson,Louis van Amstel,0.1130601006428313,0.0799745411610102,0.630908542731892,0.369091457268108,0.10084850327915529,False,False
12,5,Kirstie Alley,Maksim Chmerkoskiy,0.1290094106420566,0.1351010511353189,0.630908542731892,0.369091457268108,0.13125778310886818,False,False
12,5,Petra Nemcova,Dmitry Chaplin,0.1131701880917232,0.0,0.630908542731892,0.369091457268108,0.07140003844964321,True,True
12,5,Ralph Macchio,Karina Smirnoff,0.1213479045838605,0.1230991742226423,0.630908542731892,0.369091457268108,0.12199428324690786,False,False
12,5,Romeo,Chelsie Hightower,0.1254726299379684,0.1418269215375709,0.630908542731892,0.369091457268108,0.13150885925705327,False,False
12,6,Chelsea Kane,Mark Ballas,0.1451946212898847,0.2175185732098765,0.65489920842855,0.34510079157145,0.17015367434704937,False,False
12,6,Chris Jericho,Cheryl Burke,0.1218980820708688,0.0,0.65489920842855,0.34510079157145,0.07983095745717039,True,True
12,6,Hines Ward,Kym Johnson,0.1494663135935425,0.1776947274383593,0.65489920842855,0.34510079157145,0.15920796155619527,False,False
12,6,Kendra Wilkinson,Louis van Amstel,0.1385054502479291,0.1285869216807809,0.65489920842855,0.34510079157145,0.1350825581881822,False,False
12,6,Kirstie Alley,Maksim Chmerkoskiy,0.1571428195210166,0.1654889570771033,0.65489920842855,0.34510079157145,0.16002307819818634,False,False
12,6,Ralph Macchio,Karina Smirnoff,0.1425980919868733,0.1041971672898079,0.65489920842855,0.34510079157145,0.12934590247684039,False,False
12,6,Romeo,Chelsie Hightower,0.1451946212898847,0.206513653304072,0.65489920842855,0.34510079157145,0.16635586777637584,False,False
12,7,Chelsea Kane,Mark Ballas,0.1581156046833162,0.3126326044056332,0.6809448416100049,0.3190551583899951,0.20741505050366688,False,False
12,7,Hines Ward,Kym Johnson,0.1737861745128907,0.2815158143637324,0.6809448416100049,0.3190551583899951,0.20815787181879813,False,False
12,7,Kendra Wilkinson,Louis van Amstel,0.1605799565236739,0.0,0.6809448416100049,0.3190551583899951,0.1093460930607546,True,True
12,7,Kirstie Alley,Maksim Chmerkoskiy,0.1724780380219286,0.0422473846984528,0.6809448416100049,0.3190551583899951,0.13092727629857448,False,False
12,7,Ralph Macchio,Karina Smirnoff,0.1867993660223382,0.3189417511435438,0.6809448416100049,0.3190551583899951,0.22896007563721618,False,False
12,7,Romeo,Chelsie Hightower,0.1482408602358521,0.0446624453886377,0.6809448416100049,0.3190551583899951,0.11519363268098949,False,False
12,8,Chelsea Kane,Mark Ballas,0.1972324393287043,0.3355763153648309,0.7046488648504241,0.2953511351495759,0.2380924601569665,False,False
12,8,Hines Ward,Kym Johnson,0.2065252072115578,0.2872366637059695,0.7046488648504241,0.2953511351495759,0.23036342750675792,False,False
12,8,Kirstie Alley,Maksim Chmerkoskiy,0.2209157812847213,0.2393950093367898,0.7046488648504241,0.2953511351495759,0.22637364226658763,False,False
12,8,Ralph Macchio,Karina Smirnoff,0.1887226210977016,0.1377920115924096,0.7046488648504241,0.2953511351495759,0.17368020776645382,False,False
12,8,Romeo,Chelsie Hightower,0.1866039510773147,0.0,0.7046488648504241,0.2953511351495759,0.13149026230323388,True,True
12,9,Chelsea Kane,Mark Ballas,0.2864054962693103,0.4226523636948111,0.7264621173374978,0.27353788266250223,0.3236741759042804,False,False
12,9,Hines Ward,Kym Johnson,0.2512877161738058,0.3300670777115092,0.7264621173374978,0.27353788266250223,0.27283685592633294,False,False
12,9,Kirstie Alley,Maksim Chmerkoskiy,0.2465402164537037,0.2472805585936797,0.7264621173374978,0.27353788266250223,0.24674272807511854,False,False
12,9,Ralph Macchio,Karina Smirnoff,0.2157665711031801,0.0,0.7264621173374978,0.27353788266250223,0.15674624009426796,True,True
13,1,Carson Kressley,Anna Trebunskaya,0.0787651647943886,0.0830877287495823,0.5592432340150009,0.44075676598499913,0.0806703641040431,False,False
13,1,Chaz Bono,Lacey Schwimmer,0.0787651647943886,0.0836323340451,0.5592432340150009,0.44075676598499913,0.08091040257283377,False,False
13,1,Chynna Phillips,Tony Dovolani,0.1017544102892807,0.1081337006796338,0.5592432340150009,0.44075676598499913,0.10456612569101192,False,False
13,1,David Arquette,Kym Johnson,0.0833167269616935,0.0898458074730296,0.5592432340150009,0.44075676598499913,0.08619446337272568,False,False
13,1,Elisabetta Canalis,Valentin Chmerkovskiy,0.0694306058014112,0.0714473336197517,0.5592432340150009,0.44075676598499913,0.07031949223249494,False,False
13,1,Hope Solo,Maksim Chmerkoskiy,0.0972028481219758,0.1030859367604263,0.5592432340150009,0.44075676598499913,0.09979585924426233,False,False
13,1,J.R. Martinez,Karina Smirnoff,0.1017544102892807,0.1105337747776658,0.5592432340150009,0.44075676598499913,0.10562397458858486,False,False
13,1,Kristin Cavallari,Mark Ballas,0.0824263313354587,0.0977797225374077,0.5592432340150009,0.44075676598499913,0.08919344238853227,False,False
13,1,Metta World Peace (Ron),Peta Murgatroyd,0.0648790436341063,0.0,0.5592432340150009,0.44075676598499913,0.036283166181737964,True,True
13,1,Nancy Grace,Tristan MacManus,0.0796537869611997,0.0657666487322903,0.5592432340150009,0.44075676598499913,0.07353293682663893,False,False
13,1,Ricki Lake,Derek Hough,0.0926512859546708,0.1028897646479372,0.5592432340150009,0.44075676598499913,0.09716396471212121,False,False
13,1,Rob Kardashian,Cheryl Burke,0.069400221062145,0.0837972479771748,0.5592432340150009,0.44075676598499913,0.07574580808501252,False,False
13,2,Carson Kressley,Anna Trebunskaya,0.0811048646929623,0.0571206109619397,0.5879893586874592,0.41201064131254084,0.07122309693184098,False,False
13,2,Chaz Bono,Lacey Schwimmer,0.0768416593429697,0.0335709435881994,0.5879893586874592,0.41201064131254084,0.05901366399479412,False,False
13,2,Chynna Phillips,Tony Dovolani,0.0946223421417894,0.1128722459008431,0.5879893586874592,0.41201064131254084,0.10214149669344927,False,False
13,2,David Arquette,Kym Johnson,0.0811048646929623,0.0715005668792134,0.5879893586874592,0.41201064131254084,0.07714779179136298,False,False
13,2,Elisabetta Canalis,Valentin Chmerkovskiy,0.0946223421417894,0.0,0.5879893586874592,0.41201064131254084,0.05563693027345609,True,True
13,2,Hope Solo,Maksim Chmerkoskiy,0.0853680700429549,0.0866970486419558,0.5879893586874592,0.41201064131254084,0.08591562336781991,False,False
13,2,J.R. Martinez,Karina Smirnoff,0.09940544849096,0.1333576121039338,0.5879893586874592,0.41201064131254084,0.11339410119508964,False,False
13,2,Kristin Cavallari,Mark Ballas,0.0929563372135606,0.1414509051771933,0.5879893586874592,0.41201064131254084,0.1129366152604315,False,False
13,2,Nancy Grace,Tristan MacManus,0.1013353722652393,0.1020406851036208,0.5879893586874592,0.41201064131254084,0.10162596866010683,False,False
13,2,Ricki Lake,Derek Hough,0.1038766142406238,0.1505359222019186,0.5879893586874592,0.41201064131254084,0.12310074563695622,False,False
13,2,Rob Kardashian,Cheryl Burke,0.0887620847341878,0.1108534594411816,0.5879893586874592,0.41201064131254084,0.09786396619469195,False,False
13,3,Carson Kressley,Anna Trebunskaya,0.0978076632277044,0.0344860911979412,0.6090148893666869,0.3909851106333131,0.07304987138217213,False,False
13,3,Chaz Bono,Lacey Schwimmer,0.0763790874941701,0.0480736300758167,0.6090148893666869,0.3909851106333131,0.06531207509392867,False,False
13,3,Chynna Phillips,Tony Dovolani,0.1103253486026902,0.1639436156961628,0.6090148893666869,0.3909851106333131,0.13128929269419815,False,False
13,3,David Arquette,Kym Johnson,0.1018387833255602,0.0968759389828152,0.6090148893666869,0.3909851106333131,0.09989838508115614,False,False
13,3,Hope Solo,Maksim Chmerkoskiy,0.1018387833255602,0.1236964885579682,0.6090148893666869,0.3909851106333131,0.11038482062404359,False,False
13,3,J.R. Martinez,Karina Smirnoff,0.1105375111433994,0.1486784880871056,0.6090148893666869,0.3909851106333131,0.12545006523339702,False,False
13,3,Kristin Cavallari,Mark Ballas,0.0955315891591925,0.0,0.6090148893666869,0.3909851106333131,0.05818016020280941,True,True
13,3,Nancy Grace,Tristan MacManus,0.0956410133212748,0.0370416460441856,0.6090148893666869,0.3909851106333131,0.07272953322339992,False,False
13,3,Ricki Lake,Derek Hough,0.1145686312412552,0.1923667917437224,0.6090148893666869,0.3909851106333131,0.14498655363238058,False,False
13,3,Rob Kardashian,Cheryl Burke,0.0955315891591925,0.154837309614282,0.6090148893666869,0.3909851106333131,0.118719242832514,False,False
13,4,Carson Kressley,Anna Trebunskaya,0.0958882176373543,0.0548799899071371,0.6279779492036702,0.3720220507963298,0.08063225265763599,False,False
13,4,Chaz Bono,Lacey Schwimmer,0.1003689770537894,0.0879285426174855,0.6279779492036702,0.3720220507963298,0.09574086112199834,False,False
13,4,Chynna Phillips,Tony Dovolani,0.1003689770537894,0.0,0.6279779492036702,0.3720220507963298,0.0630295043739089,True,True
13,4,David Arquette,Kym Johnson,0.1102266429307528,0.1327418775436017,0.6279779492036702,0.3720220507963298,0.11860280668558536,False,False
13,4,Hope Solo,Maksim Chmerkoskiy,0.1147074023471879,0.1514805304447558,0.6279779492036702,0.3720220507963298,0.12838781687624126,False,False
13,4,J.R. Martinez,Karina Smirnoff,0.124206609406514,0.1598594417589563,0.6279779492036702,0.3720220507963298,0.1374702492149673,False,False
13,4,Nancy Grace,Tristan MacManus,0.1077264656713816,0.0790137789063604,0.6279779492036702,0.3720220507963298,0.09704471305718576,False,False
13,4,Ricki Lake,Derek Hough,0.1389034935175497,0.1763594163841871,0.6279779492036702,0.3720220507963298,0.15283792275686528,False,False
13,4,Rob Kardashian,Cheryl Burke,0.1076032143816803,0.1577364224375158,0.6279779492036702,0.3720220507963298,0.1262538732556113,False,False
13,5,Carson Kressley,Anna Trebunskaya,0.1008616881555465,0.0,0.6455244642954169,0.3544755357045831,0.06510868721454055,True,True
13,5,Chaz Bono,Lacey Schwimmer,0.1117138942605344,0.062854144287381,0.6455244642954169,0.3544755357045831,0.09439430821440886,False,False
13,5,David Arquette,Kym Johnson,0.1330991250645334,0.1780862166660618,0.6455244642954169,0.3544755357045831,0.1490459484597763,False,False
13,5,Hope Solo,Maksim Chmerkoskiy,0.1276730220120394,0.1357909017477259,0.6455244642954169,0.3544755357045831,0.13055061178013225,False,False
13,5,J.R. Martinez,Karina Smirnoff,0.1487390714100613,0.1901976303668327,0.6455244642954169,0.3544755357045831,0.16343511630580287,False,False
13,5,Nancy Grace,Tristan MacManus,0.1253842968606666,0.0870318641755481,0.6455244642954169,0.3544755357045831,0.11178929773903526,False,False
13,5,Ricki Lake,Derek Hough,0.1276730220120394,0.1609227522790159,0.6455244642954169,0.3544755357045831,0.13945923796045878,False,False
13,5,Rob Kardashian,Cheryl Burke,0.1248558802245788,0.1851164904774344,0.6455244642954169,0.3544755357045831,0.1462167923258449,False,False
13,6,Chaz Bono,Lacey Schwimmer,0.1138975764284875,0.0,0.6674249832643497,0.33257501673565026,0.07601808804163326,True,True
13,6,David Arquette,Kym Johnson,0.138381353650045,0.1637923115975745,0.6674249832643497,0.33257501673565026,0.14683240341471354,False,False
13,6,Hope Solo,Maksim Chmerkoskiy,0.1203785755399634,0.1372210058986233,0.6674249832643497,0.33257501673565026,0.12597994709836374,False,False
13,6,J.R. Martinez,Karina Smirnoff,0.1743869098702081,0.1935961836690634,0.6674249832643497,0.33257501673565026,0.1807754344253421,False,False
13,6,Nancy Grace,Tristan MacManus,0.1548373213368322,0.1310556155793248,0.6674249832643497,0.33257501673565026,0.14692812014652687,False,False
13,6,Ricki Lake,Derek Hough,0.1743869098702081,0.2116849602276332,0.6674249832643497,0.33257501673565026,0.18679130959203588,False,False
13,6,Rob Kardashian,Cheryl Burke,0.1237313533042554,0.1626499230277807,0.6674249832643497,0.33257501673565026,0.1366746972813844,False,False
13,7,David Arquette,Kym Johnson,0.1604003509555958,0.0,0.6879690862039394,0.3120309137960606,0.11035048287371241,True,True
13,7,Hope Solo,Maksim Chmerkoskiy,0.1706169339026755,0.2053789323587286,0.6879690862039394,0.3120309137960606,0.181463752046295,False,False
13,7,J.R. Martinez,Karina Smirnoff,0.1637572283972871,0.1657053821348399,0.6879690862039394,0.3120309137960606,0.16436511258823092,False,False
13,7,Nancy Grace,Tristan MacManus,0.1611929004726,0.0924198376962769,0.6879690862039394,0.3120309137960606,0.13973357884995005,False,False
13,7,Ricki Lake,Derek Hough,0.1808335168497552,0.2840903363831834,0.6879690862039394,0.3120309137960606,0.21305283660444574,False,False
13,7,Rob Kardashian,Cheryl Burke,0.1631990694220863,0.2524055114269711,0.6879690862039394,0.3120309137960606,0.1910342370373658,False,False
13,8,Hope Solo,Maksim Chmerkoskiy,0.2005245924508983,0.2685310139383156,0.7090726483100874,0.29092735168991257,0.22030952055214056,False,False
13,8,J.R. Martinez,Karina Smirnoff,0.2315972177132934,0.2752207676645241,0.7090726483100874,0.29092735168991257,0.24428850157191756,False,False
13,8,Nancy Grace,Tristan MacManus,0.1824949747468281,0.0,0.7090726483100874,0.29092735168991257,0.12940219504701592,True,True
13,8,Ricki Lake,Derek Hough,0.2007175886848542,0.2374095401937907,0.7090726483100874,0.29092735168991257,0.2113922809656838,False,False
13,8,Rob Kardashian,Cheryl Burke,0.1846656264041259,0.2188386782033696,0.7090726483100874,0.29092735168991257,0.19460750186324205,False,False
13,9,Hope Solo,Maksim Chmerkoskiy,0.2103199536405376,0.0,0.728622374178589,0.271377625821411,0.1532438239586993,True,True
13,9,J.R. Martinez,Karina Smirnoff,0.2403676234881531,0.1994795852506876,0.728622374178589,0.271377625821411,0.22927152474677465,False,False
13,9,Ricki Lake,Derek Hough,0.2877964465936806,0.4299613558765392,0.728622374178589,0.271377625821411,0.32637682214997904,False,False
13,9,Rob Kardashian,Cheryl Burke,0.2615159762776285,0.3705590588727731,0.728622374178589,0.271377625821411,0.29110782914454686,False,False
14,2,Donald Driver,Peta Murgatroyd,0.0874160350863466,0.0905895304358504,0.5305141347617757,0.46948586523822433,0.08890594629633787,False,False
14,2,Gavin DeGraw,Karina Smirnoff,0.0764890307005533,0.0812879720343465,0.5305141347617757,0.46948586523822433,0.07874206582487667,False,False
14,2,Gladys Knight,Tristan MacManus,0.0767075693578284,0.059760829315686,0.5305141347617757,0.46948586523822433,0.06875131444617591,False,False
14,2,Jack Wagner,Anna Trebunskaya,0.0820960139464659,0.0705698240933969,0.5305141347617757,0.46948586523822433,0.07668463073039776,False,False
14,2,Jaleel White,Kym Johnson,0.0802141456288861,0.0883993614868125,0.5305141347617757,0.46948586523822433,0.08405698877810631,False,False
14,2,Katherine Jenkins,Mark Ballas,0.0949656011026944,0.1166164840148535,0.5305141347617757,0.46948586523822433,0.1051303845998809,False,False
14,2,Maria Menounos,Derek Hough,0.0911411500146795,0.1098447737111768,0.5305141347617757,0.46948586523822433,0.09992223696891969,False,False
14,2,Martina Navratilova,Tony Dovolani,0.0677886156667007,0.0,0.5305141347617757,0.46948586523822433,0.035962818787118274,True,True
14,2,Melissa Gilbert,Maksim Chmerkoskiy,0.0784709944509668,0.0729723290741326,0.5305141347617757,0.46948586523822433,0.07588944877886833,False,False
14,2,Roshon Fegan,Chelsie Hightower,0.0890840845947278,0.1098346906190197,0.5305141347617757,0.46948586523822433,0.09882620081825999,False,False
14,2,Sherri Sheperd,Valentin Chmerkovskiy,0.0840385967169011,0.0932533753166989,0.5305141347617757,0.46948586523822433,0.08836480502080585,False,False
14,2,William Levy,Cheryl Burke,0.0915881627332489,0.1068708298980256,0.5305141347617757,0.46948586523822433,0.0987631589502519,False,False
14,3,Donald Driver,Peta Murgatroyd,0.091458621561435,0.104540026913012,0.5856959576740104,0.4143040423259896,0.09687830067789818,False,False
14,3,Gavin DeGraw,Karina Smirnoff,0.0843908851077189,0.082142219179465,0.5856959576740104,0.4143040423259896,0.08345925372380258,False,False
14,3,Gladys Knight,Tristan MacManus,0.0928299736184908,0.0735429596043833,0.5856959576740104,0.4143040423259896,0.08483928574804805,False,False
14,3,Jack Wagner,Anna Trebunskaya,0.0905771091266787,0.0,0.5856959576740104,0.4143040423259896,0.05305064667329343,True,True
14,3,Jaleel White,Kym Johnson,0.0879774973766863,0.1003958591189272,0.5856959576740104,0.4143040423259896,0.09312247484556313,False,False
14,3,Katherine Jenkins,Mark Ballas,0.1020074821998999,0.1324994102910595,0.5856959576740104,0.4143040423259896,0.11464041126638072,False,False
14,3,Maria Menounos,Derek Hough,0.0949397457461838,0.1217951321032874,0.5856959576740104,0.4143040423259896,0.10606604087215805,False,False
14,3,Melissa Gilbert,Maksim Chmerkoskiy,0.0905771091266787,0.0750474938597761,0.5856959576740104,0.4143040423259896,0.08414312674583355,False,False
14,3,Roshon Fegan,Chelsie Hightower,0.0824298210975763,0.0966501900973356,0.5856959576740104,0.4143040423259896,0.08832137745754376,False,False
14,3,Sherri Sheperd,Valentin Chmerkovskiy,0.0843908851077189,0.0891637463392233,0.5856959576740104,0.4143040423259896,0.08636830080939217,False,False
14,3,William Levy,Cheryl Burke,0.0984208699309325,0.12422296249353,0.5856959576740104,0.4143040423259896,0.10911078118008599,False,False
14,4,Donald Driver,Peta Murgatroyd,0.1148441719891922,0.1381940998475953,0.6076285326660514,0.39237146733394856,0.12400601744513565,False,False
14,4,Gavin DeGraw,Karina Smirnoff,0.0977998386249605,0.1111629556749912,0.6076285326660514,0.39237146733394856,0.10304314447003635,False,False
14,4,Gladys Knight,Tristan MacManus,0.0937438335032747,0.0513697766553523,0.6076285326660514,0.39237146733394856,0.07711746264096324,False,False
14,4,Jaleel White,Kym Johnson,0.0936982605656364,0.0929197225545027,0.6076285326660514,0.39237146733394856,0.09339278446383262,False,False
14,4,Katherine Jenkins,Mark Ballas,0.1020837084348375,0.1264785444143364,0.6076285326660514,0.39237146733394856,0.11165554602348449,False,False
14,4,Maria Menounos,Derek Hough,0.1107425939298682,0.1424317477082554,0.6076285326660514,0.39237146733394856,0.12317651369646512,False,False
14,4,Melissa Gilbert,Maksim Chmerkoskiy,0.1002732744390368,0.1017820233057401,0.6076285326660514,0.39237146733394856,0.10086526444570361,False,False
14,4,Roshon Fegan,Chelsie Hightower,0.1038839589423507,0.1270606008349722,0.6076285326660514,0.39237146733394856,0.11297781192963205,False,False
14,4,Sherri Sheperd,Valentin Chmerkovskiy,0.0893232448804828,0.0,0.6076285326660514,0.39237146733394856,0.05427535221969815,True,True
14,4,William Levy,Cheryl Burke,0.0936071146903599,0.108600529004254,0.6076285326660514,0.39237146733394856,0.09949010266504835,False,False
14,5,Donald Driver,Peta Murgatroyd,0.1195440260582308,0.1386192900082397,0.6249679861434048,0.37503201385659524,0.12669786071224876,False,False
14,5,Gavin DeGraw,Karina Smirnoff,0.0840782793377144,0.0,0.6249679861434048,0.37503201385659524,0.05254623291609401,True,True
14,5,Gladys Knight,Tristan MacManus,0.1070596757817446,0.0542472787137522,0.6249679861434048,0.37503201385659524,0.08725333615274128,False,False
14,5,Jaleel White,Kym Johnson,0.1059895891655174,0.1237266714712853,0.6249679861434048,0.37503201385659524,0.11264156286258972,False,False
14,5,Katherine Jenkins,Mark Ballas,0.128308549989352,0.1667546292464019,0.6249679861434048,0.37503201385659524,0.1427270605180137,False,False
14,5,Maria Menounos,Derek Hough,0.1192382878112071,0.1573939030776109,0.6249679861434048,0.37503201385659524,0.13354786504450397,False,False
14,5,Melissa Gilbert,Maksim Chmerkoskiy,0.0995392067567196,0.0608254264604957,0.6249679861434048,0.37503201385659524,0.08502029976822496,False,False
14,5,Roshon Fegan,Chelsie Hightower,0.1079338351101618,0.126235794687895,0.6249679861434048,0.37503201385659524,0.11479765586812107,False,False
14,5,William Levy,Cheryl Burke,0.128308549989352,0.172197006334319,0.6249679861434048,0.37503201385659524,0.14476812615746226,False,False
14,6,Donald Driver,Peta Murgatroyd,0.130298120988464,0.1405725168338074,0.6487847079720624,0.35121529202793755,0.1339066459256969,False,False
14,6,Gladys Knight,Tristan MacManus,0.1011729562173844,0.0,0.6487847079720624,0.35121529202793755,0.065639466854166,True,True
14,6,Jaleel White,Kym Johnson,0.141968859891616,0.1639611189352944,0.6487847079720624,0.35121529202793755,0.14969287757399558,False,False
14,6,Katherine Jenkins,Mark Ballas,0.1496338610177671,0.1793986972401864,0.6487847079720624,0.35121529202793755,0.16008772666378784,False,False
14,6,Maria Menounos,Derek Hough,0.1148295289650215,0.1184654468840471,0.6487847079720624,0.35121529202793755,0.11610651893874169,False,False
14,6,Melissa Gilbert,Maksim Chmerkoskiy,0.1233970227874942,0.1369680992491921,0.6487847079720624,0.35121529202793755,0.12816339237012292,False,False
14,6,Roshon Fegan,Chelsie Hightower,0.1005274936682428,0.1012577565681254,0.6487847079720624,0.35121529202793755,0.10078397316588224,False,False
14,6,William Levy,Cheryl Burke,0.1381721564640097,0.1593763642893469,0.6487847079720624,0.35121529202793755,0.14561939850760658,False,False
14,7,Donald Driver,Peta Murgatroyd,0.1444283215290583,0.1782517571252459,0.6748154863894809,0.32518451361051914,0.15542717898204128,False,False
14,7,Jaleel White,Kym Johnson,0.1388372849421301,0.0,0.6748154863894809,0.32518451361051914,0.09368954996721847,True,True
14,7,Katherine Jenkins,Mark Ballas,0.1469993828374408,0.2267076392364987,0.6748154863894809,0.32518451361051914,0.172919273425311,False,False
14,7,Maria Menounos,Derek Hough,0.1551614807327515,0.2382967791855018,0.6748154863894809,0.32518451361051914,0.18219579232397443,False,False
14,7,Melissa Gilbert,Maksim Chmerkoskiy,0.1374947230589817,0.0571873489367271,0.6748154863894809,0.32518451361051914,0.11138000866569833,False,False
14,7,Roshon Fegan,Chelsie Hightower,0.1326504853705792,0.0966316802227206,0.6748154863894809,0.32518451361051914,0.12093772773774074,False,False
14,7,William Levy,Cheryl Burke,0.1444283215290583,0.2029247952933055,0.6748154863894809,0.32518451361051914,0.1634504688980155,False,False
14,8,Donald Driver,Peta Murgatroyd,0.1679699665690129,0.2126825353730611,0.7009811557803959,0.2990188442196041,0.18133986721488893,False,False
14,8,Katherine Jenkins,Mark Ballas,0.1679699665690129,0.234996163038637,0.7009811557803959,0.2990188442196041,0.188012062369796,False,False
14,8,Maria Menounos,Derek Hough,0.162475619502444,0.2089006509085152,0.7009811557803959,0.2990188442196041,0.17635757873634622,False,False
14,8,Melissa Gilbert,Maksim Chmerkoskiy,0.1670846248872501,0.0,0.7009811557803959,0.2990188442196041,0.11712317346659847,True,True
14,8,Roshon Fegan,Chelsie Hightower,0.1605122399300819,0.0684313130628031,0.7009811557803959,0.2990188442196041,0.1329783076035583,True,True
14,8,William Levy,Cheryl Burke,0.1739875825421979,0.2749893376169834,0.7009811557803959,0.2990188442196041,0.20418901060881178,False,False
14,9,Donald Driver,Peta Murgatroyd,0.2478273464607817,0.2838213617913557,0.7265465357826786,0.2734534642173214,0.25767003464401855,False,False
14,9,Katherine Jenkins,Mark Ballas,0.2436268823722547,0.2383260262866481,0.7265465357826786,0.2734534642173214,0.2421773449123281,False,False
14,9,Maria Menounos,Derek Hough,0.2566628036075637,0.0,0.7265465357826786,0.2734534642173214,0.1864774708253454,True,True
14,9,William Levy,Cheryl Burke,0.2518829675593997,0.4778526119219961,0.7265465357826786,0.2734534642173214,0.3136751496183078,False,False
15,1,Apolo Anton Ohno,Karina Smirnoff,0.079507258650708,0.0921434444763255,0.5581665365316173,0.4418334634683827,0.08509034839907066,False,False
15,1,Bristol Palin,Mark Ballas,0.0660434427555074,0.07239462340752,0.5581665365316173,0.4418334634683827,0.0688496069000995,False,False
15,1,Drew Lachey,Anna Trebunskaya,0.0776762450432356,0.0830749822705191,0.5581665365316173,0.4418334634683827,0.08006158781072197,False,False
15,1,Emmitt Smith,Cheryl Burke,0.088378650081756,0.1038363057806247,0.5581665365316173,0.4418334634683827,0.09520835963628893,False,False
15,1,Gilles Marini,Peta Murgatroyd,0.0866507916038524,0.0970505536685961,0.5581665365316173,0.4418334634683827,0.0912457544961652,False,False
15,1,Helio Castroneves,Chelsie Hightower,0.0775473011312745,0.0820982412741389,0.5581665365316173,0.4418334634683827,0.07955805877663358,False,False
15,1,Joey Fatone,Kym Johnson,0.0739884290458984,0.0567905536137829,0.5581665365316173,0.4418334634683827,0.066389832179429,False,False
15,1,Kelly Monaco,Valentin Chmerkovskiy,0.0776762450432356,0.0878884847229492,0.5581665365316173,0.4418334634683827,0.08218835427069271,False,False
15,1,Kirstie Alley,Maksim Chmerkoskiy,0.0748649303959967,0.0616349915279323,0.5581665365316173,0.4418334634683827,0.06901950068444483,False,False
15,1,Melissa Rycroft,Tony Dovolani,0.0758194426533709,0.0712313212767403,0.5581665365316173,0.4418334634683827,0.07379225709472087,False,False
15,1,Pamela Anderson,Tristan MacManus,0.0659322544480281,0.0,0.5581665365316173,0.4418334634683827,0.03680117811097716,True,True
15,1,Sabrina Bryan,Louis van Amstel,0.0812351171286117,0.0936102689224597,0.5581665365316173,0.4418334634683827,0.08670287330663454,False,False
15,1,Shawn Johnson,Derek Hough,0.0746798920185243,0.0982462290584108,0.5581665365316173,0.4418334634683827,0.08509228833412058,False,False
15,2,Apolo Anton Ohno,Karina Smirnoff,0.0889874092578252,0.0901070562213903,0.5871170724172822,0.41288292758271783,0.08944969237400105,False,False
15,2,Bristol Palin,Mark Ballas,0.0613607158149093,0.0727944301376717,0.5871170724172822,0.41288292758271783,0.0660815012576359,False,False
15,2,Drew Lachey,Anna Trebunskaya,0.0817648473344606,0.0728433069309968,0.5871170724172822,0.41288292758271783,0.07808129561413096,False,False
15,2,Emmitt Smith,Cheryl Burke,0.0817648473344606,0.0922504931077028,0.5871170724172822,0.41288292758271783,0.08609419145891219,False,False
15,2,Gilles Marini,Peta Murgatroyd,0.0926668269790554,0.1130248387594476,0.5871170724172822,0.41288292758271783,0.10107230248270718,False,False
15,2,Helio Castroneves,Chelsie Hightower,0.0835364194355278,0.0776622763061651,0.5871170724172822,0.41288292758271783,0.0811110860232366,False,False
15,2,Joey Fatone,Kym Johnson,0.0817648473344606,0.0,0.5871170724172822,0.41288292758271783,0.048005537793654525,True,True
15,2,Kelly Monaco,Valentin Chmerkovskiy,0.0799478507270282,0.0758331011105727,0.5871170724172822,0.41288292758271783,0.07824894085911618,False,False
15,2,Kirstie Alley,Maksim Chmerkoskiy,0.0831912042495925,0.0712060974191289,0.5871170724172822,0.41288292758271783,0.07824275825403906,False,False
15,2,Melissa Rycroft,Tony Dovolani,0.0853534160429603,0.0983220585543619,0.5871170724172822,0.41288292758271783,0.09070794712984148,False,False
15,2,Sabrina Bryan,Louis van Amstel,0.0944383990801226,0.1190213483095818,0.5871170724172822,0.41288292758271783,0.10458827912659903,False,False
15,2,Shawn Johnson,Derek Hough,0.0852232164095963,0.1169349931429801,0.5871170724172822,0.41288292758271783,0.09831646762612532,False,False
15,3,Apolo Anton Ohno,Karina Smirnoff,0.09220522363536,0.1127147488525612,0.6120045427871567,0.38799545721284334,0.10016282624922632,False,False
15,3,Bristol Palin,Mark Ballas,0.076095016225602,0.0720597996289937,0.6120045427871567,0.38799545721284334,0.07452937051724812,False,False
15,3,Drew Lachey,Anna Trebunskaya,0.0865268985921496,0.0,0.6120045427871567,0.38799545721284334,0.05295485501167918,True,True
15,3,Emmitt Smith,Cheryl Burke,0.0903124486209565,0.0924863859150114,0.6120045427871567,0.38799545721284334,0.09115592641531539,False,False
15,3,Gilles Marini,Peta Murgatroyd,0.0919348297541589,0.1100787100772038,0.6120045427871567,0.38799545721284334,0.09897457289571382,False,False
15,3,Helio Castroneves,Chelsie Hightower,0.0919348297541589,0.0235390593165322,0.6120045427871567,0.38799545721284334,0.06539758153178725,True,True
15,3,Kelly Monaco,Valentin Chmerkovskiy,0.0973427609161683,0.1386358387829339,0.6120045427871567,0.38799545721284334,0.11336428754280956,False,False
15,3,Kirstie Alley,Maksim Chmerkoskiy,0.0943246368160068,0.0772917372219126,0.6120045427871567,0.38799545721284334,0.08771594915033576,False,False
15,3,Melissa Rycroft,Tony Dovolani,0.0973427609161683,0.1336089281533319,0.6120045427871567,0.38799545721284334,0.11141386905470901,False,False
15,3,Sabrina Bryan,Louis van Amstel,0.0919348297541589,0.10815635117442,0.6120045427871567,0.38799545721284334,0.09822870637430103,False,False
15,3,Shawn Johnson,Derek Hough,0.0900457650151113,0.1314284408770991,0.6120045427871567,0.38799545721284334,0.10610205525687416,False,False
15,4,Apolo Anton Ohno,Karina Smirnoff,0.1077542867099325,0.0731640635877707,0.6233969463159935,0.3766030536840065,0.09472750305451523,False,False
15,4,Bristol Palin,Mark Ballas,0.0938562637063513,0.0,0.6233969463159935,0.3766030536840065,0.05850970818716802,True,True
15,4,Emmitt Smith,Cheryl Burke,0.1125594555779487,0.1245704292003597,0.6233969463159935,0.3766030536840065,0.11708282492186672,False,False
15,4,Gilles Marini,Peta Murgatroyd,0.1236179275336288,0.1554227843610099,0.6233969463159935,0.3766030536840065,0.13559573373680314,False,False
15,4,Kelly Monaco,Valentin Chmerkovskiy,0.1172329769576583,0.1455892314232846,0.6233969463159935,0.3766030536840065,0.1279120289804539,False,False
15,4,Kirstie Alley,Maksim Chmerkoskiy,0.1022526900145625,0.0938579181744033,0.6233969463159935,0.3766030536840065,0.09909119330457804,False,False
15,4,Melissa Rycroft,Tony Dovolani,0.1157848427380107,0.1305122356799014,0.6233969463159935,0.3766030536840065,0.12133122389273102,False,False
15,4,Sabrina Bryan,Louis van Amstel,0.1109796738699944,0.1063217871275069,0.6233969463159935,0.3766030536840065,0.10922549949905935,False,False
15,4,Shawn Johnson,Derek Hough,0.1159618828919124,0.1705615504457632,0.6233969463159935,0.3766030536840065,0.1365242844228242,False,False
15,6,Apolo Anton Ohno,Karina Smirnoff,0.1323238612482339,0.2210659713554035,0.6699149156542726,0.33008508434572736,0.16161630814797678,False,False
15,6,Emmitt Smith,Cheryl Burke,0.1167563487096457,0.0808068153498531,0.6699149156542726,0.33008508434572736,0.10488994395838902,False,False
15,6,Gilles Marini,Peta Murgatroyd,0.1212320084477339,0.0876236558192721,0.6699149156542726,0.33008508434572736,0.11013839253564714,False,False
15,6,Kelly Monaco,Valentin Chmerkovskiy,0.1190914751234105,0.0981565321825534,0.6699149156542726,0.33008508434572736,0.11218116271700469,False,False
15,6,Kirstie Alley,Maksim Chmerkoskiy,0.1323694744195442,0.1237970047671472,0.6699149156542726,0.33008508434572736,0.12953983005128156,False,False
15,6,Melissa Rycroft,Tony Dovolani,0.129988734834469,0.188643293318049,0.6699149156542726,0.33008508434572736,0.1493497297187829,False,False
15,6,Sabrina Bryan,Louis van Amstel,0.1323238612482339,0.0,0.6699149156542726,0.33008508434572736,0.08864572834715828,True,True
15,6,Shawn Johnson,Derek Hough,0.1159142359687287,0.1999067272077213,0.6699149156542726,0.33008508434572736,0.14363890452375933,False,False
15,8,Apolo Anton Ohno,Karina Smirnoff,0.1466187151554808,0.1589498740495937,0.7113523849333553,0.2886476150666447,0.15017807476127434,False,False
15,8,Emmitt Smith,Cheryl Burke,0.1453076260608819,0.1854672138681711,0.7113523849333553,0.2886476150666447,0.15689959530351544,False,False
15,8,Gilles Marini,Peta Murgatroyd,0.1463291249514195,0.0685222881810079,0.7113523849333553,0.2886476150666447,0.12387036708176047,True,True
15,8,Kelly Monaco,Valentin Chmerkovskiy,0.1417482750558235,0.1840787845004547,0.7113523849333553,0.2886476150666447,0.15396687565157235,False,False
15,8,Kirstie Alley,Maksim Chmerkoskiy,0.1390041354475273,0.0,0.7113523849333553,0.2886476150666447,0.0988809232661977,True,True
15,8,Melissa Rycroft,Tony Dovolani,0.1500150361529568,0.2121373851431578,0.7113523849333553,0.2886476150666447,0.1679465040313161,False,False
15,8,Shawn Johnson,Derek Hough,0.13097708717591,0.1908444542576145,0.7113523849333553,0.2886476150666447,0.14825765990436335,False,False
15,9,Apolo Anton Ohno,Karina Smirnoff,0.2056458095235304,0.0596261305806989,0.7310971262676996,0.2689028737323004,0.16638069823433513,True,True
15,9,Emmitt Smith,Cheryl Burke,0.1939178285506612,0.0,0.7310971262676996,0.2689028737323004,0.1417727671854609,True,True
15,9,Kelly Monaco,Valentin Chmerkovskiy,0.1948117333635097,0.2354119144700815,0.7310971262676996,0.2689028737323004,0.2057292387371187,False,False
15,9,Melissa Rycroft,Tony Dovolani,0.2066960347992862,0.3210299402463007,0.7310971262676996,0.2689028737323004,0.23744075053902552,False,False
15,9,Shawn Johnson,Derek Hough,0.1989285937630122,0.3839320147029189,0.7310971262676996,0.2689028737323004,0.24867654530405953,False,False
16,2,Alexandra Raisman,Mark Ballas,0.0908460498082032,0.1041753775107436,0.5479111883160493,0.45208881168395065,0.09687208972979065,False,False
16,2,Andy Dick,Sharna Burgess,0.0868666318934093,0.0918162274458436,0.5479111883160493,0.45208881168395065,0.0891042886650255,False,False
16,2,D. L. Hughley,Cheryl Burke,0.0694190608157597,0.0631437746639158,0.5479111883160493,0.45208881168395065,0.06658207415639583,False,False
16,2,Dorothy Hamill,Tristan MacManus,0.0659821206261314,0.0,0.5479111883160493,0.45208881168395065,0.036152342119876564,True,True
16,2,Ingo Rademacher,Kym Johnson,0.0805879558631112,0.0922600041071327,0.5479111883160493,0.45208881168395065,0.08586475828366862,False,False
16,2,Jacoby Jones,Karina Smirnoff,0.0930393124477684,0.0961591432136768,0.5479111883160493,0.45208881168395065,0.09444975303138296,False,False
16,2,Kellie Pickler,Derek Hough,0.1051447993131966,0.1130763094340209,0.5479111883160493,0.45208881168395065,0.10873054629857928,False,False
16,2,Lisa Vanderpump,Gleb Savchenko,0.0779572346071651,0.075442863223832,0.5479111883160493,0.45208881168395065,0.0768205154363419,False,False
16,2,Sean Lowe,Peta Murgatroyd,0.0809338255823403,0.090483405381947,0.5479111883160493,0.45208881168395065,0.08525108376602555,False,False
16,2,Victor Ortiz,Lindsay Arnold,0.0726329211925688,0.0819288237809848,0.5479111883160493,0.45208881168395065,0.07683549474729555,False,False
16,2,Wynonna Judd,Tony Dovolani,0.0779572346071651,0.0798437874718247,0.5479111883160493,0.45208881168395065,0.07881012404992802,False,False
16,2,Zendaya,Valentin Chmerkovskiy,0.0986328532431805,0.1116702837660778,0.5479111883160493,0.45208881168395065,0.10452692971568919,False,False
16,3,Alexandra Raisman,Mark Ballas,0.0910992998870948,0.1199853904736042,0.5688138448437036,0.43118615515629644,0.10355458222458827,False,False
16,3,Andy Dick,Sharna Burgess,0.0814848784546422,0.0392696943889317,0.5688138448437036,0.43118615515629644,0.06328227554813314,False,False
16,3,D. L. Hughley,Cheryl Burke,0.0723178303287512,0.048204452126919,0.5688138448437036,0.43118615515629644,0.06192047549407353,False,False
16,3,Ingo Rademacher,Kym Johnson,0.0885729068743944,0.1039593879508763,0.5688138448437036,0.43118615515629644,0.09520734449114773,False,False
16,3,Jacoby Jones,Karina Smirnoff,0.1096608506739467,0.1290116908374202,0.5688138448437036,0.43118615515629644,0.11800466504307888,False,False
16,3,Kellie Pickler,Derek Hough,0.1053384934709065,0.1260320873539827,0.5688138448437036,0.43118615515629644,0.11426128465371597,False,False
16,3,Lisa Vanderpump,Gleb Savchenko,0.0950656915304159,0.082839939300856,0.5688138448437036,0.43118615515629644,0.08979411643265844,False,False
16,3,Sean Lowe,Peta Murgatroyd,0.0885729068743944,0.1016943985272437,0.5688138448437036,0.43118615515629644,0.09423071241010192,False,False
16,3,Victor Ortiz,Lindsay Arnold,0.0971138650991379,0.1143874286050209,0.5688138448437036,0.43118615515629644,0.10456198653308771,False,False
16,3,Wynonna Judd,Tony Dovolani,0.0679040653788685,0.0,0.5688138448437036,0.43118615515629644,0.03862477250867241,True,True
16,3,Zendaya,Valentin Chmerkovskiy,0.1028692114274471,0.134615530435145,0.5688138448437036,0.43118615515629644,0.1165577846607416,False,False
16,4,Alexandra Raisman,Mark Ballas,0.1124246524380046,0.1433135462596856,0.5932604349922244,0.40673956500777564,0.12498838767460649,False,False
16,4,Andy Dick,Sharna Burgess,0.1000474900603726,0.0895107739037299,0.5932604349922244,0.40673956500777564,0.09576179071420934,False,False
16,4,D. L. Hughley,Cheryl Burke,0.1000474900603726,0.0971507813228175,0.5932604349922244,0.40673956500777564,0.09886928400850521,False,False
16,4,Ingo Rademacher,Kym Johnson,0.1023694491178478,0.1125631592400336,0.5932604349922244,0.40673956500777564,0.10651563433876102,False,False
16,4,Jacoby Jones,Karina Smirnoff,0.1065308104620217,0.119379900968815,0.5932604349922244,0.40673956500777564,0.11175704394550035,False,False
16,4,Kellie Pickler,Derek Hough,0.1156858004256005,0.1385645833594995,0.5932604349922244,0.40673956500777564,0.1249915066440419,False,False
16,4,Lisa Vanderpump,Gleb Savchenko,0.0857549914803193,0.0,0.5932604349922244,0.40673956500777564,0.05087504354836872,True,True
16,4,Sean Lowe,Peta Murgatroyd,0.0887201909000026,0.0898270699594681,0.5932604349922244,0.40673956500777564,0.08917040240716581,False,False
16,4,Victor Ortiz,Lindsay Arnold,0.0798981078465162,0.0746324542571652,0.5932604349922244,0.40673956500777564,0.07775635819610195,False,False
16,4,Zendaya,Valentin Chmerkovskiy,0.1085210172089417,0.1350577307287853,0.5932604349922244,0.40673956500777564,0.11931454852273884,False,False
16,5,Alexandra Raisman,Mark Ballas,0.1125366194668231,0.1478416583457921,0.6194993198929745,0.38050068010702554,0.1259702107714758,False,False
16,5,Andy Dick,Sharna Burgess,0.0927076291993601,0.0132949973803434,0.6194993198929745,0.38050068010702554,0.06249106878313543,False,False
16,5,D. L. Hughley,Cheryl Burke,0.0927076291993601,0.0,0.6194993198929745,0.38050068010702554,0.05743231323789364,True,True
16,5,Ingo Rademacher,Kym Johnson,0.1007718777195158,0.0982078209199296,0.6194993198929745,0.38050068010702554,0.09979625236344021,False,False
16,5,Jacoby Jones,Karina Smirnoff,0.1250051133611004,0.1468411669244401,0.6194993198929745,0.38050068010702554,0.1333137465928046,False,False
16,5,Kellie Pickler,Derek Hough,0.1295638427822347,0.1648497302158865,0.6194993198929745,0.38050068010702554,0.14299014694891915,False,False
16,5,Sean Lowe,Peta Murgatroyd,0.1151678602508752,0.1287213952072253,0.6194993198929745,0.38050068010702554,0.12032498951962077,False,False
16,5,Victor Ortiz,Lindsay Arnold,0.1007718777195158,0.1282133553812581,0.6194993198929745,0.38050068010702554,0.1112133786329505,False,False
16,5,Zendaya,Valentin Chmerkovskiy,0.1307675503012144,0.1720298756251246,0.6194993198929745,0.38050068010702554,0.14646789314975955,False,False
16,6,Alexandra Raisman,Mark Ballas,0.1304698607723834,0.1801665406480694,0.6455322786771381,0.35446772132286186,0.14808572964522954,False,False
16,6,Andy Dick,Sharna Burgess,0.1233926376419516,0.0810227176175228,0.6455322786771381,0.35446772132286186,0.10837386863826043,False,False
16,6,Ingo Rademacher,Kym Johnson,0.1230047059469199,0.1294298141384601,0.6455322786771381,0.35446772132286186,0.125282199406828,False,False
16,6,Jacoby Jones,Karina Smirnoff,0.1205928475124593,0.1093279609569706,0.6455322786771381,0.35446772132286186,0.11659980884417469,False,False
16,6,Kellie Pickler,Derek Hough,0.1444022062979837,0.1944585133682443,0.6455322786771381,0.35446772132286186,0.16214555140301645,False,False
16,6,Sean Lowe,Peta Murgatroyd,0.1230047059469199,0.1345304199427007,0.6455322786771381,0.35446772132286186,0.12709019952362333,False,False
16,6,Victor Ortiz,Lindsay Arnold,0.1069256596119254,0.0,0.6455322786771381,0.35446772132286186,0.06902396469834224,True,True
16,6,Zendaya,Valentin Chmerkovskiy,0.1282073762694563,0.1710640333280318,0.6455322786771381,0.35446772132286186,0.1433986778405249,False,False
16,7,Alexandra Raisman,Mark Ballas,0.165557993963666,0.2203900130250417,0.6685046447117763,0.3314953552882237,0.18373455360358737,False,False
16,7,Andy Dick,Sharna Burgess,0.1007018038498792,0.0,0.6685046447117763,0.3314953552882237,0.06731962360449847,True,True
16,7,Ingo Rademacher,Kym Johnson,0.1376362136996431,0.1324598135906223,0.6685046447117763,0.3314953552882237,0.13592026110638927,False,False
16,7,Jacoby Jones,Karina Smirnoff,0.1487959061158488,0.1703343546550456,0.6685046447117763,0.3314953552882237,0.15593580176670696,False,False
16,7,Kellie Pickler,Derek Hough,0.1599555985320545,0.1940464015739789,0.6685046447117763,0.3314953552882237,0.17125654139849808,False,False
16,7,Sean Lowe,Peta Murgatroyd,0.1322630276585323,0.0784987249435837,0.6685046447117763,0.3314953552882237,0.1144404110282168,False,False
16,7,Zendaya,Valentin Chmerkovskiy,0.1550894561803759,0.2042706922117274,0.6685046447117763,0.3314953552882237,0.17139280749210276,False,False
16,8,Alexandra Raisman,Mark Ballas,0.1726238441374014,0.263768099010758,0.6957022674663167,0.3042977325336833,0.20035883422883594,False,False
16,8,Ingo Rademacher,Kym Johnson,0.1579056613706739,0.0667638008424622,0.6957022674663167,0.3042977325336833,0.13017139987303789,False,False
16,8,Jacoby Jones,Karina Smirnoff,0.1708114135915352,0.1432392126855376,0.6957022674663167,0.3042977325336833,0.16242125537487695,False,False
16,8,Kellie Pickler,Derek Hough,0.1817433395793207,0.2517695971976273,0.6957022674663167,0.3042977325336833,0.20305217099039097,False,False
16,8,Sean Lowe,Peta Murgatroyd,0.1381674536993397,0.0,0.6957022674663167,0.3042977325336833,0.09612341082867795,True,True
16,8,Zendaya,Valentin Chmerkovskiy,0.178748287621729,0.2744592902636146,0.6957022674663167,0.3042977325336833,0.20787292870418017,False,False
16,9,Alexandra Raisman,Mark Ballas,0.2014638697073063,0.3153029852077935,0.7230606271950023,0.2769393728049977,0.2329904029546869,False,False
16,9,Ingo Rademacher,Kym Johnson,0.1854478165359587,0.0,0.7230606271950023,0.2769393728049977,0.13409001453643402,True,True
16,9,Jacoby Jones,Karina Smirnoff,0.2147649333129202,0.3197323962007806,0.7230606271950023,0.2769393728049977,0.24383455665001613,False,False
16,9,Kellie Pickler,Derek Hough,0.2106741752107498,0.2471117344708922,0.7230606271950023,0.2769393728049977,0.22076517001879856,False,False
16,9,Zendaya,Valentin Chmerkovskiy,0.1876492052330649,0.1178528841205334,0.7230606271950023,0.2769393728049977,0.1683198558400642,False,False
16,10,Alexandra Raisman,Mark Ballas,0.2396936468807121,0.0,0.75,0.25,0.1797702351605341,True,True
16,10,Jacoby Jones,Karina Smirnoff,0.2471329320241827,0.110470993451462,0.75,0.25,0.21296744738100254,False,False
16,10,Kellie Pickler,Derek Hough,0.2647862299767314,0.4458791091286909,0.75,0.25,0.3100594497647213,False,False
16,10,Zendaya,Valentin Chmerkovskiy,0.2483871911183736,0.443649897419847,0.75,0.25,0.29720286769374193,False,False
17,2,Amber Riley,Derek Hough,0.0889488030927735,0.1120487134521482,0.5082751722721377,0.4917248277278623,0.10030760253476609,False,False
17,2,Bill Engvall,Emma Slater,0.0848442013180209,0.0729590250987178,0.5082751722721377,0.4917248277278623,0.07899996508906879,False,False
17,2,Bill Nye,Tyne Stecklein,0.0688276933697977,0.0373418403503177,0.5082751722721377,0.4917248277278623,0.0533453177179291,False,False
17,2,Brant Daugherty,Peta Murgatroyd,0.0853749667436786,0.0800437348196672,0.5082751722721377,0.4917248277278623,0.08275346764426682,False,False
17,2,Christina Milian,Mark Ballas,0.0926814759775932,0.1187487183164096,0.5082751722721377,0.4917248277278623,0.10549938622598813,False,False
17,2,Corbin Bleu,Karina Smirnoff,0.0905174189102942,0.1194487045741833,0.5082751722721377,0.4917248277278623,0.10474365036931564,False,False
17,2,Elizabeth Berkley Lauren,Valentin Chmerkovskiy,0.0925226394418685,0.1170278413722299,0.5082751722721377,0.4917248277278623,0.10457245563951194,False,False
17,2,Jack Osbourne,Cheryl Burke,0.0889488030927735,0.108459509371845,0.5082751722721377,0.4917248277278623,0.09854270177669885,False,False
17,2,Keyshawn Johnson,Sharna Burgess,0.0667116023195801,0.0,0.5082751722721377,0.4917248277278623,0.03390785116153491,True,True
17,2,Leah Remini,Tony Dovolani,0.0889488030927735,0.1023310411285479,0.5082751722721377,0.4917248277278623,0.09552918178552791,False,False
17,2,"Nicole ""Snooki"" Polizzi",Sasha Farber,0.0740975298213571,0.0631831567359327,0.5082751722721377,0.4917248277278623,0.06873066159616917,False,False
17,2,Valerie Harper,Tristan MacManus,0.0775760628194884,0.0684077147800003,0.5082751722721377,0.4917248277278623,0.07306775845922203,False,False
17,3,Amber Riley,Derek Hough,0.0928106878467892,0.1047882413672709,0.5470376183252503,0.45296238167474967,0.09823606901606337,False,False
17,3,Bill Engvall,Emma Slater,0.1011747163741106,0.0905369628367644,0.5470376183252503,0.45296238167474967,0.09635621419616527,False,False
17,3,Bill Nye,Tyne Stecklein,0.0673895880835437,0.0,0.5470376183252503,0.45296238167474967,0.03686463976514141,True,True
17,3,Brant Daugherty,Peta Murgatroyd,0.1044120238276378,0.1231052262742656,0.5470376183252503,0.45296238167474967,0.11287934132899058,False,False
17,3,Christina Milian,Mark Ballas,0.1006001560957453,0.1216220394443498,0.5470376183252503,0.45296238167474967,0.11012227844461794,False,False
17,3,Corbin Bleu,Karina Smirnoff,0.0943696739852671,0.1205918081969756,0.5470376183252503,0.45296238167474967,0.10624731435039753,False,False
17,3,Elizabeth Berkley Lauren,Valentin Chmerkovskiy,0.0966225555786816,0.1097967393850409,0.5470376183252503,0.45296238167474967,0.10258996525223103,False,False
17,3,Jack Osbourne,Cheryl Burke,0.0851869523830042,0.0937071882026125,0.5470376183252503,0.45296238167474967,0.08904629869228449,False,False
17,3,Leah Remini,Tony Dovolani,0.0928106878467892,0.097239208696684,0.5470376183252503,0.45296238167474967,0.09481664119825384,False,False
17,3,"Nicole ""Snooki"" Polizzi",Sasha Farber,0.0966225555786816,0.1047295545035702,0.5470376183252503,0.45296238167474967,0.10029472111993377,False,False
17,3,Valerie Harper,Tristan MacManus,0.0680004023997493,0.0338830310924656,0.5470376183252503,0.45296238167474967,0.052546516635920304,False,False
17,4,Amber Riley,Derek Hough,0.1129611121461008,0.1334515866408276,0.5757497306098627,0.4242502693901373,0.12165420147042037,False,False
17,4,Bill Engvall,Emma Slater,0.0957763967764704,0.0830024773269261,0.5757497306098627,0.4242502693901373,0.09035705800883331,False,False
17,4,Brant Daugherty,Peta Murgatroyd,0.0878586427803006,0.0831961291181401,0.5757497306098627,0.4242502693901373,0.08588057010309381,False,False
17,4,Christina Milian,Mark Ballas,0.1004098774632007,0.1102464357052275,0.5757497306098627,0.4242502693901373,0.10458303994725235,False,False
17,4,Corbin Bleu,Karina Smirnoff,0.1059650773910835,0.1284807927811002,0.5757497306098627,0.4242502693901373,0.11551737571080975,False,False
17,4,Elizabeth Berkley Lauren,Valentin Chmerkovskiy,0.1129611121461008,0.1277895656388434,0.5757497306098627,0.4242502693901373,0.11925208753503597,False,False
17,4,Jack Osbourne,Cheryl Burke,0.1004098774632007,0.1153570127335453,0.5757497306098627,0.4242502693901373,0.10675120362825521,False,False
17,4,Leah Remini,Tony Dovolani,0.1004098774632007,0.1077654364047987,0.5757497306098627,0.4242502693901373,0.10353047532568868,False,False
17,4,"Nicole ""Snooki"" Polizzi",Sasha Farber,0.1004098774632007,0.1107105636505907,0.5757497306098627,0.4242502693901373,0.10477994635310417,False,False
17,4,Valerie Harper,Tristan MacManus,0.0828381489071406,0.0,0.5757497306098627,0.4242502693901373,0.04769404191750589,True,True
17,5,Amber Riley,Derek Hough,0.1106244472982599,0.1275945486858134,0.6138306850106032,0.3861693149893968,0.11717777972639205,False,False
17,5,Bill Engvall,Emma Slater,0.1111858087387237,0.0342501058888395,0.6138306850106032,0.3861693149893968,0.08147560107095614,False,False
17,5,Brant Daugherty,Peta Murgatroyd,0.1147434430989266,0.1467573395476545,0.6138306850106032,0.3861693149893968,0.12710622756067333,False,False
17,5,Christina Milian,Mark Ballas,0.1188624388995933,0.0,0.6138306850106032,0.3861693149893968,0.07296141229176833,True,True
17,5,Corbin Bleu,Karina Smirnoff,0.1115009165330983,0.1907982532046013,0.6138306850106032,0.3861693149893968,0.14212311471601619,False,False
17,5,Elizabeth Berkley Lauren,Valentin Chmerkovskiy,0.1102321632448238,0.123455299466066,0.6138306850106032,0.3861693149893968,0.11533853270139237,False,False
17,5,Jack Osbourne,Cheryl Burke,0.1147434430989266,0.1659367548002285,0.6138306850106032,0.3861693149893968,0.13451272921065704,False,False
17,5,Leah Remini,Tony Dovolani,0.0933638959887207,0.06938715514235,0.6138306850106032,0.3861693149893968,0.08410481440039944,False,False
17,5,"Nicole ""Snooki"" Polizzi",Sasha Farber,0.1147434430989266,0.1418205432644464,0.6138306850106032,0.3861693149893968,0.12519978832174466,False,False
17,7,Amber Riley,Derek Hough,0.1327125619856531,0.1943202089586729,0.661958733873498,0.338041266126502,0.15353848897148728,False,False
17,7,Bill Engvall,Emma Slater,0.122914732469523,0.0835734770589965,0.661958733873498,0.338041266126502,0.10961576467954254,False,False
17,7,Brant Daugherty,Peta Murgatroyd,0.1283522686671628,0.1497749986198577,0.661958733873498,0.338041266126502,0.1355940354242579,False,False
17,7,Corbin Bleu,Karina Smirnoff,0.1247813018020802,0.1845672713588323,0.661958733873498,0.338041266126502,0.1449914266476452,False,False
17,7,Elizabeth Berkley Lauren,Valentin Chmerkovskiy,0.1215968861057331,0.1351768214741432,0.661958733873498,0.338041266126502,0.1261874646515865,False,False
17,7,Jack Osbourne,Cheryl Burke,0.1285365051674719,0.1528746897886388,0.661958733873498,0.338041266126502,0.1367638159120317,False,False
17,7,Leah Remini,Tony Dovolani,0.1195088576966425,0.0997125327408583,0.661958733873498,0.338041266126502,0.11281688294393755,False,False
17,7,"Nicole ""Snooki"" Polizzi",Sasha Farber,0.1215968861057331,0.0,0.661958733873498,0.338041266126502,0.08049212076951102,True,True
17,8,Amber Riley,Derek Hough,0.1456778916220607,0.1822338211326761,0.684691418760984,0.31530858123901595,0.15720428989192634,False,False
17,8,Bill Engvall,Emma Slater,0.1361196619741338,0.0878055378772516,0.684691418760984,0.31530858123901595,0.12088580405134011,False,False
17,8,Brant Daugherty,Peta Murgatroyd,0.1404751097784157,0.0,0.684691418760984,0.31530858123901595,0.09618210221478843,True,True
17,8,Corbin Bleu,Karina Smirnoff,0.1464167190557709,0.2083595586094163,0.684691418760984,0.31530858123901595,0.16594782791334683,False,False
17,8,Elizabeth Berkley Lauren,Valentin Chmerkovskiy,0.1298094083646664,0.1079467043393546,0.684691418760984,0.31530858123901595,0.1229159101763968,False,False
17,8,Jack Osbourne,Cheryl Burke,0.1560834553093508,0.2284703327003747,0.684691418760984,0.31530858123901595,0.17890765891983715,False,False
17,8,Leah Remini,Tony Dovolani,0.1454177538956015,0.1851840453409264,0.684691418760984,0.31530858123901595,0.15795640683236412,False,False
17,9,Amber Riley,Derek Hough,0.1618048871748355,0.1745958808654427,0.7075893750360546,0.29241062496394543,0.16554510963381583,False,False
17,9,Bill Engvall,Emma Slater,0.1452595697550582,0.0,0.7075893750360546,0.29241062496394543,0.1027841281809878,False,True
17,9,Corbin Bleu,Karina Smirnoff,0.1725424731829692,0.294876883031765,0.7075893750360546,0.29241062496394543,0.20831435442145102,False,False
17,9,Elizabeth Berkley Lauren,Valentin Chmerkovskiy,0.1777474264580735,0.0221116770761916,0.7075893750360546,0.29241062496394543,0.13223787971458545,True,False
17,9,Jack Osbourne,Cheryl Burke,0.1713228217145317,0.2673384311675689,0.7075893750360546,0.29241062496394543,0.19939880608098842,False,False
17,9,Leah Remini,Tony Dovolani,0.1713228217145317,0.2410771278590316,0.7075893750360546,0.29241062496394543,0.19171972196817127,False,False
17,10,Amber Riley,Derek Hough,0.225140901054945,0.3843639213907814,0.7286679638561337,0.27133203614386625,0.2683432073636437,False,False
17,10,Corbin Bleu,Karina Smirnoff,0.200681915456046,0.3183628119361886,0.7286679638561337,0.27133203614386625,0.23261251271323863,False,False
17,10,Jack Osbourne,Cheryl Burke,0.2025318135220609,0.2673502402798528,0.7286679638561337,0.27133203614386625,0.22011912923389465,False,False
17,10,Leah Remini,Tony Dovolani,0.1852425135262206,0.0,0.7286679638561337,0.27133203614386625,0.13498028515074348,True,True
18,2,Amy Purdy,Derek Hough,0.0975219026268293,0.1140127634403427,0.5398351532179698,0.4601648467820302,0.10511041706638348,False,False
18,2,Billy Dee Williams,Emma Slater,0.0670463080559452,0.0,0.5398351532179698,0.4601648467820302,0.03619395398208038,True,True
18,2,Candace Cameron Bure,Mark Ballas,0.0853316647984757,0.0986082606081169,0.5398351532179698,0.4601648467820302,0.09144108747500618,False,False
18,2,Charlie White,Sharna Burgess,0.1019103866359332,0.1236190578974937,0.5398351532179698,0.4601648467820302,0.11189995402085065,False,False
18,2,Cody Simpson,Witney Carson,0.0839347955219791,0.1000906608928503,0.5398351532179698,0.4601648467820302,0.09136915683499716,False,False
18,2,Danica McKellar,Valentin Chmerkovskiy,0.0975219026268293,0.1087584381554172,0.5398351532179698,0.4601648467820302,0.10269256127670279,False,False
18,2,Drew Carey,Cheryl Burke,0.0930216894628384,0.0956951062447582,0.5398351532179698,0.4601648467820302,0.09425190188667504,False,False
18,2,James Maslow,Peta Murgatroyd,0.0953700538188921,0.1215612944245066,0.5398351532179698,0.4601648467820302,0.10742234203920598,False,False
18,2,Meryl Davis,Maksim Chmerkoskiy,0.1014227795364542,0.1240250810090061,0.5398351532179698,0.4601648467820302,0.1118235641304923,False,False
18,2,NeNe Leakes,Tony Dovolani,0.0915868521173473,0.091304634321832,0.5398351532179698,0.4601648467820302,0.09145698540871483,False,False
18,2,Sean Avery,Karina Smirnoff,0.0853316647984757,0.0223247030056758,0.5398351532179698,0.4601648467820302,0.056338075878890705,True,True
18,5,Amy Purdy,Derek Hough,0.1146838223879273,0.1457431859684202,0.6231395658531869,0.37686043414681314,0.12638886763119556,False,False
18,5,Candace Cameron Bure,Mark Ballas,0.1084846968534447,0.1049414214894105,0.6231395658531869,0.37686043414681314,0.10714937656145307,False,False
18,5,Charlie White,Sharna Burgess,0.1145288449469637,0.138715661059325,0.6231395658531869,0.37686043414681314,0.12364389896769731,False,False
18,5,Cody Simpson,Witney Carson,0.099003682536122,0.0,0.6231395658531869,0.37686043414681314,0.0616931117534258,True,True
18,5,Danica McKellar,Valentin Chmerkovskiy,0.1210379253633734,0.149830415576974,0.6231395658531869,0.37686043414681314,0.13188867572543878,False,False
18,5,Drew Carey,Cheryl Burke,0.0946090041112295,0.076268484870079,0.6231395658531869,0.37686043414681314,0.08769718806753155,False,False
18,5,James Maslow,Peta Murgatroyd,0.1163038862735135,0.1516290211557539,0.6231395658531869,0.37686043414681314,0.12961653194152936,False,False
18,5,Meryl Davis,Maksim Chmerkoskiy,0.111584259620686,0.1173916517565419,0.6231395658531869,0.37686043414681314,0.11377283594226545,False,False
18,5,NeNe Leakes,Tony Dovolani,0.1197638779067394,0.1154801581234952,0.6231395658531869,0.37686043414681314,0.1181495134094627,False,False
18,6,Amy Purdy,Derek Hough,0.1332755291534604,0.1714381282037695,0.6540784554239459,0.34592154457605406,0.14647679436197997,False,False
18,6,Candace Cameron Bure,Mark Ballas,0.1122320245502824,0.1160814240824506,0.6540784554239459,0.34592154457605406,0.11356361478214036,False,False
18,6,Charlie White,Sharna Burgess,0.1262610276190677,0.1506248639798618,0.6540784554239459,0.34592154457605406,0.13468900352479182,False,False
18,6,Danica McKellar,Valentin Chmerkovskiy,0.1262610276190677,0.1552307930124554,0.6540784554239459,0.34592154457605406,0.1362822936099543,False,False
18,6,Drew Carey,Cheryl Burke,0.1223462891548851,0.0,0.6540784554239459,0.34592154457605406,0.08002407183727872,True,True
18,6,James Maslow,Peta Murgatroyd,0.1154332535393219,0.1233861676627889,0.6540784554239459,0.34592154457605406,0.11818433787679233,False,False
18,6,Meryl Davis,Maksim Chmerkoskiy,0.140290030687853,0.1663321249050786,0.6540784554239459,0.34592154457605406,0.14929855214347082,False,False
18,6,NeNe Leakes,Tony Dovolani,0.1239008176760615,0.116906498153595,0.6540784554239459,0.34592154457605406,0.12148133186359143,False,False
18,7,Amy Purdy,Derek Hough,0.1481484805977042,0.1981120036672538,0.6802486125233205,0.3197513874766795,0.16412438642241578,False,False
18,7,Candace Cameron Bure,Mark Ballas,0.1460019333984454,0.1508974247111477,0.6802486125233205,0.3197513874766795,0.14756727353806198,False,False
18,7,Charlie White,Sharna Burgess,0.1400026081211275,0.1514522125708435,0.6802486125233205,0.3197513874766795,0.14366363502998336,False,False
18,7,Danica McKellar,Valentin Chmerkovskiy,0.1420757692669765,0.1603958842173087,0.6802486125233205,0.3197513874766795,0.14793365144107745,False,False
18,7,James Maslow,Peta Murgatroyd,0.1296279887914651,0.140780347860172,0.6802486125233205,0.3197513874766795,0.13319397107732225,False,False
18,7,Meryl Davis,Maksim Chmerkoskiy,0.1542945779818416,0.1983621269732741,0.6802486125233205,0.3197513874766795,0.16838523791454868,False,False
18,7,NeNe Leakes,Tony Dovolani,0.1398486418424394,0.0,0.6802486125233205,0.3197513874766795,0.09513184457659017,True,True
18,8,Amy Purdy,Derek Hough,0.1787480498444724,0.2717021789060308,0.70528398637745,0.29471601362254995,0.20614312021125092,False,False
18,8,Candace Cameron Bure,Mark Ballas,0.1608732448600252,0.1529484933911985,0.70528398637745,0.29471601362254995,0.15853769369818316,False,False
18,8,Charlie White,Sharna Burgess,0.1787480498444724,0.2124834118275106,0.70528398637745,0.29471601362254995,0.18869040124622716,False,False
18,8,Danica McKellar,Valentin Chmerkovskiy,0.1698106473522488,0.0,0.70528398637745,0.29471601362254995,0.11976473029392941,True,True
18,8,James Maslow,Peta Murgatroyd,0.1503509387892385,0.1867161204079268,0.70528398637745,0.29471601362254995,0.16106834015055835,False,False
18,8,Meryl Davis,Maksim Chmerkoskiy,0.1614690693095423,0.1761497954673332,0.70528398637745,0.29471601362254995,0.16579571439985072,False,False
18,9,Amy Purdy,Derek Hough,0.2067358338344763,0.3418715404208646,0.7278528241842371,0.27214717581576287,0.24351263473382947,False,False
18,9,Candace Cameron Bure,Mark Ballas,0.1908330773856705,0.1730173553425908,0.7278528241842371,0.27214717581576287,0.18598457894652773,False,False
18,9,Charlie White,Sharna Burgess,0.2014349150182077,0.0,0.7278528241842371,0.27214717581576287,0.14661497178531427,True,True
18,9,James Maslow,Peta Murgatroyd,0.1889594211109004,0.1373518204438952,0.7278528241842371,0.27214717581576287,0.17491455833874725,False,False
18,9,Meryl Davis,Maksim Chmerkoskiy,0.212036752650745,0.3477592837926492,0.7278528241842371,0.27214717581576287,0.24897325619558117,False,False
18,10,Amy Purdy,Derek Hough,0.2629033532626065,0.3612324136931225,0.75,0.25,0.2874856183702355,False,False
18,10,Candace Cameron Bure,Mark Ballas,0.2303825165055433,0.2438854136628673,0.75,0.25,0.2337582407948743,False,False
18,10,James Maslow,Peta Murgatroyd,0.2408861048175662,0.0,0.75,0.25,0.18066457861317464,True,True
18,10,Meryl Davis,Maksim Chmerkoskiy,0.2658280254142839,0.3948821726440102,0.75,0.25,0.29809156222171546,False,False
19,1,Alfonso Ribeiro,Witney Carson,0.0944336698380052,0.1044164184274285,0.5618967387531509,0.43810326124684906,0.09880714455123893,False,False
19,1,Antonio Sabato Jr.,Cheryl Burke,0.065543962075478,0.0724857006990572,0.5618967387531509,0.43810326124684906,0.06858516040519126,False,False
19,1,Bethany Mota,Derek Hough,0.0787423088852492,0.1035368933159031,0.5618967387531509,0.43810326124684906,0.08960489718557901,False,False
19,1,Betsey Johnson,Tony Dovolani,0.0577094649010031,0.0616554872745366,0.5618967387531509,0.43810326124684906,0.05943823017180116,False,False
19,1,Janel Parrish,Valentin Chmerkovskiy,0.0760365920574786,0.087264229207598,0.5618967387531509,0.43810326124684906,0.08095545650904218,False,False
19,1,Jonathan Bennett,Allison Holker,0.0786947248650043,0.0844245496105603,0.5618967387531509,0.43810326124684906,0.08120497977240528,False,False
19,1,Lea Thompson,Artem Chigvintsev,0.09009428823432,0.0924703980050919,0.5618967387531509,0.43810326124684906,0.09113526967397567,False,False
19,1,Lolo Jones,Keo Motsepe,0.0577094649010031,0.0,0.5618967387531509,0.43810326124684906,0.03242676012306307,True,True
19,1,Michael Waltrip,Emma Slater,0.0704237018396911,0.047171642921289,0.5618967387531509,0.43810326124684906,0.06023689899683526,False,False
19,1,Randy Couture,Karina Smirnoff,0.0873163808836261,0.0884147839893539,0.5618967387531509,0.43810326124684906,0.08779759486640912,False,False
19,1,Sadie Robertson,Mark Ballas,0.0836637031905773,0.1051503679790647,0.5618967387531509,0.43810326124684906,0.09307708110773147,False,False
19,1,Tavis Smiley,Sharna Burgess,0.0816854878689811,0.0811485516100446,0.5618967387531509,0.43810326124684906,0.08145025434285934,False,False
19,1,Tommy Chong,Peta Murgatroyd,0.0779462504595824,0.0718609769600716,0.5618967387531509,0.43810326124684906,0.07528027229386769,False,False
19,2,Alfonso Ribeiro,Witney Carson,0.0859117873306577,0.1052288636294967,0.5859763192331925,0.4140236807668075,0.09390951436155628,False,False
19,2,Antonio Sabato Jr.,Cheryl Burke,0.0835492116326598,0.1000695071550818,0.5859763192331925,0.4140236807668075,0.09038900519220835,False,False
19,2,Bethany Mota,Derek Hough,0.0828072558092547,0.1188134508357792,0.5859763192331925,0.4140236807668075,0.09771467320454388,False,False
19,2,Betsey Johnson,Tony Dovolani,0.082690095305758,0.0786962935286933,0.5859763192331925,0.4140236807668075,0.08103656679376466,False,False
19,2,Janel Parrish,Valentin Chmerkovskiy,0.0914960524762139,0.120190682146307,0.5859763192331925,0.4140236807668075,0.1033763086704663,False,False
19,2,Jonathan Bennett,Allison Holker,0.0807570790598817,0.087354503878901,0.5859763192331925,0.4140236807668075,0.08348856916703436,False,False
19,2,Lea Thompson,Artem Chigvintsev,0.1011999247980144,0.1147217651029869,0.5859763192331925,0.4140236807668075,0.10679828689182008,False,False
19,2,Michael Waltrip,Emma Slater,0.0691571251419891,0.0290190770323506,0.5859763192331925,0.4140236807668075,0.05253902272484137,False,False
19,2,Randy Couture,Karina Smirnoff,0.080683312665654,0.0607281329911715,0.5859763192331925,0.4140236807668075,0.07242139572646178,False,False
19,2,Sadie Robertson,Mark Ballas,0.0783747478085042,0.1063411955660098,0.5859763192331925,0.4140236807668075,0.0899535194470393,False,False
19,2,Tavis Smiley,Sharna Burgess,0.080683312665654,0.0,0.5859763192331925,0.4140236807668075,0.04727851057936075,True,True
19,2,Tommy Chong,Peta Murgatroyd,0.082690095305758,0.0788365281332218,0.5859763192331925,0.4140236807668075,0.08109462724090241,False,False
19,3,Alfonso Ribeiro,Witney Carson,0.0887453996004041,0.1055194819927672,0.6062664740405544,0.39373352595944555,0.09534991820548348,False,False
19,3,Antonio Sabato Jr.,Cheryl Burke,0.0805460959151136,0.0867980509368981,0.6062664740405544,0.39373352595944555,0.08300770020998066,False,False
19,3,Bethany Mota,Derek Hough,0.1040613995172591,0.1275351704551712,0.6062664740405544,0.39373352595944555,0.11330381011620759,False,False
19,3,Betsey Johnson,Tony Dovolani,0.087857947938781,0.0789296610922451,0.6062664740405544,0.39373352595944555,0.08434258207791709,False,False
19,3,Janel Parrish,Valentin Chmerkovskiy,0.1109317495005051,0.1240448097512772,0.6062664740405544,0.39373352595944555,0.11609480094916025,False,False
19,3,Jonathan Bennett,Allison Holker,0.0887453996004041,0.1027618238705999,0.6062664740405544,0.39373352595944555,0.09426413574965184,False,False
19,3,Lea Thompson,Artem Chigvintsev,0.0921448239442452,0.0861494944384294,0.6062664740405544,0.39373352595944555,0.08978426171863164,False,False
19,3,Michael Waltrip,Emma Slater,0.0833444751421515,0.0732932870442645,0.6062664740405544,0.39373352595944555,0.07938698541228884,False,False
19,3,Randy Couture,Karina Smirnoff,0.0772359986762336,0.0,0.6062664740405544,0.39373352595944555,0.04682559658644107,True,True
19,3,Sadie Robertson,Mark Ballas,0.0832491196138073,0.1109903222963937,0.6062664740405544,0.39373352595944555,0.09417176116037768,False,False
19,3,Tommy Chong,Peta Murgatroyd,0.1031375905510949,0.1039778981219533,0.6062664740405544,0.39373352595944555,0.10346844781385939,False,False
19,4,Alfonso Ribeiro,Witney Carson,0.1227422658012605,0.1458327921134491,0.6252770756270326,0.3747229243729674,0.13139481534627476,False,False
19,4,Antonio Sabato Jr.,Cheryl Burke,0.0886471934829069,0.1060245513782945,0.6252770756270326,0.3747229243729674,0.09515888785134222,False,False
19,4,Bethany Mota,Derek Hough,0.0946710410708936,0.1283502813739118,0.6252770756270326,0.3747229243729674,0.10729142448790048,False,False
19,4,Betsey Johnson,Tony Dovolani,0.0979619658055668,0.0,0.6252770756270326,0.3747229243729674,0.06125337150158018,True,True
19,4,Janel Parrish,Valentin Chmerkovskiy,0.1104680392211344,0.129842867943431,0.6252770756270326,0.3747229243729674,0.11772823169917875,False,False
19,4,Jonathan Bennett,Allison Holker,0.0736453594807563,0.0769026698065555,0.6252770756270326,0.3747229243729674,0.07486594833163004,False,False
19,4,Lea Thompson,Artem Chigvintsev,0.128812262070028,0.1303728616932182,0.6252770756270326,0.3747229243729674,0.12939705452460518,False,False
19,4,Michael Waltrip,Emma Slater,0.0819714421605073,0.0549509979114544,0.6252770756270326,0.3747229243729674,0.07184626227364546,False,False
19,4,Sadie Robertson,Mark Ballas,0.1065688862399753,0.1382336944176792,0.6252770756270326,0.3747229243729674,0.11843441576003355,False,False
19,4,Tommy Chong,Peta Murgatroyd,0.0945115446669706,0.089489283362006,0.6252770756270326,0.3747229243729674,0.09262958822380907,False,False
19,6,Alfonso Ribeiro,Witney Carson,0.1318410613757912,0.1682867907871022,0.662449303074875,0.33755069692512496,0.14414334273852378,False,False
19,6,Antonio Sabato Jr.,Cheryl Burke,0.0945785394646195,0.0755938209339368,0.662449303074875,0.33755069692512496,0.08817023449366022,False,False
19,6,Bethany Mota,Derek Hough,0.1140698505776503,0.1765680520192014,0.662449303074875,0.33755069692512496,0.13516616203081272,False,False
19,6,Janel Parrish,Valentin Chmerkovskiy,0.1116453429048487,0.1506460867411218,0.662449303074875,0.33755069692512496,0.12481007116738096,False,False
19,6,Jonathan Bennett,Allison Holker,0.1080897593881366,0.0,0.662449303074875,0.33755069692512496,0.07160398577620203,True,True
19,6,Lea Thompson,Artem Chigvintsev,0.1160132153973604,0.111100935835733,0.662449303074875,0.33755069692512496,0.11435507200784202,False,False
19,6,Michael Waltrip,Emma Slater,0.108991362018782,0.0722193471950008,0.662449303074875,0.33755069692512496,0.09657894278767364,False,False
19,6,Sadie Robertson,Mark Ballas,0.1107344754617294,0.1619499565259766,0.662449303074875,0.33755069692512496,0.12802229678832158,False,False
19,6,Tommy Chong,Peta Murgatroyd,0.1040363934110815,0.083635009961927,0.662449303074875,0.33755069692512496,0.09714989220958269,False,False
19,7,Alfonso Ribeiro,Witney Carson,0.1297662219270884,0.1610723890504178,0.6796733966105554,0.32032660338944463,0.13979442010684678,False,False
19,7,Antonio Sabato Jr.,Cheryl Burke,0.1126137315240864,0.0,0.6796733966105554,0.32032660338944463,0.07654055740996497,True,True
19,7,Bethany Mota,Derek Hough,0.1343656626968558,0.1983924061924893,0.6796733966105554,0.32032660338944463,0.15487513196689928,False,False
19,7,Janel Parrish,Valentin Chmerkovskiy,0.1279701488060768,0.1551515238971947,0.6796733966105554,0.32032660338944463,0.13667706636446905,False,False
19,7,Lea Thompson,Artem Chigvintsev,0.1435196681854326,0.1591302008772712,0.6796733966105554,0.32032660338944463,0.14852013709970915,False,False
19,7,Michael Waltrip,Emma Slater,0.1147000714815924,0.077775644123093,0.6796733966105554,0.32032660338944463,0.10287219508374401,False,False
19,7,Sadie Robertson,Mark Ballas,0.1111149270378698,0.1504703067050086,0.6796733966105554,0.32032660338944463,0.1237215021317464,False,False
19,7,Tommy Chong,Peta Murgatroyd,0.1259495683409975,0.0980075291545252,0.6796733966105554,0.32032660338944463,0.11699898983662006,False,False
19,8,Alfonso Ribeiro,Witney Carson,0.1638670248255273,0.2077635182928897,0.694941799527417,0.30505820047258303,0.17725801012973738,False,False
19,8,Bethany Mota,Derek Hough,0.1498856868616061,0.2073246902574631,0.694941799527417,0.30505820047258303,0.16740792587448483,False,False
19,8,Janel Parrish,Valentin Chmerkovskiy,0.1718605382316506,0.2284640661111721,0.694941799527417,0.30505820047258303,0.1891279085869771,False,False
19,8,Lea Thompson,Artem Chigvintsev,0.1372715710077601,0.0800767996832768,0.694941799527417,0.30505820047258303,0.11982383699107234,False,False
19,8,Michael Waltrip,Emma Slater,0.1071480876665195,0.0,0.694941799527417,0.30505820047258303,0.07446168485889249,True,True
19,8,Sadie Robertson,Mark Ballas,0.1424705525792696,0.1917781408085597,0.694941799527417,0.30505820047258303,0.15751223671413994,False,False
19,8,Tommy Chong,Peta Murgatroyd,0.1274965388276664,0.0845927848466384,0.694941799527417,0.30505820047258303,0.11440839684469557,False,False
19,9,Alfonso Ribeiro,Witney Carson,0.1792510350687732,0.2350088602311895,0.7140981286292598,0.2859018713707402,0.19519230162627055,False,False
19,9,Bethany Mota,Derek Hough,0.1615108306460647,0.2212838004966151,0.7140981286292598,0.2859018713707402,0.1786000345837239,False,False
19,9,Janel Parrish,Valentin Chmerkovskiy,0.1792510350687732,0.233235823619075,0.7140981286292598,0.2859018713707402,0.1946853871408582,False,False
19,9,Lea Thompson,Artem Chigvintsev,0.1748008993113585,0.0,0.7140981286292598,0.2859018713707402,0.12482499508095278,True,True
19,9,Sadie Robertson,Mark Ballas,0.1593270714488394,0.2017658007357521,0.7140981286292598,0.2859018713707402,0.17146038357056398,False,False
19,9,Tommy Chong,Peta Murgatroyd,0.1458591284561908,0.1087057149173681,0.7140981286292598,0.2859018713707402,0.1352368979976304,False,False
19,10,Alfonso Ribeiro,Witney Carson,0.2073036887064772,0.2147827903097062,0.7322017420309016,0.2677982579690984,0.20930657908699582,False,False
19,10,Bethany Mota,Derek Hough,0.1969525454807432,0.2678804115072167,0.7322017420309016,0.2677982579690984,0.2159469044440984,False,False
19,10,Janel Parrish,Valentin Chmerkovskiy,0.2155545820092275,0.293314972786379,0.7322017420309016,0.2677982579690984,0.23637867919834504,False,False
19,10,Sadie Robertson,Mark Ballas,0.1917004779698209,0.224021825396698,0.7322017420309016,0.2677982579690984,0.20035607850595258,False,False
19,10,Tommy Chong,Peta Murgatroyd,0.188488705833731,0.0,0.7322017420309016,0.2677982579690984,0.138011758764608,True,True
19,11,Alfonso Ribeiro,Witney Carson,0.2639692394071794,0.3641622876822534,0.75,0.25,0.2890175014759479,False,False
19,11,Bethany Mota,Derek Hough,0.2352397593620195,0.0,0.75,0.25,0.17642981952151462,True,True
19,11,Janel Parrish,Valentin Chmerkovskiy,0.2571801039949778,0.2910088060005033,0.75,0.25,0.2656372794963592,False,False
19,11,Sadie Robertson,Mark Ballas,0.2436108972358233,0.3448289063172432,0.75,0.25,0.26891539950617827,False,False
20,2,Charlotte McKinney,Keo Motsepe,0.0700099303820075,0.0376017888688695,0.5855231812185064,0.41447681878149356,0.0565775069850216,False,False
20,2,Chris Soules,Witney Carson,0.0598134799099139,0.0664130884501169,0.5855231812185064,0.41447681878149356,0.06254886466286042,False,False
20,2,Michael Sam,Peta Murgatroyd,0.0801554493872947,0.0902237107545471,0.5855231812185064,0.41447681878149356,0.08432851032945408,False,False
20,2,Nastia Liukin,Derek Hough,0.0975336885335149,0.1274816281162616,0.5855231812185064,0.41447681878149356,0.10994641526083213,False,False
20,2,Noah Galloway,Sharna Burgess,0.0775958618968769,0.0723960861235324,0.5855231812185064,0.41447681878149356,0.075440675375964,False,False
20,2,Patti LaBelle,Artem Chigvintsev,0.0881709943260241,0.0824621848613981,0.5855231812185064,0.41447681878149356,0.08580482514009624,False,False
20,2,Redfoo,Emma Slater,0.0890466403807762,0.0,0.5855231812185064,0.41447681878149356,0.052138872152572395,True,True
20,2,Riker Lynch,Allison Holker,0.0859327678477655,0.1112069888866364,0.5855231812185064,0.41447681878149356,0.096408346581137,False,False
20,2,Robert Herjavec,Kym Johnson,0.0860311972908421,0.0897622536120738,0.5855231812185064,0.41447681878149356,0.08757763364556079,False,False
20,2,Rumer Willis,Valentin Chmerkovskiy,0.0916062278711939,0.1181295960534156,0.5855231812185064,0.41447681878149356,0.10259954913873143,False,False
20,2,Suzanne Somers,Tony Dovolani,0.0881709943260241,0.0843532421312615,0.5855231812185064,0.41447681878149356,0.08658862454144284,False,False
20,2,Willow Shields,Mark Ballas,0.0859327678477655,0.1199694321418865,0.5855231812185064,0.41447681878149356,0.10004017618632643,False,False
20,3,Charlotte McKinney,Keo Motsepe,0.0657229021433117,0.0,0.5757524425703491,0.4242475574296509,0.03784012144182374,True,True
20,3,Chris Soules,Witney Carson,0.0890132795033934,0.093472573186817,0.5757524425703491,0.4242475574296509,0.09090512395644733,False,False
20,3,Michael Sam,Peta Murgatroyd,0.0762970967171943,0.0714093286147929,0.5757524425703491,0.4242475574296509,0.07422347303846795,False,False
20,3,Nastia Liukin,Derek Hough,0.1082106131667767,0.1362064603492261,0.5757524425703491,0.4242475574296509,0.12008778295210464,False,False
20,3,Noah Galloway,Sharna Burgess,0.0954123907245211,0.1089773649349723,0.5757524425703491,0.4242475574296509,0.10116729789990123,False,False
20,3,Patti LaBelle,Artem Chigvintsev,0.0770682712889974,0.053145590979596,0.5757524425703491,0.4242475574296509,0.06691913260056345,False,False
20,3,Riker Lynch,Allison Holker,0.1016627090295234,0.126621618883838,0.5757524425703491,0.4242475574296509,0.1122514655713232,False,False
20,3,Robert Herjavec,Kym Johnson,0.0989724425610198,0.0973446141806879,0.5757524425703491,0.4242475574296509,0.09828184034674933,False,False
20,3,Rumer Willis,Valentin Chmerkovskiy,0.1047649385880434,0.1225789260598197,0.5757524425703491,0.4242475574296509,0.1123224792610269,False,False
20,3,Suzanne Somers,Tony Dovolani,0.087446317560534,0.0706173831941751,0.5757524425703491,0.4242475574296509,0.08030668326146233,False,False
20,3,Willow Shields,Mark Ballas,0.0954290387166843,0.1196261396160748,0.5757524425703491,0.4242475574296509,0.10569459967012954,False,False
20,4,Chris Soules,Witney Carson,0.0823044820797488,0.0604311404217843,0.6010628227898536,0.39893717721014643,0.07357839290256735,False,False
20,4,Michael Sam,Peta Murgatroyd,0.0912724862144398,0.0,0.6010628227898536,0.39893717721014643,0.05486049820709918,True,True
20,4,Nastia Liukin,Derek Hough,0.1096275589226455,0.1492366770289631,0.6010628227898536,0.39893717721014643,0.12542910869176316,False,False
20,4,Noah Galloway,Sharna Burgess,0.0972232180083123,0.1089231002886078,0.6010628227898536,0.39893717721014643,0.10189073601890439,False,False
20,4,Patti LaBelle,Artem Chigvintsev,0.1003997348358838,0.081681388844957,0.6010628227898536,0.39893717721014643,0.0929322907242206,False,False
20,4,Riker Lynch,Allison Holker,0.0970199308835827,0.1232036476470883,0.6010628227898536,0.39893717721014643,0.10746558893808561,False,False
20,4,Robert Herjavec,Kym Johnson,0.1105571418073324,0.1203682074120162,0.6010628227898536,0.39893717721014643,0.11447114062508851,False,False
20,4,Rumer Willis,Valentin Chmerkovskiy,0.1066102865818269,0.1380183043210811,0.6010628227898536,0.39893717721014643,0.11914011252049117,False,False
20,4,Suzanne Somers,Tony Dovolani,0.0935773473330006,0.0642932454595778,0.6010628227898536,0.39893717721014643,0.08189483039448295,False,False
20,4,Willow Shields,Mark Ballas,0.1114078133332268,0.1538442885759239,0.6010628227898536,0.39893717721014643,0.12833730097729665,False,False
20,5,Chris Soules,Witney Carson,0.0946291324145099,0.0572904172274145,0.6284104770258989,0.3715895229741011,0.0807544570496713,False,False
20,5,Nastia Liukin,Derek Hough,0.1329599209861045,0.1725791224336338,0.6284104770258989,0.3715895229741011,0.14768200115260674,False,False
20,5,Noah Galloway,Sharna Burgess,0.0978233657936703,0.1351928289794455,0.6284104770258989,0.3715895229741011,0.11170946679267074,False,False
20,5,Patti LaBelle,Artem Chigvintsev,0.1040920456559609,0.0702028421569034,0.6284104770258989,0.3715895229741011,0.09149917269377389,False,False
20,5,Riker Lynch,Allison Holker,0.1247252974898338,0.1585538217339041,0.6284104770258989,0.3715895229741011,0.1372956226766057,False,False
20,5,Robert Herjavec,Kym Johnson,0.089995071326101,0.0760087953874925,0.6284104770258989,0.3715895229741011,0.08479791772188933,False,False
20,5,Rumer Willis,Valentin Chmerkovskiy,0.1365534320403686,0.1775809563960308,0.6284104770258989,0.3715895229741011,0.15179883024449742,False,False
20,5,Suzanne Somers,Tony Dovolani,0.1076057023730374,0.0,0.6284104770258989,0.3715895229741011,0.06762055075894734,True,True
20,5,Willow Shields,Mark Ballas,0.111616031920413,0.1525912156851751,0.6284104770258989,0.3715895229741011,0.12684198090933707,False,False
20,6,Chris Soules,Witney Carson,0.123346109261711,0.1193111328763113,0.6589624595617113,0.3410375404382887,0.1219700308395077,False,False
20,6,Nastia Liukin,Derek Hough,0.1283889715551772,0.1814509198656957,0.6589624595617113,0.3410375404382887,0.14648508789786002,False,False
20,6,Noah Galloway,Sharna Burgess,0.1195598838742039,0.0932819819633244,0.6589624595617113,0.3410375404382887,0.11059813283863895,False,False
20,6,Patti LaBelle,Artem Chigvintsev,0.1315876797864011,0.0,0.6589624595617113,0.3410375404382887,0.08671134112006575,True,True
20,6,Riker Lynch,Allison Holker,0.1256272578159333,0.1778737029194645,0.6589624595617113,0.3410375404382887,0.14344525695068566,False,False
20,6,Robert Herjavec,Kym Johnson,0.1264499102944331,0.0923125487836543,0.6589624595617113,0.3410375404382887,0.1148077884877444,False,False
20,6,Rumer Willis,Valentin Chmerkovskiy,0.1246027461676702,0.1561661741209639,0.6589624595617113,0.3410375404382887,0.13536706000466261,False,False
20,6,Willow Shields,Mark Ballas,0.1204374412444697,0.1796035394705856,0.6589624595617113,0.3410375404382887,0.14061530186083449,False,False
20,7,Chris Soules,Witney Carson,0.1233950704343423,0.1158042447243733,0.6817403588482139,0.31825964115178607,0.12097921696784181,False,False
20,7,Nastia Liukin,Derek Hough,0.1628110219296734,0.2623245727825648,0.6817403588482139,0.31825964115178607,0.19448216891385461,False,False
20,7,Noah Galloway,Sharna Burgess,0.1509620549750806,0.1962639060667673,0.6817403588482139,0.31825964115178607,0.16537980584703246,False,False
20,7,Riker Lynch,Allison Holker,0.1376590195374429,0.1664570907303098,0.6817403588482139,0.31825964115178607,0.1468242833411483,False,False
20,7,Robert Herjavec,Kym Johnson,0.13244047323546,0.0816769905698398,0.6817403588482139,0.31825964115178607,0.1162845054586848,False,False
20,7,Rumer Willis,Valentin Chmerkovskiy,0.1472311843777761,0.1774731951261448,0.6817403588482139,0.31825964115178607,0.15685599586626037,False,False
20,7,Willow Shields,Mark Ballas,0.1455011755102245,0.0,0.6817403588482139,0.31825964115178607,0.09919402360517741,True,True
20,8,Chris Soules,Witney Carson,0.1514244585773642,0.0411825013089623,0.7040711830477792,0.29592881695222084,0.11880068658442874,True,True
20,8,Nastia Liukin,Derek Hough,0.1796983225773091,0.2546669095093535,0.7040711830477792,0.29592881695222084,0.20188368781668875,False,False
20,8,Noah Galloway,Sharna Burgess,0.1492342288346471,0.1840109714337562,0.7040711830477792,0.29592881695222084,0.15952566912945337,False,False
20,8,Riker Lynch,Allison Holker,0.1735187139398515,0.2393697578383922,0.7040711830477792,0.29592881695222084,0.1930059354558154,False,False
20,8,Robert Herjavec,Kym Johnson,0.1569681470420814,0.0,0.7040711830477792,0.29592881695222084,0.11051674898873601,True,True
20,8,Rumer Willis,Valentin Chmerkovskiy,0.1891561290287464,0.2807698599095355,0.7040711830477792,0.29592881695222084,0.21626727202487744,False,False
20,9,Nastia Liukin,Derek Hough,0.2588616849080374,0.0,0.7279974277015775,0.2720025722984225,0.1884506407435475,True,True
20,9,Noah Galloway,Sharna Burgess,0.2459186006626355,0.1846074794928578,0.7279974277015775,0.2720025722984225,0.2292418179939557,False,False
20,9,Riker Lynch,Allison Holker,0.2428295716439906,0.4865827398006986,0.7279974277015775,0.2720025722984225,0.30913106038850513,False,False
20,9,Rumer Willis,Valentin Chmerkovskiy,0.2523901427853364,0.3288097807064435,0.7279974277015775,0.2720025722984225,0.2731764808739916,False,False
21,2,Alek Skarlatos,Lindsay Arnold,0.0778891193002663,0.107082268676918,0.523005067730963,0.476994932269037,0.09181410360990216,False,False
21,2,Alexa PenaVega,Mark Ballas,0.0848293389386109,0.1126881848196498,0.523005067730963,0.476994932269037,0.0981178672427306,False,False
21,2,Andy Grammer,Allison Holker,0.0811230686112002,0.0774561817736257,0.523005067730963,0.476994932269037,0.07937398217247313,False,False
21,2,Bindi Irwin,Derek Hough,0.0830263766596453,0.1196205029739015,0.523005067730963,0.476994932269037,0.10048158946235852,False,False
21,2,Carlos PenaVega,Witney Carson,0.0829762037749056,0.1070350379568273,0.523005067730963,0.476994932269037,0.09445214575598332,False,False
21,2,Chaka Khan,Keo Motsepe,0.0603026373901032,0.0,0.523005067730963,0.476994932269037,0.031538584952566624,True,True
21,2,Gary Busey,Anna Trebunskaya,0.0669341377117572,0.0349784171628739,0.523005067730963,0.476994932269037,0.05169142095293434,False,False
21,2,Hayes Grier,Emma Slater,0.0779150648911908,0.1038453961931059,0.523005067730963,0.476994932269037,0.09028370151426149,False,False
21,2,Kim Zolciak-Biermann,Tony Dovolani,0.0682617567564188,0.0177962924611029,0.523005067730963,0.476994932269037,0.04418998603294909,True,True
21,2,Nick Carter,Sharna Burgess,0.0829762037749056,0.1048330870045628,0.523005067730963,0.476994932269037,0.09340182631064818,False,False
21,2,Paula Deen,Louis van Amstel,0.0750879324320607,0.0774951040287966,0.523005067730963,0.476994932269037,0.0762361410848057,False,False
21,2,Tamar Braxton,Valentin Chmerkovskiy,0.090361085856938,0.1190843346747133,0.523005067730963,0.476994932269037,0.10406192998131943,False,False
21,2,Victor Espinoza,Karina Smirnoff,0.0683170739019968,0.0180851922739219,0.523005067730963,0.476994932269037,0.04435672092706693,True,True
21,4,Alek Skarlatos,Lindsay Arnold,0.0959934343603273,0.1139832652762208,0.5758715774492108,0.4241284225507892,0.10362343296864063,False,False
21,4,Alexa PenaVega,Mark Ballas,0.0895397304438377,0.1061663321749552,0.5758715774492108,0.4241284225507892,0.09659154480843679,False,False
21,4,Andy Grammer,Allison Holker,0.0981739181370433,0.1001963394117523,0.5758715774492108,0.4241284225507892,0.0990316844820188,False,False
21,4,Bindi Irwin,Derek Hough,0.1120423363862153,0.1475731939462687,0.5758715774492108,0.4241284225507892,0.12711198295503753,False,False
21,4,Carlos PenaVega,Witney Carson,0.1064883228774428,0.1163491531053625,0.5758715774492108,0.4241284225507892,0.11067058124705151,False,False
21,4,Gary Busey,Anna Trebunskaya,0.0751014485799927,0.0,0.5758715774492108,0.4241284225507892,0.043248789662481184,True,True
21,4,Hayes Grier,Emma Slater,0.1079926136553682,0.1308012787082604,0.5758715774492108,0.4241284225507892,0.11766641678474068,False,False
21,4,Nick Carter,Sharna Burgess,0.1151225105706484,0.1319283521489982,0.5758715774492108,0.4241284225507892,0.12225034564891235,False,False
21,4,Paula Deen,Louis van Amstel,0.0844231744184755,0.0197766563365661,0.5758715774492108,0.4241284225507892,0.05700474868099419,False,False
21,4,Tamar Braxton,Valentin Chmerkovskiy,0.1151225105706484,0.1332254288916154,0.5758715774492108,0.4241284225507892,0.1228004727616859,False,False
21,6,Alek Skarlatos,Lindsay Arnold,0.0909804047551086,0.108024521597999,0.6339862738425012,0.36601372615749883,0.0972187854698387,False,False
21,6,Alexa PenaVega,Mark Ballas,0.0969871202633053,0.1110389245950882,0.6339862738425012,0.36601372615749883,0.10213027352601725,False,False
21,6,Andy Grammer,Allison Holker,0.1294312097630705,0.1393993024234462,0.6339862738425012,0.36601372615749883,0.1330796685003778,False,False
21,6,Bindi Irwin,Derek Hough,0.1214151303824494,0.1513514705592133,0.6339862738425012,0.36601372615749883,0.1323722417980652,False,False
21,6,Carlos PenaVega,Witney Carson,0.1228733622159194,0.1124363625582418,0.6339862738425012,0.36601372615749883,0.11905327708130828,False,False
21,6,Hayes Grier,Emma Slater,0.0971321043059595,0.1094031802266257,0.6339862738425012,0.36601372615749883,0.10162348652764411,False,False
21,6,Nick Carter,Sharna Burgess,0.1263248601074899,0.1222568730667052,0.6339862738425012,0.36601372615749883,0.12483592101273187,False,False
21,6,Paula Deen,Louis van Amstel,0.0854245984436265,0.0,0.6339862738425012,0.36601372615749883,0.05415802286176669,True,True
21,6,Tamar Braxton,Valentin Chmerkovskiy,0.1294312097630705,0.1460893649726803,0.6339862738425012,0.36601372615749883,0.13552832322224972,False,False
21,7,Alek Skarlatos,Lindsay Arnold,0.1152111772137715,0.0866982161724694,0.6607084785359519,0.33929152146404806,0.10553697128062298,False,False
21,7,Alexa PenaVega,Mark Ballas,0.1273866944658999,0.1332125880123797,0.6607084785359519,0.33929152146404806,0.1293633707511726,False,False
21,7,Andy Grammer,Allison Holker,0.1297705386921868,0.1554858411043718,0.6607084785359519,0.33929152146404806,0.13849552277252516,False,False
21,7,Bindi Irwin,Derek Hough,0.1260195047047064,0.2107996654466632,0.6607084785359519,0.33929152146404806,0.15478469443281148,False,False
21,7,Carlos PenaVega,Witney Carson,0.1296215491729915,0.1719149778408574,0.6607084785359519,0.33929152146404806,0.14397135093364294,False,False
21,7,Hayes Grier,Emma Slater,0.1216868562328272,0.0,0.6607084785359519,0.33929152146404806,0.08039953763941438,True,True
21,7,Nick Carter,Sharna Burgess,0.1251518397588082,0.1166369673479365,0.6607084785359519,0.33929152146404806,0.1222628157434513,False,False
21,7,Tamar Braxton,Valentin Chmerkovskiy,0.1251518397588082,0.1252517440753219,0.6607084785359519,0.33929152146404806,0.12518573644635897,False,False
21,8,Alek Skarlatos,Lindsay Arnold,0.1227833553546759,0.0617552519230691,0.6836466738170597,0.3163533261829403,0.10347691184345056,False,False
21,8,Alexa PenaVega,Mark Ballas,0.1413893006979061,0.1433525300013942,0.6836466738170597,0.3163533261829403,0.14201037481812437,False,False
21,8,Andy Grammer,Allison Holker,0.1256384262532143,0.0,0.6836466738170597,0.3163533261829403,0.08589229221161991,True,True
21,8,Bindi Irwin,Derek Hough,0.1375587289128816,0.2165774562614813,0.6836466738170597,0.3163533261829403,0.162556566140354,False,False
21,8,Carlos PenaVega,Witney Carson,0.1522574029070579,0.2072858744353955,0.6836466738170597,0.3163533261829403,0.16966584290981074,False,False
21,8,Nick Carter,Sharna Burgess,0.1732596188916099,0.2203867596813322,0.6836466738170597,0.3163533261829403,0.1881684466339303,False,False
21,8,Tamar Braxton,Valentin Chmerkovskiy,0.1471131669826542,0.1506421276973275,0.6836466738170597,0.3163533261829403,0.14822956544271002,False,False
21,9,Alek Skarlatos,Lindsay Arnold,0.148541015757191,0.1763167464998077,0.7077019300672202,0.29229806993277985,0.15665980824423043,False,True
21,9,Alexa PenaVega,Mark Ballas,0.1862917676427045,0.1084421173231478,0.7077019300672202,0.29229806993277985,0.16353646510935627,True,False
21,9,Bindi Irwin,Derek Hough,0.1747541361849306,0.3201194987858812,0.7077019300672202,0.29229806993277985,0.21724415110826717,False,False
21,9,Carlos PenaVega,Witney Carson,0.167662590878434,0.1595591635821037,0.7077019300672202,0.29229806993277985,0.16529397471987606,False,False
21,9,Nick Carter,Sharna Burgess,0.170689833150505,0.2355624738090595,0.7077019300672202,0.29229806993277985,0.18965198080644327,False,False
21,9,Tamar Braxton,Valentin Chmerkovskiy,0.1520606563862346,0.0,0.7077019300672202,0.29229806993277985,0.10761362001182659,True,True
21,11,Bindi Irwin,Derek Hough,0.2459798190596227,0.4840835654128868,0.75,0.25,0.3055057556479387,False,False
21,11,Carlos PenaVega,Witney Carson,0.2622199182087298,0.0,0.75,0.25,0.19666493865654736,True,True
21,11,Nick Carter,Sharna Burgess,0.2622199182087298,0.2874652205990344,0.75,0.25,0.26853124380630594,False,False
22,2,Antonio Brown,Sharna Burgess,0.0791765977135096,0.0796428131628901,0.535278855786293,0.464721144213707,0.07939325789059581,False,False
22,2,Doug Flutie,Karina Smirnoff,0.0894784379966611,0.0947171814730908,0.535278855786293,0.464721144213707,0.0919129928592696,False,False
22,2,Geraldo Rivera,Edyta Sliwinska,0.0595340253237683,0.0,0.535278855786293,0.464721144213707,0.031867304955658884,True,True
22,2,Ginger Zee,Valentin Chmerkovskiy,0.0873795790637595,0.1069717912733745,0.535278855786293,0.464721144213707,0.09648449433948955,False,False
22,2,Jodie Sweetin,Keo Motsepe,0.0873795790637595,0.0988471089507732,0.535278855786293,0.464721144213707,0.09270878267415739,False,False
22,2,Kim Fields,Sasha Farber,0.0848848929771996,0.0666595640150098,0.535278855786293,0.464721144213707,0.07641519724821955,False,False
22,2,Marla Maples,Tony Dovolani,0.0894784379966611,0.0932796695393298,0.535278855786293,0.464721144213707,0.09124495066859134,False,False
22,2,Mischa Barton,Artem Chigvintsev,0.0624139850455425,0.0378728467604574,0.535278855786293,0.464721144213707,0.05100919918139094,False,False
22,2,Nyle DiMarco,Peta Murgatroyd,0.0833672508805014,0.0943263446805425,0.535278855786293,0.464721144213707,0.08846017349080185,False,False
22,2,Paige VanZant,Mark Ballas,0.0936775869852677,0.1167068506675376,0.535278855786293,0.464721144213707,0.10437977275409133,False,False
22,2,Von Miller,Witney Carson,0.0833672508805014,0.0984755762909647,0.535278855786293,0.464721144213707,0.09038840915240492,False,False
22,2,Wanya Morris,Lindsay Arnold,0.0998623760728679,0.1125002531860292,0.535278855786293,0.464721144213707,0.10573546478532844,False,False
22,3,Antonio Brown,Sharna Burgess,0.0833840512441142,0.0867590595029981,0.5758570732787383,0.42414292672126175,0.08481553712474565,False,False
22,3,Doug Flutie,Karina Smirnoff,0.0894964699010116,0.0830173542557352,0.5758570732787383,0.42414292672126175,0.08674839882865855,False,False
22,3,Ginger Zee,Valentin Chmerkovskiy,0.0873038152162171,0.097400273696224,0.5758570732787383,0.42414292672126175,0.09158615666544694,False,False
22,3,Jodie Sweetin,Keo Motsepe,0.0958560248464309,0.1060722242155475,0.5758570732787383,0.42414292672126175,0.10018915354681593,False,False
22,3,Kim Fields,Sasha Farber,0.0982931320118484,0.0893370132282598,0.5758570732787383,0.42414292672126175,0.09449445757891387,False,False
22,3,Marla Maples,Tony Dovolani,0.0937035698573494,0.0919487254607757,0.5758570732787383,0.42414292672126175,0.09295926501904622,False,False
22,3,Mischa Barton,Artem Chigvintsev,0.0748318416139004,0.0,0.5758570732787383,0.42414292672126175,0.04309244529983878,True,True
22,3,Nyle DiMarco,Peta Murgatroyd,0.1040518936336408,0.1209479745516548,0.5758570732787383,0.42414292672126175,0.11121824684432652,False,False
22,3,Paige VanZant,Mark Ballas,0.0899193616128388,0.1163798791352734,0.5758570732787383,0.42414292672126175,0.10114240295736343,False,False
22,3,Von Miller,Witney Carson,0.0833840512441142,0.0907140082266967,0.5758570732787383,0.42414292672126175,0.08649300065144769,False,False
22,3,Wanya Morris,Lindsay Arnold,0.0997757888185339,0.1174234877268344,0.5758570732787383,0.42414292672126175,0.10726093548339609,False,False
22,4,Antonio Brown,Sharna Burgess,0.1085336033604626,0.1304970725961033,0.6026048038976712,0.39739519610232876,0.1172617805244475,False,False
22,4,Doug Flutie,Karina Smirnoff,0.079703408242515,0.070349573721057,0.6026048038976712,0.39739519610232876,0.07598623933855148,False,False
22,4,Ginger Zee,Valentin Chmerkovskiy,0.1113897523205432,0.1465461025741823,0.6026048038976712,0.39739519610232876,0.12536071702383025,False,False
22,4,Jodie Sweetin,Keo Motsepe,0.0837803250670086,0.0411846160268131,0.6026048038976712,0.39739519610232876,0.06685299491986237,False,False
22,4,Kim Fields,Sasha Farber,0.10627121099002,0.1065374919524382,0.6026048038976712,0.39739519610232876,0.10637702976529849,False,False
22,4,Marla Maples,Tony Dovolani,0.0929873096162675,0.0,0.6026048038976712,0.39739519610232876,0.05603459947628291,True,True
22,4,Nyle DiMarco,Peta Murgatroyd,0.1054870457391011,0.1141918900679112,0.6026048038976712,0.39739519610232876,0.10894630905818883,False,False
22,4,Paige VanZant,Mark Ballas,0.1044910367910839,0.1487038331463192,0.6026048038976712,0.39739519610232876,0.12206098966890495,False,False
22,4,Von Miller,Witney Carson,0.0990131131738161,0.1126252222550898,0.6026048038976712,0.39739519610232876,0.10442249993153516,False,False
22,4,Wanya Morris,Lindsay Arnold,0.1083431946991817,0.1293641976600856,0.6026048038976712,0.39739519610232876,0.11669684029309774,False,False
22,6,Antonio Brown,Sharna Burgess,0.1181148248664923,0.1399288513493493,0.6548869511526246,0.34511304884737537,0.12564313005362848,False,False
22,6,Doug Flutie,Karina Smirnoff,0.098601348520156,0.0,0.6548869511526246,0.34511304884737537,0.06457273651190232,True,True
22,6,Ginger Zee,Valentin Chmerkovskiy,0.1049909554368821,0.1226698971315098,0.6548869511526246,0.34511304884737537,0.11109218890551004,False,False
22,6,Jodie Sweetin,Keo Motsepe,0.1094202610925453,0.1122559107548399,0.6548869511526246,0.34511304884737537,0.11039888079296281,False,False
22,6,Kim Fields,Sasha Farber,0.1126872554516068,0.0751736988604869,0.6548869511526246,0.34511304884737537,0.09974083756333685,False,False
22,6,Nyle DiMarco,Peta Murgatroyd,0.1094202610925453,0.126187195691917,0.6548869511526246,0.34511304884737537,0.11520674901195901,False,False
22,6,Paige VanZant,Mark Ballas,0.1148007019250708,0.1537760213535956,0.6548869511526246,0.34511304884737537,0.12825159324284935,False,False
22,6,Von Miller,Witney Carson,0.1049909554368821,0.1201631888796607,0.6548869511526246,0.34511304884737537,0.11022709117814353,False,False
22,6,Wanya Morris,Lindsay Arnold,0.1269734361778188,0.1498452359786405,0.6548869511526246,0.34511304884737537,0.13486679273970717,False,False
22,7,Antonio Brown,Sharna Burgess,0.1213750163113827,0.1575339864143461,0.6829098074370156,0.31709019256298443,0.13284067110421055,False,False
22,7,Ginger Zee,Valentin Chmerkovskiy,0.1283885284236585,0.1932994817425329,0.6829098074370156,0.31709019256298443,0.14897115511098727,False,False
22,7,Jodie Sweetin,Keo Motsepe,0.1189821712354624,0.0952977657582794,0.6829098074370156,0.31709019256298443,0.11147207854196264,False,False
22,7,Kim Fields,Sasha Farber,0.130272340237405,0.0,0.6829098074370156,0.31709019256298443,0.08896425878589562,True,True
22,7,Nyle DiMarco,Peta Murgatroyd,0.1307813734995789,0.1477947838580633,0.6829098074370156,0.31709019256298443,0.1361761590663038,False,False
22,7,Paige VanZant,Mark Ballas,0.1204370255574711,0.2088194186640066,0.6829098074370156,0.31709019256298443,0.14846221560679984,False,False
22,7,Von Miller,Witney Carson,0.1213750163113827,0.0095569982228743,0.6829098074370156,0.31709019256298443,0.0859186194236863,True,True
22,7,Wanya Morris,Lindsay Arnold,0.1283885284236585,0.1876975653398972,0.6829098074370156,0.31709019256298443,0.1471948423601538,False,False
22,8,Antonio Brown,Sharna Burgess,0.161419658412712,0.2221521351207971,0.7056767101887883,0.2943232898112117,0.17929464075581839,False,False
22,8,Ginger Zee,Valentin Chmerkovskiy,0.1793551760141244,0.4295730964538461,0.7056767101887883,0.2943232898112117,0.25300013752766337,False,False
22,8,Jodie Sweetin,Keo Motsepe,0.1793551760141244,0.021963040054524,0.7056767101887883,0.2943232898112117,0.1330310047680813,True,False
22,8,Nyle DiMarco,Peta Murgatroyd,0.1733766701469869,0.2529209375587056,0.7056767101887883,0.2943232898112117,0.19678840061722672,False,False
22,8,Paige VanZant,Mark Ballas,0.1570306727336151,0.0733907908121269,0.7056767101887883,0.2943232898112117,0.1324135075270614,False,False
22,8,Wanya Morris,Lindsay Arnold,0.149462646678437,0.0,0.7056767101887883,0.2943232898112117,0.10547230880414865,False,True
22,9,Antonio Brown,Sharna Burgess,0.1941090065235304,0.0,0.7284756199862714,0.2715243800137286,0.141403678872148,True,True
22,9,Ginger Zee,Valentin Chmerkovskiy,0.1976382611875946,0.2661482299736104,0.7284756199862714,0.2715243800137286,0.21624038798697742,False,False
22,9,Nyle DiMarco,Peta Murgatroyd,0.2011675158516588,0.1617185963417313,0.7284756199862714,0.2715243800137286,0.19045617243951424,False,False
22,9,Paige VanZant,Mark Ballas,0.1953299365933648,0.414970533065513,0.7284756199862714,0.2715243800137286,0.2549677133763104,False,False
23,2,Amber Rose,Maksim Chmerkoskiy,0.0666215737669894,0.0627147247553652,0.5519246451718149,0.44807535482818506,0.06487101100984574,False,False
23,2,Babyface,Allison Holker,0.0908682826496112,0.0970435723296508,0.5519246451718149,0.44807535482818506,0.09363527776416178,False,False
23,2,Calvin Johnson Jr.,Lindsay Arnold,0.077725169394821,0.0897618765964969,0.5519246451718149,0.44807535482818506,0.08311852124517491,False,False
23,2,Jake T. Austin,Jenna Johnson,0.062495491466162,0.0,0.5519246451718149,0.44807535482818506,0.03449280195229965,True,True
23,2,James Hinchcliffe,Sharna Burgess,0.0805010683017789,0.098480817638506,0.5519246451718149,0.44807535482818506,0.08855735086555472,False,False
23,2,Jana Kramer,Gleb Savchenko,0.0803424460962638,0.0928532264574439,0.5519246451718149,0.44807535482818506,0.08594821844577706,False,False
23,2,Laurie Hernandez,Valentin Chmerkovskiy,0.0833273219548827,0.1161407550254161,0.5519246451718149,0.44807535482818506,0.09803021262109285,False,False
23,2,Marilu Henner,Derek Hough,0.0818765587995001,0.0884494027633329,0.5519246451718149,0.44807535482818506,0.08482168819082478,False,False
23,2,Maureen McCormick,Artem Chigvintsev,0.0787640394375236,0.0687508647497562,0.5519246451718149,0.44807535482818506,0.07427738263634562,False,False
23,2,Rick Perry,Emma Slater,0.0673512379744477,0.0369669196956535,0.5519246451718149,0.44807535482818506,0.05373677378046447,False,False
23,2,Ryan Lochte,Cheryl Burke,0.0666215737669894,0.0769109554320856,0.5519246451718149,0.44807535482818506,0.07123199210754001,False,False
23,2,Terra Jole,Sasha Farber,0.0862114883212098,0.1047997006349309,0.5519246451718149,0.44807535482818506,0.09454040814930201,False,False
23,2,Vanilla Ice,Witney Carson,0.0772937480698197,0.0671271839213614,0.5519246451718149,0.44807535482818506,0.07273836123161574,False,False
23,3,Amber Rose,Maksim Chmerkoskiy,0.0746739038519027,0.0814703982091519,0.5835901814159786,0.4164098185840214,0.07750403083421217,False,False
23,3,Babyface,Allison Holker,0.0814034592140482,0.0803667450080498,0.5835901814159786,0.4164098185840214,0.08097176123960492,False,False
23,3,Calvin Johnson Jr.,Lindsay Arnold,0.0957146166543072,0.1140255156996731,0.5835901814159786,0.4164098185840214,0.10333945480389833,False,False
23,3,James Hinchcliffe,Sharna Burgess,0.0867207432611109,0.1007729823306422,0.5835901814159786,0.4164098185840214,0.09257223358275372,False,False
23,3,Jana Kramer,Gleb Savchenko,0.0778918945227543,0.0813502785447058,0.5835901814159786,0.4164098185840214,0.07933199958592901,False,False
23,3,Laurie Hernandez,Valentin Chmerkovskiy,0.0870776291461428,0.1131038494979687,0.5835901814159786,0.4164098185840214,0.09791520284127439,False,False
23,3,Marilu Henner,Derek Hough,0.0912978019054986,0.0980861785857814,0.5835901814159786,0.4164098185840214,0.09412454860741518,False,False
23,3,Maureen McCormick,Artem Chigvintsev,0.0912978019054986,0.0866611890321489,0.5835901814159786,0.4164098185840214,0.08936707078006272,False,False
23,3,Rick Perry,Emma Slater,0.0756970596823521,0.0,0.5835901814159786,0.4164098185840214,0.04417606079268002,True,True
23,3,Ryan Lochte,Cheryl Burke,0.0747564161793225,0.0866557472692488,0.5835901814159786,0.4164098185840214,0.07971141447974991,False,False
23,3,Terra Jole,Sasha Farber,0.0896086846222833,0.1023628398474549,0.5835901814159786,0.4164098185840214,0.09491964008578946,False,False
23,3,Vanilla Ice,Witney Carson,0.0738599890547785,0.0551442759751742,0.5835901814159786,0.4164098185840214,0.06606658236662988,False,False
23,4,Amber Rose,Maksim Chmerkoskiy,0.0900200231947679,0.1109830144092248,0.6077460252347294,0.3922539747652706,0.09824283982160806,False,False
23,4,Babyface,Allison Holker,0.0735994193612416,0.0,0.6077460252347294,0.3922539747652706,0.04472975457637857,True,True
23,4,Calvin Johnson Jr.,Lindsay Arnold,0.0863629593656773,0.1056142072753841,0.6077460252347294,0.3922539747652706,0.0939143378774514,False,False
23,4,James Hinchcliffe,Sharna Burgess,0.1050233603938959,0.1244014873249286,0.6077460252347294,0.3922539747652706,0.11262450770609941,False,False
23,4,Jana Kramer,Gleb Savchenko,0.0863629593656773,0.0969876011590977,0.6077460252347294,0.3922539747652706,0.09053051733960366,False,False
23,4,Laurie Hernandez,Valentin Chmerkovskiy,0.1055560022311402,0.1341025786113824,0.6077460252347294,0.3922539747652706,0.11675351028223059,False,False
23,4,Marilu Henner,Derek Hough,0.0858659892547819,0.0911328078576368,0.6077460252347294,0.3922539747652706,0.08793191978611939,False,False
23,4,Maureen McCormick,Artem Chigvintsev,0.0981325591483222,0.1029692777380523,0.6077460252347294,0.3922539747652706,0.1000297812399649,False,False
23,4,Ryan Lochte,Cheryl Burke,0.0825183545952039,0.0919905178729456,0.6077460252347294,0.3922539747652706,0.08623384829052372,False,False
23,4,Terra Jole,Sasha Farber,0.0938646279652413,0.1160002277931214,0.6077460252347294,0.3922539747652706,0.1025474049815407,False,False
23,4,Vanilla Ice,Witney Carson,0.0926937451240498,0.0258182799582259,0.6077460252347294,0.3922539747652706,0.06646157809847898,True,True
23,6,Amber Rose,Maksim Chmerkoskiy,0.0907532536365173,0.0,0.6440939964756995,0.35590600352430046,0.058453625827917244,True,True
23,6,Calvin Johnson Jr.,Lindsay Arnold,0.1197942951735866,0.144621880879339,0.6440939964756995,0.35590600352430046,0.12863058197927799,False,False
23,6,James Hinchcliffe,Sharna Burgess,0.123216988787998,0.150783328976108,0.6440939964756995,0.35590600352430046,0.13302801475613954,False,False
23,6,Jana Kramer,Gleb Savchenko,0.1296475051950248,0.1515577790637025,0.6440939964756995,0.35590600352430046,0.1374455032037488,False,False
23,6,Laurie Hernandez,Valentin Chmerkovskiy,0.1124723541791252,0.1486520659333679,0.6440939964756995,0.35590600352430046,0.1253489307982389,False,False
23,6,Marilu Henner,Derek Hough,0.1200750213745955,0.130770967460974,0.6440939964756995,0.35590600352430046,0.12388177280010985,False,False
23,6,Maureen McCormick,Artem Chigvintsev,0.1096730415660641,0.1028739309600671,0.6440939964756995,0.35590600352430046,0.10725319728276403,False,False
23,6,Ryan Lochte,Cheryl Burke,0.097183770043544,0.1099331930732156,0.6440939964756995,0.35590600352430046,0.10172136624127509,False,False
23,6,Terra Jole,Sasha Farber,0.097183770043544,0.0608068536532257,0.6440939964756995,0.35590600352430046,0.0842370071105282,False,False
23,7,Calvin Johnson Jr.,Lindsay Arnold,0.1324632994007881,0.1804241269733877,0.6693541982395648,0.33064580176043523,0.14832134568662428,False,False
23,7,James Hinchcliffe,Sharna Burgess,0.1324632994007881,0.1757023930658038,0.6693541982395648,0.33064580176043523,0.1467601241930518,False,False
23,7,Jana Kramer,Gleb Savchenko,0.1236624306926535,0.1441423988167894,0.6693541982395648,0.33064580176043523,0.13043404617308657,False,False
23,7,Laurie Hernandez,Valentin Chmerkovskiy,0.1160036298311963,0.1622298794283052,0.6693541982395648,0.33064580176043523,0.13128814519161036,False,False
23,7,Marilu Henner,Derek Hough,0.1249896831379727,0.0961990720027879,0.6693541982395648,0.33064580176043523,0.11547018843600662,False,False
23,7,Maureen McCormick,Artem Chigvintsev,0.1287826585836556,0.0,0.6693541982395648,0.33064580176043523,0.08620121318342239,True,True
23,7,Ryan Lochte,Cheryl Burke,0.1181363047432842,0.0941646174568592,0.6693541982395648,0.33064580176043523,0.11021016698091377,False,False
23,7,Terra Jole,Sasha Farber,0.1234986942096612,0.1471375122560665,0.6693541982395648,0.33064580176043523,0.13131477015528392,False,False
23,8,Calvin Johnson Jr.,Lindsay Arnold,0.1490773901315321,0.1917453685559275,0.6890847123677015,0.3109152876322985,0.1623435169160417,False,False
23,8,James Hinchcliffe,Sharna Burgess,0.1739226279708533,0.2126251663871308,0.6890847123677015,0.3109152876322985,0.1859558388346503,False,False
23,8,Jana Kramer,Gleb Savchenko,0.1490773901315321,0.1645261263612029,0.6890847123677015,0.3109152876322985,0.1538806383999357,False,False
23,8,Laurie Hernandez,Valentin Chmerkovskiy,0.1538290175324129,0.2196257265604438,0.6890847123677015,0.3109152876322985,0.17428622024512178,False,False
23,8,Marilu Henner,Derek Hough,0.1251343366272613,0.1417239283693275,0.6890847123677015,0.3109152876322985,0.13029229431544823,False,False
23,8,Ryan Lochte,Cheryl Burke,0.1296973255011823,0.0,0.6890847123677015,0.3109152876322985,0.08937244423784237,True,True
23,8,Terra Jole,Sasha Farber,0.1192619121052257,0.0697536837659673,0.6890847123677015,0.3109152876322985,0.10386904705095967,False,False
23,9,Calvin Johnson Jr.,Lindsay Arnold,0.1620907448925286,0.1760525102165516,0.7108272998646635,0.28917270013533647,0.16612810626993224,False,False
23,9,James Hinchcliffe,Sharna Burgess,0.1580761109231865,0.1447036011065627,0.7108272998646635,0.28917270013533647,0.1542091461519271,False,False
23,9,Jana Kramer,Gleb Savchenko,0.1756401232479849,0.2351164643594211,0.7108272998646635,0.28917270013533647,0.1928390574013492,False,False
23,9,Laurie Hernandez,Valentin Chmerkovskiy,0.1647621814211627,0.2579696905219575,0.7108272998646635,0.28917270013533647,0.19171524850072846,False,False
23,9,Marilu Henner,Derek Hough,0.1723218096883131,0.0,0.7108272998646635,0.28917270013533647,0.12249104668853601,True,True
23,9,Terra Jole,Sasha Farber,0.167109029826824,0.1861577337955069,0.7108272998646635,0.28917270013533647,0.17261739498752673,False,False
23,10,Calvin Johnson Jr.,Lindsay Arnold,0.1936872714352879,0.1776975258880401,0.73113140874889,0.26886859125110996,0.1893881310755357,False,False
23,10,James Hinchcliffe,Sharna Burgess,0.2040541192175074,0.2623007844290685,0.73113140874889,0.26886859125110996,0.2197148180380149,False,False
23,10,Jana Kramer,Gleb Savchenko,0.2004257237895769,0.0675784961960547,0.73113140874889,0.26886859125110996,0.164707276854891,False,False
23,10,Laurie Hernandez,Valentin Chmerkovskiy,0.1944959299132378,0.4924231934868366,0.73113140874889,0.26886859125110996,0.27459921356556943,False,False
23,10,Terra Jole,Sasha Farber,0.2073369556443899,0.0,0.73113140874889,0.26886859125110996,0.1515905604659889,True,True
23,11,Calvin Johnson Jr.,Lindsay Arnold,0.2560683079373957,0.2972135984048774,0.75,0.25,0.2663546305542661,False,False
23,11,James Hinchcliffe,Sharna Burgess,0.2603036557896599,0.3181862380949575,0.75,0.25,0.27477430136598435,False,False
23,11,Jana Kramer,Gleb Savchenko,0.237257446252759,0.0,0.75,0.25,0.17794308468956924,True,True
23,11,Laurie Hernandez,Valentin Chmerkovskiy,0.2463705900201853,0.3846001635001649,0.75,0.25,0.2809279833901802,False,False
24,2,Bonner Bolton,Sharna Burgess,0.0842303106533605,0.0964002780829116,0.5641998360662961,0.4358001639337039,0.0895339844542267,False,False
24,2,Charo,Keo Motsepe,0.0820471607804268,0.0708150071208339,0.5641998360662961,0.4358001639337039,0.07715218637424767,False,False
24,2,Chris Kattan,Witney Carson,0.0705378683241527,0.0,0.5641998360662961,0.4358001639337039,0.03979745374495293,True,True
24,2,David Ross,Lindsay Arnold,0.0808443305308141,0.0863745358525607,0.5641998360662961,0.4358001639337039,0.08325439491661832,False,False
24,2,Erika Jayne,Gleb Savchenko,0.0896433168092826,0.0816687755185121,0.5641998360662961,0.4358001639337039,0.08616801040746873,False,False
24,2,Heather Morris,Maksim Chmerkoskiy,0.0900993449296049,0.1075525663263048,0.5641998360662961,0.4358001639337039,0.09770546167545796,False,False
24,2,Mr. T,Kym Herjavec,0.0716429436204753,0.0507600835150036,0.5641998360662961,0.4358001639337039,0.06254218976310613,False,False
24,2,Nancy Kerrigan,Artem Chigvintsev,0.0896433168092826,0.0909305346532166,0.5641998360662961,0.4358001639337039,0.09020428655668743,False,False
24,2,Nick Viall,Peta Murgatroyd,0.0749752962545697,0.0792870965853597,0.5641998360662961,0.4358001639337039,0.07685437954557739,False,False
24,2,Normani,Valentin Chmerkovskiy,0.0895407546919701,0.1210658670216225,0.5641998360662961,0.4358001639337039,0.10327940381326105,False,False
24,2,Rashad Jennings,Emma Slater,0.0954524215093646,0.1126794023344272,0.5641998360662961,0.4358001639337039,0.10295994257700966,False,False
24,2,Simone Biles,Sasha Farber,0.0813429350866955,0.1024658529892467,0.5641998360662961,0.4358001639337039,0.09054830617138548,False,False
24,3,Bonner Bolton,Sharna Burgess,0.0750540572721934,0.0882018239482035,0.5889597809105317,0.4110402190894683,0.08045831816723781,False,False
24,3,Charo,Keo Motsepe,0.0825594629994128,0.0,0.5889597809105317,0.4110402190894683,0.04862420324022531,True,True
24,3,David Ross,Lindsay Arnold,0.0969698419076108,0.103660189113363,0.5889597809105317,0.4110402190894683,0.09971984368884779,False,False
24,3,Erika Jayne,Gleb Savchenko,0.0872151344797454,0.0830819291655466,0.5889597809105317,0.4110402190894683,0.08551622086185537,False,False
24,3,Heather Morris,Maksim Chmerkoskiy,0.1030742390941279,0.1231654827767724,0.5889597809105317,0.4110402190894683,0.11133254829922198,False,False
24,3,Mr. T,Kym Herjavec,0.0818178717711457,0.0573968418127067,0.5889597809105317,0.4110402190894683,0.07177984626663847,False,False
24,3,Nancy Kerrigan,Artem Chigvintsev,0.1107374427715141,0.1163992174129475,0.5889597809105317,0.4110402190894683,0.11306465986056408,False,False
24,3,Nick Viall,Peta Murgatroyd,0.0811584544587105,0.0903336047685071,0.5889597809105317,0.4110402190894683,0.08492981025222811,False,False
24,3,Normani,Valentin Chmerkovskiy,0.0998822545776294,0.1324233261269891,0.5889597809105317,0.4110402190894683,0.11325794375668427,False,False
24,3,Rashad Jennings,Emma Slater,0.087563066817559,0.0943705185882863,0.5889597809105317,0.4110402190894683,0.09036120328483974,False,False
24,3,Simone Biles,Sasha Farber,0.0939681738503505,0.1109670662866773,0.5889597809105317,0.4110402190894683,0.10095540232165656,False,False
24,4,Bonner Bolton,Sharna Burgess,0.0972483633240972,0.1083967382081939,0.6152951044614197,0.38470489553858034,0.10153719771930855,False,False
24,4,David Ross,Lindsay Arnold,0.0942093519702191,0.1096598705369408,0.6152951044614197,0.38470489553858034,0.10015324210144666,False,False
24,4,Erika Jayne,Gleb Savchenko,0.0978535286196148,0.0836915304041471,0.6152951044614197,0.38470489553858034,0.09240533857551574,False,False
24,4,Heather Morris,Maksim Chmerkoskiy,0.1063653973857313,0.1319220599259907,0.6152951044614197,0.38470489553858034,0.11619717057859655,False,False
24,4,Mr. T,Kym Herjavec,0.0927607728134576,0.0,0.6152951044614197,0.38470489553858034,0.05707524939817841,True,True
24,4,Nancy Kerrigan,Artem Chigvintsev,0.1074214299205934,0.1160097737569042,0.6152951044614197,0.38470489553858034,0.11072540783899076,False,False
24,4,Nick Viall,Peta Murgatroyd,0.0913729406979327,0.0471225091542737,0.6152951044614197,0.38470489553858034,0.07434958305339226,False,False
24,4,Normani,Valentin Chmerkovskiy,0.091415520641861,0.1249486396662985,0.6152951044614197,0.38470489553858034,0.10431587569324001,False,False
24,4,Rashad Jennings,Emma Slater,0.118724042882835,0.1405502214702806,0.6152951044614197,0.38470489553858034,0.12712068063632465,False,False
24,4,Simone Biles,Sasha Farber,0.1026286517436576,0.1376986568769701,0.6152951044614197,0.38470489553858034,0.11612025440500606,False,False
24,5,Bonner Bolton,Sharna Burgess,0.0985725594970054,0.0977582531404802,0.6423323386284261,0.3576676613715739,0.09828130844682703,False,False
24,5,David Ross,Lindsay Arnold,0.0952328322714735,0.0961766599177105,0.6423323386284261,0.3576676613715739,0.09557040889844093,False,False
24,5,Erika Jayne,Gleb Savchenko,0.11296745070286,0.0,0.6423323386284261,0.3576676613715739,0.0725626467988595,True,True
24,5,Heather Morris,Maksim Chmerkoskiy,0.1118302648198234,0.1423095284167962,0.6423323386284261,0.3576676613715739,0.1227317117508804,False,False
24,5,Nancy Kerrigan,Artem Chigvintsev,0.1270883820407175,0.1155374784562186,0.6423323386284261,0.3576676613715739,0.12295699736892127,False,False
24,5,Nick Viall,Peta Murgatroyd,0.1116278576612046,0.0975227280187327,0.6423323386284261,0.3576676613715739,0.10658290892863881,False,False
24,5,Normani,Valentin Chmerkovskiy,0.1202838971961962,0.1751391217427627,0.6423323386284261,0.3576676613715739,0.13990383707377918,False,False
24,5,Rashad Jennings,Emma Slater,0.1051508103687597,0.1182543637807993,0.6423323386284261,0.3576676613715739,0.1098375276733014,False,False
24,5,Simone Biles,Sasha Farber,0.1172459454419592,0.1573018665264995,0.6423323386284261,0.3576676613715739,0.13157265306035104,False,False
24,6,Bonner Bolton,Sharna Burgess,0.1179180694495032,0.1683662089970432,0.6673139991139841,0.33268600088601585,0.13470145924771393,False,False
24,6,David Ross,Lindsay Arnold,0.1158614712907648,0.0276928519269527,0.6673139991139841,0.33268600088601585,0.08652900591097681,False,False
24,6,Heather Morris,Maksim Chmerkoskiy,0.1385417186456162,0.0,0.6673139991139841,0.33268600088601585,0.09245082831353058,True,False
24,6,Nancy Kerrigan,Artem Chigvintsev,0.1348137833091876,0.1357277095645917,0.6673139991139841,0.33268600088601585,0.13511783378020273,False,False
24,6,Nick Viall,Peta Murgatroyd,0.1141508418810664,0.0005622184710617,0.6673139991139841,0.33268600088601585,0.07636149701264425,False,True
24,6,Normani,Valentin Chmerkovskiy,0.1265356661910862,0.2894234496643198,0.6673139991139841,0.33268600088601585,0.18072615146798354,False,False
24,6,Rashad Jennings,Emma Slater,0.1308534996202805,0.1630039062198039,0.6673139991139841,0.33268600088601585,0.14154948981873533,False,False
24,6,Simone Biles,Sasha Farber,0.1213249496124949,0.2152236551562266,0.6673139991139841,0.33268600088601585,0.15256373444821258,False,False
24,7,Bonner Bolton,Sharna Burgess,0.1234832127967233,0.0687101305659459,0.6882869309529631,0.3117130690470369,0.10640972723340195,False,True
24,7,David Ross,Lindsay Arnold,0.1277836218233501,0.1356870351255683,0.6882869309529631,0.3117130690470369,0.1302472190397317,False,False
24,7,Nancy Kerrigan,Artem Chigvintsev,0.1542945653927833,0.0109963118969372,0.6882869309529631,0.3117130690470369,0.10962662700651282,True,False
24,7,Normani,Valentin Chmerkovskiy,0.1573288273116808,0.2923335244081514,0.6882869309529631,0.3117130690470369,0.19941155577938724,False,False
24,7,Rashad Jennings,Emma Slater,0.1554291182525608,0.2330225325284125,0.6882869309529631,0.3117130690470369,0.17961599955432472,False,False
24,7,Simone Biles,Sasha Farber,0.1460334245734508,0.2592504654749845,0.6882869309529631,0.3117130690470369,0.18132465586129176,False,False
24,9,David Ross,Lindsay Arnold,0.2387746985929066,0.2611459873312014,0.7300405682096657,0.2699594317903343,0.2448140389891142,False,False
24,9,Normani,Valentin Chmerkovskiy,0.2429078823887264,0.3870327894869799,0.7300405682096657,0.2699594317903343,0.28181576041580564,False,False
24,9,Rashad Jennings,Emma Slater,0.2626249112407601,0.3518212231818186,0.7300405682096657,0.2699594317903343,0.28670429693016164,False,False
24,9,Simone Biles,Sasha Farber,0.2556925077776067,0.0,0.7300405682096657,0.2699594317903343,0.18666590366491836,True,True
25,2,Barbara Corcoran,Keo Motsepe,0.0687175259550902,0.0,0.5773451503506869,0.4226548496493131,0.039673730354268785,True,True
25,2,Debbie Gibson,Alan Bersten,0.0807615978851632,0.0231888138016064,0.5773451503506869,0.4226548496493131,0.05642818148443514,True,True
25,2,Derek Fisher,Sharna Burgess,0.0697444382510918,0.0592593768781202,0.5773451503506869,0.4226548496493131,0.06531287621293466,False,False
25,2,Drew Scott,Emma Slater,0.0752457524197484,0.0690353578085453,0.5773451503506869,0.4226548496493131,0.07262089901908746,False,False
25,2,Frankie Muniz,Witney Carson,0.0880617769972445,0.1107568709390911,0.5773451503506869,0.4226548496493131,0.0976539685150127,False,False
25,2,Jordan Fisher,Lindsay Arnold,0.0825696093898783,0.1115952375103691,0.5773451503506869,0.4226548496493131,0.09483743187912122,False,False
25,2,Lindsey Stirling,Mark Ballas,0.0825197125298491,0.1021264618549614,0.5773451503506869,0.4226548496493131,0.09080660021796622,False,False
25,2,Nick Lachey,Peta Murgatroyd,0.0698463139979387,0.0738217206829586,0.5773451503506869,0.4226548496493131,0.07152653891269066,False,False
25,2,Nikki Bella,Artem Chigvintsev,0.0715170841925359,0.0773202259991764,0.5773451503506869,0.4226548496493131,0.07396981022031518,False,False
25,2,Sasha Pieterse,Gleb Savchenko,0.077504575066425,0.0951400370842312,0.5773451503506869,0.4226548496493131,0.08495828861405705,False,False
25,2,Terrell Owens,Cheryl Burke,0.0715578344912746,0.0799502448502971,0.5773451503506869,0.4226548496493131,0.0751049274297626,False,False
25,2,Vanessa Lachey,Maksim Chmerkoskiy,0.0862076304583229,0.1026395834529348,0.5773451503506869,0.4226548496493131,0.09315267508070517,False,False
25,2,Victoria Arlen,Valentin Chmerkovskiy,0.0757461483654369,0.0951660691377081,0.5773451503506869,0.4226548496493131,0.08395407205964275,False,False
25,4,Derek Fisher,Sharna Burgess,0.0865296362833969,0.0,0.615345945442452,0.384654054557548,0.05324566084759837,True,True
25,4,Drew Scott,Emma Slater,0.0901937582954739,0.0883273816433934,0.615345945442452,0.384654054557548,0.08947584894891959,False,False
25,4,Frankie Muniz,Witney Carson,0.0901937582954739,0.0971439058116038,0.615345945442452,0.384654054557548,0.09286716071732634,False,False
25,4,Jordan Fisher,Lindsay Arnold,0.102322529676728,0.1266194847042314,0.615345945442452,0.384654054557548,0.11166845194145958,False,False
25,4,Lindsey Stirling,Mark Ballas,0.0978038560703311,0.1160559704974764,0.615345945442452,0.384654054557548,0.10482460588898085,False,False
25,4,Nick Lachey,Peta Murgatroyd,0.0825836605206166,0.0510794740026932,0.615345945442452,0.384654054557548,0.07046544744096012,False,False
25,4,Nikki Bella,Artem Chigvintsev,0.0901937582954739,0.0980039045257853,0.615345945442452,0.384654054557548,0.09319796270965053,False,False
25,4,Sasha Pieterse,Gleb Savchenko,0.0846077769277918,0.0939977339453293,0.615345945442452,0.384654054557548,0.08821966196670869,False,False
25,4,Terrell Owens,Cheryl Burke,0.0901937582954739,0.1005595148982687,0.615345945442452,0.384654054557548,0.09418098860129559,False,False
25,4,Vanessa Lachey,Maksim Chmerkoskiy,0.0901937582954739,0.1051120227939347,0.615345945442452,0.384654054557548,0.09593212922176877,False,False
25,4,Victoria Arlen,Valentin Chmerkovskiy,0.0951837490437657,0.1231006071772834,0.615345945442452,0.384654054557548,0.10592208171533114,False,False
25,5,Drew Scott,Emma Slater,0.0976463987904083,0.107651129315599,0.6341245351385475,0.3658754648614525,0.10130688422212603,False,False
25,5,Frankie Muniz,Witney Carson,0.1134714445054418,0.1441703070053043,0.6341245351385475,0.3658754648614525,0.12470340509329682,False,False
25,5,Jordan Fisher,Lindsay Arnold,0.10996260736782,0.1527882492913829,0.6341245351385475,0.3658754648614525,0.1256314590145937,False,False
25,5,Lindsey Stirling,Mark Ballas,0.1092514334869866,0.1261626916298934,0.6341245351385475,0.3658754648614525,0.11543884792141465,False,False
25,5,Nick Lachey,Peta Murgatroyd,0.0858069200140994,0.0603234385774475,0.6341245351385475,0.3658754648614525,0.07648313939717619,False,False
25,5,Nikki Bella,Artem Chigvintsev,0.1055003106279924,0.1059529920534338,0.6341245351385475,0.3658754648614525,0.10566593565495991,False,False
25,5,Sasha Pieterse,Gleb Savchenko,0.0879700858942559,0.0,0.6341245351385475,0.3658754648614525,0.055783989823793116,True,True
25,5,Terrell Owens,Cheryl Burke,0.0976463987904083,0.1141085388781839,0.6341245351385475,0.3658754648614525,0.10366949194763755,False,False
25,5,Vanessa Lachey,Maksim Chmerkoskiy,0.0937780538915488,0.0592465000954331,0.6341245351385475,0.3658754648614525,0.08114380559400672,False,False
25,5,Victoria Arlen,Valentin Chmerkovskiy,0.098966346631038,0.1295961531533219,0.6341245351385475,0.3658754648614525,0.11017304133099498,False,False
25,6,Drew Scott,Emma Slater,0.0989423458034696,0.0503142927035516,0.6544811282083931,0.3455188717916069,0.08214043575896358,False,False
25,6,Frankie Muniz,Witney Carson,0.102803508663692,0.120502280737717,0.6544811282083931,0.3455188717916069,0.10891876842280593,False,False
25,6,Jordan Fisher,Lindsay Arnold,0.1213380267088861,0.1492776647123578,0.6544811282083931,0.3455188717916069,0.13099169891011153,False,False
25,6,Lindsey Stirling,Mark Ballas,0.1327275344047787,0.1590981424347299,0.6544811282083931,0.3455188717916069,0.1418390771397461,False,False
25,6,Nick Lachey,Peta Murgatroyd,0.0860315753630604,0.0,0.6544811282083931,0.3455188717916069,0.05630604250516117,True,True
25,6,Nikki Bella,Artem Chigvintsev,0.1194547809643008,0.1269527283794909,0.6544811282083931,0.3455188717916069,0.12204546329595006,False,False
25,6,Terrell Owens,Cheryl Burke,0.1224713168243631,0.1400355894098879,0.6544811282083931,0.3455188717916069,0.12854010447195388,False,False
25,6,Vanessa Lachey,Maksim Chmerkoskiy,0.1194547809643008,0.1323672369433047,0.6544811282083931,0.3455188717916069,0.12391627818622503,False,False
25,6,Victoria Arlen,Valentin Chmerkovskiy,0.0967761303031481,0.1214520646789598,0.6544811282083931,0.3455188717916069,0.1053021313090823,False,False
25,7,Drew Scott,Emma Slater,0.134743673569246,0.1485312082937423,0.6814202625550569,0.31857973744494306,0.13913610276178906,False,False
25,7,Frankie Muniz,Witney Carson,0.1418354458623642,0.1852915708308501,0.6814202625550569,0.31857973744494306,0.15567968674519908,False,False
25,7,Jordan Fisher,Lindsay Arnold,0.1197460200316445,0.1598050392338375,0.6814202625550569,0.31857973744494306,0.13250801185138109,False,False
25,7,Lindsey Stirling,Mark Ballas,0.1205601289830095,0.1492703354224693,0.6814202625550569,0.31857973744494306,0.1297066190124827,False,False
25,7,Nikki Bella,Artem Chigvintsev,0.1134683566898913,0.0,0.6814202625550569,0.31857973744494306,0.07731963740731658,True,True
25,7,Terrell Owens,Cheryl Burke,0.1155958968876472,0.1242965113549555,0.6814202625550569,0.31857973744494306,0.11836773636025195,False,False
25,7,Vanessa Lachey,Maksim Chmerkoskiy,0.1276519012761278,0.0404575686985022,0.6814202625550569,0.31857973744494306,0.0998735536968608,True,True
25,7,Victoria Arlen,Valentin Chmerkovskiy,0.1263985767000692,0.1923477661656428,0.6814202625550569,0.31857973744494306,0.14740865216471843,False,False
25,8,Drew Scott,Emma Slater,0.1536218856984225,0.0202777683862527,0.7043918670384341,0.29560813296156585,0.11420428013836396,False,True
25,8,Frankie Muniz,Witney Carson,0.1731915529868943,0.2527806381175645,0.7043918670384341,0.29560813296156585,0.19671873384649083,False,False
25,8,Jordan Fisher,Lindsay Arnold,0.1835765662486214,0.2840138619798432,0.7043918670384341,0.29560813296156585,0.21326664771943654,False,False
25,8,Lindsey Stirling,Mark Ballas,0.1764065701151547,0.2754877405192121,0.7043918670384341,0.29560813296156585,0.20569576990994487,False,False
25,8,Terrell Owens,Cheryl Burke,0.1663421719520098,0.0,0.7043918670384341,0.29560813296156585,0.11717007306850442,True,False
25,8,Victoria Arlen,Valentin Chmerkovskiy,0.1468612529988971,0.1674399909971274,0.7043918670384341,0.29560813296156585,0.15294449531725918,False,False
25,9,Frankie Muniz,Witney Carson,0.1940156454867348,0.09260973185452,0.7274370559574549,0.2725629440425451,0.1663761511238143,False,False
25,9,Jordan Fisher,Lindsay Arnold,0.2068518689726622,0.4712903951830086,0.7274370559574549,0.2725629440425451,0.27892801219482594,False,False
25,9,Lindsey Stirling,Mark Ballas,0.2168544500744762,0.3608386359932831,0.7274370559574549,0.2725629440425451,0.25609920368407535,False,False
25,9,Victoria Arlen,Valentin Chmerkovskiy,0.1995675987641946,0.0,0.7274370559574549,0.2725629440425451,0.14517286650952435,True,True
26,1,Adam Rippon,Jenna Johnson,0.1131288929746777,0.1551054784627814,0.5461051625165297,0.45389483748347026,0.13218184842291153,False,False
26,1,Arike Ogunbowale,Gleb Savchenko,0.0886122591728978,0.1072421592798884,0.5461051625165297,0.45389483748347026,0.09706827465429359,False,False
26,1,Chris Mazdzer,Witney Carson,0.098987781352843,0.1294411001754112,0.5461051625165297,0.45389483748347026,0.11281038555064489,False,False
26,1,Jamie Anderson,Artem Chigvintsev,0.0893718262984583,0.0074374877496438,0.5461051625165297,0.45389483748347026,0.05218225301852851,True,True
26,1,Jennie Finch Daigle,Keo Motsepe,0.098987781352843,0.1181315084159987,0.5461051625165297,0.45389483748347026,0.10767702023700197,False,False
26,1,Johnny Damon,Emma Slater,0.0848466697310083,0.0,0.5461051625165297,0.45389483748347026,0.04633520436243861,True,True
26,1,Josh Norman,Sharna Burgess,0.1131288929746777,0.1546193168397115,0.5461051625165297,0.45389483748347026,0.13196118217201752,False,False
26,1,Kareem Abdul-Jabbar,Lindsay Arnold,0.0883536644799141,0.0528588353419301,0.5461051625165297,0.45389483748347026,0.07224274477682531,False,False
26,1,Mirai Nagasu,Alan Bersten,0.1083209154474854,0.1390015824867216,0.5461051625165297,0.45389483748347026,0.12224671182714397,False,False
26,1,Tonya Harding,Sasha Farber,0.1162613162151941,0.136162531247913,0.5461051625165297,0.45389483748347026,0.12529437497819362,False,False
26,2,Adam Rippon,Jenna Johnson,0.1368649151900501,0.2089351722230872,0.6230095433187519,0.3769904566812481,0.16403471430206967,False,False
26,2,Arike Ogunbowale,Gleb Savchenko,0.121169136150266,0.0455874477094793,0.6230095433187519,0.3769904566812481,0.092675560908234,True,True
26,2,Chris Mazdzer,Witney Carson,0.1220511308659198,0.1640405705865184,0.6230095433187519,0.3769904566812481,0.13788074892197802,False,False
26,2,Jennie Finch Daigle,Keo Motsepe,0.1163062736348566,0.0992330444894951,0.6230095433187519,0.3769904566812481,0.10986982918232316,False,False
26,2,Josh Norman,Sharna Burgess,0.116595322182688,0.1280305846022368,0.6230095433187519,0.3769904566812481,0.12090630698450362,False,False
26,2,Kareem Abdul-Jabbar,Lindsay Arnold,0.1197495754447437,0.0,0.6230095433187519,0.3769904566812481,0.0746051283104442,True,True
26,2,Mirai Nagasu,Alan Bersten,0.1365758666422187,0.2062843669842036,0.6230095433187519,0.3769904566812481,0.16285530602070852,False,False
26,2,Tonya Harding,Sasha Farber,0.1306877798892567,0.1478888134049792,0.6230095433187519,0.3769904566812481,0.13717240536973838,False,False
26,3,Adam Rippon,Jenna Johnson,0.1922375562095445,0.3496259099649949,0.6813387783047598,0.31866122169524025,0.24239112129785897,False,False
26,3,Chris Mazdzer,Witney Carson,0.1548089349901429,0.0439078467994329,0.6813387783047598,0.31866122169524025,0.11946905873995967,True,True
26,3,Jennie Finch Daigle,Keo Motsepe,0.1354708156902752,0.0,0.6813387783047598,0.31866122169524025,0.09230152005836138,True,True
26,3,Josh Norman,Sharna Burgess,0.1777859507921576,0.3008867990812572,0.6813387783047598,0.31866122169524025,0.2170134174996825,False,False
26,3,Mirai Nagasu,Alan Bersten,0.1641660902949933,0.0783806653992357,0.6813387783047598,0.31866122169524025,0.1368296019940659,True,True
26,3,Tonya Harding,Sasha Farber,0.1755306520228863,0.2271987787550793,0.6813387783047598,0.31866122169524025,0.1919952804100714,False,False
27,1,Alexis Ren,Alan Bersten,0.079723260678198,0.0962088239225762,0.5618029877466334,0.4381970122533666,0.08694718523719844,False,False
27,1,Bobby Bones,Sharna Burgess,0.0775642106708858,0.0887686388681266,0.5618029877466334,0.4381970122533666,0.08247395763092409,False,False
27,1,Danelle Umstead,Artem Chigvintsev,0.07463181282412,0.0633026381621208,0.5618029877466334,0.4381970122533666,0.06966740233593541,False,False
27,1,DeMarcus Ware,Lindsay Arnold,0.0891533137789948,0.1040815078395824,0.5618029877466334,0.4381970122533666,0.09569480381468273,False,False
27,1,Evanna Lynch,Keo Motsepe,0.0698381419321465,0.0689688834329964,0.5618029877466334,0.4381970122533666,0.06945723545494308,False,False
27,1,Joe Amabile,Jenna Johnson,0.0543860044546679,0.0534481772939458,0.5618029877466334,0.4381970122533666,0.053975051394829415,False,False
27,1,John Schneider,Emma Slater,0.0761319021117917,0.0700759723940223,0.5618029877466334,0.4381970122533666,0.07347821180304878,False,False
27,1,Juan Pablo Di Pace,Cheryl Burke,0.0852902794096251,0.0973578379002567,0.5618029877466334,0.4381970122533666,0.09057824748541261,False,False
27,1,Mary Lou Retton,Sasha Farber,0.0827613500319311,0.0867529338608492,0.5618029877466334,0.4381970122533666,0.08451045013992187,False,False
27,1,Milo Manheim,Witney Carson,0.0727604166634652,0.0917524894682004,0.5618029877466334,0.4381970122533666,0.08108268622299858,False,False
27,1,Nancy McKeon,Valentin Chmerkovskiy,0.0808511305594634,0.080310124575189,0.5618029877466334,0.4381970122533666,0.08061406335354317,False,False
27,1,Nikki Glaser,Gleb Savchenko,0.0677548631057153,0.0,0.5618029877466334,0.4381970122533666,0.038064884527154993,True,True
27,1,Tinashe,Brandon Armstrong,0.0891533137789948,0.0989719722821336,0.5618029877466334,0.4381970122533666,0.09345582059940633,False,False
27,2,Alexis Ren,Alan Bersten,0.0836885341197067,0.1049292857256048,0.5881180286947998,0.4118819713052002,0.0924372167631481,False,False
27,2,Bobby Bones,Sharna Burgess,0.0712510723323424,0.0628228442630282,0.5881180286947998,0.4118819713052002,0.06777963714054344,False,False
27,2,Danelle Umstead,Artem Chigvintsev,0.0724212289512765,0.0,0.5881180286947998,0.4118819713052002,0.042592230406479505,True,True
27,2,DeMarcus Ware,Lindsay Arnold,0.0858259575027771,0.0966208215760897,0.5881180286947998,0.4118819713052002,0.09027216739726478,False,False
27,2,Evanna Lynch,Keo Motsepe,0.0875198913342432,0.0900470231057821,0.5881180286947998,0.4118819713052002,0.08856077135005264,False,False
27,2,Joe Amabile,Jenna Johnson,0.0638048240459465,0.0696014039779454,0.5881180286947998,0.4118819713052002,0.06619233081516637,False,False
27,2,John Schneider,Emma Slater,0.0857509927588906,0.0710679332806831,0.5881180286947998,0.4118819713052002,0.079703305276215,False,False
27,2,Juan Pablo Di Pace,Cheryl Burke,0.0950720100880915,0.1199407803687843,0.5881180286947998,0.4118819713052002,0.10531500821523943,False,False
27,2,Mary Lou Retton,Sasha Farber,0.0900341324464633,0.0741614657246768,0.5881180286947998,0.4118819713052002,0.08349646718722342,False,False
27,2,Milo Manheim,Witney Carson,0.0891839033390592,0.1213409717016952,0.5881180286947998,0.4118819713052002,0.1024288200476578,False,False
27,2,Nancy McKeon,Valentin Chmerkovskiy,0.0803754429931109,0.0756274378453929,0.5881180286947998,0.4118819713052002,0.07841982527310157,False,False
27,2,Tinashe,Brandon Armstrong,0.0950720100880915,0.1138400324303169,0.5881180286947998,0.4118819713052002,0.10280222012790735,False,False
27,3,Alexis Ren,Alan Bersten,0.0894957482299621,0.1109978787330112,0.6117466039545343,0.3882533960454657,0.09784402341998372,False,False
27,3,Bobby Bones,Sharna Burgess,0.0844226370035202,0.0805406134320937,0.6117466039545343,0.3882533960454657,0.08291542816838532,False,False
27,3,DeMarcus Ware,Lindsay Arnold,0.0954044436271475,0.1052262596632116,0.6117466039545343,0.3882533960454657,0.09921779705848321,False,False
27,3,Evanna Lynch,Keo Motsepe,0.0988362596126458,0.1195091196496092,0.6117466039545343,0.3882533960454657,0.10686256772796943,False,False
27,3,Joe Amabile,Jenna Johnson,0.0658908397417639,0.0625075833825697,0.6117466039545343,0.3882533960454657,0.06457727897061434,False,False
27,3,John Schneider,Emma Slater,0.0838003507288394,0.0405830342157808,0.6117466039545343,0.3882533960454657,0.06702108082467262,False,False
27,3,Juan Pablo Di Pace,Cheryl Burke,0.1098180662362732,0.1360606930839853,0.6117466039545343,0.3882533960454657,0.12000685523105134,False,False
27,3,Mary Lou Retton,Sasha Farber,0.0942945718070581,0.0928204223641342,0.6117466039545343,0.3882533960454657,0.09372222827956436,False,False
27,3,Milo Manheim,Witney Carson,0.0927150211247345,0.1315908009907263,0.6117466039545343,0.3882533960454657,0.10780867468162175,False,False
27,3,Nancy McKeon,Valentin Chmerkovskiy,0.086485802275409,0.0,0.6117466039545343,0.3882533960454657,0.05290739583226479,True,True
27,3,Tinashe,Brandon Armstrong,0.0988362596126458,0.1201635944848776,0.6117466039545343,0.3882533960454657,0.10711666980538868,False,False
27,4,Alexis Ren,Alan Bersten,0.1008003800094562,0.1422876724663647,0.6392932685156355,0.3607067314843645,0.11576512566972358,False,False
27,4,Bobby Bones,Sharna Burgess,0.0861792546185151,0.074127530433323,0.6392932685156355,0.3607067314843645,0.08183211657892339,False,False
27,4,DeMarcus Ware,Lindsay Arnold,0.0945607790193223,0.1075252166946811,0.6392932685156355,0.3607067314843645,0.09923713895873373,False,False
27,4,Evanna Lynch,Keo Motsepe,0.1031572134756243,0.1034092512370452,0.6392932685156355,0.3607067314843645,0.10324812519275707,False,False
27,4,Joe Amabile,Jenna Johnson,0.0644732584222652,0.0834476638696478,0.6392932685156355,0.3607067314843645,0.0713174541930497,False,False
27,4,John Schneider,Emma Slater,0.0983969551383766,0.014247017675805,0.6392932685156355,0.3607067314843645,0.06804350624163871,False,True
27,4,Juan Pablo Di Pace,Cheryl Burke,0.1031572134756243,0.1347558280451292,0.6392932685156355,0.3607067314843645,0.11455504645642464,False,False
27,4,Mary Lou Retton,Sasha Farber,0.1201763470384063,0.1584432659149962,0.6392932685156355,0.3607067314843645,0.13397948227035839,False,False
27,4,Milo Manheim,Witney Carson,0.1171300408149881,0.1817565536630074,0.6392932685156355,0.3607067314843645,0.1404412590316294,False,False
27,4,Tinashe,Brandon Armstrong,0.1119685579874212,0.0,0.6392932685156355,0.3607067314843645,0.07158074540676096,True,False
27,6,Alexis Ren,Alan Bersten,0.1106498569413943,0.1373741365284998,0.684602595375264,0.315397404624736,0.1190786253636332,False,False
27,6,Bobby Bones,Sharna Burgess,0.0959368890493301,0.0979850253402647,0.684602595375264,0.315397404624736,0.09658286591980861,False,False
27,6,DeMarcus Ware,Lindsay Arnold,0.1137612275443351,0.1348473905726676,0.684602595375264,0.315397404624736,0.12041174863696524,False,False
27,6,Evanna Lynch,Keo Motsepe,0.1267362990393644,0.1377115692180954,0.684602595375264,0.315397404624736,0.1301978707687914,False,False
27,6,Joe Amabile,Jenna Johnson,0.0959368890493301,0.1091911594956888,0.684602595375264,0.315397404624736,0.10011725154830597,False,False
27,6,Juan Pablo Di Pace,Cheryl Burke,0.1310613228710408,0.1703699179512211,0.684602595375264,0.315397404624736,0.14345915173877433,False,False
27,6,Mary Lou Retton,Sasha Farber,0.1125349566254645,0.0,0.684602595375264,0.315397404624736,0.07704172337623576,True,True
27,6,Milo Manheim,Witney Carson,0.1229442854904381,0.1736221346089491,0.684602595375264,0.315397404624736,0.13892794757438043,False,False
27,7,Alexis Ren,Alan Bersten,0.1190962711792358,0.1870734750188659,0.706972864488483,0.29302713551151705,0.13901543650044512,False,False
27,7,Bobby Bones,Sharna Burgess,0.1224605275524651,0.094714083355855,0.706972864488483,0.29302713551151705,0.11433006648890229,False,False
27,7,DeMarcus Ware,Lindsay Arnold,0.1224605275524651,0.0046587630392794,0.706972864488483,0.29302713551151705,0.08794141393896403,True,True
27,7,Evanna Lynch,Keo Motsepe,0.1363027631888872,0.1941777811585944,0.706972864488483,0.29302713551151705,0.1532617139222281,False,False
27,7,Joe Amabile,Jenna Johnson,0.1086182919160429,0.0655139582507253,0.706972864488483,0.29302713551151705,0.09598755249396224,False,False
27,7,Juan Pablo Di Pace,Cheryl Burke,0.1293816453706761,0.2186103698612672,0.706972864488483,0.29302713551151705,0.15552808291350034,False,False
27,7,Milo Manheim,Witney Carson,0.1258727868815323,0.2352515693154127,0.706972864488483,0.29302713551151705,0.15792373818386973,False,False
27,8,Alexis Ren,Alan Bersten,0.1727012493706065,0.2646417879983062,0.7288284186108902,0.2711715813891098,0.19763291062404637,False,False
27,8,Bobby Bones,Sharna Burgess,0.1429003967163389,0.1186767713849936,0.7288284186108902,0.2711715813891098,0.1363316379282607,False,True
27,8,Evanna Lynch,Keo Motsepe,0.1841033449720895,0.262171004781072,0.7288284186108902,0.2711715813891098,0.20527307573783832,False,False
27,8,Joe Amabile,Jenna Johnson,0.1459965725143991,0.0,0.7288284186108902,0.2711715813891098,0.10640645106827966,True,True
27,8,Juan Pablo Di Pace,Cheryl Burke,0.1905338622884519,0.1084163015156622,0.7288284186108902,0.2711715813891098,0.16826591347387818,True,False
27,8,Milo Manheim,Witney Carson,0.1637645741381138,0.2460941343199658,0.7288284186108902,0.2711715813891098,0.18609001116769647,False,False
28,2,Ally Brooke,Sasha Farber,0.0911147268162149,0.1262441765592643,0.5441343724768325,0.4558656275231675,0.10712903546787368,False,False
28,2,Hannah Brown,Alan Bersten,0.1022738385470909,0.1397756247981087,0.5441343724768325,0.4558656275231675,0.11936961386965082,False,False
28,2,James Van Der Beek,Emma Slater,0.0911147268162149,0.1199977207441797,0.5441343724768325,0.4558656275231675,0.1042814909679344,False,False
28,2,Karamo Brown,Jenna Johnson,0.0868315548491794,0.1069336769904947,0.5441343724768325,0.4558656275231675,0.09599542137367746,False,False
28,2,Kate Flannery,Pasha Pashkov,0.1039950847903923,0.1203478801329656,0.5441343724768325,0.4558656275231675,0.1114497621009924,False,False
28,2,Kel Mitchell,Witney Carson,0.0911147268162149,0.1264583451311071,0.5441343724768325,0.4558656275231675,0.10722666755827254,False,False
28,2,Lamar Odom,Peta Murgatroyd,0.0545130850190002,0.0,0.5441343724768325,0.4558656275231675,0.029662443308589893,False,True
28,2,Lauren Alaina,Gleb Savchenko,0.0810885429498563,0.10160511223643,0.5441343724768325,0.4558656275231675,0.09044134168230278,False,False
28,2,Mary Wilson,Brandon Armstrong,0.0749554919011253,0.019122229953677,0.5441343724768325,0.4558656275231675,0.04950302690678639,True,False
28,2,Ray Lewis,Cheryl Burke,0.0681413562737503,0.0098954123571516,0.5441343724768325,0.4558656275231675,0.04158903249953081,True,True
28,2,Sailor Brinkley-Cook,Valentin Chmerkovskiy,0.0767053789103182,0.1029528433667533,0.5441343724768325,0.4558656275231675,0.08867069576564302,False,False
28,2,Sean Spicer,Lindsay Arnold,0.078151486310642,0.0266669777298676,0.5441343724768325,0.4558656275231675,0.054681468498745375,False,False
28,6,Ally Brooke,Sasha Farber,0.1097239571671369,0.1278447677298274,0.6400103226861702,0.3599896773138298,0.11624726191426489,False,False
28,6,Hannah Brown,Alan Bersten,0.0990589192010275,0.0,0.6400103226861702,0.3599896773138298,0.06339873084279286,False,True
28,6,James Van Der Beek,Emma Slater,0.1187988694104935,0.2058071890462394,0.6400103226861702,0.3599896773138298,0.15012096631978422,False,False
28,6,Karamo Brown,Jenna Johnson,0.1100539523560098,0.0928376379991706,0.6400103226861702,0.3599896773138298,0.1038562569061578,False,False
28,6,Kate Flannery,Pasha Pashkov,0.1295049330742301,0.197374722343113,0.6400103226861702,0.3599896773138298,0.15393735661249291,False,False
28,6,Kel Mitchell,Witney Carson,0.1146739072749064,0.0560480854128212,0.6400103226861702,0.3599896773138298,0.09356921658051628,False,False
28,6,Lauren Alaina,Gleb Savchenko,0.1075717937639199,0.1072260451967224,0.6400103226861702,0.3599896773138298,0.10744732784878275,False,False
28,6,Sailor Brinkley-Cook,Valentin Chmerkovskiy,0.111441284101156,0.2071599889468578,0.6400103226861702,0.3599896773138298,0.1458990297714579,True,False
28,6,Sean Spicer,Lindsay Arnold,0.0991723836511195,0.0057015633252477,0.6400103226861702,0.3599896773138298,0.06552385320374995,False,False
28,7,Ally Brooke,Sasha Farber,0.1334021271494467,0.232632536379336,0.6642089631253855,0.33579103687461453,0.16672280915424353,False,False
28,7,James Van Der Beek,Emma Slater,0.1334021271494467,0.2249550955182658,0.6642089631253855,0.33579103687461453,0.16414479332696125,False,False
28,7,Karamo Brown,Jenna Johnson,0.1209883192069264,0.0273294784137097,0.6642089631253855,0.33579103687461453,0.08953851994449771,True,False
28,7,Kate Flannery,Pasha Pashkov,0.1292659780288224,0.0576715542974674,0.6642089631253855,0.33579103687461453,0.10522521224963019,False,False
28,7,Kel Mitchell,Witney Carson,0.1259908978633663,0.0420795295376577,0.6642089631253855,0.33579103687461453,0.09781421248770893,False,False
28,7,Lauren Alaina,Gleb Savchenko,0.1251401164432872,0.2277883584392373,0.6642089631253855,0.33579103687461453,0.15960847605646364,False,False
28,7,Sean Spicer,Lindsay Arnold,0.1113630710392246,0.0,0.6642089631253855,0.33579103687461453,0.07396834994542202,False,True
28,8,Ally Brooke,Sasha Farber,0.1551143319926909,0.2383273326831977,0.6856202494323652,0.3143797505676348,0.18127481439375684,False,False
28,8,James Van Der Beek,Emma Slater,0.1654542533633236,0.2550027642236986,0.6856202494323652,0.3143797505676348,0.19360649187131143,False,False
28,8,Kate Flannery,Pasha Pashkov,0.1465462412086952,0.0375645535954051,0.6856202494323652,0.3143797505676348,0.11228460544038915,True,False
28,8,Kel Mitchell,Witney Carson,0.1548547753677331,0.1579797084600272,0.6856202494323652,0.3143797505676348,0.15583719105382907,False,False
28,8,Lauren Alaina,Gleb Savchenko,0.1164060932602216,0.0426307348996999,0.6856202494323652,0.3143797505676348,0.09321261450080293,False,True
28,10,Ally Brooke,Sasha Farber,0.2201845277222864,0.4090451722670025,0.7283934123810364,0.2716065876189636,0.2714803229225948,False,False
28,10,James Van Der Beek,Emma Slater,0.1900069600904001,0.1580405850967351,0.7283934123810364,0.2716065876189636,0.18132468205982258,True,True
28,10,Kel Mitchell,Witney Carson,0.2123607201010354,0.213196871344812,0.7283934123810364,0.2716065876189636,0.21258782428709092,False,False
29,2,AJ McLean,Cheryl Burke,0.0677840779451037,0.0786672579183499,0.5555192047654474,0.44448079523455264,0.07262144243429293,False,False
29,2,Anne Heche,Keo Motsepe,0.0689601417146905,0.0683213613367291,0.5555192047654474,0.44448079523455264,0.06867621610431399,False,False
29,2,Carole Baskin,Pasha Pashkov,0.0622193108260719,0.0516973591136941,0.5555192047654474,0.44448079523455264,0.05754250536153466,False,False
29,2,Charles Oakley,Emma Slater,0.058367083080133,0.0,0.5555192047654474,0.44448079523455264,0.03242403557715428,True,True
29,2,Chrishell Stause,Gleb Savchenko,0.0642503106200632,0.0695477592861639,0.5555192047654474,0.44448079523455264,0.06660492481588587,False,False
29,2,Jeannie Mai,Brandon Armstrong,0.0642503106200632,0.0683122065922633,0.5555192047654474,0.44448079523455264,0.06605574537194672,False,False
29,2,Jesse Metcalfe,Sharna Burgess,0.0713178452701442,0.0795940542475147,0.5555192047654474,0.44448079523455264,0.07499646121793319,False,False
29,2,Johnny Weir,Britt Stewart,0.0642503106200632,0.0651314072057318,0.5555192047654474,0.44448079523455264,0.06464194113113964,False,False
29,2,Justina Machado,Sasha Farber,0.080453498667139,0.0842500477951897,0.5555192047654474,0.44448079523455264,0.08214099184272203,False,False
29,2,Kaitlyn Bristowe,Artem Chigvintsev,0.0784924630484475,0.0867449041318479,0.5555192047654474,0.44448079523455264,0.08216051462382361,False,False
29,2,Monica Aldama,Valentin Chmerkovskiy,0.0612595928151489,0.0595472607377767,0.5555192047654474,0.44448079523455264,0.060498494091692875,False,False
29,2,Nelly,Daniella Karagach,0.0689601417146905,0.0762486255177641,0.5555192047654474,0.44448079523455264,0.07219973279153481,False,False
29,2,Nev Schulman,Jenna Johnson,0.074958695723407,0.0864997506222157,0.5555192047654474,0.44448079523455264,0.08008847298267513,False,False
29,2,Skai Jackson,Alan Bersten,0.0502259067147705,0.0535894922538087,0.5555192047654474,0.44448079523455264,0.05172095589000164,False,False
29,2,Veron Davis,Peta Murgatroyd,0.0642503106200632,0.0718485132409498,0.5555192047654474,0.44448079523455264,0.06762756576334814,False,False
29,3,AJ McLean,Cheryl Burke,0.0733864441020009,0.0874488865769795,0.5753949855115389,0.4246050144884611,0.07935742769283233,False,False
29,3,Anne Heche,Keo Motsepe,0.0562614243347765,0.0,0.5753949855115389,0.4246050144884611,0.03237254143996727,False,True
29,3,Carole Baskin,Pasha Pashkov,0.0457142711838245,0.0415701959134799,0.5753949855115389,0.4246050144884611,0.04395467604361855,True,False
29,3,Chrishell Stause,Gleb Savchenko,0.0768111451203055,0.0929853467361896,0.5753949855115389,0.4246050144884611,0.08367879223175725,False,False
29,3,Jeannie Mai,Brandon Armstrong,0.0768111451203055,0.0924465705518969,0.5753949855115389,0.4246050144884611,0.08345002516221961,False,False
29,3,Jesse Metcalfe,Sharna Burgess,0.0697520684097529,0.0753704618890088,0.5753949855115389,0.4246050144884611,0.07213766645441422,False,False
29,3,Johnny Weir,Britt Stewart,0.0838702218308582,0.1021759970553147,0.5753949855115389,0.4246050144884611,0.09164294578526105,False,False
29,3,Justina Machado,Sasha Farber,0.0711894559066666,0.0065511597507346,0.5753949855115389,0.4246050144884611,0.04374371123086765,False,False
29,3,Kaitlyn Bristowe,Artem Chigvintsev,0.0802358461386101,0.0985673594682754,0.5753949855115389,0.4246050144884611,0.08801949862154805,False,False
29,3,Monica Aldama,Valentin Chmerkovskiy,0.0787659940686871,0.0747282209007633,0.5753949855115389,0.4246050144884611,0.0770515353342197,False,False
29,3,Nelly,Daniella Karagach,0.0675137092017318,0.0757491898969584,0.5753949855115389,0.4246050144884611,0.07101053560164794,False,False
29,3,Nev Schulman,Jenna Johnson,0.0838702218308582,0.110250313127069,0.5753949855115389,0.4246050144884611,0.09507134087789271,False,False
29,3,Skai Jackson,Alan Bersten,0.0590069076313158,0.0460962963690592,0.5753949855115389,0.4246050144884611,0.05352499734925045,False,False
29,3,Veron Davis,Peta Murgatroyd,0.0768111451203055,0.0960600017642702,0.5753949855115389,0.4246050144884611,0.08498430617450244,False,False
29,5,AJ McLean,Cheryl Burke,0.082479594143033,0.1058318632815797,0.6132937947913297,0.3867062052086703,0.09151006152461194,False,False
29,5,Chrishell Stause,Gleb Savchenko,0.0651588801153084,0.0112042496423907,0.6132937947913297,0.3867062052086703,0.04429428971169031,False,False
29,5,Jeannie Mai,Brandon Armstrong,0.082479594143033,0.0755726386136486,0.6132937947913297,0.3867062052086703,0.07980863158071971,False,False
29,5,Jesse Metcalfe,Sharna Burgess,0.0652619790512529,0.0,0.6132937947913297,0.3867062052086703,0.04002476678793516,True,True
29,5,Johnny Weir,Britt Stewart,0.0998003081707576,0.1206251598071136,0.6132937947913297,0.3867062052086703,0.1078534075210864,False,False
29,5,Justina Machado,Sasha Farber,0.0885257121060144,0.1022889287377851,0.6132937947913297,0.3867062052086703,0.0938480333811513,False,False
29,5,Kaitlyn Bristowe,Artem Chigvintsev,0.0927895434109121,0.1209534935645845,0.6132937947913297,0.3867062052086703,0.1036807176985249,False,False
29,5,Monica Aldama,Valentin Chmerkovskiy,0.0960503968382986,0.1190553222930956,0.6132937947913297,0.3867062052086703,0.10494654426203148,False,False
29,5,Nelly,Daniella Karagach,0.0885257121060144,0.0961334958664154,0.6132937947913297,0.3867062052086703,0.09146768929404722,False,False
29,5,Nev Schulman,Jenna Johnson,0.0893872599669339,0.1189988865064184,0.6132937947913297,0.3867062052086703,0.10083825969607431,False,False
29,5,Skai Jackson,Alan Bersten,0.0773713750732874,0.1085973568263189,0.6132937947913297,0.3867062052086703,0.08944665598091739,False,False
29,5,Veron Davis,Peta Murgatroyd,0.0721696448751538,0.020738604860649,0.6132937947913297,0.3867062052086703,0.052280942561209374,False,False
29,6,AJ McLean,Cheryl Burke,0.0990451505684904,0.1743687449692522,0.6363745275055481,0.3636254724944519,0.12643472817244786,False,False
29,6,Chrishell Stause,Gleb Savchenko,0.0880401338386581,0.0,0.6363745275055481,0.3636254724944519,0.05602649857310126,False,False
29,6,Jeannie Mai,Brandon Armstrong,0.0915250573162823,0.0111659127629349,0.6363745275055481,0.3636254724944519,0.06230442540882139,False,False
29,6,Johnny Weir,Britt Stewart,0.0807034560187699,0.0465583753262888,0.6363745275055481,0.3636254724944519,0.06828743491860527,False,False
29,6,Justina Machado,Sasha Farber,0.1063055968669999,0.1657938800895935,0.6363745275055481,0.3636254724944519,0.12793705196169927,False,False
29,6,Kaitlyn Bristowe,Artem Chigvintsev,0.0990451505684904,0.1631238348494228,0.6363745275055481,0.3636254724944519,0.12234579241696725,False,False
29,6,Monica Aldama,Valentin Chmerkovskiy,0.1063055968669999,0.1739560715096034,0.6363745275055481,0.3636254724944519,0.13090503267339054,False,False
29,6,Nelly,Daniella Karagach,0.0944938638817777,0.1108141010708816,0.6363745275055481,0.3636254724944519,0.10042831784088713,False,False
29,6,Nev Schulman,Jenna Johnson,0.0955602270908662,0.1163263478865142,0.6363745275055481,0.3636254724944519,0.10311131757706057,False,False
29,6,Skai Jackson,Alan Bersten,0.0619406498738387,0.0264096553459604,0.6363745275055481,0.3636254724944519,0.04902067520044118,False,True
29,6,Veron Davis,Peta Murgatroyd,0.0770351171088258,0.0114830761895479,0.6363745275055481,0.3636254724944519,0.05319872525657773,True,False
29,7,AJ McLean,Cheryl Burke,0.0988314907765774,0.112909003640428,0.6613300466601447,0.3386699533398553,0.1035991214013189,False,False
29,7,Chrishell Stause,Gleb Savchenko,0.098481336128656,0.1009518931939171,0.6613300466601447,0.3386699533398553,0.09931803957467143,False,False
29,7,Jeannie Mai,Brandon Armstrong,0.0946296218707221,0.0,0.6613300466601447,0.3386699533398553,0.0625814122471965,True,True
29,7,Johnny Weir,Britt Stewart,0.1024205890485703,0.1235232159775143,0.6613300466601447,0.3386699533398553,0.10956741472594414,False,False
29,7,Justina Machado,Sasha Farber,0.1057004523424593,0.1009519486115021,0.6613300466601447,0.3386699533398553,0.1040922768054619,False,False
29,7,Kaitlyn Bristowe,Artem Chigvintsev,0.0907779076127882,0.0751604039092049,0.6613300466601447,0.3386699533398553,0.08548872836221064,False,True
29,7,Monica Aldama,Valentin Chmerkovskiy,0.0893521160141503,0.0786779555608167,0.6613300466601447,0.3386699533398553,0.08573709859147768,True,False
29,7,Nelly,Daniella Karagach,0.1099284698724239,0.136879484672534,0.6613300466601447,0.3386699533398553,0.11905596879723893,False,False
29,7,Nev Schulman,Jenna Johnson,0.1138006544984115,0.1351188596769864,0.6613300466601447,0.3386699533398553,0.12102049005152891,False,False
29,8,AJ McLean,Cheryl Burke,0.1205256352731215,0.1103667174253856,0.683754568614954,0.316245431385046,0.11731292391595902,False,False
29,8,Chrishell Stause,Gleb Savchenko,0.1205256352731215,0.0631135641837194,0.683754568614954,0.316245431385046,0.10236933008474461,True,True
29,8,Johnny Weir,Britt Stewart,0.1339173725256906,0.2104673011288964,0.683754568614954,0.316245431385046,0.1581259377193059,False,False
29,8,Justina Machado,Sasha Farber,0.1389420113608303,0.1780165375254296,0.683754568614954,0.316245431385046,0.15129915174392028,False,False
29,8,Nelly,Daniella Karagach,0.114987285176447,0.0902570986925737,0.683754568614954,0.316245431385046,0.10716647668362186,False,False
29,8,Nev Schulman,Jenna Johnson,0.1339173725256906,0.2302632887324218,0.683754568614954,0.316245431385046,0.1643863283586758,False,False
29,9,AJ McLean,Cheryl Burke,0.1287378061802138,0.141493122044223,0.707083990881222,0.292916009118778,0.1324740423981488,True,False
29,9,Johnny Weir,Britt Stewart,0.1538711235846347,0.1921108725755262,0.707083990881222,0.292916009118778,0.16507215824875046,False,False
29,9,Justina Machado,Sasha Farber,0.1431293804059449,0.1550025634739214,0.707083990881222,0.292916009118778,0.14660722580575322,False,False
29,9,Nelly,Daniella Karagach,0.1321204443781367,0.0,0.707083990881222,0.292916009118778,0.0934202510878934,False,True
29,9,Nev Schulman,Jenna Johnson,0.1487410603243231,0.1002233436945286,0.707083990881222,0.292916009118778,0.13452944439756792,False,False
29,10,Johnny Weir,Britt Stewart,0.1615524844369817,0.0482592882563433,0.7288218399911962,0.2711781600088038,0.13082984395519973,True,True
29,10,Justina Machado,Sasha Farber,0.1761328137487676,0.2285428515945075,0.7288218399911962,0.2711781600088038,0.19034527137776713,False,False
29,10,Nev Schulman,Jenna Johnson,0.1700552467757702,0.3193286807399192,0.7288218399911962,0.2711781600088038,0.2105349419363638,False,False
30,2,Amanda Kloots,Alan Bersten,0.0821049469122422,0.1143380279516824,0.5634486732766995,0.43655132672330055,0.09617634120438948,False,False
30,2,Brian Austin Green,Sharna Burgess,0.0636378284023978,0.0041194011014034,0.5634486732766995,0.43655132672330055,0.037654979999664384,False,False
30,2,Christine Chiu,Pasha Pashkov,0.0615787101841816,0.0322117627563605,0.5634486732766995,0.43655132672330055,0.04875853032275288,False,False
30,2,Cody Rigsby,Cheryl Burke,0.0615787101841816,0.0622733793203347,0.5634486732766995,0.43655132672330055,0.06188196891720296,False,False
30,2,Iman Shumpert,Daniella Karagach,0.0642177975121629,0.0720843897138484,0.5634486732766995,0.43655132672330055,0.06765196877459988,False,False
30,2,Jimmie Allen,Emma Slater,0.0695546183577043,0.0823858324846085,0.5634486732766995,0.43655132672330055,0.07515610190827508,False,False
30,2,JoJo Siwa,Jenna Johnson,0.0745442905156971,0.114845975621253,0.5634486732766995,0.43655132672330055,0.09213804461771222,False,False
30,2,Kenya Moore,Brandon Armstrong,0.0660927011858367,0.0387695735240055,0.5634486732766995,0.43655132672330055,0.054164753554834175,False,False
30,2,Martin Kove,Britt Stewart,0.0426417895921749,0.0,0.5634486732766995,0.43655132672330055,0.024026459771855118,True,True
30,2,Matt James,Lindsay Arnold,0.0566524126656928,0.0407619923474123,0.5634486732766995,0.43655132672330055,0.04971542859355656,False,False
30,2,Melanie C,Gleb Savchenko,0.0828361847309061,0.09149351560197,0.5634486732766995,0.43655132672330055,0.08661555400855164,False,False
30,2,Melora Hardin,Artem Chigvintsev,0.0746532786000373,0.078991153137284,0.5634486732766995,0.43655132672330055,0.07654698348443156,False,False
30,2,"Mike ""The Miz"" Mizanin",Witney Carson,0.0672674081671968,0.0705533015583088,0.5634486732766995,0.43655132672330055,0.06870186928655807,False,False
30,2,Olivia Jade,Valentin Chmerkovskiy,0.0652468834376276,0.0995306436951141,0.5634486732766995,0.43655132672330055,0.08021350446309689,False,False
30,2,Suni Lee,Sasha Farber,0.0673924395519596,0.0976410511864138,0.5634486732766995,0.43655132672330055,0.08059751109251845,False,False
30,3,Amanda Kloots,Alan Bersten,0.0800385100099916,0.121732356098383,0.5968227768282608,0.4031772231717392,0.09684851909925912,False,False
30,3,Brian Austin Green,Sharna Burgess,0.0680534102471812,0.0393510633050465,0.5968227768282608,0.4031772231717392,0.056481277708539473,False,False
30,3,Christine Chiu,Pasha Pashkov,0.0700336962587426,0.0,0.5968227768282608,0.4031772231717392,0.04179770507268974,True,True
30,3,Cody Rigsby,Cheryl Burke,0.0600288825074937,0.0372923330100084,0.5968227768282608,0.4031772231717392,0.05086202361659077,False,False
30,3,Iman Shumpert,Daniella Karagach,0.0634055069843994,0.0495596830912919,0.5968227768282608,0.4031772231717392,0.0578231861546514,False,False
30,3,Jimmie Allen,Emma Slater,0.0665320121023688,0.045831677076594,0.5968227768282608,0.4031772231717392,0.05818610850795222,False,False
30,3,JoJo Siwa,Jenna Johnson,0.0750814749106427,0.1301610229997915,0.5968227768282608,0.4031772231717392,0.09728829416277998,False,False
30,3,Kenya Moore,Brandon Armstrong,0.0751674750238233,0.0467704792117973,0.5968227768282608,0.4031772231717392,0.06371845310591115,False,False
30,3,Matt James,Lindsay Arnold,0.066657071781837,0.0528373840425866,0.5968227768282608,0.4031772231717392,0.061085288454025485,False,False
30,3,Melanie C,Gleb Savchenko,0.0786573938594184,0.0780369151433273,0.5968227768282608,0.4031772231717392,0.07840723097362763,False,False
30,3,Melora Hardin,Artem Chigvintsev,0.0822815398004653,0.0900919298824065,0.5968227768282608,0.4031772231717392,0.08543051118559045,False,False
30,3,"Mike ""The Miz"" Mizanin",Witney Carson,0.0732852610561802,0.0938303400268326,0.5968227768282608,0.4031772231717392,0.08156856894541194,False,False
30,3,Olivia Jade,Valentin Chmerkovskiy,0.0750814749106427,0.1358763963587829,0.5968227768282608,0.4031772231717392,0.09959260252304789,False,False
30,3,Suni Lee,Sasha Farber,0.0656962905468124,0.078628419753151,0.5968227768282608,0.4031772231717392,0.07091023048992215,False,False
30,4,Amanda Kloots,Alan Bersten,0.0808808163765876,0.1165229001036797,0.619634213648993,0.38036578635100704,0.09443784558063142,False,False
30,4,Brian Austin Green,Sharna Burgess,0.066507708898004,0.0,0.619634213648993,0.38036578635100704,0.04121045190461084,True,True
30,4,Cody Rigsby,Cheryl Burke,0.0692605057094647,0.0301181102167858,0.619634213648993,0.38036578635100704,0.054372077668229775,False,False
30,4,Iman Shumpert,Daniella Karagach,0.0753590052907276,0.0703131832160212,0.619634213648993,0.38036578635100704,0.07343974720949463,False,False
30,4,Jimmie Allen,Emma Slater,0.0774639257958991,0.0738621673849812,0.619634213648993,0.38036578635100704,0.07609394012568396,False,False
30,4,JoJo Siwa,Jenna Johnson,0.078197802853488,0.1505867690583004,0.619634213648993,0.38036578635100704,0.10573208890711794,False,False
30,4,Kenya Moore,Brandon Armstrong,0.0754053201973706,0.0148147298737437,0.619634213648993,0.38036578635100704,0.05235873266345254,False,True
30,4,Matt James,Lindsay Arnold,0.068035038908258,0.0298254859157206,0.619634213648993,0.38036578635100704,0.05350143223813104,True,False
30,4,Melanie C,Gleb Savchenko,0.0843648277272526,0.0181712010868237,0.619634213648993,0.38036578635100704,0.05918703687874089,False,False
30,4,Melora Hardin,Artem Chigvintsev,0.0930458022198155,0.1425071430008587,0.619634213648993,0.38036578635100704,0.11185920399997212,False,False
30,4,"Mike ""The Miz"" Mizanin",Witney Carson,0.0774639257958991,0.0854780517456675,0.619634213648993,0.38036578635100704,0.08051222511469877,False,False
30,4,Olivia Jade,Valentin Chmerkovskiy,0.0780355111411855,0.1445666410582354,0.619634213648993,0.38036578635100704,0.1033416766889052,False,False
30,4,Suni Lee,Sasha Farber,0.0759798090860471,0.1232336173391815,0.619634213648993,0.38036578635100704,0.09395354102033027,False,False
30,5,Amanda Kloots,Alan Bersten,0.1012559799450282,0.153437166813106,0.6425106224897255,0.35748937751027454,0.11991019995624466,False,False
30,5,Cody Rigsby,Cheryl Burke,0.0828996349889567,0.013007355851873,0.6425106224897255,0.35748937751027454,0.0579138876274663,False,False
30,5,Iman Shumpert,Daniella Karagach,0.0725371806153371,0.0,0.6425106224897255,0.35748937751027454,0.04660590907080988,False,True
30,5,Jimmie Allen,Emma Slater,0.0879328289742751,0.0035474523154821,0.6425106224897255,0.35748937751027454,0.05776595320155314,False,False
30,5,JoJo Siwa,Jenna Johnson,0.0972067518458895,0.1963506933213023,0.6425106224897255,0.35748937751027454,0.13264965776784993,False,False
30,5,Melanie C,Gleb Savchenko,0.100098611772985,0.1065564547153597,0.6425106224897255,0.35748937751027454,0.10240722202651364,True,False
30,5,Melora Hardin,Artem Chigvintsev,0.100098611772985,0.1114574214547582,0.6425106224897255,0.35748937751027454,0.10415926557537977,False,False
30,5,"Mike ""The Miz"" Mizanin",Witney Carson,0.0828996349889567,0.0118063046810012,0.6425106224897255,0.35748937751027454,0.05748452459203335,False,False
30,5,Olivia Jade,Valentin Chmerkovskiy,0.0874860766613006,0.1601143310482825,0.6425106224897255,0.35748937751027454,0.11344990611176062,False,False
30,5,Suni Lee,Sasha Farber,0.0874860766613006,0.1395382126196125,0.6425106224897255,0.35748937751027454,0.10609416234311769,False,False
30,7,Amanda Kloots,Alan Bersten,0.1052391878131686,0.0705825803675278,0.6843002876429194,0.3156997123570806,0.09429810681130754,False,False
30,7,Cody Rigsby,Cheryl Burke,0.111634685720203,0.1139608295055713,0.6843002876429194,0.3156997123570806,0.11236904864414499,False,False
30,7,Jimmie Allen,Emma Slater,0.1178238777755417,0.1298204461936326,0.6843002876429194,0.3156997123570806,0.12161119097440504,False,False
30,7,JoJo Siwa,Jenna Johnson,0.1134511179559092,0.166366096385025,0.6843002876429194,0.3156997123570806,0.1301563614253622,False,False
30,7,Melora Hardin,Artem Chigvintsev,0.126214855386925,0.1285845196825533,0.6843002876429194,0.3156997123570806,0.12696295772343769,False,False
30,7,"Mike ""The Miz"" Mizanin",Witney Carson,0.0990270728854193,0.0,0.6843002876429194,0.3156997123570806,0.06776425445992877,True,True
30,7,Olivia Jade,Valentin Chmerkovskiy,0.1223964670848258,0.1924363568093474,0.6843002876429194,0.3156997123570806,0.1445080401243789,False,False
30,7,Suni Lee,Sasha Farber,0.0987213959683214,0.0942006575918133,0.6843002876429194,0.3156997123570806,0.09729420016321619,False,False
30,8,Amanda Kloots,Alan Bersten,0.1382209533629836,0.1634596617044499,0.7055950596905417,0.2944049403094583,0.1456513537857408,False,False
30,8,Cody Rigsby,Cheryl Burke,0.1247937767212622,0.1260629541760017,0.7055950596905417,0.2944049403094583,0.1251674288340669,False,False
30,8,Jimmie Allen,Emma Slater,0.1053112025622732,0.0,0.7055950596905417,0.2944049403094583,0.0743070642580099,True,True
30,8,JoJo Siwa,Jenna Johnson,0.1269437991743915,0.1410834497501513,0.7055950596905417,0.2944049403094583,0.13110658215814466,False,False
30,8,Melora Hardin,Artem Chigvintsev,0.1483531587608317,0.1584627031327543,0.7055950596905417,0.2944049403094583,0.15132945856820337,False,False
30,8,Olivia Jade,Valentin Chmerkovskiy,0.1111375694462841,0.1276973074566514,0.7055950596905417,0.2944049403094583,0.11601283812676655,True,True
30,8,Suni Lee,Sasha Farber,0.1296604976873314,0.1669645354754666,0.7055950596905417,0.2944049403094583,0.14064299070564912,False,False
30,9,Amanda Kloots,Alan Bersten,0.1765989214255201,0.1957725536842374,0.7285801305609535,0.2714198694390465,0.18180302618985344,False,False
30,9,Cody Rigsby,Cheryl Burke,0.1585653615666045,0.1055282258960445,0.7285801305609535,0.2714198694390465,0.14417002912748011,False,True
30,9,JoJo Siwa,Jenna Johnson,0.167642832200906,0.302647520556254,0.7285801305609535,0.2714198694390465,0.20428578708797374,False,False
30,9,Melora Hardin,Artem Chigvintsev,0.1727173224100281,0.0,0.7285801305609535,0.2714198694390465,0.12583840931163656,True,True
30,9,Suni Lee,Sasha Farber,0.1569746528012224,0.1774449739278897,0.7285801305609535,0.2714198694390465,0.16253070468879777,True,False
31,1,Charli D'Amelio,Mark Ballas,0.0767237756455391,0.0886499315713899,0.5466767763044256,0.45332322369557443,0.08213017909614187,False,False
31,1,Cheryl Ladd,Louis van Amstel,0.0590848605094981,0.0602188741796638,0.5466767763044256,0.45332322369557443,0.05959893524217247,False,False
31,1,Daniel Durant,Britt Stewart,0.0690489918392958,0.068048846730292,0.5466767763044256,0.45332322369557443,0.06859560283431884,False,False
31,1,Gabby Windey,Valentin Chmerkovskiy,0.0715655839976307,0.0826925702045859,0.5466767763044256,0.45332322369557443,0.07660970525498381,False,False
31,1,Heidi D'Amelio,Artem Chigvintsev,0.0658385630478642,0.0655290026069352,0.5466767763044256,0.45332322369557443,0.06569823211085364,False,False
31,1,Jason Lewis,Peta Murgatroyd,0.0493789222858981,0.0267534153450841,0.5466767763044256,0.45332322369557443,0.0391222545417417,True,False
31,1,Jessie James Decker,Alan Bersten,0.0511182742840219,0.0572966539953128,0.5466767763044256,0.45332322369557443,0.053919077291959626,False,False
31,1,Jordin Sparks,Brandon Armstrong,0.0664537565692285,0.0675956655204512,0.5466767763044256,0.45332322369557443,0.06697141041616361,False,False
31,1,Joseph Baena,Daniella Karagach,0.0551820999942362,0.0700190426564547,0.5466767763044256,0.45332322369557443,0.061908030671659495,False,False
31,1,Sam Champion,Cheryl Burke,0.0557250142435921,0.0608708106763748,0.5466767763044256,0.45332322369557443,0.05805772327098234,False,False
31,1,Selma Blair,Sasha Farber,0.0768116568891749,0.0781167218682469,0.5466767763044256,0.45332322369557443,0.07740327315262002,False,False
31,1,Shangela,Gleb Savchenko,0.0715655839976307,0.0761378657756453,0.5466767763044256,0.45332322369557443,0.0736383055128848,False,False
31,1,Teresa Giudice,Pasha Pashkov,0.0548654692065535,0.0542948313910017,0.5466767763044256,0.45332322369557443,0.05460678583244495,False,False
31,1,Trevor Donovan,Emma Slater,0.0536348664423568,0.0614803910242765,0.5466767763044256,0.45332322369557443,0.05719142493741551,False,False
31,1,Vinny Guadagnino,Koko Iwasaki,0.0434898546972848,0.0,0.5466767763044256,0.45332322369557443,0.023774893567859536,False,True
31,1,Wayne Brady,Witney Carson,0.0795127263501941,0.0822953764542847,0.5466767763044256,0.45332322369557443,0.08077416626579728,False,False
31,2,Charli D'Amelio,Mark Ballas,0.0712304571792024,0.1156975566332568,0.5662636364401425,0.43373636355985745,0.09051745519445847,False,False
31,2,Cheryl Ladd,Louis van Amstel,0.0546135235996528,0.0,0.5662636364401425,0.43373636355985745,0.030925652472348936,False,True
31,2,Daniel Durant,Britt Stewart,0.0688510050194757,0.0763717928982797,0.5662636364401425,0.43373636355985745,0.0721130442051332,False,False
31,2,Gabby Windey,Valentin Chmerkovskiy,0.0759332400800472,0.1133767759257277,0.5662636364401425,0.43373636355985745,0.09217386315657583,False,False
31,2,Heidi D'Amelio,Artem Chigvintsev,0.0713120462447689,0.0763645217077479,0.5662636364401425,0.43373636355985745,0.07350348857905682,False,False
31,2,Jessie James Decker,Alan Bersten,0.0593593500094698,0.0286503374787237,0.5662636364401425,0.43373636355985745,0.04603973458586989,False,False
31,2,Jordin Sparks,Brandon Armstrong,0.0642512023022046,0.0578516533346153,0.5662636364401425,0.43373636355985745,0.061475485204579176,False,False
31,2,Joseph Baena,Daniella Karagach,0.0534228428844018,0.0595685721319658,0.5662636364401425,0.43373636355985745,0.05608846913966367,False,False
31,2,Sam Champion,Cheryl Burke,0.0674149166951515,0.0572690512006537,0.5662636364401425,0.43373636355985745,0.06301428589040059,False,False
31,2,Selma Blair,Sasha Farber,0.0713120462447689,0.0787154290009293,0.5662636364401425,0.43373636355985745,0.07452316255946767,False,False
31,2,Shangela,Gleb Savchenko,0.0664415850700413,0.0738080329094775,0.5662636364401425,0.43373636355985745,0.06963668136827172,False,False
31,2,Teresa Giudice,Pasha Pashkov,0.0587736635832409,0.009448263729945,0.5662636364401425,0.43373636355985745,0.037379444019736405,True,False
31,2,Trevor Donovan,Emma Slater,0.071333437362776,0.087177073472933,0.5662636364401425,0.43373636355985745,0.07820539847476114,False,False
31,2,Wayne Brady,Witney Carson,0.0814994814225931,0.1078662642156496,0.5662636364401425,0.43373636355985745,0.09293571391002606,False,False
31,4,Charli D'Amelio,Mark Ballas,0.0812570399137842,0.1773701297710366,0.6144978606761644,0.3855021393238356,0.11830884167077904,False,False
31,4,Daniel Durant,Britt Stewart,0.0697786711397325,0.0323852069950881,0.6144978606761644,0.3855021393238356,0.05536341071524295,False,False
31,4,Gabby Windey,Valentin Chmerkovskiy,0.0866217986562197,0.1704382588123578,0.6144978606761644,0.3855021393238356,0.11893322335696196,False,False
31,4,Heidi D'Amelio,Artem Chigvintsev,0.0877031706995253,0.1036116578479248,0.6144978606761644,0.3855021393238356,0.09383592652863905,False,False
31,4,Jessie James Decker,Alan Bersten,0.0745909932873003,0.0627956081013527,0.6144978606761644,0.3855021393238356,0.07004384706396882,False,False
31,4,Jordin Sparks,Brandon Armstrong,0.0817132305661795,0.1035759899928236,0.6144978606761644,0.3855021393238356,0.09014137109667315,False,False
31,4,Joseph Baena,Daniella Karagach,0.0631999199329433,0.0532362524912596,0.6144978606761644,0.3855021393238356,0.05935890481866298,False,False
31,4,Sam Champion,Cheryl Burke,0.0654701423920235,0.0134358454063474,0.6144978606761644,0.3855021393238356,0.04541080958583356,True,False
31,4,Selma Blair,Sasha Farber,0.0826413853119991,0.0836452221733013,0.6144978606761644,0.3855021393238356,0.08302836656956322,False,False
31,4,Shangela,Gleb Savchenko,0.0769971543610842,0.029527517818814,0.6144978606761644,0.3855021393238356,0.05869750792111412,False,False
31,4,Trevor Donovan,Emma Slater,0.0673725100659487,0.0,0.6144978606761644,0.3855021393238356,0.04140026330390883,False,True
31,4,Wayne Brady,Witney Carson,0.092971558475999,0.15867738071557,0.6144978606761644,0.3855021393238356,0.11830129351538528,False,False
31,5,Charli D'Amelio,Mark Ballas,0.0870090254743632,0.1699472922445148,0.6422655571660612,0.35773444283393885,0.11667890012699597,False,False
31,5,Daniel Durant,Britt Stewart,0.0740113191856544,0.0416723666821986,0.6422655571660612,0.35773444283393885,0.06244256202999743,False,True
31,5,Gabby Windey,Valentin Chmerkovskiy,0.0906010507681804,0.1544371865370014,0.6422655571660612,0.35773444283393885,0.11343743523011124,False,False
31,5,Heidi D'Amelio,Artem Chigvintsev,0.0924374805165349,0.0961878756260382,0.6422655571660612,0.35773444283393885,0.0937791260214402,False,False
31,5,Jessie James Decker,Alan Bersten,0.0795930637307323,0.0915067042400214,0.6422655571660612,0.35773444283393885,0.08385498328044667,False,False
31,5,Jordin Sparks,Brandon Armstrong,0.0784472512748879,0.0395932813054517,0.6422655571660612,0.35773444283393885,0.06454784797598505,False,False
31,5,Joseph Baena,Daniella Karagach,0.0726597904182816,0.0676826551498933,0.6422655571660612,0.35773444283393885,0.07087929770613557,True,False
31,5,Selma Blair,Sasha Farber,0.0948707388440707,0.1171742689589005,0.6422655571660612,0.35773444283393885,0.10284947976292931,True,False
31,5,Shangela,Gleb Savchenko,0.0851338866829924,0.0,0.6422655571660612,0.35773444283393885,0.05467856316416443,False,True
31,5,Wayne Brady,Witney Carson,0.0971810174587384,0.1450724189452334,0.6422655571660612,0.35773444283393885,0.11431342128604616,False,False
31,6,Charli D'Amelio,Mark Ballas,0.1079675332638982,0.1444749214586471,0.6629531229741222,0.33704687702587777,0.12027223444330971,False,False
31,6,Gabby Windey,Valentin Chmerkovskiy,0.1063727265432114,0.1350668870777896,0.6629531229741222,0.33704687702587777,0.11604400374027017,False,False
31,6,Heidi D'Amelio,Artem Chigvintsev,0.1111795219060885,0.1185822335129769,0.6629531229741222,0.33704687702587777,0.11367458273471345,False,False
31,6,Jessie James Decker,Alan Bersten,0.0920766194556647,0.077057808535228,0.6629531229741222,0.33704687702587777,0.08701457613828936,True,True
31,6,Jordin Sparks,Brandon Armstrong,0.0977708317033765,0.0982058487146333,0.6629531229741222,0.33704687702587777,0.09791745282847374,False,False
31,6,Wayne Brady,Witney Carson,0.1049378648096779,0.1117221168708088,0.6629531229741222,0.33704687702587777,0.10722447577983846,False,False
31,7,Charli D'Amelio,Mark Ballas,0.1114293107029835,0.209784535796339,0.6875651853458962,0.31243481465410383,0.14215890722528868,False,False
31,7,Gabby Windey,Valentin Chmerkovskiy,0.1080135049837151,0.1230147713473184,0.6875651853458962,0.31243481465410383,0.11270042285960435,False,False
31,7,Heidi D'Amelio,Artem Chigvintsev,0.1142433148269654,0.0,0.6875651853458962,0.31243481465410383,0.07854972593353203,False,False
31,7,Jordin Sparks,Brandon Armstrong,0.1048679735453386,0.0153136126236734,0.6875651853458962,0.31243481465410383,0.07688807338931142,True,True
31,7,Wayne Brady,Witney Carson,0.1243353509709187,0.168814803656837,0.6875651853458962,0.31243481465410383,0.13823228052675957,False,False
31,8,Charli D'Amelio,Mark Ballas,0.1331300384014241,0.285832107372622,0.7085670139809761,0.2914329860190239,0.17763245833298325,False,False
31,8,Gabby Windey,Valentin Chmerkovskiy,0.1261507203285733,0.1701873253146784,0.7085670139809761,0.2914329860190239,0.13898443961381415,False,False
31,8,Heidi D'Amelio,Artem Chigvintsev,0.1186426058448063,0.0065448050526344,0.7085670139809761,0.2914329860190239,0.08597360903377795,True,True
31,8,Wayne Brady,Witney Carson,0.1523228899709198,0.2664257574746858,0.7085670139809761,0.2914329860190239,0.18557622936087537,False,False
32,1,Adrian Peterson,Britt Stewart,0.0754497437229217,0.0818623873954171,0.5267183497383088,0.4732816502616912,0.07848473030278051,False,False
32,1,Alyson Hannigan,Sasha Farber,0.0584409585628054,0.0121993118199834,0.5267183497383088,0.4732816502616912,0.03655563568154445,False,False
32,1,Ariana Madix,Pasha Pashkov,0.0880247010100754,0.1124137325820205,0.5267183497383088,0.4732816502616912,0.09956758212073007,False,False
32,1,Barry Williams,Peta Murgatroyd,0.0737269748650614,0.0656468140674574,0.5267183497383088,0.4732816502616912,0.06990278302839156,False,False
32,1,Charity Lawson,Artem Chigvintsev,0.0923001859595627,0.1323132534564369,0.5267183497383088,0.4732816502616912,0.11123763657651575,False,False
32,1,Harry Jowsey,Rylee Arnold,0.0502998291486145,0.0268850229503234,0.5267183497383088,0.4732816502616912,0.039218031030529614,False,False
32,1,Jamie Lynn Spears,Alan Bersten,0.0628747864357681,0.0650343797977636,0.5267183497383088,0.4732816502616912,0.06389688234602753,False,False
32,1,Jason Mraz,Daniella Karagach,0.0944772997588053,0.1344867864931417,0.5267183497383088,0.4732816502616912,0.11341305566655527,False,False
32,1,Lele Pons,Brandon Armstrong,0.0795994798917549,0.1002815176002137,0.5267183497383088,0.4732816502616912,0.08938790882918882,False,False
32,1,Matt Walsh,Koko Iwasaki,0.0548328114557051,0.0,0.5267183497383088,0.4732816502616912,0.028881447961460822,True,True
32,1,Mauricio Umansky,Emma Slater,0.0674837855420038,0.0580224501448628,0.5267183497383088,0.4732816502616912,0.06300590911156555,False,False
32,1,Mira Sorvino,Gleb Savchenko,0.0777255099505916,0.0696436698352224,0.5267183497383088,0.4732816502616912,0.07390052332363853,False,False
32,1,Tyson Beckford,Jenna Johnson,0.053987028433603,0.0253324159185058,0.5267183497383088,0.4732816502616912,0.040425326134848484,False,False
32,1,Xochitl Gomez,Valentin Chmerkovskiy,0.0707769052627266,0.1158782579386507,0.5267183497383088,0.4732816502616912,0.09212254788622251,False,False
32,2,Adrian Peterson,Britt Stewart,0.0612545810976653,0.0,0.5456723177334377,0.4543276822665623,0.03342492923935385,False,False
32,2,Alyson Hannigan,Sasha Farber,0.082838467403399,0.0893388588381627,0.5456723177334377,0.4543276822665623,0.08579177517778061,False,False
32,2,Ariana Madix,Pasha Pashkov,0.0820811346893625,0.0849423399915212,0.5456723177334377,0.4543276822665623,0.08338105946278106,False,False
32,2,Barry Williams,Peta Murgatroyd,0.0673800392074318,0.0371194585974835,0.5456723177334377,0.4543276822665623,0.053631819754873515,False,False
32,2,Charity Lawson,Artem Chigvintsev,0.0857564135367314,0.1222053158917464,0.5456723177334377,0.4543276822665623,0.1023161588648456,False,False
32,2,Harry Jowsey,Rylee Arnold,0.0612545810976653,0.0234469501332028,0.5456723177334377,0.4543276822665623,0.04407752774959154,False,False
32,2,Jamie Lynn Spears,Alan Bersten,0.0649298599450341,0.0561392643949667,0.5456723177334377,0.4543276822665623,0.06093604904302922,True,False
32,2,Jason Mraz,Daniella Karagach,0.1051916992127339,0.1595482095470624,0.5456723177334377,0.4543276822665623,0.1298873665690278,False,False
32,2,Lele Pons,Brandon Armstrong,0.0857564135367314,0.1175228284500534,0.5456723177334377,0.4543276822665623,0.10018877519821895,False,False
32,2,Mauricio Umansky,Emma Slater,0.0525958496063669,0.0078598990794964,0.5456723177334377,0.4543276822665623,0.03227106888950223,False,True
32,2,Mira Sorvino,Gleb Savchenko,0.0801297567720028,0.0646404138114309,0.5456723177334377,0.4543276822665623,0.07309251948489429,False,False
32,2,Tyson Beckford,Jenna Johnson,0.0788937744095504,0.0680161358630857,0.5456723177334377,0.4543276822665623,0.07395176210020167,False,False
32,2,Xochitl Gomez,Valentin Chmerkovskiy,0.0919374294853247,0.1692203254017875,0.5456723177334377,0.4543276822665623,0.12704918846589922,False,False
32,3,Adrian Peterson,Britt Stewart,0.0660658685784308,0.0217275960872851,0.5747896069674749,0.42521039303252506,0.04721277430608754,False,False
32,3,Alyson Hannigan,Sasha Farber,0.0772672381228349,0.0840493136393513,0.5747896069674749,0.42521039303252506,0.08015104711878909,False,False
32,3,Ariana Madix,Pasha Pashkov,0.1019859041686978,0.127854145253629,0.5747896069674749,0.42521039303252506,0.11298534912748151,False,False
32,3,Barry Williams,Peta Murgatroyd,0.0824473547842287,0.0725536852133346,0.5747896069674749,0.42521039303252506,0.07824046365745489,False,False
32,3,Charity Lawson,Artem Chigvintsev,0.095986733335245,0.1208009676521705,0.5747896069674749,0.42521039303252506,0.10653800366194606,False,False
32,3,Harry Jowsey,Rylee Arnold,0.0720650394118836,0.0859262226840959,0.5747896069674749,0.42521039303252506,0.07795895859895685,False,False
32,3,Jason Mraz,Daniella Karagach,0.1094619206740161,0.1401323146554879,0.5747896069674749,0.42521039303252506,0.12250329095334012,False,False
32,3,Lele Pons,Brandon Armstrong,0.0811012903672878,0.1061481721015342,0.5747896069674749,0.42521039303252506,0.0917514847937459,False,False
32,3,Mira Sorvino,Gleb Savchenko,0.085099297438448,0.072762251030879,0.5747896069674749,0.42521039303252506,0.07985345708662508,False,False
32,3,Tyson Beckford,Jenna Johnson,0.0643893651023624,0.0,0.5747896069674749,0.42521039303252506,0.03701033786007213,True,True
32,3,Xochitl Gomez,Valentin Chmerkovskiy,0.0900419749163882,0.130389825893935,0.5747896069674749,0.42521039303252506,0.10719830048856863,False,False
32,4,Adrian Peterson,Britt Stewart,0.0851955046887757,0.0545069853511783,0.5950628852889315,0.4049371147110685,0.07276858421345417,True,False
32,4,Alyson Hannigan,Sasha Farber,0.0783777521752952,0.0,0.5950628852889315,0.4049371147110685,0.04663969135189199,False,True
32,4,Ariana Madix,Pasha Pashkov,0.1014232198675901,0.1314416474629224,0.5950628852889315,0.4049371147110685,0.11357879532620709,False,False
32,4,Barry Williams,Peta Murgatroyd,0.0803271901351314,0.0040657815162436,0.5950628852889315,0.4049371147110685,0.04944611536519716,False,False
32,4,Charity Lawson,Artem Chigvintsev,0.0973662910728865,0.1311694618597403,0.5950628852889315,0.4049371147110685,0.11105444951940055,False,False
32,4,Harry Jowsey,Rylee Arnold,0.0851955046887757,0.0999297046881151,0.5950628852889315,0.4049371147110685,0.09116192912408402,False,False
32,4,Jason Mraz,Daniella Karagach,0.1045036695670602,0.1382455572986495,0.5950628852889315,0.4049371147110685,0.11816701222999478,False,False
32,4,Lele Pons,Brandon Armstrong,0.0892524334834793,0.1084282595977183,0.5950628852889315,0.4049371147110685,0.0970174371823804,False,False
32,4,Mira Sorvino,Gleb Savchenko,0.0928732587077178,0.097136455085806,0.5950628852889315,0.4049371147110685,0.09459958514850751,False,False
32,4,Xochitl Gomez,Valentin Chmerkovskiy,0.1027531038726984,0.1553916864270604,0.5950628852889315,0.4049371147110685,0.12406841961474213,False,False
32,5,Ariana Madix,Pasha Pashkov,0.0968425281797679,0.1141662701346409,0.6172740088378291,0.3827259911621709,0.10347277449008435,False,False
32,5,Barry Williams,Peta Murgatroyd,0.1065267809977447,0.1134414003122358,0.6172740088378291,0.3827259911621709,0.10917318552839239,False,False
32,5,Charity Lawson,Artem Chigvintsev,0.1129829495430626,0.1560036015554188,0.6172740088378291,0.3827259911621709,0.12944807122493446,False,False
32,5,Harry Jowsey,Rylee Arnold,0.0726318961348259,0.0,0.6172740088378291,0.3827259911621709,0.044833781696636814,False,True
32,5,Jason Mraz,Daniella Karagach,0.1169342016122542,0.1510576418545214,0.6172740088378291,0.3827259911621709,0.12999412910083902,False,False
32,5,Lele Pons,Brandon Armstrong,0.0968425281797679,0.0937053887506091,0.6172740088378291,0.3827259911621709,0.09564186338232918,False,False
32,5,Mira Sorvino,Gleb Savchenko,0.0965524755156508,0.0988460215066044,0.6172740088378291,0.3827259911621709,0.09743027517831454,True,False
32,5,Xochitl Gomez,Valentin Chmerkovskiy,0.1057963038165019,0.1716693436544478,0.6172740088378291,0.3827259911621709,0.13100762827934492,False,False
32,7,Ariana Madix,Pasha Pashkov,0.1281692694872517,0.2180426465099708,0.6671039324311766,0.3328960675688234,0.15808776327724516,False,False
32,7,Barry Williams,Peta Murgatroyd,0.124051529384454,0.0,0.6671039324311766,0.3328960675688234,0.08275526307647092,False,True
32,7,Charity Lawson,Artem Chigvintsev,0.1252015274021272,0.1789191333539916,0.6671039324311766,0.3328960675688234,0.14308390718271446,False,False
32,7,Jason Mraz,Daniella Karagach,0.133732342533294,0.2015325054804496,0.6671039324311766,0.3328960675688234,0.15630275015892753,False,False
32,7,Lele Pons,Brandon Armstrong,0.1269636228740477,0.1165338628713742,0.6671039324311766,0.3328960675688234,0.12349159678347109,True,False
32,7,Xochitl Gomez,Valentin Chmerkovskiy,0.120492339133137,0.2605952153835749,0.6671039324311766,0.3328960675688234,0.16713203569198926,False,False
33,2,Anna Delvey,Ezra Sosa,0.0649101215772989,0.0266173705317238,0.5374427207696759,0.4625572792303241,0.04719753083941354,True,True
33,2,Brooks Nader,Gleb Savchenko,0.076348028512294,0.0475361292602095,0.5374427207696759,0.4625572792303241,0.06302087478479158,False,False
33,2,Chandler Kinney,Brandon Armstrong,0.0858361728585796,0.1190107503984951,0.5374427207696759,0.4625572792303241,0.10118131518505832,False,False
33,2,Danny Amendola,Witney Carson,0.0800653485449655,0.1018528978937731,0.5374427207696759,0.4625572792303241,0.09014333809284636,False,False
33,2,Dwight Howard ,Daniella Karagach,0.0836682898428449,0.1233228309667898,0.5374427207696759,0.4625572792303241,0.10201078649426384,False,False
33,2,Eric Roberts,Britt Stewart,0.0627826715342015,0.0414451427989159,0.5374427207696759,0.4625572792303241,0.05291284229690894,False,False
33,2,Ilona Maher,Alan Bersten,0.0800653485449655,0.0998398287603609,0.5374427207696759,0.4625572792303241,0.08921217831159267,False,False
33,2,Jenn Tran,Sasha Farber,0.0727450872144145,0.067598375424385,0.5374427207696759,0.4625572792303241,0.07036443821183583,False,False
33,2,Joey Graziadei,Jenna Johnson,0.0836682898428449,0.1205598954452386,0.5374427207696759,0.4625572792303241,0.1007327705567263,False,False
33,2,Phaedra Parks,Val Chmerkovskiy,0.0859344916594504,0.087407206713168,0.5374427207696759,0.4625572792303241,0.08661570672777955,False,False
33,2,Reginald VelJohnson,Emma Slater,0.0627826715342015,0.0,0.5374427207696759,0.4625572792303241,0.03374208980653014,False,True
33,2,Stephen Nedoroscik,Rylee Arnold,0.0836682898428449,0.1131499055002539,0.5374427207696759,0.4625572792303241,0.09730522576865014,False,False
33,2,Tori Spelling,Pasha Pashkov,0.0775251884910933,0.0516596663066858,0.5374427207696759,0.4625572792303241,0.06556090292360217,True,False
33,3,Brooks Nader,Gleb Savchenko,0.0945264254920523,0.0716528896340809,0.5750826350384236,0.4249173649615764,0.08480706290792896,False,False
33,3,Chandler Kinney,Brandon Armstrong,0.100315920680198,0.1381075611201569,0.5750826350384236,0.4249173649615764,0.1163742449535207,False,False
33,3,Danny Amendola,Witney Carson,0.0929032446975607,0.1028921840458415,0.5750826350384236,0.4249173649615764,0.09714771848419318,False,False
33,3,Dwight Howard ,Daniella Karagach,0.0807293861131482,0.0878864670934203,0.5750826350384236,0.4249173649615764,0.08377055410410203,False,False
33,3,Eric Roberts,Britt Stewart,0.0783519039951337,0.0,0.5750826350384236,0.4249173649615764,0.04505881940979908,True,True
33,3,Ilona Maher,Alan Bersten,0.086744704719632,0.09385088459145,0.5750826350384236,0.4249173649615764,0.0897642439457079,False,False
33,3,Jenn Tran,Sasha Farber,0.0964360490294336,0.1377865619080054,0.5750826350384236,0.4249173649615764,0.11400660000160606,False,False
33,3,Joey Graziadei,Jenna Johnson,0.1086576480709944,0.1632561787994346,0.5750826350384236,0.4249173649615764,0.13185751187889688,False,False
33,3,Phaedra Parks,Val Chmerkovskiy,0.093564634484457,0.0663627048501539,0.5750826350384236,0.4249173649615764,0.0820060622223787,False,False
33,3,Stephen Nedoroscik,Rylee Arnold,0.0962450872008405,0.1297153499641825,0.5750826350384236,0.4249173649615764,0.11046718305881134,False,False
33,4,Brooks Nader,Gleb Savchenko,0.1088569090831382,0.0,0.6042249774968752,0.3957750225031248,0.06577406344113858,True,False
33,4,Chandler Kinney,Brandon Armstrong,0.1021150604522181,0.0330602076437104,0.6042249774968752,0.3957750225031248,0.074784874527981,False,False
33,4,Danny Amendola,Witney Carson,0.1224640227185305,0.2434715131860168,0.6042249774968752,0.3957750225031248,0.17035576498134658,False,False
33,4,Dwight Howard ,Daniella Karagach,0.0979712263389946,0.0056434075323408,0.6042249774968752,0.3957750225031248,0.061430181773126764,False,True
33,4,Ilona Maher,Alan Bersten,0.1088569090831382,0.1391012133329862,0.6042249774968752,0.3957750225031248,0.12082684927821316,False,False
33,4,Jenn Tran,Sasha Farber,0.1088569090831382,0.0981943983155848,0.6042249774968752,0.3957750225031248,0.10463695364416994,False,False
33,4,Joey Graziadei,Jenna Johnson,0.1224640227185305,0.2447615865329288,0.6042249774968752,0.3957750225031248,0.17086634378925133,False,False
33,4,Phaedra Parks,Val Chmerkovskiy,0.1168366005479245,0.0941175897839622,0.6042249774968752,0.3957750225031248,0.10784498355156859,False,False
33,4,Stephen Nedoroscik,Rylee Arnold,0.1115783399743868,0.1416500836724697,0.6042249774968752,0.3957750225031248,0.12347998501320376,False,False
33,5,Chandler Kinney,Brandon Armstrong,0.12534663411083,0.2027010947254659,0.6390997170202517,0.3609002829797483,0.1532638808363979,False,False
33,5,Danny Amendola,Witney Carson,0.1261988195682351,0.1665193414747149,0.6390997170202517,0.3609002829797483,0.1407505073341748,False,False
33,5,Ilona Maher,Alan Bersten,0.1286114451734797,0.1728400328945862,0.6390997170202517,0.3609002829797483,0.14457355499782165,False,False
33,5,Jenn Tran,Sasha Farber,0.1261988195682351,0.1518255504289859,0.6390997170202517,0.3609002829797483,0.13544751398772592,False,False
33,5,Joey Graziadei,Jenna Johnson,0.1286114451734797,0.1986850942539565,0.6390997170202517,0.3609002829797483,0.15390104495604734,False,False
33,5,Phaedra Parks,Val Chmerkovskiy,0.1274821172184741,0.0083306857418368,0.6390997170202517,0.3609002829797483,0.0844803318811136,True,False
33,5,Stephen Nedoroscik,Rylee Arnold,0.118775359593633,0.0,0.6390997170202517,0.3609002829797483,0.0759092987052695,False,True
33,6,Chandler Kinney,Brandon Armstrong,0.1476638134394854,0.2135144309901654,0.6616158554894247,0.3383841445105753,0.16994661832486532,False,False
33,6,Danny Amendola,Witney Carson,0.1370461382501133,0.134027079033188,0.6616158554894247,0.3383841445105753,0.13602453647976728,False,False
33,6,Ilona Maher,Alan Bersten,0.1177836094830486,0.0,0.6616158554894247,0.3383841445105753,0.07792750355075952,False,True
33,6,Jenn Tran,Sasha Farber,0.1517690894354944,0.1926500635602804,0.6616158554894247,0.3383841445105753,0.16560256289146907,True,False
33,6,Joey Graziadei,Jenna Johnson,0.1569221217062504,0.2403608036766058,0.6616158554894247,0.3383841445105753,0.18515644872387907,False,False
34,2,Alix Earle,Val Chmerkovskiy (Joey Graziadei week 9),0.0704949935619833,0.0975770617231909,0.5621707409965736,0.4378292590034264,0.0823523153972851,False,False
34,2,Andy Richter,Emma Slater/Kaitlyn Bristowe (week 9),0.0621935498826549,0.0,0.5621707409965736,0.4378292590034264,0.03496339402273947,False,True
34,2,Baron Davis,Britt Stewart,0.0691354189811959,0.0534273842675506,0.5621707409965736,0.4378292590034264,0.06225798178212048,True,False
34,2,Corey Feldman,Jenna Johnson,0.0576128491509966,0.0165013536688892,0.5621707409965736,0.4378292590034264,0.03961303354754281,True,True
34,2,Danielle Fishel,Pasha Pashkov,0.0677876643374629,0.0460117117640762,0.5621707409965736,0.4378292590034264,0.058253515158163245,False,False
34,2,Dylan Efron,Daniella Karagach (Rumer Willis week 9),0.071468441981473,0.0627933446882908,0.5621707409965736,0.4378292590034264,0.0676702305618164,False,False
34,2,Elaine Hendrix,Alan Bersten (Rashad Jennings week 9),0.081921610083262,0.0798130157932108,0.5621707409965736,0.4378292590034264,0.08099840580771003,False,False
34,2,Hilaria Baldwin,Gleb Savchenko,0.0751492196254831,0.0774410461892959,0.5621707409965736,0.4378292590034264,0.07615264835168162,False,False
34,2,Jen Affleck,Jan Ravnik,0.0785232671411034,0.0962231202448604,0.5621707409965736,0.4378292590034264,0.08627278070999082,False,False
34,2,Jordan Chiles,Ezra Sosa (Apolo Anton Ohno week 9),0.0736600757687827,0.1136608061489203,0.5621707409965736,0.4378292590034264,0.09117356591071418,False,False
34,2,Lauren Jauregui,Brandon Armstrong,0.0751492196254831,0.0809582424210519,0.5621707409965736,0.4378292590034264,0.07769257977160099,False,False
34,2,Robert Irwin,Witney Carson (Xoshitl Gomez week 9),0.0736600757687827,0.1159712904666168,0.5621707409965736,0.4378292590034264,0.09218516354747028,False,False
34,2,Scott Hoying,Rylee Arnold,0.0644136168218427,0.0523722314786352,0.5621707409965736,0.4378292590034264,0.059141545999651435,False,False
34,2,Whitney Leavitt,Mark Ballas,0.0788299972694932,0.1072493911454105,0.5621707409965736,0.4378292590034264,0.0912728394315126,False,False
34,3,Alix Earle,Val Chmerkovskiy (Joey Graziadei week 9),0.0842319462505419,0.1352980003048465,0.5865746439330026,0.4134253560669974,0.1053439478308793,False,False
34,3,Danielle Fishel,Pasha Pashkov,0.0819850175827593,0.0300472530171125,0.5865746439330026,0.4134253560669974,0.060512628773882894,False,False
34,3,Dylan Efron,Daniella Karagach (Rumer Willis week 9),0.0899883160398122,0.117597969338612,0.5865746439330026,0.4134253560669974,0.10140284678575484,False,False
34,3,Elaine Hendrix,Alan Bersten (Rashad Jennings week 9),0.0893734449480121,0.079775333704614,0.5865746439330026,0.4134253560669974,0.0854053423896396,False,False
34,3,Hilaria Baldwin,Gleb Savchenko,0.0858890660390812,0.0960867092198017,0.5865746439330026,0.4134253560669974,0.09010503030211475,False,False
34,3,Jen Affleck,Jan Ravnik,0.0739817191257064,0.0266961570470116,0.5865746439330026,0.4134253560669974,0.054432668786493894,False,False
34,3,Jordan Chiles,Ezra Sosa (Apolo Anton Ohno week 9),0.0878942047831742,0.1470501228012479,0.5865746439330026,0.4134253560669974,0.11235076125326643,False,False
34,3,Lauren Jauregui,Brandon Armstrong,0.0702728722137937,0.0,0.5865746439330026,0.4134253560669974,0.04122028499695544,True,True
34,3,Robert Irwin,Witney Carson (Xoshitl Gomez week 9),0.0803865756152825,0.1246181005604478,0.5865746439330026,0.4134253560669974,0.09867300956512373,False,False
34,3,Scott Hoying,Rylee Arnold,0.085693864494672,0.082335445979691,0.5865746439330026,0.4134253560669974,0.08430540912429399,False,False
34,3,Whitney Leavitt,Mark Ballas,0.0936971629517249,0.139518340616858,0.5865746439330026,0.4134253560669974,0.1126407996433417,False,False
34,4,Alix Earle,Val Chmerkovskiy (Joey Graziadei week 9),0.0909683055915425,0.138662959327471,0.6158286492546681,0.38417135074533193,0.10929122514060505,False,False
34,4,Danielle Fishel,Pasha Pashkov,0.0848524445018262,0.0312166059909621,0.6158286492546681,0.38417135074533193,0.06424709197274905,False,True
34,4,Dylan Efron,Daniella Karagach (Rumer Willis week 9),0.093095252596256,0.0931713887308815,0.6158286492546681,0.38417135074533193,0.09312450191793561,False,False
34,4,Elaine Hendrix,Alan Bersten (Rashad Jennings week 9),0.1057134653690393,0.1198829638289785,0.6158286492546681,0.38417135074533193,0.11115698073177804,False,False
34,4,Hilaria Baldwin,Gleb Savchenko,0.0928528182405865,0.0957237415970091,0.6158286492546681,0.38417135074533193,0.09395574474430969,True,False
34,4,Jen Affleck,Jan Ravnik,0.093095252596256,0.0692116152249268,0.6158286492546681,0.38417135074533193,0.08391984336660077,False,False
34,4,Jordan Chiles,Ezra Sosa (Apolo Anton Ohno week 9),0.0909683055915425,0.1373852673283711,0.6158286492546681,0.38417135074533193,0.10880037247947433,False,False
34,4,Robert Irwin,Witney Carson (Xoshitl Gomez week 9),0.0834634200049979,0.107875684416988,0.6158286492546681,0.38417135074533193,0.09284191259890434,False,False
34,4,Scott Hoying,Rylee Arnold,0.0848524445018262,0.0694971042623726,0.6158286492546681,0.38417135074533193,0.07895336270088116,False,False
34,4,Whitney Leavitt,Mark Ballas,0.1008531919793468,0.1373726692920389,0.6158286492546681,0.38417135074533193,0.11488292890707723,False,False
34,6,Alix Earle,Val Chmerkovskiy (Joey Graziadei week 9),0.096773878605247,0.1218077962992186,0.6526817020415284,0.3473182979584716,0.10546861628994969,False,False
34,6,Dylan Efron,Daniella Karagach (Rumer Willis week 9),0.0943205406208749,0.0842378998931966,0.6526817020415284,0.3473182979584716,0.09081865500441091,False,False
34,6,Elaine Hendrix,Alan Bersten (Rashad Jennings week 9),0.1156732154220041,0.1178816646385932,0.6526817020415284,0.3473182979584716,0.11644025024503754,False,False
34,6,Jen Affleck,Jan Ravnik,0.0943205406208749,0.0394721581450792,0.6526817020415284,0.3473182979584716,0.07527069377360628,False,False
34,6,Jordan Chiles,Ezra Sosa (Apolo Anton Ohno week 9),0.1082024103828004,0.1757586723286925,0.6526817020415284,0.3473182979584716,0.1316659362982843,False,False
34,6,Robert Irwin,Witney Carson (Xoshitl Gomez week 9),0.0995388465653969,0.1567208914297423,0.6526817020415284,0.3473182979584716,0.1193992170614663,False,False
34,6,Scott Hoying,Rylee Arnold,0.0825304730432655,0.0348266416258862,0.6526817020415284,0.3473182979584716,0.06596205950928345,True,True
34,6,Whitney Leavitt,Mark Ballas,0.1153461585142807,0.1636664099874418,0.6526817020415284,0.3473182979584716,0.13212866601286435,False,False
34,7,Alix Earle,Val Chmerkovskiy (Joey Graziadei week 9),0.1223692975173513,0.2161149437160668,0.6709175922343602,0.3290824077656398,0.15321934048597038,False,False
34,7,Dylan Efron,Daniella Karagach (Rumer Willis week 9),0.1152940545213337,0.1408624462784088,0.6709175922343602,0.3290824077656398,0.12370816244344712,False,False
34,7,Elaine Hendrix,Alan Bersten (Rashad Jennings week 9),0.1057280903566143,0.041574779567036,0.6709175922343602,0.3290824077656398,0.08461636437584248,False,False
34,7,Jen Affleck,Jan Ravnik,0.103049365629979,0.0397370011503246,0.6709175922343602,0.3290824077656398,0.08221438028567857,True,True
34,7,Jordan Chiles,Ezra Sosa (Apolo Anton Ohno week 9),0.1080398076490945,0.1693625684879137,0.6709175922343602,0.3290824077656398,0.1282200494367696,False,False
34,7,Robert Irwin,Witney Carson (Xoshitl Gomez week 9),0.1165692661477072,0.189536908201513,0.6709175922343602,0.3290824077656398,0.14058163348375496,False,False
34,7,Whitney Leavitt,Mark Ballas,0.1271750410786169,0.1692039535990655,0.6709175922343602,0.3290824077656398,0.14100601680661756,False,False
34,10,Alix Earle,Val Chmerkovskiy (Joey Graziadei week 9),0.160751857459845,0.2640179154357136,0.7311560688652372,0.2688439311347628,0.18851431043886785,False,False
34,10,Dylan Efron,Daniella Karagach (Rumer Willis week 9),0.1625884443538244,0.0249140105762768,0.7311560688652372,0.2688439311347628,0.12557550836031595,False,True
34,10,Elaine Hendrix,Alan Bersten (Rashad Jennings week 9),0.1836191406152174,0.0,0.7311560688652372,0.2688439311347628,0.13425424902063557,False,False
34,10,Jordan Chiles,Ezra Sosa (Apolo Anton Ohno week 9),0.1580075162386413,0.1833317996271779,0.7311560688652372,0.2688439311347628,0.16481579613798625,False,False
34,10,Robert Irwin,Witney Carson (Xoshitl Gomez week 9),0.1635793600826292,0.3111884911523614,0.7311560688652372,0.2688439311347628,0.20326317915080244,False,False
34,10,Whitney Leavitt,Mark Ballas,0.1714536812498424,0.2165477832084701,0.7311560688652372,0.2688439311347628,0.18357695689139167,True,False
